Symbol,Score,Trend,Quality,Slope,Smoothness,Volatility,Max Drawdown,Trend Alignment,Relative Strength,Momentum,Sortino Ratio,Calmar Ratio,Information Ratio,Beta,Alpha,Strength,Stability,Risk,Outperformance,Confidence,Summary
BNY,0.9361981118461095,Up,excellent,0.5937388321540094,0.9162284426424782,0.21344942940124945,-0.10148107515085027,0.9120689655172413,0.2967483053410158,0.3882342896174863,2.700022651037192,5.850734546036534,1.5514088088040041,0.7630372222022479,0.4420531543353489,1,0.8946647919199897,0.8278769609186793,0.9975876230517755,0.958114221321239,"Uptrend is excellent and very smooth (R² 92%), drawdown moderate (-10.1%), volatility moderate (21%), 91% days above EMA, outperforming benchmark."
CSX,0.9303936980527759,Up,excellent,0.5982053725936869,0.931978620320169,0.22265276018126562,-0.11582117211026176,0.9219211822660099,0.27524661813620177,0.21566683192860672,2.880752859050329,5.1649051869738924,1.2325511521046637,0.47899473223786126,0.4548021555087922,0.9436684432325235,0.8933365499788188,0.8186123262240986,0.9297992314815069,0.9659893101600845,"Uptrend is excellent and very smooth (R² 93%), drawdown moderate (-11.6%), volatility moderate (22%), 92% days above EMA, outperforming benchmark."
TGT,0.9218024226893659,Up,excellent,0.8669137463769041,0.944052169510863,0.3046453136530977,-0.14411373631993443,0.9810344827586206,0.38959225135385256,0.3110793062805185,2.922779609144368,6.015483107400282,1.2675470910116848,0.4268267012009775,0.649740720484187,1,0.8173807711023338,0.6872234716028005,0.9535094182023369,0.9720260847554314,"Uptrend is excellent and very smooth (R² 94%), drawdown moderate (-14.4%), volatility moderate (30%), 98% days above EMA, outperforming benchmark."
STT,0.9184928451128879,Up,excellent,0.7874088102111083,0.8950815438688349,0.24871979122598079,-0.11791033824932126,0.8972906403940887,0.39629440679229055,0.5182539682539683,2.898161892509395,6.678030288965276,1.918297407157499,1.0708913833848897,0.5565991257643675,1,0.8488209807084367,0.7514420063483366,1,0.9475407719344173,"Uptrend is excellent and very smooth (R² 90%), drawdown moderate (-11.8%), volatility moderate (25%), 90% days above EMA, outperforming benchmark."
TRGP,0.913757948847913,Up,excellent,1.0305025075494125,0.9193322115886371,0.29245496692133555,-0.16011252081060903,0.9761083743842365,0.43009066539213836,0.23418738373076278,3.469276904301962,6.436114442095096,1.3124001634465043,-0.18846384046104092,0.8211506622794701,0.9559846101809573,0.817211138872983,0.6627945347789637,0.9624800326893008,0.9596661057943185,"Uptrend is excellent and very smooth (R² 92%), drawdown moderate (-16.0%), volatility moderate (29%), 98% days above EMA, outperforming benchmark."
VLO,0.9065523157402512,Up,excellent,1.2702938997841073,0.9246488803737943,0.361783298302924,-0.1266785309820418,0.9465517241379311,0.7385125107123302,0.668167063406189,3.866900665561244,10.027696800211448,1.877692537027823,-0.2586368240410459,1.482423091603897,1,0.7505411418839731,0.6814777991864301,1,0.9623244401868971,"Uptrend is excellent and very smooth (R² 92%), drawdown moderate (-12.7%), volatility high (36%), 95% days above EMA, outperforming benchmark."
WAB,0.9062064249126673,Up,excellent,0.5745009943769102,0.909169018927995,0.26419553478021246,-0.1084674069038446,0.8775862068965518,0.24079708831970711,0.13944790015042477,2.4060980115172628,5.296531103451199,1.0507669554141752,1.010945687913611,0.3161823542015015,0.8894479001504247,0.840388974683785,0.7985301480439543,0.8705334548154403,0.9545845094639975,"Uptrend is excellent and very smooth (R² 91%), drawdown moderate (-10.8%), volatility moderate (26%), 88% days above EMA, outperforming benchmark."
NTRS,0.9055714455219582,Up,excellent,0.5523010330582738,0.8961920392791827,0.24642018802371304,-0.12874677002583984,0.9120689655172413,0.23737223784977532,0.3285308729595457,2.2296077838915487,4.289824381205256,1.1088337722868733,0.9402069531236492,0.3226047798208913,1,0.8516758316158783,0.7591676522390344,0.8798692926274753,0.9480960196395913,"Uptrend is excellent and very smooth (R² 90%), drawdown moderate (-12.9%), volatility moderate (25%), 91% days above EMA, outperforming benchmark."
JNJ,0.9029213108596857,Up,excellent,0.4681916086534803,0.8413754730456919,0.19169377063898976,-0.10959124557450921,0.882512315270936,0.2654286424261334,0.09613564344211702,2.6102899423154198,4.2721624907088485,1.0956432496712338,-0.1790036206066101,0.5467830660340817,0.8302314477688572,0.8789939658838563,0.8562492988840182,0.8958886971476254,0.9206877365228459,"Uptrend is excellent and very smooth (R² 84%), drawdown moderate (-11.0%), volatility low (19%), 88% days above EMA, outperforming benchmark."
PFG,0.9010636364204803,Up,excellent,0.46969401857027493,0.9015807605516147,0.22722857220876605,-0.12748717948717955,0.9416256157635468,0.21159049956115186,0.30340136054421757,2.104121045546574,3.684245117506177,0.9861699066256521,0.6584626652422656,0.3307238621782429,0.9848470092851375,0.8735618080670413,0.7855434712225571,0.8381916635332964,0.9507903802758073,"Uptrend is excellent and very smooth (R² 90%), drawdown moderate (-12.7%), volatility moderate (23%), 94% days above EMA, outperforming benchmark."
FDX,0.9003802256132911,Up,excellent,0.8767499169479993,0.8508464517297556,0.2841158868611282,-0.12027216969077445,0.8874384236453201,0.38903230620083407,0.07070498952645868,3.1133026430254636,7.289715644127528,1.5051067175435418,0.9053562621805835,0.5709480397997012,0.8207049895264587,0.7913073390037496,0.7379776470362001,1,0.9254232258648778,"Uptrend is excellent and very smooth (R² 85%), drawdown moderate (-12.0%), volatility moderate (28%), 89% days above EMA, outperforming benchmark."
ROST,0.8965561595168507,Up,excellent,0.6819233516509842,0.8992337089559874,0.26131440195504924,-0.1303460625494523,0.8374384236453202,0.2625832247353418,0.059238032602057525,2.7941057790230035,5.23163752178757,1.0366680856538038,0.6095085523725179,0.41421260089080086,0.8092380326020575,0.8383024525229446,0.7604230910527923,0.8822014615797631,0.9496168544779937,"Uptrend is excellent and very smooth (R² 90%), drawdown moderate (-13.0%), volatility moderate (26%), 84% days above EMA, outperforming benchmark."
MRK,0.8951910660803224,Up,excellent,0.6657246490571622,0.8413372042093662,0.30243249013772544,-0.11901880093601226,0.8874384236453201,0.3934653716846993,0.24524567593150345,2.814738436991622,5.593441068315533,1.2365412115943446,0.17905279620784528,0.6967359077580257,0.9633383744944498,0.7682361119669576,0.7849579398629175,0.9473082423188689,0.920668602104683,"Uptrend is excellent and very smooth (R² 84%), drawdown moderate (-11.9%), volatility moderate (30%), 89% days above EMA, outperforming benchmark."
IEX,0.8875421381070069,Up,excellent,0.49010347639324836,0.9006558030466291,0.22389615535492272,-0.14488768757572934,0.8923645320197043,0.17391374496468257,0.13872891814068294,2.431768549753192,3.3826440644729248,0.8365617842347581,0.6989255830147629,0.27077092699351785,0.8837806563373072,0.8764317461683919,0.7811264771327365,0.7832149972484655,0.9503279015233146,"Uptrend is excellent and very smooth (R² 90%), drawdown moderate (-14.5%), volatility moderate (22%), 89% days above EMA, outperforming benchmark."
NUE,0.8834619070481036,Up,excellent,1.0909095682745438,0.9021709497615159,0.3165363078376362,-0.18434317457051733,0.8775862068965518,0.4379917215841346,0.48687503637739366,3.4369718885470095,5.917819147989311,1.5043035922449584,0.9467308064298091,0.6507859999339637,1,0.7845491670431217,0.6060809637858064,1,0.951085474880758,"Uptrend is excellent and very smooth (R² 90%), drawdown moderate (-18.4%), volatility moderate (32%), 88% days above EMA, outperforming benchmark."
PSX,0.8787293327517146,Up,excellent,0.8285832984170096,0.860689935044946,0.30868187734526625,-0.17277459103462928,0.8677339901477832,0.5264435863249881,0.5251327433628318,2.90585224956175,4.795747415491994,1.527262823779006,-0.2416987427486812,1.0116703632076836,1,0.7716630901772068,0.6556951580407488,1,0.9303449675224729,"Uptrend is excellent and very smooth (R² 86%), drawdown moderate (-17.3%), volatility moderate (31%), 87% days above EMA, outperforming benchmark."
ADM,0.8684072584801753,Up,excellent,0.5013390310101387,0.856018538584606,0.27582646914325526,-0.12288135593220328,0.798768472906404,0.19720792198298562,0.22702244811520542,1.8558530516536038,4.079862459254925,0.6436827289145729,-0.06154958387288062,0.4272116190666432,0.9512199279966116,0.8021828001490477,0.7455385654829688,0.7601298139016,0.928009269292303,"Uptrend is excellent and very smooth (R² 86%), drawdown moderate (-12.3%), volatility moderate (28%), 80% days above EMA, outperforming benchmark."
VTRS,0.8683519517798663,Up,excellent,0.8696596464654514,0.8664620132062009,0.31962669061408966,-0.19652820830750145,0.8529556650246306,0.3196669686884863,0.17251252684323537,2.8483929225395404,4.425113595421999,1.04234309397087,0.7228986944009186,0.48503605048047294,0.9149708303507516,0.7636043159890108,0.5998917883228176,0.908468618794174,0.9332310066031004,"Uptrend is excellent and very smooth (R² 87%), drawdown moderate (-19.7%), volatility moderate (32%), 85% days above EMA, outperforming benchmark."
JBHT,0.8675600358878235,Up,excellent,1.1056814763727156,0.8832021372753923,0.3743585505428158,-0.1586923207900562,0.8226600985221676,0.5207170870633034,0.27319832667807553,3.681133546692999,6.967454196069697,1.4391584208562227,0.7479857074280364,0.8394041323547878,0.9819268872409203,0.7172425180948804,0.661597116831722,0.9878316841712446,0.9416010686376961,"Uptrend is excellent and very smooth (R² 88%), drawdown moderate (-15.9%), volatility high (37%), 82% days above EMA, outperforming benchmark."
BIIB,0.8592298355261468,Up,excellent,0.4605661560711414,0.8297683440083283,0.35194306224565874,-0.14335421016005567,0.907142857142857,0.2624299089165849,0.13098488030239405,1.411309837870866,3.212784302302088,0.7323923395332035,0.33174254130137204,0.459154630866465,0.8612679583379648,0.7129411097585054,0.6586291782161501,0.8212443573361697,0.914884172004164,"Uptrend is excellent and very smooth (R² 83%), drawdown moderate (-14.3%), volatility high (35%), 91% days above EMA, outperforming benchmark."
KO,0.8552006405910825,Up,excellent,0.33514541097399975,0.8981790704301059,0.18777346031917835,-0.08496812162824922,0.9268472906403942,0.10845350110645827,0.13139250289836407,2.0543026996333347,3.944366481823866,0.44372945265093156,-0.25610878931121756,0.3380330719372213,0.798965208385364,0.9113160748958746,0.9169206079593333,0.6528264463715514,0.949089535215053,"Uptrend is excellent and very smooth (R² 90%), drawdown shallow (-8.5%), volatility low (19%), 93% days above EMA, outperforming benchmark."
GWW,0.8511044669880611,Up,excellent,0.5214750541934308,0.8818549303861165,0.23630975105772153,-0.13349189584771343,0.7881773399014779,0.09605466297158163,0.14498104440382173,2.398493441937981,3.9064173213055997,0.4130720911175136,0.5405074392981877,0.1924363924133592,0.8949810444038218,0.8546177141353367,0.7823444034527212,0.637361872083333,0.9409274651930581,"Uptrend is excellent and very smooth (R² 88%), drawdown moderate (-13.3%), volatility moderate (24%), 79% days above EMA, outperforming benchmark."
NDSN,0.8507190171578274,Up,excellent,0.41648701255990006,0.8501954226481985,0.22005533515746722,-0.1441077216078051,0.862807881773399,0.16782471232101623,0.12335123680075995,2.027566569246242,2.89010892624745,0.8838380231589046,0.8660375140514327,0.2351547091629639,0.83159474308071,0.855042376166632,0.7784261668256793,0.7886210383252568,0.9250977113240992,"Uptrend is excellent and very smooth (R² 85%), drawdown moderate (-14.4%), volatility moderate (22%), 86% days above EMA, outperforming benchmark."
CSCO,0.8501003989127542,Up,excellent,0.909695395289368,0.8272769718898445,0.3391273835405481,-0.17353846153846156,0.7635467980295566,0.3054224173043302,0.3756722151088349,2.547161124003751,5.242039068600081,0.9776648180108664,1.0039846496086458,0.41656490755444986,1,0.7245111024043742,0.5825514159298484,0.8955329636021733,0.9136384859449223,"Uptrend is excellent and very smooth (R² 83%), drawdown moderate (-17.4%), volatility moderate (34%), 76% days above EMA, outperforming benchmark."
BEN,0.8494197960093152,Up,excellent,0.6289106756433045,0.8246308287543771,0.28020253606647944,-0.19211647727272727,0.8874384236453201,0.17532991030955272,0.3480176211453744,2.136559690900636,3.2735905039030415,0.7500332356905167,1.209936235503966,0.18963163563131288,1,0.7821128783107092,0.6174685767535184,0.7668510374939559,0.9123154143771885,"Uptrend is excellent and very smooth (R² 82%), drawdown moderate (-19.2%), volatility moderate (28%), 89% days above EMA, outperforming benchmark."
MPC,0.8491205814094762,Up,excellent,1.0285834508432266,0.8017765357480631,0.34265558353348946,-0.18737820416729126,0.8233990147783251,0.6199382665525314,0.7307047719855341,3.0510261084198045,5.489344160460131,1.6763060472369378,-0.1195535444909198,1.1859126999522143,1,0.7082326843405421,0.5818056373778697,1,0.9008882678740315,"Uptrend is excellent and very smooth (R² 80%), drawdown moderate (-18.7%), volatility moderate (34%), 82% days above EMA, outperforming benchmark."
WELL,0.8472616697628985,Up,excellent,0.39991304397246896,0.8453877518429895,0.2289330701968143,-0.1261166074344443,0.8283251231527095,0.1880101954854619,0.1479569473530414,1.6472906386390314,3.1709784469134616,0.7179595007447682,-0.006323908169516622,0.4052031719386478,0.8479134693392759,0.8437608057246805,0.7680549093839061,0.7688686801467859,0.9226938759214947,"Uptrend is excellent and very smooth (R² 85%), drawdown moderate (-12.6%), volatility moderate (23%), 83% days above EMA, outperforming benchmark."
FANG,0.8454393705674509,Up,excellent,0.5437397899293397,0.8298264581317996,0.316485180382196,-0.1952828864242594,0.8283251231527095,0.23575043845564694,0.16276041666666669,1.746247076768513,2.7843698947999194,0.6564625962163665,-0.40395081374570585,0.5388136312567025,0.9084856770833334,0.7484280486837038,0.5956994641193332,0.7883165608162785,0.9149132290658997,"Uptrend is excellent and very smooth (R² 83%), drawdown moderate (-19.5%), volatility moderate (32%), 83% days above EMA, outperforming benchmark."
C,0.841030034284159,Up,excellent,0.4587655062552911,0.8230500542252548,0.29158034166048324,-0.1476125070695645,0.8036945812807882,0.20431581365097037,0.26843117501602715,1.4800376918420672,3.107904034439923,0.8546526916897703,1.330508320221205,0.21096149308702297,0.9581394845133037,0.7699446854521441,0.6686124400981788,0.8070505544158494,0.9115250271126274,"Uptrend is excellent and very smooth (R² 82%), drawdown moderate (-14.8%), volatility moderate (29%), 80% days above EMA, outperforming benchmark."
EXPD,0.8398697020738595,Up,excellent,0.4592595175281744,0.7359811162484637,0.31032772707825385,-0.15880998545807065,0.8381773399014779,0.2947496923988202,0.34450678218876496,1.3756435777739646,2.8918806094181595,0.9546028087349914,0.5062160530920048,0.48068225976225143,0.9796297587640872,0.707662831045978,0.6279343609670536,0.8871791071922137,0.8679905581242318,"Uptrend is excellent and smooth (R² 74%), drawdown moderate (-15.9%), volatility moderate (31%), 84% days above EMA, outperforming benchmark."
STLD,0.8390727047681988,Up,excellent,0.9484360441071977,0.8630633851067729,0.36385211000045364,-0.22549158296788793,0.7536945812807881,0.43006350091237333,0.28666015413003376,2.588653527542325,4.206081804136626,1.2956734566387882,1.146430130596772,0.6039990417527621,0.9908790024964724,0.7176795825529328,0.5144993176495201,0.9591346913277576,0.9315316925533865,"Uptrend is excellent and very smooth (R² 86%), drawdown deep (-22.5%), volatility high (36%), 75% days above EMA, outperforming benchmark."
HST,0.8357240474651348,Up,excellent,0.5290372607980023,0.853138629836755,0.25371073601196964,-0.1527016444792482,0.8177339901477833,0.07996287840594876,0.15372589890568,2.0634588772065645,3.464515805328457,0.33077104354928694,0.6654542449254847,0.15159656596603432,0.9024777227722772,0.8228585789064079,0.7145638143508074,0.6130399827608775,0.9265693149183776,"Uptrend is excellent and very smooth (R² 85%), drawdown moderate (-15.3%), volatility moderate (25%), 82% days above EMA, outperforming benchmark."
UNP,0.835533877897806,Up,excellent,0.38303709944402553,0.8527976349282571,0.22318994985996932,-0.1228227890774245,0.843103448275862,0.1336084351092959,0.13806698259726796,1.745008561681249,3.1186158718686015,0.5611722343523173,0.2780770110990154,0.2843120580305858,0.8295855323192807,0.8532088676041593,0.7962613922479818,0.6958428819797593,0.9263988174641284,"Uptrend is excellent and very smooth (R² 85%), drawdown moderate (-12.3%), volatility moderate (22%), 84% days above EMA, outperforming benchmark."
KEYS,0.8339353214572308,Up,excellent,1.4017422594006992,0.8496687788887429,0.4278645323497554,-0.2052284780628916,0.7931034482758621,0.49869772604745355,0.14560613522831206,3.4839669865252585,6.830154726241939,1.3432055083202088,1.8368168543496042,0.6194426961496742,0.895606135228312,0.653935990182055,0.49432299950312175,0.9686411016640417,0.9248343894443714,"Uptrend is excellent and very smooth (R² 85%), drawdown deep (-20.5%), volatility high (43%), 79% days above EMA, outperforming benchmark."
CAT,0.8260169839453386,Up,excellent,1.038128363842762,0.8386419041258424,0.3947511597582453,-0.2683256643816322,0.7832512315270936,0.49359039684254435,0.13766446671094837,2.7223987562061986,3.868911929222919,1.4614336556740446,1.7375580678079494,0.6257752046900062,0.8876644667109483,0.6745697923046758,0.46742720405845484,0.9922867311348089,0.9193209520629211,"Uptrend is excellent and very smooth (R² 84%), drawdown deep (-26.8%), volatility high (39%), 78% days above EMA, outperforming benchmark."
OKE,0.8240126382125724,Up,excellent,0.41985890429188366,0.8268994402241295,0.26991773449223455,-0.1296521856814183,0.8381773399014779,0.11609226832610667,0.11613805970149246,1.492855964200573,3.2383480624349987,0.3602615370891269,-0.46391630363077735,0.3818106295075612,0.8260675118474343,0.7935319856198302,0.7242763003787789,0.6521184220350194,0.9134497201120648,"Uptrend is excellent and very smooth (R² 83%), drawdown moderate (-13.0%), volatility moderate (27%), 84% days above EMA, outperforming benchmark."
TRV,0.8234753860662006,Up,excellent,0.35315880887616213,0.7388943728674611,0.20702775140008406,-0.08811238104828557,0.843103448275862,0.1497795142927049,0.22765531062124258,1.9089295279381577,4.008049773193975,0.602822330854256,-0.08676269026917284,0.3654102887542758,0.8782201860012074,0.8124194350336464,0.8887716514915144,0.7203439804635561,0.8694471864337305,"Uptrend is excellent and smooth (R² 74%), drawdown shallow (-8.8%), volatility moderate (21%), 84% days above EMA, outperforming benchmark."
SLB,0.8233382020573905,Up,excellent,0.6773027852266662,0.710466034404514,0.35728669869937235,-0.2227202206516117,0.8578817733990148,0.28748422057268996,0.16275690263649567,2.0510827804417073,3.041047567414777,0.8344287129199996,0.7425748588593903,0.43088185878809404,0.9084833402532697,0.6479463185028846,0.5527426479183607,0.8583127492648388,0.8552330172022569,"Uptrend is excellent and smooth (R² 71%), drawdown deep (-22.3%), volatility high (36%), 86% days above EMA, outperforming benchmark."
XOM,0.822111342989637,Up,excellent,0.48070995470690203,0.7138572835308428,0.25633711532213527,-0.2065084271301102,0.8036945812807882,0.23429273089334937,0.09005145797598613,1.8490010323161878,2.327798247206792,0.7431703158850714,-0.5444913701624198,0.5595163363596383,0.8304064353294371,0.7505915264432861,0.6351350742864803,0.8046887292210916,0.8569286417654214,"Uptrend is excellent and smooth (R² 71%), drawdown deep (-20.7%), volatility moderate (26%), 80% days above EMA, outperforming benchmark."
MNST,0.8173515944927732,Up,excellent,0.4598542351792856,0.7979382175914091,0.26273197203173343,-0.17701361643203328,0.748768472906404,0.1657538286751963,0.11171310629514979,1.827354497591271,2.5978466767038384,0.5934240619021259,0.20874404243251696,0.33919684421930313,0.8416402238847926,0.7862371367639711,0.6828293149424659,0.7291611084494307,0.8989691087957046,"Uptrend is excellent and smooth (R² 80%), drawdown moderate (-17.7%), volatility moderate (26%), 75% days above EMA, outperforming benchmark."
BMY,0.8165523863892551,Up,excellent,0.4387069021175427,0.7400916387869276,0.2757902853623405,-0.13419913419913415,0.8135467980295565,0.15154268483399377,0.06285428476158725,1.7643690000482437,3.269074012553303,0.5268431660770517,0.2776542388730516,0.30853689352050295,0.7822077358203586,0.7442555340311233,0.750053253929742,0.7063945186300162,0.8700458193934637,"Uptrend is excellent and smooth (R² 74%), drawdown moderate (-13.4%), volatility moderate (28%), 81% days above EMA, outperforming benchmark."
FTNT,0.8165112606362843,Up,excellent,1.3077659888443325,0.6895827718611501,0.4054865052250189,-0.14336142108859018,0.7495073891625615,0.5423624529068338,0.9028509822712025,3.5821348721101907,9.122161170795026,1.417703474922017,1.0118933888245523,0.8395663366030798,1,0.5906765070118108,0.6198778154002804,0.9835406949844034,0.8447913859305751,"Uptrend is excellent and smooth (R² 69%), drawdown moderate (-14.3%), volatility high (41%), 75% days above EMA, outperforming benchmark."
EQIX,0.8146149770746159,Up,excellent,0.532021821031982,0.763242772740471,0.24409484885403676,-0.14174773347832764,0.6798029556650246,0.1211308966369121,0.0517551339079338,2.5108875186075474,3.7533003736763444,0.49288687693651645,0.4607066770860773,0.23805820617143914,0.8017551339079338,0.7875265375161988,0.7754924363176763,0.6704195843305638,0.8816213863702356,"Uptrend is excellent and smooth (R² 76%), drawdown moderate (-14.2%), volatility moderate (24%), 68% days above EMA, outperforming benchmark."
CFG,0.8145430327953453,Up,excellent,0.43380778614088,0.8157259244160089,0.26496397230987395,-0.18320610687022906,0.8036945812807882,0.14551983800268317,0.19005298239617155,1.575593119165746,2.3678674993523026,0.6221701955246733,0.9564111260191698,0.18998521995762732,0.8935391263638941,0.7928989898981305,0.6498610093825166,0.7199538771076179,0.9078629622080043,"Uptrend is excellent and very smooth (R² 82%), drawdown moderate (-18.3%), volatility moderate (26%), 80% days above EMA, outperforming benchmark."
ILMN,0.813218227421453,Up,excellent,1.0364172929190705,0.7889275328258487,0.47372465901113364,-0.25664176680740497,0.8332512315270937,0.5955332701557201,0.6565432098765432,2.6773338801065276,4.038381226142519,1.2972334948956215,0.8629175478195911,0.9736885516108226,1,0.5891702721545742,0.4704107013167046,0.9594466989791243,0.8944637664129242,"Uptrend is excellent and smooth (R² 79%), drawdown deep (-25.7%), volatility high (47%), 83% days above EMA, outperforming benchmark."
STX,0.812012176307686,Up,excellent,4.81441861773328,0.9185030751816172,0.7403146038063946,-0.3185898139007714,0.8874384236453201,1.3466481165873445,1.2341891856880067,6.726338716050413,15.11165268840889,1.9429329563551971,2.434251577891212,3.097923968508777,1,0.5241728866392099,0.23211859037648644,1,0.9592515375908086,"Uptrend is excellent and very smooth (R² 92%), drawdown deep (-31.9%), volatility high (74%), 89% days above EMA, outperforming benchmark."
MU,0.8084945000187151,Up,excellent,6.862466832057871,0.9312596544983954,0.8068819862191271,-0.39104782623026463,0.9416256157635468,1.793171303275037,1.3344479208961284,9.141139117677916,17.548919522741382,2.4118023257045906,3.3435836756128055,5.491971642258105,1,0.5139093306944159,0.1690332859676898,1,0.9656298272491977,"Uptrend is excellent and very smooth (R² 93%), drawdown deep (-39.1%), volatility high (81%), 94% days above EMA, outperforming benchmark."
JCI,0.8077498263368087,Up,excellent,0.4212057631802786,0.8128274089911866,0.2944879680308816,-0.12979513268252446,0.748768472906404,0.1311449268648698,0.05793021705311499,1.382681226147703,3.2451583851802592,0.5018563116910101,1.042023307336768,0.15678201836574546,0.7685330986432543,0.7619257364647116,0.7006776038233833,0.6815161892030718,0.9064137044955933,"Uptrend is excellent and very smooth (R² 81%), drawdown moderate (-13.0%), volatility moderate (29%), 75% days above EMA, outperforming benchmark."
APA,0.806847320359913,Up,excellent,0.969983395306953,0.7805018883284436,0.4549288992824728,-0.282045505744537,0.8086206896551724,0.4980465453122862,0.3506217773733698,2.1756772230664456,3.4391024694629113,1.0036536265600327,-0.7498791404639714,1.0388808262605134,1,0.5990542697023672,0.404092950495798,0.9007307253120065,0.8902509441642217,"Uptrend is excellent and smooth (R² 78%), drawdown deep (-28.2%), volatility high (45%), 81% days above EMA, outperforming benchmark."
ADI,0.8058149226402083,Up,excellent,0.8482349722752902,0.7999261576433729,0.3546709318476194,-0.2067657358355033,0.6798029556650246,0.22923957146180093,0.1316646826639934,2.3559919584254274,4.1023962159287395,0.7765265165605575,1.6496670518112901,0.19522186579430573,0.8816646826639933,0.6952921469740672,0.5348926473984505,0.8079996183342092,0.8999630788216864,"Uptrend is excellent and smooth (R² 80%), drawdown deep (-20.7%), volatility high (35%), 68% days above EMA, outperforming benchmark."
MS,0.8046292819032923,Up,excellent,0.4334714267406028,0.7599672258336516,0.2798757398470481,-0.19275218323484802,0.8135467980295565,0.17187063633990804,0.32177263969171493,1.4791127622340148,2.248853525111381,0.7767044807130403,1.3778366841910836,0.1575181222528498,0.9667357133703014,0.7501078730697777,0.6178099398610549,0.7698848693086469,0.8799836129168257,"Uptrend is excellent and smooth (R² 76%), drawdown moderate (-19.3%), volatility moderate (28%), 81% days above EMA, outperforming benchmark."
DE,0.8039156515691357,Up,excellent,0.4396898374754601,0.765812094865692,0.317064730231555,-0.20131624628296277,0.798768472906404,0.21336538048197531,0.14123628038515942,1.579249734428507,2.18407528251569,0.6729471793888301,0.475752273789239,0.363003682694057,0.8610811991228895,0.715841317201291,0.6205959013000903,0.7767274138982796,0.8829060474328461,"Uptrend is excellent and smooth (R² 77%), drawdown deep (-20.1%), volatility moderate (32%), 80% days above EMA, outperforming benchmark."
PWR,0.8038017534481726,Up,excellent,0.896688345043495,0.799784794253317,0.4328199466746499,-0.2853904538739749,0.7438423645320197,0.31099395841919364,0.08986982790509235,2.1923976467786033,3.1419703527976526,0.8067813064471034,1.6378515403563187,0.3223368984575766,0.8398698279050923,0.6252774371206711,0.4292079438348768,0.8613562612894207,0.8998923971266586,"Uptrend is excellent and smooth (R² 80%), drawdown deep (-28.5%), volatility high (43%), 74% days above EMA, outperforming benchmark."
AIZ,0.8027376480115155,Up,excellent,0.34295059859780896,0.7249664800093012,0.22347984566240506,-0.1292589700382228,0.8677339901477832,0.14390911350697624,0.29658514074757747,1.4423994752386236,2.653205410010586,0.5839656480024585,0.15850236317328031,0.3175803326408367,0.9189544178960436,0.7890033943422455,0.7683475936343275,0.7107022431074679,0.8624832400046505,"Uptrend is excellent and smooth (R² 72%), drawdown moderate (-12.9%), volatility moderate (22%), 87% days above EMA, outperforming benchmark."
VTR,0.802664063221127,Up,excellent,0.349306614129427,0.8097379361637496,0.22467270424415212,-0.1349845817169005,0.8086206896551724,0.11687101221724597,0.05395641533620785,1.5171827254032664,2.587751946826181,0.4323585424072606,-0.20209401830102725,0.3402504823056281,0.7286097224009214,0.8301962638377227,0.767289413132535,0.660106866457972,0.9048689680818747,"Uptrend is excellent and very smooth (R² 81%), drawdown moderate (-13.5%), volatility moderate (22%), 81% days above EMA, outperforming benchmark."
COP,0.8022161166176954,Up,excellent,0.4887385921441023,0.697056775479069,0.30157836272131466,-0.22855007473841563,0.7741379310344827,0.2234871076616737,0.17098179953857978,1.6065534856353494,2.1384311193224614,0.6358185262163608,-0.5175664474638679,0.5392656173658275,0.9083221927652068,0.6969500250182199,0.5743718691059774,0.7760326318382852,0.8485283877395344,"Uptrend is excellent and smooth (R² 70%), drawdown deep (-22.9%), volatility moderate (30%), 77% days above EMA, outperforming benchmark."
FIX,0.7991415589595735,Up,good,1.6379489366325606,0.8415375152780764,0.5595781589034012,-0.2650749330997673,0.7635467980295566,0.5990368155016809,0.13038257112810164,2.8776777669043243,6.179192115521837,1.2099487699771003,2.5012743263732458,0.7146807679085598,0.8803825711281017,0.5510851384614872,0.3243003805564991,0.9419897539954201,0.9207687576390382,"Uptrend is good and very smooth (R² 84%), drawdown deep (-26.5%), volatility high (56%), 76% days above EMA, outperforming benchmark."
IBKR,0.798112600111736,Up,good,0.523103742383138,0.7691987601960701,0.3946272331646892,-0.18783473603672537,0.719950738916256,0.20792533673703847,0.3075010966515573,1.410905381596603,2.7849148321578863,0.6381064338143437,1.9756864322233636,0.11121380149168042,1,0.6399721469333459,0.5474904027732682,0.7661416356929993,0.884599380098035,"Uptrend is good and smooth (R² 77%), drawdown moderate (-18.8%), volatility high (39%), 72% days above EMA, outperforming benchmark."
AMAT,0.7975003910445516,Up,good,2.1396109212482024,0.9019818070042482,0.5929966215946377,-0.3970816044260027,0.8374384236453202,0.8717031601488513,0.2932178767767112,3.5367801866586035,5.3883405763434835,1.6598022477644223,2.7306182655255156,1.3454128391579159,0.995239888056513,0.5562434373061458,0.20094876985332796,1,0.950990903502124,"Uptrend is good and very smooth (R² 90%), drawdown deep (-39.7%), volatility high (59%), 84% days above EMA, outperforming benchmark."
CNC,0.7951252363364347,Up,good,1.1493259580589634,0.7461664560582879,0.48640714996247486,-0.32726888089697487,0.8529556650246306,0.587770596868328,0.8237590630228669,2.3660081704696654,3.5118705906559273,1.203827130618299,0.3878664121193767,1.0345374416697017,1,0.5582778655572878,0.3402239556235929,0.9407654261236598,0.8730832280291438,"Uptrend is good and smooth (R² 75%), drawdown deep (-32.7%), volatility high (49%), 85% days above EMA, outperforming benchmark."
FCX,0.7881978391010382,Up,good,0.8170539629860794,0.7375928655396586,0.5215854460597319,-0.24309793664632362,0.7692118226600985,0.31154850665451717,0.1571335716607084,1.3955449290672843,3.3610073958578606,0.6760947791580572,2.257681379118397,0.22241457433983408,0.9047438251543711,0.5276073482250304,0.3285717509042879,0.8352189558316114,0.8687964327698292,"Uptrend is good and smooth (R² 74%), drawdown deep (-24.3%), volatility high (52%), 77% days above EMA, outperforming benchmark."
HWM,0.7877307752632726,Up,good,0.5487089892313803,0.8395348998263928,0.34122512165144336,-0.22121988723731414,0.7783251231527095,0.06501011413657795,-0.09433737333598255,1.6137483018138756,2.480378215918497,0.21049731894227,1.1147546290194008,0.059752176185583594,0.5929282733955891,0.7285423282617531,0.544063664493912,0.586059846030805,0.9197674499131965,"Uptrend is good and very smooth (R² 84%), drawdown deep (-22.1%), volatility moderate (34%), 78% days above EMA, outperforming benchmark."
HAL,0.787408610361068,Up,good,0.6012992308380785,0.587239605716499,0.35462142674696057,-0.2743136342484876,0.8135467980295565,0.3174190985121321,0.0038964653492903024,1.8382650743994764,2.192013650671808,0.8672674078634403,0.21918706216654996,0.5633453385756506,0.7538964653492903,0.5889983761112889,0.5171632919365563,0.873453481572688,0.7936198028582495,"Uptrend is good and choppy (R² 59%), drawdown deep (-27.4%), volatility high (35%), 81% days above EMA, outperforming benchmark."
GL,0.7858382349447819,Up,good,0.3762839804507796,0.7608590623038107,0.2044302623874531,-0.11040600477652682,0.7536945812807881,0.055782983557054466,0.21143343499538975,1.6899154291453995,3.4081840132918253,0.25661117367156583,0.32303012600315206,0.1770717753383104,0.878995224497324,0.8259992687644523,0.8117266074102725,0.5814441009242111,0.8804295311519053,"Uptrend is good and smooth (R² 76%), drawdown moderate (-11.0%), volatility moderate (20%), 75% days above EMA, outperforming benchmark."
WDC,0.7835408146959209,Up,good,5.34271122423206,0.9046473010326758,0.7977453529720133,-0.4180078528067754,0.8226600985221676,1.429066301765571,0.7147055541088502,6.721555129491103,12.781365680949861,1.9304049356414532,3.0446223467726106,3.386321408225999,1,0.5028873122733346,0.14678244489641534,1,0.9523236505163379,"Uptrend is good and very smooth (R² 90%), drawdown deep (-41.8%), volatility high (80%), 82% days above EMA, outperforming benchmark."
CAH,0.7826309223398893,Up,good,0.41220285606909224,0.582756972629054,0.2934860927810964,-0.20610753436575602,0.8135467980295565,0.3079333340070287,0.0956271469687124,1.6493902985020634,1.9999407461621557,0.9584300131665817,-0.042839132067463016,0.5908046030284158,0.8017285750032586,0.6478923935334306,0.645507089863272,0.8916860026333163,0.791378486314527,"Uptrend is good and choppy (R² 58%), drawdown deep (-20.6%), volatility moderate (29%), 81% days above EMA, outperforming benchmark."
TER,0.7817351384834749,Up,good,2.4120588333215167,0.8444549676722061,0.7620094963395254,-0.3398437499999999,0.812807881773399,0.9947658611302227,0.22583529255935622,2.987717244065974,7.097552429084006,1.428078804336207,3.27422712278485,1.6238506464177844,0.9504304695519719,0.4817251097512217,0.1932859367254996,0.9856157608672413,0.9222274838361031,"Uptrend is good and very smooth (R² 84%), drawdown deep (-34.0%), volatility high (76%), 81% days above EMA, outperforming benchmark."
AME,0.7813335428064843,Up,good,0.33887350294624907,0.8137835730938265,0.23173505499108965,-0.1370413318976228,0.7832512315270936,0.07295501047428335,0.044315648684797135,1.62011650662281,2.4727831979873467,0.3693106863387632,0.9352565882927575,0.09888405106992085,0.7137524001579216,0.8251567315558237,0.7852718702359034,0.6098860791081596,0.9068917865469133,"Uptrend is good and very smooth (R² 81%), drawdown moderate (-13.7%), volatility moderate (23%), 78% days above EMA, outperforming benchmark."
SNDK,0.7812195787723862,Up,good,22.78413513203258,0.9132785037711099,1.1473512226856581,-0.5649293361884369,0.9120689655172413,2.980939261689625,1.5824115466182505,20.852105835706784,40.3309470273867,2.739476760351356,4.223837502799882,21.498059642601575,1,0.45663925188555493,0.05876766595289079,1,0.9566392518855549,"Uptrend is good and very smooth (R² 91%), drawdown deep (-56.5%), volatility high (115%), 91% days above EMA, outperforming benchmark."
JBL,0.7809285812056207,Up,good,0.8929383436221867,0.7846241701825287,0.4617304731538255,-0.25540025412960615,0.7586206896551724,0.1889987609691923,0.1853127691223675,1.7989889177607143,3.496231226023188,0.4741118895884155,2.106210078722734,0.06302189455244323,0.9234829914663745,0.5960142302258953,0.38618305939398956,0.7233453650033544,0.8923120850912643,"Uptrend is good and smooth (R² 78%), drawdown deep (-25.5%), volatility high (46%), 76% days above EMA, outperforming benchmark."
CF,0.7802954011224892,Up,good,0.6969490774471034,0.6831025008514323,0.42581345708896823,-0.257485465116279,0.719950738916256,0.2912387390754462,0.12469824356946657,1.6649939276147956,2.706751144700013,0.6121782180691445,-0.9185372905052964,0.706899658710303,0.8746982435694666,0.57219115760899,0.44294373031406953,0.8163594050990006,0.8415512504257161,"Uptrend is good and smooth (R² 68%), drawdown deep (-25.7%), volatility high (43%), 72% days above EMA, outperforming benchmark."
LRCX,0.7796755272707443,Up,good,1.9239137725634485,0.8792491629108555,0.6408121091530751,-0.4176493665335887,0.7783251231527095,0.8708468796409122,0.3615845022159272,3.015387617507627,4.606528649933248,1.5455794149922457,3.246075435603468,1.259183480628601,1,0.529421554167159,0.18607966000902665,1,0.9396245814554278,"Uptrend is good and very smooth (R² 88%), drawdown deep (-41.8%), volatility high (64%), 78% days above EMA, outperforming benchmark."
GEV,0.778831735564058,Up,good,1.053226331153299,0.8023655007672816,0.5143696871724674,-0.24570041669203932,0.7339901477832512,0.2115069113924312,0.08996637763227747,2.1544161094887073,4.286628184572483,0.4578941322704327,2.000026206597775,0.11241569764699788,0.8399663776322774,0.5654054850042902,0.3990732570140676,0.73669150930301,0.9011827503836407,"Uptrend is good and very smooth (R² 80%), drawdown deep (-24.6%), volatility high (51%), 73% days above EMA, outperforming benchmark."
USB,0.7754754750625,Up,good,0.34532446599201827,0.7509479774158474,0.22251250654065044,-0.16213544241225897,0.8233990147783251,0.08773940532261384,0.1949071414895654,1.468488317229979,2.129851813115406,0.42275683685091237,0.6846524046445807,0.15834882415984924,0.8525254820865702,0.8029614821672733,0.7216404092311345,0.6300150890077051,0.8754739887079237,"Uptrend is good and smooth (R² 75%), drawdown moderate (-16.2%), volatility moderate (22%), 82% days above EMA, outperforming benchmark."
MAR,0.7747808262635314,Up,good,0.44854232623362655,0.7627083520215638,0.2729459255940666,-0.18321160629999503,0.729064039408867,0.07623173028870753,0.008241926588639002,1.7921711191288814,2.4482200407062242,0.2902689041672736,0.6507963354489357,0.14926999180590578,0.7325130897054523,0.7584082504167153,0.6749038524060467,0.6052586207054349,0.8813541760107819,"Uptrend is good and smooth (R² 76%), drawdown moderate (-18.3%), volatility moderate (27%), 73% days above EMA, outperforming benchmark."
SBUX,0.7734212996704124,Up,good,0.3400542514032323,0.8354678279034585,0.27766301019932066,-0.1451104100946372,0.862807881773399,0.02985333823665476,-0.021884858044164027,1.3391178209655226,2.34341734119184,0.10992085500191859,0.5832287778717437,0.1031566538735088,0.6335888370580831,0.7900709037524086,0.7283953765950906,0.5408454237368466,0.9177339139517293,"Uptrend is good and very smooth (R² 84%), drawdown moderate (-14.5%), volatility moderate (28%), 86% days above EMA, in line with benchmark."
HPE,0.7733685766068416,Up,good,1.701364210037327,0.6869543487982798,0.5352363888000544,-0.26571682991985757,0.7741379310344827,0.6650115820735386,1.5767615492300513,3.404823213239748,6.402922278391146,1.3714242486069799,1.9987321808955887,0.9416927345271882,1,0.49204988279909906,0.3759430936319004,0.974284849721396,0.8434771743991398,"Uptrend is good and smooth (R² 69%), drawdown deep (-26.6%), volatility high (54%), 77% days above EMA, outperforming benchmark."
LITE,0.7710240662550508,Up,good,6.089064851602184,0.8295602765243356,0.9616151034073598,-0.42801659877123505,0.8972906403940887,1.5859844855745884,0.39241071428571433,6.332515407681242,14.226235312095099,1.7337425616969255,2.960438382754041,4.232948625672528,1,0.42437636241032783,0.10260698191943167,1,0.9147801382621679,"Uptrend is good and very smooth (R² 83%), drawdown deep (-42.8%), volatility high (96%), 90% days above EMA, outperforming benchmark."
DVN,0.7699503371845228,Up,good,0.4708989115169575,0.6526793105110766,0.3469784615184287,-0.22700211254081046,0.7544334975369459,0.19223451720042842,0.10273368606701948,1.3515398807693495,2.0744252388060893,0.48952829788414687,-0.5617859350257196,0.5015096635902624,0.8381831418254982,0.6293611937371096,0.5313318292862594,0.7270387837266996,0.8263396552555382,"Uptrend is good and smooth (R² 65%), drawdown deep (-22.7%), volatility moderate (35%), 75% days above EMA, outperforming benchmark."
BG,0.7696700734303583,Up,good,0.4535068810512348,0.558809740631812,0.3152855355592798,-0.20181112548512287,0.7495073891625615,0.264078839843938,0.015237940026075656,1.6361076573466722,2.247184737516696,0.7731362748538112,-0.05127725951622871,0.5239547442623392,0.7419913805516931,0.6141193347566263,0.6214552011838425,0.830489683466981,0.779404870315906,"Uptrend is good and choppy (R² 56%), drawdown deep (-20.2%), volatility moderate (32%), 75% days above EMA, outperforming benchmark."
FRT,0.7688806431615106,Up,good,0.315092657111939,0.8347331924758453,0.16570863902035446,-0.09667269723904659,0.748768472906404,-0.016212726133155525,0.07327102803738321,1.9426701863477647,3.2593758745842822,-0.08377291808749944,0.1881089325054882,0.11327188788420392,0.7308173565933527,0.9016579572175683,0.8944589537194176,0.4625341962273586,0.9173665962379227,"Uptrend is good and very smooth (R² 83%), drawdown shallow (-9.7%), volatility low (17%), 75% days above EMA, in line with benchmark."
TXN,0.7680335487704887,Up,good,0.9725643045384187,0.7584547548916314,0.41513620616517144,-0.23757072348621638,0.6403940886699507,0.19105024531016576,0.3027633764534153,2.6435789858338152,4.093788537015782,0.5102622275759059,1.4401831772446214,0.1742403057131952,1,0.6178752228219371,0.5039251365412801,0.7293508586464414,0.8792273774458157,"Uptrend is good and smooth (R² 76%), drawdown deep (-23.8%), volatility high (42%), 64% days above EMA, outperforming benchmark."
EOG,0.7680239364542918,Up,good,0.4394481592675925,0.7326822967528269,0.2829841473938765,-0.1577292287322079,0.7495073891625615,0.053808396825006655,0.11282167383593705,1.4946665987666683,2.7860921073397624,0.15854288916474343,-0.5915450415433998,0.3233800624640813,0.8325457534697334,0.733357000982537,0.6693953322601224,0.569662685741481,0.8663411483764134,"Uptrend is good and smooth (R² 73%), drawdown moderate (-15.8%), volatility moderate (28%), 75% days above EMA, outperforming benchmark."
CB,0.7674170824142381,Up,good,0.2670779483031467,0.8095621216245199,0.1962926339565806,-0.09621892869646405,0.7783251231527095,0.049292955044579895,0.04929359276242417,1.425648794333397,2.7757318847903734,0.19251040626728697,-0.3348813752980896,0.27608640930210004,0.6771504283840167,0.8584884268556794,0.8702243148301918,0.5685439956713085,0.90478106081226,"Uptrend is good and very smooth (R² 81%), drawdown shallow (-9.6%), volatility low (20%), 78% days above EMA, in line with benchmark."
KLAC,0.7669655976237615,Up,good,1.247667092707256,0.8190336679049566,0.6063261554688772,-0.435915282887541,0.7684729064039408,0.49168238347863635,0.20941979522184306,1.9264210036121714,2.8621779086124257,0.9142885642231088,2.806236138074449,0.44831670338379515,0.9395141638225257,0.5079352950852589,0.17910601504768503,0.8828577128446218,0.9095168339524782,"Uptrend is good and very smooth (R² 82%), drawdown deep (-43.6%), volatility high (61%), 77% days above EMA, outperforming benchmark."
GS,0.7658804294297615,Up,good,0.39678558101914874,0.7480423911531968,0.31460525382464793,-0.1984403500502121,0.7684729064039408,0.1313949890425987,0.23794551811207146,1.234001756084752,1.9995206666323084,0.5229703622604306,1.5709341733041875,0.07109469391075163,0.9068765600541019,0.7094159417519506,0.5807957015364881,0.6859890614946849,0.8740211955765984,"Uptrend is good and smooth (R² 75%), drawdown moderate (-19.8%), volatility moderate (31%), 77% days above EMA, outperforming benchmark."
CMI,0.7626899105766309,Up,good,0.6082890680137483,0.7067572223846247,0.3670803792768188,-0.25026457208042996,0.6748768472906402,0.15532682041873794,-0.010986442262739623,1.637977647021786,2.4305840133786756,0.49649105418220346,1.5934994878397202,0.0996848769471882,0.7317075736325385,0.6362982319154935,0.4909356557089322,0.7031914409966811,0.8533786111923123,"Uptrend is good and smooth (R² 71%), drawdown deep (-25.0%), volatility high (37%), 67% days above EMA, outperforming benchmark."
DAL,0.7619965443210479,Up,good,0.5364107136145158,0.7426604865840764,0.38831976394963785,-0.23105507631055072,0.7536945812807881,0.09244158016208168,0.3229624619546837,1.5478890329932464,2.321570779486144,0.275896668451519,1.6401463401127068,0.008958717128591254,1,0.6330104793424003,0.5301653022649746,0.6200312470072336,0.8713302432920382,"Uptrend is good and smooth (R² 74%), drawdown deep (-23.1%), volatility high (39%), 75% days above EMA, outperforming benchmark."
CPAY,0.7603207736373786,Up,good,0.4009570351713472,0.7087337909446214,0.3672909007330149,-0.20203153936809023,0.8283251231527095,0.14267015825320076,0.23595267632908717,1.1462507054113265,1.9846259471439542,0.40923838079496777,0.8755030978813062,0.19929972490673803,0.9076370473445166,0.6370759947392959,0.5486776205715422,0.6835939963326976,0.8543668954723107,"Uptrend is good and smooth (R² 71%), drawdown deep (-20.2%), volatility high (37%), 83% days above EMA, outperforming benchmark."
MRNA,0.759255267133073,Up,good,3.0656434381826045,0.7959844125560152,1.2688621827333417,-0.3415647921760391,0.8086206896551724,1.576223070850596,1.440950509201358,4.2357074413132425,8.975291096755086,1.2645323600150908,1.8293543538636985,4.361174858788326,1,0.3979922062780076,0.21288594428877522,0.9529064720030181,0.8979922062780075,"Uptrend is good and smooth (R² 80%), drawdown deep (-34.2%), volatility high (127%), 81% days above EMA, outperforming benchmark."
DELL,0.7579837832010671,Up,good,3.8125203182586596,0.7606898697748192,0.7081953157842261,-0.32635856380397865,0.734729064039409,1.253764696728428,2.4377417384813733,6.670431879857927,11.68199870051083,1.885502007785833,2.1921752903851806,2.737176025001809,1,0.45329610594135306,0.27656464441899054,1,0.8803449348874095,"Uptrend is good and smooth (R² 76%), drawdown deep (-32.6%), volatility high (71%), 73% days above EMA, outperforming benchmark."
AMGN,0.7569894866677019,Up,good,0.35581294875555836,0.6544415188800481,0.2949701462062427,-0.16567910140148392,0.7642857142857143,0.16710376332762597,0.01278995869081676,1.2614982283559946,2.147603081775113,0.5731344795741005,0.540015968430797,0.2871821662343568,0.690696433068596,0.6822506132337813,0.6694255029052214,0.7260008985276913,0.827220759440024,"Uptrend is good and smooth (R² 65%), drawdown moderate (-16.6%), volatility moderate (29%), 76% days above EMA, outperforming benchmark."
CASY,0.7538524507917821,Up,good,0.7475076484426508,0.8310238494552642,0.3647379986607909,-0.31501287815951456,0.812807881773399,0.0030867669693490363,-0.08373722627737228,2.145914484548309,2.372943140642434,0.007988897921085827,-0.028669969780552942,0.17090819491159795,0.6105775182481752,0.7007739260668413,0.4654004360276152,0.5038856567614576,0.915511924727632,"Uptrend is good and very smooth (R² 83%), drawdown deep (-31.5%), volatility high (36%), 81% days above EMA, in line with benchmark."
AMD,0.7528175695125545,Up,good,2.395923614761153,0.7384285015349856,0.7061656235488907,-0.27760753603450233,0.6805418719211823,0.9993951375621336,1.4586242249670456,3.741440900563696,8.630614460204628,1.560131365596672,3.0766843790084386,1.670682373636497,1,0.44267284488027014,0.2817007050142561,1,0.8692142507674927,"Uptrend is good and smooth (R² 74%), drawdown deep (-27.8%), volatility high (71%), 68% days above EMA, outperforming benchmark."
COHR,0.752649880364711,Up,good,2.4763831660843474,0.7915208994965057,0.8421104033674199,-0.4798425823982759,0.8029556650246306,0.8911851657363531,0.1661031780756534,2.780169940368874,5.160824105495739,1.1387093918517406,3.2799264429996144,1.3111740508625294,0.9107086134203095,0.4352328489063979,0.10735663902694385,0.9277418783703482,0.8957604497482528,"Uptrend is good and smooth (R² 79%), drawdown deep (-48.0%), volatility high (84%), 80% days above EMA, outperforming benchmark."
ALL,0.7495124049791848,Up,good,0.2981208396314732,0.6530695837343732,0.24874323673327153,-0.1148381085488004,0.8332512315270937,0.08003556133860903,0.22471910112359544,1.1487293536253236,2.5960096643771076,0.2676913794120399,-0.35536792510586307,0.31771168076576256,0.8481885606021207,0.7277915551339151,0.7682205757401773,0.6068046992798131,0.8265347918671866,"Uptrend is good and smooth (R² 65%), drawdown moderate (-11.5%), volatility moderate (25%), 83% days above EMA, outperforming benchmark."
HSIC,0.747186918021346,Up,good,0.31080407027565427,0.6815706226376086,0.25496540019288366,-0.17228554289142173,0.8184729064039408,0.10846459785513382,0.14117647058823526,1.333521564433763,1.804005519322826,0.4295810991983434,0.5226493030071327,0.21139284588013385,0.7965785057260624,0.7358199111259207,0.7085015362441536,0.6514227077749681,0.8407853113188042,"Uptrend is good and smooth (R² 68%), drawdown moderate (-17.2%), volatility moderate (25%), 82% days above EMA, outperforming benchmark."
AAPL,0.7469126543171969,Up,good,0.2757593545778483,0.630626713834668,0.2513268335858854,-0.13822984730423846,0.7298029556650246,0.2145273515408356,0.25213757141213905,1.0828252581870395,1.9949335107844892,0.8995209704437174,0.6767339967525815,0.33199799929154783,0.8515514557833416,0.7139865233314486,0.7379886958307501,0.8228148828633992,0.8153133569173339,"Uptrend is good and smooth (R² 63%), drawdown moderate (-13.8%), volatility moderate (25%), 73% days above EMA, outperforming benchmark."
ABNB,0.7445485914077123,Up,good,0.38014909172778566,0.6267310798509369,0.34179728516109076,-0.17212822160348398,0.7593596059113301,0.1562738373220702,0.2568408426418774,1.2404432869018076,2.2085227407014076,0.5018020623581568,1.0776344050687223,0.1848760785932841,0.9111237062207413,0.6215682547643777,0.6353453764591069,0.7045325142908081,0.8133655399254685,"Uptrend is good and smooth (R² 63%), drawdown moderate (-17.2%), volatility moderate (34%), 76% days above EMA, outperforming benchmark."
IFF,0.7444604041501358,Up,good,0.34880710904629475,0.756656998568827,0.3506751444170391,-0.19734939759036138,0.7889162561576355,0.11496427153117642,0.22307916181606516,1.1837521072924984,1.767459710063643,0.3402501997697581,0.739278755255446,0.1846483162253303,0.8730011971308307,0.6776533548673744,0.6093136116552965,0.6489892915081522,0.8783284992844134,"Uptrend is good and smooth (R² 76%), drawdown moderate (-19.7%), volatility high (35%), 79% days above EMA, outperforming benchmark."
INTC,0.743976328216695,Up,good,3.5603891430611245,0.8095984039814361,0.7792323539494828,-0.4190435646374344,0.6798029556650246,1.248639343258267,1.090871196331805,5.274231804510464,8.496465388131304,1.7202432800833554,2.8067905481680877,2.6162058417975613,1,0.45999111350334737,0.17647570996915457,1,0.9047992019907181,"Uptrend is good and very smooth (R² 81%), drawdown deep (-41.9%), volatility high (78%), 68% days above EMA, outperforming benchmark."
PNC,0.7429038548636511,Up,good,0.33745857932760703,0.7124395748232819,0.21539583598412584,-0.1720966677664137,0.7889162561576355,0.03516365067938848,0.18157945924917335,1.4965818470074035,1.9608664345880222,0.1686006916137213,0.5772614605529284,0.11053137460008698,0.8397296300645039,0.7908239514275152,0.7163687812066954,0.5520237198407606,0.8562197874116408,"Uptrend is good and smooth (R² 71%), drawdown moderate (-17.2%), volatility moderate (22%), 79% days above EMA, in line with benchmark."
GLW,0.7427243255666998,Up,good,1.7003872903453279,0.7571700064205257,0.7056567413507907,-0.5148421917165317,0.748768472906404,0.627839291764905,0.2380085003035824,2.3979301903781476,3.3027349306320035,0.9683876586275846,2.749826807014297,0.7364999290702628,0.9585256527018824,0.4521708178725652,0.14401288901992387,0.8936775317255169,0.8785850032102629,"Uptrend is good and smooth (R² 76%), drawdown deep (-51.5%), volatility high (71%), 75% days above EMA, outperforming benchmark."
ODFL,0.74090161018928,Up,good,0.7484123749930085,0.7537123309136071,0.3798372707783714,-0.27411249145659944,0.6945812807881774,0.06018759920832062,-0.043595719885581044,1.9357933671980134,2.730311088765196,0.16953599201796846,1.0221900588724864,0.06881226078901909,0.6774131263905075,0.6470188946784321,0.4577977269995471,0.5771411984101175,0.8768561654568034,"Uptrend is good and smooth (R² 75%), drawdown deep (-27.4%), volatility high (38%), 69% days above EMA, outperforming benchmark."
CVX,0.7408710526352604,Up,good,0.35527085167784467,0.6591752289987959,0.23487062775881698,-0.2152971820980346,0.6805418719211823,0.14880724470146403,0.10933833880807133,1.4680819227685658,1.6501416702986558,0.5049505360409668,-0.4808935226456597,0.42819202006562956,0.7869737646469936,0.744716986740581,0.6465305012702116,0.6997973519096574,0.8295876144993979,"Uptrend is good and smooth (R² 66%), drawdown deep (-21.5%), volatility moderate (23%), 68% days above EMA, outperforming benchmark."
DGX,0.740296123999434,Up,good,0.29087935918778896,0.6671770402378041,0.23511807307935406,-0.11939030720588921,0.7248768472906403,0.09919677106662325,0.15247307538891097,1.5345568268362717,2.4363733203748774,0.36238835645898904,-0.11340938868428839,0.3028326671578693,0.7953293689935055,0.748470447039548,0.8313618591594452,0.6354356067125222,0.8335885201189019,"Uptrend is good and smooth (R² 67%), drawdown moderate (-11.9%), volatility moderate (24%), 72% days above EMA, outperforming benchmark."
OXY,0.7400406540715051,Up,good,0.5002616380132234,0.6172180634627817,0.35206289087746273,-0.276268115942029,0.7002463054187191,0.1280429704431257,0.10039582583663186,1.4594347424838834,1.8107831093986841,0.3202826856553213,-0.625637455020865,0.4238809650786749,0.8503958258366319,0.6065461408539281,0.5000212447787065,0.6600712390086578,0.8086090317313908,"Uptrend is good and smooth (R² 62%), drawdown deep (-27.6%), volatility high (35%), 70% days above EMA, outperforming benchmark."
SPG,0.7396146354926544,Up,good,0.2849896947318571,0.8097048152062645,0.19244902358299606,-0.13591043514997883,0.7783251231527095,-0.01736346137722325,0.07971090947457261,1.512694934654687,2.096893402021467,-0.0823306661788493,0.26377244771938685,0.09964545404909275,0.7194790564712575,0.8624033840201362,0.8077356898835376,0.46079850353456714,0.9048524076031321,"Uptrend is good and very smooth (R² 81%), drawdown moderate (-13.6%), volatility low (19%), 78% days above EMA, in line with benchmark."
MTB,0.7392073504351152,Up,good,0.3228738367994315,0.7176832139543293,0.21539340550137176,-0.17549682786437537,0.7889162561576355,0.037329492134538345,0.17622164263569706,1.4868503503976178,1.8397702153850304,0.18023220629044848,0.5955461920555316,0.11017942045309823,0.8288743107524543,0.7934482014757929,0.7196018774760069,0.5553527127635831,0.8588416069771647,"Uptrend is good and smooth (R² 72%), drawdown moderate (-17.5%), volatility moderate (22%), 79% days above EMA, in line with benchmark."
CTVA,0.7377144098523936,Up,good,0.36560602962684596,0.725069473195253,0.28184546634752206,-0.17937219730941703,0.8283251231527095,0.013168967715707497,0.07457627118644058,1.0529674711211061,2.0382536151696664,0.04350751875266048,0.10881748374093958,0.1604128015701456,0.7573792859998636,0.7306892702501044,0.5837267713299465,0.5175197195909735,0.8625347365976264,"Uptrend is good and smooth (R² 73%), drawdown moderate (-17.9%), volatility moderate (28%), 83% days above EMA, in line with benchmark."
LLY,0.7371978226689725,Up,good,0.4116268301581685,0.553789461306314,0.3549743152137746,-0.23310269023550823,0.7298029556650246,0.24745215332624867,0.12317970875340051,1.3675337796929854,1.7658604872483188,0.6838071192684092,0.3184659473521317,0.43873085881346335,0.8289931238324848,0.5719204154393824,0.5741735947611986,0.8015671058156373,0.7768947306531571,"Uptrend is good and choppy (R² 55%), drawdown deep (-23.3%), volatility high (35%), 73% days above EMA, outperforming benchmark."
DD,0.7371136204226315,Up,good,0.4249170388727497,0.5944863624462905,0.30767776043493256,-0.17640209586648561,0.6600985221674877,0.13727546264452498,-0.07719069362904983,1.5162816085563686,2.4087981312555318,0.51493934754282,1.1977615625815152,0.13964146729852134,0.5839360145440069,0.6395654207882127,0.6551606279990291,0.6902633321530889,0.7972431812231453,"Uptrend is good and choppy (R² 59%), drawdown moderate (-17.6%), volatility moderate (31%), 66% days above EMA, outperforming benchmark."
DVA,0.7360644260155434,Up,good,0.9897059928717054,0.6899371493001434,0.4371717973087429,-0.2786354581673307,0.6157635467980296,0.16545640329434289,0.1713067631289969,2.5195561612951707,3.551974322942599,0.3655429202193491,0.033652663765792845,0.36726315890553973,0.914168997480783,0.5670897266685145,0.4482137488342828,0.6968328002126729,0.8449685746500717,"Uptrend is good and smooth (R² 69%), drawdown deep (-27.9%), volatility high (44%), 62% days above EMA, outperforming benchmark."
WMB,0.7346394622933302,Up,good,0.3153342298921169,0.6790703496656059,0.24400256781333665,-0.12360421836228297,0.7051724137931035,0.06443680131653562,-0.021236559139785113,1.2842198043777706,2.5511607457269365,0.23480038186060348,0.0038128521627537374,0.2397179729194237,0.6223082439783163,0.7455326070194663,0.7690483002257662,0.587916839502596,0.8395351748328028,"Uptrend is good and smooth (R² 68%), drawdown moderate (-12.4%), volatility moderate (24%), 71% days above EMA, outperforming benchmark."
GOOGL,0.7345285952411609,Up,good,0.4315963450273417,0.6276058207802662,0.313404340376659,-0.21094332124583975,0.5862068965517241,0.1796734804829788,0.07742144476838365,1.539471876774865,2.046029912103006,0.6814648853698104,1.3529339407475818,0.17243412707251315,0.7932196172820545,0.6503985700134741,0.6114389985282795,0.756025841595143,0.813802910390133,"Uptrend is good and smooth (R² 63%), drawdown deep (-21.1%), volatility moderate (31%), 59% days above EMA, outperforming benchmark."
IVZ,0.7322869058174429,Up,good,0.33958283168443404,0.6096731550968282,0.340685352459429,-0.22656250000000006,0.7839901477832513,0.2151646547225324,0.33319415448851775,0.9249184916659656,1.4988483605381913,0.7864631014950284,1.730689961677686,0.1615090343432069,0.919791415842217,0.6141512250889851,0.512929198100748,0.8006271156894897,0.8048365775484141,"Uptrend is good and smooth (R² 61%), drawdown deep (-22.7%), volatility moderate (34%), 78% days above EMA, outperforming benchmark."
GM,0.7319661975727823,Up,good,0.33593256901580637,0.522207434633636,0.33815717586135113,-0.16195878675619352,0.7445812807881773,0.25665072191586336,0.1514908410215269,1.1741384217338113,2.07418551190746,0.8363021086249947,1.088329565218607,0.3273518388098856,0.8189576937872186,0.5729465414554669,0.670951968763362,0.8381831517990481,0.761103717316818,"Uptrend is good and choppy (R² 52%), drawdown moderate (-16.2%), volatility moderate (34%), 74% days above EMA, outperforming benchmark."
CIEN,0.7301001561679921,Up,good,2.5953296511677304,0.7330145297405447,0.7201146274405514,-0.49368421052631584,0.6945812807881774,0.7962667984749074,-0.01585527283424029,3.316739016005288,5.257064325393057,1.186984386626453,2.4680385697857226,1.1846511828471848,0.72360097073099,0.4364786080101345,0.13095535152294735,0.9373968773252905,0.8665072648702723,"Uptrend is good and smooth (R² 73%), drawdown deep (-49.4%), volatility high (72%), 69% days above EMA, outperforming benchmark."
FLEX,0.7285804377570676,Up,good,1.824096185921121,0.7138148967196576,0.6526735826558895,-0.3643487381995434,0.6206896551724138,0.47082661716140717,0.7038965136456855,3.112976422113329,5.00645671214625,0.799563830104189,2.816703549755266,0.40714643663903277,1,0.44373905269585645,0.23726446584647226,0.8599127660208378,0.8569074483598287,"Uptrend is good and smooth (R² 71%), drawdown deep (-36.4%), volatility high (65%), 62% days above EMA, outperforming benchmark."
VRT,0.7278979045613114,Up,good,1.2810174261669913,0.7141234493237977,0.6568818021382237,-0.4071711453100498,0.6551724137931035,0.4457789997612016,-0.07503914113173785,1.9476632196623982,3.1461399976944127,0.7493806801008369,2.7664482444285508,0.3689985649388674,0.6250598300156565,0.4428412741273429,0.1837771657521599,0.8498761360201674,0.8570617246618988,"Uptrend is good and smooth (R² 71%), drawdown deep (-40.7%), volatility high (66%), 66% days above EMA, outperforming benchmark."
MRVL,0.7277615920930195,Up,good,3.101972020874838,0.7531772082340107,0.7711535620073025,-0.48361406946244034,0.6657635467980296,1.0684972563978847,1.5095090667846087,4.347673013036918,6.414147595670293,1.4977856616981027,2.9752222090934732,1.9149952409335111,1,0.43380021361517973,0.15072681157280854,0.9995571323396205,0.8765886041170052,"Uptrend is good and smooth (R² 75%), drawdown deep (-48.4%), volatility high (77%), 67% days above EMA, outperforming benchmark."
PLD,0.726456821919172,Up,good,0.24468391870678907,0.7506367598274681,0.21631326876471355,-0.1042916166866587,0.704433497536946,0.041452335060226414,0.00007440476190469423,1.1764574519735775,2.3461513636511664,0.19008209010419772,0.465297383415564,0.1363692661633085,0.6130392107019194,0.8090051111490205,0.8355789217606951,0.5604605440706462,0.8753183799137341,"Uptrend is good and smooth (R² 75%), drawdown moderate (-10.4%), volatility moderate (22%), 70% days above EMA, in line with benchmark."
INCY,0.7244839671213703,Up,good,0.32939712259311715,0.5503335963350389,0.3309069945536844,-0.18332278194808715,0.7692118226600985,0.20711564497531595,0.3023452355799705,1.0628470194556936,1.7968149898924997,0.6259116041395224,0.4736056163169528,0.35434325444591086,0.9146985612965586,0.5942598036138351,0.6150962275838534,0.7631642247364896,0.7751667981675194,"Uptrend is good and choppy (R² 55%), drawdown moderate (-18.3%), volatility moderate (33%), 77% days above EMA, outperforming benchmark."
GOOG,0.7244754198454426,Up,good,0.413382647523745,0.6132051195400535,0.30844670482939607,-0.20806030733545955,0.5763546798029556,0.17137737732362537,0.07123403151546583,1.5222630529013863,1.9868405118581334,0.6611404173080588,1.330475014111523,0.16453683455202772,0.7779253552773383,0.6481558549406308,0.6223968106187949,0.7464440393818226,0.8066025597700268,"Uptrend is good and smooth (R² 61%), drawdown deep (-20.8%), volatility moderate (31%), 58% days above EMA, outperforming benchmark."
BKR,0.7220424243121495,Up,good,0.42490920379057595,0.6175961105029091,0.33238804251805854,-0.24242859193340033,0.7544334975369459,0.08575771245824923,0.007291843310157703,1.2075995501508252,1.7527190188330033,0.266747917604888,0.6908309367258786,0.15482030239652086,0.7197464452054456,0.626410012733396,0.516315884572881,0.6124325042187381,0.8087980552514544,"Uptrend is good and smooth (R² 62%), drawdown deep (-24.2%), volatility moderate (33%), 75% days above EMA, outperforming benchmark."
BE,0.7187303631875608,Up,good,2.6139044331005947,0.7500992973696446,1.1297941555459372,-0.5265288419835189,0.7002463054187191,1.262264914246452,0.6235789209220526,2.4610504242036426,4.96440883134454,1.1808821110032406,4.2789875744602615,2.4328692103185006,1,0.3750496486848223,0.06836778950412029,0.9361764222006481,0.8750496486848223,"Uptrend is good and smooth (R² 75%), drawdown deep (-52.7%), volatility high (113%), 70% days above EMA, outperforming benchmark."
AKAM,0.7140077399858135,Up,good,0.7645655829670284,0.6637860407429923,0.5779023530390808,-0.347834181457118,0.6896551724137931,0.18339717368208494,0.006198929275852321,1.4021076898282867,2.1980748981143083,0.32981406634030497,1.1755494446248365,0.20649889673640487,0.7561989292758523,0.44846625559218556,0.2801513646252751,0.705190527132617,0.831893020371496,"Uptrend is good and smooth (R² 66%), drawdown deep (-34.8%), volatility high (58%), 69% days above EMA, outperforming benchmark."
NTAP,0.7129400474616374,Up,good,0.7042038564403004,0.46321847321116594,0.4205602578967357,-0.25522317188983856,0.6165024630541872,0.2461829465125924,0.8815331010452961,2.007813307165134,2.759168970536321,0.6367013909113473,1.2930767591096413,0.27832523201636084,1,0.4661890431830312,0.5078508802742201,0.7913019376131434,0.7316092366055829,"Uptrend is good and choppy (R² 46%), drawdown deep (-25.5%), volatility high (42%), 62% days above EMA, outperforming benchmark."
SNA,0.7119154206558062,Up,good,0.21864428989074214,0.7889557283240093,0.19839989408900777,-0.1060790346044693,0.704433497536946,-0.004857121334937625,0.013684182059117837,1.1378869554069373,2.061145170730374,-0.025498758331231126,0.5844827772693262,0.06192259743438262,0.6093326348364614,0.8460779700729969,0.8487320532418986,0.48872554818592495,0.8944778641620046,"Uptrend is good and smooth (R² 79%), drawdown moderate (-10.6%), volatility low (20%), 70% days above EMA, in line with benchmark."
WST,0.7085793653019967,Up,good,0.40304195991198055,0.5320376009286185,0.3350586354852836,-0.24833197721724984,0.7051724137931035,0.14914972917785865,0.44491080797481636,1.2816851976157615,1.6229966210085978,0.4570076804387453,0.6485201629792394,0.24497214159512673,0.9515209799559903,0.5809601649790257,0.5492884948844702,0.6948504972217331,0.7660188004643091,"Uptrend is good and choppy (R² 53%), drawdown deep (-24.8%), volatility moderate (34%), 71% days above EMA, outperforming benchmark."
HLT,0.7082792167877143,Up,good,0.2969923037998423,0.754908741064351,0.2364082867839996,-0.13063217406201816,0.7192118226600985,-0.035561410340145136,0.03163213744315306,1.3441621276589049,2.273500429219252,-0.1563724828178535,0.6138732969050501,0.022020933173891255,0.6793820194700482,0.7910460837481759,0.7831019757135202,0.4212436914314267,0.8774543705321756,"Uptrend is good and smooth (R² 75%), drawdown moderate (-13.1%), volatility moderate (24%), 72% days above EMA, in line with benchmark."
CVS,0.7082639332166489,Up,good,0.37956736443564076,0.5838891482043913,0.31056524470264907,-0.16442112793609165,0.6206896551724138,0.10317277763524543,0.25845219228737465,1.1070333093127633,2.3085072411325,0.3154169072212353,0.1546775140793494,0.26436921823657883,0.9119043900889245,0.6313793293995467,0.6104993435917386,0.634714468357369,0.7919445741021955,"Uptrend is good and choppy (R² 58%), drawdown moderate (-16.4%), volatility moderate (31%), 62% days above EMA, outperforming benchmark."
PCAR,0.706873749589361,Up,good,0.31134874515288935,0.6201994391794898,0.2732263593159933,-0.1555452579548964,0.704433497536946,0.06691020942240627,0.037673552319674806,1.314937395070518,2.001660155034565,0.2762508760051492,0.9702029364505117,0.08563136269729144,0.6933479248961194,0.6868733602737516,0.7299037338687033,0.5945352970229212,0.8100997195897448,"Uptrend is good and smooth (R² 62%), drawdown moderate (-15.6%), volatility moderate (27%), 70% days above EMA, outperforming benchmark."
ETR,0.7055255549069632,Up,good,0.26804994345137945,0.683921079301589,0.20595829689841771,-0.11271308625222622,0.6206896551724138,0.028471828630114465,0.01839722596802168,1.2452157722032737,2.378161687912127,0.1253354519876947,0.2092302286429539,0.1623220488366777,0.646900438363189,0.7860022427523767,0.8156665188178129,0.5410053738288839,0.8419605396507945,"Uptrend is good and smooth (R² 68%), drawdown moderate (-11.3%), volatility moderate (21%), 62% days above EMA, in line with benchmark."
MPWR,0.7052239535183642,Up,good,0.7215785396901242,0.6448455447766352,0.5341805183012216,-0.29813183106592744,0.5714285714285714,0.1770045676883397,0.10735792510433298,1.3028361477811778,2.4203337735196673,0.37874511312237535,2.475216463884411,-0.013816427017673605,0.857357925104333,0.4717873836624014,0.31101204980913744,0.7058325488249835,0.8224227723883175,"Uptrend is good and smooth (R² 64%), drawdown deep (-29.8%), volatility high (53%), 57% days above EMA, outperforming benchmark."
FITB,0.7044391700397294,Up,good,0.3321599257446901,0.6798768661594503,0.2620138902377013,-0.2120551924473493,0.729064039408867,0.02889090029248298,0.20794496227252546,1.2078592988429333,1.5663843073645147,0.11841015396586031,0.7619176265273652,0.07293823807838203,0.8546133627835746,0.7279245428420239,0.6159597493714727,0.5407319156890691,0.839938433079725,"Uptrend is good and smooth (R² 68%), drawdown deep (-21.2%), volatility moderate (26%), 73% days above EMA, in line with benchmark."
FFIV,0.701025875316672,Up,good,0.607572223657332,0.5490347520144121,0.3618699157136267,-0.34729142990354633,0.7741379310344827,0.0485531096229152,0.37634705719812117,1.583428691078775,1.7494593051895169,0.14430228287630667,1.0100660952046265,0.05644147595139168,1,0.5626474602935794,0.4058247112039519,0.5629833379105459,0.7745173760072059,"Uptrend is good and choppy (R² 55%), drawdown deep (-34.7%), volatility high (36%), 77% days above EMA, in line with benchmark."
FTV,0.6961678052892005,Up,good,0.26853644314544467,0.7557261898674122,0.26846978553440676,-0.14947729755031994,0.7339901477832512,-0.017687385975625053,-0.03196590303676086,1.033850886617279,1.7965031984542317,-0.06873937403921243,0.6617450916837813,0.03454897251693208,0.5756035061355138,0.7593933093992994,0.7160401712428034,0.4619580805956828,0.8778630949337061,"Uptrend is good and smooth (R² 76%), drawdown moderate (-14.9%), volatility moderate (27%), 73% days above EMA, in line with benchmark."
ROK,0.6959703573671666,Up,good,0.3216152073706229,0.6391618449815121,0.3093181168037714,-0.190095512537473,0.704433497536946,0.06626892883710533,0.12892163429336906,1.043753280749501,1.6918611232720382,0.25887901261054125,1.3976154228753426,0.015318092291033952,0.7897292379786804,0.6602628056869846,0.6067233693137908,0.5921568300981594,0.819580922490756,"Uptrend is good and smooth (R² 64%), drawdown moderate (-19.0%), volatility moderate (31%), 70% days above EMA, outperforming benchmark."
CRL,0.6946581345061631,Up,good,0.4666824163128491,0.3765265661467593,0.4570440117667448,-0.33884552630418485,0.7248768472906403,0.4271782330490682,0.6162453377538334,1.0819905377256973,1.377271883748891,1.0029410139367887,1.2885926586815246,0.5756991867268597,0.9833412081564246,0.395480274248321,0.3723770630589939,0.9005882027873577,0.6882632830733797,"Uptrend is good and choppy (R² 38%), drawdown deep (-33.9%), volatility high (46%), 72% days above EMA, outperforming benchmark."
MGM,0.6925846564100615,Up,good,0.4453036601996654,0.7009928176153111,0.3736054867303026,-0.19786940224896432,0.6699507389162561,-0.02525665263180983,0.12234775420225952,1.4234965941259163,2.2504927752264243,-0.07072547411420119,0.8343812779539987,-0.0021749707199327506,0.8449995843020922,0.626890922077353,0.5903720640742182,0.44910698910376146,0.8504964088076554,"Uptrend is good and smooth (R² 70%), drawdown moderate (-19.8%), volatility high (37%), 67% days above EMA, in line with benchmark."
VRTX,0.6920635442767618,Up,good,0.23749003264472357,0.5590229947339327,0.28579555492334036,-0.15211250676122365,0.7593596059113301,0.13079781477022032,0.04504650879402078,0.9752644348423002,1.5612788040993897,0.4623432568173707,0.5304972841318732,0.23951282561082518,0.653227380502762,0.6437159424436261,0.7283177637586022,0.6770321404519575,0.7795114973669663,"Uptrend is good and choppy (R² 56%), drawdown moderate (-15.2%), volatility moderate (29%), 76% days above EMA, outperforming benchmark."
CRWD,0.6898495798538173,Up,good,0.7974473692672837,0.44306608653909463,0.5326940101455093,-0.37178935284832826,0.6460591133004927,0.5260592659320743,0.8899647090761017,1.6106085630779476,2.1448902803642227,1.064443289265214,1.6382393622457705,0.7051624866592408,1,0.3720125356604153,0.29981665472566654,0.9128886578530429,0.7215330432695473,"Uptrend is good and choppy (R² 44%), drawdown deep (-37.2%), volatility high (53%), 65% days above EMA, outperforming benchmark."
NSC,0.6896184874663773,Up,good,0.19743186806901392,0.6840317971850786,0.205271382940736,-0.12472076267186857,0.7396551724137932,0.021363473991546228,0.08650356230676169,0.9796706483419872,1.5829911863868493,0.09620252727367118,0.27060342459490516,0.14383294204329128,0.6680457545726559,0.7867445156518034,0.8113900377070405,0.5309837267189134,0.8420158985925392,"Uptrend is good and smooth (R² 68%), drawdown moderate (-12.5%), volatility moderate (21%), 74% days above EMA, in line with benchmark."
ON,0.6881883544230301,Up,good,1.2323049984468635,0.6207645044148911,0.6269901875864777,-0.476069588591055,0.625615763546798,0.22692269582410404,0.18450371370695476,1.8790368194824796,2.58849762299229,0.4006936420063103,2.6157534811490946,0.0347003859457945,0.922944969615125,0.4036347053108261,0.16702825857463682,0.7412229569236602,0.8103822522074455,"Uptrend is good and smooth (R² 62%), drawdown deep (-47.6%), volatility high (63%), 63% days above EMA, outperforming benchmark."
PANW,0.6872887499418836,Up,good,0.8939242093195949,0.4264181016068431,0.4506286724423366,-0.3600596259824736,0.5573891625615763,0.3895246055120547,1.0523252288849814,2.027890751292049,2.4827115977816074,0.9325515198862977,1.3241510980349345,0.5036860621773999,1,0.4252375464716691,0.34934419776002784,0.8865103039772595,0.7132090508034215,"Uptrend is good and choppy (R² 43%), drawdown deep (-36.0%), volatility high (45%), 56% days above EMA, outperforming benchmark."
BALL,0.6862040368147114,Up,good,0.33599591959144703,0.5679522982884977,0.25759990107678343,-0.22343565525383716,0.7593596059113301,0.02648729632103511,-0.02877580881157529,1.4125152945386354,1.5037703772467927,0.0965862245744543,0.21376633175564816,0.1592030296233791,0.6200862381244506,0.6763762480674654,0.6445526168111432,0.5361459187784805,0.7839761491442487,"Uptrend is good and choppy (R² 57%), drawdown deep (-22.3%), volatility moderate (26%), 76% days above EMA, in line with benchmark."
PH,0.6817349510914349,Up,good,0.2884649716147707,0.5694475590786537,0.2629504681857371,-0.19522589978690547,0.7593596059113301,0.049506127626433805,-0.006528581150051023,1.1481889950183455,1.4775958104413311,0.2057122218658699,0.826143241401322,0.08752264489085951,0.6312091185089875,0.6717733113535898,0.6559264033691525,0.5700773498130207,0.7847237795393269,"Uptrend is good and choppy (R² 57%), drawdown moderate (-19.5%), volatility moderate (26%), 76% days above EMA, in line with benchmark."
KEY,0.6686055294213226,Up,good,0.28402765623425097,0.6427334746279729,0.23704475582926654,-0.1856958207669109,0.7241379310344827,-0.027870255457425316,0.10585241730279908,1.131405984264326,1.5295317636187846,-0.13039438181227517,0.8072622021681276,-0.0007349039985135863,0.744980808698576,0.7343219814847199,0.6704167125943835,0.4372967269368524,0.8213667373139864,"Uptrend is good and smooth (R² 64%), drawdown moderate (-18.6%), volatility moderate (24%), 72% days above EMA, in line with benchmark."
KMI,0.6603347875893483,Up,good,0.25671336012094725,0.5955481828956604,0.2087819350675719,-0.10084523462547364,0.5960591133004927,-0.027532310854772937,-0.06438935912938329,1.1804257214041451,2.5456171635114737,-0.10821212217331037,-0.15627908116558237,0.15635595128704127,0.5137561015300067,0.7389921563802583,0.8312569139440676,0.4406321871551393,0.7977740914478302,"Uptrend is good and choppy (R² 60%), drawdown moderate (-10.1%), volatility moderate (21%), 60% days above EMA, in line with benchmark."
IRM,0.659765964058455,Up,good,0.4362065674259843,0.536755525541589,0.32781532494568216,-0.25925230133383426,0.6157635467980296,-0.0027241904067087652,0.0493540291848685,1.2936006561200915,1.6825562017453006,-0.009238988269474587,1.1007241442640943,-0.019556963141839384,0.7674573128978607,0.5905624378251124,0.5183573524009505,0.4943093494391456,0.7683777627707944,"Uptrend is good and choppy (R² 54%), drawdown deep (-25.9%), volatility moderate (33%), 62% days above EMA, in line with benchmark."
PNW,0.6565457566584798,Up,good,0.21207434031646089,0.672971249519061,0.16635951446057973,-0.1168510560482765,0.645320197044335,-0.052626556319623055,-0.03995626677268657,1.3039230452160864,1.814911627575221,-0.2395234520457687,-0.13576436495322292,0.12488230598252906,0.5247522521339234,0.8201261102989508,0.8620801210686346,0.3824363522221065,0.8364856247595305,"Uptrend is good and smooth (R² 67%), drawdown moderate (-11.7%), volatility low (17%), 65% days above EMA, underperforming benchmark."
EVRG,0.65624023762284,Up,good,0.16083990341287935,0.6501657747503471,0.16269480395918007,-0.08487461704300454,0.6305418719211823,-0.022443467403619133,0.004196494692668519,0.9285295855972745,1.8950295037135128,-0.10744898677164098,-0.03044216542266712,0.141683134237685,0.5614050304622333,0.8123880834159936,0.9070307566566451,0.449200503426519,0.8250828873751734,"Uptrend is good and smooth (R² 65%), drawdown shallow (-8.5%), volatility low (16%), 63% days above EMA, in line with benchmark."
RTX,0.6529087721987287,Up,good,0.23459437283095563,0.4613223935917429,0.25966821766621023,-0.19315610859728502,0.7544334975369459,0.0953553006757151,-0.04409919907362726,0.949751356116049,1.214532507072122,0.35867585443648287,0.38441779300365725,0.21692362663212214,0.5328300914749962,0.6209929791296612,0.6632597430140201,0.6312228861193634,0.7306611967958714,"Uptrend is good and choppy (R² 46%), drawdown moderate (-19.3%), volatility moderate (26%), 75% days above EMA, outperforming benchmark."
L,0.6514066336334461,Up,good,0.13906517386220618,0.6420941402927243,0.16394468274420076,-0.09338358458961478,0.6798029556650246,-0.023608343015955713,0.0027578599007170176,0.7926995139155617,1.4891822205513374,-0.11447758449484498,0.015505819422531847,0.1328816543261356,0.549344693144556,0.8071023874021614,0.8878004362993082,0.44638241081657815,0.8210470701463621,"Uptrend is good and smooth (R² 64%), drawdown shallow (-9.3%), volatility low (16%), 68% days above EMA, in line with benchmark."
EBAY,0.6485214060367721,Up,moderate,0.34992285163822445,0.6072883345595297,0.3645589539379645,-0.20255071299457725,0.6354679802955665,-0.009887719067380701,0.14561518324607323,0.8142023108717228,1.7275814360998705,-0.02802094088029638,0.7239785264079635,0.03340670263578999,0.8205766090651855,0.5890852133418003,0.47575658713503965,0.4800343301427741,0.8036441672797647,"Uptrend is moderate and smooth (R² 61%), drawdown deep (-20.3%), volatility high (36%), 64% days above EMA, in line with benchmark."
SWK,0.6476081290772828,Up,moderate,0.3521148938134504,0.505151524061437,0.37631758851745745,-0.26946498477598946,0.8184729064039408,-0.002290919759241089,0.21006238133984284,1.0006441135377815,1.3067185486313524,-0.0070483054243725436,1.5642367664101187,-0.09443666834136005,0.8659989304977207,0.5262581735132611,0.49601302358233357,0.495304580422817,0.7525757620307185,"Uptrend is moderate and choppy (R² 51%), drawdown deep (-26.9%), volatility high (38%), 82% days above EMA, in line with benchmark."
APH,0.6448269660142093,Up,moderate,0.2745683988248211,0.5098371845416839,0.45183528807170714,-0.2832912306026705,0.7593596059113301,0.1484059162974198,0.19295376839601613,0.5715834073825586,0.9692089594185724,0.36742152412463275,1.7030499565428325,0.07245876092651599,0.8114022412018568,0.4660421262170616,0.37725817432343184,0.6851480687098831,0.7549185922708419,"Uptrend is moderate and choppy (R² 51%), drawdown deep (-28.3%), volatility high (45%), 76% days above EMA, outperforming benchmark."
HUM,0.6432155127826503,Up,moderate,0.5890368377125641,0.24416579108374825,0.4811668508358379,-0.45084552409072615,0.6854679802955664,0.2316013100324695,1.344135712196549,1.087178409409605,1.3065158823535952,0.4845290996290114,0.5369776280695631,0.3796603702350916,1,0.31120775741499573,0.2309361523896758,0.7527177811344934,0.6220828955418741,"Uptrend is moderate and choppy (R² 24%), drawdown deep (-45.1%), volatility high (48%), 69% days above EMA, outperforming benchmark."
RVTY,0.6429500189212898,Up,moderate,0.2623288492982243,0.3775471599856455,0.3773379558226992,-0.30140127388535026,0.779064039408867,0.23240377137935628,0.3493250027892447,0.7305734332124201,0.8703641027012093,0.68270529899629,1.2748822305542717,0.26083235033573593,0.8746986847833191,0.46143562417012357,0.4648765169350262,0.7913395677665299,0.6887735799928227,"Uptrend is moderate and choppy (R² 38%), drawdown deep (-30.1%), volatility high (38%), 78% days above EMA, outperforming benchmark."
KIM,0.6405859245175308,Up,moderate,0.2463433769439214,0.6639612316578475,0.17795460169657526,-0.11932324131789847,0.6600985221674877,-0.1066550846948987,0.005179110919292077,1.455030426164267,2.064504569462864,-0.5119944839259496,0.13421999749952698,0.0227462732820615,0.6192474565869999,0.8040260141323485,0.8517105155807689,0.25841997349225,0.8319806158289238,"Uptrend is moderate and smooth (R² 66%), drawdown moderate (-11.9%), volatility low (18%), 66% days above EMA, underperforming benchmark."
PM,0.6399132239566817,Up,moderate,0.24142889586990224,0.596713470260178,0.2828183371133303,-0.1925711275026344,0.7298029556650246,-0.012102176624108424,0.13743706545193002,0.8214480363559908,1.25371284366915,-0.03805525035267413,-0.16519534530421034,0.17546254208947595,0.748237281205415,0.6655383980167586,0.6172368348309119,0.4750929696267752,0.7983567351300889,"Uptrend is moderate and choppy (R² 60%), drawdown moderate (-19.3%), volatility moderate (28%), 73% days above EMA, in line with benchmark."
LYB,0.6386987903454618,Up,moderate,0.5357003986358773,0.4436732819416773,0.4335442338975939,-0.36173828599174557,0.6608374384236453,0.01710298725660145,-0.04556924447083282,1.2862852284432937,1.48090600132965,0.037027193880111886,-0.3209915273145484,0.23497790956312567,0.6741272079560634,0.44667846554764323,0.36634309191230174,0.5208057066446126,0.7218366409708386,"Uptrend is moderate and choppy (R² 44%), drawdown deep (-36.2%), volatility high (43%), 66% days above EMA, in line with benchmark."
DOW,0.6372197559774745,Up,moderate,0.5503261755147504,0.42191430260680296,0.4438729759530322,-0.35466921423453546,0.5812807881773399,0.06808701919216029,-0.13762001745708458,1.3604460803325578,1.551660401939569,0.14801427641490628,0.007087668554200178,0.24373924894519106,0.5208626709339541,0.4280524193386273,0.3806089013195519,0.5828884468336509,0.7109571513034014,"Uptrend is moderate and choppy (R² 42%), drawdown deep (-35.5%), volatility high (44%), 58% days above EMA, outperforming benchmark."
D,0.6369730480839824,Up,moderate,0.17730235822555507,0.6763020877547308,0.20271250544113256,-0.10720192452262821,0.6551724137931035,-0.05956715520102264,0.04565182446551995,0.926801258515176,1.653910216771622,-0.24476301243290047,-0.0637726760427132,0.10551592418231176,0.6138078926855141,0.7854385384362328,0.8478914189298734,0.37022531003618475,0.8381510438773654,"Uptrend is moderate and smooth (R² 68%), drawdown moderate (-10.7%), volatility moderate (20%), 66% days above EMA, underperforming benchmark."
DDOG,0.6338276968125032,Up,moderate,0.8615656103228113,0.38650125763970744,0.6758312087349736,-0.4862307230122171,0.4975369458128079,0.31591408657274334,0.7391167934739981,1.4928446699721165,1.7719275429273182,0.4819055030449289,1.2140647479427689,0.3991274186157734,1,0.2742928266361103,0.19559473587835735,0.7981905503044928,0.6932506288198537,"Uptrend is moderate and choppy (R² 39%), drawdown deep (-48.6%), volatility high (68%), 50% days above EMA, outperforming benchmark."
ELV,0.626812679456787,Up,moderate,0.25719715862866765,0.3808118088449395,0.35770419819588756,-0.2649438378760506,0.719950738916256,0.15585692169477408,0.43738569308809827,0.655166248994965,0.970761051438354,0.4286791258144028,0.3397345330705113,0.30431649704281255,0.871286110488064,0.4827017062265822,0.45872434353172653,0.6967627655084652,0.6904059044224697,"Uptrend is moderate and choppy (R² 38%), drawdown deep (-26.5%), volatility high (36%), 72% days above EMA, outperforming benchmark."
ANET,0.6267942781659234,Up,moderate,0.39772279897542484,0.47909542016572326,0.5472636985103169,-0.2832808739122385,0.6559113300492612,0.07617780265381793,0.3672140635173264,0.6933939213320275,1.403987475337431,0.153389760598027,2.041784364650157,-0.07702370489101545,0.9488613994877124,0.37909993620012394,0.3073479482257121,0.5915167787136206,0.7395477100828616,"Uptrend is moderate and choppy (R² 48%), drawdown deep (-28.3%), volatility high (55%), 66% days above EMA, outperforming benchmark."
RF,0.623840478018458,Up,moderate,0.22399411722848028,0.5582502607695481,0.24170906855556115,-0.19224555735056542,0.7839901477832513,-0.04788041673838028,0.1426936283861121,0.8268363342145293,1.1651458702893218,-0.21341168413588826,0.7328461520297401,-0.011118222513802359,0.7418997163430514,0.6874160618292129,0.640726639654837,0.3936026456136108,0.7791251303847739,"Uptrend is moderate and choppy (R² 56%), drawdown moderate (-19.2%), volatility moderate (24%), 78% days above EMA, in line with benchmark."
BAC,0.6225951802918633,Up,moderate,0.1879577753535291,0.3896011125342377,0.21331811796385808,-0.18393013100436684,0.7396551724137932,0.07141397483656833,0.2893652102225886,0.8014843803813707,1.0218976865137264,0.36556721240300855,0.7132302619913612,0.13305968063964976,0.8179197854081183,0.6314824383032608,0.6895927157293775,0.6079706960768692,0.6948005562671189,"Uptrend is moderate and choppy (R² 39%), drawdown moderate (-18.4%), volatility moderate (21%), 74% days above EMA, outperforming benchmark."
ALB,0.622387684978229,Up,moderate,0.5138696854076787,0.21424957433485026,0.5740780357446179,-0.47518783044244506,0.5960591133004927,0.35999636474835106,-0.2731547619047619,0.9082214394448489,1.0814032946281835,0.6625509862256168,1.4689301989997001,0.4299251586650429,0.5219157738095238,0.22656626035896169,0.20685469812288856,0.8325101972451234,0.6071247871674251,"Uptrend is moderate and choppy (R² 21%), drawdown deep (-47.5%), volatility high (57%), 60% days above EMA, outperforming benchmark."
KDP,0.6211868043870848,Up,moderate,0.19747821104101582,0.5640094101953114,0.26892456591325264,-0.18433773767321954,0.734729064039409,-0.013377395352627885,0.13779385171790243,0.7503976785430876,1.071284770734741,-0.04562935448716291,0.06621374207477673,0.13635731968995043,0.7193668620601779,0.663080139184403,0.660328652063433,0.47202296742697925,0.7820047050976557,"Uptrend is moderate and choppy (R² 56%), drawdown moderate (-18.4%), volatility moderate (27%), 73% days above EMA, in line with benchmark."
NEM,0.619732934273726,Up,moderate,0.3123114174264856,0.3035295584472931,0.5012937642457176,-0.323986358469117,0.6608374384236453,0.3250934038858547,0.08544875656139754,0.5641909598494863,0.9639647141385915,0.7053934104245992,1.627074162178656,0.3467388210264223,0.7416044652746403,0.32579445603935836,0.29184306304544655,0.8410786820849199,0.6517647792236465,"Uptrend is moderate and choppy (R² 30%), drawdown deep (-32.4%), volatility high (50%), 66% days above EMA, outperforming benchmark."
CBOE,0.6153052109109978,Up,moderate,0.27623463869940657,0.42532730579868416,0.3360010430391664,-0.3686664848650123,0.8086206896551724,0.05359735599835669,0.012288732394366229,0.753159328230041,0.7492805829652517,0.14363644875866405,-0.33175543393727586,0.2808687424835195,0.6462347671294716,0.5266626098601757,0.40673227151104735,0.5679610008742231,0.712663652899342,"Uptrend is moderate and choppy (R² 43%), drawdown deep (-36.9%), volatility moderate (34%), 81% days above EMA, outperforming benchmark."
MET,0.6098854328059091,Up,moderate,0.2123452703680737,0.359646367183176,0.23858423804627665,-0.18325491615393893,0.7051724137931035,0.04999285626294661,0.3833619210977703,0.8676609903142747,1.1587425583153148,0.22349608212580288,0.6965618998518152,0.10919457167489101,0.841459604794769,0.5912389455453113,0.6803846335768757,0.5723424644755268,0.679823183591588,"Uptrend is moderate and choppy (R² 36%), drawdown moderate (-18.3%), volatility moderate (24%), 71% days above EMA, in line with benchmark."
NVDA,0.6071347370098585,Up,moderate,0.21892543955806776,0.5250568319184936,0.3792095816061194,-0.20223145285935087,0.6559113300492612,0.058040183284093716,0.17378917378917386,0.5935104486142416,1.082548913448826,0.18711950816969206,1.9185920671769205,-0.07963551113065559,0.7616552178759157,0.5333188343531274,0.5294610600162872,0.5767521341010629,0.7625284159592467,"Uptrend is moderate and choppy (R² 53%), drawdown deep (-20.2%), volatility high (38%), 66% days above EMA, outperforming benchmark."
AEP,0.6035101850349185,Up,moderate,0.1704287752137179,0.4973390764415616,0.19115589071698574,-0.12798327204556925,0.5812807881773399,-0.01936870877517588,-0.059347859210726744,0.8885786006144314,1.331648835740312,-0.08331239641146398,-0.0435161257208911,0.14732396417320798,0.4647709499312624,0.7075136475037951,0.8162257675996507,0.4573370503378992,0.7486695382207809,"Uptrend is moderate and choppy (R² 50%), drawdown moderate (-12.8%), volatility low (19%), 58% days above EMA, in line with benchmark."
EME,0.6029134999298414,Up,moderate,0.34625315194786155,0.5258501997466442,0.45009108323638636,-0.2874384105960265,0.5665024630541872,0.015071896709626609,0.039087450359632445,0.7231086290894156,1.2046168472399983,0.038287295571508236,1.9052727027681076,-0.12950385576767032,0.7122140263335632,0.47535678744603227,0.3752913829011877,0.5189006262667775,0.7629250998733221,"Uptrend is moderate and choppy (R² 53%), drawdown deep (-28.7%), volatility high (45%), 57% days above EMA, in line with benchmark."
LUV,0.6010750076066861,Up,moderate,0.3880807265480364,0.38274894766086887,0.4352713502532966,-0.3377737226277372,0.5911330049261084,0.06795936767780067,-0.07550776583034656,0.9816534061632564,1.1489369970195784,0.17312462784370425,1.534316384992405,-0.004803769641929856,0.5683199331664912,0.41492096114046195,0.40133595365979025,0.5852718304621711,0.6913744738304344,"Uptrend is moderate and choppy (R² 38%), drawdown deep (-33.8%), volatility high (44%), 59% days above EMA, outperforming benchmark."
REG,0.6008903989042443,Up,moderate,0.16141201508809244,0.5980908712576979,0.15725088052397676,-0.09567005321722315,0.6305418719211823,-0.10639490042830217,-0.03038496201879747,1.0343620724777998,1.6871738821091613,-0.5378272297728467,0.05405671507347739,0.03605666786353677,0.5069980282722837,0.7917945551048722,0.9026100736979012,0.25562408706527107,0.799045435628849,"Uptrend is moderate and choppy (R² 60%), drawdown shallow (-9.6%), volatility low (16%), 63% days above EMA, underperforming benchmark."
AFL,0.5928120900925515,Up,moderate,0.12325204796334988,0.5763298454025407,0.17362423956293938,-0.11640293323041305,0.6650246305418719,-0.08475577042674456,0.047013628464282455,0.7170223469599899,1.0588397091281143,-0.3730660426105518,-0.16293129037598822,0.09429494777450578,0.5883030645320046,0.764540683138331,0.8535013091522796,0.3122483869131513,0.7881649227012704,"Uptrend is moderate and choppy (R² 58%), drawdown moderate (-11.6%), volatility low (17%), 67% days above EMA, underperforming benchmark."
ED,0.5901466859870018,Up,moderate,0.14093584916487423,0.5190368890562607,0.17339601991528825,-0.1037588775333448,0.5763546798029556,-0.05532559005760217,-0.04483622695543217,0.7932913373379827,1.358301598044774,-0.22228800591455544,-0.480895742584237,0.17802903121439043,0.47256119158943827,0.7361224246128422,0.8667020490469596,0.38009689181477296,0.7595184445281302,"Uptrend is moderate and choppy (R² 52%), drawdown moderate (-10.4%), volatility low (17%), 58% days above EMA, underperforming benchmark."
EIX,0.5890069958328863,Up,moderate,0.3667949226184186,0.5854689322426865,0.38805130727703785,-0.328439910425479,0.7881773399014779,-0.129080321055393,-0.2066265902418566,0.7608762185393075,1.1167793893965337,-0.31902665006298553,0.06281182514348797,0.011104464251034557,0.510864258457259,0.5546831588443054,0.3421182335699915,0.24520293418489747,0.7927344661213431,"Uptrend is moderate and choppy (R² 59%), drawdown deep (-32.8%), volatility high (39%), 79% days above EMA, underperforming benchmark."
UPS,0.5885063296239449,Up,moderate,0.223293852236351,0.41275106444574106,0.2991638806364066,-0.21000000000000002,0.6354679802955665,0.025748162584796397,-0.008234126984126967,0.6723722475140216,1.063304058268338,0.0921999179087147,0.8298714778393034,0.05811601349216175,0.5850305903086019,0.557211651586464,0.5604014443830173,0.5349681543756679,0.7063755322228704,"Uptrend is moderate and choppy (R² 41%), drawdown deep (-21.0%), volatility moderate (30%), 64% days above EMA, in line with benchmark."
ALGN,0.5841927229628672,Up,moderate,0.31154901218865705,0.4431916512759845,0.3910392196684298,-0.2368993974988608,0.6206896551724138,-0.024566577910458104,-0.13780676162690925,0.8352578116101851,1.3151110364903111,-0.07051458156504853,1.4261060690452947,-0.09762554918940658,0.42632624798552465,0.48055660596956246,0.49932802777746477,0.4502823250834562,0.7215958256379922,"Uptrend is moderate and choppy (R² 44%), drawdown deep (-23.7%), volatility high (39%), 62% days above EMA, in line with benchmark."
MCHP,0.5834510315107864,Up,moderate,0.4622817066824543,0.44375776176933934,0.49275875715917467,-0.30654877574815387,0.5714285714285714,-0.049656033285293805,0.08800729594163234,1.0225579788145371,1.5080200713710998,-0.11482800603405947,2.1456207439313784,-0.24286084689616688,0.8191481492828595,0.4023098130152887,0.38102570761888155,0.40296920382572843,0.7218788808846697,"Uptrend is moderate and choppy (R² 44%), drawdown deep (-30.7%), volatility high (49%), 57% days above EMA, in line with benchmark."
GILD,0.5788469985739766,Up,moderate,0.1857797006046331,0.3543067997107969,0.2672623150521895,-0.22028241335044932,0.6115763546798029,0.0782263663386781,-0.008150684931506834,0.7540786584624037,0.8433705522786082,0.2842426345047511,0.35105657198363055,0.20053467344939238,0.5602226104911221,0.559891084803209,0.6384217154559181,0.6066506297891532,0.6771533998553985,"Uptrend is moderate and choppy (R² 35%), drawdown deep (-22.0%), volatility moderate (27%), 61% days above EMA, outperforming benchmark."
EW,0.5787265882566913,Up,moderate,0.14444467559279905,0.4533220142421869,0.24695529294823781,-0.13185543181340628,0.7100985221674877,-0.04712369284755234,0.019743800681631125,0.6110214190860258,1.0954776273245102,-0.19599466248411887,0.5823210488259323,0.014204851116969036,0.5681327670052188,0.6297057141728557,0.7658181417259113,0.3970397185983105,0.7266610071210935,"Uptrend is moderate and choppy (R² 45%), drawdown moderate (-13.2%), volatility moderate (25%), 71% days above EMA, in line with benchmark."
TDY,0.5771137984153426,Up,moderate,0.2546312328675273,0.47543388747855686,0.26237892294784726,-0.18387183720225056,0.5517241379310345,-0.05974399586370932,-0.08982712055785282,1.0203245594540558,1.3848299812626808,-0.2707015004165841,1.0982269234651254,-0.08366231047489511,0.47001761412808074,0.6253380207914312,0.6746331891800786,0.366688559334851,0.7377169437392783,"Uptrend is moderate and choppy (R² 48%), drawdown moderate (-18.4%), volatility moderate (26%), 55% days above EMA, underperforming benchmark."
CINF,0.5765812958655984,Up,moderate,0.11694258196448004,0.47336155113060674,0.20951323198115374,-0.1241472686559392,0.625615763546798,-0.042626648397178696,0.03408536585365856,0.5109580923181747,0.9419666113523112,-0.17480812818971755,0.013999475557911126,0.11165282530350976,0.5732611308117594,0.6771675435841497,0.7849098732527074,0.4071756143949828,0.7366807755653033,"Uptrend is moderate and choppy (R² 47%), drawdown moderate (-12.4%), volatility moderate (21%), 63% days above EMA, in line with benchmark."
JPM,0.5752812933240322,Up,moderate,0.13567657486352824,0.34295567413853734,0.2211096227696453,-0.15471743223454182,0.675615763546798,0.012379855470091489,0.22968836950473018,0.5708169205149323,0.8769314026479651,0.06240889974527546,0.7795225728945643,0.05039852390411653,0.7484444182999276,0.6003682142996234,0.7302354265378475,0.518620745444619,0.6714778370692687,"Uptrend is moderate and choppy (R² 34%), drawdown moderate (-15.5%), volatility moderate (22%), 68% days above EMA, in line with benchmark."
LYV,0.5747928490429122,Up,moderate,0.2644912780221307,0.5016615226975041,0.3140424811362719,-0.2783522923129955,0.7142857142857143,-0.1549021656529826,0.025628655852378942,0.8393786506972865,0.9502033406095369,-0.5091596829340549,0.6614013219434808,-0.11238534525103266,0.6517653557370958,0.5867882802124802,0.5261321290314225,0.30701173131300263,0.7508307613487519,"Uptrend is moderate and choppy (R² 50%), drawdown deep (-27.8%), volatility moderate (31%), 71% days above EMA, underperforming benchmark."
CL,0.5728884337766899,Up,moderate,0.19695382982779153,0.5410053302116555,0.22571442258845992,-0.17480330845269315,0.6403940886699507,-0.09514003326110684,-0.01908269166387673,0.9018635638940421,1.1267168314556983,-0.3562793017635289,-0.1341742140429129,0.07854336702886315,0.5494516152151266,0.6947882425173679,0.7194096432183428,0.29705693189981597,0.7705026651058278,"Uptrend is moderate and choppy (R² 54%), drawdown moderate (-17.5%), volatility moderate (23%), 64% days above EMA, underperforming benchmark."
PKG,0.5676744551562345,Up,moderate,0.1912718642286253,0.5037039812279125,0.27993437636862223,-0.17693150907393126,0.6403940886699507,-0.06311631675907556,0.04416389612723508,0.7123182341019975,1.0810503184523332,-0.23846079095538267,0.7347238513047104,-0.028244323984874406,0.6216096858392709,0.621917614245334,0.6660824949133852,0.36510373372671634,0.7518519906139562,"Uptrend is moderate and choppy (R² 50%), drawdown moderate (-17.7%), volatility moderate (28%), 64% days above EMA, underperforming benchmark."
VZ,0.5647237956579532,Up,moderate,0.20419995566396176,0.3896448489589589,0.25031069805610506,-0.18275593616193073,0.5376847290640394,-0.011200691378508737,-0.014009471191791651,0.9002407176873839,1.1173369246021676,-0.03793427266533025,-0.264180236001314,0.1926011589039213,0.5627172009822015,0.5945117264233744,0.6990379245224942,0.4766090647716167,0.6948224244794794,"Uptrend is moderate and choppy (R² 39%), drawdown moderate (-18.3%), volatility moderate (25%), 54% days above EMA, in line with benchmark."
HAS,0.5616116042437288,Up,moderate,0.20606033861656226,0.34099494624838134,0.3057581273918845,-0.28393430243534074,0.734729064039409,-0.0008469446970755246,-0.04359817545348467,0.7460913046866385,0.725732455885592,-0.0029112259746981407,0.7477034450493715,0.04004449463560435,0.5146891630499619,0.5147393457323062,0.5608627832329524,0.498225933832532,0.6704974731241906,"Uptrend is moderate and choppy (R² 34%), drawdown deep (-28.4%), volatility moderate (31%), 73% days above EMA, in line with benchmark."
LIN,0.5568011124698986,Up,moderate,0.19368698765635517,0.4443097996312121,0.19283590024268357,-0.1948137885398788,0.6403940886699507,-0.17381138611266175,-0.04138718720797426,0.9788508673093725,0.9942160106224054,-0.7749387192819273,0.09031038594511515,-0.03821987785567569,0.5101421800901991,0.6793189995729225,0.7099075124802832,0.25800015268568655,0.722154899815606,"Uptrend is moderate and choppy (R² 44%), drawdown moderate (-19.5%), volatility low (19%), 64% days above EMA, underperforming benchmark."
TPR,0.55675251984911,Up,moderate,0.3228003443336409,0.42217857546376625,0.4225312422767209,-0.3099283893676417,0.6502463054187192,-0.05443703625603412,-0.20320451107137935,0.6612514373687254,1.0415320293576924,-0.13817810247160076,1.1691758690800398,-0.08935164043637814,0.49172440542221874,0.44419085602434244,0.35142934957044514,0.3920900718247531,0.7110892877318831,"Uptrend is moderate and choppy (R² 42%), drawdown deep (-31.0%), volatility high (42%), 65% days above EMA, underperforming benchmark."
GRMN,0.556617515410552,Up,moderate,0.2753923611246263,0.34728067201633883,0.3369450848450058,-0.2797474689148092,0.5672413793103448,-0.0072176990425841525,0.1529501461307128,0.8585166828292219,0.9844320028807511,-0.02322525855057283,0.9903153260167527,-0.006819458754742158,0.7853477673248006,0.48669525116316364,0.519412450547337,0.48507937377527577,0.6736403360081694,"Uptrend is moderate and choppy (R² 35%), drawdown deep (-28.0%), volatility moderate (34%), 57% days above EMA, in line with benchmark."
DOC,0.5558478495076238,Up,moderate,0.23333851396719552,0.37414892113593434,0.2834098458781135,-0.18533815178110488,0.5123152709359606,-0.02361937482064866,0.1933216168717048,0.9550697293180133,1.2589880266140878,-0.08274693715036294,0.44528325888352915,0.06297148185892332,0.7842289870078687,0.5536646146898536,0.677677088557467,0.45033037377982466,0.6870744605679672,"Uptrend is moderate and choppy (R² 37%), drawdown moderate (-18.5%), volatility moderate (28%), 51% days above EMA, in line with benchmark."
GE,0.5548752188317624,Up,moderate,0.19944969186750816,0.4126666494430543,0.3307978890034437,-0.209666223173483,0.6206896551724138,-0.015780730953223465,-0.0030755036137167465,0.5670925540213675,0.9512724026248071,-0.05428315409441993,1.2343948172885535,-0.05639640573533192,0.5777633315750546,0.5255354357180835,0.5410446181766806,0.46693968870108044,0.7063333247215271,"Uptrend is moderate and choppy (R² 41%), drawdown deep (-21.0%), volatility moderate (33%), 62% days above EMA, in line with benchmark."
DLR,0.5540251050115722,Up,moderate,0.19725815646901035,0.45710633267728784,0.26331742746263137,-0.17486613119143235,0.6460591133004927,-0.0861615777780548,0.026468796721856144,0.7832781745243876,1.128052385702207,-0.3515234529793915,0.7659509543332904,-0.05828145583458802,0.6078954707737481,0.6152357388760126,0.6858641468566509,0.3126005413771148,0.728553166338644,"Uptrend is moderate and choppy (R² 46%), drawdown moderate (-17.5%), volatility moderate (26%), 65% days above EMA, underperforming benchmark."
ETN,0.5528837567160119,Up,moderate,0.22532591337127195,0.4547494042073825,0.3840420921158755,-0.1855061250805932,0.5566502463054187,-0.028345234352476226,0.14997610950279647,0.5504446556051636,1.2146548437329443,-0.08711545368869708,1.735349450667437,-0.15221497952389085,0.7500678418946923,0.4933326099878158,0.5147264135515659,0.44191575309203995,0.7273747021036912,"Uptrend is moderate and choppy (R² 45%), drawdown moderate (-18.6%), volatility high (38%), 56% days above EMA, in line with benchmark."
APD,0.5517145769486012,Up,moderate,0.19968957319115743,0.5381441303048675,0.2666936732916833,-0.21648784462854812,0.7298029556650246,-0.12892676839395195,0.05747416183513983,0.7815955348228577,0.9224054751609112,-0.454286600063893,0.19519816383501795,-0.01026895353512721,0.6405177280072595,0.6523783918607504,0.6321444619767427,0.22855110561608338,0.7690720651524336,"Uptrend is moderate and choppy (R² 54%), drawdown deep (-21.6%), volatility moderate (27%), 73% days above EMA, underperforming benchmark."
DOV,0.5486381431731173,Up,moderate,0.23998275262183966,0.4313703569970303,0.26251300258424076,-0.1969054048261969,0.5714285714285714,-0.08544366420817076,-0.10920414566891698,0.9508831636167032,1.2187717895995083,-0.36661624754287625,0.9290848209554684,-0.08404418320303078,0.4280136279547766,0.6031721759142744,0.652263091868847,0.31190926815053616,0.7156851784985152,"Uptrend is moderate and choppy (R² 43%), drawdown moderate (-19.7%), volatility moderate (26%), 57% days above EMA, underperforming benchmark."
GD,0.5472016989774342,Up,moderate,0.11409845175806388,0.4084927507867677,0.22306165081941515,-0.15232308985868895,0.645320197044335,-0.0578967215584599,0.0011304224954075944,0.5473545889817376,0.7490555231246536,-0.25594386838332345,0.4447855025036439,0.02464388026918031,0.539353403834359,0.6311847245739688,0.7630610029852333,0.3716089750572488,0.7042463753933839,"Uptrend is moderate and choppy (R² 41%), drawdown moderate (-15.2%), volatility moderate (22%), 65% days above EMA, underperforming benchmark."
GNRC,0.5471766840997146,Up,moderate,0.5495984446630122,0.4063525666236535,0.542897284623865,-0.38837382418623545,0.5517241379310345,-0.1683105133459327,-0.14556485749223974,1.0099624418375608,1.4151274118810473,-0.3414487490047047,2.00933491738236,-0.344916006117459,0.5076345122754209,0.34600331984392796,0.2505867979825702,0.3167796277305581,0.7031762833118267,"Uptrend is moderate and choppy (R² 41%), drawdown deep (-38.8%), volatility high (54%), 55% days above EMA, underperforming benchmark."
REGN,0.5467992682879247,Up,moderate,0.15676405319301678,0.13507431729340058,0.3350481128833687,-0.2605168232238049,0.6805418719211823,0.2055960545227972,0.024010533653473814,0.5025201964199965,0.6017425333731474,0.6160258652733059,0.4994443681143995,0.34795882907377534,0.57850862902683,0.3824890457633316,0.5426566556087443,0.7601765493123214,0.5675371586467003,"Uptrend is moderate and choppy (R² 14%), drawdown deep (-26.1%), volatility moderate (34%), 68% days above EMA, outperforming benchmark."
LNT,0.545426378081835,Up,moderate,0.1169447296692332,0.4451786024659966,0.16441610998376097,-0.13815199282327312,0.6157635467980296,-0.10040229279449557,-0.05027538483265079,0.6688591524550331,0.8464932519564253,-0.4689064433533852,-0.08113213698701999,0.0643486007562249,0.4554679686928296,0.7081731912492373,0.8179299244454369,0.2742168770779917,0.7225893012329982,"Uptrend is moderate and choppy (R² 45%), drawdown moderate (-13.8%), volatility low (16%), 62% days above EMA, underperforming benchmark."
CHD,0.544724517795411,Up,moderate,0.18467904851898043,0.5324188253944062,0.23200114586723417,-0.13813414402432078,0.5812807881773399,-0.1400357026794822,-0.05748971606300796,0.8326446409799028,1.3369543773801837,-0.5234233156084545,-0.05516077006158629,0.01911916678087213,0.4773411900202137,0.6842082668299689,0.7710006249053644,0.20141264058760533,0.766209412697203,"Uptrend is moderate and choppy (R² 53%), drawdown moderate (-13.8%), volatility moderate (23%), 58% days above EMA, underperforming benchmark."
AEE,0.5437361951116811,Up,moderate,0.10616223240252642,0.4586500812679015,0.17217148956072095,-0.11299864773495598,0.541871921182266,-0.09465330490393595,-0.04023776863283029,0.5852267143549148,0.9395000252705261,-0.42780688698235125,-0.09687600324718315,0.07299381977874894,0.46856846308118394,0.7071535510732299,0.8490984290770067,0.28892638646215274,0.7293250406339506,"Uptrend is moderate and choppy (R² 46%), drawdown moderate (-11.3%), volatility low (17%), 54% days above EMA, underperforming benchmark."
WSM,0.5411891339112966,Up,moderate,0.22599625595219375,0.3656356740786425,0.33464412297884694,-0.23578193682874882,0.6706896551724139,-0.05118686723751262,0.20439252839532754,0.7182138067786189,0.9584969018060848,-0.17228353279528022,1.1971043307954934,-0.0902959292074891,0.7867085415911017,0.49817371406047434,0.558499231795524,0.39323842445013146,0.6828178370393212,"Uptrend is moderate and choppy (R² 37%), drawdown deep (-23.6%), volatility moderate (33%), 67% days above EMA, underperforming benchmark."
TFC,0.5406561938890008,Up,moderate,0.1433721674638726,0.3823934614635991,0.24142660276625919,-0.2146568715284,0.6748768472906402,-0.040816776526609935,0.10251916757940854,0.5252156104834168,0.6679132442536501,-0.1795174664547545,0.6871548242750664,0.004198983263754633,0.6505488436798059,0.5997701279655404,0.616029611872597,0.4096003837763501,0.6911967307317995,"Uptrend is moderate and choppy (R² 38%), drawdown deep (-21.5%), volatility moderate (24%), 67% days above EMA, in line with benchmark."
TT,0.5388085869188288,Up,moderate,0.19455986356849375,0.5008272341718855,0.2845884052906819,-0.16097180430179422,0.5320197044334976,-0.09755751510656105,0.017136117663382747,0.6646426862120598,1.208658028108623,-0.3949800751929425,1.0907332020825997,-0.12323324210869738,0.5967684269364311,0.6158252117952608,0.6658137830188444,0.28819422794845806,0.7504136170859428,"Uptrend is moderate and choppy (R² 50%), drawdown moderate (-16.1%), volatility moderate (28%), 53% days above EMA, underperforming benchmark."
EG,0.5386919323910877,Up,moderate,0.13037534147125296,0.3672238222278046,0.2478656943118987,-0.16430959820205007,0.6953201970443349,-0.06284341726496587,0.1541308946124174,0.48130535638202204,0.7934736795529835,-0.22642346788954532,0.00885755887814625,0.09010722438814035,0.6964227843101274,0.5857462168020036,0.6826569603911632,0.36706277676763865,0.6836119111139023,"Uptrend is moderate and choppy (R² 37%), drawdown moderate (-16.4%), volatility moderate (25%), 70% days above EMA, underperforming benchmark."
ACGL,0.5374332061792231,Up,moderate,0.10535610685561925,0.4135852133456167,0.21239542393214003,-0.14081192390664835,0.6551724137931035,-0.09011734550234798,0.01466090074886616,0.4529307129020853,0.748204441304739,-0.33897614851430924,-0.29166188706878254,0.10949883423098025,0.5499551965454986,0.6443971827406683,0.7561723487731222,0.3075826011743019,0.7067926066728083,"Uptrend is moderate and choppy (R² 41%), drawdown moderate (-14.1%), volatility moderate (21%), 66% days above EMA, underperforming benchmark."
PSA,0.5313059421362228,Up,moderate,0.1698308501828396,0.46364111565242183,0.23210622993077482,-0.1711353431686979,0.6551724137931035,-0.12982743413296444,-0.01770531159347805,0.738903750264669,0.99237741917184,-0.5430981416369248,0.38706001644477384,-0.04239599533865873,0.5337081715684474,0.6497143278954362,0.7134553446787362,0.2159500544639986,0.7318205578262109,"Uptrend is moderate and choppy (R² 46%), drawdown moderate (-17.1%), volatility moderate (23%), 66% days above EMA, underperforming benchmark."
KVUE,0.5276823036484976,Up,moderate,0.17669664831231202,0.49721065750933424,0.3118152516797876,-0.25697735650342285,0.6699507389162561,-0.18760378265848002,0.007932011331444793,0.5288033878491725,0.6875961785759847,-0.569081029471024,0.12687758099394345,-0.05759534842010064,0.5756852824591323,0.5867900770748795,0.5231226628763004,0.2722157127962912,0.748605328754667,"Uptrend is moderate and choppy (R² 50%), drawdown deep (-25.7%), volatility moderate (31%), 67% days above EMA, underperforming benchmark."
BDX,0.527243177201308,Up,moderate,0.13438917699914255,0.21966336790397534,0.2563922211413713,-0.24100544797454007,0.675615763546798,0.02461725312040261,0.08120365263222407,0.6235387229215784,0.557618834464437,0.09317899460724281,0.3600759534422461,0.13316814466879415,0.6262240269269368,0.5034394628106165,0.6537193203065751,0.5339351525811269,0.6098316839519877,"Uptrend is moderate and choppy (R² 22%), drawdown deep (-24.1%), volatility moderate (26%), 68% days above EMA, in line with benchmark."
NEE,0.5262058851704894,Up,moderate,0.11965472585615333,0.24111644507927377,0.21277384232954588,-0.1638741315897016,0.541871921182266,-0.001264832786731701,-0.10058913375518219,0.540391645067593,0.7301623794763276,-0.005391929627157872,0.19115005855264727,0.13007324621823657,0.37260342545943304,0.557784380210091,0.7327665675600061,0.497220062206697,0.6205582225396369,"Uptrend is moderate and choppy (R² 24%), drawdown moderate (-16.4%), volatility moderate (21%), 54% days above EMA, in line with benchmark."
RL,0.5259031780676698,Up,moderate,0.18137277018776143,0.44304247737169666,0.34613686702420976,-0.18983705491852743,0.625615763546798,-0.07584970443084262,-0.006726655848945192,0.5807746521430549,0.9554128948407958,-0.2482141653257259,1.2781939993623221,-0.1304943899755426,0.5596630101863675,0.5253843716616386,0.6029498477430018,0.3426834714569313,0.7215212386858483,"Uptrend is moderate and choppy (R² 44%), drawdown moderate (-19.0%), volatility moderate (35%), 63% days above EMA, underperforming benchmark."
WAT,0.5245649118705864,Up,moderate,0.12624427836638663,0.10220485092905585,0.35969811321061734,-0.313230232219906,0.7642857142857143,0.16518868203199868,0.3498689251865294,0.36747434195006146,0.4030398900887567,0.4856841961694442,0.887223189598154,0.22807231504674794,0.7922918332527396,0.3414043122539106,0.4715314943180967,0.7086688931682236,0.5511024254645279,"Uptrend is moderate and choppy (R² 10%), drawdown deep (-31.3%), volatility high (36%), 76% days above EMA, outperforming benchmark."
MO,0.522865457686091,Up,moderate,0.19194851164305682,0.4342120075676543,0.26590179434995315,-0.17899474868717188,0.5812807881773399,-0.11216763708404046,0.036930961712390756,0.6368729335219425,1.0723695139153169,-0.348400075656015,-0.5233322358712786,0.12392316869422502,0.6148267219550235,0.6012042094338741,0.6301157129443543,0.26969087479807075,0.717106003783827,"Uptrend is moderate and choppy (R² 43%), drawdown moderate (-17.9%), volatility moderate (27%), 58% days above EMA, underperforming benchmark."
VMRK,0.5226969008870643,Up,moderate,0.09723485898518813,0.3473137119649843,0.20341511861960418,-0.13320376737927947,0.6009852216748769,-0.1629288521975342,0.0807845744680851,0.4650012291796931,0.7299707876003627,-0.7071962311625861,0.13266421084872532,-0.034380888036099344,0.6133582522281231,0.620241737362888,0.7910876780590064,0.2755548795197357,0.6736568559824921,"Uptrend is moderate and choppy (R² 35%), drawdown moderate (-13.3%), volatility moderate (20%), 60% days above EMA, underperforming benchmark."
ESS,0.5223548115574632,Up,moderate,0.12944121424548505,0.404647112758417,0.19613263906678827,-0.10862691120122014,0.5517241379310345,-0.1211938229699585,0.08452561745663818,0.600820638870642,1.1916127671687964,-0.5430914604733603,0.1446718086090795,0.005909852182192969,0.6278884242288756,0.6561909173124203,0.8216189411327396,0.23032585219584906,0.7023235563792085,"Uptrend is moderate and choppy (R² 40%), drawdown moderate (-10.9%), volatility low (20%), 55% days above EMA, underperforming benchmark."
F,0.5186055586914181,Up,moderate,0.15884316503467133,0.2665993058750489,0.38114670609526297,-0.23394495412844046,0.6305418719211823,0.04499026072571907,0.14616019818331968,0.48391670548978083,0.678976666226634,0.1288135935669426,1.1759951445951555,0.02509656660489762,0.7020409029313761,0.4021529468422615,0.5462964372374548,0.5578716200824134,0.6332996529375244,"Uptrend is moderate and choppy (R² 27%), drawdown deep (-23.4%), volatility high (38%), 63% days above EMA, in line with benchmark."
TPL,0.5184200006706917,Up,moderate,0.38505307139135647,0.27886293544401086,0.4839350629856695,-0.3689212471516701,0.3842364532019704,0.008081569015960105,-0.30244079035116134,0.7838780726421734,1.0437270131884118,0.016550495819312817,0.3138164837135003,0.1210703795104647,0.44252653569567824,0.3264801704827533,0.3048974281554489,0.5097366185978914,0.6394314677220054,"Uptrend is moderate and choppy (R² 28%), drawdown deep (-36.9%), volatility high (48%), 38% days above EMA, in line with benchmark."
ABBV,0.5180341575963999,Up,moderate,0.10301490659265689,0.16364176464250568,0.26726497729681054,-0.19232343072264507,0.6657635467980296,0.03628433699742001,0.1199929725931131,0.4197283527513012,0.5356336781513508,0.12099206774779084,-0.0823683368462048,0.2191673193780386,0.6545029663016532,0.46455590502444233,0.6660825262750747,0.5483835437721991,0.5818208823212528,"Uptrend is moderate and choppy (R² 16%), drawdown moderate (-19.2%), volatility moderate (27%), 67% days above EMA, in line with benchmark."
EXPE,0.5175446647604109,Up,moderate,0.22530393280219374,0.20772407750570887,0.5009738086938031,-0.37436527164714084,0.6805418719211823,0.10057720444719362,0.20199696114608207,0.45173454904034194,0.6018291488708244,0.20907210944714608,1.0363843298565953,0.11761528754619718,0.7846550944756034,0.27813168223250206,0.2951613439729567,0.6214844153919082,0.6038620387528544,"Uptrend is moderate and choppy (R² 21%), drawdown deep (-37.4%), volatility high (50%), 68% days above EMA, outperforming benchmark."
EMR,0.5166514097829416,Up,moderate,0.14296630423055356,0.3579152199952411,0.3224780807847469,-0.23742964932896285,0.6953201970443349,-0.045757412145754475,0.06305079888228138,0.4051070295424599,0.6021417486595,-0.17494342811536603,1.5614654051245984,-0.1435178199872439,0.6109445107995168,0.5064795292128736,0.519017806362871,0.401945980262898,0.6789576099976206,"Uptrend is moderate and choppy (R² 36%), drawdown deep (-23.7%), volatility moderate (32%), 70% days above EMA, in line with benchmark."
DXCM,0.5164503895309724,Up,moderate,0.2336487282755837,0.29479900445841856,0.41442860715030416,-0.2836054866100587,0.7051724137931035,-0.04395595985501537,0.27446840597195,0.5367733449761452,0.8238512275216923,-0.10832679247025923,0.6752936083154463,0.002616443159531315,0.83839789427461,0.3865780468664811,0.4108330532964506,0.413272477782617,0.6473995022292093,"Uptrend is moderate and choppy (R² 29%), drawdown deep (-28.4%), volatility high (41%), 71% days above EMA, in line with benchmark."
CNP,0.5160046020304647,Up,moderate,0.1121665439249615,0.364529205881154,0.17199437224357775,-0.13920959147424503,0.5960591133004927,-0.11550316231985619,-0.08917345750873121,0.593751054277988,0.8057386185614465,-0.5168099493454502,-0.1291487912905894,0.05634149884068181,0.38910198546282465,0.6602702306969993,0.8022738742463607,0.24308599106925818,0.682264602940577,"Uptrend is moderate and choppy (R² 36%), drawdown moderate (-13.9%), volatility low (17%), 60% days above EMA, underperforming benchmark."
LH,0.5125150355330975,Up,moderate,0.1290597022114488,0.22632849703718727,0.23774401639090958,-0.15223593304231264,0.5721674876847291,-0.03262703499634603,0.13512314177945403,0.5402369633227605,0.8477611010245379,-0.13070215879763444,0.3094316229016439,0.07484427613250569,0.6783581420202894,0.5254202321276841,0.7327514838637235,0.4293382168813795,0.6131642485185936,"Uptrend is moderate and choppy (R² 23%), drawdown moderate (-15.2%), volatility moderate (24%), 57% days above EMA, in line with benchmark."
CHRW,0.5088013597589927,Up,moderate,0.23277634978337503,0.22159531837290858,0.44688247126074593,-0.3237035622194633,0.625615763546798,0.02733357670285322,-0.13289338946410292,0.4833995947107381,0.7191034543684083,0.06230147932560295,0.672164440551924,0.08566554998991815,0.383778779148213,0.32563580574089485,0.34606715930386933,0.5335637246354135,0.6107976591864543,"Uptrend is moderate and choppy (R² 22%), drawdown deep (-32.4%), volatility high (45%), 63% days above EMA, in line with benchmark."
DRI,0.5072220645718322,Up,moderate,0.1506095714393494,0.3838908956454403,0.27696806386269157,-0.20707591377694468,0.6263546798029557,-0.1688524378958868,0.020104207628784915,0.5227087977517094,0.7273157398768311,-0.5785892655076795,0.22319593585583314,-0.05495828121703658,0.5705095726359523,0.5649773839600286,0.6065602226582116,0.2866845561684746,0.6919454478227202,"Uptrend is moderate and choppy (R² 38%), drawdown deep (-20.7%), volatility moderate (28%), 63% days above EMA, underperforming benchmark."
UNH,0.5056170253500356,Up,moderate,0.2717476040877005,0.2611381648661075,0.35669810984279304,-0.29979455017301043,0.4975369458128079,-0.03705633439757654,0.36119193689745827,0.698256627082436,0.9064461109479003,-0.10333306947419081,0.4274439910107402,0.050658672597499274,0.8809621567183208,0.42387097259026074,0.4359739585354348,0.42538456954376125,0.6305690824330538,"Uptrend is moderate and choppy (R² 26%), drawdown deep (-30.0%), volatility high (36%), 50% days above EMA, in line with benchmark."
SOLV,0.5039608801003046,Up,moderate,0.11500801152309781,0.12106900586174651,0.2973457612168367,-0.2745530531692593,0.7002463054187191,0.057485443392536695,0.29621413782904465,0.40673748442051394,0.41889175951795543,0.1992565082603558,0.6368814301499809,0.12813152180733262,0.7857600855165525,0.4131887417140366,0.5613278643452211,0.5774110942185723,0.5605345029308733,"Uptrend is moderate and choppy (R² 12%), drawdown deep (-27.5%), volatility moderate (30%), 70% days above EMA, outperforming benchmark."
DLTR,0.4980294816850662,Up,weak,0.20373986005658273,0.18007432940836599,0.40958334841307575,-0.3853126549111253,0.7002463054187191,0.032566221088796005,0.04777041942604854,0.5652590143700293,0.5287650365482456,0.0820333835390495,0.769686088574107,0.07609930662321371,0.6335074263636761,0.33284965339437617,0.40057922230533516,0.540769559442701,0.590037164704183,"Uptrend is weak and choppy (R² 18%), drawdown deep (-38.5%), volatility high (41%), 70% days above EMA, in line with benchmark."
AES,0.4956492040772119,Up,weak,0.07647818573536647,0.2001698517958671,0.3355501817828806,-0.18981481481481488,0.6608374384236453,0.0005732780756789735,0.04005621925509489,0.2105203515636418,0.40290946631315,0.0017023334101694616,0.4479206471376215,0.09045774246182699,0.5656764114764427,0.414534744115053,0.5519961037385503,0.5007435114166959,0.6000849258979335,"Uptrend is weak and choppy (R² 20%), drawdown moderate (-19.0%), volatility moderate (34%), 66% days above EMA, in line with benchmark."
ECHO,0.49181237477972767,Up,weak,0.34753001051134325,0.17173506065410704,0.525631772140741,-0.408392101551481,0.5517241379310345,-0.010586366957891197,-0.18122660010697103,0.6718049429209765,0.8509714296409682,-0.02144311811037069,1.427339982974519,-0.0817928753031478,0.5224407941663508,0.24164370122149778,0.2599210426019778,0.4796933092513148,0.5858675303270535,"Uptrend is weak and choppy (R² 17%), drawdown deep (-40.8%), volatility high (53%), 55% days above EMA, in line with benchmark."
SJM,0.4912817406667382,Up,weak,0.14120617889898912,0.2245704767830916,0.28828269922456023,-0.2281896551724138,0.6805418719211823,-0.05447665528724771,0.1249767701170785,0.5321779053361594,0.6188106064330464,-0.16645328050645572,-0.25319130861937683,0.14193371973546404,0.6722808400482398,0.4740025391669856,0.6135213410747681,0.3884897088834256,0.6122852383915458,"Uptrend is weak and choppy (R² 22%), drawdown deep (-22.8%), volatility moderate (29%), 68% days above EMA, underperforming benchmark."
PFE,0.49107614973630287,Up,weak,0.06588565257159384,0.1511732249555584,0.2389517897911644,-0.1709281961471103,0.6509852216748768,-0.03199294868981924,0.012820512820512742,0.29217539969404877,0.3854580698604518,-0.12866065428794926,0.34159678830228263,0.07032956372898613,0.5348922064319966,0.48663482268661484,0.7181073637225224,0.43064915864545733,0.5755866124777792,"Uptrend is weak and choppy (R² 15%), drawdown moderate (-17.1%), volatility moderate (24%), 65% days above EMA, in line with benchmark."
AMZN,0.49049788543516204,Up,weak,0.17025423392201033,0.29504066106935245,0.3374595779282603,-0.21736220472440948,0.5918719211822661,-0.06061306906229641,0.18452856806959783,0.562350764849757,0.7832743237853762,-0.21033543984873684,1.41414077852232,-0.1359964725837387,0.7364305633244195,0.46006075260641593,0.5842238299451041,0.3727873100301844,0.6475203305346762,"Uptrend is weak and choppy (R² 30%), drawdown deep (-21.7%), volatility moderate (34%), 59% days above EMA, underperforming benchmark."
PRU,0.48858745755585464,Up,weak,0.1036341498747706,0.13308820006291533,0.22921405715705964,-0.22506738544474392,0.6903940886699508,-0.03566935061847133,0.24794607120286505,0.4057624962348227,0.4604583186052682,-0.16459534168976078,0.6575834160972177,0.014790492689957538,0.7498515775579534,0.487330042874398,0.6257935255813157,0.42003611350902514,0.5665441000314577,"Uptrend is weak and choppy (R² 13%), drawdown deep (-22.5%), volatility moderate (23%), 69% days above EMA, in line with benchmark."
SCHW,0.4875419588170193,Up,weak,0.08363055850123047,0.13506630064623193,0.24951774283121683,-0.20389889002891523,0.5918719211822661,0.0014218344075542233,0.1581957483543757,0.2980041831313449,0.41015700717826703,0.005658689780550065,0.4582077502081438,0.089776167487833,0.6834664097535721,0.4680154074918991,0.6164403138004755,0.5019877033856093,0.567533150323116,"Uptrend is weak and choppy (R² 14%), drawdown deep (-20.4%), volatility moderate (25%), 59% days above EMA, in line with benchmark."
O,0.4844694946221861,Up,weak,0.09543727056829554,0.33877746489105076,0.16283537576689247,-0.11856127886323276,0.4975369458128079,-0.14807602162126998,-0.0794313089167052,0.5590365472374248,0.8049615480142376,-0.706657064068433,-0.03760222012452582,0.008142055026999315,0.3997183562940648,0.656553356678633,0.8514406732639404,0.16512129099203135,0.6693887324455254,"Uptrend is weak and choppy (R² 34%), drawdown moderate (-11.9%), volatility low (16%), 50% days above EMA, underperforming benchmark."
DTE,0.48290647865129854,Up,weak,0.07306701513441793,0.19812528834988352,0.17107180155204083,-0.13009130350320536,0.5123152709359606,-0.15972290754379445,-0.08312858312858316,0.39181627198216357,0.5616594896569517,-0.7469431386316234,-0.009760073276891332,-0.008034846797355057,0.386068359160939,0.577990842622901,0.8183801945950988,0.27326347987197874,0.5990626441749418,"Uptrend is weak and choppy (R² 20%), drawdown moderate (-13.0%), volatility low (17%), 51% days above EMA, underperforming benchmark."
TECH,0.48174309595910747,Up,weak,0.14168014433870013,0.08638769012379266,0.4600096307015855,-0.3933875035023816,0.6312807881773399,0.19664311191109937,0.34427452443118245,0.3155270932032775,0.36015415608605467,0.4423131840069256,0.8750967314790342,0.274075114966067,0.7974628483534645,0.24818662203570718,0.3181892168367848,0.7252489878215737,0.5431938450618963,"Uptrend is weak and choppy (R² 9%), drawdown deep (-39.3%), volatility high (46%), 63% days above EMA, outperforming benchmark."
HIG,0.4782778035999273,Up,weak,0.05631923620469004,0.189206829288861,0.19412650680134247,-0.12255277642304747,0.6263546798029557,-0.10860019302952607,0.01363366923532901,0.29095278772189187,0.45955087961677993,-0.45781078620359617,-0.07673756801665013,0.05501780515196906,0.5325006133639001,0.550476907843088,0.8226025363789866,0.26195433033038956,0.5946034146444306,"Uptrend is weak and choppy (R² 19%), drawdown moderate (-12.3%), volatility low (19%), 63% days above EMA, underperforming benchmark."
MCK,0.47812217121875605,Up,weak,0.06396870323518256,0.05316639205778695,0.30734847856599895,-0.2716909881589652,0.6706896551724139,0.0708369303936981,-0.05718781106508681,0.23280770504673168,0.23544654045630234,0.20593276231711838,-0.25151474949459623,0.2892392304726727,0.4262118101604166,0.36923471746289455,0.5714611999667485,0.5914302066254099,0.5265831960288935,"Uptrend is weak and choppy (R² 5%), drawdown deep (-27.2%), volatility moderate (31%), 67% days above EMA, outperforming benchmark."
AMP,0.4776649442138356,Up,weak,0.09130669563562033,0.1216870038343868,0.2532521965084482,-0.2109990834097159,0.6559113300492612,-0.0322552553954827,0.22818345204020496,0.33029259757434926,0.4327350344850641,-0.13934095241707203,0.8067276274976087,-0.005614259604373201,0.7325797386446691,0.4575913054087452,0.6153088407099322,0.4288773807143873,0.5608435019171933,"Uptrend is weak and choppy (R² 12%), drawdown deep (-21.1%), volatility moderate (25%), 66% days above EMA, in line with benchmark."
FAST,0.4769585273784003,Up,weak,0.13698535927765,0.31641196066623467,0.2562916095930298,-0.2016721044045677,0.6460591133004927,-0.12864394671759175,0.05194247692637893,0.4986718262631668,0.6792479291178923,-0.5021113201157755,0.485450449356821,-0.057184547802769145,0.5978325722843917,0.5519143707400875,0.6240455033790615,0.2230439137007378,0.6582059803331173,"Uptrend is weak and choppy (R² 32%), drawdown deep (-20.2%), volatility moderate (26%), 65% days above EMA, underperforming benchmark."
LMT,0.4768272059580869,Up,weak,0.16799779118480895,0.1602891826167987,0.2821365990969742,-0.27347421309295117,0.5221674876847291,-0.01659343466943622,-0.18376522395183767,0.6391831715163228,0.6143094417743444,-0.05431581306223053,0.06147831781339602,0.13342954616981104,0.4085245691381135,0.4480079922114252,0.5820623404167904,0.4655824546426099,0.5801445913083993,"Uptrend is weak and choppy (R² 16%), drawdown deep (-27.3%), volatility moderate (28%), 52% days above EMA, in line with benchmark."
WM,0.47248071722836626,Up,weak,0.06532564785915373,0.18531642144865934,0.2017866652971082,-0.14218490122104574,0.541871921182266,-0.16359683446171677,-0.09188160676532765,0.3227879021064112,0.4594415250716118,-0.625369366885362,-0.35630861912777123,0.04448221962292655,0.3689012167685459,0.5408715454272215,0.7843431679188331,0.28522547236379625,0.5926582107243297,"Uptrend is weak and choppy (R² 19%), drawdown moderate (-14.2%), volatility moderate (20%), 54% days above EMA, underperforming benchmark."
CPT,0.4708416798720078,Up,weak,0.05773878617665762,0.15366783880730983,0.19433985487683839,-0.12938852473736204,0.625615763546798,-0.2102004792271687,0.006480754124116227,0.28981229427064803,0.44624348483652704,-0.9339158346768922,0.09719562843875876,-0.07437021716781772,0.5258232474932966,0.5324940645268166,0.8066889975348912,0.2077431205107026,0.5768339194036549,"Uptrend is weak and choppy (R² 15%), drawdown moderate (-12.9%), volatility low (19%), 63% days above EMA, underperforming benchmark."
UDR,0.46387723951244086,Up,weak,0.07196408490836137,0.20146452843741458,0.20443276367116522,-0.1556449585114409,0.6009852216748769,-0.23332610860354883,-0.025513033832501433,0.3504847161266543,0.4623605261398271,-1.0202074898173914,0.1688282007595741,-0.10762657905327389,0.4816287671131862,0.5462995005475421,0.7612052495224158,0.17764676308886282,0.6007322642187073,"Uptrend is weak and choppy (R² 20%), drawdown moderate (-15.6%), volatility moderate (20%), 60% days above EMA, underperforming benchmark."
URI,0.4609939031039532,Up,weak,0.2543539249994393,0.256338115997071,0.42353241169161926,-0.3034607843137255,0.5615763546798029,-0.10430112106387594,0.26712530586622596,0.6237561756511061,0.8381772477608894,-0.25948707835637136,1.000669806113437,-0.11569868139821249,0.8472836885256674,0.36051974922982105,0.41657105700801833,0.29390274863410015,0.6281690579985355,"Uptrend is weak and choppy (R² 26%), drawdown deep (-30.3%), volatility high (42%), 56% days above EMA, underperforming benchmark."
PPG,0.4609251588512199,Up,weak,0.14789321170591285,0.28643295112514233,0.3065531679453332,-0.2610215871085437,0.5714285714285714,-0.18498355682888054,0.009319754035357406,0.4686784837465327,0.566593795341581,-0.6766554732042916,1.0648059654226332,-0.20760018339401676,0.5588639799568382,0.486663307617238,0.5386801479692527,0.2609567958973483,0.6432164755625711,"Uptrend is weak and choppy (R² 29%), drawdown deep (-26.1%), volatility moderate (31%), 57% days above EMA, underperforming benchmark."
HON,0.4580904372280347,Up,weak,0.14170617134014707,0.2543868318276211,0.27107727591621605,-0.2228031060198354,0.5172413793103449,-0.18451159835206488,-0.19488690665817138,0.5441446846167225,0.6360152417602807,-0.726939137266113,0.7588625147077315,-0.1573849052605913,0.3847410003393762,0.5061161399975945,0.622477647380496,0.2550654232177617,0.6271934159138106,"Uptrend is weak and choppy (R² 25%), drawdown deep (-22.3%), volatility moderate (27%), 52% days above EMA, underperforming benchmark."
FE,0.4576715999409313,Up,weak,0.05479575488765387,0.12207891823164474,0.16116614535993906,-0.15584665767674816,0.5172413793103449,-0.08279701893764868,-0.0868706811451135,0.3040386904780825,0.3516004494707186,-0.39023154989307696,-0.08785610589822507,0.08418691196008829,0.37371689378075007,0.5498733137558833,0.7860037574071042,0.3133640197321803,0.5610394591158223,"Uptrend is weak and choppy (R² 12%), drawdown moderate (-15.6%), volatility low (16%), 52% days above EMA, underperforming benchmark."
ITW,0.4572468332841475,Up,weak,0.10577955379494708,0.2589355835319078,0.21349791316147756,-0.1795393858477971,0.5714285714285714,-0.1400497718972361,-0.023276370064820247,0.5148518952982715,0.589171859397028,-0.6581257492126981,0.49804803231331474,-0.07086717197547063,0.49668099436338153,0.5659698786044763,0.7252346438775814,0.1845514111395146,0.6294677917659539,"Uptrend is weak and choppy (R² 26%), drawdown moderate (-18.0%), volatility moderate (21%), 57% days above EMA, underperforming benchmark."
IQV,0.4563652991656976,Up,weak,0.022488381788486445,0.0019646327322608848,0.4118110757504736,-0.35871300503499937,0.6657635467980296,0.18592124299687315,0.49959202704277883,0.057162785831381284,0.06269184967601682,0.4685673864571434,0.8299949124190856,0.26624515986786335,0.757533607899143,0.24212400955327523,0.3875557672871807,0.7207443652386349,0.5009823163661304,"Uptrend is weak and choppy (R² 0%), drawdown deep (-35.9%), volatility high (41%), 67% days above EMA, outperforming benchmark."
CARR,0.453769905899589,Up,weak,0.18889601880587792,0.32480332342495344,0.35521264234474736,-0.25473684210526315,0.5320197044334976,-0.24854359748196667,-0.03492928948713575,0.5163981913880019,0.7415339581222481,-0.785591843376574,1.2659876362871456,-0.3000114782973444,0.5177085855098278,0.4571890193677294,0.4931520926898318,0.19426711568048607,0.6624016617124767,"Uptrend is weak and choppy (R² 32%), drawdown deep (-25.5%), volatility high (36%), 53% days above EMA, underperforming benchmark."
HUBB,0.4501605474661974,Up,weak,0.15261736682854932,0.32911877808252576,0.3202004024431135,-0.20532401183113744,0.5123152709359606,-0.12755985163563496,-0.05347615959160617,0.44693424594138836,0.7433001404339639,-0.4553079079232504,1.209297882111675,-0.1737960150798835,0.462702743220961,0.4943589865981494,0.554530883143273,0.2306993585362615,0.6645593890412629,"Uptrend is weak and choppy (R² 33%), drawdown deep (-20.5%), volatility moderate (32%), 51% days above EMA, underperforming benchmark."
EXR,0.446314204521453,Up,weak,0.064212740402118,0.1459899856704585,0.2289862211745839,-0.1670063778026169,0.5862068965517241,-0.21086798539130228,-0.03582532504239699,0.2757158742953943,0.38449274361252456,-0.8806671771106194,0.33775255731619913,-0.11412431681896729,0.4618621018391186,0.4940087716606454,0.7165958255183511,0.2138418350594352,0.5729949928352293,"Uptrend is weak and choppy (R² 15%), drawdown moderate (-16.7%), volatility moderate (23%), 59% days above EMA, underperforming benchmark."
V,0.44406506568891485,Up,weak,0.04548632989256629,0.047791147740349205,0.22047891956637344,-0.1735093410896074,0.6017241379310344,-0.0675594606948129,0.18853573278094252,0.22601604999047514,0.262154934177724,-0.28934744018233993,0.30786934311043473,0.036320846106582955,0.6908641828133365,0.4534166543038012,0.7384833344302459,0.35134506792034403,0.5238955738701746,"Uptrend is weak and choppy (R² 5%), drawdown moderate (-17.4%), volatility moderate (22%), 60% days above EMA, underperforming benchmark."
BRK-B,0.44214615598657103,Up,weak,0.0015326302986660156,0.00033400178284204163,0.1450006089183901,-0.09421770693446989,0.6165024630541872,-0.11615012961835708,0.02720991956561381,0.01069807750894604,0.016266902990241396,-0.6162873893537499,0.05224994588129459,0.02616712195848047,0.5277233507156669,0.500167000891421,0.9115645861310603,0.2295741105162167,0.500167000891421,"Uptrend is weak and choppy (R² 0%), drawdown shallow (-9.4%), volatility low (15%), 62% days above EMA, underperforming benchmark."
NXPI,0.4399428414694157,Up,weak,0.27287529135572464,0.2370682741447525,0.4749794710561204,-0.3314696245528602,0.5221674876847291,-0.11782945629996242,0.13308650622904886,0.6357830858033625,0.8232286494541481,-0.2761735885893642,1.7761939409069705,-0.25595248394895287,0.7647985749806057,0.31229953378028597,0.3795010952993494,0.26929225668689205,0.6185341370723763,"Uptrend is weak and choppy (R² 24%), drawdown deep (-33.1%), volatility high (47%), 52% days above EMA, underperforming benchmark."
YUM,0.43974350179553356,Up,weak,0.03594478715446314,0.06703781738703019,0.23882490207131496,-0.14432683158896295,0.5763546798029556,-0.16478696997768888,-0.08116219667943811,0.15924605380932733,0.2490513147051718,-0.6176272692556708,0.05411881578320546,-0.023446438139590388,0.37690644622548075,0.44469400662220016,0.7577912101809515,0.2851994714116709,0.533518908693515,"Uptrend is weak and choppy (R² 7%), drawdown moderate (-14.4%), volatility moderate (24%), 58% days above EMA, underperforming benchmark."
NI,0.4388401358574935,Up,weak,0.07661982818145541,0.15341333884993424,0.18202246010562748,-0.1733903830480847,0.5517241379310345,-0.1332935558179583,-0.10462602680501505,0.3791164665760665,0.44189202904181346,-0.6366654301756236,0.1652045235157279,-0.009859429397496653,0.3514653078104375,0.5446842093193396,0.7378133959647217,0.19848305079114648,0.5767066694249672,"Uptrend is weak and choppy (R² 15%), drawdown moderate (-17.3%), volatility low (18%), 55% days above EMA, underperforming benchmark."
TMO,0.4377400715587956,Down,weak,-0.010607164527252855,0.0009498183391662973,0.3039006135892964,-0.314504652435687,0.636206896551724,0.08557150451380552,0.21677559912854014,-0.038863042347873404,-0.033726574297408565,0.28870881300879303,0.6152794424695818,0.16687087437545683,0.6767448444826032,0.3465742955802868,0.5411844505145033,0.6144423858146848,0.5004749091695831,"Flat trend is weak and choppy (R² 0%), drawdown deep (-31.5%), volatility moderate (30%), 64% days above EMA, outperforming benchmark."
DG,0.43658805336497053,Up,weak,0.10420526177097167,0.04701203388101338,0.3706294523582282,-0.3487583205325141,0.6706896551724139,-0.0058526941972709134,-0.15085611709472527,0.2860757516451284,0.298789320959747,-0.0159196320033337,0.5341720001498848,0.068949107509417,0.4089439049191799,0.3028765645822785,0.42417367687393737,0.48826531016112723,0.5235060169405067,"Uptrend is weak and choppy (R² 5%), drawdown deep (-34.9%), volatility high (37%), 67% days above EMA, in line with benchmark."
DUK,0.4335078347220692,Up,weak,0.02630163227315241,0.046559489638042684,0.16117031234867477,-0.1164845384794234,0.4187192118226601,-0.16654350919073854,-0.08198108128893329,0.15253660362090168,0.22579505071223252,-0.7336931374613574,-0.28657159007374833,0.030226155687939696,0.3723125464654321,0.5121094324703466,0.8528448593508904,0.2692245276430636,0.5232797448190214,"Uptrend is weak and choppy (R² 5%), drawdown moderate (-11.6%), volatility low (16%), 42% days above EMA, underperforming benchmark."
UAL,0.4317898668956287,Up,weak,0.18214793545034547,0.19812840492850126,0.47746523319166223,-0.2749936186505574,0.5812807881773399,-0.1596252725949196,0.17434936038817805,0.4160685317111041,0.6623714991794275,-0.3830053261484787,2.102400257041619,-0.35145260921178473,0.7375707017326182,0.29096527757050394,0.41541716570241993,0.3188372316146823,0.5990642024642506,"Uptrend is weak and choppy (R² 20%), drawdown deep (-27.5%), volatility high (48%), 58% days above EMA, underperforming benchmark."
WMT,0.4303421009191812,Up,weak,0.09874218120098854,0.1133654265869638,0.2605828387121303,-0.23524590163934422,0.5960591133004927,-0.09846561927198498,-0.14381731314276452,0.3601538446542501,0.41974028245716394,-0.33693369193011596,-0.05089725439544964,0.06147713839353894,0.2936228043196283,0.44609987458135164,0.5993989012037124,0.2939380324208805,0.556682713293482,"Uptrend is weak and choppy (R² 11%), drawdown deep (-23.5%), volatility moderate (26%), 60% days above EMA, underperforming benchmark."
VICI,0.42956276306465296,Down,weak,-0.1687433301475505,0.7220582483882354,0.18385866911957416,-0.25422195416164045,0.2512315270935961,-0.44281642059016735,-0.12983814215341313,-0.8584992451685092,-0.6637637992518122,-1.9793854139971663,-0.0042600633588360335,-0.25394880106153045,0.22110517876644603,0.8271704550745436,0.662777356726652,0.0025768232503542154,0.8610291241941177,"Downtrend is weak and smooth (R² 72%), drawdown deep (-25.4%), volatility low (18%), 25% days above EMA, underperforming benchmark."
SW,0.42762946867162094,Up,weak,0.17203478166454444,0.2203667668340784,0.44373052550562453,-0.3128858024691359,0.6559113300492612,-0.22007989177853515,0.0002369668246445026,0.4129941325267444,0.5498324957762011,-0.5465148620055966,1.513066157831766,-0.3139345149200648,0.5648900966315666,0.3273854892878208,0.4029193785536813,0.24791893261422357,0.6101833834170391,"Uptrend is weak and choppy (R² 22%), drawdown deep (-31.3%), volatility high (44%), 66% days above EMA, underperforming benchmark."
COST,0.42318277837029894,Up,weak,0.05444943151785431,0.10749080656074772,0.19852114626615652,-0.17539659331822496,0.46798029556650245,-0.208117987078706,-0.09055360148352702,0.2758318107223566,0.3104360836647824,-0.8488922484242063,-0.14154299717165814,-0.03357214199043597,0.36746881308840873,0.5052242570142174,0.7395042686358025,0.22010994973625472,0.5537454032803739,"Uptrend is weak and choppy (R² 11%), drawdown moderate (-17.5%), volatility low (20%), 47% days above EMA, underperforming benchmark."
TSN,0.4205170134296631,Up,weak,0.08955007076832278,0.1058965199080395,0.2658644580826467,-0.2520727272727272,0.5911330049261084,-0.20498205512117992,-0.12288914897174387,0.34016579154390125,0.35525489701801455,-0.688552608398201,-0.06501717993933605,-0.043043120625468625,0.32538884066943463,0.4370838018713731,0.5976912620474839,0.24277090792403966,0.5529482599540197,"Uptrend is weak and choppy (R² 11%), drawdown deep (-25.2%), volatility moderate (27%), 59% days above EMA, underperforming benchmark."
VRSN,0.41942376931951386,Up,weak,0.1316556683855179,0.17730963347038753,0.29048459257580334,-0.2691363997650067,0.5770935960591133,-0.13132654183985604,0.22534255292071453,0.4287489274158268,0.48917823267485006,-0.4156844072694987,0.008379378691172295,0.01765652443478978,0.7442074466014237,0.44817022415939045,0.5410783176846354,0.22938075692795235,0.5886548167351937,"Uptrend is weak and choppy (R² 18%), drawdown deep (-26.9%), volatility moderate (29%), 58% days above EMA, underperforming benchmark."
WEC,0.41902357975057825,Up,weak,0.0031209357812218563,0.0006771250305996901,0.1594944265878564,-0.11931914893617018,0.45320197044334976,-0.1877238280065767,-0.07016769638128864,0.019575401617428313,0.02615620216073953,-0.8801933107063992,-0.11841042141730383,-0.017818571990945175,0.3842162990118637,0.49084413592744347,0.8615897695331651,0.23322643977620858,0.5003385625152998,"Uptrend is weak and choppy (R² 0%), drawdown moderate (-11.9%), volatility low (16%), 45% days above EMA, underperforming benchmark."
TROW,0.41882309175459526,Up,weak,0.09602435408670207,0.12560893277115448,0.24309863409046337,-0.2093385927896524,0.6009852216748769,-0.14159531028178932,0.20396283443412067,0.3610629237697689,0.45870354246237466,-0.6595770948848889,0.8830600861515162,-0.13505047808228218,0.7180534435177355,0.46970583229511387,0.6270469707326147,0.18179667152020967,0.5628044663855772,"Uptrend is weak and choppy (R² 13%), drawdown deep (-20.9%), volatility moderate (24%), 60% days above EMA, underperforming benchmark."
MAS,0.41696565442396655,Up,weak,0.1384894078897949,0.21273034816892178,0.3509708649366913,-0.24698021074273957,0.5073891625615764,-0.22867846699063427,0.08241318610977753,0.4116614001952622,0.5607307867837588,-0.7212941742316415,1.1624339286775602,-0.26492125822484747,0.6288071377528588,0.40539430914776964,0.5283490210180163,0.21889170828386523,0.6063651740844609,"Uptrend is weak and choppy (R² 21%), drawdown deep (-24.7%), volatility high (35%), 51% days above EMA, underperforming benchmark."
ES,0.41480425389481745,Up,weak,0.03559299157497531,0.06152591343269298,0.25130876342297526,-0.15130876068376067,0.4236453201970443,-0.07517024472097007,-0.06694617257235601,0.12079254089973741,0.2352341755634732,-0.27262344090179796,0.09166434076901973,0.06321412115502872,0.40045827484464397,0.42945419329337126,0.6783746943253108,0.34076361242686004,0.5307629567163465,"Uptrend is weak and choppy (R² 6%), drawdown moderate (-15.1%), volatility moderate (25%), 42% days above EMA, underperforming benchmark."
XEL,0.41390105409495087,Up,weak,0.016911030577260622,0.01867215016844026,0.19598422881832997,-0.11496772622092312,0.4630541871921182,-0.10811503009738013,-0.06901234567901239,0.08989538621028959,0.14709372041301588,-0.4625681651693297,-0.004606730690566697,0.04379462105602151,0.3907596396878267,0.46335184626589015,0.8394294060102322,0.26216745424169585,0.5093360750842202,"Uptrend is weak and choppy (R² 2%), drawdown moderate (-11.5%), volatility low (20%), 46% days above EMA, underperforming benchmark."
MMM,0.4137057754873682,Up,weak,0.03492623822336327,0.023950726128040833,0.26272179924086697,-0.19134070213618934,0.6165024630541872,-0.09135804322369143,0.04955854868853533,0.1406530804503766,0.18253428483033393,-0.37256067993447994,0.7548482389070553,-0.062024276289800645,0.561258838493362,0.39925356382315347,0.6646741703860697,0.3013187730407438,0.5119753630640205,"Uptrend is weak and choppy (R² 2%), drawdown moderate (-19.1%), volatility moderate (26%), 62% days above EMA, underperforming benchmark."
MDT,0.4134440746723972,Down,weak,-0.1749866942308005,0.38691990268070053,0.23368174568521,-0.29995253915519693,0.48275862068965514,-0.15770370442626847,0.029785320894683665,-0.8200716687036744,-0.5833812733295833,-0.6199759176300073,0.1784246528927774,-0.03663081751533344,0.46291916923120136,0.6097782056551403,0.6116558376090262,0.2908204171003149,0.6934599513403503,"Downtrend is weak and choppy (R² 39%), drawdown deep (-30.0%), volatility moderate (23%), 48% days above EMA, underperforming benchmark."
TXT,0.4130515686797019,Up,weak,0.06370247631333581,0.09110493551742682,0.26745623509875627,-0.2153418676193312,0.5073891625615764,-0.17281222907923943,-0.15085236410421352,0.22123667343652617,0.29582020912879486,-0.6869218289151265,0.7344320199024499,-0.14199769040387017,0.39537860553794923,0.42809623265995717,0.6005554589951563,0.26983656010444423,0.5455524677587134,"Uptrend is weak and choppy (R² 9%), drawdown deep (-21.5%), volatility moderate (27%), 51% days above EMA, underperforming benchmark."
MDLZ,0.4112914567609312,Up,weak,0.059797481836347366,0.11484705411003304,0.23529788080183853,-0.2000310607237149,0.6115763546798029,-0.1468858175039574,0.12843208092485547,0.2603549003589435,0.2989409825654042,-0.5230976823827387,-0.23056766648728827,0.040723407360638474,0.6484642373400318,0.472125646253178,0.6702998988587544,0.19004790355806858,0.5574235270550165,"Uptrend is weak and choppy (R² 11%), drawdown deep (-20.0%), volatility moderate (24%), 61% days above EMA, underperforming benchmark."
INVH,0.41120702004095216,Up,weak,0.05877410698682706,0.0843247340920178,0.21042119264494621,-0.20346178967994774,0.5270935960591133,-0.23525770343189328,0.09321697738992454,0.27500225065539646,0.2888704905195256,-0.9880935125862369,0.1102644919162981,-0.09988406005671718,0.6129063032305115,0.48174117440106273,0.6836813814795569,0.1800481285610895,0.542162367046009,"Uptrend is weak and choppy (R² 8%), drawdown deep (-20.3%), volatility moderate (21%), 53% days above EMA, underperforming benchmark."
OMC,0.4090685261636185,Up,weak,0.07084874567922461,0.12199728759619621,0.3618302553846366,-0.18657799274486103,0.5770935960591133,-0.1056979374286813,-0.007619285535848106,0.19632326377477663,0.37972723704937605,-0.2911648367323917,0.44204881159656123,-0.02631371999043819,0.5110482193853532,0.34916838841346154,0.5592550165126537,0.28761732958969666,0.560998643798098,"Uptrend is weak and choppy (R² 12%), drawdown moderate (-18.7%), volatility high (36%), 58% days above EMA, underperforming benchmark."
SO,0.4083929833488697,Up,weak,0.01823364326080057,0.018343157897811935,0.17203667080582533,-0.15683914961893303,0.43842364532019706,-0.19259512286346597,-0.08840639933513406,0.1051149730966059,0.11625696329712484,-0.8340018043949499,-0.23190841321374014,-0.0040575049985222475,0.35891161559936996,0.4871349081430807,0.7912774699533187,0.23493284685963717,0.509171578948906,"Uptrend is weak and choppy (R² 2%), drawdown moderate (-15.7%), volatility low (17%), 44% days above EMA, underperforming benchmark."
TJX,0.40621802789786626,Up,weak,0.04782434557037041,0.061617236426529054,0.20515534005276265,-0.2511133543138768,0.6059113300492611,-0.2511247153566434,-0.19926526475804404,0.2238631462396855,0.190449232383686,-1.0694917931795147,0.09140512216719929,-0.11132569132931226,0.34963465969310736,0.4756532781605019,0.6480329221154886,0.15662438852976346,0.5308086182132645,"Uptrend is weak and choppy (R² 6%), drawdown deep (-25.1%), volatility moderate (21%), 61% days above EMA, underperforming benchmark."
NDAQ,0.40446569813932987,Up,weak,0.02091113140142231,0.010617291061639333,0.2808538387314517,-0.23895820954644492,0.6657635467980296,-0.17848674780890716,0.07614035087719304,0.0655969539854959,0.08750957517263258,-0.6607642137970655,0.661504075979123,-0.13568973996260214,0.5831455798966696,0.374454806799368,0.5519992938132259,0.2683680388549293,0.5053086455308197,"Uptrend is weak and choppy (R² 1%), drawdown deep (-23.9%), volatility moderate (28%), 67% days above EMA, underperforming benchmark."
MCD,0.40219195968760163,Down,weak,-0.15643119153307916,0.5056990256994772,0.18515961804694295,-0.25804843722512166,0.33004926108374383,-0.33989439676010746,-0.2218873958365363,-0.8215794538051393,-0.6062086374761048,-1.5069733266708971,-0.014872688497225435,-0.1710834091177815,0.26019728210699455,0.7176898948027957,0.6660606735536649,0.06162833416613786,0.7528495128497386,"Downtrend is weak and choppy (R² 51%), drawdown deep (-25.8%), volatility low (19%), 33% days above EMA, underperforming benchmark."
RSG,0.40160024934971483,Down,weak,-0.02590218958942958,0.04958117717425181,0.1917045860886141,-0.14870624704008276,0.5426108374384236,-0.18314783621281938,-0.012109567004781177,-0.13898616078786966,-0.17418360092463245,-0.7191159767411778,-0.367466175993528,0.027121104424375687,0.4367104252706391,0.48308600249851186,0.7905753867236367,0.2571820596696486,0.5247905885871259,"Downtrend is weak and choppy (R² 5%), drawdown moderate (-14.9%), volatility low (19%), 54% days above EMA, underperforming benchmark."
RJF,0.39952377533747335,Up,weak,0.011343048083387597,0.0026759752667859793,0.2540464123306838,-0.20143966445615835,0.6509852216748768,-0.10993778477941096,0.16997033441208204,0.03992194415238882,0.056309903583344756,-0.4673785583059338,0.7656605980127937,-0.08338618293103456,0.6670801934919695,0.3972915753027092,0.6147895980982936,0.258531268554039,0.501337987633393,"Uptrend is weak and choppy (R² 0%), drawdown deep (-20.1%), volatility moderate (25%), 65% days above EMA, underperforming benchmark."
AMCR,0.39918355226252383,Up,weak,0.06172332416957671,0.05806968565501325,0.31274188288306914,-0.2746144721233689,0.6460591133004927,-0.10611630155459151,0.011764705882352941,0.21014843055026416,0.2247635519436422,-0.36075181774226117,0.8208683170785215,-0.0883627689184582,0.5324420194791611,0.3662929599444375,0.5503261545329626,0.2782223806938225,0.5290348428275067,"Uptrend is weak and choppy (R² 6%), drawdown deep (-27.5%), volatility moderate (31%), 65% days above EMA, underperforming benchmark."
MSCI,0.3988774009838041,Up,weak,0.039413169325317465,0.07195663280814846,0.3063330816482914,-0.18072829131652665,0.47783251231527096,-0.17814668956043414,0.0009870946514094932,0.12069435001621083,0.21807968768038333,-0.5676592862369456,0.3353744955112655,-0.08231721732548866,0.5141905063753909,0.3796452347557828,0.6023540058783862,0.28029010343741934,0.5359783164040742,"Uptrend is weak and choppy (R² 7%), drawdown moderate (-18.1%), volatility moderate (31%), 48% days above EMA, underperforming benchmark."
NWS,0.398730473585662,Up,weak,0.05014820906158457,0.04109172588735033,0.2729700148768467,-0.2575976845151953,0.6312807881773399,-0.11216441278706496,0.19504192489974487,0.16492110660894949,0.19467647450311767,-0.39774504709963476,0.3289176000722749,-0.014680594396029222,0.6967525300939612,0.3975758480668285,0.5527278064010636,0.2635281218220825,0.5205458629436752,"Uptrend is weak and choppy (R² 4%), drawdown deep (-25.8%), volatility moderate (27%), 63% days above EMA, underperforming benchmark."
CMS,0.39704028373854183,Down,weak,-0.00004017415787649359,9.322924021670786e-8,0.17174287335557895,-0.15336502376782576,0.4187192118226601,-0.20107545267673896,-0.10759493670886071,-0.000214582050883929,-0.0002619512382256851,-0.8950524131939088,-0.14763876587812963,-0.02588665669819378,0.32078754040688257,0.4782571732590412,0.7827319689200372,0.2202204453656844,0.5000000466146202,"Flat trend is weak and choppy (R² 0%), drawdown moderate (-15.3%), volatility low (17%), 42% days above EMA, underperforming benchmark."
XYZ,0.3945096997310556,Up,weak,0.15324783768360906,0.11202898904485226,0.4681825698026372,-0.3947725311305634,0.636206896551724,-0.08043994926216883,0.2234256537211821,0.3233006483872648,0.38819275810485737,-0.1939877166013393,1.889898595493971,-0.23493377399126641,0.7509878717841861,0.2548775671704482,0.29841287583696824,0.34181901990332153,0.5560144945224261,"Uptrend is weak and choppy (R² 11%), drawdown deep (-39.5%), volatility high (47%), 64% days above EMA, underperforming benchmark."
AVGO,0.39437841513126404,Up,weak,0.1645133303590971,0.21346631749587708,0.46480538580940606,-0.2895125553914328,0.3842364532019704,-0.17402572447649062,0.056386685013320816,0.3449430012167364,0.5682424727199425,-0.43313014938805716,2.115558608515117,-0.36780973058338234,0.6160380497021204,0.308129119390884,0.3751688122968421,0.30054725138862315,0.6067331587479385,"Uptrend is weak and choppy (R² 21%), drawdown deep (-29.0%), volatility high (46%), 38% days above EMA, underperforming benchmark."
HBAN,0.3940689745262654,Up,weak,0.02899546371586581,0.021665812668239415,0.2665653917392204,-0.22055007784120395,0.5763546798029556,-0.20419117030215655,0.069693094629156,0.09534178671676596,0.13146884371876097,-0.8280761536468139,0.7959310485135764,-0.18231316448351442,0.5794065749739711,0.39426751459489934,0.5804661878187745,0.22599085359184756,0.5108329063341197,"Uptrend is weak and choppy (R² 2%), drawdown deep (-22.1%), volatility moderate (27%), 58% days above EMA, underperforming benchmark."
WFC,0.3940434722828143,Down,weak,-0.02362391645250972,0.01317519983725346,0.2634775544814282,-0.2383027284988069,0.5967980295566503,-0.04218230112306304,0.1635015608740896,-0.08300558891241192,-0.09913405776479808,-0.17013747952866737,0.7260208005863513,-0.003650939729750724,0.619644717087841,0.3931100454371986,0.5866666185339549,0.4084992836890166,0.5065875999186267,"Downtrend is weak and choppy (R² 1%), drawdown deep (-23.8%), volatility moderate (26%), 60% days above EMA, in line with benchmark."
MSI,0.3938464246273616,Up,weak,0.05700914695247228,0.037748148264033055,0.2643273315294279,-0.25794411584744037,0.5229064039408867,-0.18778810567274787,0.002853683846419909,0.2075406558497172,0.22101355855773824,-0.6620438641073293,0.15975182758525602,-0.06312010945071483,0.5219517480754982,0.40454674260258866,0.5818528565579381,0.2604414487498393,0.5188740741320166,"Uptrend is weak and choppy (R² 4%), drawdown deep (-25.8%), volatility moderate (26%), 52% days above EMA, underperforming benchmark."
ATO,0.3915421073655443,Up,weak,0.019673104121102014,0.01970549533810173,0.1563456721773858,-0.14290914764158297,0.43349753694581283,-0.14461669158025517,-0.10575149213239288,0.11793032974552488,0.13766161540926886,-0.6776714233565471,-0.1501923554989935,0.029939547554582727,0.330514255480135,0.5035070754916651,0.8188165624938099,0.17450428059930675,0.5098527476690509,"Uptrend is weak and choppy (R² 2%), drawdown moderate (-14.3%), volatility low (16%), 43% days above EMA, underperforming benchmark."
BBY,0.3909733448841325,Up,weak,0.06611941555074319,0.023556491841253857,0.3775723272381604,-0.339047619047619,0.46379310344827585,-0.010461087532100344,0.3949326999208235,0.19510794542077245,0.195015130135619,-0.02847071610960374,0.6962004440226804,0.03726196580714333,0.772150004209499,0.28420591868246653,0.45682795585135194,0.47902344974535244,0.5117782459206269,"Uptrend is weak and choppy (R² 2%), drawdown deep (-33.9%), volatility high (38%), 46% days above EMA, in line with benchmark."
OTIS,0.3906209229984544,Down,weak,-0.2726307576855851,0.8139906951629399,0.2145343045664597,-0.27483443708609273,0.20689655172413793,-0.40532714687927873,-0.19751773049645385,-1.2118257641905859,-0.9919817930246589,-1.786616092066152,0.3225973290293339,-0.27851889949968445,0.20327324117454693,0.8424610430150102,0.6188989606147446,0.026672988491730998,0.9069953475814698,"Downtrend is weak and very smooth (R² 81%), drawdown deep (-27.5%), volatility moderate (21%), 21% days above EMA, underperforming benchmark."
STE,0.38863321416962693,Down,weak,-0.16920837354425533,0.45276033155973283,0.25569421588196445,-0.2577703331472175,0.4187192118226601,-0.287857084722895,-0.041074249605055395,-0.6574697176498531,-0.6564307516630211,-1.1223274855819838,0.4718587524134096,-0.20591588209158107,0.368587806000653,0.620685949897902,0.5993092583517732,0.11934839855863472,0.7263801657798663,"Downtrend is weak and choppy (R² 45%), drawdown deep (-25.8%), volatility moderate (26%), 42% days above EMA, underperforming benchmark."
PCG,0.3843939103930032,Up,weak,0.09186791449987464,0.13805562285488238,0.3636759611231988,-0.30559916274201987,0.5369458128078818,-0.23412962186701664,-0.2265711135611908,0.20859887168765345,0.30061572707065143,-0.6215152565475556,0.17334552701715633,-0.10910300408014999,0.34158887153386375,0.35535185030424243,0.3904971353240469,0.22681235867259666,0.5690278114274412,"Uptrend is weak and choppy (R² 14%), drawdown deep (-30.6%), volatility high (36%), 54% days above EMA, underperforming benchmark."
SYY,0.3842245108413429,Up,weak,0.04789759055666987,0.048620559435164745,0.27544699841971537,-0.23979815708644142,0.5524630541871922,-0.12399870195945999,-0.026608325449385052,0.16246840438009305,0.19974127882644213,-0.42017844339796584,0.13903558593983795,0.003931631924161079,0.47174283096325825,0.398863281297867,0.575339657164383,0.2410198558127534,0.5243102797175824,"Uptrend is weak and choppy (R² 5%), drawdown deep (-24.0%), volatility moderate (28%), 55% days above EMA, underperforming benchmark."
CCI,0.38337522346412867,Down,weak,-0.19104575335478557,0.6150264137517838,0.29926822426484934,-0.2554870031354304,0.30049261083743845,-0.39139957887341437,-0.1563499314755596,-0.5627447366316829,-0.747770927719226,-1.2292301814733237,0.1172468354994381,-0.23422320127210133,0.2919023812369753,0.6582449826110426,0.5188955602447515,0.09634622731583453,0.8075132068758919,"Downtrend is weak and smooth (R² 62%), drawdown deep (-25.5%), volatility moderate (30%), 30% days above EMA, underperforming benchmark."
CTAS,0.3831458616181811,Down,weak,-0.021764715450610872,0.00988220003780993,0.2306238858483815,-0.20320569034395392,0.5721674876847291,-0.16489868297668903,0.0005041847332862474,-0.09567269430906272,-0.1071068207478396,-0.6560188225364754,0.18186619377972488,-0.04433336322337127,0.46426593350801915,0.4243172141705235,0.6701043293104755,0.28030724689740527,0.504941100018905,"Downtrend is weak and choppy (R² 1%), drawdown deep (-20.3%), volatility moderate (23%), 57% days above EMA, underperforming benchmark."
ECL,0.3827779213024245,Up,weak,0.019548060627536223,0.01475934974324078,0.2206625175524484,-0.2030809145451598,0.5721674876847291,-0.14080799057618446,-0.019494584837545043,0.08710467983812338,0.09625749751678045,-0.6402336736031723,0.49804863385311565,-0.07163593086979464,0.47409011655571215,0.43671715731917204,0.673268988296183,0.18552548649025635,0.5073796748716204,"Uptrend is weak and choppy (R² 1%), drawdown deep (-20.3%), volatility moderate (22%), 57% days above EMA, underperforming benchmark."
HD,0.3821308147974568,Down,weak,-0.18435179425961234,0.5412539940518539,0.2543047033965635,-0.2973643191157716,0.35467980295566504,-0.4515253122480558,-0.1286911412609736,-0.7338313437467259,-0.6199526385942741,-1.8874319649131432,0.711605759447623,-0.3768635752204691,0.21263530661783672,0.6663222936293635,0.5757585538769,0.014071004385857094,0.770626997025927,"Downtrend is weak and choppy (R² 54%), drawdown deep (-29.7%), volatility moderate (25%), 35% days above EMA, underperforming benchmark."
MLM,0.38159681068570567,Down,weak,-0.15387824865573319,0.4727017561541721,0.28399195585180925,-0.29040685769160157,0.39408866995073893,-0.35498788029998873,-0.1591726769189578,-0.4933688724702258,-0.5298712636433147,-1.3517165306903987,0.8372570956019318,-0.3221010227035148,0.31426177941660766,0.6023589222252768,0.520301956222016,0.08103543366370017,0.736350878077086,"Downtrend is weak and choppy (R² 47%), drawdown deep (-29.0%), volatility moderate (28%), 39% days above EMA, underperforming benchmark."
A,0.3810007711752984,Down,weak,-0.025300445761580304,0.005671639679850626,0.320467964802226,-0.29872773536895675,0.5524630541871922,-0.007657890504790932,0.23999306879223706,-0.09141611977257524,-0.08469399645912316,-0.025563889954384866,0.8710769800049579,0.012063076743835222,0.6677201485538065,0.33236785503769933,0.5491928808356199,0.484054126065225,0.5028358198399253,"Downtrend is weak and choppy (R² 1%), drawdown deep (-29.9%), volatility moderate (32%), 55% days above EMA, in line with benchmark."
PPL,0.3807723524008987,Down,weak,-0.01843856289054291,0.021064490572857864,0.1797209906508684,-0.14267771916603866,0.3842364532019704,-0.1952430159134963,-0.09112646121147715,-0.09402121312454749,-0.12923225152685094,-0.8814071402769559,-0.0199087884657579,-0.04108043531045345,0.3175742348701366,0.4808112546355605,0.7898727534794274,0.2267961891776111,0.5105322452864289,"Flat trend is weak and choppy (R² 2%), drawdown moderate (-14.3%), volatility low (18%), 38% days above EMA, underperforming benchmark."
EXC,0.37776946677431467,Up,weak,0.013973024638227027,0.010472970471402387,0.19408517425103827,-0.13740306223901366,0.41379310344827586,-0.14847791244760583,-0.11158886158886164,0.0705669567221125,0.10169369161453509,-0.5981514145365978,-0.24047376882675026,0.04073219205189302,0.3188855087083514,0.46115131098466294,0.7958845345947825,0.17801534895766155,0.5052364852357012,"Uptrend is weak and choppy (R² 1%), drawdown moderate (-13.7%), volatility low (19%), 41% days above EMA, underperforming benchmark."
HPQ,0.3777547878769329,Up,weak,0.038053981093939315,0.004486746519714591,0.43564585650542365,-0.3638587906326459,0.5179802955665024,-0.007132650432746274,0.7730227518959911,0.09917749902680029,0.10458447637825205,-0.01679596991523462,0.7426118577775157,0.03356478516199084,0.7627480836664697,0.22550898088078955,0.39341019512158704,0.4860246407900731,0.5022433732598572,"Uptrend is weak and choppy (R² 0%), drawdown deep (-36.4%), volatility high (44%), 52% days above EMA, in line with benchmark."
NWSA,0.3771233859179995,Up,weak,0.041584874532346605,0.026558791789083158,0.2668995943174046,-0.27811795037060916,0.5869458128078818,-0.12911149694280044,0.2120462046204621,0.14597346028202995,0.14952243994654865,-0.4640443260304279,0.2941238431033808,-0.02654733271097691,0.7051916590409435,0.396379801577137,0.5565318443518324,0.22702381683643377,0.5132793958945416,"Uptrend is weak and choppy (R² 3%), drawdown deep (-27.8%), volatility moderate (27%), 59% days above EMA, underperforming benchmark."
SYK,0.37641010189937235,Down,weak,-0.18782800492726204,0.5786427785832935,0.2961675278474976,-0.3055119730445742,0.3399014778325123,-0.4995901519065655,-0.21912776910174095,-0.5994320513642843,-0.6147975251361357,-1.597795772796397,0.17185410446048882,-0.32388865139743434,0.24162268952341706,0.6431538614441492,0.5075227405241126,0.05027552840045038,0.7893213892916466,"Downtrend is weak and choppy (R² 58%), drawdown deep (-30.6%), volatility moderate (30%), 34% days above EMA, underperforming benchmark."
XYL,0.375677092300133,Down,weak,-0.2772351860039175,0.7912666329031998,0.25019989604481047,-0.30898986596927097,0.2315270935960591,-0.4067733785096894,-0.1291377196567225,-1.0054002136803146,-0.8972306749745913,-1.7820213575701263,0.8053694546901661,-0.35815832998279495,0.15012429807895192,0.7954334204067894,0.5425115023706651,0.02724733030373422,0.8956333164515999,"Downtrend is weak and smooth (R² 79%), drawdown deep (-30.9%), volatility moderate (25%), 23% days above EMA, underperforming benchmark."
CBRE,0.3751886974054144,Down,weak,-0.1562915256585613,0.3684684432471379,0.33035080437941844,-0.2737019987180235,0.541871921182266,-0.3143274621413035,0.04151256698618763,-0.4486955463442445,-0.5710280757561358,-1.0082599067721654,0.838306625521257,-0.28835187204949253,0.4870787024232444,0.5038834172441505,0.4963992821633475,0.12396751165347933,0.684234221623569,"Downtrend is weak and choppy (R² 37%), drawdown deep (-27.4%), volatility moderate (33%), 54% days above EMA, underperforming benchmark."
TMUS,0.3702010154583609,Down,weak,-0.2209484774498751,0.6905813927060063,0.29505053093918915,-0.3060979645871256,0.23645320197044334,-0.4552602155947205,-0.16997751124437782,-0.7015231748104501,-0.7218227594159184,-1.3538231128261156,-0.31593149051512576,-0.2125136907602316,0.2606380406067776,0.700240165413814,0.5054711759975381,0.08077211089673555,0.8452906963530031,"Downtrend is weak and smooth (R² 69%), drawdown deep (-30.6%), volatility moderate (30%), 24% days above EMA, underperforming benchmark."
ZBRA,0.3682103574600049,Up,weak,0.06877150391034803,0.015183990652595236,0.48207045884207117,-0.38274281466798804,0.5524630541871922,-0.03362758770383188,0.6100060841484533,0.16079575944087984,0.1796807184218577,-0.07746475235328239,1.7859212954957104,-0.16641688390037324,0.7730384538099666,0.19603915119474424,0.3421718182188429,0.4343269724289596,0.5075919953262976,"Uptrend is weak and choppy (R² 2%), drawdown deep (-38.3%), volatility high (48%), 55% days above EMA, in line with benchmark."
AWK,0.36796023507392916,Down,weak,-0.015904387218042104,0.014266138846233622,0.22184145143443723,-0.16709069655504374,0.5376847290640394,-0.14046390384524304,0.040940896233437545,-0.0739031470279741,-0.09518415774155811,-0.49836260916502073,-0.43499865286871586,0.08046058119890795,0.5144600915153974,0.4352916179886796,0.7341581370441288,0.20383227395204273,0.5071330694231169,"Flat trend is weak and choppy (R² 1%), drawdown moderate (-16.7%), volatility moderate (22%), 54% days above EMA, underperforming benchmark."
EXE,0.3678708899986346,Down,weak,-0.18091870868891147,0.45835101168671233,0.30804421108789387,-0.29245666856538366,0.41379310344827586,-0.1459546958692438,-0.10784674894087304,-0.6170429846739257,-0.6186171427596086,-0.4393504114128836,0.004619640340231412,0.003411597276977995,0.24962422173532026,0.5711312947554623,0.5374547344532694,0.2020666299510986,0.7291755058433562,"Downtrend is weak and choppy (R² 46%), drawdown deep (-29.2%), volatility moderate (31%), 41% days above EMA, underperforming benchmark."
NVR,0.3669786299887513,Down,weak,-0.2447771465188211,0.7015983946831768,0.27278167630321226,-0.34798628380706387,0.27586206896551724,-0.464297167654253,-0.07905568219806353,-0.874082760641679,-0.7034103293983115,-1.7268834736978895,0.5468016042113423,-0.3594742147837483,0.2550954867052082,0.7280175210383761,0.5089714194988901,0.03413956578776381,0.8507991973415883,"Downtrend is weak and smooth (R² 70%), drawdown deep (-34.8%), volatility moderate (27%), 28% days above EMA, underperforming benchmark."
SRE,0.36611566528739836,Down,weak,-0.0029331663541674047,0.00041383946835893415,0.20781827091134603,-0.18095238095238092,0.4187192118226601,-0.1261168823300815,-0.09473003556417724,-0.01333735877681221,-0.01620960353618829,-0.5355249180922798,0.1147574096987749,0.005699406574321185,0.3373907688059562,0.44238864882283346,0.7086503479998474,0.22307477615887933,0.5002069197341794,"Flat trend is weak and choppy (R² 0%), drawdown moderate (-18.1%), volatility moderate (21%), 42% days above EMA, underperforming benchmark."
AOS,0.3642007662828853,Down,weak,-0.18750930735279858,0.4511583564859517,0.2700231456463478,-0.3068224182925314,0.39408866995073893,-0.39559054941192484,-0.16737630303920129,-0.7008788276906118,-0.6111330078039572,-1.5731408828959448,0.7779128005517826,-0.3449671838501001,0.2850470975726559,0.605556032596628,0.5523486283162246,0.0533573896380069,0.7255791782429759,"Downtrend is weak and choppy (R² 45%), drawdown deep (-30.7%), volatility moderate (27%), 39% days above EMA, underperforming benchmark."
FERG,0.36411243140774396,Down,weak,-0.010787461073555549,0.003229157731502008,0.3159002484726088,-0.18626570915619392,0.4630541871921182,-0.16429178508388123,-0.04602167249492724,-0.03347668472640303,-0.05791436932983556,-0.595934571675657,1.202373531089659,-0.20970483065733594,0.4054127926084762,0.33571433039314225,0.5983634021915797,0.28832453799550206,0.501614578865751,"Flat trend is weak and choppy (R² 0%), drawdown moderate (-18.6%), volatility moderate (32%), 46% days above EMA, underperforming benchmark."
WY,0.36342734213762384,Up,weak,0.01321254748905143,0.005637883922161913,0.2634195684574411,-0.1885608856088562,0.4975369458128079,-0.2823725316961437,-0.0533792509685752,0.05407178455995448,0.07007045732941165,-1.0352557850719488,0.3303303237391287,-0.1780898172787867,0.4155497505461545,0.3893993735036399,0.6728066939966024,0.13481196289972644,0.5028189419610809,"Uptrend is weak and choppy (R² 1%), drawdown moderate (-18.9%), volatility moderate (26%), 50% days above EMA, underperforming benchmark."
BA,0.36259860851959674,Up,weak,0.047255805421296815,0.03938338590996926,0.33353887814559086,-0.24961332540154668,0.5221674876847291,-0.2552967435745986,-0.043437645959831774,0.15267659553959895,0.18931603649475678,-0.8627884304606791,1.196661158006479,-0.2948576161546673,0.44350701429301453,0.3361528148093938,0.5532742923302434,0.1789786653076253,0.5196916929549846,"Uptrend is weak and choppy (R² 4%), drawdown deep (-25.0%), volatility moderate (33%), 52% days above EMA, underperforming benchmark."
WYNN,0.361875635597234,Down,weak,-0.27253866722241116,0.80461901090199,0.3394820515264392,-0.3368831558422079,0.2561576354679803,-0.47936531829896734,-0.11641850704506837,-0.8028053552418857,-0.8090005763008972,-1.49573748526206,0.8549576514181806,-0.4205439944945627,0.17442497206705773,0.7128274539245558,0.4578547616565623,0.0630328143422425,0.9023095054509949,"Downtrend is weak and very smooth (R² 80%), drawdown deep (-33.7%), volatility moderate (34%), 26% days above EMA, underperforming benchmark."
AZO,0.3603326613716885,Down,weak,-0.28289766181914555,0.8072037502950642,0.2948138114742718,-0.33828372227606135,0.21182266009852216,-0.5393930127094144,-0.22382973909202092,-0.8562279010638081,-0.8362733504164377,-1.7198625756617785,0.1294248009495677,-0.3445686343584494,0.17447522274843075,0.7587880636732602,0.465887251146424,0.03501717804227769,0.9036018751475321,"Downtrend is weak and very smooth (R² 81%), drawdown deep (-33.8%), volatility moderate (29%), 21% days above EMA, underperforming benchmark."
AIG,0.35898974368893977,Down,weak,-0.03336635201313465,0.0643021829956959,0.2430765525066252,-0.169765561843169,0.4088669950738916,-0.1889132832570295,-0.037706810311658304,-0.12845665879009685,-0.19654370209641692,-0.699452448819765,0.06239991541932138,-0.048374205091017364,0.3816631847292198,0.4390745389912228,0.6856037210254424,0.2548258523779098,0.532151091497848,"Downtrend is weak and choppy (R² 6%), drawdown moderate (-17.0%), volatility moderate (24%), 41% days above EMA, underperforming benchmark."
MAA,0.35568847775247686,Down,weak,-0.030693898326691338,0.0646841265656215,0.1900514600456215,-0.16323131376223202,0.43349753694581283,-0.2779644213028376,-0.02689180737961224,-0.16757373401008466,-0.1880392776315031,-1.2424419168594927,0.06575631396081964,-0.1311765081615227,0.40411979999900455,0.49229060323718926,0.7719865056289885,0.11259446860469402,0.5323420632828108,"Downtrend is weak and choppy (R² 6%), drawdown moderate (-16.3%), volatility low (19%), 43% days above EMA, underperforming benchmark."
PEG,0.3551121201194101,Down,weak,-0.07495524105558982,0.3720779003804854,0.18458315745163006,-0.16641748131109832,0.30049261083743845,-0.2700805983397726,-0.11942655813388407,-0.37076372696370524,-0.4504048520928497,-1.2542283629338549,0.11616306874472798,-0.13238528512277561,0.17635430434952598,0.6514557927386126,0.7482093385143611,0.11770415501955803,0.6860389501902426,"Downtrend is weak and choppy (R² 37%), drawdown moderate (-16.6%), volatility low (18%), 30% days above EMA, underperforming benchmark."
PG,0.3540064311295006,Down,weak,-0.03712000888320788,0.09228472974114243,0.1959785998092616,-0.1615430622009569,0.3793103448275862,-0.24593029559441826,-0.06750587007565872,-0.18631556769170443,-0.22978398686680335,-1.0376950650506174,-0.051666399745377685,-0.083332633154989,0.3257979115334871,0.5001637650613097,0.7584534834454837,0.16493632004733358,0.5461423648705712,"Downtrend is weak and choppy (R² 9%), drawdown moderate (-16.2%), volatility low (20%), 38% days above EMA, underperforming benchmark."
CRH,0.3532110913185001,Down,weak,-0.20119836474543873,0.5137710831622759,0.32233711793479386,-0.33277515603592633,0.3694581280788177,-0.3884965997815593,-0.15711538461538466,-0.6323764356405148,-0.6046075288256116,-1.4027543988500346,1.3054926835295662,-0.42518481575278055,0.2845117412904371,0.5845484236463441,0.48225629578594764,0.07465570014374567,0.756885541581138,"Downtrend is weak and choppy (R² 51%), drawdown deep (-33.3%), volatility moderate (32%), 37% days above EMA, underperforming benchmark."
FOXA,0.3530383296751395,Down,weak,-0.05536687342891555,0.02949542473882527,0.35938273039977314,-0.35895414531599,0.6854679802955664,-0.019318874642884426,0.12944030497314168,-0.13223189179525366,-0.1542449757201597,-0.0516335240338333,0.137860758772477,0.11788247192341506,0.5372544607139973,0.3053649819696395,0.36675156195854813,0.46137988321536827,0.5147477123694126,"Downtrend is weak and choppy (R² 3%), drawdown deep (-35.9%), volatility high (36%), 69% days above EMA, in line with benchmark."
SPGI,0.35250909880314146,Down,weak,-0.17023597200258178,0.37593529976930695,0.31831815939959573,-0.2906537214344647,0.4187192118226601,-0.3688504336364775,0.011310154498188976,-0.46728381132159386,-0.5857003005583943,-1.135299937243996,0.3463476674940599,-0.2535126568320725,0.4476032331164721,0.5196494904850577,0.4677001225913563,0.1080875078445005,0.6879676498846534,"Downtrend is weak and choppy (R² 38%), drawdown deep (-29.1%), volatility moderate (32%), 42% days above EMA, underperforming benchmark."
LOW,0.352359479338083,Down,weak,-0.19298818869982415,0.46542742777309365,0.2703061496165134,-0.315946971014997,0.32019704433497537,-0.45453399167433006,-0.20370220349967594,-0.7294600565942192,-0.6108246205995866,-1.7434448908933082,0.63794181599673,-0.3671116235009923,0.2510715145923875,0.6124075642700335,0.5484767062833688,0.03206938863833647,0.7327137138865467,"Downtrend is weak and choppy (R² 47%), drawdown deep (-31.6%), volatility moderate (27%), 32% days above EMA, underperforming benchmark."
BAX,0.3518814468598466,Up,weak,0.1280518541280693,0.06376995043534395,0.442289625073744,-0.35483870967741926,0.5918719211822661,-0.14178679453779683,0.3396121883656509,0.25945649954861955,0.3608734070881954,-0.3429581091260746,1.2070506952974192,-0.18793712666803727,0.7928973711329033,0.250167756412364,0.31371685418867207,0.22105522345380893,0.531884975217672,"Uptrend is weak and choppy (R² 6%), drawdown deep (-35.5%), volatility high (44%), 59% days above EMA, underperforming benchmark."
RMD,0.35043009434883826,Down,weak,-0.2654368715004053,0.6409833189913088,0.28565505810617625,-0.3546314600395368,0.3251231527093596,-0.3585370457244005,-0.08565479908390586,-0.8666290240488236,-0.7484865315412583,-1.2507362574045937,0.4626831322228413,-0.2640771484306367,0.23036923997752723,0.6848366013894782,0.4777397885121254,0.09365796782442579,0.8204916594956544,"Downtrend is weak and smooth (R² 64%), drawdown deep (-35.5%), volatility moderate (29%), 33% days above EMA, underperforming benchmark."
IDXX,0.34827735219262945,Down,poor,-0.23767403876641724,0.6259462123661161,0.31869531904775555,-0.3393201857359002,0.2857142857142857,-0.38076884854824555,-0.1565143542263372,-0.7621013891903262,-0.7004417914335452,-1.289857151067759,0.915880595993818,-0.35568880062464414,0.260757278441341,0.6442777871353025,0.4836431692872017,0.08876785611653012,0.8129731061830581,"Downtrend is poor and smooth (R² 63%), drawdown deep (-33.9%), volatility moderate (32%), 29% days above EMA, underperforming benchmark."
ALLE,0.34809889014635875,Down,poor,-0.19329798944539966,0.38998796242313216,0.2754451330043423,-0.3010513433832119,0.33497536945812806,-0.2693508257881125,0.03157392253136951,-0.7056757118346538,-0.6420764885920085,-0.9939686328782766,0.5560727617700826,-0.20328099475237602,0.4525307595501787,0.5695488482072237,0.5502924866024446,0.1508459813571415,0.6949939812115661,"Downtrend is poor and choppy (R² 39%), drawdown deep (-30.1%), volatility moderate (28%), 33% days above EMA, underperforming benchmark."
BLK,0.34757729557549083,Down,poor,-0.04205189397275222,0.047139947702040885,0.27558845930232073,-0.2325730298771817,0.5475369458128079,-0.18749599766873332,0.11694018945088695,-0.15155760907049534,-0.1808115669945014,-0.8183584120100181,1.1979789700911008,-0.2316915546979705,0.5469237859862546,0.39798151454869973,0.5981054785065548,0.24114604044535543,0.5235699738510204,"Downtrend is poor and choppy (R² 5%), drawdown deep (-23.3%), volatility moderate (28%), 55% days above EMA, underperforming benchmark."
FOX,0.3468869801793024,Down,poor,-0.058432946480075576,0.03615361155133856,0.34296347089809875,-0.3448937426210154,0.675615763546798,-0.03600568079402876,0.10024635209399278,-0.15154697848195736,-0.16942304037184083,-0.09983812418530921,0.09170632856502892,0.10644417801593017,0.502955496204667,0.32511333487757055,0.40575323967702165,0.42757077595477844,0.5180768057756693,"Downtrend is poor and choppy (R² 4%), drawdown deep (-34.5%), volatility moderate (34%), 68% days above EMA, in line with benchmark."
SYF,0.3460827209395738,Up,poor,0.0036627820601875527,0.00026561924079682164,0.32047130352298314,-0.27907765344184465,0.5770935960591133,-0.14077027585721105,0.15687777948167467,0.009976229804881482,0.013124598171923565,-0.5050875733911915,1.2394243189894683,-0.19217262718136544,0.6558007553454765,0.3296615060974153,0.47354082897320954,0.20248154402384466,0.5001328096203984,"Uptrend is poor and choppy (R² 0%), drawdown deep (-27.9%), volatility moderate (32%), 58% days above EMA, underperforming benchmark."
CME,0.3457563767683489,Down,poor,-0.03223830046715581,0.016016170288029263,0.23956664668843236,-0.3304539606689946,0.5714285714285714,-0.09704435915679344,-0.09646259849009327,-0.12317026654959935,-0.0975576155961039,-0.33636312840591576,-0.3032138623509197,0.10401699287797021,0.2857130032361803,0.4184414384555823,0.5404218441764984,0.29637575095319946,0.5080080851440146,"Downtrend is poor and choppy (R² 2%), drawdown deep (-33.0%), volatility moderate (24%), 57% days above EMA, underperforming benchmark."
MKC,0.34535996913229267,Down,poor,-0.31946811625547866,0.6292951911294988,0.30384625479273075,-0.36357292393579904,0.45812807881773393,-0.4443089399501906,-0.14733856165526446,-0.944652574262363,-0.8786906153437637,-1.2887216599726312,-0.3329073848942754,-0.20161473309030858,0.09815947589839931,0.6608013407720187,0.4391344756011375,0.0889097925034211,0.8146475955647494,"Downtrend is poor and smooth (R² 63%), drawdown deep (-36.4%), volatility moderate (30%), 46% days above EMA, underperforming benchmark."
MCO,0.34457829786862204,Down,poor,-0.04370519211276891,0.047513572516729274,0.286352643929102,-0.2360593762161561,0.6263546798029557,-0.22968741104298304,0.04805686991231809,-0.13866108791082143,-0.18514491062938634,-0.8114348148671272,0.5373657748046943,-0.16419785754447486,0.47528772504455785,0.3874041423292627,0.5577611132336735,0.20678165992071826,0.5237567862583646,"Downtrend is poor and choppy (R² 5%), drawdown deep (-23.6%), volatility moderate (29%), 63% days above EMA, underperforming benchmark."
KHC,0.34435299994707286,Down,poor,-0.027104972710155995,0.022444181416029663,0.2672988833572046,-0.206806282722513,0.5081280788177339,-0.23870842850909973,0.054019014693171996,-0.09362346866369883,-0.13106455158581765,-0.8026122661325242,-0.036656568822810216,-0.07916435210060373,0.5088892351307622,0.39392320735081027,0.6053848361768563,0.2003519289283362,0.5112220907080148,"Downtrend is poor and choppy (R² 2%), drawdown deep (-20.7%), volatility moderate (27%), 51% days above EMA, underperforming benchmark."
TKO,0.34395548812753163,Down,poor,-0.03381699609134903,0.037762584797341514,0.3179984531718001,-0.2023915362731152,0.49261083743842365,-0.17863095519806502,-0.06132752561500775,-0.10692863852847556,-0.1670870072635598,-0.5621934076199661,0.4805697047615556,-0.1064038682642589,0.34158437135891595,0.3508828392268707,0.5819487337758529,0.28056897645712,0.5188812923986708,"Downtrend is poor and choppy (R² 4%), drawdown deep (-20.2%), volatility moderate (32%), 49% days above EMA, underperforming benchmark."
PEP,0.3419408209388323,Down,poor,-0.03903948059087914,0.04298582101592763,0.2106025050397196,-0.2084579740747259,0.39408866995073893,-0.19313375460089013,-0.14673743365594755,-0.20012017368509014,-0.18727746330723075,-0.743378812462742,-0.2175768608524776,-0.006906388768610626,0.19068143777903357,0.4608904054682442,0.6985763340134162,0.24581096335041402,0.5214929105079638,"Downtrend is poor and choppy (R² 4%), drawdown deep (-20.8%), volatility moderate (21%), 39% days above EMA, underperforming benchmark."
MSFT,0.34150724818232187,Down,poor,-0.1813516566988228,0.2445704511134631,0.3213343298639183,-0.349106203995794,0.38990147783251233,-0.16606768910285252,0.21626160837779096,-0.5905895562369521,-0.5194741732547603,-0.5606466758254703,0.9489020072046606,-0.17023722670078056,0.6229651178665139,0.45095089569281327,0.48110149557554444,0.29125264512093435,0.6222852255567315,"Downtrend is poor and choppy (R² 24%), drawdown deep (-34.9%), volatility moderate (32%), 39% days above EMA, underperforming benchmark."
DPZ,0.34103126451646726,Down,poor,-0.29936142527619347,0.7163451589255931,0.3027100487764845,-0.38016293635846005,0.30049261083743845,-0.5007360450655483,-0.19321620178494242,-0.9987425755137626,-0.787455579293827,-1.5570487078029651,0.1178129001333296,-0.3159090940245895,0.18908912370090442,0.705462530686312,0.46513947414742357,0.05536891152462936,0.8581725794627966,"Downtrend is poor and smooth (R² 72%), drawdown deep (-38.0%), volatility moderate (30%), 30% days above EMA, underperforming benchmark."
WRB,0.3409868348679125,Down,poor,-0.07837488585657548,0.2245600836606514,0.22370344027235006,-0.19016059138414473,0.374384236453202,-0.17963050256193921,0.03227232537577362,-0.3146256481626402,-0.41215104184362694,-0.65218560841102,-0.30056234798883985,0.019662198758695973,0.40177814042457544,0.5385766015579756,0.6656539102352184,0.2684853293094033,0.6122800418303257,"Downtrend is poor and choppy (R² 22%), drawdown moderate (-19.0%), volatility moderate (22%), 37% days above EMA, underperforming benchmark."
EQT,0.3399132573222508,Down,poor,-0.02639191708626143,0.012572699259949305,0.3037964975257649,-0.28087737376711325,0.4729064039408867,-0.0786402650279818,-0.1389628701237662,-0.0909499606425835,-0.0939624175927536,-0.2437272703842718,0.11684750967596202,0.055368937600845866,0.22468427929530396,0.3524898521042098,0.549161337381961,0.33859804993037634,0.5062863496299747,"Downtrend is poor and choppy (R² 1%), drawdown deep (-28.1%), volatility moderate (30%), 47% days above EMA, underperforming benchmark."
MA,0.3397411225502963,Down,poor,-0.06151332976270263,0.09085607704937149,0.22617832377271876,-0.21228471676995805,0.4588669950738916,-0.17457067232608536,0.12176587301587302,-0.2713116667100355,-0.2897680563097787,-0.7296164001916102,0.3016261121944942,-0.07333166525424106,0.5193461789609732,0.46924971475196703,0.6640607542780121,0.26303143858376743,0.5454280385246857,"Downtrend is poor and choppy (R² 9%), drawdown deep (-21.2%), volatility moderate (23%), 46% days above EMA, underperforming benchmark."
CLX,0.33900285725442075,Down,poor,-0.19472643676955959,0.40723650436857184,0.31097390337332853,-0.3227430009436929,0.374384236453202,-0.47890742462274405,-0.2084707980383416,-0.5783493762449108,-0.6033482870277096,-1.4823962962645294,0.24252398383755938,-0.32060940097535284,0.24593380318622765,0.5426443488109574,0.47124931662377406,0.06470046296693382,0.703618252184286,"Downtrend is poor and choppy (R² 41%), drawdown deep (-32.3%), volatility moderate (31%), 37% days above EMA, underperforming benchmark."
CI,0.33874470832743325,Down,poor,-0.007298446408858905,0.0025159208140661526,0.33508136961458085,-0.21411575562700966,0.43842364532019706,-0.22394106748100556,0.07681987196688013,-0.019125517642511754,-0.03408645191703138,-0.6449715562473087,0.22010163163989577,-0.10725751566148109,0.5646679586961301,0.31617659079245225,0.5078053990995076,0.2323877641224468,0.5012579604070331,"Flat trend is poor and choppy (R² 0%), drawdown deep (-21.4%), volatility moderate (34%), 44% days above EMA, underperforming benchmark."
AVY,0.337104153983949,Down,poor,-0.037129338091120956,0.02948695892631914,0.25306838789323644,-0.22506963788300835,0.5369458128078818,-0.12586341883557312,-0.03316911090742434,-0.17268570605305175,-0.16496822245931217,-0.49748705267497895,0.4855900691483531,-0.05435089802237056,0.3829530824174221,0.41167509156992316,0.6661867035627259,0.22825152605439838,0.5147434794631596,"Downtrend is poor and choppy (R² 3%), drawdown deep (-22.5%), volatility moderate (25%), 54% days above EMA, underperforming benchmark."
P,0.33530993807681614,Up,poor,0.013453296337312404,0.0006203448314434645,0.6875033742423196,-0.4225937183383992,0.4933497536945813,-0.0020337374943415476,0.5155419552262842,0.017213643895841253,0.03183505990152803,-0.0031863869826713894,2.379509168600322,-0.22673035552072462,0.7545068542729997,0.07843432885514184,0.14896446326485283,0.49621552869908736,0.5003101724157217,"Uptrend is poor and choppy (R² 0%), drawdown deep (-42.3%), volatility high (69%), 49% days above EMA, in line with benchmark."
UHS,0.33497237546522607,Down,poor,-0.3267552445847278,0.5854800225566029,0.3250459512905204,-0.4218609222704563,0.4039408866995074,-0.22448990625893592,-0.0725945017182131,-0.9321553262689949,-0.7745567966478869,-0.6651875820153212,0.22278749041293555,-0.10820584262106928,0.22016714770329138,0.6176940599877812,0.39399743367249235,0.22940248052187337,0.7927400112783014,"Downtrend is poor and choppy (R² 59%), drawdown deep (-42.2%), volatility moderate (33%), 40% days above EMA, underperforming benchmark."
AMT,0.33378294063988484,Down,poor,-0.07847251497191154,0.29913521663949727,0.2617001636490509,-0.17802454112159002,0.39408866995073893,-0.2635367890514915,-0.0539786710418376,-0.28123092864691,-0.44079605248534326,-0.8880226473296,-0.11466197847456448,-0.08900123467788598,0.2794687752871077,0.5378674446706977,0.6539308807778029,0.16894395022580458,0.6495676083197486,"Downtrend is poor and choppy (R² 30%), drawdown moderate (-17.8%), volatility moderate (26%), 39% days above EMA, underperforming benchmark."
GIS,0.3320025597645062,Down,poor,-0.33053656398881814,0.6789308960295265,0.2819737722465024,-0.37057327333202894,0.2955665024630542,-0.47990826595246794,-0.11559272011805205,-1.1110190501066943,-0.8919600731503958,-1.4866049089081983,-0.27369924267127943,-0.23737448601993208,0.14730837206718925,0.7074916757682609,0.4745624874509293,0.06417438638647521,0.8394654480147632,"Downtrend is poor and smooth (R² 68%), drawdown deep (-37.1%), volatility moderate (28%), 30% days above EMA, underperforming benchmark."
UBER,0.3312354430625208,Down,poor,-0.2690865402646003,0.682301597529551,0.35919257992284614,-0.3412587412587412,0.23645320197044334,-0.41120501737877035,-0.03214619181005731,-0.7409505145394973,-0.7885117880704477,-1.2157940206691453,0.9154920021746417,-0.37949918600623833,0.31703404136029534,0.6319582188419294,0.43089196078799497,0.09802574741635683,0.8411507987647755,"Downtrend is poor and smooth (R² 68%), drawdown deep (-34.1%), volatility high (36%), 24% days above EMA, underperforming benchmark."
SHW,0.329347736506736,Down,poor,-0.036269135005710496,0.04230719410978934,0.27304966561224053,-0.21363392377885138,0.5073891625615764,-0.2687991582414281,-0.016421887587531794,-0.14479752020512127,-0.16977235807949406,-1.071510217972085,0.8369968103216125,-0.2484780615809735,0.4122694473822516,0.39810393144265416,0.6392928158050194,0.14161392562189692,0.5211535970548946,"Downtrend is poor and choppy (R² 4%), drawdown deep (-21.4%), volatility moderate (27%), 51% days above EMA, underperforming benchmark."
TRMB,0.32880181172364403,Down,poor,-0.39139623798024104,0.7973442798996495,0.32205004398320825,-0.41487068965517243,0.2857142857142857,-0.49387682423272994,-0.15917159763313599,-1.077456797113933,-0.9434174255731523,-1.7284705011227492,1.149048759992321,-0.47876623111941347,0.1864739762529507,0.7266220959666165,0.38302299409958196,0.033941187359656344,0.8986721399498248,"Downtrend is poor and smooth (R² 80%), drawdown deep (-41.5%), volatility moderate (32%), 29% days above EMA, underperforming benchmark."
GEHC,0.32856246041031434,Down,poor,-0.19124674511459383,0.37200170492417595,0.3515100994413258,-0.3252041742286751,0.3990147783251231,-0.3180681731682625,-0.11576049552649705,-0.5145920786884556,-0.5880820735717682,-0.9475913506343541,0.8027461960309711,-0.2857471815347481,0.22957968944717752,0.4844907530207622,0.4344495917372301,0.13155108117070574,0.686000852462088,"Downtrend is poor and choppy (R² 37%), drawdown deep (-32.5%), volatility high (35%), 40% days above EMA, underperforming benchmark."
QCOM,0.3282220450818123,Up,poor,0.08074346054571069,0.021976842120513096,0.5228203592503972,-0.41195920643773404,0.35467980295566504,-0.04321064093269612,0.3188189680882791,0.15488999080950222,0.19599867968459816,-0.09190901364066113,2.031217511912892,-0.21707384534545604,0.7770490592828131,0.16887315162245867,0.25603854752539057,0.4165656561419783,0.5109884210602565,"Uptrend is poor and choppy (R² 2%), drawdown deep (-41.2%), volatility high (52%), 35% days above EMA, in line with benchmark."
META,0.3278927466057042,Down,poor,-0.18874400865181074,0.5082315557080904,0.3955689472636016,-0.32621595642422296,0.2660098522167488,-0.30451360377860315,-0.016003420578444276,-0.45681529400617876,-0.5785860713887374,-0.8572175959723564,1.3869754205257585,-0.36918908771942405,0.39733953898343616,0.5085468305904437,0.3954578505902424,0.14284780050345547,0.7541157778540453,"Downtrend is poor and choppy (R² 51%), drawdown deep (-32.6%), volatility high (40%), 27% days above EMA, underperforming benchmark."
PHM,0.3265214190362068,Down,poor,-0.007201786177118863,0.001436120039452926,0.32790205710914705,-0.22762345679012347,0.4876847290640394,-0.3012812608596583,-0.056492138109904354,-0.023281680245143963,-0.03163903351032558,-0.986555162438248,0.9094372246832847,-0.288740167717895,0.3939496160621063,0.32281600291057944,0.5699496573100001,0.126680604695219,0.5007180600197265,"Flat trend is poor and choppy (R² 0%), drawdown deep (-22.8%), volatility moderate (33%), 49% days above EMA, underperforming benchmark."
HRL,0.3252680062448544,Down,poor,-0.016599844937019714,0.005436272068875758,0.2931699340461216,-0.23488372093023263,0.4975369458128079,-0.33089337753159076,-0.09509335649153283,-0.05571688403311734,-0.07067260715760866,-1.0217122896130941,-0.09913904009604839,-0.1498757945301657,0.31403081962146,0.3595482019883163,0.5759051690404725,0.12228596379836323,0.5027181360344379,"Flat trend is poor and choppy (R² 1%), drawdown deep (-23.5%), volatility moderate (29%), 50% days above EMA, underperforming benchmark."
CPRT,0.324678446568326,Down,poor,-0.3791390992356396,0.8557290942068817,0.30254543552742685,-0.44437627811860936,0.1477832512315271,-0.6061785799483979,-0.13502109704641344,-1.197641266918728,-0.8531938312297643,-1.9056451273394752,0.1831068951357615,-0.39717117518655154,0.09867827517378237,0.7753191115760141,0.4223344247046166,0.011794359082565598,0.9278645471034408,"Downtrend is poor and very smooth (R² 86%), drawdown deep (-44.4%), volatility moderate (30%), 15% days above EMA, underperforming benchmark."
BKNG,0.3245755693931876,Down,poor,-0.15692211877742923,0.22309588625569599,0.37397543997025595,-0.30892705017262256,0.4933497536945813,-0.3781685020434501,0.008270676691729362,-0.4093874445008453,-0.5079584927566043,-1.06008440369076,0.850912951410907,-0.343048982337829,0.45341746770473895,0.38757250315759206,0.4349951583397299,0.117489449538655,0.611547943127848,"Downtrend is poor and choppy (R² 22%), drawdown deep (-30.9%), volatility high (37%), 49% days above EMA, underperforming benchmark."
TSLA,0.3222777228253156,Down,poor,-0.21277110431106994,0.46623671219257234,0.47840799136203244,-0.39103453907079283,0.3497536945812808,-0.10574699422492545,-0.10852827227698493,-0.4227536616167139,-0.5441235570051521,-0.25728061731098517,2.275121593045546,-0.3244901776250936,0.22730764229195857,0.42431236257476185,0.27925053905629416,0.29177117745162595,0.7331183560962862,"Downtrend is poor and choppy (R² 47%), drawdown deep (-39.1%), volatility high (48%), 35% days above EMA, underperforming benchmark."
IR,0.3217814721104894,Down,poor,-0.024984154800546943,0.009622510932357664,0.3266346702562821,-0.30599432968813284,0.5467980295566502,-0.24342307528645485,-0.14183397910062226,-0.0809435080429262,-0.08164907770026526,-0.8482799321676147,1.2176366265508374,-0.28747875408350015,0.22224780705455327,0.32817658520989673,0.5118426268095919,0.19070674061485837,0.5048112554661788,"Downtrend is poor and choppy (R² 1%), drawdown deep (-30.6%), volatility moderate (33%), 55% days above EMA, underperforming benchmark."
BF-B,0.32047345057300564,Down,poor,-0.04131405686727563,0.04158710238692476,0.3836192645534655,-0.26165803108808283,0.5221674876847291,-0.1753444817276439,0.09785301403798519,-0.1098577550576725,-0.15789332624523164,-0.43631947632439094,0.02655151560697003,-0.029352170499969556,0.5290651093539713,0.2871742866399969,0.4776878336865745,0.2990474232168685,0.5207935511934624,"Downtrend is poor and choppy (R² 4%), drawdown deep (-26.2%), volatility high (38%), 52% days above EMA, underperforming benchmark."
AXP,0.3186746510322066,Down,poor,-0.07474265305935457,0.11018159608057021,0.26854749685252594,-0.2406401829094027,0.43842364532019706,-0.1582905300148751,0.04810614725971427,-0.2595817597342808,-0.3105992197799069,-0.6679632287065714,0.9699849647028581,-0.16595210405895813,0.4236596299158889,0.4365433011877592,0.5815849434466316,0.28433200384925783,0.555090798040285,"Downtrend is poor and choppy (R² 11%), drawdown deep (-24.1%), volatility moderate (27%), 44% days above EMA, underperforming benchmark."
DIS,0.3174004794206766,Down,poor,-0.12227319390289138,0.44378316448413346,0.265248642976258,-0.21062521352921076,0.4039408866995074,-0.2401311582732714,0.048865100604618815,-0.4611683445648933,-0.5805249611577666,-0.9428297523548046,0.6506075508694849,-0.1922446119455653,0.34528023275630465,0.6066429392658088,0.6268932170048274,0.18163676379746782,0.7218915822420666,"Downtrend is poor and choppy (R² 44%), drawdown deep (-21.1%), volatility moderate (27%), 40% days above EMA, underperforming benchmark."
VRSK,0.3169131007457504,Down,poor,-0.27731632673480544,0.625571100441217,0.3552075387430497,-0.4109074519230769,0.2955665024630542,-0.5516833910173263,-0.13424900310146204,-0.7180924393292488,-0.6748875578599141,-1.4129108678723326,-0.3332701748185358,-0.2776134744440533,0.14156005255742007,0.6075780114775589,0.36108841824703586,0.07338614151595843,0.8127855502206085,"Downtrend is poor and smooth (R² 63%), drawdown deep (-41.1%), volatility high (36%), 30% days above EMA, underperforming benchmark."
LEN,0.31312409653082357,Down,poor,-0.40435799825150176,0.8530403755767593,0.3693411301993669,-0.443928902848169,0.19704433497536947,-0.7115770607813158,-0.1933312622967794,-1.0860318119597474,-0.9108620674554251,-2.0449774704027717,0.9353078448051299,-0.583028183564949,0.1536084665679361,0.7071790575890128,0.3666916657904206,0,0.9265201877883795,"Downtrend is poor and very smooth (R² 85%), drawdown deep (-44.4%), volatility high (37%), 20% days above EMA, underperforming benchmark."
HSY,0.3127499345421697,Down,poor,-0.03919333787152013,0.020986719354253003,0.2745964682828143,-0.2793719316065684,0.4187192118226601,-0.21267889489374536,-0.19972458113380762,-0.1472740427899158,-0.1402908933840748,-0.6890094092815128,-0.1252444931559903,-0.04053294026071822,0.2679730671971896,0.3858968913943122,0.5743458256337612,0.23628694660353355,0.5104933596771265,"Downtrend is poor and choppy (R² 2%), drawdown deep (-27.9%), volatility moderate (27%), 42% days above EMA, underperforming benchmark."
SBAC,0.31188686495993373,Down,poor,-0.027522819766218842,0.01796240430257623,0.33254276777394604,-0.22855865921787705,0.3694581280788177,-0.21491690909573158,-0.03786593126856181,-0.10087418626246476,-0.12041906379920742,-0.6129129992078072,0.09549040767897944,-0.07854026110499146,0.3911277295270902,0.3264384343773421,0.6057379643093407,0.24393025600408824,0.5089812021512881,"Downtrend is poor and choppy (R² 2%), drawdown deep (-22.9%), volatility moderate (33%), 37% days above EMA, underperforming benchmark."
FIS,0.3116953485108326,Down,poor,-0.47907432106801184,0.8685291762141386,0.33386259703247556,-0.44990520635846576,0.22167487684729065,-0.694160050352984,-0.23205741626794246,-1.2955464363845652,-1.0648339123382033,-2.047001088785363,0.3651760916779859,-0.4802650171228855,0.09624215985848408,0.7504019910745938,0.36773817192246605,0,0.9342645881070692,"Downtrend is poor and very smooth (R² 87%), drawdown deep (-45.0%), volatility moderate (33%), 22% days above EMA, underperforming benchmark."
AON,0.31146063541220653,Down,poor,-0.04206121981390276,0.06335086484096841,0.27783865271799785,-0.20083407648323978,0.4433497536945813,-0.31340552864264093,-0.028810350268223404,-0.14038814527395327,-0.20943268468393061,-0.9899431948674754,-0.22213586048875428,-0.11509970829000296,0.38199883581325994,0.4038367797024864,0.59976780753441,0.1262571006415656,0.5316754324204842,"Downtrend is poor and choppy (R² 6%), drawdown deep (-20.1%), volatility moderate (28%), 44% days above EMA, underperforming benchmark."
CEG,0.3107213890990755,Down,poor,-0.3057845526924261,0.6519828720096726,0.47309263083814795,-0.41453150142344347,0.35960591133004927,-0.2625265757057662,-0.048954072300375705,-0.6171708100762716,-0.7376630042407019,-0.595921843369152,1.3541765758879125,-0.3269828180246288,0.2665536444679117,0.5211719628762254,0.27477078409300826,0.20630007886454121,0.8259914360048364,"Downtrend is poor and smooth (R² 65%), drawdown deep (-41.5%), volatility high (47%), 36% days above EMA, underperforming benchmark."
EFX,0.3095066071101865,Down,poor,-0.31975276943111164,0.7100111706408623,0.39431215974934825,-0.4208439751458087,0.27586206896551724,-0.5293910363091475,-0.1227355781780215,-0.7229751223975085,-0.7597893478701406,-1.3591403474182275,0.5774764746195601,-0.41061097145180164,0.13902808457417182,0.610693425571083,0.31308384839557507,0.08010745657272156,0.855005585320431,"Downtrend is poor and smooth (R² 71%), drawdown deep (-42.1%), volatility high (39%), 28% days above EMA, underperforming benchmark."
ROL,0.3094875048289068,Down,poor,-0.3876932743653473,0.6684165390412049,0.2750695047253987,-0.47347560975609754,0.28078817733990147,-0.6393326482827039,-0.383737517831669,-1.2258896069869418,-0.8188241725166382,-2.161929517329567,0.12166858350586236,-0.4078895633230251,0.07062275308760865,0.7091387647952038,0.4153764591696438,0,0.8342082695206023,"Downtrend is poor and smooth (R² 67%), drawdown deep (-47.3%), volatility moderate (28%), 28% days above EMA, underperforming benchmark."
VST,0.3076983228910579,Down,poor,-0.27435819953670637,0.6946306316263761,0.49389835949807703,-0.3818373715124816,0.2660098522167488,-0.502658357320628,-0.07608695652173904,-0.5177541323608054,-0.7185210773108889,-1.0984085496211775,1.4950835174630768,-0.5412598288346135,0.24036701469939475,0.5268915461896302,0.2661965588164705,0.11269893129735281,0.8473153158131881,"Downtrend is poor and smooth (R² 69%), drawdown deep (-38.2%), volatility high (49%), 27% days above EMA, underperforming benchmark."
AJG,0.3072335727272081,Down,poor,-0.17485336191930823,0.22032741064896677,0.3122186762517289,-0.38160267972172124,0.4194581280788177,-0.3365428945213714,0.15950247807853601,-0.5215614020295058,-0.45820789845296095,-0.9623503408201958,-0.2814515261321215,-0.12494216976624653,0.5895416622458864,0.4479450290727545,0.4285481783190318,0.12970620739747551,0.6101637053244834,"Downtrend is poor and choppy (R² 22%), drawdown deep (-38.2%), volatility moderate (31%), 42% days above EMA, underperforming benchmark."
ZBH,0.3057397810474604,Down,poor,-0.053313774445049034,0.06650697380900583,0.3277441568171364,-0.23671590255131408,0.49827586206896557,-0.2514423776764761,-0.013762936093033246,-0.13670084578351013,-0.22522261441008148,-0.7405798333652325,0.23402948695201015,-0.1348097697559811,0.388317276954093,0.3555093300873665,0.48245982080612415,0.19747313546948841,0.5332534869045029,"Downtrend is poor and choppy (R² 7%), drawdown deep (-23.7%), volatility moderate (33%), 50% days above EMA, underperforming benchmark."
ABT,0.30475555867715814,Down,poor,-0.30734894691237735,0.5632422204081339,0.27003573090361377,-0.3956960913482653,0.24630541871921183,-0.374473665359635,-0.06249433106575964,-1.1335010729119244,-0.7767298025743432,-1.267497560042134,0.04358660727406462,-0.20879222535884828,0.24348504155986378,0.6615853793004531,0.4820778159244561,0.09156280499473324,0.7816211102040669,"Downtrend is poor and choppy (R² 56%), drawdown deep (-39.6%), volatility moderate (27%), 25% days above EMA, underperforming benchmark."
ERIE,0.3045931037856149,Down,poor,-0.29559434981887756,0.6614936955200628,0.37622407257794943,-0.3880588200555129,0.22660098522167488,-0.46688094192454854,-0.009476720230737467,-0.7337255183475596,-0.761725631636441,-1.1296187925892012,-0.4284133700601939,-0.2027582469053686,0.3371510181862685,0.604522775182082,0.35680507130880823,0.10879765092634985,0.8307468477600313,"Downtrend is poor and smooth (R² 66%), drawdown deep (-38.8%), volatility high (38%), 23% days above EMA, underperforming benchmark."
GPN,0.30385561354312174,Down,poor,-0.02945601111670415,0.007325599316329812,0.4016275972732643,-0.29436349260137806,0.5081280788177339,-0.11011711622826922,0.2155113246396706,-0.07743463535549702,-0.10006679448049956,-0.2944777010304168,1.1167641670841848,-0.14067595488882342,0.6445207723760685,0.2524421017032167,0.44882898412760214,0.2798452888511296,0.5036627996581649,"Downtrend is poor and choppy (R² 1%), drawdown deep (-29.4%), volatility high (40%), 51% days above EMA, underperforming benchmark."
CDNS,0.30288736823899315,Up,poor,0.05144067791221807,0.023001815725395836,0.40371843608967595,-0.31768294147313814,0.374384236453202,-0.32239147856178524,-0.031309491433233735,0.12676741126174249,0.16192458327690115,-0.9167780222858881,1.6615657697839716,-0.4290817592466358,0.46510232386425887,0.25871208079544095,0.4073968907390142,0.13540274721426399,0.511500907862698,"Uptrend is poor and choppy (R² 2%), drawdown deep (-31.8%), volatility high (40%), 37% days above EMA, underperforming benchmark."
APO,0.3018535520948304,Down,poor,-0.059941875454491256,0.041214155302143896,0.37336196042792047,-0.34315651604453173,0.6214285714285714,-0.1939152160023292,0.20556079170593783,-0.14972636070002998,-0.1746779462194812,-0.5718696351118732,1.2119684815530412,-0.2401540662319056,0.5871447038527208,0.2972451172231515,0.39237548803095557,0.26659709024907097,0.520607077651072,"Downtrend is poor and choppy (R² 4%), drawdown deep (-34.3%), volatility high (37%), 62% days above EMA, underperforming benchmark."
BR,0.3014945151011682,Down,poor,-0.42081889838490516,0.7322341357937523,0.2876945099618554,-0.4684875598461659,0.2019704433497537,-0.5466017798212626,-0.08125819134993444,-1.3434925291486957,-0.8982498884774798,-1.7778434492020772,0.12087438735863529,-0.3480563679763228,0.17423078044341594,0.7284225579350208,0.41965054140318137,0.027769568849740356,0.8661170678968761,"Downtrend is poor and smooth (R² 73%), drawdown deep (-46.8%), volatility moderate (29%), 20% days above EMA, underperforming benchmark."
ORLY,0.3009040781960866,Down,poor,-0.14669422275978672,0.6649910098523754,0.2564079572033351,-0.23270265256909656,0.270935960591133,-0.35646658279247423,-0.09407776247483839,-0.5577878797898753,-0.6303934275791235,-1.25628522581071,0.0331182143332885,-0.19252616833515834,0.09911464458434918,0.7260875477228526,0.6124801631576906,0.09296434677366125,0.8324955049261877,"Downtrend is poor and smooth (R² 66%), drawdown deep (-23.3%), volatility moderate (26%), 27% days above EMA, underperforming benchmark."
ADSK,0.3007903705620588,Down,poor,-0.3367227329631788,0.6844361300309835,0.37276922451574607,-0.4221510804654313,0.24630541871921183,-0.5754735735219298,-0.15971091609419052,-0.8067971596472814,-0.7976356061719283,-1.5520615642245725,0.5115546995122533,-0.4307835045828326,0.20433926951868603,0.6194488404997457,0.331444209551504,0.055992304471928434,0.8422180650154918,"Downtrend is poor and smooth (R² 68%), drawdown deep (-42.2%), volatility high (37%), 25% days above EMA, underperforming benchmark."
NFLX,0.3007334492521568,Down,poor,-0.3773717096736796,0.7171043965278819,0.3595514539421489,-0.45820309369239404,0.2512315270935961,-0.6456996219700561,-0.1989672252081357,-1.0192698779172962,-0.8235904882977961,-1.752109679627166,0.26915712765566624,-0.43577560417450184,0.157942844210524,0.6490007443217921,0.3652119441362841,0.030986290046604248,0.858552198263941,"Downtrend is poor and smooth (R² 72%), drawdown deep (-45.8%), volatility high (36%), 25% days above EMA, underperforming benchmark."
STZ,0.29892095707355104,Down,poor,-0.02353024822936811,0.008776082303659005,0.3050588771276322,-0.27417806575473963,0.4088669950738916,-0.2934894426282969,-0.17437983462256604,-0.0773826330257826,-0.08582104540199292,-0.8947059994635713,0.03338209531680527,-0.13951391878680128,0.31521497478825944,0.34932916402419734,0.5402898470676245,0.14309806547242568,0.5043880411518296,"Downtrend is poor and choppy (R² 1%), drawdown deep (-27.4%), volatility moderate (31%), 41% days above EMA, underperforming benchmark."
KKR,0.2986260950786234,Down,poor,-0.2876908365177333,0.4726801571349356,0.3918149417723825,-0.4383286460425874,0.4630541871921182,-0.47281802175827115,0.15769539768162527,-0.6900055608563926,-0.6563359230913274,-1.3701174212091747,1.5143304620459446,-0.5230436770333255,0.5133030331739882,0.4945251367950853,0.3277129276470379,0.07873532234885317,0.7363400785674679,"Downtrend is poor and choppy (R² 47%), drawdown deep (-43.8%), volatility high (39%), 46% days above EMA, underperforming benchmark."
VMC,0.29842081740224724,Down,poor,-0.07738500909236612,0.21028739724423318,0.2851478456685311,-0.2436056542664286,0.4482758620689655,-0.3112757315000677,-0.06001500375093784,-0.24335530523095633,-0.31766507770682145,-1.1687492271578244,0.7972206669183332,-0.27906766210141787,0.2712289786158989,0.46999585295358554,0.5493038872145305,0.10390634660527195,0.6051436986221166,"Downtrend is poor and choppy (R² 21%), drawdown deep (-24.4%), volatility moderate (29%), 45% days above EMA, underperforming benchmark."
PTC,0.296103896458589,Down,poor,-0.38427906015066904,0.740217717291199,0.3547310420686958,-0.45742162971550016,0.1921182266009852,-0.6130209629238039,-0.19110161503173503,-0.9751140479105992,-0.8400981396303381,-1.7389708748526775,0.5173307168481281,-0.4558591479310863,0.16219666629802712,0.6653778165769038,0.34155832033038225,0.03262864064341531,0.8701088586455994,"Downtrend is poor and smooth (R² 74%), drawdown deep (-45.7%), volatility high (35%), 19% days above EMA, underperforming benchmark."
TDG,0.2960160534574946,Down,poor,-0.09542203399594462,0.2681127819964435,0.2742817075737384,-0.22366896551724133,0.41379310344827586,-0.28320227606687803,-0.10447096969022666,-0.32432294935091477,-0.42662169861285065,-1.0870882468370953,0.7066532477403854,-0.24002289008903382,0.1671781488625248,0.5097746834244834,0.5880290903652735,0.12764006862951993,0.6340563909982218,"Downtrend is poor and choppy (R² 27%), drawdown deep (-22.4%), volatility moderate (27%), 41% days above EMA, underperforming benchmark."
LHX,0.2958694357497496,Down,poor,-0.028412539230379674,0.007261493727077739,0.28765057950625467,-0.3437698161065314,0.4039408866995074,-0.2542685867952581,-0.3181518695437325,-0.09608891974189515,-0.0826498950727392,-0.8576260146414842,0.3224842828954367,-0.15175508528358012,0.20269312218141783,0.3659801673572842,0.49648256973431365,0.18048247819577395,0.5036307468635388,"Downtrend is poor and choppy (R² 1%), drawdown deep (-34.4%), volatility moderate (29%), 40% days above EMA, underperforming benchmark."
BRO,0.2949971432246962,Down,poor,-0.30638088416800746,0.5589900209093046,0.31138335680379703,-0.4333055439766569,0.2561576354679803,-0.48265885110599016,-0.02997952617724477,-0.9378656358161346,-0.7070781540346801,-1.3749554027750235,-0.32562508437594123,-0.23090979881440576,0.29794649271860496,0.6181116536508553,0.41499474608741216,0.07813057465312206,0.7794950104546523,"Downtrend is poor and choppy (R² 56%), drawdown deep (-43.3%), volatility moderate (31%), 26% days above EMA, underperforming benchmark."
IBM,0.29473845174239754,Down,poor,-0.23022297757403476,0.4021073950519274,0.5067269644956754,-0.37499620326215716,0.3645320197044335,-0.24329495811552182,-0.05966970707598342,-0.3789497512526057,-0.6139341560562082,-0.4944630301036494,0.8859054887575664,-0.2334099569566029,0.2970516576317545,0.3710084741542071,0.21687058822147837,0.2350408312105831,0.7010536975259636,"Downtrend is poor and choppy (R² 40%), drawdown deep (-37.5%), volatility high (51%), 36% days above EMA, underperforming benchmark."
TEL,0.29410645794724494,Down,poor,-0.1251671708516422,0.3721384838508046,0.34954242926466644,-0.21349397590361444,0.374384236453202,-0.1776618298268675,-0.002486107048844647,-0.314778482714871,-0.5862796377362474,-0.6038921779850944,1.5585498081175087,-0.2807770625450634,0.2874572922956894,0.4865268126607359,0.49224379096631776,0.27616584984642883,0.6860692419254023,"Downtrend is poor and choppy (R² 37%), drawdown deep (-21.3%), volatility moderate (35%), 37% days above EMA, underperforming benchmark."
MRSH,0.291722664900113,Down,poor,-0.08653841912123417,0.1836959239511764,0.2637438551286518,-0.24007342285769498,0.40960591133004925,-0.2644540576172939,0.01908375007185143,-0.31510395444024575,-0.36046646934563165,-0.8605781398645046,-0.2763838905305469,-0.06352071969292072,0.3749972822349965,0.47810410684693644,0.5953104260478187,0.1716085944064965,0.5918479619755882,"Downtrend is poor and choppy (R² 18%), drawdown deep (-24.0%), volatility moderate (26%), 41% days above EMA, underperforming benchmark."
ROP,0.29143578564831635,Down,poor,-0.2884228433597402,0.46637063985180294,0.2942760369855236,-0.3932115384615385,0.27586206896551724,-0.42831750908507205,0.1031369765791341,-0.8394429685824859,-0.7335055438307082,-1.354951430176999,0.07199368257342816,-0.25542116662500725,0.46083578574490686,0.5889092829403779,0.411502973680155,0.08063107122787513,0.7331853199259015,"Downtrend is poor and choppy (R² 47%), drawdown deep (-39.3%), volatility moderate (29%), 28% days above EMA, underperforming benchmark."
PNR,0.2897581899939686,Down,poor,-0.4822326258519065,0.908290017927877,0.3355724044554671,-0.4961364241939782,0.04433497536945813,-0.8055196817541711,-0.37570155166721697,-1.2060007337133467,-0.9719758565103142,-2.601559704000829,0.9839424781342981,-0.6421590300220248,0.03895207033961132,0.7685726045084714,0.326104921755341,0,0.9541450089639385,"Downtrend is poor and very smooth (R² 91%), drawdown deep (-49.6%), volatility moderate (34%), 4% days above EMA, underperforming benchmark."
NRG,0.28972404827022824,Down,poor,-0.3001438102243097,0.6906034462947335,0.49059344347607947,-0.40493397815573545,0.23645320197044334,-0.5174313747268154,-0.24880575926798082,-0.5600998077209743,-0.7412166585558201,-1.1299383797485456,1.3879880052094926,-0.5341757702879466,0.1421990145860923,0.5273566405403072,0.24685981925064243,0.1087577025314318,0.8453017231473667,"Downtrend is poor and smooth (R² 69%), drawdown deep (-40.5%), volatility high (49%), 24% days above EMA, underperforming benchmark."
MTD,0.2888532883928354,Down,poor,-0.06986520067232005,0.06396302885503558,0.32272978438308453,-0.31904622780573966,0.5820197044334976,-0.12821630935749906,0.04202843123692957,-0.2072070603943605,-0.21898143461159947,-0.4206403205397112,0.8181921874604431,-0.1108617948182517,0.4257028721175167,0.3592517300444333,0.47353955656656,0.23393980485230018,0.5319815144275177,"Downtrend is poor and choppy (R² 6%), drawdown deep (-31.9%), volatility moderate (32%), 58% days above EMA, underperforming benchmark."
LVS,0.28877179983457296,Down,poor,-0.25817920490389556,0.4924436937139308,0.3543571424916655,-0.38696215282774493,0.21674876847290642,-0.39643893851894885,-0.22234392113910184,-0.6584334544186995,-0.667194977641194,-1.139813150984447,0.6100113245794851,-0.31832565370300625,0.19215365458775943,0.5418647043653,0.36766707455305775,0.10752335612694414,0.7462218468569655,"Downtrend is poor and choppy (R² 49%), drawdown deep (-38.7%), volatility high (35%), 22% days above EMA, underperforming benchmark."
BX,0.2882932681062155,Down,poor,-0.26260251089898823,0.39132104635075016,0.3664214016477748,-0.4587661649353403,0.4088669950738916,-0.5015789713248766,0.1693240093240093,-0.7069574344132626,-0.57241037149285,-1.5478865257470953,1.361167114792837,-0.5187190560672101,0.537719796452639,0.4792391215276003,0.36385397209408626,0.05651418428161309,0.6956605231753751,"Downtrend is poor and choppy (R² 39%), drawdown deep (-45.9%), volatility high (37%), 41% days above EMA, underperforming benchmark."
HII,0.2881866903135517,Down,poor,-0.02703684601443601,0.0026963629550946777,0.38229041465643726,-0.4076653516408437,0.49261083743842365,-0.11490099742037954,-0.3191443074691805,-0.07114393774022919,-0.06632117717538007,-0.3139268381726595,0.8366542270015295,-0.10010742842940007,0.20498365138596403,0.2690577668211101,0.36805344625949915,0.26944898452348565,0.5013481814775473,"Downtrend is poor and choppy (R² 0%), drawdown deep (-40.8%), volatility high (38%), 49% days above EMA, underperforming benchmark."
LDOS,0.28741355610254155,Down,poor,-0.4564660321964139,0.7297024170449806,0.34539722245382465,-0.4988724630418442,0.24630541871921183,-0.48103587979906404,-0.25275422506777406,-1.2436279184313022,-0.9149954467583565,-1.3825535530013655,0.41745150187049107,-0.35059350165817194,0.08653410128261002,0.6694539860686657,0.35823799158377195,0.07718080587482931,0.8648512085224902,"Downtrend is poor and smooth (R² 73%), drawdown deep (-49.9%), volatility moderate (35%), 25% days above EMA, underperforming benchmark."
ADBE,0.28541566444280353,Down,poor,-0.378599025585602,0.6477351055809584,0.4030860705230669,-0.47365699667991074,0.3054187192118227,-0.4917127506335922,-0.0908991268130502,-0.8902990197051915,-0.7993105311214324,-1.2087313612068202,0.3688215243337294,-0.3503324426547453,0.17232228028509478,0.571552999898179,0.31264878369371474,0.09890857984914747,0.8238675527904791,"Downtrend is poor and smooth (R² 65%), drawdown deep (-47.4%), volatility high (40%), 31% days above EMA, underperforming benchmark."
COR,0.285354149956629,Down,poor,-0.12146857391795152,0.15351857544594083,0.32612630984490787,-0.32557705136757836,0.6009852216748769,-0.07024709382510264,-0.08378532686268919,-0.3057663847248458,-0.37308702627450485,-0.19653556948570644,-0.1791382454544436,0.11259866382894959,0.15825225520023323,0.40063297787806257,0.4085578004136168,0.3584716425954908,0.5767592877229704,"Downtrend is poor and choppy (R² 15%), drawdown deep (-32.6%), volatility moderate (33%), 60% days above EMA, underperforming benchmark."
NKE,0.2851213241046411,Down,poor,-0.49879804599984146,0.8939823611003014,0.368940462403791,-0.5089177953600643,0.10344827586206896,-0.8569357285615196,-0.3425493716337523,-1.253874489742333,-0.9801151591622709,-2.3970403461450456,0.7209382760178175,-0.6254393371626665,0.03340265459005311,0.7280507181463597,0.3249651487210662,0,0.9469911805501507,"Downtrend is poor and very smooth (R² 89%), drawdown deep (-50.9%), volatility high (37%), 10% days above EMA, underperforming benchmark."
TSCO,0.284398221849488,Down,poor,-0.5330380803615765,0.7957403590312686,0.32599682400123525,-0.5192212506187097,0.22167487684729065,-0.7061219024292703,-0.32241762684455216,-1.434770200431385,-1.026610678446621,-2.1395940628315806,0.3935676490916767,-0.49179594982633024,0.021932243078871858,0.721873355514399,0.3486800850756973,0,0.8978701795156343,"Downtrend is poor and smooth (R² 80%), drawdown deep (-51.9%), volatility moderate (33%), 22% days above EMA, underperforming benchmark."
ICE,0.2839120933736166,Down,poor,-0.1077752199003772,0.22151734504947274,0.2530750685174445,-0.3023216211613782,0.4729064039408867,-0.25028596674346704,-0.007706024710228046,-0.3887809174688488,-0.3564919355961219,-0.938069037379936,0.2664415231951904,-0.13903185632196424,0.3077237277233423,0.5076836040072918,0.5460455386794576,0.173752588096713,0.6107586725247364,"Downtrend is poor and choppy (R² 22%), drawdown deep (-30.2%), volatility moderate (25%), 47% days above EMA, underperforming benchmark."
DECK,0.28376697407711415,Down,poor,-0.010827287450556278,0.0009933960044135048,0.4473530601109972,-0.3395071936497437,0.48275862068965514,-0.5069051311429693,-0.22235202492211842,-0.02562562778847781,-0.031891187147352076,-1.191722607137843,1.037884981616277,-0.46988885126818714,0.29630862558485493,0.21498190291895886,0.37848115016770056,0.10103467410776962,0.5004966980022068,"Flat trend is poor and choppy (R² 0%), drawdown deep (-34.0%), volatility high (45%), 48% days above EMA, underperforming benchmark."
IP,0.2818464282757926,Down,poor,-0.18298207384273113,0.24003646170270654,0.44174405390006466,-0.40272413092091885,0.4236453201970443,-0.4540456667471331,-0.11303673047077077,-0.4142438040351242,-0.45436083858273324,-1.0994735749806812,1.203962776511118,-0.45880617931097845,0.23961076466075046,0.3387101904263048,0.318024801743973,0.11256580312741485,0.6200182308513533,"Downtrend is poor and choppy (R² 24%), drawdown deep (-40.3%), volatility high (44%), 42% days above EMA, underperforming benchmark."
SWKS,0.28165069310904084,Down,poor,-0.06713264938628583,0.030688630224453117,0.47654015029118213,-0.3672411715077739,0.4194581280788177,-0.0175636379197788,0.5181571815718157,-0.14093586652094636,-0.1828026228939985,-0.039908668315377545,1.4652755293165103,-0.0959926761385001,0.6382241387718341,0.20793920239383995,0.3173180661011959,0.4657679593241461,0.5153443151122266,"Downtrend is poor and choppy (R² 3%), drawdown deep (-36.7%), volatility high (48%), 42% days above EMA, in line with benchmark."
GEN,0.27957363777336736,Down,poor,-0.04682496998090291,0.010915498572009796,0.34921566366041285,-0.3970340411189754,0.5426108374384236,-0.125775182474369,0.41101694915254244,-0.14526778334841464,-0.11793691505376819,-0.3798345591686887,0.8462435151686953,-0.11291562159810736,0.6720364249817967,0.3062420856255921,0.42988892509456295,0.24310500128408952,0.5054577492860048,"Downtrend is poor and choppy (R² 1%), drawdown deep (-39.7%), volatility moderate (35%), 54% days above EMA, underperforming benchmark."
ARES,0.279366604041949,Down,poor,-0.2649505692533316,0.3168343683968535,0.4457709488115784,-0.47755941746521574,0.5517241379310345,-0.46471825853037385,0.26261357046201433,-0.5567416829958781,-0.554801265693038,-1.1735400297627183,1.731480809180746,-0.5524548917407585,0.5981958958037741,0.37408897258974294,0.273688914461088,0.10330749627966021,0.6584171841984268,"Downtrend is poor and choppy (R² 32%), drawdown deep (-47.8%), volatility high (45%), 55% days above EMA, underperforming benchmark."
MOS,0.27836059560555254,Down,poor,-0.2886535191954005,0.5316645318788349,0.44914403532828734,-0.4483718341219037,0.31527093596059114,-0.4241985724692494,-0.12864493996569468,-0.6402618488575537,-0.6437815608125848,-0.9710153620114848,0.7835629661299996,-0.36801448032796535,0.14335158469217701,0.47897423944320194,0.29977953975621274,0.1286230797485644,0.7658322659394174,"Downtrend is poor and choppy (R² 53%), drawdown deep (-44.8%), volatility high (45%), 32% days above EMA, underperforming benchmark."
APTV,0.2762760178219376,Down,poor,-0.44770015484146297,0.8092996479126561,0.4407867589836815,-0.49802638998533894,0.16748768472906403,-0.7301648380310466,-0.3502559726962457,-0.9164739882406051,-0.8989486578304465,-1.7671584006425618,1.1728299406562763,-0.6321797279258686,0.0505204481281099,0.6240597547185669,0.2591162653023146,0.029105199919679775,0.9046498239563281,"Downtrend is poor and very smooth (R² 81%), drawdown deep (-49.8%), volatility high (44%), 17% days above EMA, underperforming benchmark."
PGR,0.2762608622003144,Down,poor,-0.10087184732670296,0.22746966739555707,0.27443551120830834,-0.2347266881028939,0.3800492610837438,-0.2809316547101262,0.07439618328197992,-0.33573970972513795,-0.4297417057343098,-0.8551633523027563,-0.5139724068087383,-0.0395075584391225,0.40644455748301955,0.4892993224894702,0.5735084046090978,0.15852664927920007,0.6137348336977786,"Downtrend is poor and choppy (R² 23%), drawdown deep (-23.5%), volatility moderate (27%), 38% days above EMA, underperforming benchmark."
VLTO,0.2744100436991424,Down,poor,-0.14281304295240704,0.3943106922038986,0.23034733285870268,-0.24628780934922082,0.3694581280788177,-0.27619938550850975,0.022764583561343966,-0.6531702883712707,-0.5798624110944404,-1.129761712105477,0.2822903523847562,-0.16483294886768443,0.28498086704558623,0.6168080132432466,0.6466381857316359,0.12815329908720974,0.6971553461019493,"Downtrend is poor and choppy (R² 39%), drawdown deep (-24.6%), volatility moderate (23%), 37% days above EMA, underperforming benchmark."
PLTR,0.2733088049267571,Down,poor,-0.2433823726615555,0.3113081894723363,0.5935814096427011,-0.48223766772854526,0.37019704433497536,-0.15538414408448484,0.0940633245382587,-0.4329432921622202,-0.5046938241219203,-0.2825958898286844,1.9420063551730247,-0.32114021052542724,0.4817140467183243,0.26046803750414227,0.2078223646990441,0.3349297534608696,0.6556540947361682,"Downtrend is poor and choppy (R² 31%), drawdown deep (-48.2%), volatility high (59%), 37% days above EMA, underperforming benchmark."
ISRG,0.273291948356163,Down,poor,-0.3043365407476296,0.5248264939829512,0.3676639695516758,-0.43995951758454926,0.2315270935960591,-0.37191463389265367,-0.2686509627285086,-0.8059168965301283,-0.6917375999012084,-1.076125836826713,0.9478056724639112,-0.35379781477426897,0.12422370497123943,0.5447492774397998,0.3623824246739855,0.11548427039666087,0.7624132469914755,"Downtrend is poor and choppy (R² 52%), drawdown deep (-44.0%), volatility high (37%), 23% days above EMA, underperforming benchmark."
ACN,0.2729741518428832,Down,poor,-0.45710857046326303,0.6654140671398231,0.4515269437762161,-0.5687253067165732,0.3842364532019704,-0.4623287014896872,-0.11698431606114748,-0.9106495530153714,-0.8037422725257154,-1.0114353969571455,0.2959926866564597,-0.31724041742603626,0.10258974265299634,0.5440618257377494,0.2313495621108934,0.12357057538035682,0.8327070335699116,"Downtrend is poor and smooth (R² 67%), drawdown deep (-56.9%), volatility high (45%), 38% days above EMA, underperforming benchmark."
TYL,0.2718366804495679,Down,poor,-0.44796787632253066,0.7528031817864247,0.4176297201746177,-0.5031137746168703,0.1921182266009852,-0.6369842750021253,-0.036862655029857534,-0.9576082084345889,-0.8903908001001678,-1.4769341241223206,0.10370639981013988,-0.40352386005589563,0.23905444080723942,0.613179300762249,0.273372530321746,0.06538323448470992,0.8764015908932123,"Downtrend is poor and smooth (R² 75%), drawdown deep (-50.3%), volatility high (42%), 19% days above EMA, underperforming benchmark."
COO,0.268198023845604,Down,poor,-0.07877545266266706,0.06317514624089715,0.32604407209548636,-0.357566413662239,0.6206896551724138,-0.37246040380782997,-0.2654915254237288,-0.23534082277638876,-0.22030998900550872,-1.166140522355655,0.6053317617264048,-0.29853740525812344,0.14715344758784582,0.35554350102496224,0.4470959586181162,0.10423243470554314,0.5315875731204486,"Downtrend is poor and choppy (R² 6%), drawdown deep (-35.8%), volatility moderate (33%), 62% days above EMA, underperforming benchmark."
NCLH,0.2672580519014049,Down,poor,-0.25691829728245863,0.41995855627486245,0.5437064374043145,-0.4591685226429102,0.4039408866995074,-0.70705744935199,-0.2875305623471882,-0.4862654808158031,-0.5595294202740044,-1.4285459151415323,1.9750759393871797,-0.7495444977394241,0.13856131274726288,0.3521994500841954,0.23894547654393794,0.07143176060730846,0.7099792781374312,"Downtrend is poor and choppy (R² 42%), drawdown deep (-45.9%), volatility high (54%), 40% days above EMA, underperforming benchmark."
COF,0.2633664301670838,Down,poor,-0.11511984028609012,0.15996046151293064,0.3254153332608221,-0.3172830890904862,0.5376847290640394,-0.22594060292841073,0.1378419953851225,-0.31310221466249444,-0.36283005380491307,-0.8099839211993931,1.3320881535099784,-0.2899695406621861,0.4461674613087825,0.4045648974956432,0.44436273584845887,0.21009160640485292,0.5799802307564653,"Downtrend is poor and choppy (R² 16%), drawdown deep (-31.7%), volatility moderate (33%), 54% days above EMA, underperforming benchmark."
CTSH,0.26258946114792153,Down,poor,-0.38271238848967837,0.477402696041496,0.40446995753068027,-0.553287197231834,0.41379310344827586,-0.3205700632397623,-0.06583373378183564,-0.8896698005896657,-0.6917065683146781,-0.7790217654879641,0.28515894003094805,-0.2036878598127667,0.2126781831092014,0.4853488798727378,0.28904806176070447,0.1526222793140045,0.738701348020748,"Downtrend is poor and choppy (R² 48%), drawdown deep (-55.3%), volatility high (40%), 41% days above EMA, underperforming benchmark."
GDDY,0.26168247798455424,Down,poor,-0.412892142713003,0.6219091999910867,0.4786242030928339,-0.49532270004710954,0.3103448275862069,-0.5584243647246852,0.11358909174947998,-0.7567707822799966,-0.8335821125777868,-1.1443319717018723,0.16806176872345865,-0.36365535348974953,0.4257702239406239,0.5019864476759179,0.21697130322820946,0.10695850353726596,0.8109545999955434,"Downtrend is poor and smooth (R² 62%), drawdown deep (-49.5%), volatility high (48%), 31% days above EMA, underperforming benchmark."
BSX,0.2614061584527012,Down,poor,-0.6438344764271907,0.9084945988194323,0.3914119099129173,-0.5948873895277013,0.11822660098522167,-1.0427179237680941,-0.3810139307769639,-1.3596324780924882,-1.0822795839366337,-2.5921175788802455,0.19988069473746495,-0.6243829144140325,0,0.7128353894967989,0.24612640014019244,0,0.9542472994097162,"Downtrend is poor and very smooth (R² 91%), drawdown deep (-59.5%), volatility high (39%), 12% days above EMA, underperforming benchmark."
CRM,0.26109213362419476,Down,poor,-0.31371600400309174,0.4355163293196408,0.462458298429476,-0.436126657401495,0.3800492610837438,-0.1483213753016564,0.25173852573018085,-0.7579173882987321,-0.7193231568834993,-0.32247797065278316,0.5191309553744843,-0.0826500077239977,0.5630612582695346,0.4209144408377134,0.33052948487928246,0.21273516379114418,0.7177581646598203,"Downtrend is poor and choppy (R² 44%), drawdown deep (-43.6%), volatility high (46%), 38% days above EMA, underperforming benchmark."
DHI,0.2605041704879012,Down,poor,-0.08103835813008986,0.15953222901216646,0.35430756278610853,-0.26783050660184515,0.4039408866995074,-0.41182673677798154,-0.049765192402046646,-0.24592281058673182,-0.3025732921849746,-1.2325155833981187,0.8937532263358487,-0.3764437653407072,0.2822120883639927,0.3754585517199747,0.5195995014566461,0.09593555207523516,0.5797661145060833,"Downtrend is poor and choppy (R² 16%), drawdown deep (-26.8%), volatility high (35%), 40% days above EMA, underperforming benchmark."
FICO,0.25866913884897863,Down,poor,-0.42244797412328006,0.6527000536027423,0.58143025681092,-0.5092601952595036,0.3694581280788177,-0.615719813253916,-0.1755533242364169,-0.6343036315551539,-0.8295326790816889,-1.0586724280750421,0.412331974515205,-0.4404825748993203,0.1623929029312931,0.44027733419318116,0.15618425928164908,0.11766594649061973,0.826350026801371,"Downtrend is poor and smooth (R² 65%), drawdown deep (-50.9%), volatility high (58%), 37% days above EMA, underperforming benchmark."
KMB,0.25832824529781134,Down,poor,-0.0904154330324558,0.12915505336231747,0.2815634696181118,-0.2813006874179347,0.4088669950738916,-0.41234739411689536,-0.015593762495002021,-0.2796514090861615,-0.321419168443494,-1.352362671383366,0.06269341749164942,-0.2416847464889056,0.3234946894467827,0.43301405706304696,0.5157097072004417,0.08095466607707924,0.5645775266811588,"Downtrend is poor and choppy (R² 13%), drawdown deep (-28.1%), volatility moderate (28%), 41% days above EMA, underperforming benchmark."
LULU,0.2556428519759015,Down,poor,-0.44126974286248277,0.6800308055146647,0.4609036436678225,-0.5512321660181583,0.2315270935960591,-0.6758758766300225,-0.40487744947478344,-0.8462087191017224,-0.8005152276399393,-1.5688597292121826,1.2682148206304233,-0.6164030781062797,0.05267463614106827,0.5443376700064655,0.2210918673758859,0.05389253384847717,0.8400154027573323,"Downtrend is poor and smooth (R² 68%), drawdown deep (-55.1%), volatility high (46%), 23% days above EMA, underperforming benchmark."
ZTS,0.2552495572805404,Down,poor,-0.5432649840858689,0.8250700972280537,0.3975142156427715,-0.5228736471681827,0.09852216748768473,-0.8683138310923125,-0.39176892895901166,-1.1273572727346772,-1.038998593691082,-2.21244089227571,0.5835023193667872,-0.6086734134582323,0.018506230331233928,0.6650208329712554,0.2578622334757704,0,0.9125350486140269,"Downtrend is poor and very smooth (R² 83%), drawdown deep (-52.3%), volatility high (40%), 10% days above EMA, underperforming benchmark."
TTWO,0.2550786778631509,Down,poor,-0.09512541774133232,0.11126417696334001,0.32532817550426624,-0.276792862861718,0.4433497536945813,-0.2677116316566961,0.027808043962290988,-0.28210647052066634,-0.34367005260845795,-0.8502973985556646,0.6793557772389383,-0.2218701230822634,0.36942422342297265,0.3803039129774038,0.5052084868415097,0.1701736127472007,0.55563208848167,"Downtrend is poor and choppy (R² 11%), drawdown deep (-27.7%), volatility moderate (33%), 44% days above EMA, underperforming benchmark."
DHR,0.25412158266706214,Down,poor,-0.1256802848177837,0.17268110971355433,0.3149584612388777,-0.3310886180541211,0.5172413793103449,-0.10969220557225387,0.028042653542499737,-0.40931063445731525,-0.3795971167974113,-0.3462094593291264,0.4397449796256181,-0.030123600493069447,0.3187849793208899,0.42138209361789947,0.49462998290486504,0.27408629530605655,0.5863405548567772,"Downtrend is poor and choppy (R² 17%), drawdown deep (-33.1%), volatility moderate (31%), 52% days above EMA, underperforming benchmark."
RCL,0.25408586339959244,Down,poor,-0.0379190902793457,0.018044234883780597,0.4624946605713726,-0.29557719213088546,0.41379310344827586,-0.4265734981431206,-0.09601423984364091,-0.09138746368693433,-0.12828828234674694,-1.0163690993918877,1.6011366622012322,-0.5027905906520875,0.2770010053452273,0.21215112201336084,0.41712215024649857,0.12295386257601404,0.5090221174418903,"Downtrend is poor and choppy (R² 2%), drawdown deep (-29.6%), volatility high (46%), 41% days above EMA, underperforming benchmark."
HCA,0.2532499326915255,Down,poor,-0.145607199580437,0.179402812133038,0.307702137359877,-0.33718562544714104,0.5467980295566502,-0.08422516616351657,-0.21603260869565216,-0.4723744248330971,-0.4318309814878604,-0.26052085518752033,0.17661178258776836,0.039641759037133635,0.07717678443770284,0.431999268706642,0.4888654739595016,0.3271999914393049,0.589701406066519,"Downtrend is poor and choppy (R² 18%), drawdown deep (-33.7%), volatility moderate (31%), 55% days above EMA, underperforming benchmark."
CHTR,0.2523037234485192,Down,poor,-0.4999137211971305,0.7119230208110039,0.536486325027855,-0.5638749381056801,0.3251231527093596,-0.776612078423998,-0.37350686396862187,-0.7939545132187589,-0.8865684346188087,-1.4354441356785217,0.2810044759550116,-0.5125853502406565,0.03302890339896128,0.5035967666346107,0.1516186829912291,0.07056948304018479,0.8559615104055018,"Downtrend is poor and smooth (R² 71%), drawdown deep (-56.4%), volatility high (54%), 33% days above EMA, underperforming benchmark."
PODD,0.24938673229448657,Down,poor,-0.6488589774549403,0.9227526901753899,0.46119560468811666,-0.6152558032105324,0.09852216748768473,-1.0690822789683954,-0.43606063143790297,-1.1919276229828666,-1.054616590480024,-2.2957869427219717,0.3218568493166077,-0.6548818198891522,0,0.6654796415716074,0.18790267384161305,0,0.9613763450876949,"Downtrend is poor and very smooth (R² 92%), drawdown deep (-61.5%), volatility high (46%), 10% days above EMA, underperforming benchmark."
T,0.2491436110901579,Down,poor,-0.11742626692287816,0.19175989471505805,0.25078292263905305,-0.3085752869682647,0.4039408866995074,-0.2836238827495978,-0.059278350515463894,-0.4525085554399214,-0.3805433289119968,-0.946615097576109,-0.3360988241090551,-0.0708033606048791,0.20578681196516047,0.495097024718476,0.559067878905056,0.1448471707070722,0.595879947357529,"Downtrend is poor and choppy (R² 19%), drawdown deep (-30.9%), volatility moderate (25%), 40% days above EMA, underperforming benchmark."
VEEV,0.2488797103828869,Down,poor,-0.3256546379827443,0.28501016830164994,0.42297302407043724,-0.5054862517144537,0.3406403940886699,-0.20096420742484516,0.3949436100272597,-0.8012845271211667,-0.6442403465538856,-0.4826553962204601,0.6259276797920289,-0.15159085198603656,0.5914056962757807,0.375275316097997,0.3188166377414275,0.2718629622726968,0.642505084150825,"Downtrend is poor and choppy (R² 29%), drawdown deep (-50.5%), volatility high (42%), 34% days above EMA, underperforming benchmark."
CSGP,0.24763250761875114,Down,poor,-0.7147754495382616,0.9385649621010326,0.44737282200104544,-0.695944431996415,0.07881773399014778,-1.2238708653872727,-0.3495809439788267,-1.4143649753098313,-1.0270582199901035,-2.6978546800592786,0.27897071848250576,-0.7051146719694855,0,0.6837528645497322,0.19698754695423532,0,0.9692824810505163,"Downtrend is poor and very smooth (R² 94%), drawdown deep (-69.6%), volatility high (45%), 8% days above EMA, underperforming benchmark."
INTU,0.24435402536603767,Down,poor,-0.6432412388360104,0.8423346144570606,0.498601752407446,-0.6366989987038699,0.21674876847290642,-0.8911814458667404,-0.28988534453399933,-1.1424613249111655,-1.0102752480300088,-1.771039262951265,0.2992782757888797,-0.5734840896738488,0.00794573731411058,0.5972159929229458,0.16855193690178585,0.028620092131091873,0.9211673072285302,"Downtrend is poor and very smooth (R² 84%), drawdown deep (-63.7%), volatility high (50%), 22% days above EMA, underperforming benchmark."
J,0.24413376214833632,Down,poor,-0.13394102718030176,0.22967891936475815,0.33303336970585945,-0.3476648017513987,0.4046798029556651,-0.179403240762323,0.05733202919268682,-0.36485646575981134,-0.3852590958462274,-0.5760705987247396,0.8984395682954873,-0.17511802595486395,0.33432021893748437,0.43180608997651965,0.4221453179394088,0.27818946912286785,0.6148394596823791,"Downtrend is poor and choppy (R² 23%), drawdown deep (-34.8%), volatility moderate (33%), 40% days above EMA, underperforming benchmark."
WTW,0.2436271942990571,Down,poor,-0.1341237709833043,0.18036399142270443,0.30903761191754847,-0.3080901894664647,0.424384236453202,-0.19597820933199073,0.08799586064160073,-0.3977857608919951,-0.43533931156838584,-0.5790317077614777,-0.10487678299881444,-0.02796666842449419,0.36467978195439904,0.43114438379380376,0.4817564602950058,0.26397923173760307,0.5901819957113522,"Downtrend is poor and choppy (R² 18%), drawdown deep (-30.8%), volatility moderate (31%), 42% days above EMA, underperforming benchmark."
DASH,0.2390282309752549,Down,poor,-0.28478670565324093,0.29990302821629,0.4817567470198516,-0.47966209980833396,0.39482758620689656,-0.3973861779590254,0.1861576587207931,-0.5535688616651737,-0.5937235936861336,-0.8867008805022424,1.397907158458396,-0.4472087337828065,0.5341616837899222,0.3386339538432563,0.24424263308188357,0.1391623899372197,0.649951514108145,"Downtrend is poor and choppy (R² 30%), drawdown deep (-48.0%), volatility high (48%), 39% days above EMA, underperforming benchmark."
JKHY,0.23862606399617095,Down,poor,-0.11693012583350071,0.12859173551675906,0.28406609590356796,-0.35919003115264797,0.4876847290640394,-0.13561576157259012,-0.03347104963774627,-0.38215412977409746,-0.32553833818346684,-0.433680781811726,-0.041536854849247705,0.021395961035625407,0.24958204284037377,0.4302297718548116,0.47463112645810906,0.21998965925517172,0.5642958677583796,"Downtrend is poor and choppy (R² 13%), drawdown deep (-35.9%), volatility moderate (28%), 49% days above EMA, underperforming benchmark."
SNPS,0.23535984546756772,Down,poor,-0.06988940258237997,0.054594338987260294,0.4655496364770544,-0.3034832385513319,0.3842364532019704,-0.126166258010259,-0.08270589865582706,-0.1559802685406149,-0.23029081578275928,-0.3027734245778686,1.763701989493285,-0.2625303255744766,0.2459288234383853,0.22813494213583935,0.38633832314501304,0.2520865023406852,0.5272971694936301,"Downtrend is poor and choppy (R² 5%), drawdown deep (-30.3%), volatility high (47%), 38% days above EMA, underperforming benchmark."
KR,0.23507135492338432,Down,poor,-0.12842745783557152,0.2775078667293498,0.28322367421389627,-0.2654761904761904,0.2955665024630542,-0.31305908060175036,-0.2111095719628757,-0.43970607188314115,-0.48376262144340854,-0.9182145583387049,-0.6196397733064439,-0.050155693446625516,0.10989179011477221,0.5055302591507786,0.5588171591986562,0.13522318020766189,0.6387539333646749,"Downtrend is poor and choppy (R² 28%), drawdown deep (-26.5%), volatility moderate (28%), 30% days above EMA, underperforming benchmark."
PYPL,0.2347231196461974,Down,poor,-0.2802209711142585,0.2927618636130256,0.45163234227249277,-0.48666754236174964,0.3357142857142857,-0.3581538255122957,0.16984858459512842,-0.5647820947799747,-0.5757954799170985,-0.8404506980358253,1.1338970397090038,-0.3729290269352149,0.5263523629647786,0.3576566751021432,0.25621485804456695,0.14494366274552184,0.6463809318065128,"Downtrend is poor and choppy (R² 29%), drawdown deep (-48.7%), volatility high (45%), 34% days above EMA, underperforming benchmark."
ARE,0.23426047863822688,Down,poor,-0.3133734555967782,0.37102681181705943,0.48057058866070534,-0.5379073756432248,0.3448275862068966,-0.677725232207447,-0.012158660554115994,-0.5614169244827143,-0.5825788412401839,-1.4332073077268954,0.6682665992805723,-0.5199236436078901,0.32527572255247617,0.3750854644130007,0.19688580931854066,0.07084908653413807,0.6855134059085297,"Downtrend is poor and choppy (R² 37%), drawdown deep (-53.8%), volatility high (48%), 34% days above EMA, underperforming benchmark."
BXP,0.23392049532250983,Down,poor,-0.11958336281069426,0.11937104766391415,0.2776108029795801,-0.3536044596477892,0.5179802955665024,-0.2979007966238739,0.22186001917545542,-0.3990471071249953,-0.33818397802393757,-1.1262906624650384,0.6984614881139343,-0.25150685304035814,0.4986806136718719,0.432074720852377,0.4851243592481476,0.1104665020109355,0.5596855238319571,"Downtrend is poor and choppy (R² 12%), drawdown deep (-35.4%), volatility moderate (28%), 52% days above EMA, underperforming benchmark."
ADP,0.2335039995685728,Down,poor,-0.12496065360824016,0.1016735607138094,0.2724723377579255,-0.36654028117974696,0.4834975369458128,-0.23969716739673436,0.25507042253521117,-0.47475402438222086,-0.34091929325214043,-0.7992622838744806,0.002643481705328629,-0.08646370848190711,0.5118123427281955,0.4283644425989792,0.5118834266189021,0.19994507973941675,0.5508367803569048,"Downtrend is poor and choppy (R² 10%), drawdown deep (-36.7%), volatility moderate (27%), 48% days above EMA, underperforming benchmark."
EL,0.23157264336293115,Down,poor,-0.13175992770182854,0.09370779269394924,0.4921235279579294,-0.43792325056433407,0.6066502463054187,-0.05169888413541274,0.0538562377102905,-0.25422989817533287,-0.30087447408201057,-0.1130990441949873,1.456382639324666,-0.13303168229063986,0.334475958086746,0.22776125037852757,0.25181610213713435,0.39978397739016436,0.5468538963469747,"Downtrend is poor and choppy (R² 9%), drawdown deep (-43.8%), volatility high (49%), 61% days above EMA, underperforming benchmark."
GPC,0.2315182726561778,Down,poor,-0.13289094826902947,0.1192078924269766,0.33177654757209696,-0.3804770199651614,0.5081280788177339,-0.18905228671426577,0.2285714285714285,-0.4020148156030885,-0.3492745719076482,-0.5740861527180852,0.5231717158001661,-0.12344683688145998,0.4809865711320659,0.37782739864139137,0.4340799196306848,0.27038057150382744,0.5596039462134883,"Downtrend is poor and choppy (R² 12%), drawdown deep (-38.0%), volatility moderate (33%), 51% days above EMA, underperforming benchmark."
NOC,0.23084566335629947,Down,poor,-0.1090519529097701,0.09724873754869356,0.2725459180740494,-0.3541574438165673,0.38916256157635476,-0.26108889120054757,-0.2921929130636405,-0.3982929611838351,-0.3079194149770648,-0.8860467458695015,0.09883848894149716,-0.12152846964489904,0.07444741599709298,0.42607845070029743,0.5105835738637241,0.17123493261385508,0.5486243687743468,"Downtrend is poor and choppy (R² 10%), drawdown deep (-35.4%), volatility moderate (27%), 39% days above EMA, underperforming benchmark."
IT,0.22805505908994775,Down,poor,-0.4486555825464742,0.5689759414343099,0.5550720072477875,-0.5239123026241053,0.29064039408866993,-0.459930875543504,0.06378203129870952,-0.7712191776725082,-0.8563562647781036,-0.8311469803336298,0.48312350797345327,-0.34591309189852726,0.36398241114564067,0.4181839652813143,0.18271056610549377,0.14610662745829628,0.7844879707171548,"Downtrend is poor and choppy (R² 57%), drawdown deep (-52.4%), volatility high (56%), 29% days above EMA, underperforming benchmark."
ULTA,0.2225644557919235,Down,poor,-0.12964443334827636,0.1210914176001282,0.35070468241285774,-0.36228459862482676,0.4876847290640394,-0.11172797176473351,-0.1792997778288516,-0.36045973325590314,-0.35785245588795517,-0.32058379529094183,0.5170255964763116,-0.0448185768277312,0.13442670398802878,0.3598410263872064,0.41862242939081606,0.27389995260035094,0.560545708800064,"Downtrend is poor and choppy (R² 12%), drawdown deep (-36.2%), volatility high (35%), 49% days above EMA, underperforming benchmark."
CMG,0.22133205254762378,Down,poor,-0.13003910066329738,0.18236499218185287,0.4257491381065958,-0.3347497639282342,0.45812807881773393,-0.21906690955508307,0.06735598227474154,-0.2822503263715421,-0.38846659408302375,-0.5278513633991507,0.7317360567500198,-0.18591305165567806,0.3508408796703514,0.3218706425109795,0.35339573649610245,0.2510977100966118,0.5911824960909264,"Downtrend is poor and choppy (R² 18%), drawdown deep (-33.5%), volatility high (43%), 46% days above EMA, underperforming benchmark."
RDDT,0.22130050661970005,Down,poor,-0.3342755652336924,0.36812284110859705,0.718375097923502,-0.5499242732074914,0.45320197044334976,-0.6614201122411518,0.13287631271878644,-0.4548058608289218,-0.6078574478700401,-0.9726650925574581,2.0136650667529055,-0.7290174639318447,0.47139399836549944,0.25446764607342304,0.12877263793640698,0.12841686343031772,0.6840614205542985,"Downtrend is poor and choppy (R² 37%), drawdown deep (-55.0%), volatility high (72%), 45% days above EMA, underperforming benchmark."
APP,0.21956635657833584,Down,poor,-0.45430416603035606,0.5735856312992591,0.7537722295372902,-0.5929798255179936,0.35467980295566504,-0.7397111325392461,-0.31847437425506553,-0.5289804777630213,-0.7661376432722676,-1.0357027174915672,2.1361125670867596,-0.7941727654167152,0.04830810437983072,0.348349758265307,0.08704760869230732,0.1205371603135541,0.7867928156496296,"Downtrend is poor and choppy (R² 57%), drawdown deep (-59.3%), volatility high (75%), 35% days above EMA, underperforming benchmark."
CMCSA,0.21828352693681188,Down,poor,-0.1464272205834285,0.24333264248281106,0.3239593168465953,-0.3251231527093595,0.4630541871921182,-0.37061042828273716,-0.1766437684003925,-0.3939295288506028,-0.450374633006606,-1.0886548513617054,0.14042771135244767,-0.22143983757892205,0.1087011311142638,0.44770700439481026,0.4344484594367497,0.11391814357978683,0.6216663212414055,"Downtrend is poor and choppy (R² 24%), drawdown deep (-32.5%), volatility moderate (32%), 46% days above EMA, underperforming benchmark."
PAYX,0.2178624918624961,Down,poor,-0.11547930281720353,0.08684169328430424,0.2837253936676276,-0.3683006053447513,0.4440886699507389,-0.29447167360219983,0.22531914893617028,-0.39921312711742285,-0.3135463291164239,-0.9518379972191663,0.016000180381263142,-0.13754047741449565,0.5078141948519094,0.40969545297452453,0.48450724746586243,0.1351364028897674,0.5434208466421522,"Downtrend is poor and choppy (R² 9%), drawdown deep (-36.8%), volatility moderate (28%), 44% days above EMA, underperforming benchmark."
NOW,0.21482468684570954,Down,poor,-0.45740435688972403,0.521178257288505,0.5727542323914188,-0.5682255631275035,0.3103448275862069,-0.49238532588924955,0.13439418835942224,-0.7552620148421304,-0.804969692620266,-0.8728602953010223,0.7209216742743557,-0.4080758932752531,0.43166372880136467,0.3810234543506884,0.1565377567123108,0.14089246308737222,0.7605891286442525,"Downtrend is poor and choppy (R² 52%), drawdown deep (-56.8%), volatility high (57%), 31% days above EMA, underperforming benchmark."
HOOD,0.21466594543517864,Down,poor,-0.32196334863208675,0.252363672680184,0.717538989048926,-0.5726092089728454,0.3645320197044335,-0.1858864234745915,0.44020841275892747,-0.45638889340504735,-0.5622741366832524,-0.28541585904202715,3.1451741849527446,-0.5468193297596351,0.592642278208251,0.1967970890778605,0.13048311412835736,0.3091078540184627,0.626181836340092,"Downtrend is poor and choppy (R² 25%), drawdown deep (-57.3%), volatility high (72%), 36% days above EMA, underperforming benchmark."
ORCL,0.21223212441108313,Down,poor,-0.49503511773970665,0.5990921330624133,0.5719804444071762,-0.6497730941430877,0.2660098522167488,-0.9140660026771765,-0.062408043158411024,-0.8748691583459376,-0.7618584428962122,-1.7434363209473016,2.0175190061311326,-0.8637265017334573,0.1807538436984439,0.42056073322582443,0.16317745241743253,0.0320704598815873,0.7995460665312066,"Downtrend is poor and choppy (R² 60%), drawdown deep (-65.0%), volatility high (57%), 27% days above EMA, underperforming benchmark."
COIN,0.21127150653066437,Down,poor,-0.5643042399579031,0.7588037910944911,0.7027344610985149,-0.6356805329614997,0.19704433497536947,-0.7546228517485011,-0.13265871217842218,-0.8525668042527661,-0.8877167235701403,-1.1785048290969335,2.940459089886748,-0.9332099526083093,0.040581323837029504,0.45371828027261685,0.1256077192566242,0.1026868963628833,0.8794018955472456,"Downtrend is poor and smooth (R² 76%), drawdown deep (-63.6%), volatility high (70%), 20% days above EMA, underperforming benchmark."
CCL,0.206836927580774,Down,poor,-0.11187221302433148,0.15999289313734733,0.47521360101070237,-0.33892321270962056,0.45812807881773393,-0.4834445994100446,-0.13477088948787064,-0.24865688236780834,-0.3300812951993946,-1.1586655144472622,2.025381925608898,-0.6138346077471573,0.08933923431718346,0.2735862458106469,0.3583781215173164,0.10516681069409223,0.5799964465686737,"Downtrend is poor and choppy (R² 16%), drawdown deep (-33.9%), volatility high (48%), 46% days above EMA, underperforming benchmark."
LII,0.20328567639796968,Down,poor,-0.12398396512969079,0.1610252158870502,0.4236557420221046,-0.34964656601797717,0.4729064039408867,-0.5552891922944888,-0.26744780403412893,-0.25647786140389806,-0.35459797744250154,-1.4451744992421116,1.4291527176681775,-0.566662735820685,0.07024778169056717,0.3127708014269467,0.32520756920400873,0.06935318759473605,0.5805126079435251,"Downtrend is poor and choppy (R² 16%), drawdown deep (-35.0%), volatility high (42%), 47% days above EMA, underperforming benchmark."
CVNA,0.20321154181070045,Down,poor,-0.09688917337456693,0.05842965172440362,0.6262817711688733,-0.41205977636116625,0.48275862068965514,-0.18833860303366948,0.13537964458804527,-0.1406444422462831,-0.2351337813901169,-0.3286052604197848,2.351499776806688,-0.42011084477493077,0.47405917091939137,0.12264438306998349,0.1747614475197945,0.30166160891441285,0.5292148258622018,"Downtrend is poor and choppy (R² 6%), drawdown deep (-41.2%), volatility high (63%), 48% days above EMA, underperforming benchmark."
AXON,0.20108283830541343,Down,poor,-0.29097500254547115,0.2428729669814842,0.619457071078054,-0.5551068700326655,0.3842364532019704,-0.5955062868173836,-0.07481113665784343,-0.4501756119447704,-0.5241783488075884,-1.0151145028965347,1.6159654518017494,-0.6233918765697252,0.23144108077195236,0.2165722157212286,0.1496335634883699,0.12311068713793316,0.6214364834907421,"Downtrend is poor and choppy (R² 24%), drawdown deep (-55.5%), volatility high (62%), 38% days above EMA, underperforming benchmark."
WDAY,0.20090798797350196,Down,poor,-0.4265205916375645,0.40104832864424567,0.5345129124069323,-0.5458032217691469,0.29064039408866993,-0.351906937660094,0.3427887405687754,-0.8400080586063361,-0.781454880854415,-0.6556731477887422,0.35898238375073077,-0.2417940009362584,0.5576156018014159,0.3496394800169236,0.2327308911489268,0.1680408565264072,0.7005241643221227,"Downtrend is poor and choppy (R² 40%), drawdown deep (-54.6%), volatility high (53%), 29% days above EMA, underperforming benchmark."
FSLR,0.19640416215740847,Down,poor,-0.08515533831393363,0.04724842254728012,0.5332017883209528,-0.3739512961508248,0.3990147783251231,-0.13364282973859798,0.03455680399500618,-0.16006954658007772,-0.22771772471564894,-0.2719057211874163,1.73610920465492,-0.26570279615500186,0.3927731657023067,0.17372287003292547,0.2705443079426597,0.24349647333680732,0.52362421127364,"Downtrend is poor and choppy (R² 5%), drawdown deep (-37.4%), volatility high (53%), 40% days above EMA, underperforming benchmark."
FDS,0.1815531708296739,Down,poor,-0.1303580983024616,0.08205001617820995,0.4800977880719798,-0.4870175438596491,0.6115763546798029,-0.4691856615995659,0.2792157244332004,-0.2503371524974889,-0.26766612403603424,-0.9521081875092952,0.06725788007366373,-0.28505416789965776,0.5188822230744797,0.23095166703512013,0.2376980155206127,0.1309864765613381,0.541025008089105,"Downtrend is poor and choppy (R² 8%), drawdown deep (-48.7%), volatility high (48%), 61% days above EMA, underperforming benchmark."
FISV,0.1802217321499518,Down,poor,-0.5523411871081028,0.6340883272565397,0.6919475936064429,-0.6541309288175353,0.14285714285714285,-1.1782535109215317,-0.1635897435897436,-0.591826378146508,-0.8443893458860955,-1.7166749565351591,0.6195660774759528,-0.7456190320728475,0.1288682664213497,0.3940572652266592,0.05314664898595178,0.03541563043310511,0.8170441636282699,"Downtrend is poor and smooth (R² 63%), drawdown deep (-65.4%), volatility high (69%), 14% days above EMA, underperforming benchmark."
CDW,0.17538307049480203,Down,poor,-0.14093804169764168,0.16983296925720603,0.46256829068037614,-0.4185161328102126,0.4834975369458128,-0.33036660404402735,0.1992263056092843,-0.27415662591650775,-0.33675653254101395,-0.7313115115250699,0.7504459377718004,-0.287608320245194,0.44807365380360065,0.2879902666183209,0.2598120516340306,0.15858606105936626,0.584916484628603,"Downtrend is poor and choppy (R² 17%), drawdown deep (-41.9%), volatility high (46%), 48% days above EMA, underperforming benchmark."
SMCI,0.16943886692617108,Down,poor,-0.29870664746595654,0.2070515953248433,0.9397614465971801,-0.65013633265167,0.3800492610837438,-0.3110987726712844,0.1758414595784839,-0.3059934011834601,-0.45945232171172556,-0.3550681069899531,3.8131874974051954,-0.76942351065692,0.5180446500548307,0.11858543601312663,0.04341927538118939,0.20561648662625587,0.6035257976624216,"Downtrend is poor and choppy (R² 21%), drawdown deep (-65.0%), volatility high (94%), 38% days above EMA, underperforming benchmark."
