Symbol,Score,Trend,Quality,Slope,Smoothness,Volatility,Max Drawdown,Trend Alignment,Relative Strength,Momentum,Sortino Ratio,Calmar Ratio,Information Ratio,Beta,Alpha,Strength,Stability,Risk,Outperformance,Confidence,Summary
BNY,0.9276227866146495,Up,excellent,0.47117513412749945,0.9090310390946167,0.20447658104459307,-0.10148107515085027,0.9120689655172413,0.2953299873887914,0.260058309037901,2.1466230691265227,4.642985240618548,1.6275421114782687,0.7715948856272836,0.4611261482677749,0.9587763425739539,0.9000389385027152,0.8282824073301083,0.9966444416135463,0.9545155195473083,"Uptrend is excellent and very smooth (R² 91%), drawdown moderate (-10.1%), volatility moderate (20%), 91% days above EMA, outperforming benchmark."
ROST,0.9261216254606772,Up,excellent,0.8066422491565972,0.944706307180198,0.25577120427923455,-0.1303460625494523,0.9162561576354679,0.3312510731898772,0.1595075817615047,3.5047205344573187,6.188466558785105,1.362924561914664,0.6851424638568134,0.5379925008874049,0.9063225418714007,0.8665819493108644,0.7743221128495228,0.9725849123829328,0.9723531535900989,"Uptrend is excellent and very smooth (R² 94%), drawdown moderate (-13.0%), volatility moderate (26%), 92% days above EMA, outperforming benchmark."
FDX,0.9249737961407289,Up,excellent,1.079290955947052,0.9236075117561869,0.293022394742981,-0.12027216969077445,0.9662561576354679,0.3169586018281331,0.26,3.6468825769872204,8.973738136777287,1.197126401819409,0.9789052927707664,0.4547074067532386,0.97315,0.8187813611351125,0.7236428265823642,0.9394252803638818,0.9618037558780934,"Uptrend is excellent and very smooth (R² 92%), drawdown moderate (-12.0%), volatility moderate (29%), 97% days above EMA, outperforming benchmark."
JNJ,0.9243556795930727,Up,excellent,0.5374143134629614,0.8607120857145959,0.18643105584067024,-0.10959124557450921,0.882512315270936,0.3130343361704381,0.252831105710814,3.4655278106985956,4.903806966018856,1.3421679242519151,-0.13242147681648975,0.6729222840245976,0.9683826852976913,0.8939249870166277,0.8805388275729553,0.968433584850383,0.9303560428572979,"Uptrend is excellent and very smooth (R² 86%), drawdown moderate (-11.0%), volatility low (19%), 88% days above EMA, outperforming benchmark."
CAT,0.9170489736151302,Up,excellent,1.55873340860738,0.9686552692917254,0.37521040121607424,-0.13880000000000006,1,0.647183169007159,0.5316955256277441,4.420767705385821,11.23006778535576,2.022454783197984,1.683489281263074,0.961913322766716,1,0.7591172334297884,0.6392066242593168,1,0.9843276346458627,"Uptrend is excellent and very smooth (R² 97%), drawdown moderate (-13.9%), volatility high (38%), 100% days above EMA, outperforming benchmark."
EIX,0.9037405597740689,Up,excellent,0.4957416985008902,0.8762486552242064,0.24306720033797716,-0.103930361382221,0.9120689655172413,0.2139123951560707,0.27445059553766143,2.079729811840995,4.769941063494608,0.8130921384842725,0.16338706295529448,0.45717727804463926,0.9806304952829901,0.8450571272741261,0.8057361392737492,0.8051201704756416,0.9381243276121032,"Uptrend is excellent and very smooth (R² 88%), drawdown moderate (-10.4%), volatility moderate (24%), 91% days above EMA, outperforming benchmark."
VLO,0.9031389011680296,Up,excellent,1.0137607984149972,0.9256381836919046,0.36129817660695246,-0.13903952956550147,0.9465517241379311,0.47546035914200063,0.5460485051223083,2.9494171906180897,7.291169652134179,1.222818516482057,-0.18850156685834038,0.9758318401496202,1,0.7515209152389999,0.6477250720548099,0.9445637032964114,0.9628190918459523,"Uptrend is excellent and very smooth (R² 93%), drawdown moderate (-13.9%), volatility high (36%), 95% days above EMA, outperforming benchmark."
STT,0.9018057257403531,Up,excellent,0.5522146839038564,0.8406675280176181,0.25557388455270863,-0.11791033824932126,0.8677339901477832,0.3028410877552794,0.34164156626506004,1.8885280908353552,4.683344074004768,1.4167261342393596,1.1067507033751716,0.4055977482103619,1,0.8147598794561004,0.7307296898679112,0.983345226847872,0.920333764008809,"Uptrend is excellent and very smooth (R² 84%), drawdown moderate (-11.8%), volatility moderate (26%), 87% days above EMA, outperforming benchmark."
CMI,0.8978962075872217,Up,excellent,1.0151902042240604,0.9364903014149957,0.3558081080074329,-0.15509469478064167,0.9219211822660099,0.48997561499335623,0.22020606439053053,2.778588104325519,6.545615281424652,1.6351293418372528,1.6369575634025526,0.6351642642466866,0.9466870328197028,0.762437042700065,0.6019960667867199,1,0.9682451507074978,"Uptrend is excellent and very smooth (R² 94%), drawdown moderate (-15.5%), volatility high (36%), 92% days above EMA, outperforming benchmark."
TRGP,0.897349183432051,Up,excellent,0.9157708722314197,0.8731499205004213,0.2765923649813954,-0.16011252081060903,0.907142857142857,0.3023068158883361,0.5806743607150938,3.185083510172882,5.71954565198964,0.9982778317004137,-0.0019833962392390068,0.6289130569222309,1,0.8099825952688153,0.6723125809504076,0.8996555663400827,0.9365749602502107,"Uptrend is excellent and very smooth (R² 87%), drawdown moderate (-16.0%), volatility moderate (28%), 91% days above EMA, outperforming benchmark."
C,0.8941082799990587,Up,excellent,0.5212279663598287,0.8671323482005877,0.28336184277336096,-0.1476125070695645,0.8775862068965518,0.3004764715580783,0.16674958540630194,1.8523148374524936,3.5310555772499184,1.2983135880534518,1.3286773157496192,0.35685994409518784,0.9111384742951908,0.8002043313269329,0.69718848918874,0.9596627176106903,0.9335661741002939,"Uptrend is excellent and very smooth (R² 87%), drawdown moderate (-14.8%), volatility moderate (28%), 88% days above EMA, outperforming benchmark."
CASY,0.8893688106426373,Up,excellent,0.7896083811975703,0.8861360182579142,0.3100915061041704,-0.16072313026250615,0.882512315270936,0.3252110879603351,0.4650908966881545,3.4020058697132827,4.912848448807072,0.9798350573542153,0.031122985647750137,0.6601012361624249,1,0.7829765030247867,0.7268144760253314,0.8959670114708431,0.9430680091289572,"Uptrend is excellent and very smooth (R² 89%), drawdown moderate (-16.1%), volatility moderate (31%), 88% days above EMA, outperforming benchmark."
HST,0.8878889149647099,Up,excellent,0.5169227399041332,0.8664051894637399,0.24635299043553213,-0.10520361990950224,0.9022167487684729,0.1505365855471087,0.2668863261943986,2.2741037469304635,4.91354518360488,0.6664646228373082,0.7918457767524448,0.238235012718245,0.9777294069192751,0.8368496042963378,0.8148862335649705,0.733649753956289,0.9332025947318698,"Uptrend is excellent and very smooth (R² 87%), drawdown moderate (-10.5%), volatility moderate (25%), 90% days above EMA, outperforming benchmark."
JBHT,0.8867564892910258,Up,excellent,1.211165552178337,0.9164809582844995,0.36762801093985237,-0.1586923207900562,0.8972906403940887,0.4278656899599144,0.37766527115178666,4.116903588713576,7.632162326119499,1.2186888867867924,0.8435293352840201,0.6767373741371421,1,0.7406124682023973,0.6677681946139975,0.9437377773573585,0.9582404791422496,"Uptrend is excellent and very smooth (R² 92%), drawdown moderate (-15.9%), volatility high (37%), 90% days above EMA, outperforming benchmark."
MNST,0.8828416618507643,Up,excellent,0.5165923240415649,0.839863263984734,0.2572404414129122,-0.17701361643203328,0.862807881773399,0.31708272969811174,0.26710182767624036,2.183749521954191,2.9183761930535854,1.1751818660684945,0.2728795173083752,0.597673725462115,0.9778727154046999,0.8126911905794548,0.6979174976740682,0.9350363732136989,0.9199316319923669,"Uptrend is excellent and very smooth (R² 84%), drawdown moderate (-17.7%), volatility moderate (26%), 86% days above EMA, outperforming benchmark."
BIIB,0.8813519582480822,Up,excellent,0.6016995997723162,0.8630796113353533,0.34210259961667555,-0.14335421016005567,0.9219211822660099,0.25964732637825494,0.12381720430107528,1.9608826998799969,4.197292839188439,0.7388133200843225,0.26495279097838725,0.506662099913193,0.8738172043010752,0.739437206051001,0.678117285739904,0.8206781360584041,0.9315398056676767,"Uptrend is excellent and very smooth (R² 86%), drawdown moderate (-14.3%), volatility moderate (34%), 92% days above EMA, outperforming benchmark."
HWM,0.8795570574646181,Up,excellent,0.6060698351231393,0.8938673925127458,0.30908682989989966,-0.15887744709743126,0.8972906403940887,0.22854928828152837,0.29168650604704294,2.2014381975448765,3.814700237167508,0.8153219962726936,1.0144395411320952,0.30715284033814355,0.9942215265212836,0.7878468663564733,0.6863775155999399,0.8152996759617551,0.9469336962563728,"Uptrend is excellent and very smooth (R² 89%), drawdown moderate (-15.9%), volatility moderate (31%), 90% days above EMA, outperforming benchmark."
VTRS,0.878538831888375,Up,excellent,0.9360204599206323,0.88997303357708,0.3217599606887306,-0.19652820830750145,0.8923645320197043,0.4027768701237768,0.3007936507936509,3.2003039858060074,4.762779185652936,1.3059813592430238,0.7411249944397906,0.6514936980626783,1,0.7732265560998095,0.6127290779841332,0.9611962718486048,0.9449865167885401,"Uptrend is excellent and very smooth (R² 89%), drawdown moderate (-19.7%), volatility moderate (32%), 89% days above EMA, outperforming benchmark."
CSX,0.8776953638647791,Up,excellent,0.46440080675460305,0.8419542155288622,0.22402906595077463,-0.12239868565169786,0.8874384236453201,0.19207485750121361,0.405436013590034,2.141859388365951,3.7941649804648954,0.8824664902363235,0.5767534365290383,0.34127675282996606,0.9822004033773015,0.8469480418136565,0.7995806389564066,0.8044730782855718,0.9209771077644311,"Uptrend is excellent and very smooth (R² 84%), drawdown moderate (-12.2%), volatility moderate (22%), 89% days above EMA, outperforming benchmark."
MRK,0.8771953488024608,Up,excellent,0.6511136219606464,0.8504098713058738,0.27830828065392865,-0.11901880093601226,0.8381773399014779,0.21393017527645974,0.1174880619875665,2.7058979904794467,5.470678723361553,0.723176932063928,0.1612466552944139,0.4576366763422919,0.8674880619875665,0.7968966549990082,0.7808442419580175,0.7871489529716313,0.9252049356529368,"Uptrend is excellent and very smooth (R² 85%), drawdown moderate (-11.9%), volatility moderate (28%), 84% days above EMA, outperforming benchmark."
PWR,0.8759798127040763,Up,excellent,1.0684804939812849,0.8836971875048553,0.38428838795071035,-0.17643013600937288,0.9268472906403942,0.33838831816522924,0.5652152866858678,2.9054062930798175,6.056111037201273,1.002456670441719,1.5340228659396953,0.37840317860016415,1,0.7075602058017173,0.567598831346426,0.9004913340883438,0.9418485937524277,"Uptrend is excellent and very smooth (R² 88%), drawdown moderate (-17.6%), volatility high (38%), 93% days above EMA, outperforming benchmark."
KEYS,0.8735419358234839,Up,excellent,1.6403787417085272,0.9145190744869823,0.41000857202244384,-0.17201478545025975,0.8916256157635467,0.4895122741274827,0.5523781874485896,4.256219726672343,9.536265951875768,1.38647121965407,1.8376072497365248,0.5936779272389932,1,0.6997531082266583,0.5565703835223048,0.977294243930814,0.9572595372434911,"Uptrend is excellent and very smooth (R² 91%), drawdown moderate (-17.2%), volatility high (41%), 89% days above EMA, outperforming benchmark."
STLD,0.8727053238206457,Up,excellent,1.0934251750588726,0.9053130956592829,0.3530172231656533,-0.22057575328900836,0.9022167487684729,0.3667013459331319,0.36001394052044605,3.2000070103815808,4.9571412938856305,1.1431940223849466,1.1586537671893522,0.502992042734663,1,0.7496393246639881,0.5428735663928651,0.9286388044769893,0.9526565478296414,"Uptrend is excellent and very smooth (R² 91%), drawdown deep (-22.1%), volatility high (35%), 90% days above EMA, outperforming benchmark."
FIX,0.8716275104485253,Up,excellent,2.5453993780181863,0.9603420782897293,0.5613445014918361,-0.1853705038930371,0.9958128078817734,0.9829819067446286,0.78285931919011,4.7865179303964265,13.731415325314853,1.9683824263878724,2.5077819421796104,1.7183089334731383,1,0.6091626630259875,0.4231053468087051,1,0.9801710391448646,"Uptrend is excellent and very smooth (R² 96%), drawdown moderate (-18.5%), volatility high (56%), 100% days above EMA, outperforming benchmark."
CSCO,0.8684800611940009,Up,excellent,0.7684160160946236,0.7656527713962961,0.3213267359833209,-0.14007692307692302,0.8775862068965518,0.37902527062557606,0.6123580313683074,2.339808029530416,5.48567172390451,1.3073077470064651,1.0835037458843335,0.5398164600803257,1,0.7114996497148272,0.6614747602184892,0.961461549401293,0.882826385698148,"Uptrend is excellent and smooth (R² 77%), drawdown moderate (-14.0%), volatility moderate (32%), 88% days above EMA, outperforming benchmark."
ADI,0.8645414425567006,Up,excellent,1.0016257415421959,0.8866114174542299,0.34897265325113924,-0.1599223946784922,0.8036945812807882,0.27248732294492256,0.29031287605294814,2.8517007310105056,6.2631987443401105,0.9217115453894024,1.5612489470370012,0.26479090305039915,0.9933080625752105,0.7443330554759757,0.6088783798644697,0.8657963788362539,0.9433057087271148,"Uptrend is excellent and very smooth (R² 89%), drawdown moderate (-16.0%), volatility moderate (35%), 80% days above EMA, outperforming benchmark."
PFG,0.8608639994750374,Up,excellent,0.4048353732855694,0.8701702481069916,0.22490375949846794,-0.12748717948717955,0.907142857142857,0.1627058398114643,0.23852610923362036,1.6864838588308309,3.1754987043719223,0.7776569199296655,0.7034162480977675,0.2733051538339664,0.9112875492831423,0.8601813645550278,0.7687222411904363,0.7639807674605569,0.9350851240534959,"Uptrend is excellent and very smooth (R² 87%), drawdown moderate (-12.7%), volatility moderate (22%), 91% days above EMA, outperforming benchmark."
AMAT,0.8599822403309829,Up,excellent,2.590254249439252,0.9424040787123632,0.5569337945828223,-0.2330567081604426,1,0.8837099203736023,1.0429981536713535,4.3431970552455805,11.1142660079797,1.79060312204505,2.5371360391866884,1.4064076480249952,1,0.6035016934190649,0.3279123859330822,1,0.9712020393561815,"Uptrend is excellent and very smooth (R² 94%), drawdown deep (-23.3%), volatility high (56%), 100% days above EMA, outperforming benchmark."
PSX,0.8591962342893852,Up,excellent,0.5403395671870479,0.8552927154251877,0.30429675502882797,-0.17277459103462928,0.8381773399014779,0.22570335105403705,0.37491332686173895,1.841048801118935,3.1274249526583886,0.6776928667579177,-0.10516970907326403,0.5292260831285979,1,0.7733496026837658,0.6473425978166152,0.7858813018025181,0.9276463577125937,"Uptrend is excellent and very smooth (R² 86%), drawdown moderate (-17.3%), volatility moderate (30%), 84% days above EMA, outperforming benchmark."
NUE,0.8579431415606547,Up,excellent,0.8618478048340545,0.8292460805266191,0.3010082217050085,-0.18434317457051733,0.7839901477832513,0.3089737360421035,0.38789611627352877,2.9302330820574354,4.675235776111523,1.1157108688652462,0.9191155709550397,0.453601295565203,1,0.763614818558301,0.629362627178097,0.9231421737730492,0.9146230402633095,"Uptrend is excellent and very smooth (R² 83%), drawdown moderate (-18.4%), volatility moderate (30%), 78% days above EMA, outperforming benchmark."
GOOGL,0.8543432834781379,Up,excellent,0.9262760399918377,0.8172527893856393,0.29513875489900776,-0.20422473740871133,0.8036945812807882,0.4876424223598184,0.08317969518190756,3.87551947269935,4.535572192403401,1.9813563204905942,1.3206995673645023,0.6945121788071754,0.8331796951819075,0.763487639793812,0.6578245095465879,1,0.9086263946928197,"Uptrend is excellent and very smooth (R² 82%), drawdown deep (-20.4%), volatility moderate (30%), 80% days above EMA, outperforming benchmark."
LRCX,0.8540327426928853,Up,excellent,3.0007318213099907,0.9576353725540819,0.5885362848947108,-0.2473865183578335,0.9859605911330048,0.9931032374772166,0.64171974522293,4.817128063583106,12.129730598211365,1.9333508982966052,3.033320353970786,1.6449860082724872,1,0.5874154726060079,0.30872770274558353,1,0.978817686277041,"Uptrend is excellent and very smooth (R² 96%), drawdown deep (-24.7%), volatility high (59%), 99% days above EMA, outperforming benchmark."
MAR,0.8534810925110897,Up,excellent,0.5541274459791812,0.8974569225248368,0.26484913717480263,-0.12816024893037728,0.862807881773399,0.06995475951395402,0.11683235357483604,2.4005744665724653,4.323707628565933,0.29183565054711225,0.8852130508758409,0.11068082741255289,0.866832353574836,0.8338793240876158,0.7769284427793546,0.5991383245686652,0.9487284612624183,"Uptrend is excellent and very smooth (R² 90%), drawdown moderate (-12.8%), volatility moderate (26%), 86% days above EMA, outperforming benchmark."
WELL,0.8524934810510028,Up,excellent,0.39309881582194306,0.8530001807244232,0.22336477960908513,-0.1261166074344443,0.8036945812807882,0.22978722365697896,0.2589232998765499,1.6683295969222927,3.116947274579018,0.89672844772391,-0.013418910153825077,0.5168693660538725,0.9189834023288772,0.8531353107531265,0.7752008953153977,0.832404193276673,0.9265000903622116,"Uptrend is excellent and very smooth (R² 85%), drawdown moderate (-12.6%), volatility moderate (22%), 80% days above EMA, outperforming benchmark."
GOOG,0.8514364435839115,Up,excellent,0.899505221686093,0.8091976010260294,0.29135192600389215,-0.20806030733545955,0.7938423645320196,0.47621261830434963,0.07564185147694864,3.8668409422598575,4.3232908439176905,1.9659295039398927,1.310942275142746,0.6741042054989741,0.8256418514769486,0.7632468745091225,0.6613345932052463,1,0.9045988005130148,"Uptrend is excellent and very smooth (R² 81%), drawdown deep (-20.8%), volatility moderate (29%), 79% days above EMA, outperforming benchmark."
STX,0.8487228301634834,Up,excellent,5.996872303371634,0.9508367684135667,0.6778758822525407,-0.25033819604402036,1,1.5826184907309186,2.0254859914929515,9.346272964214016,23.95508315605631,2.524436630937946,2.495785334073424,4.38430433395553,1,0.5559494136436481,0.30183823289781164,1,0.9754183842067834,"Uptrend is excellent and very smooth (R² 95%), drawdown deep (-25.0%), volatility high (68%), 100% days above EMA, outperforming benchmark."
WDC,0.8472378571420829,Up,excellent,9.258230362077576,0.9823977609275177,0.7239867089838731,-0.2869490639615132,1,1.9447601879306493,1.9600916453537933,12.918844281867402,32.26436857559963,2.926890586108037,2.9933610721576094,6.865862643356414,1,0.5602022032177906,0.25562685136779595,1,0.9911988804637588,"Uptrend is excellent and very smooth (R² 98%), drawdown deep (-28.7%), volatility high (72%), 100% days above EMA, outperforming benchmark."
KLAC,0.8460422350731571,Up,excellent,1.7219519672123678,0.9321304273521198,0.5775894163184419,-0.2825229525040601,0.9908866995073892,0.693602037288213,0.6778650158538426,2.6982245169897685,6.094909995631671,1.3544861594217545,2.6830060382259164,0.8696446544631825,1,0.5828731514372285,0.278562874109788,0.970897231884351,0.9660652136760599,"Uptrend is excellent and very smooth (R² 93%), drawdown deep (-28.3%), volatility high (58%), 99% days above EMA, outperforming benchmark."
ADM,0.845789795787263,Up,excellent,0.4443307887832746,0.8090851350730036,0.26759323969028215,-0.12786170378445716,0.7938423645320196,0.21754053399133055,0.34074195129923207,1.7578817824456892,3.475088909594894,0.7345391703833971,-0.029410075425240222,0.5015995330603413,0.9721653943916373,0.7869493278462196,0.7554425580719247,0.7918222891809142,0.9045425675365018,"Uptrend is excellent and very smooth (R² 81%), drawdown moderate (-12.8%), volatility moderate (27%), 79% days above EMA, outperforming benchmark."
HAL,0.8453775770514264,Up,excellent,1.0805889163030367,0.8749638086591284,0.3548009249397162,-0.2331316891577477,0.8571428571428571,0.2389389729813407,0.09449797948399126,3.2027503456965345,4.635100960349754,0.6653588705640385,0.3705795601449883,0.45320031698953034,0.8444979794839913,0.732680979389848,0.5377571812490627,0.7922161911453993,0.9374819043295641,"Uptrend is excellent and very smooth (R² 87%), drawdown deep (-23.3%), volatility high (35%), 86% days above EMA, outperforming benchmark."
NTRS,0.8442284077223589,Up,excellent,0.41853508969106623,0.8217943598555637,0.24561444775307445,-0.12874677002583984,0.8184729064039408,0.19654132050978457,0.27535328345802157,1.7153299702944784,3.2508395325728565,0.9176987403848996,0.943973300062858,0.2735761585007759,0.9426274783451175,0.8152827321747074,0.762883006487524,0.8144897262159867,0.9108971799277819,"Uptrend is excellent and very smooth (R² 82%), drawdown moderate (-12.9%), volatility moderate (25%), 82% days above EMA, outperforming benchmark."
JCI,0.8438038945007326,Up,excellent,0.46158676254700115,0.858090023569064,0.29468293841414095,-0.12979513268252446,0.862807881773399,0.12387935414798368,0.29328780663132353,1.4500650941622706,3.556271741530019,0.47317546841680513,1.0591790024909,0.1472512610793379,0.9760797726833308,0.7843620733703911,0.68698589291993,0.6711969009896642,0.9290450117845319,"Uptrend is excellent and very smooth (R² 86%), drawdown moderate (-13.0%), volatility moderate (29%), 86% days above EMA, outperforming benchmark."
GLW,0.8430391662421903,Up,excellent,2.8467202488452297,0.9392068035177582,0.6444658063925452,-0.28385936094489417,1,1.0831406741203837,1.145904136880347,4.4330400602056255,10.02862910481175,1.8436052534525693,2.6236906689586474,2.036077941788371,1,0.5584869501607428,0.2765655219379333,1,0.969603401758879,"Uptrend is excellent and very smooth (R² 94%), drawdown deep (-28.4%), volatility high (64%), 100% days above EMA, outperforming benchmark."
MS,0.8427345759222977,Up,excellent,0.4615766228042535,0.7803305544982622,0.2666909053384785,-0.19275218323484802,0.8529556650246306,0.25734819281115207,0.19715183019276583,1.6436810053136774,2.3946635262847917,1.221889288451822,1.3320649204364745,0.28729176914263677,0.912144278480316,0.7734743719106526,0.6300528671624666,0.9157644059097806,0.8901652772491311,"Uptrend is excellent and smooth (R² 78%), drawdown moderate (-19.3%), volatility moderate (27%), 85% days above EMA, outperforming benchmark."
VTR,0.8426651034215094,Up,excellent,0.37824366023853506,0.848911470943737,0.20085877453700215,-0.1251798561151078,0.8233990147783251,0.16817328664854814,0.22615876398508264,2.010941956173309,3.0216016536296797,0.6802980235230154,-0.16959499765373584,0.4576220009200582,0.8897674081693475,0.8735969609348664,0.8241374371783176,0.7481448403258876,0.9244557354718685,"Uptrend is excellent and very smooth (R² 85%), drawdown moderate (-12.5%), volatility moderate (20%), 82% days above EMA, outperforming benchmark."
MPC,0.8417901719938481,Up,excellent,0.5959912011329989,0.7475027330857971,0.3287284092301523,-0.18737820416729126,0.8283251231527095,0.317724527720251,0.6766250635341956,1.7791980234080236,3.1806858422065885,0.902144547343633,-0.03444924074089392,0.6608818095274847,1,0.6950229573127462,0.5839552526256812,0.8804289094687265,0.8737513665428984,"Uptrend is excellent and smooth (R² 75%), drawdown moderate (-18.7%), volatility moderate (33%), 83% days above EMA, outperforming benchmark."
ETR,0.8411393472688448,Up,excellent,0.35657982219999496,0.8515145336863491,0.20113665835632297,-0.1097447205495717,0.8381773399014779,0.1564493269297788,0.2593486127864898,1.773856418265522,3.2491751804946993,0.703118469558791,0.20231519762975847,0.3657654141016558,0.9010067386030132,0.8746206084868515,0.8343633673515671,0.7449124963200611,0.9257572668431746,"Uptrend is excellent and very smooth (R² 85%), drawdown moderate (-11.0%), volatility moderate (20%), 84% days above EMA, outperforming benchmark."
TER,0.8385455545134417,Up,excellent,4.0814767731530495,0.9567267053477341,0.728894865632228,-0.2949942129629629,0.9859605911330048,1.0735539777499874,0.5769497480467848,5.3299801467835355,13.835785902910192,1.61210698607976,3.1552204143680083,1.8944377522104299,1,0.54613963626581,0.237314754165244,1,0.9783633526738671,"Uptrend is excellent and very smooth (R² 96%), drawdown deep (-29.5%), volatility high (73%), 99% days above EMA, outperforming benchmark."
MU,0.8381614686298812,Up,excellent,9.120502760286433,0.9559880148243759,0.7515549912934733,-0.3030558984688021,1,1.8347119129596434,1.86526817931625,13.029139692814436,30.09511712647077,2.661468961196856,3.2037782296546786,5.9372206520400255,1,0.5401052595888196,0.2477060619072666,1,0.977994007412188,"Uptrend is excellent and very smooth (R² 96%), drawdown deep (-30.3%), volatility high (75%), 100% days above EMA, outperforming benchmark."
NDSN,0.8347143164304549,Up,excellent,0.42828791931668,0.8650051184060554,0.2131189282986896,-0.1441077216078051,0.8726600985221675,0.07728001439331394,0.12273760087753657,2.113393954979698,2.9719984088172775,0.43529175151624994,0.9299997595362294,0.11114461954045513,0.8368815605358766,0.8693836309043381,0.781184332055624,0.620809189544939,0.9325025592030276,"Uptrend is excellent and very smooth (R² 87%), drawdown moderate (-14.4%), volatility moderate (21%), 87% days above EMA, outperforming benchmark."
COHR,0.8345895634974095,Up,excellent,4.195869405063272,0.9554550540712846,0.7720075504396882,-0.27993159830401276,0.9605911330049262,1.0088724732719752,0.7752815477909326,4.887746055388503,14.988909542489205,1.4146473491794547,3.1254124382854105,1.678361364694525,1,0.5347256394257203,0.22543962967964526,0.9829294698358909,0.9777275270356423,"Uptrend is excellent and very smooth (R² 96%), drawdown deep (-28.0%), volatility high (77%), 96% days above EMA, outperforming benchmark."
BG,0.8338935120267166,Up,excellent,0.7400940713369537,0.8136686952183573,0.3070126457624943,-0.20181112548512287,0.7635467980295566,0.24173910402946813,0.20397907906881346,2.9681774090788275,3.667261007329906,0.7355043728925723,0.03907847558525518,0.5245328093580492,0.9358960875807609,0.7498217018466844,0.6492987193510261,0.8081073787581108,0.9068343476091787,"Uptrend is excellent and very smooth (R² 81%), drawdown deep (-20.2%), volatility moderate (31%), 76% days above EMA, outperforming benchmark."
CFG,0.8328984833196987,Up,excellent,0.44358463305686535,0.826342889287872,0.2646419664873462,-0.18320610687022906,0.8086206896551724,0.20589793210690138,0.14910991344112368,1.6339450981748325,2.4212327887687226,0.9000382684837307,1.044511898902777,0.2670686780896774,0.8709022299695564,0.7985294781565898,0.653710094379307,0.8171797785478356,0.9131714446439361,"Uptrend is excellent and very smooth (R² 83%), drawdown moderate (-18.3%), volatility moderate (26%), 81% days above EMA, outperforming benchmark."
WAB,0.83278212633296,Up,excellent,0.5129481145241019,0.8634400432302642,0.24856812347654053,-0.13401436701184807,0.8677339901477832,0.016173179878674032,0.1727207336809927,2.116294755205193,3.827560626233102,0.07730460219257737,1.0565628971376446,0.008243079895748046,0.9151092878978602,0.8331518981385916,0.7565981698626401,0.5239036400979318,0.931720021615132,"Uptrend is excellent and very smooth (R² 86%), drawdown moderate (-13.4%), volatility moderate (25%), 87% days above EMA, in line with benchmark."
EQIX,0.8310422976081193,Up,excellent,0.5189759860425012,0.7491045791738847,0.22643557015360716,-0.14174773347832764,0.7586206896551724,0.1341323746642873,0.32952627001585916,2.652370633623305,3.661264792793667,0.5809097971231736,0.42225855914348287,0.2901249824046826,1,0.7981167194333352,0.7917134427574237,0.700314334088922,0.8745522895869424,"Uptrend is excellent and smooth (R² 75%), drawdown moderate (-14.2%), volatility moderate (23%), 76% days above EMA, outperforming benchmark."
DD,0.8291749698871643,Up,excellent,0.7248981588396879,0.8318844883178824,0.3081601602923153,-0.17640209586648561,0.7783251231527095,0.15301736626110346,0.018894009216589923,2.6258644131407243,4.109351168867888,0.5728260589963297,1.2257341346236832,0.15398875336846132,0.7688940092165899,0.7577820838666259,0.6593360835221207,0.7165717603628998,0.9159422441589411,"Uptrend is excellent and very smooth (R² 83%), drawdown moderate (-17.6%), volatility moderate (31%), 78% days above EMA, outperforming benchmark."
SNDK,0.8281161346731737,Up,excellent,65.83300741590779,0.9756212950543178,1.0631623569917146,-0.31338749558459916,1,3.408932604463743,4.003796257547678,65.78121851755937,210.069030651978,3.393199251573238,4.058750743578964,35.02245175975285,1,0.4878106475271589,0.16495937831155066,1,0.9878106475271589,"Uptrend is excellent and very smooth (R² 98%), drawdown deep (-31.3%), volatility high (106%), 100% days above EMA, outperforming benchmark."
GS,0.8273387507342834,Up,excellent,0.44401621894508847,0.7940504524293603,0.28745926920702936,-0.1984403500502121,0.8677339901477832,0.2110910020009361,0.11882374335440672,1.4838057712474375,2.2375299117983687,0.9438858594533721,1.5150188201474284,0.1796583683090468,0.8408318528269509,0.7595659570076508,0.6030980057586715,0.8294026882212969,0.8970252262146801,"Uptrend is excellent and smooth (R² 79%), drawdown moderate (-19.8%), volatility moderate (29%), 87% days above EMA, outperforming benchmark."
CHRW,0.8268318122112032,Up,excellent,0.7530800291626358,0.7709814814441839,0.417157410730284,-0.20344982302208486,0.8381773399014779,0.4980855991010658,0.18366363472080002,1.98325600573281,3.701551655225021,1.2383890750748985,0.8452966670223354,0.8113146897185675,0.922386317089332,0.6226226826743789,0.5176936115955808,0.9476778150149797,0.885490740722092,"Uptrend is excellent and smooth (R² 77%), drawdown deep (-20.3%), volatility high (42%), 84% days above EMA, outperforming benchmark."
PLD,0.8253850631334991,Up,excellent,0.3748791067912134,0.8812760830010604,0.22129974836145522,-0.10306894618834087,0.8177339901477833,0.08062216500849606,0.10725134356258284,1.7854568058795646,3.637168329112301,0.3701968944096978,0.5367330329534492,0.1950309512695388,0.7946908969581895,0.869338293139075,0.8354340066822475,0.6176418544494658,0.9406380415005302,"Uptrend is excellent and very smooth (R² 88%), drawdown moderate (-10.3%), volatility moderate (22%), 82% days above EMA, outperforming benchmark."
VRT,0.8235666932374716,Up,excellent,1.993492763294194,0.8975896731290645,0.6070529624800404,-0.2531696036998644,0.882512315270936,0.7251150463664171,0.9024132354770494,3.5440540266058504,7.874139447077949,1.323281339588507,2.574480722951217,0.9691260212835819,1,0.5470315959445221,0.3382557598587088,0.9646562679177014,0.9487948365645322,"Uptrend is excellent and very smooth (R² 90%), drawdown deep (-25.3%), volatility high (61%), 88% days above EMA, outperforming benchmark."
CIEN,0.8172906132976231,Up,excellent,6.599049717194547,0.9457065066426875,0.686688024648268,-0.33188197767145133,0.8817733990147784,1.5621392881009348,0.9778873051818302,9.007502438701312,19.883724218756218,2.4577283552784404,2.526476024476561,4.258253205232043,1,0.5511812471592767,0.2179342583350758,1,0.9728532533213436,"Uptrend is excellent and very smooth (R² 95%), drawdown deep (-33.2%), volatility high (69%), 88% days above EMA, outperforming benchmark."
EXPD,0.8169946864754771,Up,excellent,0.44700829583507007,0.735091027422552,0.3065907566607699,-0.15880998545807065,0.7889162561576355,0.2326952420369704,0.10970597533986717,1.3649522273439734,2.8147367090660063,0.7633146382031074,0.5101876797903511,0.41542187249690055,0.8332101232574022,0.7109547570505061,0.6342949552155506,0.8076552635952068,0.867545513711276,"Uptrend is excellent and smooth (R² 74%), drawdown moderate (-15.9%), volatility moderate (31%), 79% days above EMA, outperforming benchmark."
INTC,0.8154887437822025,Up,excellent,4.856460275659787,0.8789523686355799,0.7519964063543285,-0.2683411380729388,0.9169950738916256,1.2984513875655062,1.508392118705911,7.524758468822275,18.098083322355645,1.8457103469103984,2.5994250756627593,2.901645186740331,1,0.5014770827292079,0.2873947723829319,1,0.9394761843177899,"Uptrend is excellent and very smooth (R² 88%), drawdown deep (-26.8%), volatility high (75%), 92% days above EMA, outperforming benchmark."
FRT,0.8151347637393289,Up,excellent,0.2995741166668724,0.8326385828337148,0.1755345016752732,-0.07597155936495566,0.862807881773399,0.06667105479176938,0.18521400778210123,1.8257183703089777,3.9432403279727946,0.34299006258521425,0.2708499776580053,0.23066194913761906,0.8228841027585675,0.8907847897415843,0.9339712689770089,0.6009700610502908,0.9163192914168574,"Uptrend is excellent and very smooth (R² 83%), drawdown shallow (-7.6%), volatility low (18%), 86% days above EMA, outperforming benchmark."
APA,0.813518212569391,Up,excellent,1.1201071317403652,0.8259388824580302,0.4604478103871419,-0.282045505744537,0.7980295566502462,0.36123283736664974,0.36657469452108793,2.4889343073269585,3.971370253830257,0.7332486290262165,-0.5278805522086429,0.8345018930772756,1,0.6176335834386586,0.4009397470280542,0.8466497258052432,0.912969441229015,"Uptrend is excellent and very smooth (R² 83%), drawdown deep (-28.2%), volatility high (46%), 80% days above EMA, outperforming benchmark."
JBL,0.8105556816071864,Up,excellent,0.8794821599320617,0.7807872965554954,0.435097786655247,-0.17897206227340576,0.8381773399014779,0.1882351277753102,0.4515125557909922,1.8967659009870916,4.9140751286003805,0.5041720218768104,2.037508545571489,0.040298643914460086,1,0.6140703082863124,0.48378596074239416,0.7262607643459433,0.8903936482777477,"Uptrend is excellent and smooth (R² 78%), drawdown moderate (-17.9%), volatility high (44%), 84% days above EMA, outperforming benchmark."
LITE,0.8103041573322345,Up,excellent,12.45568001197994,0.9451443298864833,0.8847324035606591,-0.33632453066689455,0.9064039408866995,1.9280683475408416,1.2056796646183885,13.88512616001126,37.03470569714822,2.2995015505523937,2.834545615567289,6.757196406024893,1,0.5013890640530769,0.1734936052426963,1,0.9725721649432417,"Uptrend is excellent and very smooth (R² 95%), drawdown deep (-33.6%), volatility high (88%), 91% days above EMA, outperforming benchmark."
SPG,0.80917828110971,Up,excellent,0.27800974800156486,0.8325810815421641,0.19194466107681807,-0.1254844248221731,0.907142857142857,0.12183002146413291,0.1865607092658667,1.4857671726157837,2.2154920691993367,0.602647981324302,0.3629145873741248,0.2852395978328085,0.809439354082842,0.874345879694264,0.8246580777304505,0.6923596177289932,0.916290540771082,"Uptrend is excellent and very smooth (R² 83%), drawdown moderate (-12.5%), volatility low (19%), 91% days above EMA, outperforming benchmark."
AME,0.8085565218702774,Up,excellent,0.37096202912843435,0.8600917414934147,0.22733083006976976,-0.1370413318976228,0.8480295566502463,0.06541232306255987,0.10502761378784994,1.8497369974992333,2.7069353748368616,0.33603922439656286,0.9248506592934196,0.09679778661731003,0.7905086283520671,0.8527150406769377,0.793889475725236,0.5990162455022161,0.9300458707467074,"Uptrend is excellent and very smooth (R² 86%), drawdown moderate (-13.7%), volatility moderate (23%), 85% days above EMA, outperforming benchmark."
GEV,0.8067616119229046,Up,excellent,1.0638588777823212,0.8118992392542935,0.5140040789852897,-0.24570041669203932,0.7889162561576355,0.4760357809182149,0.6591343093570973,2.28047046742286,4.32990261923634,1.034406446421996,2.0980061908688077,0.514613466599235,1,0.5704465603881795,0.41584330566310634,0.9068812892843992,0.9059496196271468,"Uptrend is excellent and very smooth (R² 81%), drawdown deep (-24.6%), volatility high (51%), 79% days above EMA, outperforming benchmark."
MPWR,0.8040118844245959,Up,excellent,1.093030693652231,0.8352706827740322,0.522241189877416,-0.24680896389705848,0.748768472906404,0.37873033731313094,0.3464638355107446,2.1120874375629417,4.428650711844173,0.8326475644801891,2.522410862925057,0.248344743264437,1,0.5759544489789541,0.3767592416865698,0.8665295128960377,0.917635341387016,"Uptrend is excellent and very smooth (R² 84%), drawdown deep (-24.7%), volatility high (52%), 75% days above EMA, outperforming benchmark."
CB,0.8032200388866985,Up,excellent,0.292285621261841,0.84887926358579,0.182851538123222,-0.09621892869646405,0.8578817733990148,0.0601594545981457,0.13335463258785946,1.7382013483724306,3.0377143585114785,0.25021751891911437,-0.2823371994383197,0.3341417796927577,0.7779745707269837,0.8915880936696731,0.8894080783293498,0.5851812064900571,0.9244396317928949,"Uptrend is excellent and very smooth (R² 85%), drawdown shallow (-9.6%), volatility low (18%), 86% days above EMA, outperforming benchmark."
CAH,0.7976327571533932,Up,good,0.5306602812737133,0.6564002024641803,0.29446923372495354,-0.20610753436575602,0.7889162561576355,0.1892243365251426,0.1539335275816089,2.007913110838927,2.574676772038861,0.5836132392333965,-0.10650782573557296,0.47526769441998085,0.90261579584177,0.6837308675071366,0.631134864797969,0.7428068316358991,0.8282001012320901,"Uptrend is good and smooth (R² 66%), drawdown deep (-20.6%), volatility moderate (29%), 79% days above EMA, outperforming benchmark."
CVS,0.7973433914484817,Up,good,0.4061626501211548,0.6203701981530417,0.3138147852719718,-0.16442112793609165,0.8233990147783251,0.3080736203184559,0.3138957816377173,1.1621248932811192,2.470258264369923,0.9275865931579528,0.09966905858657621,0.6178147253181756,0.9530813250605774,0.6463703138045491,0.6038683081652152,0.8855173186315906,0.8101850990765209,"Uptrend is good and smooth (R² 62%), drawdown moderate (-16.4%), volatility moderate (31%), 82% days above EMA, outperforming benchmark."
CNC,0.7929205664013378,Up,good,1.1672437331863676,0.7442344970892996,0.508381220986572,-0.32726888089697487,0.862807881773399,0.5922576568662705,0.455456095481671,2.255168586526813,3.56661999144923,1.158166411766631,0.3380351456948165,1.110445047388001,1,0.5408313328047207,0.31635882430833606,0.9316332823533262,0.8721172485446498,"Uptrend is good and smooth (R² 74%), drawdown deep (-32.7%), volatility high (51%), 86% days above EMA, outperforming benchmark."
BKR,0.7924987240704013,Up,good,0.5855922430151219,0.7667549587732594,0.33780610932158617,-0.24242859193340033,0.7339901477832512,0.16491088121598496,0.1486055776892429,1.7440339169057022,2.4155246637574623,0.5123585126334171,0.8052130197316983,0.2558587937131933,0.8986055776892429,0.6955713700650435,0.5324097173027706,0.7123874385353135,0.8833774793866296,"Uptrend is good and smooth (R² 77%), drawdown deep (-24.2%), volatility moderate (34%), 73% days above EMA, outperforming benchmark."
FLEX,0.7914474110920271,Up,good,1.7985860409131877,0.7149954765466133,0.6165696885233922,-0.200962547047572,0.862807881773399,0.7253652569385489,1.1447499171911228,3.3220124639158266,8.949856912827768,1.3035614269295288,2.6438862296222942,0.9557175453257124,1,0.4533553161424586,0.3932171416181701,0.9607122853859058,0.8574977382733067,"Uptrend is good and smooth (R² 71%), drawdown deep (-20.1%), volatility high (62%), 86% days above EMA, outperforming benchmark."
FANG,0.7908078369863788,Up,good,0.5141383979436918,0.7995696628104618,0.3131446378738132,-0.1952828864242594,0.7142857142857143,0.09988280261156635,0.2975755113097657,1.6559164429355573,2.632787784725318,0.2907870433361998,-0.15745153338266793,0.36084970008472483,0.9981377150209942,0.7366401935314177,0.5965899570674478,0.6289615069451864,0.8997848314052308,"Uptrend is good and smooth (R² 80%), drawdown moderate (-19.5%), volatility moderate (31%), 71% days above EMA, outperforming benchmark."
DAL,0.7893833903378191,Up,good,0.47870898558866704,0.7167388044244625,0.3959976592849414,-0.23105507631055072,0.7938423645320196,0.23623745563957088,0.20900547061298907,1.3913717643862777,2.0718392914477923,0.6916329403538701,1.7354757597160904,0.17307545173469913,0.9285931307519713,0.6123717429272899,0.5326532808047625,0.7956744960710886,0.8583694022122312,"Uptrend is good and smooth (R² 72%), drawdown deep (-23.1%), volatility high (40%), 79% days above EMA, outperforming benchmark."
ILMN,0.7883906887692201,Up,good,0.7417643216545928,0.7265394061372357,0.46738746370228595,-0.25664176680740497,0.7445812807881773,0.4662205573222364,0.30322978810944246,1.9123515376258085,2.8902712558523054,1.0365544934684898,0.9579021080097325,0.7261335436957127,1,0.5627291052919033,0.4696379390254042,0.907310898693698,0.8632697030686178,"Uptrend is good and smooth (R² 73%), drawdown deep (-25.7%), volatility high (47%), 74% days above EMA, outperforming benchmark."
WMB,0.7875310910715598,Up,good,0.381846336190522,0.7844311575519587,0.2262657820228619,-0.12360421836228297,0.7642857142857143,0.06260841158137193,0.21766148814390834,1.6900410498067806,3.0892662180131545,0.24261465708702135,-0.0018276684831816388,0.28056575236994913,0.8859180577109601,0.8159497967531175,0.7886545828503333,0.586869877290074,0.8922155787759793,"Uptrend is good and smooth (R² 78%), drawdown moderate (-12.4%), volatility moderate (23%), 76% days above EMA, outperforming benchmark."
IBKR,0.7861820109096389,Up,good,0.4327337772311588,0.7011275229009125,0.3838039897871112,-0.18783473603672537,0.7495073891625615,0.2844435265872897,0.33352337514253144,1.16116976664669,2.303800598130853,0.8851514445440946,1.861459495751672,0.22317365302144226,0.9663668886155794,0.6167597716633451,0.5455773445225831,0.8664352340893666,0.8505637614504562,"Uptrend is good and smooth (R² 70%), drawdown moderate (-18.8%), volatility high (38%), 75% days above EMA, outperforming benchmark."
GM,0.7854508683986458,Up,good,0.5430953295503502,0.6597174414178437,0.3431969250558191,-0.16195878675619352,0.6995073891625616,0.17911424951736626,-0.098790085751204,1.8360243034203492,3.3532933928920134,0.5776334478506382,1.1573376812713416,0.20503339343684598,0.5855145072242454,0.6366617956531028,0.661262179012039,0.7348876654991763,0.8298587207089219,"Uptrend is good and smooth (R² 66%), drawdown moderate (-16.2%), volatility moderate (34%), 70% days above EMA, outperforming benchmark."
TPR,0.7805552652119914,Up,good,0.5333743393356065,0.7414050901775153,0.4139613396217333,-0.19421770826842802,0.7692118226600985,0.14083995733753996,0.019547633313361183,1.1397483807308177,2.746270379209864,0.37330608291095635,1.378631313933255,0.10603813120230576,0.7695476333133612,0.6102315403724576,0.457691798785815,0.6781705656286356,0.8707025450887576,"Uptrend is good and smooth (R² 74%), drawdown moderate (-19.4%), volatility high (41%), 77% days above EMA, outperforming benchmark."
AAPL,0.780194947422101,Up,good,0.3241546251688765,0.654870172369465,0.2407343912307344,-0.13822984730423846,0.779064039408867,0.2238383555069341,0.22494595429277323,1.434966768993252,2.345040752706794,1.034903173446502,0.8401997347938694,0.3352488849112514,0.8619163721891325,0.7367006949539981,0.7667582729794278,0.8560831411014116,0.8274350861847324,"Uptrend is good and smooth (R² 65%), drawdown moderate (-13.8%), volatility moderate (24%), 78% days above EMA, outperforming benchmark."
AIZ,0.7797598598875481,Up,good,0.2859138802018051,0.6652764966303397,0.24273485288757526,-0.1292589700382228,0.843103448275862,0.2168374271105888,0.1758675741534324,1.1439365637597814,2.211946142826748,0.8463309449968558,0.2716942096432707,0.43965999948506845,0.8075846671462329,0.7399033954275946,0.7561729650776332,0.8137130780279127,0.8326382483151697,"Uptrend is good and smooth (R² 67%), drawdown moderate (-12.9%), volatility moderate (24%), 84% days above EMA, outperforming benchmark."
XOM,0.7763793029041351,Up,good,0.5256245138856932,0.7504216210410022,0.2510259547167273,-0.2065084271301102,0.7339901477832512,0.04125970513769642,0.1757383451305833,1.9621328857413909,2.5452932899175327,0.13646881020319027,-0.41753033831251674,0.3374745289253762,0.9171159995118379,0.7741848558037738,0.6272344207903647,0.5549065861580154,0.875210810520501,"Uptrend is good and smooth (R² 75%), drawdown deep (-20.7%), volatility moderate (25%), 73% days above EMA, in line with benchmark."
SLB,0.7753981485403496,Up,good,0.8053119288571371,0.8018433992329465,0.3381104167601,-0.2227202206516117,0.7635467980295566,0.055091884796962004,0.06594643259059194,2.3899377093812966,3.6158006960528284,0.17136312405474263,0.8193364444164439,0.10489951070191611,0.815946432590592,0.7128112828563733,0.5460004544839285,0.5722281972024363,0.9009216996164733,"Uptrend is good and very smooth (R² 80%), drawdown deep (-22.3%), volatility moderate (34%), 76% days above EMA, outperforming benchmark."
AKAM,0.7744410597103532,Up,good,0.9281349006027673,0.7853060669353383,0.5505887003989272,-0.30042199329775343,0.704433497536946,0.297200129058875,0.45992299614980753,1.7554851557213245,3.0894372626137154,0.5570331985114829,1.0106518994183553,0.415827355083169,1,0.5297115081684738,0.3281542759509488,0.8092947255264484,0.8926530334676692,"Uptrend is good and smooth (R² 79%), drawdown deep (-30.0%), volatility high (55%), 70% days above EMA, outperforming benchmark."
IEX,0.7735656634472865,Up,good,0.40447033339430116,0.7822756682726794,0.2599520454499045,-0.15165060046313747,0.8233990147783251,0.01581722262211213,0.19887409332034198,1.5738828607732456,2.6671198937495664,0.06573196338483271,0.7901205497058301,0.06168186081066182,0.884736438755178,0.7811857886864352,0.7155352575845156,0.5223904189605955,0.8911378341363396,"Uptrend is good and smooth (R² 78%), drawdown moderate (-15.2%), volatility moderate (26%), 82% days above EMA, in line with benchmark."
BE,0.773464669173551,Up,good,7.368136242065139,0.8776698818658535,1.083490130633623,-0.45936643955889583,0.8726600985221675,2.0349653570691943,0.916365725541694,7.120673711309144,16.03977915570052,1.9861042104755549,4.146960454253943,7.435598388940635,1,0.43883494093292674,0.08515839011027605,1,0.9388349409329266,"Uptrend is good and very smooth (R² 88%), drawdown deep (-45.9%), volatility high (108%), 87% days above EMA, outperforming benchmark."
GWW,0.7711202880689616,Up,good,0.3840132156146894,0.7164513492673147,0.25401675658523404,-0.13349189584771343,0.7445812807881773,0.08929927161408674,0.3467914412627139,1.5002629427573344,2.876678117245176,0.38008182629534726,0.7798669178842113,0.15727441419031804,0.9420066078073447,0.7542089180484233,0.743798215061616,0.6273074542436214,0.8582256746336574,"Uptrend is good and smooth (R² 72%), drawdown moderate (-13.3%), volatility moderate (25%), 74% days above EMA, outperforming benchmark."
AEP,0.7661849859095142,Up,good,0.26489747536859176,0.7937972026770285,0.18836907812982662,-0.0974115931461903,0.7495073891625615,0.06931265737365849,0.16993013025101344,1.5160937327105626,2.7193629301498774,0.30278435449573693,-0.046243433950709775,0.298192751509018,0.7896603577370376,0.8585295232086876,0.8804531342587292,0.5995910928232322,0.8968986013385143,"Uptrend is good and smooth (R² 79%), drawdown shallow (-9.7%), volatility low (19%), 75% days above EMA, outperforming benchmark."
LLY,0.76597578241875,Up,good,0.5293733134214937,0.6012050628169756,0.3888366767920729,-0.23310269023550823,0.7692118226600985,0.21559265839639563,0.08909038970134246,1.3863185591596343,2.2709875758476126,0.5529322160936033,0.4354783965124903,0.40467571405321484,0.8390903897013424,0.5617658546164149,0.49331752065921,0.7542055610523237,0.8006025314084877,"Uptrend is good and smooth (R² 60%), drawdown deep (-23.3%), volatility high (39%), 77% days above EMA, outperforming benchmark."
SNA,0.7643033952155561,Up,good,0.23048465956202224,0.840220603921857,0.21285300824742875,-0.08467876485536065,0.8036945812807882,0.050112718884832125,0.11015471478785534,1.1872217948379087,2.721870825061181,0.24879849800780124,0.639025792947886,0.1350230771703915,0.7136770133966002,0.8572572937134998,0.8865046431670178,0.5749925686856123,0.9201103019609285,"Uptrend is good and very smooth (R² 84%), drawdown shallow (-8.5%), volatility moderate (21%), 80% days above EMA, outperforming benchmark."
ODFL,0.7635272120263448,Up,good,0.7094091849253734,0.7354465581021075,0.3923497046220953,-0.2473329757434888,0.6903940886699508,0.1448289146379101,0.36143099316069455,1.7464826826314286,2.8682353527380346,0.398067469311126,1.1461238783725858,0.1586088132030571,1,0.6253735744289585,0.4598554560878746,0.6846356615690228,0.8677232790510536,"Uptrend is good and smooth (R² 74%), drawdown deep (-24.7%), volatility high (39%), 69% days above EMA, outperforming benchmark."
EVRG,0.7632561625804346,Up,good,0.2147769199682088,0.7922157713522037,0.15963118106896132,-0.08154451924298237,0.8381773399014779,0.04261486722814037,0.18522072936660278,1.2713508241483062,2.633860889267457,0.20607684616558986,-0.05516388155068987,0.26590904668056525,0.7664984368076497,0.8864767046071405,0.9179749637636971,0.5632225518446994,0.8961078856761018,"Uptrend is good and smooth (R² 79%), drawdown shallow (-8.2%), volatility low (16%), 84% days above EMA, in line with benchmark."
TGT,0.7627400588237874,Up,good,0.4875630406770812,0.6798749292525745,0.308574203013186,-0.22107418784324676,0.7889162561576355,0.07344897041875659,0.2674691996614315,1.5686649304801032,2.205427261471109,0.2387965251905019,0.4955081461825864,0.19401251825960478,0.9718985381133927,0.6813632616131013,0.5733803470213945,0.5973286229378068,0.8399374646262872,"Uptrend is good and smooth (R² 68%), drawdown deep (-22.1%), volatility moderate (31%), 79% days above EMA, outperforming benchmark."
FTV,0.7610243414626388,Up,good,0.32194786092537986,0.8494557684418407,0.25901400303746164,-0.13404392764857886,0.862807881773399,-0.015728476210785353,0.12859989132403551,1.3426163329018628,2.401808620301146,-0.06344714025273097,0.6620496605611847,0.04949943967333062,0.7895738217867254,0.8157138811834588,0.7591427004861331,0.46588119457745103,0.9247278842209203,"Uptrend is good and very smooth (R² 85%), drawdown moderate (-13.4%), volatility moderate (26%), 86% days above EMA, in line with benchmark."
TRV,0.7592970965408343,Up,good,0.2067209538508441,0.7705071809467865,0.1836618918872467,-0.08576098452071915,0.7692118226600985,0.11072999517237492,0.2017383348581884,1.199008695044903,2.4104312118863565,0.5041128628640162,0.03055416342703998,0.33738701996019116,0.7721254269915065,0.8515916985861466,0.9060681437699603,0.6615525677451781,0.8852535904733931,"Uptrend is good and smooth (R² 77%), drawdown shallow (-8.6%), volatility low (18%), 77% days above EMA, outperforming benchmark."
L,0.755608942458866,Up,good,0.19870775748487413,0.7535191913474535,0.16385962995249537,-0.08045466654826394,0.8332512315270937,0.06812272277883713,0.10437008247227231,1.1483462755033318,2.4698102174803167,0.3456340826582024,0.11229060443865248,0.26459790523681304,0.6867607411997136,0.8628999657212314,0.9160524799700243,0.6026861310446574,0.8767595956737266,"Uptrend is good and smooth (R² 75%), drawdown shallow (-8.0%), volatility low (16%), 83% days above EMA, outperforming benchmark."
MRNA,0.7531493311419514,Up,good,1.759104678932887,0.7541145431259747,0.6776943768560779,-0.35506201326795506,0.7298029556650246,0.5057013083346105,0.979031305375074,2.952187713333863,4.9543589942000965,0.7798106366498411,1.6142923088975287,0.671036028330865,1,0.45763367734896787,0.2368049059106401,0.8559621273299682,0.8770572715629874,"Uptrend is good and smooth (R² 75%), drawdown deep (-35.5%), volatility high (68%), 73% days above EMA, outperforming benchmark."
ROK,0.7531484377698762,Up,good,0.3552054999183367,0.7042231185876741,0.3023519029222365,-0.190095512537473,0.8332512315270937,0.11084504564488484,0.1406877074765891,1.2188082093576251,1.8685633089224873,0.4602879929940062,1.5384100414151987,0.03264962610313743,0.8182904574357575,0.6997596563716005,0.6234199840573822,0.6568738449442855,0.8521115592938371,"Uptrend is good and smooth (R² 70%), drawdown moderate (-19.0%), volatility moderate (30%), 83% days above EMA, outperforming benchmark."
EME,0.7522801523215906,Up,good,0.492452582933522,0.7421998131800204,0.40715452614949516,-0.25150579150579144,0.6551724137931035,0.1387586679495249,0.21747019593486877,1.0736358767030563,1.9580168710436328,0.39457119370799754,1.7953267022667667,0.018890546591977586,0.9410939717634488,0.6157340119778888,0.41736255714960874,0.6782157873203247,0.8710999065900102,"Uptrend is good and smooth (R² 74%), drawdown deep (-25.2%), volatility high (41%), 66% days above EMA, outperforming benchmark."
HLT,0.7514218229350724,Up,good,0.3264534522764355,0.8271078211803082,0.2326041820490475,-0.10328176421738992,0.779064039408867,-0.03261264708753436,0.08085006536385883,1.501082251474118,3.160804375778366,-0.1516229645736919,0.73538219489787,0.014780679706123373,0.7440767915020766,0.8309497285411066,0.8275986299358614,0.4267470720275438,0.913553910590154,"Uptrend is good and very smooth (R² 83%), drawdown moderate (-10.3%), volatility moderate (23%), 78% days above EMA, in line with benchmark."
ALB,0.7513280541163725,Up,good,1.7625458605653002,0.7350431895663552,0.6171961611411421,-0.41661255913180595,0.7733990147783252,0.3887909840867089,-0.20541974606784155,2.816725994778354,4.2306594506856285,0.6608207994016145,1.508669107841993,0.47117706181448205,0.5784745120333523,0.46322255449789207,0.1894111735516871,0.8321641598803229,0.8675215947831776,"Uptrend is good and smooth (R² 74%), drawdown deep (-41.7%), volatility high (62%), 77% days above EMA, outperforming benchmark."
GL,0.7480736357303214,Up,good,0.24112915747360786,0.5894290720819331,0.20723518451502038,-0.11040600477652682,0.7495073891625615,0.23005021274958976,0.253737628974521,1.2262604564878465,2.184022127797109,1.0422698953666714,0.30593305190410897,0.45269536872575633,0.8295864129880057,0.7374793515259461,0.8377531935831406,0.8616873705518114,0.7947145360409664,"Uptrend is good and choppy (R² 59%), drawdown moderate (-11.0%), volatility moderate (21%), 75% days above EMA, outperforming benchmark."
DVN,0.7473471398669551,Up,good,0.5408981922304177,0.7323425631626161,0.3417378055461952,-0.22700211254081046,0.6502463054187192,0.06913186470661498,0.2116929897478524,1.540837446523065,2.3827892444532868,0.1833108423411098,-0.3372948216320592,0.3568102204899748,0.9410258381823219,0.6744334760351129,0.5287067184634153,0.5874629489407259,0.8661712815813081,"Uptrend is good and smooth (R² 73%), drawdown deep (-22.7%), volatility moderate (34%), 65% days above EMA, outperforming benchmark."
USB,0.7470424706452259,Up,good,0.3046489016689262,0.7196377629265567,0.22571654660478782,-0.16213544241225897,0.7445812807881773,0.09605665828548432,0.12263641274986498,1.31938410220084,1.8789778295007253,0.4628602761731963,0.7374178799927208,0.17480918919656271,0.7749608635843281,0.7841023348584906,0.7258944773485241,0.642342685902804,0.8598188814632783,"Uptrend is good and smooth (R² 72%), drawdown moderate (-16.2%), volatility moderate (23%), 74% days above EMA, outperforming benchmark."
KO,0.7464123170319593,Up,good,0.236187057772975,0.7819128557458941,0.174136616888496,-0.08496812162824922,0.7889162561576355,0.0037274781223900766,0.21450194608620432,1.578783071981887,2.7797137708461506,0.01587194800568229,-0.29610753958681585,0.2665839680601577,0.8002081875663543,0.866819810984451,0.9300637567435016,0.5053146729229583,0.8909564278729469,"Uptrend is good and smooth (R² 78%), drawdown shallow (-8.5%), volatility low (17%), 79% days above EMA, in line with benchmark."
AMD,0.7448454709080621,Up,good,1.9827299259076545,0.6876203234461741,0.677153208406648,-0.27760753603450233,0.6854679802955664,1.111221986708285,1.6108559702950946,3.211276182738212,7.14220497840243,1.8118057407902477,3.000433301428861,2.0618841306339757,1,0.424521859621425,0.28743749628338766,1,0.8438101617230871,"Uptrend is good and smooth (R² 69%), drawdown deep (-27.8%), volatility high (68%), 69% days above EMA, outperforming benchmark."
MRVL,0.743492549323878,Up,good,2.3905992293326737,0.6631334157375977,0.7378916823012467,-0.3125493790095756,0.7642857142857143,0.9124331268439241,1.606710605152786,3.343426581313775,7.648708939714236,1.3397898454216348,2.9253009482499426,1.413334590792207,1,0.39709378729348715,0.23683428511067886,0.967957969084327,0.8315667078687987,"Uptrend is good and smooth (R² 66%), drawdown deep (-31.3%), volatility high (74%), 76% days above EMA, outperforming benchmark."
IVZ,0.7399687614030189,Up,good,0.3373822642572013,0.5821714350151366,0.3601663415040707,-0.22656250000000006,0.7889162561576355,0.30477156708950903,0.00459851432614075,0.950097315278229,1.4891355112041984,1.0012644377485302,1.6445113765501664,0.30002215414251304,0.6732896464547413,0.5809193760034976,0.5249752751846615,0.900252887549706,0.7910857175075683,"Uptrend is good and choppy (R² 58%), drawdown deep (-22.7%), volatility high (36%), 79% days above EMA, outperforming benchmark."
APH,0.7384257072378978,Up,good,0.3989126090106576,0.5998325031647349,0.43625844497022165,-0.2832912306026705,0.8135467980295565,0.27373862422683654,0.1448701012769706,0.8302918345931111,1.4081361013611877,0.7071787581710024,1.7378008961292213,0.2310783975772906,0.8443264057822994,0.5227224178547012,0.37719507331180163,0.8237219367450468,0.7999162515823675,"Uptrend is good and choppy (R² 60%), drawdown deep (-28.3%), volatility high (44%), 81% days above EMA, outperforming benchmark."
PH,0.7383337041988148,Up,good,0.35589158262881515,0.6595213058976664,0.25298549593892383,-0.19522589978690547,0.7544334975369459,0.1022060424131715,0.04941145321963216,1.4662672955278542,1.8229731967801444,0.44868011826890214,0.8685325980148763,0.1564964273836138,0.7273572445340397,0.7267751570099095,0.6644417063858571,0.6470740542400617,0.8297606529488333,"Uptrend is good and smooth (R² 66%), drawdown moderate (-19.5%), volatility moderate (25%), 75% days above EMA, outperforming benchmark."
LNT,0.7371332861312287,Up,good,0.17135882286630388,0.7636421822811936,0.15994695410968207,-0.07010220238952072,0.8184729064039408,0.027140050561627965,0.1690312738367658,1.0309996940949304,2.44441425554869,0.12970436369429061,-0.08441010902091126,0.25247891162149644,0.7268594143075413,0.8718741370309148,0.9435891221756564,0.540110486931057,0.8818210911405968,"Uptrend is good and smooth (R² 76%), drawdown shallow (-7.0%), volatility low (16%), 82% days above EMA, in line with benchmark."
ECHO,0.7368530680918101,Up,good,2.715252078604088,0.6550988859180227,0.8133104892695178,-0.344851904090268,0.7881773399014779,0.9186380803390564,-0.20564343736639587,4.65799518966431,7.873675761678112,1.1651351266965264,1.5986978707188004,1.7003549674005534,0.5782877297990594,0.3742218206416319,0.25416889460421827,0.9330270253393053,0.8275494429590113,"Uptrend is good and smooth (R² 66%), drawdown deep (-34.5%), volatility high (81%), 79% days above EMA, outperforming benchmark."
BMY,0.735645464134063,Up,good,0.37766730758761047,0.6778848166124454,0.2756132735409004,-0.13419913419913415,0.675615763546798,0.05269446323730459,0.061538461538461625,1.5328111258532204,2.8142305823463887,0.18165367632116364,0.2209755151292297,0.22283517869140612,0.7503721153322669,0.7133291347653223,0.752312620267492,0.5708598308694209,0.8389424083062227,"Uptrend is good and smooth (R² 68%), drawdown moderate (-13.4%), volatility moderate (28%), 68% days above EMA, outperforming benchmark."
INCY,0.7350677499955016,Up,good,0.33384429074749766,0.5215901737053912,0.33416422879892005,-0.18332278194808715,0.7495073891625615,0.32664248968890414,0.07845543806646528,1.0748314288946046,1.8210736668944658,0.9779594884629716,0.47531014563269663,0.5726818779668015,0.7453775834402141,0.5766308580537756,0.6144142929462937,0.8955918976925943,0.7607950868526956,"Uptrend is good and choppy (R² 52%), drawdown moderate (-18.3%), volatility moderate (33%), 75% days above EMA, outperforming benchmark."
NEM,0.734671570417539,Up,good,0.7222947829162454,0.5986187995721068,0.4829357606973217,-0.2969306555513452,0.6748768472906402,0.2537405806858223,-0.1290111329404061,1.310793496977275,2.4325369220469266,0.5687850824076427,1.5277972548361016,0.24208622920877043,0.5351964636542239,0.48710757926306214,0.3140247923322864,0.7827445026376003,0.7993093997860534,"Uptrend is good and choppy (R² 60%), drawdown deep (-29.7%), volatility high (48%), 67% days above EMA, outperforming benchmark."
HPE,0.7337549291034868,Up,good,0.87300601352579,0.5010583615271906,0.4923527553016891,-0.26571682991985757,0.7150246305418719,0.6407168553921576,1.1453224341507722,1.8824607542354,3.2854750442006098,1.4493306683439353,1.9308642518699426,0.8969950054132065,1,0.4312646142873285,0.4028939655846155,0.9898661336687871,0.7505291807635952,"Uptrend is good and choppy (R² 50%), drawdown deep (-26.6%), volatility high (49%), 72% days above EMA, outperforming benchmark."
CNP,0.732918436174459,Up,good,0.18564719304641497,0.7545844595384943,0.1659474156157619,-0.0718547986076579,0.798768472906404,0.016314819571651762,0.16131578947368427,1.0371148983951812,2.5836436347151586,0.0751337913544743,-0.12974575565869298,0.24829171402595412,0.731230383375866,0.8613448141534853,0.9272869063218689,0.5238281987070992,0.8772922297692471,"Uptrend is good and smooth (R² 75%), drawdown shallow (-7.2%), volatility low (17%), 80% days above EMA, in line with benchmark."
UNP,0.7295212217635292,Up,good,0.26338372997077864,0.7507864994358976,0.22113298124924058,-0.1228227890774245,0.7544334975369459,0.023440739868475557,0.25790733086795736,1.1734905558633322,2.1444206889386623,0.10203391303599064,0.36454250447155157,0.15711959451654278,0.8471585554577594,0.8042602684687082,0.7913211213202475,0.5336441311720745,0.8753932497179489,"Uptrend is good and smooth (R² 75%), drawdown moderate (-12.3%), volatility moderate (22%), 75% days above EMA, in line with benchmark."
RL,0.726401675570759,Up,good,0.31982075204858074,0.7093167695467322,0.3474875585422704,-0.17670466214828504,0.8086206896551724,0.08269300983834005,0.025803270605637318,0.9850001945887039,1.8099168870835856,0.2723627717422393,1.3767780605785096,0.027884585768626124,0.6857136466299276,0.6571708262310957,0.6102519520898879,0.609929287012564,0.854658384773366,"Uptrend is good and smooth (R² 71%), drawdown moderate (-17.7%), volatility moderate (35%), 81% days above EMA, outperforming benchmark."
ON,0.7216529173731746,Up,good,1.3920379149502806,0.6927893498496475,0.6389261636705832,-0.33868438736653483,0.6650246305418719,0.23065322862392817,0.4841517490556742,2.074217893308369,4.110133111756857,0.39261335408955667,2.4008437897518853,0.03001588606341693,1,0.43666313400717793,0.22820805909305225,0.7428957324438679,0.8463946749248237,"Uptrend is good and smooth (R² 69%), drawdown deep (-33.9%), volatility high (64%), 67% days above EMA, outperforming benchmark."
TJX,0.7174813128896786,Up,good,0.23771485578859242,0.7066762507863917,0.19405905119190867,-0.1089090909090909,0.7586206896551724,0.012797564451950821,-0.04878357030015797,1.2666757072336265,2.1826906624995965,0.057663105521028234,0.12225532453354197,0.19302860446875075,0.5271057345496509,0.8092790742012872,0.8489680800882778,0.5185638750040535,0.8533381253931958,"Uptrend is good and smooth (R² 71%), drawdown moderate (-10.9%), volatility low (19%), 76% days above EMA, in line with benchmark."
DELL,0.717427726882256,Up,good,1.773793011529758,0.5523422602802612,0.641591028812757,-0.32635856380397865,0.719950738916256,1.0307692656687042,2.6043037974683547,3.4598820351951893,5.435104845586815,1.7110824290814255,1.9443631121771925,1.9907529702094409,1,0.36577337293694134,0.32072526304278837,1,0.7761711301401306,"Uptrend is good and choppy (R² 55%), drawdown deep (-32.6%), volatility high (64%), 72% days above EMA, outperforming benchmark."
FCX,0.7109767305514948,Up,good,0.7889033082659871,0.7283324565661535,0.5037844237664173,-0.24309793664632362,0.6009852216748769,0.07398270016314573,0.10604942825525636,1.325233292381493,3.245207751037971,0.1658977451639158,2.180319321683581,-0.14596723108569737,0.8560494282552564,0.5363279104582638,0.3212061150254244,0.5905724746795373,0.8641662282830767,"Uptrend is good and smooth (R² 73%), drawdown deep (-24.3%), volatility high (50%), 60% days above EMA, outperforming benchmark."
DVA,0.7095948379113353,Up,good,0.5969563872041161,0.4497366189279707,0.40905516880809584,-0.31357388316151197,0.5869458128078818,0.3189330246262357,1.0923705480060397,1.922467070125478,1.9037184512481955,0.7531492487862805,0.07693102535449714,0.6403683475659174,1,0.4680769328579134,0.5043037944167861,0.8506298497572561,0.7248683094639854,"Uptrend is good and choppy (R² 45%), drawdown deep (-31.4%), volatility high (41%), 59% days above EMA, outperforming benchmark."
PCAR,0.7074298200422479,Up,good,0.3150440947107931,0.6372637795159644,0.2752752598263065,-0.1555452579548964,0.6903940886699508,0.06207783925684851,0.051269035532994944,1.3543535398820006,2.0254175463333426,0.25552923102993014,1.0130855087298056,0.07466576156059987,0.7087910828883914,0.6933566299316757,0.7340662668845077,0.5876307623598416,0.8186318897579821,"Uptrend is good and smooth (R² 64%), drawdown moderate (-15.6%), volatility moderate (28%), 69% days above EMA, outperforming benchmark."
WMT,0.705524466268834,Up,good,0.3243919958552606,0.674399395576458,0.24325378730184116,-0.18912071535022354,0.7339901477832512,0.012051460983039719,0.015123374900504184,1.3160947199059343,1.7152642176428672,0.04378211357767148,-0.0418901571960148,0.22530742637919482,0.6773193728281345,0.7439459104863879,0.6698381904829585,0.5164296723408068,0.837199697788229,"Uptrend is good and smooth (R² 67%), drawdown moderate (-18.9%), volatility moderate (24%), 73% days above EMA, in line with benchmark."
NI,0.7024957981877029,Up,good,0.18220414158053266,0.740157528424707,0.18273114860257053,-0.09139164551119319,0.7642857142857143,-0.009860118530003625,0.13285198555956687,0.9018175377167054,1.9936629936071915,-0.04686746192171715,0.1464051036212329,0.16075685536285178,0.7042677397106212,0.837347615609783,0.8651756818737808,0.4777244699073293,0.8700787642123535,"Uptrend is good and smooth (R² 74%), drawdown shallow (-9.1%), volatility low (18%), 76% days above EMA, in line with benchmark."
KEY,0.701323384063836,Up,good,0.28744899287305015,0.6568147881394322,0.24040322544742834,-0.1856958207669109,0.719950738916256,0.05305019587241014,0.07999999999999995,1.1588745541507084,1.5479561773975616,0.2464708153380131,0.8495675200102358,0.09618492471307888,0.7214035802605783,0.7380041686222878,0.6734147600914147,0.5776972774062115,0.8284073940697161,"Uptrend is good and smooth (R² 66%), drawdown moderate (-18.6%), volatility moderate (24%), 72% days above EMA, outperforming benchmark."
TXN,0.6995223548413901,Up,good,0.6989989793155764,0.5492065936002961,0.43173918105476616,-0.3069830508474576,0.6706896551724139,0.11628640876934093,0.5843459803661449,1.7063776286727705,2.276995350023135,0.29038431000219206,1.27981202786962,0.0922997427841914,1,0.5007989110090734,0.41253339422828306,0.6453248397695601,0.774603296800148,"Uptrend is good and choppy (R² 55%), drawdown deep (-30.7%), volatility high (43%), 67% days above EMA, outperforming benchmark."
PNW,0.6994657916111916,Up,good,0.20780168858277825,0.6869346643807288,0.16758186656335644,-0.09084171519322391,0.7150246305418719,-0.006776076478083065,0.21618898343036277,1.2775117796746414,2.2875139261822155,-0.03068072455025652,-0.16423273628955015,0.22726013851749616,0.7824537968887388,0.825885465627008,0.9056552995658494,0.48488274209520965,0.8434673321903643,"Uptrend is good and smooth (R² 69%), drawdown shallow (-9.1%), volatility low (17%), 72% days above EMA, in line with benchmark."
BEN,0.6988584890896309,Up,good,0.362770438095386,0.5306484499419288,0.2765161449589254,-0.19211647727272727,0.6903940886699508,0.09425575515246631,0.2899803536345776,1.2630130974689329,1.888283833043636,0.406564027680278,1.2020596082716875,0.0784657739196234,0.9244721542146871,0.638808080012039,0.6245990955245555,0.6349121579204942,0.7653242249709644,"Uptrend is good and choppy (R² 53%), drawdown moderate (-19.2%), volatility moderate (28%), 69% days above EMA, outperforming benchmark."
KMI,0.69854102783251,Up,good,0.29279031349300877,0.6777657044517567,0.20504176580600994,-0.10084523462547364,0.6706896551724139,-0.03669063637351294,0.18225155848918234,1.3603109898624255,2.903362906342523,-0.14787995382123542,-0.13034957273665643,0.185080207543134,0.8164028448681571,0.7838410864198684,0.833494371057121,0.42042509621044655,0.8388828522258782,"Uptrend is good and smooth (R² 68%), drawdown moderate (-10.1%), volatility moderate (21%), 67% days above EMA, in line with benchmark."
GNRC,0.6945907011391229,Up,good,0.6503758425386406,0.49876141157018916,0.5574611566261551,-0.327729849642593,0.6805418719211823,0.2278736289584959,0.5253041199005309,1.218508174427726,1.9844876603333823,0.44506473404884744,1.9657301044426367,0.11377377196288091,1,0.3812848383154782,0.3038918950060937,0.7462924366622845,0.7493807057850945,"Uptrend is good and choppy (R² 50%), drawdown deep (-32.8%), volatility high (56%), 68% days above EMA, outperforming benchmark."
DOV,0.6889095401480791,Up,good,0.34297670971084737,0.6986070904521176,0.24851653070839963,-0.1557883708748036,0.7100985221674877,-0.057617320874075534,0.06079508886578544,1.5429916359986098,2.201555275178236,-0.2604549960532107,0.891672239084717,-0.045666286570139436,0.7322834437212091,0.7507870145176592,0.7440371009373454,0.37151028623801285,0.8493035452260587,"Uptrend is good and smooth (R² 70%), drawdown moderate (-15.6%), volatility moderate (25%), 71% days above EMA, underperforming benchmark."
NEE,0.6856857153670166,Up,good,0.286817619576728,0.6523594757206989,0.22836588790393178,-0.14527993461381283,0.6699507389162561,-0.011234960682174083,0.11183796703987925,1.1932444558869566,1.9742411114043699,-0.04456397810772393,0.12462060547834769,0.1635197963727302,0.7528216840584034,0.7478138499564178,0.741712235348645,0.47572329320071466,0.8261797378603495,"Uptrend is good and smooth (R² 65%), drawdown moderate (-14.5%), volatility moderate (23%), 67% days above EMA, in line with benchmark."
FITB,0.6853293897942735,Up,good,0.2734928054637038,0.609540245385183,0.26127206851766205,-0.2120551924473493,0.719950738916256,0.08405931023471835,0.14773183460457645,1.0164244323078522,1.289724633984658,0.3497888994965191,0.8166490058554905,0.14293731909546975,0.7798545502379395,0.6934980541749295,0.6218851784912331,0.6190382001843703,0.8047701226925914,"Uptrend is good and smooth (R² 61%), drawdown deep (-21.2%), volatility moderate (26%), 72% days above EMA, outperforming benchmark."
RTX,0.6833531871481869,Up,good,0.265458326910857,0.5199843485928253,0.24903819330007854,-0.19315610859728502,0.7593596059113301,0.1071299178156388,0.04926003098787198,1.112499003467645,1.3743201229235589,0.4287457488114111,0.47125058630524336,0.24342955033060548,0.6760398183835918,0.6609539809963341,0.6716513969262145,0.6500044926967798,0.7599921742964126,"Uptrend is good and choppy (R² 52%), drawdown moderate (-19.3%), volatility moderate (25%), 76% days above EMA, outperforming benchmark."
LUV,0.6786754988845417,Up,good,0.5306918928496989,0.5429882391276073,0.4424295262961753,-0.3377737226277372,0.6706896551724139,0.07168296707248345,0.11649580615097856,1.3078336669084414,1.5711461765620476,0.17665099565237544,1.4377168219918366,0.0012026940949106946,0.8664958061509785,0.48967197484167213,0.39233519691499547,0.589348066637721,0.7714941195638036,"Uptrend is good and choppy (R² 54%), drawdown deep (-33.8%), volatility high (44%), 67% days above EMA, outperforming benchmark."
PNC,0.6775364046993724,Up,good,0.24771048121196326,0.5753143111857542,0.22000953766949571,-0.1720966677664137,0.6953201970443349,0.06606646255273724,0.15646725210391516,1.1062695818501649,1.4393682598676458,0.3170752447741076,0.6462681867145702,0.15397133739690755,0.7692781926550591,0.7176476179233814,0.7179398828342469,0.597773987030148,0.7876571555928771,"Uptrend is good and choppy (R² 58%), drawdown moderate (-17.2%), volatility moderate (22%), 70% days above EMA, outperforming benchmark."
WST,0.6764505307984331,Up,good,0.3032036462066401,0.427896467018017,0.3984239799232069,-0.24833197721724984,0.7445812807881773,0.2761029773525809,0.3069069505504486,0.966040469097414,1.2209609475359129,0.7078354245592923,0.6693324938315268,0.4508865186905222,0.90160182310332,0.46552425358580163,0.5498887557162447,0.8254255648513247,0.7139482335090084,"Uptrend is good and choppy (R² 43%), drawdown deep (-24.8%), volatility high (40%), 74% days above EMA, outperforming benchmark."
AFL,0.6758975620745951,Up,good,0.12770833227670253,0.6473182843091501,0.17187865081885684,-0.09593938878011404,0.7692118226600985,0.010447475673167173,0.11826591692363497,0.7654108546344905,1.3311355627812111,0.04813867558253175,-0.06503658430598794,0.22802970951295395,0.6610482082363303,0.8017804913357183,0.8912718349461917,0.5152613432314204,0.8236591421545749,"Uptrend is good and smooth (R² 65%), drawdown shallow (-9.6%), volatility low (17%), 77% days above EMA, in line with benchmark."
AMGN,0.6745057410093466,Up,good,0.28023187978115915,0.6058383636002475,0.2688458461550297,-0.16567910140148392,0.7002463054187191,0.01603834031752624,0.09190875768683159,1.1532663285369653,1.6914135664104297,0.05949393696110306,0.4692773830918621,0.12682841912060466,0.7285129577413024,0.6840733356450941,0.7084916127022087,0.5219877340136365,0.8029191818001238,"Uptrend is good and smooth (R² 61%), drawdown moderate (-16.6%), volatility moderate (27%), 70% days above EMA, in line with benchmark."
FTNT,0.6672427129198512,Up,good,0.5017482453473967,0.2963059470027012,0.46089815009322155,-0.3043762857677202,0.5524630541871922,0.2998908810545029,1.0579115951313263,0.9737832792024491,1.648447230643644,0.6823827605783466,1.059070441588785,0.4104197920780059,1,0.3524793609314344,0.33527534817543186,0.8361539880169138,0.6481529735013506,"Uptrend is good and choppy (R² 30%), drawdown deep (-30.4%), volatility high (46%), 55% days above EMA, outperforming benchmark."
AEE,0.6640987395155531,Up,good,0.14180963000461433,0.658006716606085,0.1698487838707244,-0.08556652562294306,0.7100985221674877,-0.018668169646431282,0.13954189270644968,0.7984587894834504,1.6573026539550266,-0.08541612275587165,-0.10800960678260776,0.20172008797207547,0.6870481187579955,0.8091545744323181,0.9012627544332578,0.458240482194208,0.8290033583030425,"Uptrend is good and smooth (R² 66%), drawdown shallow (-8.6%), volatility low (17%), 71% days above EMA, in line with benchmark."
EBAY,0.6625478923376487,Up,good,0.27766833682970704,0.43608200336527025,0.39069546402571,-0.21196784757368264,0.7396551724137932,0.21705673858980884,0.26639524647887336,0.6731063084712804,1.309954976700823,0.5758284204478615,0.7967554436075663,0.3338203015605851,0.862302282900206,0.47734553765692517,0.4816357606505408,0.7597584152517952,0.7180410016826351,"Uptrend is good and choppy (R² 44%), drawdown deep (-21.2%), volatility high (39%), 74% days above EMA, outperforming benchmark."
D,0.6598486813180917,Up,good,0.1386087763852677,0.5811164565358807,0.2058217467550573,-0.10720192452262821,0.7741379310344827,0.026564210033681118,0.22491349480968859,0.7235159970379881,1.2929691048224616,0.10833691532173631,-0.07465186601611358,0.24979174056989767,0.7462514141375076,0.7347364815128832,0.8476204556815733,0.5373979015658548,0.7905582282679404,"Uptrend is good and choppy (R² 58%), drawdown moderate (-10.7%), volatility moderate (21%), 77% days above EMA, in line with benchmark."
NSC,0.6578150442234881,Up,good,0.14431578119184185,0.625635339238048,0.20092040294331295,-0.12472076267186857,0.7298029556650246,0.022701234655959357,0.13071241198398434,0.7391955411449742,1.1571111184713196,0.10816845703506096,0.37310860809743823,0.15447401168489122,0.6790581986832513,0.7618972666757111,0.8176852903671875,0.5335180803594655,0.8128176696190239,"Uptrend is good and smooth (R² 63%), drawdown moderate (-12.5%), volatility moderate (20%), 73% days above EMA, in line with benchmark."
IRM,0.6564370786256739,Up,good,0.369572083022522,0.4498188764960478,0.326516141259987,-0.25925230133383426,0.7544334975369459,0.038759090804128066,0.4013971598717363,1.0982218282596612,1.4255305782093368,0.1315474081326537,1.1019551343858442,0.027088466870530237,0.934786041511261,0.548393296988037,0.5190421640861987,0.5519138316173935,0.7249094382480239,"Uptrend is good and choppy (R² 45%), drawdown deep (-25.9%), volatility moderate (33%), 75% days above EMA, in line with benchmark."
DGX,0.6562183650236341,Up,good,0.17668864712787524,0.6171341457436862,0.23163841034894062,-0.11939030720588921,0.675615763546798,0.026483917901365756,0.16659165072577914,0.8668739598021465,1.479924553868303,0.09844708122947074,-0.1077634348637496,0.256387463254098,0.7287813980726803,0.7269286625229026,0.8170917744974359,0.5363286260243127,0.808567072871843,"Uptrend is good and smooth (R² 62%), drawdown moderate (-11.9%), volatility moderate (23%), 68% days above EMA, in line with benchmark."
COP,0.6551941993072481,Up,good,0.3924374484669322,0.5899703212551328,0.2981410581306034,-0.22855007473841563,0.5812807881773399,-0.017642632379531675,0.14313209076175037,1.295596151035961,1.7170742513039734,-0.05221826026210491,-0.3246198354057297,0.24673472818567788,0.8393508149952165,0.6468441024969631,0.5756863831849792,0.46409773455531667,0.7949851606275664,"Uptrend is good and choppy (R² 59%), drawdown deep (-22.9%), volatility moderate (30%), 58% days above EMA, in line with benchmark."
CF,0.6533249102314562,Up,good,0.5139790567908058,0.5112307294044828,0.4159244509135618,-0.257485465116279,0.5320197044334976,0.024290986966703343,0.4867822451739826,1.2087243521801172,1.9961478468646596,0.05289161905964013,-0.74789118742481,0.38310786832560784,1,0.49367202651707004,0.43796762016859625,0.5295801488726674,0.7556153647022414,"Uptrend is good and choppy (R² 51%), drawdown deep (-25.7%), volatility high (42%), 53% days above EMA, in line with benchmark."
CINF,0.649034609176423,Up,moderate,0.13190818305096697,0.548726593013189,0.20869124986762472,-0.10987547060527077,0.7544334975369459,0.031038707683683886,0.10581754343483256,0.6033851251180384,1.2005243966130443,0.13255936186157538,0.13103250089056384,0.21376093355970796,0.6500067847569064,0.7156720466389699,0.8165732128819801,0.5442946438698415,0.7743632965065945,"Uptrend is moderate and choppy (R² 55%), drawdown moderate (-11.0%), volatility moderate (21%), 75% days above EMA, in line with benchmark."
MTB,0.6466187115784987,Up,moderate,0.22035011972151564,0.5637459550075699,0.21892697077093562,-0.17549682786437537,0.7150246305418719,-0.00003889741677889913,0.13548054866345208,0.9983041294708905,1.2555789321263577,-0.00018897032973036582,0.6644882776049305,0.06779444302934307,0.7322633782782599,0.7129460067328494,0.7160303184094206,0.49991161450984684,0.7818729775037849,"Uptrend is moderate and choppy (R² 56%), drawdown moderate (-17.5%), volatility moderate (22%), 72% days above EMA, in line with benchmark."
REG,0.6421061284067764,Up,moderate,0.15256226983635046,0.5968612743999953,0.16230644714412934,-0.09009619292778763,0.7051724137931035,-0.041170305519421635,0.1319739450580571,0.9926739411528617,1.6933264867099276,-0.21166761874281512,0.1285439335534466,0.12753155519541923,0.6836778544992301,0.7861241900558683,0.9161194155208474,0.40499298896731106,0.7984306371999976,"Uptrend is moderate and choppy (R² 60%), drawdown shallow (-9.0%), volatility low (16%), 71% days above EMA, in line with benchmark."
GE,0.6400161015887734,Up,moderate,0.2114312700524088,0.4536121012856291,0.3179526272372344,-0.209666223173483,0.7495073891625615,0.141323183766072,0.12396641648645217,0.639884665978014,1.0084183654010181,0.5083734225418346,1.230833347518562,0.13659528715296415,0.7148182110713039,0.5588534234055802,0.5623294282069768,0.6929978682744389,0.7268060506428144,"Uptrend is moderate and choppy (R² 45%), drawdown deep (-21.0%), volatility moderate (32%), 75% days above EMA, outperforming benchmark."
ALL,0.638840967731194,Up,moderate,0.13004601882287647,0.4358443734864036,0.23956937699465056,-0.1148381085488004,0.7544334975369459,0.09911042194514502,0.21482709616295592,0.5328608745983412,1.1324291253683743,0.3505891305333632,-0.22970268515121112,0.3744288874669306,0.7366754352540293,0.6283528097485513,0.7836903555212411,0.6341693349984814,0.7179221867432017,"Uptrend is moderate and choppy (R² 44%), drawdown moderate (-11.5%), volatility moderate (24%), 75% days above EMA, outperforming benchmark."
SRE,0.6361325453269276,Up,moderate,0.1582501992923362,0.5090253467837846,0.19721341413534077,-0.12651629072681708,0.6509852216748768,0.05261811082136761,0.07247529251391566,0.784618875006127,1.2508286354524984,0.24056214386277866,0.20601591676647216,0.22576289069988825,0.6279616750433192,0.7072992592565516,0.8085350306669941,0.5766743252076454,0.7545126733918923,"Uptrend is moderate and choppy (R² 51%), drawdown moderate (-12.7%), volatility low (20%), 65% days above EMA, outperforming benchmark."
CVX,0.6345902682990381,Up,moderate,0.308501343914525,0.5974336441106355,0.22939469027526066,-0.2152971820980346,0.5172413793103449,-0.02374285330178358,0.14411302982731547,1.2731858404892733,1.432909343764891,-0.08434472341208675,-0.3585453199757915,0.2463830107459154,0.7983637017845779,0.7193221317800571,0.6462205042075317,0.4499250588260195,0.7987168220553178,"Uptrend is moderate and choppy (R² 60%), drawdown deep (-21.5%), volatility moderate (23%), 52% days above EMA, in line with benchmark."
DE,0.6294614197633622,Up,moderate,0.32028870346866234,0.5787394816939826,0.3070195983915481,-0.20131624628296277,0.6608374384236453,-0.049844538055707266,0.1694089456869009,1.1173707077969466,1.590972956144216,-0.16554127070431462,0.5905986008480936,0.024100654863565732,0.8230513006161203,0.6323501424554432,0.6123678359324872,0.3963161852992081,0.7893697408469913,"Uptrend is moderate and choppy (R² 58%), drawdown deep (-20.1%), volatility moderate (31%), 66% days above EMA, in line with benchmark."
PCG,0.6258556412702259,Up,moderate,0.20103804933043623,0.4835833358321603,0.2642548353819942,-0.1705913134484563,0.636206896551724,0.07457373016375629,0.10496183206106872,0.769204694661739,1.1784776450014223,0.2667247563171256,0.2175836617369085,0.2516719070700008,0.6889021348658089,0.627536832534086,0.6827547064504107,0.6012462057954688,0.7417916679160801,"Uptrend is moderate and choppy (R² 48%), drawdown moderate (-17.1%), volatility moderate (26%), 64% days above EMA, outperforming benchmark."
OXY,0.6124660938342099,Up,moderate,0.40044910444903214,0.49203584450512383,0.3488713045329175,-0.276268115942029,0.5172413793103449,-0.01490997998035723,0.2678695350451077,1.1418425333726316,1.4494944633171525,-0.03837248096870501,-0.4600117033207428,0.2773561672327869,0.9286077930295127,0.5471466177196445,0.4920945972161149,0.4703783232116171,0.7460179222525618,"Uptrend is moderate and choppy (R² 49%), drawdown deep (-27.6%), volatility moderate (35%), 52% days above EMA, in line with benchmark."
CBOE,0.6121487134578699,Up,moderate,0.32215231510965814,0.5108802235544772,0.3138216166139311,-0.3686664848650123,0.704433497536946,-0.01856607480265604,0.06367544331004826,0.9374552644880532,0.8738313037259533,-0.05334586862188183,-0.24379641566008844,0.229297499168351,0.7247516008648773,0.5916184951633074,0.42985460219811367,0.4624192518758425,0.7554401117772385,"Uptrend is moderate and choppy (R² 51%), drawdown deep (-36.9%), volatility moderate (31%), 70% days above EMA, in line with benchmark."
KIM,0.6116254688896091,Up,moderate,0.1729744634009207,0.4642956835348805,0.18594007958385325,-0.13207547169811312,0.7002463054187191,-0.02728081501689203,0.21774975751697373,0.9619403451598727,1.3096637943212577,-0.13315477118675034,0.2562378887910915,0.11790985189194048,0.7603316069103998,0.6962077621835869,0.8220685071805012,0.43793309659853097,0.7321478417674403,"Uptrend is moderate and choppy (R² 46%), drawdown moderate (-13.2%), volatility low (19%), 70% days above EMA, in line with benchmark."
CTVA,0.6084407328398146,Up,moderate,0.23790859589504576,0.4496590213064193,0.23832731745892072,-0.1873889875666074,0.7051724137931035,-0.02694755453611969,0.2271863117870723,0.8557054510618486,1.2695975307005762,-0.10613591411263702,0.2423494590688405,0.12110957112140142,0.8097881136086085,0.6365021931942889,0.6408902473439708,0.4418653324332811,0.7248295106532097,"Uptrend is moderate and choppy (R² 45%), drawdown moderate (-18.7%), volatility moderate (24%), 71% days above EMA, in line with benchmark."
OKE,0.6067913970114499,Up,moderate,0.28125059834612154,0.5337384647013229,0.27210414513844267,-0.22954354858032822,0.6706896551724139,-0.058210954214297256,0.27457486520116137,0.935938740318883,1.225260305007869,-0.18649129137041456,-0.26136695560147677,0.18680536526799346,0.8701239332589432,0.6447650872122188,0.5773412627675315,0.37976734981189325,0.7668692323506614,"Uptrend is moderate and choppy (R² 53%), drawdown deep (-23.0%), volatility moderate (27%), 67% days above EMA, underperforming benchmark."
GD,0.6064398944135683,Up,moderate,0.11995808451176648,0.44686462717139397,0.22249719065834617,-0.15232308985868895,0.734729064039409,0.026474664919296537,0.06072160254951051,0.6171708269523049,0.7875239704174353,0.11861274860356745,0.47756504912172865,0.13802096833289632,0.6009075608609523,0.6509351229273508,0.7771476484095701,0.5383359397796532,0.723432313585697,"Uptrend is moderate and choppy (R² 45%), drawdown moderate (-15.2%), volatility moderate (22%), 73% days above EMA, in line with benchmark."
AVGO,0.6051321083331392,Up,moderate,0.30458860139365274,0.437103588077267,0.4707110029560623,-0.2895125553914328,0.5320197044334976,0.15283402700095056,0.15510707410972085,0.6406943239734354,1.0520738935893006,0.37236615551938484,2.1307450612584793,-0.02926495127797435,0.8056905049797908,0.41551854182158676,0.37631263379316104,0.6891212435075706,0.7185517940386335,"Uptrend is moderate and choppy (R² 44%), drawdown deep (-29.0%), volatility high (47%), 53% days above EMA, outperforming benchmark."
FE,0.6035325864312315,Up,moderate,0.13780177895907952,0.4245548505719561,0.1570834382830916,-0.15584665767674816,0.7002463054187191,-0.0018874917059054641,0.0836876258670844,0.7961363202640729,0.8842138869920668,-0.009089265519971275,-0.0920415681450357,0.21853777101831268,0.629851221818376,0.7051939870028865,0.7931418432160329,0.495721168119671,0.712277425285978,"Uptrend is moderate and choppy (R² 42%), drawdown moderate (-15.6%), volatility low (16%), 70% days above EMA, in line with benchmark."
TDY,0.6017913118430575,Up,moderate,0.24583891511684985,0.47356179563458656,0.2557378669605573,-0.18387183720225056,0.6066502463054187,-0.021720093710729083,0.13657976717494677,1.0374004012349962,1.337012338906683,-0.10012431702173107,1.0660355623758024,-0.03928478521185208,0.7503126457276519,0.6310430308567361,0.6872163235933688,0.4513205043439197,0.7367808978172932,"Uptrend is moderate and choppy (R² 47%), drawdown moderate (-18.4%), volatility moderate (26%), 61% days above EMA, in line with benchmark."
HSIC,0.5990866223921268,Up,moderate,0.20852597871539613,0.5163252800362084,0.28062393913712447,-0.17228554289142173,0.6608374384236453,-0.02771864702953608,0.08594936708860768,0.7676644572939915,1.2103509976273166,-0.10073969400686755,0.5767809218405197,0.05258110187163048,0.6748691429343461,0.6275387008809797,0.6699348048172336,0.441255990944964,0.7581626400181041,"Uptrend is moderate and choppy (R² 52%), drawdown moderate (-17.2%), volatility moderate (28%), 66% days above EMA, in line with benchmark."
DOW,0.5957761341977208,Up,moderate,0.705566998156355,0.5526816065393565,0.49281123012467076,-0.35466921423453546,0.5763546798029556,-0.15605318334017143,0.17168209876543206,1.443524623986466,1.9893663442967398,-0.31315250271211886,0.26522294022735304,-0.02576714722396345,0.9144185956790123,0.45673238067617516,0.3174125529056856,0.33055152907194196,0.7763408032696781,"Uptrend is moderate and choppy (R² 55%), drawdown deep (-35.5%), volatility high (49%), 58% days above EMA, underperforming benchmark."
ANET,0.5956546363510264,Up,moderate,0.25234236202950244,0.32319385352733,0.5467914929598418,-0.2832808739122385,0.6312807881773399,0.3285055725516039,0.4641933397995474,0.4537327361904207,0.8907850309289821,0.6611590228127953,2.0795242743042115,0.25142978251978537,0.8680576707496191,0.3015033070437837,0.3204286614990822,0.832231804562559,0.661596926763665,"Uptrend is moderate and choppy (R² 32%), drawdown deep (-28.3%), volatility high (55%), 63% days above EMA, outperforming benchmark."
HUBB,0.5946947305345777,Up,moderate,0.2351553785563587,0.611900330674676,0.3121287700901927,-0.17364883033073408,0.5665024630541872,-0.05428888485528305,0.03506411786403968,0.7059384126198182,1.3542007631636699,-0.2007997337666184,1.2480503514339172,-0.11392897964181814,0.6416924446040182,0.6438213952471453,0.6064164231314068,0.3845090399951264,0.805950165337338,"Uptrend is moderate and smooth (R² 61%), drawdown moderate (-17.4%), volatility moderate (31%), 57% days above EMA, underperforming benchmark."
MCHP,0.5917473292747669,Up,moderate,0.4755903890456583,0.4614067718304058,0.4659762183637063,-0.34865798564974754,0.6312807881773399,-0.061477736595785065,0.14551883584931324,1.0821808858375501,1.3640599344350703,-0.14861534309752222,1.9064929697833655,-0.2552549152660959,0.8833140303721424,0.4312212221424232,0.35890099245030244,0.37906265068082756,0.7307033859152028,"Uptrend is moderate and choppy (R² 46%), drawdown deep (-34.9%), volatility high (47%), 63% days above EMA, underperforming benchmark."
CRWD,0.5907064662750064,Up,moderate,0.3155203460938203,0.18895782282977835,0.4579977014405942,-0.37178935284832826,0.6608374384236453,0.26830195619396613,0.6203328447012159,0.6747145053360055,0.8486535283395731,0.6358394140505851,1.4541333800551965,0.2798226570866442,0.9077601730469101,0.3009806353344435,0.320431481488579,0.8058386836791045,0.5944789114148892,"Uptrend is moderate and choppy (R² 19%), drawdown deep (-37.2%), volatility high (46%), 66% days above EMA, outperforming benchmark."
ELV,0.5883022082610705,Up,moderate,0.25799464449378284,0.36582514159215784,0.38910581622238366,-0.2649438378760506,0.7544334975369459,0.03815010361654009,0.13448248258932155,0.5858645085240637,0.9737710699823153,0.09657388625546795,0.3142649960953792,0.18559759821693605,0.7562989211776872,0.4438067545736953,0.42101783367304535,0.5478074922420868,0.6829125707960789,"Uptrend is moderate and choppy (R² 37%), drawdown deep (-26.5%), volatility high (39%), 75% days above EMA, in line with benchmark."
GILD,0.5879398158635456,Up,moderate,0.23815010155800787,0.4743963226757205,0.2708025692254136,-0.22028241335044932,0.541871921182266,-0.002380883929796601,0.08892019557470791,0.9866666133583757,1.0811126405226579,-0.008568824160600876,0.3586933255543344,0.12680369256114188,0.6975400131107832,0.6163955921124467,0.6434198307726942,0.49496472523681356,0.7371981613378602,"Uptrend is moderate and choppy (R² 47%), drawdown deep (-22.0%), volatility moderate (27%), 54% days above EMA, in line with benchmark."
SBUX,0.5864122759852995,Up,moderate,0.22118257464157276,0.5179336552551085,0.2869020961739585,-0.19063338147307618,0.6953201970443349,-0.06066846492021087,0.21728283057382622,0.8256730387641913,1.160251016545133,-0.21869511125645089,0.6493753081179001,-0.0001435831335822313,0.7920794944682403,0.6220647314535958,0.6461683763077031,0.37165011700079253,0.7589668276275543,"Uptrend is moderate and choppy (R² 52%), drawdown moderate (-19.1%), volatility moderate (29%), 70% days above EMA, underperforming benchmark."
ED,0.5857164955964352,Up,moderate,0.13771602910701897,0.4970598784106032,0.17070874723368168,-0.1037588775333448,0.6509852216748768,-0.07758713209346937,0.11619085645837478,0.7876087474287856,1.3272698431299184,-0.3210148375397224,-0.4369536259713528,0.20046337613846751,0.6623257262092261,0.72782119197162,0.8695083322655245,0.3306905703719082,0.7485299392053015,"Uptrend is moderate and choppy (R² 50%), drawdown moderate (-10.4%), volatility low (17%), 65% days above EMA, underperforming benchmark."
TPL,0.5850563714741187,Up,moderate,0.5483588125693417,0.4518256132319981,0.48134270362521414,-0.3433001722892235,0.43842364532019706,-0.024776509675965536,0.34979369532926236,1.100375079963648,1.5973158676639418,-0.05146236176059286,0.43846872840830886,0.08400698777239247,1,0.41490577889708846,0.3187713053710113,0.4523143161694433,0.725912806615999,"Uptrend is moderate and choppy (R² 45%), drawdown deep (-34.3%), volatility high (48%), 44% days above EMA, in line with benchmark."
FFIV,0.5846266823538478,Up,moderate,0.2487897650654345,0.17617337718351567,0.3418072221873264,-0.34729142990354633,0.7593596059113301,0.18271232427235112,0.5624884005790429,0.6931660836985725,0.7163717375189222,0.5819721968091361,1.050640271715381,0.23181574231389424,0.865695193768514,0.39627946640443146,0.4306134555071891,0.7381481350029407,0.5880866885917578,"Uptrend is moderate and choppy (R² 18%), drawdown deep (-34.7%), volatility moderate (34%), 76% days above EMA, outperforming benchmark."
UPS,0.5835100338899389,Up,moderate,0.26314270685290264,0.4752364159847252,0.30774797823994304,-0.21000000000000002,0.7248768472906403,-0.07480104261645978,0.05534261942600731,0.7476430101935301,1.2530605088233457,-0.25971590370041947,0.8495771194471811,-0.056561533600303554,0.6805825194831876,0.5798702297524196,0.5405369597987852,0.34299177608104203,0.7376182079923626,"Uptrend is moderate and choppy (R² 48%), drawdown deep (-21.0%), volatility moderate (31%), 72% days above EMA, underperforming benchmark."
RF,0.5816367743977396,Up,moderate,0.15077971853742156,0.3821518678067134,0.24958031703000483,-0.19224555735056542,0.6903940886699508,0.04641970150214625,0.0773231622746186,0.5556921490820257,0.7843079476862517,0.20347558510381888,0.8096765267985587,0.09583826370797949,0.627841675102004,0.5914956168733518,0.6402948837326068,0.5667672600125282,0.6910759339033568,"Uptrend is moderate and choppy (R² 38%), drawdown moderate (-19.2%), volatility moderate (25%), 69% days above EMA, in line with benchmark."
DDOG,0.579533188664798,Up,moderate,0.39992460688672504,0.172351855105911,0.617232979228923,-0.4862307230122171,0.6017241379310344,0.4555015482822606,0.9914294459749005,0.8248117350625813,0.8224996651984011,0.7642661466840479,1.2222722920213618,0.652127343902078,0.9499623034433625,0.18186768274572476,0.2647915097173189,0.8528532293368096,0.5861759275529554,"Uptrend is moderate and choppy (R² 17%), drawdown deep (-48.6%), volatility high (62%), 60% days above EMA, outperforming benchmark."
MGM,0.5778674968897443,Up,moderate,0.2556864693450758,0.36176214161116693,0.3836446908030498,-0.22755846115162193,0.6559113300492612,0.03607391708263244,0.3439544807965862,0.790792319014609,1.123607832691012,0.09894117578953694,0.9155098361354745,0.0614231674134991,0.8702815021144754,0.4472363800025337,0.5560016740729444,0.545968034661586,0.6808810708055835,"Uptrend is moderate and choppy (R² 36%), drawdown deep (-22.8%), volatility high (38%), 66% days above EMA, in line with benchmark."
UNH,0.5770930180860913,Up,moderate,0.25999243511382053,0.23860138174832524,0.4056153680387063,-0.29979455017301043,0.6608374384236453,0.1608853739058776,0.23710537696410536,0.6073049292574388,0.8672353615627094,0.3996843502930162,0.537770341639152,0.30421436851678374,0.8310700450318207,0.3650891648451329,0.4040726718549952,0.6972072086767103,0.6193006908741626,"Uptrend is moderate and choppy (R² 24%), drawdown deep (-30.0%), volatility high (41%), 66% days above EMA, outperforming benchmark."
MO,0.5759118416154682,Up,moderate,0.16569328663495186,0.3434600009601959,0.23396567314936173,-0.19148936170212777,0.6657635467980296,0.03444543725629798,0.2856887298747765,0.6455113845436888,0.8652871635380814,0.11983929047697124,-0.39899919833545083,0.3251841110597782,0.8006690409789694,0.5877643273307362,0.6560806524276255,0.5464293663039952,0.6717300004800979,"Uptrend is moderate and choppy (R² 34%), drawdown moderate (-19.1%), volatility moderate (23%), 67% days above EMA, in line with benchmark."
BAC,0.5720239732857043,Up,moderate,0.11644465893706069,0.2741090936798688,0.21841556694639136,-0.18393013100436684,0.734729064039409,0.05816523729352768,0.05909576361694554,0.4909111753902677,0.6330918066616071,0.29746146619183694,0.7887266675240827,0.11501541810490723,0.5981047243608608,0.5686389798935431,0.6869037276685029,0.5879113839127114,0.6370545468399345,"Uptrend is moderate and choppy (R² 27%), drawdown moderate (-18.4%), volatility moderate (22%), 73% days above EMA, outperforming benchmark."
ATO,0.571398684369638,Up,moderate,0.11733400557871176,0.403004550773976,0.1576623068984754,-0.13074002808258353,0.5911330049261084,-0.03143511880064939,0.07420706163973673,0.7011249902638427,0.8974604587402744,-0.15115299627494214,-0.09035683292775044,0.18312367588392128,0.6135139535086052,0.6938399684885126,0.8365389046287466,0.428766402662551,0.701502275386988,"Uptrend is moderate and choppy (R² 40%), drawdown moderate (-13.1%), volatility low (16%), 59% days above EMA, in line with benchmark."
XEL,0.5701118081431246,Up,moderate,0.10314103748653358,0.3523827356710403,0.19371680317830375,-0.11496772622092312,0.6608374384236453,-0.02400004962459637,0.09675660943036261,0.5602387863904511,0.8971303589003469,-0.10418983183089213,-0.002751349339360276,0.17413741107221314,0.6313088569883514,0.6324745646572164,0.8434464884310308,0.4470161883961855,0.6761913678355201,"Uptrend is moderate and choppy (R² 35%), drawdown moderate (-11.5%), volatility low (19%), 66% days above EMA, in line with benchmark."
NVDA,0.5697100683918881,Up,moderate,0.18340475864301053,0.4631396918450258,0.35677319550295034,-0.20223145285935087,0.6157635467980296,0.026928187780366902,0.0999243406830956,0.5205393543552064,0.9069052120718628,0.09293171415104572,1.8437836279398567,-0.1376699058873418,0.6721385051806976,0.5247966504195626,0.5459904013515288,0.5362213591954714,0.7315698459225128,"Uptrend is moderate and choppy (R² 46%), drawdown deep (-20.2%), volatility high (36%), 62% days above EMA, in line with benchmark."
NTAP,0.5653524498720683,Up,moderate,0.23394189290099465,0.16362662397855787,0.40166571020627373,-0.25522317188983856,0.5721674876847291,0.25948631062940986,0.5531027948839413,0.7055619289698732,0.9166169794409205,0.7127373761627903,1.3736158708558373,0.28223517959040023,0.8558213587791614,0.33056402933457363,0.5270144294108399,0.8153558718011156,0.581813311989279,"Uptrend is moderate and choppy (R² 16%), drawdown deep (-25.5%), volatility high (40%), 57% days above EMA, outperforming benchmark."
O,0.5640718152740016,Up,moderate,0.11400629049333433,0.44542962704354705,0.16890926630996808,-0.11856127886323276,0.6017241379310344,-0.06774325984496427,0.10087493566649515,0.625080796269379,0.9615811467827294,-0.3226500928894392,-0.0010546344681127025,0.12336898185647786,0.6390670429817622,0.7038055472118054,0.8397715947521854,0.3468762107469546,0.7227148135217736,"Uptrend is moderate and choppy (R² 45%), drawdown moderate (-11.9%), volatility low (17%), 60% days above EMA, underperforming benchmark."
NXPI,0.562440838459415,Up,moderate,0.31147640818182176,0.3073463919379664,0.4657037821644968,-0.24968968968968974,0.6411330049261085,0.01222569218828945,0.17024675270082812,0.7829998130637107,1.2474540241085628,0.029339179935375444,1.8185527320564978,-0.15066635708080856,0.8192022946369616,0.3543953593456106,0.4649339044506655,0.515159610181827,0.6536731959689832,"Uptrend is moderate and choppy (R² 31%), drawdown deep (-25.0%), volatility high (47%), 64% days above EMA, in line with benchmark."
EW,0.5622204270511677,Up,moderate,0.1180695806982257,0.3692035229749451,0.2458821055823888,-0.12732919254658379,0.6509852216748768,-0.021271006276162963,0.08524473870891473,0.5166469546458713,0.9272781703616756,-0.08875145110243995,0.5805872162400831,0.05940467504207343,0.6247980482428204,0.5887196559050838,0.7804757231234302,0.4534898431623837,0.6846017614874725,"Uptrend is moderate and choppy (R² 37%), drawdown moderate (-12.7%), volatility moderate (25%), 65% days above EMA, in line with benchmark."
ACGL,0.5610518672415318,Up,moderate,0.09269040806012763,0.3678448907551507,0.20982738125282724,-0.14081192390664835,0.6657635467980296,-0.023630353406863897,0.06930898526665291,0.4198094250126782,0.6582568115579259,-0.09095075834289802,-0.2565790105843778,0.22589773864100562,0.6003602719667956,0.6240950641247481,0.7679904821814826,0.4492866167847094,0.6839224453775754,"Uptrend is moderate and choppy (R² 37%), drawdown moderate (-14.1%), volatility moderate (21%), 67% days above EMA, in line with benchmark."
PANW,0.5607287714804101,Up,moderate,0.2637964287231527,0.1240535247700355,0.40868591859648773,-0.3600596259824736,0.5721674876847291,0.383384607263448,0.7311320754716981,0.6225055574008268,0.7326465109864702,1.0102013100614118,1.1881806593106987,0.5263655745053837,0.8756746251008966,0.30551232343765194,0.3621310953469198,0.9020402620122824,0.5620267623850177,"Uptrend is moderate and choppy (R² 12%), drawdown deep (-36.0%), volatility high (41%), 57% days above EMA, outperforming benchmark."
F,0.5569995999427413,Up,moderate,0.21169593973208234,0.36881437671253436,0.36846338064151396,-0.23394495412844046,0.7544334975369459,-0.021542664135814876,-0.038194444444444496,0.6728411563434713,0.9048963698351751,-0.06490681548999394,1.2790117060841284,-0.08213959059189857,0.5274340499218346,0.46594380771475324,0.5599113933272445,0.456018112277619,0.6844071883562672,"Uptrend is moderate and choppy (R² 37%), drawdown deep (-23.4%), volatility high (37%), 75% days above EMA, in line with benchmark."
DTE,0.5557207739993983,Up,moderate,0.09631425839915608,0.34922191985334794,0.16779724471011578,-0.10940552609545069,0.6706896551724139,-0.06547571053995067,0.16207667978091483,0.5342110713459468,0.8803418057249398,-0.3125812979242951,-0.006309219973900687,0.12699134389588657,0.6902962686180256,0.6568137152165582,0.8555991943492721,0.3519102797104452,0.674610959926674,"Uptrend is moderate and choppy (R² 35%), drawdown moderate (-10.9%), volatility low (17%), 67% days above EMA, underperforming benchmark."
LMT,0.5552058565319767,Up,moderate,0.3156451978616104,0.3695051411911885,0.27632417904057865,-0.27347421309295117,0.5714285714285714,-0.07570980782176454,0.004320654270503617,1.0706329673456252,1.154204611439272,-0.2555167495358901,0.11753736100713666,0.09044186280270104,0.6621432532013087,0.5584283915550157,0.5500732320238882,0.3420035762847758,0.6847525705955942,"Uptrend is moderate and choppy (R² 37%), drawdown deep (-27.3%), volatility moderate (28%), 57% days above EMA, underperforming benchmark."
EOG,0.5533753063584934,Up,moderate,0.2543560431284555,0.3979894577638712,0.2666846695229571,-0.19286280729579694,0.5123152709359606,-0.05708140330249889,0.3224400871459697,0.9167055475166406,1.318844450596145,-0.18127223324265554,-0.408226909817048,0.21778754483110763,0.8693967686804229,0.5823100593589785,0.633238238197136,0.3823004343460074,0.6989947288819356,"Uptrend is moderate and choppy (R² 40%), drawdown moderate (-19.3%), volatility moderate (27%), 51% days above EMA, underperforming benchmark."
TXT,0.5409515356843064,Up,moderate,0.1816849383875896,0.5349916666259936,0.2628036463082256,-0.1470675796367966,0.5960591133004927,-0.1329668706705311,-0.02497001417511713,0.6433509266392766,1.2353840243803922,-0.5390239502833493,0.7434802082215187,-0.09836975738123974,0.5294954104261771,0.6546921870047713,0.6969945321522348,0.21123216654814708,0.7674958333129969,"Uptrend is moderate and choppy (R² 53%), drawdown moderate (-14.7%), volatility moderate (26%), 60% days above EMA, underperforming benchmark."
YUM,0.5392140568464188,Up,moderate,0.10153166247111578,0.4313995785839142,0.22403122361159125,-0.12833016175071352,0.6953201970443349,-0.10703995863098353,0.053427156632786146,0.45748251539523843,0.7911753642790936,-0.4284454584506215,0.0991072745962236,0.05966656081033209,0.58744026356061,0.6416685656803659,0.7855691444174471,0.26822278657308474,0.715699789291957,"Uptrend is moderate and choppy (R² 43%), drawdown moderate (-12.8%), volatility moderate (22%), 70% days above EMA, underperforming benchmark."
EXPE,0.5376876335161027,Up,moderate,0.21304726942275165,0.20216774752551547,0.4779319776281871,-0.37436527164714084,0.6854679802955664,0.18570232510418977,-0.11841624904583321,0.4595198748269808,0.5690892974270327,0.4115301857746276,1.2298946071759187,0.1999120751330548,0.39476337950481755,0.2926348905416174,0.3215034322488166,0.714895064771749,0.6010838737627577,"Uptrend is moderate and choppy (R² 20%), drawdown deep (-37.4%), volatility high (48%), 69% days above EMA, outperforming benchmark."
TFC,0.5362325400907116,Up,moderate,0.14165751430078588,0.3772632216505115,0.2434087419170548,-0.2146568715284,0.6854679802955664,-0.04931568077179721,0.01962708537782139,0.5337579474014247,0.6599253650356308,-0.2196300215045907,0.7654911170177271,-0.010655761658788093,0.5670823526685846,0.595222868908201,0.6236108028634555,0.3904356388268838,0.6886316108252557,"Uptrend is moderate and choppy (R² 38%), drawdown deep (-21.5%), volatility moderate (24%), 69% days above EMA, in line with benchmark."
LIN,0.5353711961852688,Up,moderate,0.14905472028497702,0.29365369134586894,0.17795275721171477,-0.1948137885398788,0.7445812807881773,-0.07201610605626686,0.19188519183970512,0.8650321370124938,0.7651138115127062,-0.3504814521579921,0.15688815904122413,0.0866246439959831,0.7277869838688712,0.6188740884612197,0.7354681232965563,0.3362830018965667,0.6468268456729345,"Uptrend is moderate and choppy (R² 29%), drawdown moderate (-19.5%), volatility low (18%), 74% days above EMA, underperforming benchmark."
REGN,0.5301846051036085,Up,moderate,0.25396698810485785,0.26314147397663334,0.3296104364355173,-0.2605168232238049,0.6009852216748769,-0.028177558410638015,-0.1721826194429532,0.8117055533604631,0.9748583026696889,-0.08484217098996635,0.4199932231788237,0.08374542842755589,0.4753655598548645,0.4519603005527994,0.5417316993671137,0.4424790938725419,0.6315707369883167,"Uptrend is moderate and choppy (R² 26%), drawdown deep (-26.1%), volatility moderate (33%), 60% days above EMA, in line with benchmark."
HIG,0.5246663682646546,Up,moderate,0.06663849653356224,0.22239373702524667,0.19085785656029253,-0.12255277642304747,0.6165024630541872,-0.031520885210802985,0.020810673627728263,0.3475718255145192,0.5437534626186575,-0.1409555859990608,0.05958023294855845,0.15270569070323584,0.5431345699664716,0.5703390119523308,0.8244450059345892,0.42989827787413043,0.6111968685126233,"Uptrend is moderate and choppy (R² 22%), drawdown moderate (-12.3%), volatility low (19%), 62% days above EMA, in line with benchmark."
TSN,0.52237079292347,Up,moderate,0.1944453002807227,0.43462119928958454,0.24658571925261763,-0.1933090909090909,0.5911330049261084,-0.11741181453878018,0.009586892103887124,0.8244326056282458,1.0058776820391035,-0.42984612359288166,0.046299271491751386,0.0591596456982304,0.5891430167905678,0.6207248803921747,0.6741828821591862,0.25077856334382076,0.7173105996447922,"Uptrend is moderate and choppy (R² 43%), drawdown moderate (-19.3%), volatility moderate (25%), 59% days above EMA, underperforming benchmark."
AES,0.5223530698722115,Up,moderate,0.13008598933233473,0.3794505058993096,0.3548986743032654,-0.18981481481481488,0.636206896551724,-0.024406747429651043,0.037974683544303736,0.3400763017460253,0.6853310657508364,-0.06934003643311522,0.5336936026770525,0.06518767303514662,0.5815534899706358,0.48482657864638945,0.5327577707545152,0.4506952609754916,0.6897252529496548,"Uptrend is moderate and choppy (R² 38%), drawdown moderate (-19.0%), volatility high (35%), 64% days above EMA, in line with benchmark."
LHX,0.5199571457954917,Up,moderate,0.22061072238756085,0.3346717411663952,0.2570651558166263,-0.24479496935108863,0.5763546798029556,-0.07702063278254057,-0.11374102044575432,0.8676463631683216,0.9012061112708474,-0.2904024396701902,0.34811991468098424,0.04235205131767754,0.4075773313455471,0.5602707147665713,0.6121403636617455,0.3354603414582962,0.6673358705831975,"Uptrend is moderate and choppy (R² 33%), drawdown deep (-24.5%), volatility moderate (26%), 58% days above EMA, underperforming benchmark."
ABBV,0.5161670635092951,Up,moderate,0.08224964779174071,0.12354676160193934,0.2590721633733998,-0.19232343072264507,0.6559113300492612,0.07016764788950547,0.10650069156293225,0.34456921588058287,0.4276631686669275,0.24374084305406432,-0.017207311779493917,0.29342838098773233,0.6340543235731654,0.4527012174275699,0.6728120215067497,0.5945417321949119,0.5617733808009697,"Uptrend is moderate and choppy (R² 12%), drawdown moderate (-19.2%), volatility moderate (26%), 66% days above EMA, outperforming benchmark."
CRL,0.510943893182099,Up,moderate,0.1682117704733621,0.1523965119928249,0.4619861587560576,-0.33884552630418485,0.6460591133004927,0.18215027633395997,0.066075820147557,0.36122030567485064,0.4964261216845956,0.4236644054210446,1.3539844920129698,0.16966396209796708,0.6281866475123428,0.27970863692936926,0.34660855751467945,0.7137463743041879,0.5761982559964125,"Uptrend is moderate and choppy (R² 15%), drawdown deep (-33.9%), volatility high (46%), 65% days above EMA, outperforming benchmark."
WEC,0.5108804656083203,Up,moderate,0.06145673296886911,0.24556556577223232,0.15561873687951855,-0.11931914893617018,0.6411330049261085,-0.08976158069075145,0.10111185023282335,0.3922983745271204,0.5150617777348161,-0.4311894857964527,-0.113210560741558,0.1214911079671859,0.6216998557773945,0.6171640460065977,0.8643631384045032,0.29664828242534225,0.6227827828861161,"Uptrend is moderate and choppy (R² 25%), drawdown moderate (-11.9%), volatility low (16%), 64% days above EMA, underperforming benchmark."
PKG,0.5081420674262875,Up,moderate,0.12685018977875884,0.3602125747772038,0.2715001765753245,-0.17693150907393126,0.6559113300492612,-0.0908999942839411,0.05601271741163278,0.47258031548718865,0.7169451639377256,-0.354061623281797,0.7291385476558024,-0.05008911953401185,0.598507530987517,0.5586061108132774,0.6661823523365269,0.30439380660701343,0.6801062873886019,"Uptrend is moderate and choppy (R² 36%), drawdown moderate (-17.7%), volatility moderate (27%), 66% days above EMA, underperforming benchmark."
SWK,0.5020473027275228,Up,moderate,0.16887053305720756,0.25386514347958933,0.3892801773466476,-0.26946498477598946,0.6854679802955664,-0.011610575609265095,0.06184807951895946,0.4619023972649832,0.6266882251792095,-0.03406350285966965,1.5847583994359,-0.13217226731538573,0.6243969840020025,0.3876523943931471,0.4823033904021313,0.4764104537531149,0.6269325717397947,"Uptrend is moderate and choppy (R² 25%), drawdown deep (-26.9%), volatility high (39%), 69% days above EMA, in line with benchmark."
HII,0.5018177474764601,Up,moderate,0.328402087077317,0.23398277883099805,0.3540334432508178,-0.38864522954179803,0.6206896551724138,-0.08508390311784475,-0.2473379660210849,0.9047356768190579,0.8449919415310821,-0.2475109352528195,0.6961624237514107,-0.03699482813369945,0.45767384191105265,0.41295794616468123,0.39553482763813363,0.327396434402186,0.616991389415499,"Uptrend is moderate and choppy (R² 23%), drawdown deep (-38.9%), volatility high (35%), 62% days above EMA, underperforming benchmark."
PSA,0.5011604664263106,Up,moderate,0.10368826891468674,0.24809790684839061,0.23493497503524174,-0.1711353431686979,0.6805418719211823,-0.07618446411559385,0.18714960165240488,0.43806597319094637,0.605884599842566,-0.31775019303941215,0.41335058242757494,0.03009677115125496,0.7094400551852693,0.5391139783889536,0.7066014296451247,0.33343409311760974,0.6240489534241953,"Uptrend is moderate and choppy (R² 25%), drawdown moderate (-17.1%), volatility moderate (23%), 68% days above EMA, underperforming benchmark."
HAS,0.5008152453084076,Up,moderate,0.2285226841290442,0.4033993525167916,0.2837552571379234,-0.28393430243534074,0.5862068965517241,-0.1296997274320564,-0.1078079425622616,0.847121334294523,0.8048435224943797,-0.4918158781982648,0.8281370546171637,-0.11203132866977589,0.4227173605796488,0.5679444191204724,0.5672854567311234,0.222572969050843,0.7016996762583958,"Uptrend is moderate and choppy (R² 40%), drawdown deep (-28.4%), volatility moderate (28%), 59% days above EMA, underperforming benchmark."
IFF,0.4974598622446915,Up,weak,0.18774920095638792,0.36539907969828433,0.3420111599275096,-0.23121611154144073,0.6411330049261085,-0.19467938881741453,0.095071449402158,0.609920455166317,0.8120074319420328,-0.5934930363553557,0.7682096951590919,-0.16657001843731,0.670174668038156,0.4906883799216326,0.5687622001114786,0.2632560807930394,0.6826995398491422,"Uptrend is weak and choppy (R² 37%), drawdown deep (-23.1%), volatility moderate (34%), 64% days above EMA, underperforming benchmark."
LYV,0.49533866460561465,Up,weak,0.10662288826502775,0.13853123048025162,0.3105137213920138,-0.2783522923129955,0.6509852216748768,0.05803007614138095,0.24431316629320288,0.34638806783556697,0.3830501533830904,0.19695799814556314,0.780949723256203,0.11641500037292266,0.7484369231537642,0.40875189384811206,0.5334223825403399,0.5777258759559373,0.5692656152401259,"Uptrend is weak and choppy (R² 14%), drawdown deep (-27.8%), volatility moderate (31%), 65% days above EMA, outperforming benchmark."
JPM,0.4951997724209885,Up,weak,0.05656142004195819,0.15085645035027884,0.2202347860938027,-0.15471743223454182,0.6263546798029557,-0.02969244876640864,0.014372782679887055,0.24172952119084648,0.36557884412284364,-0.15174952927159896,0.8122675496205879,0.0026503750002227766,0.533320858393943,0.5051934390813367,0.7339374532831208,0.43159338164497973,0.5754282251751395,"Uptrend is weak and choppy (R² 15%), drawdown moderate (-15.5%), volatility moderate (22%), 63% days above EMA, in line with benchmark."
UAL,0.4939435952202722,Up,weak,0.1451561536389594,0.14399365286427424,0.476551683900103,-0.2749936186505574,0.6115763546798029,0.13987939982205055,0.049276868450679814,0.33796180603465725,0.5278528074624658,0.3364245110935513,2.164880603154537,-0.05427846969170563,0.5979041799197312,0.26458306350705985,0.42162632863824645,0.6735218509314057,0.5719968264321371,"Uptrend is weak and choppy (R² 14%), drawdown deep (-27.5%), volatility high (48%), 61% days above EMA, outperforming benchmark."
CMS,0.48253150223770325,Up,weak,0.05419284251227907,0.20321516866459366,0.1692233871901014,-0.12159119339504627,0.6066502463054187,-0.10946905771664107,0.08446671438797432,0.2980033549916881,0.44569710189625406,-0.49794020266142813,-0.13262430454260216,0.10389336758076304,0.6026213166295877,0.5823841971421955,0.8357600810599698,0.2554914935691141,0.6016075843322968,"Uptrend is weak and choppy (R² 20%), drawdown moderate (-12.2%), volatility low (17%), 61% days above EMA, underperforming benchmark."
ES,0.4803669916008331,Up,weak,0.06817077448129427,0.16971322322012794,0.2532121538867084,-0.15130876068376067,0.6017241379310344,-0.05305613697921513,0.10706891452233058,0.2240073803856479,0.4505408290520137,-0.19390940646825075,0.14257181457161638,0.11101167518200622,0.6299061239735642,0.48164445772335557,0.6687130712315961,0.38742285612107547,0.584856611610064,"Uptrend is weak and choppy (R² 17%), drawdown moderate (-15.1%), volatility moderate (25%), 60% days above EMA, underperforming benchmark."
MCK,0.47920295959996045,Up,weak,0.1667138204691423,0.20979995339033497,0.29116403545647895,-0.2716909881589652,0.5911330049261084,-0.04826694868682674,-0.0028847452217571445,0.5924628452387547,0.6136155696544442,-0.14841459014327785,-0.18786481218467577,0.18332072273812478,0.556311589817754,0.46373594123868855,0.5648405766169182,0.4010837066685238,0.6048999766951675,"Uptrend is weak and choppy (R² 21%), drawdown deep (-27.2%), volatility moderate (29%), 59% days above EMA, in line with benchmark."
DLR,0.4774549774575922,Up,weak,0.14489219100866113,0.2978610910363718,0.23906135497836958,-0.17825797133651816,0.5960591133004927,-0.12884839988161687,0.1634080952069573,0.6096291912825155,0.812823067166693,-0.5842037331972586,0.755749614775707,-0.09649191600207974,0.7074552673005281,0.5598691905398163,0.6949403838106416,0.2124419475474506,0.648930545518186,"Uptrend is weak and choppy (R² 30%), drawdown moderate (-17.8%), volatility moderate (24%), 60% days above EMA, underperforming benchmark."
BALL,0.4774491195110826,Up,weak,0.21172021634789617,0.29072081438701736,0.265164941753716,-0.22343565525383716,0.5524630541871922,-0.13341848083762062,0.11800109429144627,0.8162857076830184,0.9475668335358942,-0.4809310647020391,0.27120905974475423,-0.0033520973791991426,0.7090450381627973,0.5301954654397927,0.6230530229238027,0.2177418463176068,0.6453604071935086,"Uptrend is weak and choppy (R² 29%), drawdown deep (-22.3%), volatility moderate (27%), 55% days above EMA, underperforming benchmark."
VRTX,0.473780871461436,Up,weak,0.14105420344022734,0.2750835223807999,0.3637712888180658,-0.23149177062585172,0.6854679802955664,-0.15940080476268978,0.022504684040197568,0.3493479057677367,0.6093270748194588,-0.4460711773947979,0.6139000590307913,-0.09971941906125882,0.5697578421926737,0.4237704723723342,0.4735579667571117,0.3111414308488043,0.6375417611904,"Uptrend is weak and choppy (R² 28%), drawdown deep (-23.1%), volatility high (36%), 69% days above EMA, underperforming benchmark."
ETN,0.4722950459329967,Up,weak,0.130041935268139,0.2246191587810118,0.35756218703050646,-0.1958957123943375,0.6854679802955664,-0.0726852066707389,0.2566286106432093,0.3368811137700431,0.663832473302759,-0.2425158869113212,1.675282625253426,-0.22114990012051483,0.7644720743925608,0.40474739235999946,0.5201391393945926,0.34866464502930455,0.6123095793905059,"Uptrend is weak and choppy (R² 22%), drawdown moderate (-19.6%), volatility high (36%), 69% days above EMA, underperforming benchmark."
EXC,0.4718244055128395,Up,weak,0.06408338499422372,0.19247106866128327,0.18884220627253462,-0.13740306223901366,0.5770935960591133,-0.10435485102284704,0.08377445339470657,0.3436894019976405,0.4663897874615792,-0.433976853801822,-0.2126933376230742,0.12562810507442906,0.6052423873677715,0.557393328058107,0.8074381442942872,0.2720020663217319,0.5962355343306416,"Uptrend is weak and choppy (R² 19%), drawdown moderate (-13.7%), volatility low (19%), 58% days above EMA, underperforming benchmark."
DUK,0.47058742874216924,Up,weak,0.05007083204189722,0.15971372929629568,0.1558882197540412,-0.1164845384794234,0.5524630541871922,-0.10643845243434402,0.08131605864302767,0.30323007469268015,0.4298495980283431,-0.483864831167718,-0.2710492732108506,0.13516546499974857,0.5980897873770632,0.5739686448941066,0.8601483045445697,0.26229687280085245,0.5798568646481479,"Uptrend is weak and choppy (R² 16%), drawdown moderate (-11.6%), volatility low (16%), 55% days above EMA, underperforming benchmark."
MET,0.46775346668781786,Up,weak,0.03910859161446001,0.036773191793954996,0.24141797552533642,-0.18325491615393893,0.6165024630541872,-0.003357954138856173,0.16608172474304336,0.1505087019988159,0.2134108728717966,-0.015351642620063551,0.8167839917394076,0.03300057892471728,0.673795725144968,0.4269686203716411,0.6652748984378328,0.4924900510312965,0.5183865958969776,"Uptrend is weak and choppy (R² 4%), drawdown moderate (-18.3%), volatility moderate (24%), 62% days above EMA, in line with benchmark."
FSLR,0.4663202318503431,Up,weak,0.17497677822641133,0.11014035451349624,0.5407195936929282,-0.3509961699286693,0.5714285714285714,0.12456501754753219,-0.10245269227645575,0.3374145586057451,0.49851477941189715,0.24531399722687347,1.5232808338031774,0.05434611483154045,0.3960258248802647,0.19953048198705195,0.29781712475386524,0.6490964172702196,0.5550701772567481,"Uptrend is weak and choppy (R² 11%), drawdown deep (-35.1%), volatility high (54%), 57% days above EMA, outperforming benchmark."
WSM,0.46613313222367114,Up,weak,0.08299058537074933,0.09424490429983312,0.346788348318365,-0.23578193682874882,0.6066502463054187,0.03110155648785487,0.09524290986299987,0.2571174985387986,0.3519802512735586,0.10091951686255286,1.2727314724609804,-0.0170154699761913,0.6230447559622009,0.35033410383155156,0.5503905512098164,0.5411935081741102,0.5471224521499165,"Uptrend is weak and choppy (R² 9%), drawdown deep (-23.6%), volatility moderate (35%), 61% days above EMA, in line with benchmark."
TT,0.46544847876843176,Up,weak,0.1312057977527763,0.269710434425929,0.29144179912525203,-0.2033901891903331,0.5623152709359607,-0.09092367547919095,0.26836874933925353,0.4249010249740168,0.6450940346488077,-0.35513684216466296,1.0943753215256211,-0.12396708716978799,0.7726691605577837,0.4934134180877125,0.5886659218879573,0.3042199750565642,0.6348552172129645,"Uptrend is weak and choppy (R² 27%), drawdown deep (-20.3%), volatility moderate (29%), 56% days above EMA, underperforming benchmark."
VZ,0.46405718481229696,Up,weak,0.15398795339279547,0.2663779985531193,0.24115731675828916,-0.18275593616193073,0.3793103448275862,-0.15827511307765732,0.05200887355188562,0.6902988039018745,0.8425879707477988,-0.548838515623093,-0.30875378833922684,0.08800214271488159,0.6046608625580946,0.5420316825182705,0.7027917509626651,0.2992354661272695,0.6331889992765596,"Uptrend is weak and choppy (R² 27%), drawdown moderate (-18.3%), volatility moderate (24%), 38% days above EMA, underperforming benchmark."
DOC,0.46309153791515467,Up,weak,0.08098202383957953,0.09086728521402321,0.29086533157760397,-0.18533815178110488,0.5820197044334976,-0.019795294763919558,0.2752347417840377,0.3102540255073449,0.4369420060648064,-0.06808426342123337,0.48090559817152856,0.08130540159871925,0.7604100812726442,0.40456831102940766,0.6609743255663606,0.4585303012904198,0.5454336426070117,"Uptrend is weak and choppy (R² 9%), drawdown moderate (-18.5%), volatility moderate (29%), 58% days above EMA, in line with benchmark."
HON,0.46070615926896447,Up,weak,0.1447794886683227,0.2856834748023821,0.25863282038011925,-0.16998539248097178,0.46798029556650245,-0.2315611793553088,0.032520325203252036,0.5679332844914743,0.8517172361415076,-0.9698116671120112,0.796928038897756,-0.20832005421712482,0.5810214539071401,0.5342089170210718,0.6900985028046795,0.18541995684931578,0.642841737401191,"Uptrend is weak and choppy (R² 29%), drawdown moderate (-17.0%), volatility moderate (26%), 47% days above EMA, underperforming benchmark."
HUM,0.4591020707526204,Up,weak,0.0671080959456507,0.007121458254798485,0.5066221121368342,-0.4754166666666667,0.6263546798029557,0.38194032334381195,0.46269409518319704,0.11657143659546354,0.14115638060434854,0.7576225229027788,0.5154272762093726,0.6598383464367555,0.772481212141793,0.1735941450247736,0.1993842163439044,0.8515245045805557,0.5035607291273992,"Uptrend is weak and choppy (R² 1%), drawdown deep (-47.5%), volatility high (51%), 63% days above EMA, outperforming benchmark."
LYB,0.4554075743352409,Up,weak,0.3798985374625179,0.25451627600962023,0.4607642840234994,-0.3710205296042844,0.47783251231527096,-0.2849197481379704,0.22418136020151133,0.8377082490901692,1.0239286162081178,-0.5950246680016317,-0.09264601882609638,-0.07814631274718967,0.889279873265264,0.33168492498718555,0.33161153082472145,0.18771392680459076,0.6272581380048101,"Uptrend is weak and choppy (R² 25%), drawdown deep (-37.1%), volatility high (46%), 48% days above EMA, underperforming benchmark."
URI,0.4553848987237137,Up,weak,0.08546056904064625,0.046810176288197836,0.41380057675201054,-0.3034607843137255,0.6017241379310344,0.10391957519703149,0.1824679144967641,0.22099905057146768,0.28161981204231956,0.26757708399019814,1.1046760259889261,0.1110412693648887,0.7002204537689647,0.263054655580091,0.43570334305124725,0.6306772835960512,0.5234050881440989,"Uptrend is weak and choppy (R² 5%), drawdown deep (-30.3%), volatility high (41%), 60% days above EMA, outperforming benchmark."
MA,0.45367178601320096,Down,weak,-0.1674205462972126,0.7217158067232567,0.21695436531147658,-0.21271871243488716,0.2561576354679803,-0.20636943214184106,-0.07304290861447757,-0.7395595041810741,-0.7870513335701942,-0.9161682760510973,0.3716294520645743,-0.09791731600749803,0.31654889386924845,0.7939035380501518,0.6640822289383775,0.21316048965517556,0.8608579033616284,"Downtrend is weak and smooth (R² 72%), drawdown deep (-21.3%), volatility moderate (22%), 26% days above EMA, underperforming benchmark."
ABNB,0.4521503292817383,Up,weak,0.10869727061487566,0.24253220252619623,0.30355741613809517,-0.2153911086100168,0.6165024630541872,-0.10542438950169657,0.055315159382662744,0.32814762690555854,0.5046506855196189,-0.396728459634893,1.1605984032479653,-0.15321714757125648,0.5917287450386461,0.46770868512500297,0.5572116382495853,0.27487733402531356,0.6212661012630981,"Uptrend is weak and choppy (R² 24%), drawdown deep (-21.5%), volatility moderate (30%), 62% days above EMA, underperforming benchmark."
PM,0.4505866744303463,Up,weak,0.11323454585461445,0.21111715465162795,0.2852688183341572,-0.21247339990178424,0.5672413793103448,-0.18186959465552696,0.1346262829796612,0.3591486882682162,0.5329351622695222,-0.5741129982790985,-0.12298912120571044,0.026431276918588712,0.672559855840957,0.4702897589916568,0.5753589708859845,0.2763747636777477,0.605558577325814,"Uptrend is weak and choppy (R² 21%), drawdown deep (-21.2%), volatility moderate (29%), 57% days above EMA, underperforming benchmark."
CL,0.4488840467318106,Up,weak,0.11578646789236036,0.235070991056626,0.22156869064856596,-0.17480330845269315,0.5475369458128079,-0.14370178725181007,0.15259057747001345,0.5391018159222624,0.6623814441343685,-0.5470397880741684,-0.14470910674075774,0.06994770129571579,0.6905112007614997,0.545966804879747,0.7230184135504023,0.19235655071646518,0.617535495528313,"Uptrend is weak and choppy (R² 24%), drawdown moderate (-17.5%), volatility moderate (22%), 55% days above EMA, underperforming benchmark."
CPAY,0.44312798554704547,Up,weak,0.1230871110525169,0.19566818220633642,0.37051067041290503,-0.2590224908467484,0.6263546798029557,-0.07356127022347934,0.0924836305482634,0.3466935727918024,0.47519854608047085,-0.21337538159112632,1.0505782822679235,-0.095815522053284,0.6337178127508566,0.3773234206902632,0.5007017130205127,0.35084856237901607,0.5978340911031682,"Uptrend is weak and choppy (R² 20%), drawdown deep (-25.9%), volatility high (37%), 63% days above EMA, underperforming benchmark."
CHD,0.4404486450202016,Up,weak,0.08668476356445831,0.15439926209320243,0.22592714557009247,-0.168280501477933,0.47364532019704436,-0.1925431670541052,0.13160959701840202,0.3851950470770431,0.5151206634348274,-0.726333825503865,-0.12347511836236127,0.015854008178022953,0.6606489928124956,0.5012724854765087,0.7225380271800733,0.24843472732183902,0.5771996310466012,"Uptrend is weak and choppy (R² 15%), drawdown moderate (-16.8%), volatility moderate (23%), 47% days above EMA, underperforming benchmark."
EG,0.43985197828854694,Up,weak,0.03089465303345551,0.045341200041140506,0.23968227841834436,-0.16430959820205007,0.6312807881773399,-0.07585359371716284,0.11768707482993186,0.11565254459721387,0.1880270743250472,-0.2850827033040045,0.06165172846254208,0.10158125697095935,0.6280367835961395,0.43298832160222595,0.6864022409446771,0.3380684285479233,0.5226706000205703,"Uptrend is weak and choppy (R² 5%), drawdown moderate (-16.4%), volatility moderate (24%), 63% days above EMA, underperforming benchmark."
TSLA,0.4396696884864017,Up,weak,0.12366419275098339,0.09007196199332712,0.44808690029371023,-0.2993182003756022,0.5320197044334976,0.04702200926720265,-0.09417163836622308,0.2705578322380585,0.4131529342211808,0.12243158186045502,2.141251314870946,-0.1726479188028816,0.384631726691818,0.2589708057763809,0.38270795054842965,0.5592651674532482,0.5450359809966636,"Uptrend is weak and choppy (R² 9%), drawdown deep (-29.9%), volatility high (45%), 53% days above EMA, in line with benchmark."
PFE,0.43793289738232855,Up,weak,0.07025131618163427,0.2000784296260011,0.2456456042289414,-0.1709281961471103,0.5123152709359606,-0.2301118325183748,-0.03202846975088963,0.2935473929700034,0.4109989911855858,-0.889908845078545,0.2777304968179783,-0.10194940722481635,0.4702067887856162,0.5043936105840592,0.7042892247979244,0.1966180142123389,0.6000392148130005,"Uptrend is weak and choppy (R² 20%), drawdown moderate (-17.1%), volatility moderate (25%), 51% days above EMA, underperforming benchmark."
MSCI,0.43534435385587117,Up,weak,0.05259756443943475,0.1333426171021419,0.2981168565314453,-0.18072829131652665,0.6165024630541872,-0.09115073227980906,0.06691552130459459,0.1687912072285455,0.29103116095595477,-0.3035747737220434,0.4369613231527067,0.008713709628358518,0.5845357053918052,0.41855445201962566,0.6172943854014671,0.31028718403886246,0.566671308551071,"Uptrend is weak and choppy (R² 13%), drawdown moderate (-18.1%), volatility moderate (30%), 62% days above EMA, underperforming benchmark."
VICI,0.42861509892397126,Down,weak,-0.19344692789538553,0.7496504674612364,0.1807373374170026,-0.2357795461243737,0.2512315270935961,-0.41921523156069895,-0.052404881550610224,-1.01591294708669,-0.8204567829363039,-1.918380456809782,0.012669982258061428,-0.2133574956062074,0.3336036651678026,0.8440878963136156,0.6827485055291559,0.010202442898777253,0.8748252337306182,"Downtrend is weak and smooth (R² 75%), drawdown deep (-23.6%), volatility low (18%), 25% days above EMA, underperforming benchmark."
COST,0.42855490057880985,Up,weak,0.06490247621115985,0.15284215252058142,0.1965005603013984,-0.16571935082973893,0.4433497536945813,-0.22972244865762648,0.012148889447291087,0.31879162742497597,0.39164090304602417,-0.9598234672492452,-0.10260241663993705,-0.024671941799603078,0.5338912189780296,0.5299205159588923,0.7478319499927336,0.18820382196472626,0.5764210762602907,"Uptrend is weak and choppy (R² 15%), drawdown moderate (-16.6%), volatility low (20%), 44% days above EMA, underperforming benchmark."
BRK-B,0.4250962737642835,Down,weak,-0.004488599094652934,0.0029550240318990673,0.1457341194429374,-0.09421770693446989,0.6115763546798029,-0.14026024219163255,-0.0058426876363126224,-0.030092309142798083,-0.047640716811064354,-0.746321028988991,0.04749442524621751,0.034685679945440744,0.48279840759294235,0.5014775120159496,0.9115645861310603,0.17317656812730792,0.5014775120159496,"Flat trend is weak and choppy (R² 0%), drawdown shallow (-9.4%), volatility low (15%), 61% days above EMA, underperforming benchmark."
VLTO,0.42360744643781745,Down,weak,-0.22354634481079638,0.8167662996550958,0.21604577525562027,-0.25075170842824596,0.2315270935960591,-0.276079739072822,-0.086789856496953,-1.0825243844454508,-0.891504772637533,-1.2321251851930097,0.376140838495117,-0.1648852273207487,0.2563365696333937,0.8423373745719276,0.6554315449524003,0.11545776972506741,0.9083831498275479,"Downtrend is weak and very smooth (R² 82%), drawdown deep (-25.1%), volatility moderate (22%), 23% days above EMA, underperforming benchmark."
DIS,0.42231573506229286,Down,weak,-0.177879263966632,0.7411981976396954,0.251347720422672,-0.24825117943712377,0.2857142857142857,-0.405484349296894,-0.15914863799597093,-0.7108019000161366,-0.7165293811290216,-1.7283442517448633,0.7424267710469059,-0.3499613379683164,0.298321176735554,0.7692513783971757,0.6135600840706037,0.03395696853189209,0.8705990988198478,"Downtrend is weak and smooth (R² 74%), drawdown deep (-24.8%), volatility moderate (25%), 29% days above EMA, underperforming benchmark."
ALGN,0.4222809278714047,Up,weak,0.27970481212122666,0.2828827970856693,0.6062280074232138,-0.39726820792509293,0.6214285714285714,-0.2968483262932521,0.058682143275882226,0.37670281785757603,0.7040704655983107,-0.5165063758476751,1.5890441377229636,-0.42894003168979117,0.6949358433364979,0.2398843966870312,0.1664218730980167,0.18756835056417512,0.6414413985428347,"Uptrend is weak and choppy (R² 28%), drawdown deep (-39.7%), volatility high (61%), 62% days above EMA, underperforming benchmark."
CPT,0.4205939065650959,Down,weak,-0.0019354069332075952,0.00017945905387328764,0.1996689130843554,-0.16189817616042876,0.6066502463054187,-0.1796519568870958,0.025321002065188048,-0.009308574835262212,-0.011954470267100194,-0.8023363716218506,0.1638889364632991,-0.029343817372410604,0.5220985495213974,0.45042081644258125,0.7492361677068557,0.2496985695465437,0.5000897295269366,"Flat trend is weak and choppy (R² 0%), drawdown moderate (-16.2%), volatility low (20%), 61% days above EMA, underperforming benchmark."
RVTY,0.41567557875612055,Up,weak,0.11076828284667606,0.13697749449854413,0.3971025419651881,-0.30140127388535026,0.6805418719211823,-0.09296281543164636,0.0924196244223774,0.2783210828114665,0.3675109976104849,-0.2592283215898954,1.38400583551755,-0.1847753747943458,0.6295269991760138,0.32138620528408396,0.42596164913700507,0.3128133721075719,0.5684887472492721,"Uptrend is weak and choppy (R² 14%), drawdown deep (-30.1%), volatility high (40%), 68% days above EMA, underperforming benchmark."
TKO,0.41410150243807764,Up,weak,0.10552058496506289,0.19032295729828808,0.32891115232885565,-0.19559032716927452,0.5369458128078818,-0.13264318299136424,-0.10455737542679001,0.32555856899054314,0.5394979725850125,-0.40741427282154535,0.5421629674056542,-0.05732093888249737,0.36126136587769064,0.4162503263202884,0.5824928456933527,0.22822231621668537,0.595161478649144,"Uptrend is weak and choppy (R² 19%), drawdown moderate (-19.6%), volatility moderate (33%), 54% days above EMA, underperforming benchmark."
AMZN,0.4131353031365277,Up,weak,0.09904923374074204,0.1389846692580815,0.3099155606681251,-0.21736220472440948,0.4630541871921182,-0.08897139526228039,0.004141459255349427,0.30072442021692314,0.4556874727431348,-0.3451221893059594,1.4154455331720686,-0.18673544747132415,0.5373229525584979,0.4095767739609157,0.5576095719843892,0.30872235322505825,0.5694923346290408,"Uptrend is weak and choppy (R² 14%), drawdown deep (-21.7%), volatility moderate (31%), 46% days above EMA, underperforming benchmark."
BDX,0.4108746865928211,Up,weak,0.05641056880417694,0.07298002249976787,0.26074719314155065,-0.24100544797454007,0.5123152709359606,-0.07729104515050048,-0.04637034281817612,0.2593375401692999,0.23406345905564832,-0.292477785522685,0.42428351011676246,0.026649506080170082,0.44169091975713604,0.4257428181083333,0.6517279689990598,0.3347506866340811,0.5364900112498839,"Uptrend is weak and choppy (R² 7%), drawdown deep (-24.1%), volatility moderate (26%), 51% days above EMA, underperforming benchmark."
WAT,0.41078891345680824,Up,weak,0.14524303078085166,0.1232308181154741,0.39541313911224085,-0.313230232219906,0.7445812807881773,-0.12746972735942003,-0.05906970881129447,0.35409536014394793,0.46369416435793637,-0.3362631306823411,0.8624447677028713,-0.11660283113777759,0.45030535014078005,0.3162022699454962,0.407441910783726,0.245730012611273,0.561615409057737,"Uptrend is weak and choppy (R² 12%), drawdown deep (-31.3%), volatility high (40%), 74% days above EMA, underperforming benchmark."
KHC,0.40946192861597613,Down,weak,-0.1776452507993287,0.6438958311501662,0.2658900122961773,-0.2671043538355218,0.2955665024630542,-0.2563996102994784,0.07682458386683742,-0.6117664457781512,-0.6650780799654039,-0.8773463358414444,0.015111481907072706,-0.07370164865015037,0.5081904920852839,0.7060579032789058,0.5592909005235602,0.176238033419755,0.8219479155750831,"Downtrend is weak and smooth (R² 64%), drawdown deep (-26.7%), volatility moderate (27%), 30% days above EMA, underperforming benchmark."
PPL,0.40928919980914985,Up,weak,0.020198213464600157,0.02751054994515134,0.17733053401169466,-0.13288118563175078,0.5073891625615764,-0.13223355951679155,0.04038073262186324,0.10330205642768694,0.15200205633756758,-0.6092615305533359,-0.005199912571444966,0.05379019308163633,0.5471471341325043,0.48642474096088106,0.8051524579511504,0.20367343208537506,0.5137552749725757,"Uptrend is weak and choppy (R² 3%), drawdown moderate (-13.3%), volatility low (18%), 51% days above EMA, underperforming benchmark."
MRSH,0.40875331129830056,Down,weak,-0.2182525032279432,0.8174435725109908,0.24809550103479613,-0.26337968815844925,0.21182266009852216,-0.3373628961586156,-0.028731942215088305,-0.8410813741341086,-0.8286611042558547,-1.1720172175781418,-0.1920428733270076,-0.10436901856059383,0.3565234015652957,0.8106262852206992,0.5929748802246769,0.10349784780273227,0.9087217862554953,"Downtrend is weak and very smooth (R² 82%), drawdown deep (-26.3%), volatility moderate (25%), 21% days above EMA, underperforming benchmark."
PEP,0.4083484487981073,Up,weak,0.050025322380377046,0.07468716937596875,0.2251036775739271,-0.20581852308053258,0.42857142857142855,-0.15982544983788904,-0.006314127861089154,0.251402668279036,0.2430554919529918,-0.5973036155690192,-0.1772808295852308,0.05982287591821317,0.5062454601087129,0.46223990711405727,0.6966512571197049,0.2918827974392353,0.5373435846879844,"Uptrend is weak and choppy (R² 7%), drawdown deep (-20.6%), volatility moderate (23%), 43% days above EMA, underperforming benchmark."
CTAS,0.4071082392233766,Down,weak,-0.20710520327766346,0.6895055414916558,0.21415486061719421,-0.27719096654439385,0.3103448275862069,-0.34253102895611914,-0.034216335540838805,-0.9216400167766693,-0.7471571164801805,-1.5244228523345327,0.34156891239138043,-0.21670096683495632,0.3548048411448572,0.7805979101286337,0.6173930045221603,0.059447143458183416,0.8447527707458278,"Downtrend is weak and smooth (R² 69%), drawdown deep (-27.7%), volatility moderate (21%), 31% days above EMA, underperforming benchmark."
QCOM,0.4065300909242185,Up,weak,0.15004809515068573,0.0698237410840652,0.510165103301781,-0.33892796248934365,0.5918719211822661,-0.027769120253031715,0.011601693517347474,0.2947049868125351,0.44271382640906604,-0.0605974041818891,2.0308947926380925,-0.2415039605659396,0.5616336767925535,0.20228804306569684,0.31394394296721373,0.44618973925596606,0.5349118705420326,"Uptrend is weak and choppy (R² 7%), drawdown deep (-33.9%), volatility high (51%), 59% days above EMA, in line with benchmark."
LH,0.4049417152851214,Down,weak,-0.005539019633338804,0.0016305855960350168,0.23332999464495444,-0.15223593304231264,0.5179802955665024,-0.08050287630364536,0.08642557034593797,-0.024049359757890007,-0.036384443032902634,-0.3273221505017905,0.2943264904198766,0.04934574263601496,0.5772031026564288,0.4174852981530631,0.7413273023853029,0.32504744214170667,0.5008152927980175,"Flat trend is weak and choppy (R² 0%), drawdown moderate (-15.2%), volatility moderate (23%), 52% days above EMA, underperforming benchmark."
GRMN,0.4049034370240059,Up,weak,0.06630153705647679,0.04705596304878157,0.30456600591868455,-0.2797474689148092,0.5426108374384236,-0.0627641013591743,0.14124426121990072,0.19620342488352896,0.23700495777020747,-0.23877954820605693,1.2282746921583203,-0.11957607360862524,0.6634552761338205,0.36896197560570626,0.5022669736883547,0.36565032771121764,0.5235279815243907,"Uptrend is weak and choppy (R² 5%), drawdown deep (-28.0%), volatility moderate (30%), 54% days above EMA, underperforming benchmark."
EXR,0.40481161898121976,Up,weak,0.013661853635784427,0.007086862902376367,0.25479458929290616,-0.1670063778026169,0.6066502463054187,-0.21672052665267333,0.06578657865786577,0.048923382106480146,0.08180438265615957,-0.8269896689507873,0.36443037274497614,-0.10656472535033978,0.5703632996258535,0.39874884215828205,0.6702404500048573,0.21566465162616935,0.5035434314511882,"Uptrend is weak and choppy (R² 1%), drawdown moderate (-16.7%), volatility moderate (25%), 61% days above EMA, underperforming benchmark."
PGR,0.40472475162344695,Down,weak,-0.20141024868579605,0.6269358737887333,0.24395717267127026,-0.24647775842963432,0.2512315270935961,-0.22723099670262414,0.10007037297677684,-0.7839946641840126,-0.8171538477509144,-0.7721757882131729,-0.37497584331008815,0.0327934707736498,0.5156325576007225,0.7195107642230965,0.608239105322331,0.21374014422666224,0.8134679368943667,"Downtrend is weak and smooth (R² 63%), drawdown deep (-24.6%), volatility moderate (24%), 25% days above EMA, underperforming benchmark."
SO,0.4038059848290848,Up,weak,0.01515909490383871,0.013817154491147732,0.16772845619741578,-0.15683914961893303,0.5672413793103448,-0.14312951935176177,0.10605365741802339,0.0902928189989913,0.09665376878585652,-0.638307797130965,-0.21038693292203103,0.08382603433832575,0.6111319542108093,0.4891801210481581,0.7968531193273254,0.18190087563794602,0.5069085772455739,"Uptrend is weak and choppy (R² 1%), drawdown moderate (-15.7%), volatility low (17%), 57% days above EMA, underperforming benchmark."
MAS,0.4032967607749755,Up,weak,0.03141542198471692,0.01411963182055087,0.3280680145341165,-0.24698021074273957,0.5376847290640394,-0.037705185684553555,0.13329366260041667,0.11108345238175689,0.12719813417537312,-0.12569938534710168,1.0334403423977796,-0.05142097151928085,0.6438178289652968,0.32899180137615897,0.5819556447931075,0.42150844266683063,0.5070598159102755,"Uptrend is weak and choppy (R² 1%), drawdown deep (-24.7%), volatility moderate (33%), 54% days above EMA, in line with benchmark."
VMRK,0.40187976408166437,Up,weak,0.0174141381787416,0.013670009754774615,0.20501878761205353,-0.15159496634474695,0.5820197044334976,-0.14049086663144625,0.10895498648003821,0.08229990147757613,0.11487279953042473,-0.6224647739777799,0.2065408736815249,0.002284281474363631,0.6147887227699167,0.45181621726533383,0.7610138806716666,0.18827461031141948,0.5068350048773873,"Uptrend is weak and choppy (R² 1%), drawdown moderate (-15.2%), volatility moderate (21%), 58% days above EMA, underperforming benchmark."
PPG,0.39947661778179716,Up,weak,0.07569048753614949,0.08355147328235513,0.2959672728872605,-0.2610215871085437,0.5623152709359607,-0.2133655204235545,0.08110161443494783,0.25550147888774505,0.2899778841076245,-0.7990795454300207,0.9955885822166718,-0.23092352024952859,0.6064579277595579,0.3958084637539171,0.5579909547714423,0.22195484726757944,0.5417757366411775,"Uptrend is weak and choppy (R² 8%), drawdown deep (-26.1%), volatility moderate (30%), 56% days above EMA, underperforming benchmark."
TMO,0.3986836177319558,Down,weak,-0.013865143966589666,0.0016385950167920882,0.3129926094279827,-0.314504652435687,0.5566502463054187,0.011612867854524173,-0.12859027205276177,-0.04928513659137901,-0.04408565615551569,0.039289548273074244,0.8120306486376926,0.0521065913351986,0.2628117323277799,0.3378266880804134,0.5327964515272089,0.5155418226818316,0.500819297508396,"Flat trend is weak and choppy (R² 0%), drawdown deep (-31.5%), volatility moderate (31%), 56% days above EMA, in line with benchmark."
VMC,0.3970363259575935,Up,weak,0.0005099075990870894,0.000009271519716858023,0.26921597832618077,-0.2220237915064928,0.6559113300492612,-0.0987146244042952,-0.02122822852940201,0.0016713404880197803,0.0022966349490170642,-0.39633045368695935,0.8133198862092722,-0.07568663890130756,0.4648258185442398,0.3807886574336777,0.5783931558091301,0.2860988436559786,0.5000046357598584,"Uptrend is weak and choppy (R² 0%), drawdown deep (-22.2%), volatility moderate (27%), 66% days above EMA, underperforming benchmark."
WM,0.3953427522544032,Up,weak,0.022488626294125735,0.02417294100818035,0.19690612338716032,-0.17009700548291853,0.5327586206896552,-0.13716820142841407,0.08652345543009268,0.11291954747904842,0.13221059495009208,-0.5422901622832028,-0.31024723854558134,0.11026891244701732,0.5940571452386247,0.4651803471169299,0.7456983067200775,0.2038286743362902,0.5120864705040902,"Uptrend is weak and choppy (R² 2%), drawdown moderate (-17.0%), volatility low (20%), 53% days above EMA, underperforming benchmark."
ITW,0.3950697652670959,Up,weak,0.035386855364834435,0.04528422020702727,0.20624313734069105,-0.1795393858477971,0.5229064039408867,-0.1389896978404342,0.07003507665628822,0.17751232940550282,0.19709800831575375,-0.6923046497109653,0.5601205659453821,-0.0676357806610898,0.5818896732035077,0.4663989727628226,0.7313422028415495,0.1820440718818064,0.5226421101035137,"Uptrend is weak and choppy (R² 5%), drawdown moderate (-18.0%), volatility moderate (21%), 52% days above EMA, underperforming benchmark."
TECH,0.39423287203674284,Up,weak,0.008426285855895443,0.0005195797407118175,0.4999121459285125,-0.3933875035023816,0.5573891625615763,0.09273948553987715,0.10498606379684115,0.017262735256376265,0.021419810697785497,0.19221736453072324,0.981210436906941,0.12111184071127828,0.6078088695585662,0.1753256804239715,0.2888693931164621,0.6119612219929496,0.5002597898703559,"Uptrend is weak and choppy (R² 0%), drawdown deep (-39.3%), volatility high (50%), 56% days above EMA, outperforming benchmark."
UDR,0.39269128905462614,Down,weak,-0.018401881814259613,0.0120885607377339,0.20586379902291807,-0.1887841430988638,0.5918719211822661,-0.1888851441260377,0.07663451232583064,-0.08877575169734911,-0.0974757811339207,-0.8391591470192066,0.22624472392819253,-0.05121448458871423,0.5459953791050884,0.4501804813459489,0.7095387839585918,0.2373860112773577,0.506044280368867,"Flat trend is weak and choppy (R² 1%), drawdown moderate (-18.9%), volatility moderate (21%), 59% days above EMA, underperforming benchmark."
HBAN,0.3916909922392267,Down,weak,-0.004802452322404838,0.0006426912886239311,0.2654744771078951,-0.22055007784120395,0.5721674876847291,-0.15284475929487182,-0.02923659989171625,-0.01636340156557395,-0.021774883824174404,-0.6260461807373454,0.8274873830137248,-0.1361422674169518,0.44332497806348836,0.38484686853641686,0.5911000329553355,0.29411885339661387,0.500321345644312,"Flat trend is weak and choppy (R² 0%), drawdown deep (-22.1%), volatility moderate (27%), 57% days above EMA, underperforming benchmark."
SYK,0.3910324482589344,Down,weak,-0.21985651832929076,0.7379311923705401,0.24519768565500577,-0.2997298837756796,0.23645320197044334,-0.3447089141317533,-0.09738296887339667,-0.8952564050179224,-0.7335155092304151,-1.3308911241760422,0.26378588428940675,-0.20283473835276028,0.24115277213681618,0.7737679105302643,0.579623201087345,0.08363860947799473,0.86896559618527,"Downtrend is weak and smooth (R² 74%), drawdown deep (-30.0%), volatility moderate (25%), 24% days above EMA, underperforming benchmark."
EMR,0.39095499869372713,Up,weak,0.05669142256493931,0.09080407746969688,0.3125882688841412,-0.23742964932896285,0.5270935960591133,-0.21769553280822138,-0.05888077858880778,0.17018403539938295,0.2387714538818712,-0.869250381167178,1.58658747892351,-0.35463449165027927,0.42095513020888975,0.38281376985070725,0.5388094277146739,0.2095679324592379,0.5454020387348484,"Uptrend is weak and choppy (R² 9%), drawdown deep (-23.7%), volatility moderate (31%), 53% days above EMA, underperforming benchmark."
OMC,0.38955670829599714,Up,weak,0.009463106849976866,0.0035177971146158615,0.35268731735326553,-0.18657799274486103,0.5130541871921183,-0.0570494542311866,0.04772179210559704,0.027865579599858945,0.050719308910763865,-0.16105942001178067,0.4344479440232034,0.04743279191123301,0.5508919329003392,0.2990715812040424,0.5805345892505682,0.3848802312036017,0.5017588985573079,"Uptrend is weak and choppy (R² 0%), drawdown moderate (-18.7%), volatility high (35%), 51% days above EMA, underperforming benchmark."
CBRE,0.3892984849188472,Down,weak,-0.16078987526986666,0.3699153434219553,0.31251233174786436,-0.2737019987180235,0.45812807881773393,-0.2011611544840352,-0.16829356471438905,-0.4819439218812233,-0.5874632849704452,-0.6813586297622849,0.8088715624147532,-0.18120553922320537,0.3020496064090238,0.5224453399631133,0.5110957323152086,0.246860607285545,0.6849576717109777,"Downtrend is weak and choppy (R² 37%), drawdown deep (-27.4%), volatility moderate (31%), 46% days above EMA, underperforming benchmark."
XYL,0.3873361495902758,Down,weak,-0.2430168233764407,0.6588141628354738,0.2495557053707201,-0.3047401111474337,0.3251231527093596,-0.26071571101702185,-0.1396834409823266,-0.958113507503633,-0.7974559780181638,-1.1547707879953117,0.8433259185901447,-0.2451873337200239,0.15532088321909313,0.7298513760470168,0.567803963377403,0.1379560328013728,0.8294070814177368,"Downtrend is weak and smooth (R² 66%), drawdown deep (-30.5%), volatility moderate (25%), 33% days above EMA, underperforming benchmark."
FERG,0.38683839470635656,Up,weak,0.04669825077761813,0.055853691164466035,0.30122622534106647,-0.18626570915619392,0.541871921182266,-0.12787692151172442,0.016432743439979122,0.14989396941681313,0.2507077174277908,-0.48469292236904765,1.1481935991163583,-0.17481438088817566,0.5320766574504812,0.3767006202411666,0.6090595446252031,0.22649831038684787,0.527926845582233,"Uptrend is weak and choppy (R² 6%), drawdown moderate (-18.6%), volatility moderate (30%), 54% days above EMA, underperforming benchmark."
GPN,0.3850190855179557,Down,weak,-0.22482942683904017,0.6384552992037607,0.400909753155945,-0.3059660037773581,0.4039408866995074,-0.2084822454249503,-0.023382894904053927,-0.6076546059501932,-0.7348183264263618,-0.567131689247172,1.272292807100986,-0.2821046454815088,0.36105591113678853,0.5685453347349215,0.45053006779395294,0.25502586391426996,0.8192276496018802,"Downtrend is weak and smooth (R² 64%), drawdown deep (-30.6%), volatility high (40%), 40% days above EMA, underperforming benchmark."
HD,0.3837029319049066,Down,weak,-0.20125087551835608,0.579975428110153,0.2503189544238329,-0.2973643191157716,0.31527093596059114,-0.2767076088912424,-0.06243742351763263,-0.8321937006696691,-0.6767821913428824,-1.169132378160675,0.6951999868233173,-0.229974058040545,0.31170985762343484,0.6896687596312436,0.5851449907802597,0.12280759930572821,0.7899877140550764,"Downtrend is weak and choppy (R² 58%), drawdown deep (-29.7%), volatility moderate (25%), 32% days above EMA, underperforming benchmark."
WTW,0.3825371725882312,Down,weak,-0.22881508841066123,0.6307132260817198,0.2933024230312897,-0.3080901894664647,0.29064039408866993,-0.22247624127477733,-0.11283544455784347,-0.6845032413955872,-0.7426886549257276,-0.683769173979269,-0.15159872394712715,-0.007794777029512399,0.2094669510181009,0.6720541900095702,0.48465331497824266,0.2287611917881523,0.8153566130408598,"Downtrend is weak and smooth (R² 63%), drawdown deep (-30.8%), volatility moderate (29%), 29% days above EMA, underperforming benchmark."
MDT,0.38112419062442704,Down,weak,-0.16490374199560676,0.3589787768974253,0.22287174845733648,-0.29995253915519693,0.42857142857142855,-0.256660500677758,-0.15320701185530453,-0.8132671406625123,-0.549766114532822,-1.080174411925277,0.2719857208108839,-0.12588571828182876,0.31191115667374225,0.6066176399913762,0.6222685911026298,0.15066668044341247,0.6794893884487127,"Downtrend is weak and choppy (R² 36%), drawdown deep (-30.0%), volatility moderate (22%), 43% days above EMA, underperforming benchmark."
CDNS,0.38091506395503444,Up,weak,0.01659287943347021,0.0024587185425186675,0.388528225349344,-0.28848059565578377,0.4834975369458128,-0.018936425712176824,0.18544542032622335,0.04445432671179542,0.05751818210077776,-0.055487940929312585,1.557232217316321,-0.1353141069553278,0.6791298191271511,0.26270113392191535,0.46038276003206013,0.46153485857306153,0.5012293592712593,"Uptrend is weak and choppy (R² 0%), drawdown deep (-28.8%), volatility high (39%), 48% days above EMA, in line with benchmark."
ESS,0.3783773547062239,Up,weak,0.021028325000705284,0.01589013190153521,0.21435703757434707,-0.18104450064939495,0.5081280788177339,-0.14626990813252666,0.15773496789258623,0.08736587221509318,0.11615003452343506,-0.6265096278833713,0.21666594640819026,-0.005803128116000408,0.6621882425238061,0.44358802837642053,0.6877405795939133,0.1781468994739217,0.5079450659507676,"Uptrend is weak and choppy (R² 2%), drawdown moderate (-18.1%), volatility moderate (21%), 51% days above EMA, underperforming benchmark."
OTIS,0.3782185667939834,Down,weak,-0.22526614156409774,0.6444462370801014,0.24605586528419132,-0.3139408330859799,0.3054187192118227,-0.4872854770783017,-0.1877420068591658,-0.7783664486399093,-0.7175433005951266,-1.9003143029269465,0.31933713922120044,-0.3275000701334904,0.24293344013247156,0.7261672532558594,0.5251355216079745,0.01246071213413169,0.8222231185400506,"Downtrend is weak and smooth (R² 64%), drawdown deep (-31.4%), volatility moderate (25%), 31% days above EMA, underperforming benchmark."
DG,0.3780795290430181,Up,weak,0.13802204152611686,0.07745250693546435,0.3570746450276384,-0.3487583205325141,0.47783251231527096,-0.09629550040582599,-0.14277777777777778,0.3938934965896317,0.3957526843097907,-0.2709777660246672,0.5066512531557853,-0.01102982545211742,0.30851238391124913,0.3316516084400938,0.43802679057250116,0.3057957710712163,0.5387262534677322,"Uptrend is weak and choppy (R² 8%), drawdown deep (-34.9%), volatility high (36%), 48% days above EMA, underperforming benchmark."
P,0.3780788325581197,Up,weak,0.032516118922324866,0.0037052816055949123,0.702194765209736,-0.4225937183383992,0.5327586206896552,0.10709222469190649,0.14703196347031958,0.0430966241135319,0.07694416057620389,0.1641077407714019,2.510802534284407,-0.16902411113841942,0.6579248633092984,0.07630394950036345,0.15572821770994352,0.6235029987690467,0.5018526408027975,"Uptrend is weak and choppy (R² 0%), drawdown deep (-42.3%), volatility high (70%), 53% days above EMA, outperforming benchmark."
PEG,0.37801719768132647,Down,weak,-0.055550432092275503,0.26847459770805615,0.1902897479558032,-0.15198579986687377,0.33004926108374383,-0.2037386818819974,0.04468552240733557,-0.26134136499915916,-0.365497514510782,-0.9469128951795933,0.1706653948547843,-0.05469733747257867,0.45219405297369686,0.5939475508982248,0.7594624039359684,0.21151408873108302,0.6342372988540281,"Downtrend is weak and choppy (R² 27%), drawdown moderate (-15.2%), volatility low (19%), 33% days above EMA, underperforming benchmark."
V,0.3777680523053228,Down,weak,-0.08560395906416685,0.3110474455580525,0.21601231393158493,-0.1735093410896074,0.4687192118226601,-0.15559161022508933,0.015671578230133668,-0.42434909593524384,-0.49336801423248694,-0.7002162599386215,0.4020851910489869,-0.05296463606089548,0.37314098638829585,0.5895114088474414,0.7380059507994665,0.28255397296972273,0.6555237227790263,"Downtrend is weak and choppy (R² 31%), drawdown moderate (-17.4%), volatility moderate (22%), 47% days above EMA, underperforming benchmark."
HSY,0.37726632574910923,Up,weak,0.07342162023730192,0.06697108217456627,0.2761507037551713,-0.276747926189267,0.47783251231527096,-0.12175812516790387,-0.051474966170500625,0.27023721287881053,0.2653014288066936,-0.39839902719653514,-0.06358563580730894,0.07672620492636854,0.4388904241056126,0.40733483733211184,0.5707458290434775,0.24747284319587315,0.5334855410872832,"Uptrend is weak and choppy (R² 7%), drawdown deep (-27.7%), volatility moderate (28%), 48% days above EMA, underperforming benchmark."
J,0.37651317339459694,Down,weak,-0.20869170311479412,0.612381127135605,0.32644712204987525,-0.3476648017513987,0.3497536945812808,-0.24917753295101186,-0.085627574246694,-0.580870086816405,-0.6002669872345067,-0.8173290007399217,0.905809232210735,-0.24704008209655148,0.26815010630791636,0.6297434415179273,0.42997708270544044,0.1897706348934149,0.8061905635678024,"Downtrend is weak and smooth (R² 61%), drawdown deep (-34.8%), volatility moderate (33%), 35% days above EMA, underperforming benchmark."
HCA,0.37601823142522633,Up,weak,0.09701623879687205,0.050162697390097266,0.2852805199379208,-0.33718562544714104,0.6108374384236454,-0.14515763765736928,-0.18429293140161157,0.3161025941801931,0.2877235311209339,-0.4827112242915066,0.19234743016196826,0.00027393473215859415,0.3786158422766065,0.38980082875712785,0.4901970111985745,0.19797363026404183,0.5250813486950486,"Uptrend is weak and choppy (R² 5%), drawdown deep (-33.7%), volatility moderate (29%), 61% days above EMA, underperforming benchmark."
TROW,0.37589441142235436,Down,weak,-0.03341380160345597,0.02378765987548681,0.24728668315020932,-0.2271341463414634,0.5869458128078818,-0.07006435653816098,0.04679008934328095,-0.13219022105404601,-0.14711042853602094,-0.32722464656814254,0.9706286371317744,-0.07572233424962163,0.49115610967352674,0.41460714678753413,0.6268787893853509,0.34243976554294414,0.5118938299377433,"Downtrend is weak and choppy (R² 2%), drawdown deep (-22.7%), volatility moderate (25%), 59% days above EMA, underperforming benchmark."
ECL,0.37588810357223795,Down,weak,-0.011990875581422866,0.006045865859183319,0.214907984311222,-0.2030809145451598,0.4433497536945813,-0.1652731093969105,0.0004047987046441953,-0.052864068289389235,-0.05904481771848833,-0.7891967590742878,0.562340824431668,-0.09531586250453003,0.48043999086157513,0.4381149486183697,0.6708646301530299,0.2633473587692937,0.5030229329295917,"Flat trend is weak and choppy (R² 1%), drawdown deep (-20.3%), volatility moderate (21%), 44% days above EMA, underperforming benchmark."
APD,0.3758546517042871,Up,weak,0.05491516485857173,0.053172182239276666,0.26521744992311436,-0.22900100233879056,0.5426108374384236,-0.14978121753846488,0.15596049307097445,0.22266537193854702,0.23980316373169705,-0.5387214531368184,0.26125883405945566,-0.018472775753088713,0.6723603081198195,0.411368641196524,0.6316228223204262,0.18327409115635365,0.5265860911196383,"Uptrend is weak and choppy (R² 5%), drawdown deep (-22.9%), volatility moderate (27%), 54% days above EMA, underperforming benchmark."
AXP,0.37582250161270425,Down,weak,-0.009159616037541674,0.0012728201857523658,0.2675039679920689,-0.2406401829094027,0.5270935960591133,-0.07957722597994978,-0.07454697373230981,-0.03223168649947144,-0.03806353505386973,-0.3393095934961035,1.007733753993447,-0.09387617950099228,0.3606285280331972,0.3831324421008073,0.5853393860162801,0.3250902195563707,0.5006364100928762,"Flat trend is weak and choppy (R² 0%), drawdown deep (-24.1%), volatility moderate (27%), 53% days above EMA, underperforming benchmark."
DRI,0.3745419880219895,Up,weak,0.03238927116393153,0.023872730394513653,0.25822138914836895,-0.20707591377694468,0.4834975369458128,-0.24575555771065816,-0.02869135802469137,0.11728836807468059,0.15641254732706472,-0.912556350132638,0.29756378760526975,-0.1208295212701198,0.46307929472880593,0.4037149760488879,0.6185423116505181,0.1807245655450207,0.5119363651972568,"Uptrend is weak and choppy (R² 2%), drawdown deep (-20.7%), volatility moderate (26%), 48% days above EMA, underperforming benchmark."
AMT,0.37283837308124473,Down,weak,-0.16094206460680782,0.5000011330201337,0.25817780497668746,-0.3023025607919087,0.2955665024630542,-0.44073881190313247,-0.004872893794399181,-0.581032395329367,-0.532387367758995,-1.5088418420450502,-0.10961419840357903,-0.20550253395552037,0.4343601588687982,0.6418227615333794,0.5462798069129309,0.06139476974436872,0.7500005665100669,"Downtrend is weak and choppy (R² 50%), drawdown deep (-30.2%), volatility moderate (26%), 30% days above EMA, underperforming benchmark."
MMM,0.37260859485617326,Down,weak,-0.026912082833648765,0.024175950708555938,0.25991561088694776,-0.19134070213618934,0.5467980295566502,-0.17156006447095412,-0.045630597918179736,-0.10274706060020464,-0.14065006835029656,-0.7126275420167129,0.7878296755256863,-0.1473181692781333,0.3792164365482055,0.40217236446733023,0.6510633727068825,0.2676689034146642,0.512087975354278,"Downtrend is weak and choppy (R² 2%), drawdown moderate (-19.1%), volatility moderate (26%), 55% days above EMA, underperforming benchmark."
DLTR,0.3723677262216172,Up,weak,0.04221475728519586,0.01111759082530539,0.4034826939216553,-0.3853126549111253,0.5623152709359607,-0.03877666961610665,-0.03973862168528241,0.11846023893628117,0.10955974777141163,-0.09869613730716441,0.7269486101927671,0.009307936711275416,0.4479771385845454,0.25294677497141116,0.4046532587970284,0.4230998279257869,0.5055587954126527,"Uptrend is weak and choppy (R² 1%), drawdown deep (-38.5%), volatility high (40%), 56% days above EMA, in line with benchmark."
TEL,0.371408954568807,Up,weak,0.0017989120521306745,0.00005111412984803998,0.34808481685570825,-0.21349397590361444,0.4876847290640394,-0.07102001838350937,-0.1309038284436258,0.004665044970129712,0.00842605532318544,-0.24392561584008166,1.625184471554333,-0.2091499296994639,0.2826477611788268,0.3019407402092158,0.5042643603087285,0.3512609674114467,0.500025557064924,"Uptrend is weak and choppy (R² 0%), drawdown deep (-21.3%), volatility moderate (35%), 49% days above EMA, underperforming benchmark."
FAST,0.36973036837743156,Down,weak,-0.013628425212544482,0.00435900761956598,0.2533618782798511,-0.22306013097836877,0.5426108374384236,-0.09967340675112661,0.12559808612440193,-0.050808673879833594,-0.06109753972065091,-0.4003537385367548,0.5540178844753735,-0.02430260960274612,0.6029067581455154,0.3988176255299319,0.6144746140642309,0.2839995604422798,0.5021795038097829,"Flat trend is weak and choppy (R² 0%), drawdown deep (-22.3%), volatility moderate (25%), 54% days above EMA, underperforming benchmark."
CCI,0.36935754745736443,Down,weak,-0.19291716522270475,0.6041359772514585,0.2933267064687186,-0.342287771047318,0.3054187192118227,-0.43579625878419603,-0.05537150970184563,-0.5924813858416904,-0.5636110359199359,-1.3873706910923134,0.07732342219622412,-0.23945980308437104,0.3290165214733284,0.6587412821570107,0.46767535119664344,0.07657866361346083,0.8020679886257291,"Downtrend is weak and smooth (R² 60%), drawdown deep (-34.2%), volatility moderate (29%), 31% days above EMA, underperforming benchmark."
ALLE,0.368809630154254,Down,weak,-0.23943853542459537,0.6202734679453693,0.2602861657712051,-0.3010513433832119,0.270935960591133,-0.2707965957179781,-0.16990320813295182,-0.892503879865792,-0.7953411957368719,-1.0870640759854746,0.663775936204129,-0.21819996482945112,0.24840419515162931,0.6998505682014795,0.5559341876506498,0.138001833077304,0.8101367339726846,"Downtrend is weak and smooth (R² 62%), drawdown deep (-30.1%), volatility moderate (26%), 27% days above EMA, underperforming benchmark."
AZO,0.36753504080729454,Down,weak,-0.23836753014530054,0.6739182775365298,0.28641434842516117,-0.3259471723764163,0.2955665024630542,-0.3686823286113686,-0.07091451694181328,-0.7450772924036404,-0.7313072495994062,-1.2116919264376582,0.14442326106241088,-0.19892560475265197,0.27291292174525605,0.7005447903431037,0.48561639587168537,0.09853850919529272,0.8369591387682649,"Downtrend is weak and smooth (R² 67%), drawdown deep (-32.6%), volatility moderate (29%), 30% days above EMA, underperforming benchmark."
PRU,0.3674104336568228,Down,weak,-0.028306888240620998,0.02162158321548513,0.2321493380515618,-0.22506738544474392,0.5475369458128079,-0.09124297913671889,-0.021479110512129355,-0.10884350331871497,-0.1257707249972502,-0.42593336396711,0.7406038941219277,-0.052785251101798436,0.4171063120766707,0.4286614535561808,0.6211298437365088,0.29483876924147434,0.5108107916077426,"Downtrend is weak and choppy (R² 2%), drawdown deep (-22.5%), volatility moderate (23%), 55% days above EMA, underperforming benchmark."
NVR,0.36736109139662126,Down,weak,-0.2443787719326339,0.6754492716170992,0.27819267970684686,-0.348751024230364,0.32019704433497537,-0.3535897191401608,-0.12830271962391582,-0.8810746415115541,-0.700725603521703,-1.2865781403362817,0.5395955237600231,-0.26615374569102496,0.17336408849097862,0.7095319561017028,0.5110722947877242,0.08917773245796479,0.8377246358085495,"Downtrend is weak and smooth (R² 68%), drawdown deep (-34.9%), volatility moderate (28%), 32% days above EMA, underperforming benchmark."
MLM,0.3667271542052511,Down,weak,-0.02248738323578614,0.01578324424049682,0.27039498108357335,-0.24778636087613512,0.5665024630541872,-0.17043120918279878,-0.10775571609910516,-0.07663091088845704,-0.09075311149602484,-0.6896061161286071,0.8637544122598406,-0.16152277535815368,0.283145239607406,0.3874966410366751,0.5707096755772194,0.2714891758162872,0.5078916221202484,"Downtrend is weak and choppy (R² 2%), drawdown deep (-24.8%), volatility moderate (27%), 57% days above EMA, underperforming benchmark."
FOXA,0.3662119210602832,Up,weak,0.016020550353490037,0.0022274742262821112,0.35404693031855267,-0.35895414531599,0.6305418719211823,-0.16919152627981218,-0.26146122341128286,0.03776260625406301,0.04463118914363568,-0.46072000460145013,0.1664498869634875,-0.01926413704066588,0.28704676281999797,0.2970668067945884,0.3626015652758473,0.30113507498117553,0.5011137371131411,"Uptrend is weak and choppy (R² 0%), drawdown deep (-35.9%), volatility high (35%), 63% days above EMA, underperforming benchmark."
ICE,0.36294577910368303,Down,weak,-0.1992995117942692,0.5501168219442802,0.23973269600331779,-0.3477845582382595,0.2857142857142857,-0.45435137937123987,-0.15008025682182988,-0.756258079455769,-0.5730545162897471,-1.805930882998449,0.3005671083651005,-0.2989258421928511,0.29164881021058303,0.6853257149688223,0.525627852283075,0.024258639625193867,0.7750584109721401,"Downtrend is weak and choppy (R² 55%), drawdown deep (-34.8%), volatility moderate (24%), 29% days above EMA, underperforming benchmark."
CRH,0.3628842838715735,Up,weak,0.003602156990399452,0.00017034623926537318,0.3211723869380686,-0.2499619424569949,0.5517241379310345,-0.10791525698667084,-0.17601283594063385,0.01257854116218092,0.014410821723467727,-0.3917241364098007,1.3396568322168347,-0.19212437771078472,0.35423600458135457,0.3289127861815641,0.5761553505942066,0.27135558006596794,0.5000851731196327,"Uptrend is weak and choppy (R² 0%), drawdown deep (-25.0%), volatility moderate (32%), 55% days above EMA, underperforming benchmark."
FOX,0.36133250843526904,Up,weak,0.004951244298943669,0.00024515036128236467,0.3377774322051767,-0.3448937426210154,0.6157635467980296,-0.19076529312012758,-0.2565507031828275,0.012568207356907163,0.014355854244605176,-0.5395385075027956,0.12456021305479367,-0.03252914626545704,0.2874388296824852,0.3123451429754645,0.3973797717495143,0.27326866680684403,0.5001225751806412,"Uptrend is weak and choppy (R² 0%), drawdown deep (-34.5%), volatility moderate (34%), 62% days above EMA, underperforming benchmark."
AON,0.358849044029276,Down,weak,-0.12648957178171694,0.5661459019170483,0.25185144754343336,-0.17853811922082768,0.3251231527093596,-0.15111298114038907,0.043696905986305636,-0.4809140434095658,-0.7084737552615659,-0.5214120392051613,-0.16896490209757506,0.06713756476206025,0.33309176896974696,0.6812215034150908,0.66917373591823,0.30864415584713,0.7830729509585241,"Downtrend is weak and choppy (R² 57%), drawdown moderate (-17.9%), volatility moderate (25%), 33% days above EMA, underperforming benchmark."
TDG,0.3585058215231349,Down,weak,-0.1536598218472195,0.39908803436928897,0.30350866277392397,-0.3010494623125188,0.374384236453202,-0.40610824503639564,-0.10339620449826492,-0.4267704947850878,-0.5104138724144459,-1.4166770999304634,0.7925487248949248,-0.3605971825884349,0.27516153798198795,0.5460353544107206,0.46416031358365745,0.07291536250869207,0.6995440171846445,"Downtrend is weak and choppy (R² 40%), drawdown deep (-30.1%), volatility moderate (30%), 37% days above EMA, underperforming benchmark."
AOS,0.35826668548935037,Down,weak,-0.17214220271111458,0.399439896971878,0.2601595574561676,-0.3068224182925314,0.3694581280788177,-0.3322095846589007,-0.15440340909090913,-0.678450000417323,-0.5610483212702871,-1.3616731883450235,0.7421298861644909,-0.28881688147909174,0.30609858860619965,0.5895603910297714,0.5661545362618414,0.07979085145687206,0.699719948485939,"Downtrend is weak and choppy (R² 40%), drawdown deep (-30.7%), volatility moderate (26%), 37% days above EMA, underperforming benchmark."
MSFT,0.35772386920105065,Down,weak,-0.3075353886946608,0.7712103467168292,0.27377941508152254,-0.349106203995794,0.28078817733990147,-0.43596888505875064,-0.1822174813327477,-1.0378854481572397,-0.8809221525560913,-1.6987174911194882,0.7697444745563067,-0.3796037504485221,0.1953240478744443,0.7618257582768921,0.4918607790824478,0.03766031361006397,0.8856051733584145,"Downtrend is weak and smooth (R² 77%), drawdown deep (-34.9%), volatility moderate (27%), 28% days above EMA, underperforming benchmark."
SOLV,0.35712844102564395,Down,weak,-0.00019953546543582945,6.923182199747302e-7,0.28045487924421786,-0.2745530531692593,0.5820197044334976,-0.1355383050026463,-0.09735338696513926,-0.0007298441635343143,-0.0007267646931349831,-0.5114295848866623,0.7476036194904496,-0.1019158531789433,0.3375743841530925,0.36954546691489215,0.5706905932920228,0.2104000240597611,0.50000034615911,"Flat trend is weak and choppy (R² 0%), drawdown deep (-27.5%), volatility moderate (28%), 58% days above EMA, underperforming benchmark."
BA,0.35517066296825145,Up,weak,0.0056275890162762465,0.0005712229149348325,0.320123457506463,-0.24961332540154668,0.527832512315271,-0.23466232951206842,-0.05220336001407338,0.018504125154626763,0.022545226731078102,-0.8199148998182495,1.127335199045535,-0.2780912884407061,0.41496664789702037,0.33016215395100446,0.5586638195309359,0.20156759238014169,0.5002856114574674,"Uptrend is weak and choppy (R² 0%), drawdown deep (-25.0%), volatility moderate (32%), 53% days above EMA, underperforming benchmark."
BXP,0.35496446900318934,Down,weak,-0.2071443561418822,0.38407607099709684,0.285558143046768,-0.3536044596477892,0.43842364532019706,-0.2375704444595873,-0.00014914243102149001,-0.6638042502363396,-0.5858080985409804,-0.8877423461864388,0.7947386190695013,-0.21360860684722902,0.4115006810179975,0.5564798924517804,0.47274026805643704,0.19066088560293976,0.6920380354985485,"Downtrend is weak and choppy (R² 38%), drawdown deep (-35.4%), volatility moderate (29%), 44% days above EMA, underperforming benchmark."
EQT,0.35492376481178434,Up,weak,0.06816332018779492,0.07349125373358156,0.32275662130515365,-0.28087737376711325,0.4729064039408867,-0.29033270881322965,-0.047509578544061376,0.2040286722549337,0.24267999687405178,-0.8536021476470358,0.10815551091910727,-0.12364365239513803,0.4437312639870491,0.36398900556163716,0.5052550031985765,0.15087191968507377,0.5367456268667907,"Uptrend is weak and choppy (R² 7%), drawdown deep (-28.1%), volatility moderate (32%), 47% days above EMA, underperforming benchmark."
WFC,0.3530975680024015,Down,weak,-0.010882030182016056,0.0025797492753719675,0.27020921498507944,-0.2383027284988069,0.5320197044334976,-0.1232491233113645,-0.08294979079497901,-0.036534358066807604,-0.045664731791228895,-0.486638814549987,0.7632862517593508,-0.09206091486629936,0.3437700180733032,0.38108065965260657,0.5734155186569565,0.23396035786782973,0.5012898746376859,"Flat trend is weak and choppy (R² 0%), drawdown deep (-23.8%), volatility moderate (27%), 53% days above EMA, underperforming benchmark."
SCHW,0.3529385236724769,Down,weak,-0.031850436831784235,0.047870025657618,0.25512244490147756,-0.20389889002891523,0.3990147783251231,-0.07619577443089082,0.010262482731399172,-0.10699413931268638,-0.15620701430629402,-0.30155894468293637,0.5231284544939865,0.007886738006561006,0.45723150540647844,0.41881256792733146,0.5993918935599163,0.3354391674871997,0.5239350128288089,"Downtrend is weak and choppy (R² 5%), drawdown deep (-20.4%), volatility moderate (26%), 40% days above EMA, underperforming benchmark."
SPGI,0.35287723371465224,Down,weak,-0.25889133390083474,0.6669145541481198,0.3035377552752002,-0.3073464111067394,0.2660098522167488,-0.3134756185579359,-0.14544460925911476,-0.7382866765115002,-0.8423437676352873,-1.0154193749024323,0.37615816152925574,-0.19846430307888951,0.1351719885395188,0.6799195217988597,0.46882514225563165,0.12307257813719596,0.8334572770740598,"Downtrend is weak and smooth (R² 67%), drawdown deep (-30.7%), volatility moderate (30%), 27% days above EMA, underperforming benchmark."
TMUS,0.3528173509554241,Down,weak,-0.2604469034339787,0.7302300708064939,0.26004796936019303,-0.35241882552797194,0.1724137931034483,-0.37309672222559453,-0.04800161689656915,-0.9765528814646368,-0.739026648317647,-1.203144692469821,-0.42325141756043555,-0.08781185711327116,0.29638011708361656,0.755067066043054,0.5189856249054035,0.09960691344127237,0.8651150354032469,"Downtrend is weak and smooth (R² 73%), drawdown deep (-35.2%), volatility moderate (26%), 17% days above EMA, underperforming benchmark."
COF,0.35207804582048147,Down,weak,-0.16799121260215288,0.35811516770930496,0.32562245801183676,-0.3172830890904862,0.4088669950738916,-0.26279276721861894,-0.20596057571964954,-0.4407936241490877,-0.529467905408105,-0.9435265209166213,1.3769582407189311,-0.3550168741830163,0.26580876289366095,0.5034351258428158,0.4309268789447902,0.16262722425787554,0.6790575838546524,"Downtrend is weak and choppy (R² 36%), drawdown deep (-31.7%), volatility moderate (33%), 41% days above EMA, underperforming benchmark."
SYY,0.3500547166293852,Down,weak,-0.012798603054157476,0.004090778784513138,0.27748530511918684,-0.23979815708644142,0.4588669950738916,-0.10078258128267117,0.1237377137471388,-0.042528162894830135,-0.05337239956161919,-0.347931797294858,0.26133007194165864,0.03366906403073444,0.6024280396619666,0.37456008427306975,0.5692072034815712,0.28870552750249523,0.5020453893922565,"Flat trend is weak and choppy (R² 0%), drawdown deep (-24.0%), volatility moderate (28%), 46% days above EMA, underperforming benchmark."
WYNN,0.3497591360310224,Down,poor,-0.1817895563408034,0.4217615557680785,0.34116763891468327,-0.2891855407229639,0.3990147783251231,-0.3184349923770061,-0.1787435528874609,-0.546397705589735,-0.6286260228859628,-0.9993450283552467,0.9426631051212346,-0.3173719628907826,0.27935907837233587,0.519713138969356,0.5004052813101514,0.12508187145559416,0.7108807778840391,"Downtrend is poor and choppy (R² 42%), drawdown deep (-28.9%), volatility moderate (34%), 40% days above EMA, underperforming benchmark."
UBER,0.3495527134241679,Down,poor,-0.29581875434617044,0.7843763010599343,0.3363551595572566,-0.31458541458541456,0.23645320197044334,-0.4338260209539042,-0.15218632263957071,-0.8610045636928626,-0.9403447859654387,-1.382110449286283,0.93549379671221,-0.41144734594926646,0.2257049489557551,0.7058329909727106,0.4704869711397948,0.07723619383921462,0.8921881505299671,"Downtrend is poor and smooth (R² 78%), drawdown deep (-31.5%), volatility moderate (34%), 24% days above EMA, underperforming benchmark."
AIG,0.34924233426959267,Down,poor,-0.058053548911574326,0.18146236979090025,0.24123895764629835,-0.169765561843169,0.3793103448275862,-0.2066815807099889,0.025673940949935813,-0.22499140201920628,-0.34196304763627344,-0.7851281142671104,0.1328077844816753,-0.04993312681378002,0.42901478201216453,0.4994922272491518,0.6873260242974216,0.2292798658237705,0.5907311848954502,"Downtrend is poor and choppy (R² 18%), drawdown moderate (-17.0%), volatility moderate (24%), 38% days above EMA, underperforming benchmark."
RMD,0.3477936279331827,Down,poor,-0.30574753545076083,0.7904722661483067,0.26770651778582355,-0.37759166581554493,0.20689655172413793,-0.4315434498844436,-0.2089112067591264,-1.0397445279709407,-0.8097306247223152,-1.621608135236142,0.5088570360869199,-0.3233959229155086,0.1736337179801246,0.7775296152883298,0.47274600100430236,0.04729898309548225,0.8952361330741534,"Downtrend is poor and smooth (R² 79%), drawdown deep (-37.8%), volatility moderate (27%), 21% days above EMA, underperforming benchmark."
META,0.3458644086728999,Down,poor,-0.22345302094486819,0.6203546390452802,0.3841385045584934,-0.33453164556962023,0.27586206896551724,-0.2719386282508566,0.01651549391697377,-0.5834710168751537,-0.6679577968308078,-0.8001421245647792,1.480833627926622,-0.38446095985174367,0.4174192349886364,0.5760388149641467,0.4161293366572256,0.17291347983993738,0.81017731952264,"Downtrend is poor and smooth (R² 62%), drawdown deep (-33.5%), volatility high (38%), 28% days above EMA, underperforming benchmark."
PHM,0.3457053158016659,Down,poor,-0.007547758284826012,0.0012732078130901492,0.34659156539638797,-0.22762345679012347,0.4884236453201971,-0.10372538625554426,0.0047905164014290635,-0.02499792457312086,-0.03315896521062546,-0.31730863310469626,0.8911166323542078,-0.09688089699716673,0.49222349885719374,0.30404503851015713,0.5773470102208036,0.28763365274643177,0.5006366039065451,"Flat trend is poor and choppy (R² 0%), drawdown deep (-22.8%), volatility moderate (35%), 49% days above EMA, underperforming benchmark."
WRB,0.3453355706768729,Down,poor,-0.08320026069574915,0.263539207194581,0.2164963961859203,-0.19016059138414473,0.45320197044334976,-0.11388998847060025,0.051252847380410145,-0.34484222490252386,-0.43752630390003217,-0.4347481720659247,-0.20268045243976987,0.11328885594079302,0.41272441332198784,0.5652732074113702,0.6734885993743842,0.25602964768821,0.6317696035972905,"Downtrend is poor and choppy (R² 26%), drawdown moderate (-19.0%), volatility moderate (22%), 45% days above EMA, underperforming benchmark."
PG,0.3449267195802128,Down,poor,-0.05899418885148211,0.1957098953092289,0.19458849507800674,-0.1615430622009569,0.31527093596059114,-0.24027979056767507,0.04832897618879392,-0.29710649426724406,-0.36519172069484673,-1.0150546456689027,-0.08652114670658127,-0.03798818008024259,0.45010365175107625,0.5532664525766078,0.7591229720504096,0.1724845441673785,0.5978549476546144,"Downtrend is poor and choppy (R² 20%), drawdown moderate (-16.2%), volatility low (19%), 32% days above EMA, underperforming benchmark."
KMB,0.34405646139049967,Down,poor,-0.25771245012790944,0.6159725211156277,0.27134280068011557,-0.3196607443152739,0.24137931034482757,-0.34406313711699044,0.11439263679579247,-0.8315571409630174,-0.8062061254344502,-1.1512434087101655,-0.01682127143703859,-0.1455435988147626,0.49251385746073273,0.6866434598776983,0.5003389381464927,0.10609457391122931,0.8079862605578139,"Downtrend is poor and smooth (R² 62%), drawdown deep (-32.0%), volatility moderate (27%), 24% days above EMA, underperforming benchmark."
BKNG,0.3436362715696829,Down,poor,-0.29825262514392537,0.7452052235487245,0.33778518534845636,-0.33282832655181377,0.27586206896551724,-0.44640137969041555,-0.19283746556473827,-0.8338828190991905,-0.8961155086584682,-1.4107196611399384,0.9148521263684732,-0.41703079149110317,0.19014272053273318,0.6848174264259059,0.4427114446286398,0.0736600423575077,0.8726026117743622,"Downtrend is poor and smooth (R² 75%), drawdown deep (-33.3%), volatility moderate (34%), 28% days above EMA, underperforming benchmark."
GPC,0.34358999138593865,Down,poor,-0.2635940214568,0.5307370690248537,0.32886179025075746,-0.3804770199651614,0.3251231527093596,-0.19164858171356167,-0.025329440542886515,-0.816677618080093,-0.6927987963134702,-0.5950209965104861,0.6128394177248387,-0.13214044728518734,0.33203645722732195,0.5865067442616694,0.44187837371635463,0.2655958097053652,0.7653685345124268,"Downtrend is poor and choppy (R² 53%), drawdown deep (-38.0%), volatility moderate (33%), 33% days above EMA, underperforming benchmark."
AWK,0.343020475807083,Down,poor,-0.1055730499751335,0.46555736315863994,0.22192148663759795,-0.17598639455782317,0.35467980295566504,-0.2620569846226344,0.017482787963177773,-0.46536319391964126,-0.5998932487956947,-0.9327738695915964,-0.45490643345590304,0.016073576372257814,0.3417036597545805,0.6608571949417221,0.7091587840500273,0.16458568414115077,0.73277868157932,"Downtrend is poor and choppy (R² 47%), drawdown moderate (-17.6%), volatility moderate (22%), 35% days above EMA, underperforming benchmark."
ROL,0.3395217579446885,Down,poor,-0.16872182929344537,0.32087070579468446,0.25424415366674336,-0.3637195121951219,0.38916256157635476,-0.3905909081707497,-0.25394452748712837,-0.5898954261373318,-0.4638789606726747,-1.40763529434875,0.09139333834351879,-0.20626608630957466,0.22525630306810665,0.5561911992305989,0.4911904683978582,0.07404558820640625,0.6604353528973422,"Downtrend is poor and choppy (R² 32%), drawdown deep (-36.4%), volatility moderate (25%), 39% days above EMA, underperforming benchmark."
GIS,0.3387870792705833,Down,poor,-0.3761919063518677,0.8245689037511167,0.25852866383200257,-0.3763086467623109,0.18226600985221675,-0.5265104785915997,-0.16666666666666666,-1.3878433308750944,-0.9996897748392242,-1.7415141742798432,-0.29691849284812616,-0.23135415172366725,0.18530904470545767,0.8037557880435557,0.4967062862293959,0.032310728215019596,0.9122844518755584,"Downtrend is poor and very smooth (R² 82%), drawdown deep (-37.6%), volatility moderate (26%), 18% days above EMA, underperforming benchmark."
RSG,0.3387176866694333,Down,poor,-0.10668116245900783,0.4653846219563278,0.19115904892584182,-0.19625218487053372,0.33004926108374383,-0.2602182847964733,0.05437553101104494,-0.5440404531509168,-0.5435922281802095,-1.050605318608973,-0.29691394278503475,-0.014165469284995139,0.37675139551679687,0.6915332620523221,0.7095312264063903,0.15139206736882319,0.7326923109781638,"Downtrend is poor and choppy (R² 47%), drawdown moderate (-19.6%), volatility low (19%), 33% days above EMA, underperforming benchmark."
ADP,0.3376883283861952,Down,poor,-0.3504555986746649,0.7678416023556078,0.25401202573453374,-0.3928410625844215,0.22660098522167488,-0.37034961840270325,-0.05503067715587008,-1.3913468187784788,-0.8921053119271412,-1.3432487138730682,0.11874054105575524,-0.1951211535448491,0.24147129697946357,0.7799087754432702,0.503486930471774,0.08209391076586647,0.8839208011778039,"Downtrend is poor and smooth (R² 77%), drawdown deep (-39.3%), volatility moderate (25%), 23% days above EMA, underperforming benchmark."
CI,0.33762318903795935,Down,poor,-0.043588925253474686,0.07406214984528614,0.3427534923278328,-0.21411575562700966,0.5130541871921183,-0.17937712922984586,0.0725229826353421,-0.10862457168799308,-0.2035764492240671,-0.5125347377626381,0.31146991536196417,-0.0589080883837778,0.4999474220883067,0.3442775825948103,0.48845278884884236,0.28615325487274895,0.537031074922643,"Downtrend is poor and choppy (R² 7%), drawdown deep (-21.4%), volatility moderate (34%), 51% days above EMA, underperforming benchmark."
HRL,0.33637882491771526,Down,poor,-0.1805574169249513,0.36943454292713473,0.30664561149946146,-0.35299901671583095,0.39408866995073893,-0.4044400870152737,0.06952339309138608,-0.5517591305211288,-0.5114955237121879,-1.2150186713556634,-0.056169390978628664,-0.18764365727362234,0.4989527108362935,0.528071659964106,0.45801117415147424,0.09812266608054207,0.6847172714635674,"Downtrend is poor and choppy (R² 37%), drawdown deep (-35.3%), volatility moderate (31%), 39% days above EMA, underperforming benchmark."
ABT,0.3359698547803406,Down,poor,-0.3800634772110718,0.8292428369962199,0.2551626260945652,-0.3956960913482653,0.17733990147783252,-0.5433946298062022,-0.2700110952607387,-1.3304897064659045,-0.9604933824745954,-1.9665038736271987,0.12644517666200722,-0.32887012375014113,0.09771947059157417,0.8094587924035448,0.46757109749448905,0.004187015796600163,0.9146214184981099,"Downtrend is poor and very smooth (R² 83%), drawdown deep (-39.6%), volatility moderate (26%), 18% days above EMA, underperforming benchmark."
NOC,0.33596837565181054,Up,poor,0.027432148088959885,0.005857421052109402,0.27349600994794926,-0.3541574438165673,0.45320197044334976,-0.1318807754332729,-0.08288901301646934,0.10581237816577359,0.07745749402677563,-0.4437722887239277,0.051955877955309177,0.04260607054462959,0.3711795629373801,0.37943270057810546,0.5251291854204723,0.22494697281310966,0.5029287105260547,"Uptrend is poor and choppy (R² 1%), drawdown deep (-35.4%), volatility moderate (27%), 45% days above EMA, underperforming benchmark."
AJG,0.33490663556840367,Down,poor,-0.35149743999905625,0.7670882310276714,0.29687060963235923,-0.3912492073557387,0.2660098522167488,-0.3595512141195696,-0.012512285476676502,-1.0744627318685316,-0.8983978328663076,-1.0881887115463689,-0.19031865735384787,-0.12359331335406323,0.31191540228164977,0.7366735058814765,0.42942523332370397,0.11397641105670389,0.8835441155138357,"Downtrend is poor and smooth (R² 77%), drawdown deep (-39.1%), volatility moderate (30%), 27% days above EMA, underperforming benchmark."
T,0.3344347465596727,Down,poor,-0.15166649797769172,0.3086449999510569,0.23569420250040884,-0.3085752869682647,0.24630541871921183,-0.40777403914760335,-0.1083988415390981,-0.6065299866103568,-0.491505653183723,-1.4195649369511434,-0.3701854884146532,-0.12682538930385973,0.2681577076822367,0.5686282974751196,0.5685124760036614,0.07255438288110708,0.6543224999755284,"Downtrend is poor and choppy (R² 31%), drawdown deep (-30.9%), volatility moderate (24%), 25% days above EMA, underperforming benchmark."
CLX,0.33433400644280636,Down,poor,-0.25752758792240726,0.6112843664951546,0.29682158956594906,-0.3447462527581222,0.24137931034482757,-0.46958011333002175,-0.08824940047961634,-0.7775125967713081,-0.747006199087221,-1.499966287967181,0.16333714447678288,-0.2827372005428727,0.23130890223303796,0.6588205936816283,0.46022048326485954,0.06250421400410239,0.8056421832475773,"Downtrend is poor and smooth (R² 61%), drawdown deep (-34.5%), volatility moderate (30%), 24% days above EMA, underperforming benchmark."
CME,0.33404899230382423,Up,poor,0.009766267378441329,0.0015657215499172983,0.23022974323583714,-0.3304539606689946,0.4482758620689655,-0.2988203924632902,-0.08078307830783076,0.03765047251775863,0.029554093885483475,-1.0790034576949739,-0.2656466805350951,-0.055681532576881035,0.3687678741892396,0.42055311753912156,0.5427665730397432,0.11560954008128099,0.5007828607749587,"Uptrend is poor and choppy (R² 0%), drawdown deep (-33.0%), volatility moderate (23%), 45% days above EMA, underperforming benchmark."
MKC,0.33310052785167815,Down,poor,-0.35340207901941356,0.7255285668821541,0.2940528321688328,-0.37371240214256285,0.29064039408866993,-0.47505248487132634,-0.19931476240131082,-1.0903568134488817,-0.9456525311798419,-1.4198353018056462,-0.3308411327338591,-0.18692391711654455,0.16568247692340193,0.7187114512722442,0.4455997074987065,0.07252058727429422,0.8627642834410769,"Downtrend is poor and smooth (R² 73%), drawdown deep (-37.4%), volatility moderate (29%), 29% days above EMA, underperforming benchmark."
DPZ,0.331343399473726,Down,poor,-0.34939278059353673,0.8486305099719866,0.28037079863334335,-0.41707000597285443,0.12315270935960591,-0.5882549094139249,-0.23791135815829595,-1.2059160260046078,-0.8377317370942217,-1.9616122341384112,0.12068083918771867,-0.35838697953448995,0.1347974344389881,0.79394445635265,0.45600023435309506,0.004798470732698595,0.9243152549859932,"Downtrend is poor and very smooth (R² 85%), drawdown deep (-41.7%), volatility moderate (28%), 12% days above EMA, underperforming benchmark."
APP,0.3304434964366753,Down,poor,-0.03577102544553268,0.002927215503515268,0.7452772481922272,-0.49985005452562703,0.5615763546798029,0.09537739896660552,-0.2817056753118258,-0.04332027341169726,-0.07156351214061679,0.13516463427806047,2.186634015953653,-0.11912884855970135,0.20521700374781357,0.06514429570370084,0.11860397020873303,0.6088938623944116,0.5014636077517576,"Downtrend is poor and choppy (R² 0%), drawdown deep (-50.0%), volatility high (75%), 56% days above EMA, outperforming benchmark."
CPRT,0.3292502397464466,Down,poor,-0.4031111974501491,0.9289839694410846,0.2644679733613619,-0.4506704022413448,0.06403940886699508,-0.7309458015977996,-0.296875,-1.312186276153343,-0.8944700948749534,-2.6295361649548683,0.2497360282762151,-0.4733757982713856,0.06756712385420008,0.8500240113591804,0.4301266278384973,0,0.9644919847205422,"Downtrend is poor and very smooth (R² 93%), drawdown deep (-45.1%), volatility moderate (26%), 6% days above EMA, underperforming benchmark."
PAYX,0.329182355966524,Down,poor,-0.3786122470390688,0.7956748135835461,0.26678924404884613,-0.42178525576052445,0.2019704433497537,-0.4410198583489881,-0.030634573304157548,-1.38787858013548,-0.8976422050514544,-1.5373981161201238,0.12920013242708828,-0.2540093425552232,0.2726583326904896,0.7810481627429269,0.47175442792728073,0.05782523548498453,0.8978374067917729,"Downtrend is poor and smooth (R² 80%), drawdown deep (-42.2%), volatility moderate (27%), 20% days above EMA, underperforming benchmark."
RDDT,0.32905409634323873,Down,poor,-0.27996873820599544,0.2161964350234411,0.6743293795996537,-0.5499242732074914,0.48275862068965514,0.1387374180655055,-0.20878125615278592,-0.42479870771515643,-0.5091041655118226,0.2172814881412015,1.8787526794505074,0.001992102945216956,0.18898844020543681,0.18951587261180713,0.14775340091776692,0.6604655668796257,0.6080982175117206,"Downtrend is poor and choppy (R² 22%), drawdown deep (-55.0%), volatility high (67%), 48% days above EMA, outperforming benchmark."
CMCSA,0.3270575688813956,Down,poor,-0.18919281032140645,0.3685962759805035,0.297316685131513,-0.33452593917710194,0.3251231527093596,-0.49674526095598565,-0.15030131159163423,-0.5609986478104098,-0.5655549784474129,-1.5740881013841252,0.12237605297091024,-0.29464116959734227,0.2981851859572502,0.5369814528587388,0.4618626466194127,0.053238987326984344,0.6842981379902517,"Downtrend is poor and choppy (R² 37%), drawdown deep (-33.5%), volatility moderate (30%), 33% days above EMA, underperforming benchmark."
MAA,0.32669200974117374,Down,poor,-0.09461024966609632,0.34014437331032754,0.19654320668808475,-0.21298955613577022,0.4088669950738916,-0.2870027944413686,-0.01912804966074784,-0.4829147057709757,-0.444201356078638,-1.2961738100813134,0.16005706306349493,-0.13113033237749383,0.3106257316208044,0.623528979967079,0.6943428016608225,0.09833094038129306,0.6700721866551638,"Downtrend is poor and choppy (R² 34%), drawdown deep (-21.3%), volatility low (20%), 41% days above EMA, underperforming benchmark."
PNR,0.3266137975221734,Down,poor,-0.34847006850433626,0.7445675864365257,0.28219213304885693,-0.37116973088196115,0.19704433497536947,-0.5193181163760436,-0.25742286046962937,-1.0862283163502149,-0.9388429053099596,-2.092730025255531,1.053234025121561,-0.499223305696712,0.11881443855890685,0.7400916601694059,0.45081531423956256,0,0.8722837932182628,"Downtrend is poor and smooth (R² 74%), drawdown deep (-37.1%), volatility moderate (28%), 20% days above EMA, underperforming benchmark."
RJF,0.3255393945010726,Down,poor,-0.09943700639842046,0.3358332385389501,0.25630061360786477,-0.20143966445615835,0.4630541871921182,-0.13067415316019293,-0.00831452666587484,-0.33920910350804445,-0.4936317118422429,-0.5539379895079128,0.8023379171355095,-0.1078466933491371,0.3205936974479483,0.5616160056616103,0.6057765672164575,0.21318528629978967,0.667916619269475,"Downtrend is poor and choppy (R² 34%), drawdown deep (-20.1%), volatility moderate (26%), 46% days above EMA, underperforming benchmark."
EFX,0.3241677887250689,Down,poor,-0.39286411126318155,0.9001308353201519,0.38181204004052005,-0.4225170093884221,0.2019704433497537,-0.5879044621342222,-0.20831995596936195,-0.9008659074501721,-0.9298184511715586,-1.5771716944110143,0.6802678745000358,-0.4713026394524791,0.14494335949241696,0.7182533776195559,0.3172986706538174,0.05285353819862321,0.950065417660076,"Downtrend is poor and very smooth (R² 90%), drawdown deep (-42.3%), volatility high (38%), 20% days above EMA, underperforming benchmark."
KDP,0.32393139695228235,Down,poor,-0.028620071968243566,0.009926224314697696,0.29449652855444647,-0.28125000000000006,0.5327586206896552,-0.2526522291694245,0.13183629119884102,-0.0873772938670061,-0.10176025588708822,-0.79971306375689,0.0627348966944469,-0.07982812958918281,0.5841838713717155,0.3604665836029024,0.5115166273639675,0.1890712556739193,0.5049631121573488,"Downtrend is poor and choppy (R² 1%), drawdown deep (-28.1%), volatility moderate (29%), 53% days above EMA, underperforming benchmark."
SYF,0.3236606429283152,Down,poor,-0.007308289101564336,0.0011028232176780728,0.31734615393448473,-0.27907765344184465,0.4975369458128079,-0.14726447241542595,-0.16550780804741833,-0.0201701159933791,-0.0261872959423004,-0.5356647088516964,1.2726294686263155,-0.22035781085596706,0.34963267892630107,0.3332052576743543,0.4783592327302105,0.18784656482185375,0.500551411608839,"Flat trend is poor and choppy (R² 0%), drawdown deep (-27.9%), volatility moderate (32%), 50% days above EMA, underperforming benchmark."
SJM,0.3230653259514953,Down,poor,-0.04427969879319482,0.05288298550043524,0.28082778153196275,-0.2281896551724138,0.5130541871921183,-0.1298097608623689,0.12993252913514627,-0.17304734788617943,-0.19404779221800525,-0.40778495914190027,-0.23335961654190712,0.10248962351240945,0.556206830644477,0.3956137112182549,0.6229757740997859,0.23289362827141824,0.5264414927502177,"Downtrend is poor and choppy (R² 5%), drawdown deep (-22.8%), volatility moderate (28%), 51% days above EMA, underperforming benchmark."
TRMB,0.32254559316028103,Down,poor,-0.3877339746194831,0.8114082327057879,0.2979268883268773,-0.42667761614265604,0.1921182266009852,-0.6085211972064128,-0.3423468746069677,-1.0816386489399625,-0.9087281824735974,-2.408006936056062,1.2683734703255458,-0.6038680713003677,0.07060911850247316,0.7577772280260167,0.3848615499483919,0,0.9057041163528938,"Downtrend is poor and very smooth (R² 81%), drawdown deep (-42.7%), volatility moderate (30%), 19% days above EMA, underperforming benchmark."
APO,0.32051848077032,Down,poor,-0.15538079479886435,0.25837915231604014,0.3625659923946724,-0.3572572893303429,0.4482758620689655,-0.39738714574223966,-0.18715370408372667,-0.3984080665892446,-0.4349268704639063,-1.2037423258116122,1.180507909903376,-0.43201116768138564,0.2898984285488434,0.4166235837633477,0.39205289445888186,0.09953220927354847,0.6291895761580201,"Downtrend is poor and choppy (R² 26%), drawdown deep (-35.7%), volatility high (36%), 45% days above EMA, underperforming benchmark."
VRSN,0.3204463624504536,Down,poor,-0.01976548539675993,0.005092280381891134,0.2925916572086608,-0.3088110334008759,0.43349753694581283,-0.22359687746335244,0.09379678711609278,-0.060038169011729266,-0.06400511399831307,-0.7130290502992161,0.07430658726273053,-0.05455468501995415,0.5608872539304874,0.3599544829822848,0.4891763987308091,0.2241679760306987,0.5025461401909456,"Flat trend is poor and choppy (R² 1%), drawdown deep (-30.9%), volatility moderate (29%), 43% days above EMA, underperforming benchmark."
BLK,0.32030709308341926,Down,poor,-0.1198580269028715,0.43999871714757366,0.2681806346000203,-0.2325730298771817,0.45320197044334976,-0.24915247758502196,-0.05180527979998541,-0.42656180887073064,-0.5153565181920136,-1.1321144539033188,1.227754831578001,-0.3121148172940873,0.21418059433974324,0.6018187239737666,0.5945839217149403,0.15044337447859182,0.7199993585737867,"Downtrend is poor and choppy (R² 44%), drawdown deep (-23.3%), volatility moderate (27%), 45% days above EMA, underperforming benchmark."
MCD,0.3202936976343056,Down,poor,-0.07100740376811243,0.17189349250045094,0.17615083019963027,-0.2243593502609511,0.4039408866995074,-0.2788649458175554,-0.11742424242424236,-0.39356152906503633,-0.3164896122471567,-1.3012415080020734,0.019088220161406155,-0.09523256071992095,0.18626130908972927,0.5597959160505952,0.7013078633328812,0.10449258174208209,0.5859467462502255,"Downtrend is poor and choppy (R² 17%), drawdown deep (-22.4%), volatility low (18%), 40% days above EMA, underperforming benchmark."
GEHC,0.3199098384146546,Down,poor,-0.15504006038457585,0.2653183759871558,0.33076556627268455,-0.3252041742286751,0.35960591133004927,-0.32349950101222513,-0.25918784029038106,-0.4055387512831835,-0.47674683374622284,-1.0662008380351684,1.023324199726567,-0.33811072477559867,0.2299765132017889,0.45189362172089337,0.42379046853693786,0.11672489524560395,0.6326591879935779,"Downtrend is poor and choppy (R² 27%), drawdown deep (-32.5%), volatility moderate (33%), 36% days above EMA, underperforming benchmark."
CARR,0.31832381900904927,Up,poor,0.021637486557430252,0.0036374411395135864,0.365537651048135,-0.3761922457574632,0.5426108374384236,-0.29384456111542523,0.2738581507612328,0.0571374823100249,0.05751709877449273,-0.8949724393007665,1.2862761719435576,-0.36502430992416485,0.739614228252959,0.2862810695216218,0.3891641813528572,0.14276823655602414,0.5018187205697568,"Uptrend is poor and choppy (R² 0%), drawdown deep (-37.6%), volatility high (37%), 54% days above EMA, underperforming benchmark."
JKHY,0.31796563839545083,Down,poor,-0.1641950861446011,0.25759368966461516,0.2631461419964154,-0.35919003115264797,0.3251231527093596,-0.3338056609710145,-0.19717709720372842,-0.5518926434550262,-0.4571259553548738,-1.1718795443467755,0.10495651110182444,-0.16135765870785887,0.27566739154872705,0.5156507028358922,0.48309474822390336,0.10351505695665306,0.6287968448323076,"Downtrend is poor and choppy (R² 26%), drawdown deep (-35.9%), volatility moderate (26%), 33% days above EMA, underperforming benchmark."
BX,0.3178045025361146,Down,poor,-0.39143488816724525,0.7736172112596114,0.35338055286520065,-0.4587661649353403,0.30049261083743845,-0.46667219392963677,-0.21416613007083066,-1.1088736701964232,-0.853233996065109,-1.5033154125514159,1.3740054533566977,-0.52534397905647,0.14054059385482925,0.683428052764605,0.382306219928708,0.062085573431073016,0.8868086056298057,"Downtrend is poor and smooth (R² 77%), drawdown deep (-45.9%), volatility high (35%), 30% days above EMA, underperforming benchmark."
NDAQ,0.3172416987936412,Down,poor,-0.0772965054033612,0.17331766008715965,0.2745949938205493,-0.23895820954644492,0.41379310344827586,-0.18566411036725636,-0.10557449368357731,-0.24701789567243443,-0.3234729016009702,-0.7100393714339789,0.7042262425325362,-0.144642266955552,0.1955197865202474,0.46206383622303054,0.5578626970354001,0.2562155464140936,0.5866588300435798,"Downtrend is poor and choppy (R² 17%), drawdown deep (-23.9%), volatility moderate (27%), 41% days above EMA, underperforming benchmark."
AMP,0.31686144287964024,Down,poor,-0.10348646910531911,0.31643082141766044,0.2622233621732541,-0.2109990834097159,0.4039408866995074,-0.2177179114830178,0.02931654319025958,-0.3520115261327885,-0.4904593301212125,-0.9154849282175701,0.8702566418682565,-0.20981213827986753,0.3570115721299032,0.5459920485355761,0.597764663058156,0.20376992788448386,0.6582154107088303,"Downtrend is poor and choppy (R² 32%), drawdown deep (-21.1%), volatility moderate (26%), 40% days above EMA, underperforming benchmark."
IQV,0.3166753659769507,Down,poor,-0.1009575492632051,0.0634521064890956,0.42391940374810916,-0.35871300503499937,0.5960591133004927,0.05942510238488613,-0.1465520786216538,-0.25253295492658184,-0.28144379447116713,0.1481481956572779,1.0521545372599195,0.06336269279371945,0.08789646957170993,0.26378650043346596,0.381185545025718,0.5742399219506139,0.5317260532445478,"Downtrend is poor and choppy (R² 6%), drawdown deep (-35.9%), volatility high (42%), 60% days above EMA, outperforming benchmark."
ROP,0.3163094985241272,Down,poor,-0.4523398612593844,0.8975378268572763,0.2619043514053408,-0.44039089103291723,0.07881773399014778,-0.6009725393805054,-0.17004626326328642,-1.4298986668363065,-1.0271326461781292,-2.1781356821319062,0.24352310194205135,-0.39167584056881055,0.15697751665326204,0.8368645620232974,0.423558279061676,0,0.9487689134286381,"Downtrend is poor and very smooth (R² 90%), drawdown deep (-44.0%), volatility moderate (26%), 8% days above EMA, underperforming benchmark."
VST,0.3162834711269796,Down,poor,-0.2856000913431378,0.7293963530152712,0.49252376790042585,-0.3818373715124816,0.3054187192118227,-0.4011399532557202,0.04993359893758307,-0.5700494254937775,-0.747962647584384,-0.8834829120362608,1.595652002589129,-0.5189881401389503,0.40950953819439645,0.5453053505823162,0.2878649599068289,0.1395646359954674,0.8646981765076356,"Downtrend is poor and smooth (R² 73%), drawdown deep (-38.2%), volatility high (49%), 31% days above EMA, underperforming benchmark."
ADSK,0.31613615618244956,Down,poor,-0.354214425556317,0.7692646876441764,0.34026903096693956,-0.425563817742281,0.21674876847290642,-0.46198273728667205,-0.23269939981198925,-0.941828358022642,-0.832341498004953,-1.3783619526834843,0.5802904953778661,-0.3613014849133728,0.13753416859562279,0.6943633128551487,0.3675167113943415,0.07770475591456447,0.8846323438220882,"Downtrend is poor and smooth (R² 77%), drawdown deep (-42.6%), volatility moderate (34%), 22% days above EMA, underperforming benchmark."
MSI,0.3158189125682556,Down,poor,-0.05745926986559813,0.045887216557778054,0.24433295646371342,-0.25794411584744037,0.4088669950738916,-0.17855712869777432,0.09471313729084296,-0.20921251229930293,-0.22275859899662181,-0.6856410237821757,0.2270676074834348,-0.04101474995326156,0.49904345296462205,0.4286106518151756,0.5818964378791913,0.2651996695645865,0.522943608278889,"Downtrend is poor and choppy (R² 5%), drawdown deep (-25.8%), volatility moderate (24%), 41% days above EMA, underperforming benchmark."
VRSK,0.3156921018530563,Down,poor,-0.41266966528172266,0.8716713268151748,0.33019556365689184,-0.4868136902035207,0.1625615763546798,-0.6224403127386496,-0.1306708548350909,-1.145390529105912,-0.8476952755975271,-1.712094162521951,-0.26235072748548627,-0.3034078227098197,0.09468868883019656,0.7556400997506956,0.3680092738655542,0.03598822968475612,0.9358356634075873,"Downtrend is poor and very smooth (R² 87%), drawdown deep (-48.7%), volatility moderate (33%), 16% days above EMA, underperforming benchmark."
SHW,0.31524817837571156,Down,poor,-0.09705235492314301,0.29550799691671126,0.2516899966637952,-0.21914559070436804,0.3990147783251231,-0.23369459979946092,-0.03536345776031419,-0.41309446758233176,-0.44286702101192926,-0.982094930305996,0.6976292110414931,-0.19028024103568741,0.27952767188204375,0.5460640017945604,0.65070095049979,0.18210314287920062,0.6477539984583556,"Downtrend is poor and choppy (R² 30%), drawdown deep (-21.9%), volatility moderate (25%), 40% days above EMA, underperforming benchmark."
ERIE,0.3148026538242743,Down,poor,-0.4046167996829624,0.9020759364759123,0.3224578100981248,-0.4383130962705984,0.07881773399014778,-0.51430973325066,-0.1338309503784694,-1.1755212021992738,-0.923122770288312,-1.4479322684440223,-0.23081608419435218,-0.2359868687188158,0.09212483972605606,0.7785801581398314,0.39621968268041435,0.06900846644449721,0.9510379682379562,"Downtrend is poor and very smooth (R² 90%), drawdown deep (-43.8%), volatility moderate (32%), 8% days above EMA, underperforming benchmark."
DECK,0.3129519185670863,Up,poor,0.026884783731328632,0.006535163190974025,0.4565536021114741,-0.3580824792187878,0.5073891625615764,-0.12546930487648192,0.0040983606557376834,0.06370871620906188,0.07507986369504015,-0.29014073612095476,1.128234042011872,-0.16821956801999427,0.5131047632057328,0.21085238001188142,0.36494160764167105,0.2548260153655383,0.503267581595487,"Uptrend is poor and choppy (R² 1%), drawdown deep (-35.8%), volatility high (46%), 51% days above EMA, underperforming benchmark."
KKR,0.31176238983326837,Down,poor,-0.40976598561063093,0.7846145820447211,0.3749781516002352,-0.4487381703470032,0.2955665024630542,-0.5587564432472685,-0.2748428614187369,-1.0377422930355447,-0.9131516164398593,-1.7045011551206006,1.5172636620696642,-0.6207601767634187,0.08373460553579334,0.6673291394221255,0.34295250505924346,0.03693735560992492,0.8923072910223606,"Downtrend is poor and smooth (R² 78%), drawdown deep (-44.9%), volatility high (37%), 30% days above EMA, underperforming benchmark."
ORLY,0.3116612099817494,Down,poor,-0.13989606322037562,0.5792956881042259,0.24217173002204237,-0.21869782971619364,0.2660098522167488,-0.2319529654795024,-0.04747353486849279,-0.5588418173472104,-0.6396774188473664,-0.8583471240217823,0.028656048685151626,-0.05334806505712027,0.1880296191820341,0.6974761140300706,0.6356444963694022,0.19902588332189272,0.7896478440521129,"Downtrend is poor and choppy (R² 58%), drawdown deep (-21.9%), volatility moderate (24%), 27% days above EMA, underperforming benchmark."
A,0.3113125750420266,Down,poor,-0.04245359225329581,0.017660094895339373,0.32773076038921045,-0.29872773536895675,0.5024630541871922,-0.09974464668847245,-0.08040614709110867,-0.14769804923720214,-0.14211466572014697,-0.33117662878076315,1.0031932374828552,-0.11520489377275711,0.2954385339915665,0.33109928705845926,0.5385191749739835,0.292528084666098,0.5088300474476697,"Downtrend is poor and choppy (R² 2%), drawdown deep (-29.9%), volatility moderate (33%), 50% days above EMA, underperforming benchmark."
MCO,0.309593022269524,Down,poor,-0.13161284397667927,0.4161213731052579,0.2760267128104621,-0.2360593762161561,0.4088669950738916,-0.1910811236941832,-0.06673946194250416,-0.42707931103995733,-0.5575412681602756,-0.7092482889366841,0.5953809216259883,-0.12804509625915184,0.16974341064455958,0.5820339737421669,0.5647859064133408,0.2517912255982715,0.7080606865526289,"Downtrend is poor and choppy (R² 42%), drawdown deep (-23.6%), volatility moderate (28%), 41% days above EMA, underperforming benchmark."
ULTA,0.309086503429008,Down,poor,-0.02154741626084733,0.0029901431624628216,0.346733986154135,-0.36228459862482676,0.4433497536945813,-0.19081290374664373,-0.2800626654093025,-0.059013507903803275,-0.0594764898718792,-0.5564245361931791,0.5531393199961265,-0.11923646601203923,0.23027122630892158,0.30476108542709646,0.41315970081987696,0.27111815834740516,0.5014950715812314,"Downtrend is poor and choppy (R² 0%), drawdown deep (-36.2%), volatility moderate (35%), 44% days above EMA, underperforming benchmark."
BRO,0.30823657204791727,Down,poor,-0.4434188909093656,0.9009184706859067,0.30431045184562017,-0.4963882200407483,0.08374384236453201,-0.6167690098006837,-0.14120858667328465,-1.2972493082355296,-0.8932905194103227,-1.8185260082067374,-0.23537805181516422,-0.305187045374972,0.06684237473434358,0.7961487834973332,0.384088238985084,0.022684248974157828,0.9504592353429533,"Downtrend is poor and very smooth (R² 90%), drawdown deep (-49.6%), volatility moderate (30%), 8% days above EMA, underperforming benchmark."
PTC,0.3081207280051713,Down,poor,-0.4472020339585788,0.9155864410029722,0.3158514023743757,-0.4812266198679167,0.07881773399014778,-0.617085804151903,-0.2774096906147375,-1.2459668141988667,-0.9292961268047127,-1.9518787483389528,0.46892090436082184,-0.4478040465133511,0.06905022696057028,0.7919418181271104,0.3707736459990451,0.006015156457630899,0.9577932205014861,"Downtrend is poor and very smooth (R² 92%), drawdown deep (-48.1%), volatility moderate (32%), 8% days above EMA, underperforming benchmark."
AVY,0.308112290229569,Down,poor,-0.0517431840086493,0.062379287047479526,0.23815446247747532,-0.22506963788300835,0.45812807881773393,-0.3181720884753925,-0.14396301472959896,-0.2439072897413967,-0.2298985527116968,-1.3329422050344428,0.4774866651840057,-0.22308148765660438,0.17414917910081665,0.4430351810462645,0.6690549362362045,0.08338222437069465,0.5311896435237398,"Downtrend is poor and choppy (R² 6%), drawdown deep (-22.5%), volatility moderate (24%), 46% days above EMA, underperforming benchmark."
WY,0.3078238836163949,Down,poor,-0.03869567169693433,0.04363644621067919,0.2646956630369714,-0.20424897502795367,0.4088669950738916,-0.3002105320951036,-0.02417674030846179,-0.1592671997450165,-0.18945344372787384,-1.1052167259718293,0.36426717264106606,-0.18429397174083467,0.3953174340110155,0.4071225600683682,0.653852560190897,0.11184790925352134,0.5218182231053397,"Downtrend is poor and choppy (R² 4%), drawdown deep (-20.4%), volatility moderate (26%), 41% days above EMA, underperforming benchmark."
ADBE,0.3059067527836231,Down,poor,-0.44604316187465665,0.8552864305066996,0.35643910301322346,-0.48129374849143136,0.19704433497536947,-0.6380633035792163,-0.3198147711184521,-1.1608565515613596,-0.9267586858809942,-1.7831791562688981,0.4366439133745201,-0.4547618454447673,0.05107554077199002,0.7212041122401264,0.3454403182914303,0.027102605466387736,0.9276432152533498,"Downtrend is poor and very smooth (R² 86%), drawdown deep (-48.1%), volatility high (36%), 20% days above EMA, underperforming benchmark."
IBM,0.30430607478553257,Down,poor,-0.058836249947284314,0.028611472302804142,0.4096066515624517,-0.3185599085656233,0.6115763546798029,-0.16028053956267635,-0.0412592494714588,-0.13553813560054037,-0.1846944589236158,-0.41008318061223115,0.9346049334616708,-0.16547122743202708,0.3333409934677927,0.2571007474795633,0.3855097981500817,0.31490535188863633,0.5143057361514021,"Downtrend is poor and choppy (R² 3%), drawdown deep (-31.9%), volatility high (41%), 61% days above EMA, underperforming benchmark."
NFLX,0.3041518301854918,Down,poor,-0.38866207344514225,0.7530659662202024,0.34486989843307747,-0.4435724376079108,0.21674876847290642,-0.7060455994389687,-0.18446923671711038,-1.0800119678439764,-0.8762088003959665,-1.994885574485427,0.26908010800217014,-0.46267767504265506,0.1662663927370902,0.6816630846770237,0.3792385881929788,0.0006393031893216217,0.8765329831101012,"Downtrend is poor and smooth (R² 75%), drawdown deep (-44.4%), volatility moderate (34%), 22% days above EMA, underperforming benchmark."
LEN,0.3023148443971195,Down,poor,-0.3643962689947461,0.7234867687746683,0.37641072003932197,-0.42205056179775285,0.24630541871921183,-0.5023611916480457,-0.24381560931081692,-1.0039379024931598,-0.8633948203802302,-1.4005295286284503,0.8779434374075171,-0.4515239315514943,0.12484121611222795,0.6353326643480122,0.3815204189760387,0.07493380892144372,0.8617433843873341,"Downtrend is poor and smooth (R² 72%), drawdown deep (-42.2%), volatility high (38%), 25% days above EMA, underperforming benchmark."
BR,0.30084687444756114,Down,poor,-0.49523437049130214,0.9153901697101017,0.2639814902372986,-0.49252501030387047,0.029556650246305417,-0.6262311945438008,-0.3224171190166435,-1.712391071389279,-1.0055009596076352,-2.183114695804005,0.08241454224804848,-0.37556497053923826,0.03459648588541378,0.8437135946177523,0.43766239803007423,0,0.9576950848550507,"Downtrend is poor and very smooth (R² 92%), drawdown deep (-49.3%), volatility moderate (26%), 3% days above EMA, underperforming benchmark."
HPQ,0.30059895011094384,Down,poor,-0.2512904581406048,0.33534253261977554,0.3992889048856746,-0.37989778534923346,0.38916256157635476,-0.20932774080576155,0.1580177653108929,-0.7020691251367192,-0.661468605060695,-0.5447338710518072,0.8334783190875423,-0.19420257564755725,0.5377236592682416,0.4183823614242132,0.4071482902002709,0.2571196025457132,0.6676712663098878,"Downtrend is poor and choppy (R² 34%), drawdown deep (-38.0%), volatility high (40%), 39% days above EMA, underperforming benchmark."
CRM,0.29899819365733077,Down,poor,-0.40307293055019,0.7825129831026603,0.39275587388547334,-0.44451433857539313,0.22660098522167488,-0.5937063051824307,-0.34280121291214055,-0.9806861311722704,-0.9067714932255794,-1.5117636029719932,0.46198724292413595,-0.4310352903755094,0.06547056826568634,0.6485006176658568,0.33061305592439316,0.06102954962850085,0.8912564915513301,"Downtrend is poor and smooth (R² 78%), drawdown deep (-44.5%), volatility high (39%), 23% days above EMA, underperforming benchmark."
INVH,0.2960782340774507,Down,poor,-0.09113100289793752,0.17603929373300464,0.21415812952869714,-0.251840490797546,0.40960591133004925,-0.25518139699898884,0.13025525525525522,-0.4160251095598489,-0.36186001150703573,-1.0718991538925113,0.14514859430032237,-0.09885815235440222,0.4785221354301893,0.5238615173378052,0.6420679429440433,0.1529361392692804,0.5880196468665023,"Downtrend is poor and choppy (R² 18%), drawdown deep (-25.2%), volatility moderate (21%), 41% days above EMA, underperforming benchmark."
COO,0.2947031809984583,Down,poor,-0.06871244611787786,0.04953489969598357,0.3109891574953828,-0.3005218216318785,0.5566502463054187,-0.2306646605626063,-0.14206664260796348,-0.220914512626108,-0.22864378282002612,-0.7540112959102522,0.5750441953413268,-0.16259652086633977,0.14905281727147418,0.363778292352609,0.5135722726920556,0.21314359644144226,0.5247674498479917,"Downtrend is poor and choppy (R² 5%), drawdown deep (-30.1%), volatility moderate (31%), 56% days above EMA, underperforming benchmark."
CDW,0.29366862264050175,Down,poor,-0.31975056378837863,0.667794511642509,0.4254271763724307,-0.45493467998682624,0.270935960591133,-0.3894088627194401,0.08926280842073502,-0.6632672521832481,-0.7028493932307772,-0.9449707566645973,0.8093061433060588,-0.3504655546906826,0.43264636955162816,0.5648268735419315,0.2747032917982529,0.13187865541692534,0.8338972558212545,"Downtrend is poor and smooth (R² 67%), drawdown deep (-45.5%), volatility high (43%), 27% days above EMA, underperforming benchmark."
FIS,0.2934517796354683,Down,poor,-0.5111949617243602,0.909759260982395,0.3192252598448772,-0.539663168171833,0.09852216748768473,-0.8124307868673373,-0.3791827065442701,-1.3929774122514489,-0.9472481945656733,-2.559600977002101,0.5111624941798139,-0.5715713648742561,0.029249687822339332,0.7856543706463204,0.3481041282886118,0,0.9548796304911975,"Downtrend is poor and very smooth (R² 91%), drawdown deep (-54.0%), volatility moderate (32%), 10% days above EMA, underperforming benchmark."
GEN,0.2924319338852963,Down,poor,-0.2999581148775958,0.5169270876860088,0.34153491628469507,-0.44371890547263676,0.29064039408866993,-0.27574182194999725,-0.014318010550113,-0.9834135203672641,-0.6760093184627528,-0.8580632838540628,0.8954851788748773,-0.26958889857581353,0.32618836604046064,0.5669286275583094,0.43405299588933643,0.16249766818999445,0.7584635438430043,"Downtrend is poor and choppy (R² 52%), drawdown deep (-44.4%), volatility moderate (34%), 29% days above EMA, underperforming benchmark."
RCL,0.2921710102224287,Down,poor,-0.16123972709449386,0.26365308965054257,0.4636192482192643,-0.32563415700852827,0.3497536945812808,-0.34290205678505903,-0.051654454046594064,-0.3812042576544395,-0.49515606279064583,-0.8203309613605929,1.7229942656362622,-0.496346416294523,0.35627091549458245,0.334112108660823,0.38854341513700635,0.14745862982992589,0.6318265448252713,"Downtrend is poor and choppy (R² 26%), drawdown deep (-32.6%), volatility high (46%), 35% days above EMA, underperforming benchmark."
CEG,0.2917567269533358,Down,poor,-0.24571021065922916,0.45480835343577464,0.4715408507636044,-0.41453150142344347,0.4039408866995074,-0.4052551434596153,-0.20143238047994055,-0.5032102085454832,-0.5927419504078568,-0.927528382470249,1.4428612414893471,-0.4914069569911301,0.21790667221086224,0.423748538645184,0.28015305572235316,0.13405895219121888,0.7274041767178874,"Downtrend is poor and choppy (R² 45%), drawdown deep (-41.5%), volatility high (47%), 40% days above EMA, underperforming benchmark."
MDLZ,0.291630613461019,Down,poor,-0.06387859640915361,0.1034684841924054,0.2333923283542426,-0.2719434628975265,0.41379310344827586,-0.2987918003053156,0.108723837747731,-0.2659697998189291,-0.23489660581848323,-1.1002547003631258,-0.12582957362299138,-0.08392736918070601,0.5023659747264902,0.4683419137419601,0.6058700356910306,0.11297700919967077,0.5517342420962027,"Downtrend is poor and choppy (R² 10%), drawdown deep (-27.2%), volatility moderate (23%), 41% days above EMA, underperforming benchmark."
COR,0.29143107301500815,Down,poor,-0.038896340628973736,0.012823528791050975,0.3164369298542364,-0.32557705136757836,0.5221674876847291,-0.1471018377008661,-0.08819324477274085,-0.0993597102019745,-0.11946892591351453,-0.42603861594858095,-0.13123523009821436,0.06367681706062014,0.2883958403061452,0.33997483454128913,0.4143472630424339,0.20182061323448533,0.5064117643955255,"Downtrend is poor and choppy (R² 1%), drawdown deep (-32.6%), volatility moderate (32%), 52% days above EMA, underperforming benchmark."
ZBRA,0.2910343900116772,Down,poor,-0.31616971977390007,0.6077057864273967,0.4347812120922084,-0.416158893836419,0.3251231527093596,-0.38765100657797846,0.04740025133521832,-0.6896974785782618,-0.7597331799381848,-1.006316391828418,1.7430678513064026,-0.537838321759259,0.39198339521096176,0.527766984144542,0.3021467971597065,0.12421045102144776,0.8038528932136983,"Downtrend is poor and smooth (R² 61%), drawdown deep (-41.6%), volatility high (43%), 33% days above EMA, underperforming benchmark."
ARES,0.29097332524048575,Down,poor,-0.42006760841293744,0.6846025428760389,0.42986792542538405,-0.4993774642041917,0.3842364532019704,-0.5704279357023364,-0.314651493598862,-0.8915784706970483,-0.8411825493213986,-1.4998756938912547,1.7283736665426117,-0.6714392316811061,0.05977735118166595,0.5699003273689814,0.2717927874197037,0.06251553826359316,0.8423012714380194,"Downtrend is poor and smooth (R² 68%), drawdown deep (-49.9%), volatility high (43%), 38% days above EMA, underperforming benchmark."
UHS,0.2897153078432264,Down,poor,-0.17272069857256522,0.14501792505724787,0.3237160956113819,-0.4218609222704563,0.43842364532019706,-0.361350952227292,-0.276451643459316,-0.4840261637402266,-0.40942568854915995,-1.0949480406778445,0.3428460399028062,-0.23291336264020635,0.2038036131607153,0.39879286691724203,0.3876931118701241,0.11313149491526944,0.5725089625286239,"Downtrend is poor and choppy (R² 15%), drawdown deep (-42.2%), volatility moderate (32%), 44% days above EMA, underperforming benchmark."
IR,0.2894325275278757,Down,poor,-0.03293833047744488,0.017076861206069882,0.3416550623637844,-0.30599432968813284,0.4876847290640394,-0.30842311808721934,-0.06886334004978074,-0.0963104710000802,-0.10764359754971728,-1.0468093203671467,1.4207844155248945,-0.40522756898388546,0.3305002185721693,0.31688336823925056,0.4785027015482827,0.11914883495410666,0.5085384306030349,"Downtrend is poor and choppy (R² 2%), drawdown deep (-30.6%), volatility moderate (34%), 49% days above EMA, underperforming benchmark."
VEEV,0.28922721327309425,Down,poor,-0.5210729049113999,0.8463997634998845,0.3827483475284637,-0.5054862517144537,0.24137931034482757,-0.5211881577604394,-0.1839028031182617,-1.312760491382233,-1.0308349695843972,-1.3812135791768565,0.5936763109058545,-0.4076382651005679,0.1223817362509325,0.6904515342214785,0.32669928789905633,0.07734830260289294,0.9231998817499423,"Downtrend is poor and very smooth (R² 85%), drawdown deep (-50.5%), volatility high (38%), 24% days above EMA, underperforming benchmark."
NKE,0.2889034092222792,Down,poor,-0.48499943988016136,0.8743399582413118,0.36113354441622625,-0.48573952549217564,0.11822660098522167,-0.6900826200500727,-0.32945142506895503,-1.2405838462659997,-0.998476373502312,-2.0015910746931342,0.834074565105395,-0.5673612803826844,0.03802518764014594,0.7260364347044297,0.33762061186109077,0,0.9371699791206558,"Downtrend is poor and very smooth (R² 87%), drawdown deep (-48.6%), volatility high (36%), 12% days above EMA, underperforming benchmark."
IP,0.28706971564237377,Down,poor,-0.33329863352445954,0.6369154014197167,0.43384755485079707,-0.4723419540229885,0.30049261083743845,-0.5316042187155721,-0.12072243346007601,-0.7223783201956248,-0.7056299587316315,-1.3084579875649403,1.1880509316865369,-0.5352336399681552,0.1378421060582795,0.5430720345717606,0.28587149199215867,0.08644275155438247,0.8184577007098583,"Downtrend is poor and smooth (R² 64%), drawdown deep (-47.2%), volatility high (43%), 30% days above EMA, underperforming benchmark."
DASH,0.28578745980402787,Down,poor,-0.4374459140151108,0.7397083457464502,0.4670124320024652,-0.47966209980833396,0.33004926108374383,-0.4211369472632094,-0.15408299866131192,-0.8842691568424547,-0.9119876558725566,-0.9721236711359439,1.4113678182676963,-0.4976992373247178,0.17529631492274242,0.5695948488713761,0.2590612034878681,0.128484541108007,0.869854172873225,"Downtrend is poor and smooth (R² 74%), drawdown deep (-48.0%), volatility high (47%), 33% days above EMA, underperforming benchmark."
CMG,0.285602556442933,Down,poor,-0.28891738635547504,0.5457617577932175,0.4077468593055771,-0.4967857142857143,0.32019704433497537,-0.6079088324901478,-0.06508422664624801,-0.6211070124052053,-0.5815734592346011,-1.5508396012227312,0.8584232945945994,-0.5205736757119626,0.24900470070760616,0.5170707344174259,0.2769296488375305,0.056145049847158596,0.7728808788966086,"Downtrend is poor and choppy (R² 55%), drawdown deep (-49.7%), volatility high (41%), 32% days above EMA, underperforming benchmark."
LDOS,0.2843700566800947,Down,poor,-0.35948752465558054,0.5087067592582388,0.31466866875440636,-0.4988724630418442,0.3497536945812808,-0.6024337712646419,-0.45405183895092716,-1.0240446295404124,-0.7206000557008648,-1.8631755704115855,0.29946903696102545,-0.4039522382276612,0.08007167924038053,0.5896847108747131,0.37423514830097226,0.017103053698551807,0.7543533796291193,"Downtrend is poor and choppy (R² 51%), drawdown deep (-49.9%), volatility moderate (31%), 35% days above EMA, underperforming benchmark."
DHI,0.2838724352069957,Down,poor,-0.06156410376050181,0.0669586993471385,0.38635627179978993,-0.2798848076505107,0.43842364532019706,-0.09915182441678812,0.02021932830705955,-0.19128476752571125,-0.21996229190609115,-0.26618416407377227,0.7965210531412474,-0.07276767010203591,0.417715095545824,0.29712307787377934,0.5182410923238601,0.30163919183682625,0.5334793496735692,"Downtrend is poor and choppy (R² 7%), drawdown deep (-28.0%), volatility high (39%), 44% days above EMA, underperforming benchmark."
ZBH,0.28201621095447627,Down,poor,-0.14618215779328314,0.4547904855582221,0.3264043769530547,-0.2611642373038715,0.3448275862068966,-0.18033747491625216,0,-0.3848675600609792,-0.5597326774231969,-0.5398194112736913,0.31242411616606136,-0.06006866170470691,0.25660670727418355,0.5509908658260564,0.4743022460819425,0.28194078203571804,0.727395242779111,"Downtrend is poor and choppy (R² 45%), drawdown deep (-26.1%), volatility moderate (33%), 34% days above EMA, underperforming benchmark."
XYZ,0.2817610490089933,Down,poor,-0.1007280969623574,0.07449440811374342,0.47151609162292274,-0.3947725311305634,0.5376847290640394,0.005933734350188874,0.12200684150513116,-0.2133153834037026,-0.2551547765339416,0.014189809486373196,1.9512813879316289,-0.18516835925397962,0.4542945600628061,0.23361013533967964,0.2997685873137774,0.5073527152988262,0.5372472040568717,"Downtrend is poor and choppy (R² 7%), drawdown deep (-39.5%), volatility high (47%), 54% days above EMA, in line with benchmark."
MOS,0.2813602238200548,Down,poor,-0.38095267636502483,0.7238591812528341,0.4558240097679232,-0.4699117411072479,0.2315270935960591,-0.6743311685559479,-0.15747734138972816,-0.7880297039055858,-0.8106898445810061,-1.5120101209902885,0.7295541624718884,-0.5366424439663224,0.19138727335729366,0.5700615833004746,0.26995386982174274,0.060998734876213934,0.861929590626417,"Downtrend is poor and smooth (R² 72%), drawdown deep (-47.0%), volatility high (46%), 23% days above EMA, underperforming benchmark."
APTV,0.2801191149038387,Down,poor,-0.24751428583886415,0.3772431250674153,0.39927909589827393,-0.40712755159580466,0.35960591133004927,-0.3401528125110277,-0.314864083285136,-0.6107089313066342,-0.6079526793720799,-0.949160869140394,1.4441131196615251,-0.4376008145004644,0.13490299991715535,0.43934246663543375,0.344250534646477,0.13135489135745076,0.6886215625337077,"Downtrend is poor and choppy (R² 38%), drawdown deep (-40.7%), volatility high (40%), 36% days above EMA, underperforming benchmark."
PYPL,0.2800049587670087,Down,poor,-0.4736121185501968,0.8321253994653512,0.4059276337967887,-0.5003835336231143,0.1625615763546798,-0.5872795767172645,-0.18225501973571312,-0.996541904079255,-0.9464982093254061,-1.565917012750629,1.2246033853047569,-0.5809506541767768,0.13965699880636362,0.661616974385084,0.26846241809802074,0.054260373406171375,0.9160626997326755,"Downtrend is poor and very smooth (R² 83%), drawdown deep (-50.0%), volatility high (41%), 16% days above EMA, underperforming benchmark."
SWKS,0.275651630854133,Down,poor,-0.1552996791981167,0.17217639158270004,0.44075135127904924,-0.3672411715077739,0.3645320197044335,-0.4419248064875022,-0.03989449390042853,-0.34174582323852926,-0.42288199484961414,-1.0946432911301527,1.4443083366046139,-0.5206290198998074,0.3798013809890389,0.3055246823320631,0.33374634760467115,0.11316958860873091,0.58608819579135,"Downtrend is poor and choppy (R² 17%), drawdown deep (-36.7%), volatility high (44%), 36% days above EMA, underperforming benchmark."
SW,0.274653702760954,Down,poor,-0.038742091485707286,0.015580496206418548,0.42654887626647114,-0.32876151484135113,0.5130541871921183,-0.27313619360779445,0.020094562647754173,-0.09326604777507323,-0.11784253854774598,-0.7040916383747317,1.453162377828864,-0.37996519511421717,0.45558898032405154,0.23787859090335592,0.39188388788420747,0.18391982354065017,0.5077902481032093,"Downtrend is poor and choppy (R² 2%), drawdown deep (-32.9%), volatility high (43%), 51% days above EMA, underperforming benchmark."
NWSA,0.27267516516318957,Down,poor,-0.1483578255712047,0.39868593213043035,0.2546944119663496,-0.27811795037060916,0.4039408866995074,-0.2466551360212687,0.04839319470699437,-0.5514153047479586,-0.5334349162774601,-0.9437380094358468,0.3744538215319316,-0.1372248894244729,0.3013774151309385,0.5946485540988655,0.5723623753765695,0.17607571024275978,0.6993429660652152,"Downtrend is poor and choppy (R² 40%), drawdown deep (-27.8%), volatility moderate (25%), 40% days above EMA, underperforming benchmark."
TTWO,0.2721351762925045,Down,poor,-0.10715855320664247,0.14887104470793944,0.3088401729615789,-0.276792862861718,0.5869458128078818,-0.14082591770822098,-0.0328076709723433,-0.33769254625723694,-0.3871434837544111,-0.47478304624774426,0.7111317847692271,-0.10009652928394641,0.26695623674198865,0.41559534939239084,0.5250795652569236,0.20617696623484405,0.5744355223539697,"Downtrend is poor and choppy (R² 15%), drawdown deep (-27.7%), volatility moderate (31%), 59% days above EMA, underperforming benchmark."
PLTR,0.27184476679660985,Down,poor,-0.27156806858333915,0.4663586866068139,0.5197200705226066,-0.48223766772854526,0.3497536945812808,-0.272113658213072,-0.2647291643107544,-0.48377712420335206,-0.5631415518876609,-0.5685202564997592,1.7346031496881964,-0.4359346242250504,0.14785838219259956,0.393389290411452,0.2084284242707671,0.201720063329615,0.7331793433034068,"Downtrend is poor and choppy (R² 47%), drawdown deep (-48.2%), volatility high (52%), 35% days above EMA, underperforming benchmark."
STE,0.2714183605286114,Down,poor,-0.1435509207606408,0.32657552976921744,0.24921971887392746,-0.2577703331472175,0.4088669950738916,-0.2327741760461779,-0.16736995550099737,-0.5609834775934536,-0.5568946550519301,-0.9455264721392078,0.5321237034787676,-0.15593555797703468,0.12123380409020026,0.5640680460106813,0.6007807194719537,0.18744275398404048,0.6632877648846087,"Downtrend is poor and choppy (R² 33%), drawdown deep (-25.8%), volatility moderate (25%), 41% days above EMA, underperforming benchmark."
MTD,0.27082870047034885,Down,poor,-0.07946064902052974,0.08608934000800583,0.33179944859323135,-0.31904622780573966,0.49261083743842365,-0.12348905082282167,-0.11306988806988812,-0.2273832419030428,-0.24905685162625277,-0.39993398302197464,0.9406983240043413,-0.12818997697422088,0.17943665574445425,0.3612452214107716,0.4612584019091134,0.24439898250225509,0.5430446700040029,"Downtrend is poor and choppy (R² 9%), drawdown deep (-31.9%), volatility moderate (33%), 49% days above EMA, underperforming benchmark."
BBY,0.2702177676807045,Down,poor,-0.10285294093473196,0.10806980499648944,0.36771707329309306,-0.339047619047619,0.4539408866995074,-0.05472808971763929,0.13702826904330878,-0.3215180374938705,-0.3033583932063724,-0.15551949576321794,0.8273288260160176,-0.02935981811056554,0.46577812238698,0.3363178292051517,0.47581639837820505,0.3894377936497283,0.5540349024982447,"Downtrend is poor and choppy (R² 11%), drawdown deep (-33.9%), volatility high (37%), 45% days above EMA, underperforming benchmark."
NCLH,0.2701094375187444,Down,poor,-0.2640442369720821,0.45862093606691623,0.5353835967222762,-0.45100222717149224,0.3793103448275862,-0.32520018094532654,-0.19450143619203947,-0.5209218539600222,-0.5854610488911846,-0.6732439979563615,2.120901527852655,-0.5615260582604772,0.21150188319321245,0.37777277049175095,0.257090353655358,0.16584450025545483,0.7293104680334581,"Downtrend is poor and choppy (R² 46%), drawdown deep (-45.1%), volatility high (54%), 38% days above EMA, underperforming benchmark."
GDDY,0.26959813865054494,Down,poor,-0.5511196407028074,0.9026402391498385,0.4067395290307026,-0.5583367689498793,0.12315270935960591,-0.797235156869146,-0.2140138408304498,-1.1804711596713129,-0.9870738796933509,-1.924047362994734,0.25986587283209023,-0.5125832610708635,0.08717336327113394,0.6962654728018923,0.26026771041960595,0.009494079625658264,0.9513201195749192,"Downtrend is poor and very smooth (R² 90%), drawdown deep (-55.8%), volatility high (41%), 12% days above EMA, underperforming benchmark."
TYL,0.26904350409754935,Down,poor,-0.5412889528360513,0.930923088481733,0.3852578301862875,-0.550035961815091,0.03940886699507389,-0.7465170028094559,-0.3069695632995147,-1.2521366741233682,-0.9840973871050631,-1.8740619418262972,0.13709082947543436,-0.4595507501878109,0.01916820079992282,0.730203714054579,0.288271838415201,0.015742257271712856,0.9654615442408665,"Downtrend is poor and very smooth (R² 93%), drawdown deep (-55.0%), volatility high (39%), 4% days above EMA, underperforming benchmark."
FDS,0.2687482274109393,Down,poor,-0.4612611397973191,0.6875384734502126,0.4476700961707709,-0.5740570583357612,0.33004926108374383,-0.7116422160819083,-0.10558520583336166,-0.9446741603190278,-0.8035109630644613,-1.5443975049406864,0.07111065609034438,-0.42596327083119434,0.12017815045535093,0.5580166645970281,0.24027919629450775,0.0569503118824142,0.8437692367251062,"Downtrend is poor and smooth (R² 69%), drawdown deep (-57.4%), volatility high (45%), 33% days above EMA, underperforming benchmark."
TSCO,0.26735437611120955,Down,poor,-0.5157364968281081,0.7772471213972575,0.31383261292285736,-0.5348762968874701,0.09852216748768473,-0.8136194211237306,-0.4116731517509728,-1.4176673987526973,-0.9642163988743948,-2.5678552365649807,0.4148381309648426,-0.5527285544618955,0.027728273562583797,0.7247909477757715,0.3524886164664652,0,0.8886235606986288,"Downtrend is poor and smooth (R² 78%), drawdown deep (-53.5%), volatility moderate (31%), 10% days above EMA, underperforming benchmark."
NWS,0.2665506298632815,Down,poor,-0.1456432947333477,0.3715040846214206,0.261364641164866,-0.27068524310491904,0.4236453201970443,-0.2711521714699955,0.03800396563119625,-0.5024704010102371,-0.5380540625810754,-1.0164332248986787,0.39219129401167174,-0.16361175773860823,0.29550787990017235,0.5743874011458443,0.5571315917847194,0.14653378371021894,0.6857520423107103,"Downtrend is poor and choppy (R² 37%), drawdown deep (-27.1%), volatility moderate (26%), 42% days above EMA, underperforming benchmark."
STZ,0.26645568568607597,Down,poor,-0.054323918926999726,0.03801153842523197,0.30885835971332354,-0.275086603441422,0.374384236453202,-0.430384691123326,-0.0909029467423629,-0.1791258929740583,-0.19747933286241498,-1.3071731514386618,0.06283035147854234,-0.23230072872708096,0.2581972686605112,0.36014740949929247,0.5404127620722967,0.08660335607016728,0.519005769212616,"Downtrend is poor and choppy (R² 4%), drawdown deep (-27.5%), volatility moderate (31%), 37% days above EMA, underperforming benchmark."
BAX,0.26392512770130516,Down,poor,-0.26522945364417216,0.41549950122113244,0.49350255840889035,-0.45927446954140994,0.35960591133004927,-0.4237002504818528,0.09086515224746249,-0.43185649396952797,-0.5774966196335851,-0.9028950753319601,1.1796609027795575,-0.4528719719909226,0.46398756557408805,0.38762283180389845,0.18164111093420887,0.13713811558350497,0.7077497506105661,"Downtrend is poor and choppy (R² 42%), drawdown deep (-45.9%), volatility high (49%), 36% days above EMA, underperforming benchmark."
CTSH,0.26351666533642315,Down,poor,-0.37308665428084786,0.4984302412566325,0.3629153922463259,-0.553287197231834,0.3251231527093596,-0.7178819468449895,-0.4851346624693949,-0.9134270502397258,-0.6743092125526268,-1.9677336330300526,0.42269917057485934,-0.5007300931693834,0.07551597081591596,0.5362997283819904,0.30534285553536,0.004033295871243431,0.7492151206283162,"Downtrend is poor and choppy (R² 50%), drawdown deep (-55.3%), volatility high (36%), 33% days above EMA, underperforming benchmark."
LOW,0.26331423461689296,Down,poor,-0.08619301877855279,0.10945360925006387,0.26753118149774263,-0.2809770694874561,0.35467980295566504,-0.25955622831947467,-0.1893368720971078,-0.33065728195503685,-0.3067617543872233,-1.0104826601850125,0.6596395556835716,-0.20696763481376726,0.1983923355326246,0.4371956231272893,0.5785954284047525,0.1569602168301121,0.554726804625032,"Downtrend is poor and choppy (R² 11%), drawdown deep (-28.1%), volatility moderate (27%), 35% days above EMA, underperforming benchmark."
FICO,0.2621370409443047,Down,poor,-0.3360709797090321,0.43491777616083716,0.5019063130865203,-0.5092601952595036,0.4876847290640394,-0.37245816780690977,-0.19383829465186675,-0.6216260880303045,-0.6599199836103046,-0.7560277432159757,0.7289327895747866,-0.32025656023777216,0.1760612457631655,0.39102915326552834,0.21721092164361236,0.15549653209800304,0.7174588880804185,"Downtrend is poor and choppy (R² 43%), drawdown deep (-50.9%), volatility high (50%), 49% days above EMA, underperforming benchmark."
ACN,0.2610190345882347,Down,poor,-0.44685644793747914,0.6772668076454424,0.422838189183157,-0.5687253067165732,0.24630541871921183,-0.8909781686840994,-0.5084805904478035,-0.9245516901955906,-0.7857157799383315,-2.1008203844715925,0.42083227583263055,-0.5936322919911852,0.050803089940944485,0.5715047619353535,0.24532694948634684,0,0.8386334038227212,"Downtrend is poor and smooth (R² 68%), drawdown deep (-56.9%), volatility high (42%), 25% days above EMA, underperforming benchmark."
KR,0.26059499313601614,Down,poor,-0.08454398066325997,0.16162394431842153,0.2773924356194462,-0.2654761904761904,0.32019704433497537,-0.35739361094221034,-0.008028098344204664,-0.28994835469770386,-0.31846163119793,-1.0622975177641243,-0.6702359526124688,-0.024735642148516146,0.3458674884525714,0.4534195365397646,0.5593099621427999,0.11721281027948446,0.5808119721592108,"Downtrend is poor and choppy (R² 16%), drawdown deep (-26.5%), volatility moderate (28%), 32% days above EMA, underperforming benchmark."
DHR,0.2599507662505294,Down,poor,-0.1261719281090803,0.17763406923097613,0.2887391439279373,-0.3310886180541211,0.4975369458128079,-0.20658567582000079,-0.1482553191489362,-0.45969604477275416,-0.3810820464038293,-0.7335612834326585,0.6079695925237363,-0.14591807906638232,0.04307863331540254,0.4500778906875508,0.5272153752824906,0.23580580026121703,0.5888170346154881,"Downtrend is poor and choppy (R² 18%), drawdown deep (-33.1%), volatility moderate (29%), 50% days above EMA, underperforming benchmark."
ZTS,0.2577747986767425,Down,poor,-0.491436123076874,0.7677389576417104,0.38235438801330124,-0.541592242919112,0.10837438423645321,-0.9039170974208517,-0.4056759952700039,-1.045364153817888,-0.9073913622324001,-2.430933355160894,0.7150587153666829,-0.6594687121923846,0.035868898769247204,0.651515090807554,0.26201945309874286,0,0.8838694788208552,"Downtrend is poor and smooth (R² 77%), drawdown deep (-54.2%), volatility high (38%), 11% days above EMA, underperforming benchmark."
ARE,0.25600885815086727,Down,poor,-0.46656491317324955,0.6529467515587893,0.4618631163768133,-0.5379073756432248,0.30049261083743845,-0.6869441831025653,-0.09742819598272957,-0.8310092686980382,-0.8673703583546061,-1.5335709990291568,0.8486708896245302,-0.5684150772703946,0.13198280777571664,0.5300760384967846,0.19444038594371651,0.058303625121355396,0.8264733757793947,"Downtrend is poor and smooth (R² 65%), drawdown deep (-53.8%), volatility high (46%), 30% days above EMA, underperforming benchmark."
WDAY,0.25557169597833457,Down,poor,-0.5715578124208567,0.8105053976129305,0.46256777465740606,-0.5458032217691469,0.2315270935960591,-0.6164175193376269,-0.3094523094523094,-1.1929915874523092,-1.0471865859791554,-1.319333860958691,0.3088552998144189,-0.41500408468780614,0.009028132839013006,0.6083268678134107,0.25422699662747944,0.08508326738016361,0.9052526988064653,"Downtrend is poor and very smooth (R² 81%), drawdown deep (-54.6%), volatility high (46%), 23% days above EMA, underperforming benchmark."
BSX,0.25484110984618297,Down,poor,-0.6055061209576706,0.8648046305438366,0.3668536810335905,-0.6053264287035325,0.10344827586206896,-1.021239264270676,-0.5461475909737752,-1.3847199927515992,-1.0002968518234419,-2.694108107534439,0.1769217729468759,-0.6045607837801911,0,0.7155486342383278,0.2707106879484583,0,0.9324023152719183,"Downtrend is poor and very smooth (R² 86%), drawdown deep (-60.5%), volatility high (37%), 10% days above EMA, underperforming benchmark."
AMCR,0.24929760809024593,Down,poor,-0.09324359505048196,0.14582075857461108,0.3268811904975398,-0.2746144721233689,0.3990147783251231,-0.31300061999001516,-0.021222606689734757,-0.2716307289259508,-0.33954363122054554,-1.0113470968273433,0.8245959739450264,-0.2887210419845229,0.3094137741025391,0.3960291887897658,0.500765778350075,0.1235816128965821,0.5729103792873056,"Downtrend is poor and choppy (R² 15%), drawdown deep (-27.5%), volatility moderate (33%), 40% days above EMA, underperforming benchmark."
PODD,0.2489934838226247,Down,poor,-0.5856934945907508,0.8010724347702864,0.4006118284995205,-0.6061164333087693,0.17733990147783252,-0.7629914234942226,-0.44668646932295397,-1.3125217461213827,-0.9663052549053482,-1.8841107991021153,0.34837292023170807,-0.5115928309013291,0.004292679312098466,0.6500773460105028,0.2637944398417085,0.014486150112235585,0.9005362173851432,"Downtrend is poor and very smooth (R² 80%), drawdown deep (-60.6%), volatility high (40%), 18% days above EMA, underperforming benchmark."
KVUE,0.24668129482978798,Down,poor,-0.08769436941803144,0.07411462680098935,0.3304362697963056,-0.3822241681260946,0.5327586206896552,-0.2875364048186406,0.13184226015303133,-0.24034611570986916,-0.229431775201356,-0.8333561431709324,0.15940821963288737,-0.13148182873721972,0.48583113507200903,0.3566210436041891,0.3984648605192398,0.15573758408006855,0.5370573134004947,"Downtrend is poor and choppy (R² 7%), drawdown deep (-38.2%), volatility moderate (33%), 53% days above EMA, underperforming benchmark."
HOOD,0.24656413839561353,Down,poor,-0.3623198390520268,0.3422974614198173,0.6895036880181862,-0.5726092089728454,0.43349753694581283,-0.07264875261504075,-0.04792443019325766,-0.5168363576125267,-0.6327523787156014,-0.1159297710487244,3.006950721822419,-0.4903759396866192,0.24932867764579703,0.24877280870536211,0.13158920746513877,0.3645486055148666,0.6711487307099087,"Downtrend is poor and choppy (R² 34%), drawdown deep (-57.3%), volatility high (69%), 43% days above EMA, underperforming benchmark."
EXE,0.24581688889081815,Down,poor,-0.0925187225988292,0.12279340589397036,0.31537419622812213,-0.2922125478069818,0.4039408866995074,-0.375742074688868,-0.16490891658676896,-0.29485430090871106,-0.3166144756382657,-1.1173991526976417,0.04268581248393772,-0.18421810573920214,0.20825738152299728,0.3960225067188631,0.5170628273359792,0.11032510591279479,0.5613967029469852,"Downtrend is poor and choppy (R² 12%), drawdown deep (-29.2%), volatility moderate (32%), 40% days above EMA, underperforming benchmark."
BF-B,0.24553994926358927,Down,poor,-0.113749426756385,0.26592102588752786,0.3863712708097805,-0.2706333973128599,0.3990147783251231,-0.2833993276414016,0.021798365122615754,-0.29186824359059105,-0.42030816553245803,-0.7051671043728774,0.07399871810240032,-0.11046268975057073,0.33240556957323475,0.39658924213398344,0.45729626705453624,0.17521567337282,0.6329605129437639,"Downtrend is poor and choppy (R² 27%), drawdown deep (-27.1%), volatility high (39%), 40% days above EMA, underperforming benchmark."
LULU,0.2449394895371567,Down,poor,-0.406573256823618,0.6280456613925668,0.46410622670731727,-0.5542260369540399,0.187192118226601,-0.8594265859012598,-0.43300183814865434,-0.7651769405986583,-0.7335874349355653,-1.9977368872333712,1.4087351944515956,-0.777571614816523,0.06429795896408796,0.5159431606657954,0.21293443169452078,0.00028288909582860344,0.8140228306962833,"Downtrend is poor and smooth (R² 63%), drawdown deep (-55.4%), volatility high (46%), 19% days above EMA, underperforming benchmark."
CSGP,0.24381538871943728,Down,poor,-0.7281548062329617,0.9574367178689709,0.4153034795378416,-0.7075286584736135,0,-1.2717888681457925,-0.5311277705345503,-1.4603573914207573,-1.029152384871372,-3.009256839019914,0.2617829824534168,-0.717623391638745,0,0.7172407492811043,0.19915725019675082,0,0.9787183589344854,"Downtrend is poor and very smooth (R² 96%), drawdown deep (-70.8%), volatility high (42%), underperforming benchmark."
NOW,0.24187827089599015,Down,poor,-0.5782799350665282,0.8326420754016093,0.5273445217013476,-0.5834169845412568,0.19704433497536947,-0.7067194654413425,-0.23893563171215537,-1.0094545319904746,-0.9911948921425936,-1.3613247957256414,0.7026717392751088,-0.5507512934598757,0.05726496927306332,0.5708126464247939,0.17449792173826698,0.07983440053429483,0.9163210377008046,"Downtrend is poor and very smooth (R² 83%), drawdown deep (-58.3%), volatility high (53%), 20% days above EMA, underperforming benchmark."
SNPS,0.2397270264544722,Down,poor,-0.1935070750597413,0.22081683971365007,0.6216924847556766,-0.41044394514604476,0.3645320197044335,-0.4374452592239613,-0.15679605045773487,-0.25820841440413383,-0.47145798433178815,-0.740092039159708,1.5821704262050198,-0.5450279463660699,0.2898930929530634,0.20498529866790588,0.16003350527053536,0.15748849510503649,0.610408419856825,"Downtrend is poor and choppy (R² 22%), drawdown deep (-41.0%), volatility high (62%), 36% days above EMA, underperforming benchmark."
AXON,0.23482616014405874,Down,poor,-0.5019874227026291,0.7008655601200875,0.5781678236581795,-0.602810659379772,0.28078817733990147,-0.47144492368581764,-0.10758915462168431,-0.8666190276133154,-0.8327447680157494,-0.849021760415385,1.2397270550794095,-0.5017896030824136,0.10319827094951489,0.4668069123164091,0.16486126228941309,0.1438722799480769,0.8504327800600437,"Downtrend is poor and smooth (R² 70%), drawdown deep (-60.3%), volatility high (58%), 28% days above EMA, underperforming benchmark."
SBAC,0.23369980796243636,Down,poor,-0.08057891226367231,0.10520590005471997,0.3270799513837847,-0.310006266973052,0.30049261083743845,-0.3846297447713206,0.031649757388619214,-0.28668606677116887,-0.25992672035458175,-1.1101836097688957,0.05866404917688377,-0.19477252918150842,0.39748586846960476,0.3755229986435753,0.5364250923087863,0.11122704877888803,0.5526029500273599,"Downtrend is poor and choppy (R² 11%), drawdown deep (-31.0%), volatility moderate (33%), 30% days above EMA, underperforming benchmark."
LII,0.2314285402995213,Down,poor,-0.1186944481145854,0.20368879564613973,0.36104965100263486,-0.34109308694736207,0.47857142857142854,-0.2959891664922906,0.06689636483295255,-0.32742695143404454,-0.3479825673890086,-0.9127836718370879,1.267623230622306,-0.3631777679826943,0.36927010872216787,0.390794746820435,0.4316735322529823,0.13875108699930136,0.6018443978230699,"Downtrend is poor and choppy (R² 20%), drawdown deep (-34.1%), volatility high (36%), 48% days above EMA, underperforming benchmark."
INTU,0.2303539395891853,Down,poor,-0.6569034127328557,0.8788574059991205,0.4721294184122679,-0.6840808035769578,0.06403940886699508,-1.1316410036082403,-0.5560934507851398,-1.1880378827850082,-0.9602716657125949,-2.3870994476180702,0.3857648980686555,-0.6920321059614614,0,0.6353316391903594,0.164281272494216,0,0.9394287029995603,"Downtrend is poor and very smooth (R² 88%), drawdown deep (-68.4%), volatility high (47%), 6% days above EMA, underperforming benchmark."
LVS,0.23024932289304414,Down,poor,-0.07996568301812257,0.056304128555900945,0.34881790752892516,-0.3394733055115844,0.3399014778325123,-0.26517536856441426,-0.25848142164781907,-0.20898732765418376,-0.23555808872104017,-0.7876023616028136,0.733472791328942,-0.22710858881144558,0.15102515069889702,0.32933415674902533,0.4127608969904198,0.1801282720483624,0.5281520642779505,"Downtrend is poor and choppy (R² 6%), drawdown deep (-33.9%), volatility moderate (35%), 34% days above EMA, underperforming benchmark."
CCL,0.22625889359038487,Down,poor,-0.10410175333796123,0.1524964306344576,0.46945125532756427,-0.2971462194763166,0.42857142857142855,-0.2576400559561497,-0.16030293467970974,-0.2360048048409371,-0.3503384748472576,-0.6279531002228613,2.097463348841776,-0.49591559617631215,0.19281763023473691,0.2741597738215556,0.39631522759000865,0.20637641574875734,0.5762482153172288,"Downtrend is poor and choppy (R² 15%), drawdown deep (-29.7%), volatility high (47%), 43% days above EMA, underperforming benchmark."
CHTR,0.2255891573228317,Down,poor,-0.5295001522983889,0.7296062657271569,0.5347063122188555,-0.685843697605165,0.2019704433497537,-1.2771788628265508,-0.37356349244194365,-0.8011705740651309,-0.7720420179514693,-2.3651818589197675,0.24770172619590072,-0.7165857409757805,0.02311744898003973,0.5137733986994368,0.11331204110725498,0,0.8648031328635783,"Downtrend is poor and smooth (R² 73%), drawdown deep (-68.6%), volatility high (53%), 20% days above EMA, underperforming benchmark."
IT,0.2208149252024156,Down,poor,-0.5797247551543603,0.8314614225910535,0.5782213605786525,-0.6641826923076922,0.13793103448275862,-1.1577934045545037,-0.42745431708601755,-0.8128789448230244,-0.8728392983865867,-2.018362840117099,0.5838472498701311,-0.742087285820979,0.006292207023289295,0.5320646908615374,0.10566063422552072,0,0.9157307112955266,"Downtrend is poor and very smooth (R² 83%), drawdown deep (-66.4%), volatility high (58%), 14% days above EMA, underperforming benchmark."
CVNA,0.22025657197814985,Down,poor,-0.048583207321803545,0.014506276623681535,0.6122414888431355,-0.41205977636116625,0.41379310344827586,-0.2393770917729782,-0.26581563488477183,-0.07456421327447246,-0.11790329973683443,-0.4269609578232465,2.3271773855309767,-0.5251882478594716,0.19715290468041263,0.1041927661010569,0.18409455794734236,0.24675000864165741,0.5072531383118408,"Downtrend is poor and choppy (R² 1%), drawdown deep (-41.2%), volatility high (61%), 41% days above EMA, underperforming benchmark."
COIN,0.2193590661498876,Down,poor,-0.611759052210606,0.8376237105484887,0.6757728252319474,-0.6638953737672113,0.1921182266009852,-1.083404717705154,-0.3592165804796612,-0.9091488345857848,-0.9214690693493424,-1.7766270285706252,3.078049102443971,-1.217267389738529,0,0.4998686489662575,0.11580313604216469,0.027921621428671856,0.9188118552742444,"Downtrend is poor and very smooth (R² 84%), drawdown deep (-66.4%), volatility high (68%), 19% days above EMA, underperforming benchmark."
ORCL,0.21641720166542688,Down,poor,-0.45060345894976783,0.5413161442503422,0.6222759309356313,-0.5993664910303658,0.33004926108374383,-0.7446248629237286,-0.30640653836013715,-0.8064037520016402,-0.751799551181347,-1.2720997290666307,1.8186388782659275,-0.798484015347029,0.049547841251827776,0.3650890893912633,0.18107228869995534,0.09098753386667116,0.770658072125171,"Downtrend is poor and choppy (R² 54%), drawdown deep (-59.9%), volatility high (62%), 33% days above EMA, underperforming benchmark."
IDXX,0.2100964211149576,Down,poor,-0.13004843630669582,0.17371834242859208,0.4034204877307868,-0.31335107215526675,0.4088669950738916,-0.12721356312021503,-0.20800404272940376,-0.40069120811997166,-0.4150247050766633,-0.3408181184722628,1.2029592416563155,-0.18518371078305065,0.10978597787029934,0.3342938054162059,0.49042645180712446,0.24558715259580913,0.5868591712142961,"Downtrend is poor and choppy (R² 17%), drawdown deep (-31.3%), volatility high (40%), 41% days above EMA, underperforming benchmark."
DXCM,0.20838007412208595,Down,poor,-0.12482229803263345,0.14985761007941334,0.4084805807421549,-0.38746788785881825,0.5032019704433498,-0.2713852193036024,0.11573871109162628,-0.2708573138967141,-0.3221487559199099,-0.6831864018288162,0.7457735901342616,-0.23532129313421826,0.40790958486729156,0.31856836948309053,0.31376793914011325,0.18799504165289002,0.5749288050397067,"Downtrend is poor and choppy (R² 15%), drawdown deep (-38.7%), volatility high (41%), 50% days above EMA, underperforming benchmark."
NRG,0.2077744164712771,Down,poor,-0.13271278599915226,0.2408783050617499,0.45782131230176026,-0.344400369504972,0.4187192118226601,-0.2606618795621117,-0.028217097470912084,-0.2654998228935759,-0.385344493648217,-0.6193385932664194,1.47831426413142,-0.3735337077986462,0.23205174402234285,0.32707316830455474,0.3168045970870927,0.20493000640733433,0.620439152530875,"Downtrend is poor and choppy (R² 24%), drawdown deep (-34.4%), volatility high (46%), 42% days above EMA, underperforming benchmark."
FISV,0.1896309777699471,Down,poor,-0.7010087957881954,0.7965264939945871,0.6931813327832084,-0.7219799646434885,0.07389162561576355,-1.3785864787480513,-0.26359712230215826,-0.7456395107472134,-0.9709532537157751,-2.001172159530622,0.5675078572393296,-0.8121895116534934,0.029896402877697875,0.47496791380149145,0.03446891375421651,0,0.8982632469972935,"Downtrend is poor and smooth (R² 80%), drawdown deep (-72.2%), volatility high (69%), 7% days above EMA, underperforming benchmark."
ISRG,0.18954993474662063,Down,poor,-0.13853819068225715,0.16787444912636573,0.3102857703589302,-0.3292063759804335,0.3054187192118227,-0.4127585419387334,-0.30416353319204215,-0.46974338608392774,-0.42082474942858095,-1.4114145847573403,0.8172930672621651,-0.3709219244424366,0.019333912514041846,0.4236514542042527,0.508172085967628,0.07357317690533247,0.5839372245631829,"Downtrend is poor and choppy (R² 17%), drawdown deep (-32.9%), volatility moderate (31%), 31% days above EMA, underperforming benchmark."
SMCI,0.18501414034050936,Down,poor,-0.46918766671384526,0.5123375570045254,0.9085758804750617,-0.6618349530555098,0.30049261083743845,-0.7601436936253623,-0.07491638795986617,-0.4751309459495837,-0.7089194436584756,-0.8940576665775062,3.5517686863838187,-1.1577281676767077,0.16858634569768466,0.2790248083834973,0.037668441351765364,0.13824279167781173,0.7561687785022626,"Downtrend is poor and choppy (R² 51%), drawdown deep (-66.2%), volatility high (91%), 30% days above EMA, underperforming benchmark."
EL,0.1792504882787941,Down,poor,-0.1172345923552407,0.07900871509119567,0.4770934119070068,-0.43792325056433407,0.49261083743842365,-0.2988636657806602,-0.26407907862519264,-0.22102052850879056,-0.2677057959452146,-0.6762246328586902,1.4681482597792976,-0.4062983195801578,0.08429837307648841,0.2316842986153427,0.24270118891478792,0.16592075996581246,0.5395043575455978,"Downtrend is poor and choppy (R² 8%), drawdown deep (-43.8%), volatility high (48%), 49% days above EMA, underperforming benchmark."
