date,open,p1000,p1500,p1530,close,day_range,prev_close,r1,r12,r13,vol_prev,vol_rel
2021-10-06,429.27,428.87,433.28,433.95,434.91,7.579899999999952,433.05,-0.009652465073317185,0.0015463441654357535,0.0022122364327687993,,
2021-10-07,438.39,440.67,439.15,439.6099,438.64,3.480000000000018,434.91,0.01324411947299442,0.0010472503700329483,-0.0022062742445063677,0.01750352153331013,
2021-10-08,439.48,438.37,438.73,438.85,437.83,2.6999999999999886,438.64,-0.0006155389385372745,0.0002735167415039985,-0.002324256579697037,0.008001655514934166,
2021-10-11,437.16,439.39,436.83,435.885,434.66,5.639999999999986,437.83,0.003563026745540432,-0.0021633129592747435,-0.0028103742959725286,0.006155389385372945,
2021-10-12,435.67,434.11,434.29,434.17,433.63,3.32000000000005,434.66,-0.0012653568306262297,-0.00027631306270003986,-0.0012437524471980987,0.012881712080031032,
2021-10-13,434.71,433.09,434.48,434.44,435.13,4.509999999999991,433.63,-0.0012453012937296837,-9.206407659734239e-05,0.0015882515422152022,0.00763815395941667,
2021-10-14,439.08,439.57,442.49,442.135,442.47,4.080000000000041,435.13,0.010203847126146304,-0.0008022780175823696,0.0007576871317584999,0.010400571916149692,
2021-10-15,444.75,445.2575,446.04,445.825,445.83,2.170000000000016,442.47,0.006299862137546075,-0.00048201954981619277,1.121516290014668e-05,0.009376508169972287,
2021-10-18,443.97,445.29,446.94,447.0701,447.2225,4.28000000000003,445.83,-0.0012112240091514126,0.0002910905266926278,0.00034088613843774596,0.00490428729631391,
2021-10-19,448.92,448.63,449.999,450.395,450.68,2.430000000000007,447.2225,0.003147203014159494,0.0008800019555597061,0.0006327778949588581,0.009600071776237645,
2021-10-20,451.13,451.59,452.23,451.99,452.4,1.7220000000000368,450.68,0.0020191710304429122,-0.0005307034031355462,0.0009070997145954607,0.0054335369978031215,
2021-10-21,451.77,452.0073,452.49,453.24,453.61,2.5190000000000055,452.4,-0.0008680371352784988,0.0016574951932639692,0.0008163445415232395,0.003820892872992005,
2021-10-22,453.13,453.86,453.13,452.965,453.13,3.6200000000000045,453.61,0.0005511342342541248,-0.0003641339130051602,0.00036426655481114345,0.005568081343943425,
2021-10-25,454.28,453.67,455.51,455.44,455.49,3.509999999999991,453.13,0.0011917109880166254,-0.00015367390397580394,0.00010978394519578494,0.007980423711999304,
2021-10-26,457.2,457.4,457.06,456.75,455.9801,2.930000000000007,455.49,0.004193286350962611,-0.0006782479324377588,-0.0016856048166392634,0.007746121422108425,
2021-10-27,456.45,457.03,456.2,455.325,453.9,3.3000000000000114,455.9801,0.00230251276316662,-0.0019180184129767852,-0.00312963267995392,0.006432632988649601,
2021-10-28,455.46,456.76,457.5,457.24,458.26,2.9499999999999886,453.9,0.0063009473452302345,-0.0005683060109289428,0.0022307759601083443,0.0072371579373749235,
2021-10-29,455.87,457.12,458.19,457.905,459.23,4.0,458.26,-0.0024876707545934407,-0.0006220127021542288,0.0028936133040697865,0.00649922890504514,
2021-11-01,460.3,459.27,459.2,459.39,460.1,2.5020999999999844,459.23,8.710232345432445e-05,0.00041376306620199976,0.0015455277650797683,0.008728669314363025,
2021-11-02,460.22,461.16,461.91,461.805,461.87,2.150000000000034,460.1,0.002303846989784919,-0.00022731700980715974,0.00014075204902508354,0.00544846808788621,
2021-11-03,461.3,461.39,463.94,464.2318,464.74,4.319999999999993,461.87,-0.001039253469590995,0.0006289606414622284,0.0010947117366797432,0.0046728971962617565,0.5989742643151532
2021-11-04,465.36,466.35,465.79,465.98,466.88,2.009999999999991,464.74,0.0034643026208203143,0.00040790914360555597,0.0019314133653804966,0.00935328122631908,1.2649847901132234
2021-11-05,469.28,470.26,468.68,468.2699,468.49,3.7299999999999613,466.88,0.0072395476353666055,-0.0008750106682597902,0.0004700280756888553,0.004324998924129601,0.5998483193008517
2021-11-08,469.7,469.45,469.47,469.09,468.96,2.026900000000012,468.49,0.002049136587760625,-0.0008094233923361394,-0.00027713232002390953,0.007989204934886826,1.0941350955538793
2021-11-09,469.32,466.95,467.14,466.81,467.39,3.6899999999999977,468.96,-0.004286079836233303,-0.0007064263389989778,0.0012424755253743758,0.004326453072637649,0.6293862959423886
2021-11-10,465.58,467.07,462.751,463.82,463.65,5.339999999999975,467.39,-0.0006846530734504475,0.002310097655110477,-0.0003665214954077234,0.007868474923234387,1.1427438474881544
2021-11-11,465.21,465.02,464.26,464.29,463.81,1.5400000000000205,463.65,0.002954815054459159,6.461896351184215e-05,-0.0010338366107389696,0.011425148163204123,1.6470279889786144
2021-11-12,465.12,464.31,466.6666,467.27,467.26,3.75,463.81,0.0010780276406288092,0.0012930001847142325,-2.140090311808507e-05,0.0033214709371293446,0.500668274966509
2021-11-15,468.64,468.55,467.265,467.405,467.4,2.579999999999984,467.26,0.0027607755853271687,0.00029961584967841404,-1.069736096104279e-05,0.008085207304715293,1.190205088833185
2021-11-16,467.15,468.5,469.88,469.69,469.24,3.4150000000000205,467.4,0.0023534445870774245,-0.0004043585596322785,-0.0009580787327811979,0.00552155117065442,0.8379705124094655
2021-11-17,469.0,467.58,468.49,468.39,468.11,1.7099999999999795,469.24,-0.0035376353252067894,-0.00021345172789177802,-0.0005977924379255706,0.007306375695335945,1.09330448850878
2021-11-18,469.24,468.49,469.49,469.73,469.72,3.670000000000016,468.11,0.0008117750101472865,0.0005111929966559181,-2.1288825495457964e-05,0.003644190606086394,0.5460278052581524
2021-11-19,469.61,470.18,469.4,469.22,468.92,2.4399999999999977,469.72,0.0009793068210848244,-0.00038346825734969503,-0.000639358936106782,0.007840037598000504,1.1550530286971576
2021-11-22,470.89,472.69,471.7727,471.34,467.52,6.189999999999998,468.92,0.00803975091700071,-0.0009171789719922829,-0.008104552976619828,0.005194584007493821,0.7813392859751144
2021-11-23,467.22,468.575,467.55,467.2,468.24,4.645000000000039,467.52,0.0022565879534566236,-0.0007485830392471859,0.0022260273972602995,0.013200545935340778,1.9073097421642315
2021-11-24,466.06,466.26,468.6201,469.34,469.37,4.3799999999999955,468.24,-0.004228600717580799,0.0015362123818418727,6.391954659745736e-05,0.009935403832991185,1.4001084175191874
2021-11-29,464.07,463.52,465.6901,465.76,464.63,4.829999999999984,469.37,-0.012463514924260233,0.00015009981960112384,-0.002426142219168703,0.009354177344951297,1.298827182707169
2021-11-30,462.0,462.44,457.35,456.5,455.84,8.729999999999961,464.63,-0.004713427888857757,-0.001858532852301309,-0.0014457831325301873,0.01029038924515837,1.3921778768732684
2021-12-01,461.64,461.45,457.5,453.865,450.51,14.379999999999995,455.84,0.012306949806949907,-0.007945355191256831,-0.007392065922686264,0.0187891440501043,2.3799994355101446
2021-12-02,450.73,455.88,457.75,457.51,457.36,8.759999999999991,450.51,0.01191982419924087,-0.0005243036592026407,-0.00032786168608334165,0.031546156546156535,3.4291221514302164
2021-12-03,459.17,455.4,449.64,451.08,453.43,11.379999999999995,457.36,-0.004285464404408024,0.0032025620496396456,0.0052097188968698305,0.01944462941999066,1.9565797967090583
2021-12-06,456.13,456.25,458.87,459.02,458.78,7.230000000000018,453.43,0.006219262069117493,0.0003268899688364524,-0.0005228530347262117,0.02488193108273569,2.322266311824868
2021-12-07,464.41,467.24,468.18,467.27,468.24,10.22539999999998,458.78,0.018440210994376427,-0.0019436968687257528,0.002075887602456916,0.015945129347418607,1.4116342669881454
2021-12-08,468.7,468.14,469.11,469.46,469.5401,3.170000000000016,468.24,-0.00021356569280717164,0.0007460936667305074,0.00017062156520264438,0.022288242730720564,1.8557356453944607
2021-12-09,468.15,468.26,467.45,466.81,466.33,3.4891000000000076,469.5401,-0.002726284719878014,-0.0013691303882767958,-0.0010282556072064297,0.00677003246198534,0.5580015426921545
2021-12-10,469.23,468.39,468.65,469.45,470.71,4.389999999999986,466.33,0.0044174726052366164,0.0017070308332445272,0.0026839919054211236,0.0074308882244562445,0.613577275833951
2021-12-13,470.19,468.71,468.23,467.88,466.61,4.2900000000000205,470.71,-0.004248900596970584,-0.0007474958887726535,-0.0027143712062921432,0.009413934338344062,0.7838282027647372
2021-12-14,463.09,464.48,462.48,463.93,463.39,5.490000000000009,466.61,-0.004564840016287652,0.0031352707144092218,-0.0011639687021749445,0.00911389178050184,0.7409775263099331
2021-12-15,463.42,461.675,464.8,469.515,470.58,10.120000000000005,463.39,-0.0037009862103195568,0.010144148020653887,0.0022682981374397837,0.011765714408178155,0.9424750195281695
2021-12-16,472.57,470.8301,465.88,467.18,466.43,8.069999999999993,470.58,0.0005314718007565222,0.0027904181334248435,-0.0016053769425060649,0.02183905565506378,1.6420684943700712
2021-12-17,461.55,460.43,462.2701,461.77,459.9,6.680000000000007,466.43,-0.012863666573762367,-0.0010818350570370727,-0.004049635099725002,0.017149050108376883,1.243418548308095
2021-12-20,454.48,454.09,453.6213,454.3534,454.98,4.259999999999991,459.9,-0.012633181126331827,0.0016139012872631309,0.00137910269847219,0.014321548785455496,0.9997085271491268
2021-12-21,458.61,457.39,462.77,462.37,463.05,6.899999999999977,454.98,0.005296936129060459,-0.0008643602653585214,0.001470683651620952,0.009262883235485957,0.6433957801682353
2021-12-22,462.79,463.4799,466.315,466.5,467.7,5.230000000000018,463.05,0.0009284094590216174,0.0003967275339631371,0.0025723472668810476,0.015165501780297984,1.0181323789675432
2021-12-23,468.75,470.17,471.79,471.435,470.58,3.5500000000000114,467.7,0.0052811631387641444,-0.000752453422073418,-0.0018136116325686569,0.01129467660079909,0.7631476857339083
2021-12-27,472.06,473.185,476.17,476.27,477.27,5.300000000000011,470.58,0.0055357218751328485,0.00021000903038825847,0.0020996493585572207,0.007590335685268359,0.5169519268621102
2021-12-28,477.72,478.47,476.99,476.98,476.8901,2.75,477.27,0.0025143000817149375,-2.0964800100609082e-05,-0.00018847750429784593,0.011262697097199225,0.7621108975111254
2021-12-29,476.98,477.58,477.585,477.9125,477.47,2.6399999999999864,476.8901,0.0014466645459823013,0.0006857418051238184,-0.0009259017079485954,0.005761937687262975,0.3959585993355372
2021-12-30,477.93,478.21,478.15,477.56,476.14,3.329999999999984,477.47,0.0015498355917649143,-0.0012339224092857703,-0.0029734483625094565,0.005535866649360065,0.3985733220236511
2021-12-31,475.64,475.71,475.96,476.44,474.88,2.1899999999999977,476.14,-0.0009030957281471741,0.0010084881082443875,-0.0032742842750398404,0.006974260162942141,0.5508628702312935
2022-01-03,476.3,474.9266,477.228,477.3901,477.76,4.0,474.88,9.813005390846286e-05,0.0003396699271627224,0.000774838020310753,0.0045994875456798374,0.38591636294955434
2022-01-04,479.22,479.69,477.415,478.25,477.51,4.400000000000034,477.76,0.004039685197588794,0.0017490024402249116,-0.001547307893361216,0.008423180592991913,0.7591586279793805
2022-01-05,477.16,477.21,471.6901,470.295,468.38,9.699900000000014,477.51,-0.0006282590940503985,-0.002957662244766124,-0.0040719123103584165,0.009209645010046957,0.8560230384957518
2022-01-06,467.89,467.05,469.42,468.96,467.93,5.389999999999986,468.38,-0.002839574704299852,-0.0009799326828853205,-0.002196349368816075,0.020313501287931173,1.9055988141271971
2022-01-07,467.95,468.64,467.47,466.965,466.12,4.550000000000011,467.93,0.0015173209668113419,-0.00108028322673126,-0.001809557461479927,0.011507750117425993,1.0560678659349294
2022-01-10,462.7,459.36,462.96,462.69,465.54,9.14269999999999,466.12,-0.014502703166566544,-0.0005832037325038675,0.006159631718861469,0.009723676618297632,0.8830530487479328
2022-01-11,465.23,462.86,468.885,469.4464,469.74,7.800000000000011,465.54,-0.005756755595652363,0.001197308508482875,0.0006254175130537831,0.019614476958723055,1.7024302697805351
2022-01-12,471.59,472.6263,470.9199,470.54,471.07,4.259999999999991,469.74,0.006144462894367209,-0.0008067189345788428,0.0011263654524589217,0.01675473643510764,1.407547164464929
2022-01-13,472.19,472.36,467.34,466.25,464.54,9.439999999999998,471.07,0.002738446515379911,-0.0023323490392432866,-0.0036675603217157793,0.009068846595989251,0.7705932439248356
2022-01-14,461.19,464.4,462.24,463.68,464.69,5.189999999999998,464.54,-0.00030137340164471116,0.0031152647975076775,0.002178226363009017,0.02003948457766361,1.7159036314309266
2022-01-18,459.74,458.12,458.425,457.03,456.51,4.649999999999977,464.69,-0.014138457896662238,-0.0030430277580848486,-0.0011377808896571029,0.011172342532397635,0.9817660676567154
2022-01-19,458.13,459.48,455.3699,454.55,451.79,8.1524,456.51,0.006505881579812023,-0.001800514263239572,-0.006071939280607119,0.010006671114076002,0.8963259898774046
2022-01-20,453.75,456.71,453.275,450.7079,446.79,14.240000000000009,451.79,0.010890015272582376,-0.005663449340907789,-0.008692769751761587,0.01785809730345447,1.5403066306393116
2022-01-21,445.56,443.63,439.95,438.5,438.02,10.089999999999975,446.79,-0.00707267396315947,-0.003295829071485401,-0.0010946408209806524,0.03151906859381573,2.539497622225018
2022-01-24,432.03,429.07,430.32,433.05,439.89,19.620000000000005,438.02,-0.02043285694717134,0.006344116006692824,0.01579494284724614,0.022583316546923554,1.740395389673682
2022-01-25,433.06,429.14,439.5,435.47,434.48,12.57000000000005,439.89,-0.024437927663734094,-0.009169510807735981,-0.002273405745516377,0.04479247522944159,3.0191592057238594
2022-01-26,440.72,441.95,436.34,432.96,433.46,15.180000000000007,434.48,0.017192966304547808,-0.0077462529220332366,0.001154841093865544,0.028575325649594332,1.8198865253061216
2022-01-27,438.26,440.28,431.11,431.59,431.27,12.139999999999986,433.46,0.015733862409449628,0.0011134049314558414,-0.0007414444264232101,0.034938317068679815,2.0359700161738914
2022-01-28,432.68,428.49,436.06,437.2368,441.9,14.180000000000007,431.27,-0.0064460778630555104,0.0026987111865339752,0.010665159016807202,0.028007197895999602,1.5317794577859354
2022-01-31,441.24,443.33,448.08,447.22,449.79,10.46999999999997,441.9,0.003236026250282853,-0.001919300124977541,0.005746612405527429,0.03287963456767224,1.6793006441721825
2022-02-01,450.68,449.77,450.44,452.32,452.97,6.691599999999994,449.79,-4.446519486878131e-05,0.004173696829766538,0.0014370357269191114,0.023693143245078006,1.1538468889481877
2022-02-02,455.5,454.51,457.0,457.38,457.3,5.069999999999993,452.97,0.0033997836501313827,0.0008315098468272275,-0.00017490926581831268,0.014877164899175156,0.7133023819858568
2022-02-03,450.95,450.27,448.27,448.61,446.65,7.260000000000048,457.3,-0.015372840586048597,0.0007584714569344175,-0.00436905106885721,0.011192794224783082,0.5341118086849799
2022-02-04,446.35,447.19,451.0599,451.875,448.73,8.949999999999989,446.65,0.0012090003358333767,0.0018070770644873502,-0.006959889349930859,0.015875792696260764,0.7656882761741491
2022-02-07,449.51,449.93,449.93,449.0846,447.23,5.139999999999986,448.73,0.0026742138925410774,-0.0018789589491697845,-0.004129734130273066,0.02003806112168362,0.9469545418411217
2022-02-08,446.73,446.43,448.71,450.17,450.89,6.699999999999989,447.23,-0.001788788766406535,0.003253771923959814,0.0015993957838149608,0.011454549506384654,0.5391118350945953
2022-02-09,455.22,455.35,456.66,457.0101,457.5,2.875,450.89,0.009891547827629799,0.0007666535277888187,0.0010719675560779685,0.014981105918654805,0.7128630165258246
2022-02-10,451.34,455.17,449.87,449.805,449.38,10.509999999999991,457.5,-0.005092896174863304,-0.0001444861848978185,-0.0009448538811263063,0.006376278027900375,0.3110913181597522
2022-02-11,449.41,449.1883,440.94,441.08,440.51,12.66500000000002,449.38,-0.0004265877431126608,0.00031750351521742104,-0.001292282579123949,0.022972677595628394,1.0840425632680986
2022-02-14,439.92,440.18,438.08,438.51,439.06,6.260000000000048,440.51,-0.0007491316882703991,0.0009815558802046542,0.001254247337574954,0.02818327473407811,1.3048498375361068
2022-02-15,443.73,444.03,445.35,445.59,446.07,3.099999999999966,439.06,0.011319637407187999,0.0005389019872010792,0.0010772234565408212,0.014210801116887353,0.6533465150654593
2022-02-16,443.93,442.77,446.58,447.41,446.61,6.115000000000009,446.07,-0.007397942027036142,0.0018585695732009633,-0.001788069108871082,0.007060538422994501,0.3268241129786316
2022-02-17,443.22,440.7899,438.38,437.65,437.11,10.145199999999988,446.61,-0.013031727905779111,-0.0016652219535563395,-0.0012338626756539517,0.013708610756159367,0.640708854994378
2022-02-18,437.33,438.36,436.6648,434.3157,434.27,6.840000000000032,437.11,0.0028596920683581217,-0.005379641317550754,-0.00010522299792525835,0.022716016211011818,1.0839938309569197
2022-02-22,431.89,434.19,430.94,431.66,429.65,9.639999999999986,434.27,-0.00018421719206940246,0.001670766231958165,-0.004656442570541763,0.015648234998055482,0.7592876559464046
2022-02-23,432.66,431.16,423.6101,423.66,421.97,11.909999999999968,429.65,0.003514488537181615,0.00011779700247949165,-0.003989047821366221,0.02219817164436868,1.139572537685431
2022-02-24,411.02,415.72,423.36,423.76,428.31,18.120000000000005,421.97,-0.01481147948906325,0.0009448223733936612,0.010737209741363163,0.027720237402536877,1.4261853652648715
2022-02-25,429.61,428.52,436.0605,436.6199,437.68,9.979999999999961,428.31,0.0004902990824402487,0.0012828495128542894,0.00242796995739325,0.04294144133469205,2.164737808364438
2022-02-28,432.03,434.27,432.92,433.55,436.67,7.5,437.68,-0.007791080241272175,0.0014552342234130933,0.007196401799100416,0.023300880203590765,1.188731237544741
2022-03-01,435.04,434.86,429.73,429.4608,430.01,10.060000000000002,436.67,-0.004145006526667716,-0.0006264398575850372,0.0012788128741900717,0.01713580698227015,0.9107873299215609
2022-03-02,432.37,433.63,437.9986,438.6901,437.83,8.150000000000034,430.01,0.008418408874212302,0.001578772169591236,-0.001960609551024728,0.02303799207639637,1.2266307649331845
2022-03-03,440.47,439.7,436.2701,436.445,435.72,7.310000000000002,437.83,0.004271064111641465,0.0004008984342498412,-0.0016611485983342167,0.018953047603544184,0.998300369296954
2022-03-04,431.75,431.79,429.31,430.71,432.24,5.490000000000009,435.72,-0.009019553841916883,0.0032610467960214606,0.0035522741519817824,0.016695977890962253,0.8668518327691503
2022-03-07,431.55,427.8267,421.7599,421.57,419.46,12.9418,432.24,-0.010210299833425807,-0.00045025617655924943,-0.005005099983395489,0.012599834756265511,0.6597920052904346
2022-03-08,419.62,418.6899,421.47,419.07,416.3,12.089999999999975,419.46,-0.001835931912458788,-0.0056943554701403,-0.006609874245352754,0.02994123635017583,1.5282506879074274
2022-03-09,425.14,424.1377,427.3199,428.76,427.41,6.689999999999998,416.3,0.01882704780206579,0.003370074737918838,-0.0031486146095717205,0.02882277213560286,1.408720647700497
2022-03-10,422.52,424.535,425.64,424.905,425.48,5.990000000000009,427.41,-0.006726562317213025,-0.0017268113899070459,0.0013532436662313518,0.016070141724717747,0.7833476883729319
2022-03-11,428.12,427.125,423.1,421.95,420.08,9.240000000000009,425.48,0.0038662216790448234,-0.002718033561805777,-0.00443180471619864,0.014014646358297673,0.6706657995548677
2022-03-14,420.89,421.33,417.12,417.17,417.06,8.759999999999991,420.08,0.0029756236907256817,0.00011986958189491581,-0.0002636814727808856,0.021716649431230632,1.0423750426328604
2022-03-15,419.77,420.37,424.62,425.772,426.14,8.419999999999959,417.06,0.007936507936507908,0.0027130139889783855,0.0008643123549694209,0.020853170824604816,1.0188525216862436
2022-03-16,429.89,431.93,429.95,432.995,435.61,10.879999999999995,426.14,0.013587084056882803,0.007082218862658474,0.006039330708206725,0.020188941639092597,0.9722012061186345
2022-03-17,433.59,436.1799,439.3822,439.115,441.0,7.8700000000000045,435.61,0.0013082803425081835,-0.0006081265922925905,0.004292725140339071,0.025531515464401362,1.177122663459966
2022-03-18,438.0,439.0401,442.5524,444.03,444.47,7.639999999999986,441.0,-0.004444217687074814,0.003338813663647411,0.0009909240366643424,0.018066619223617467,0.8246710825249577
2022-03-21,444.34,443.948,441.87,443.4999,444.43,5.779999999999973,444.47,-0.0011744324701330466,0.003688641455631858,0.002097181983581109,0.017324263038548723,0.8006377550980985
2022-03-22,445.86,447.21,448.98,449.03,449.58,4.71999999999997,444.43,0.0062552032941070035,0.00011136353512397612,0.0012248624813486764,0.013004252255495247,0.6046835705245046
2022-03-23,446.91,446.08,445.3005,445.72,443.84,4.699999999999989,449.58,-0.007785043818675175,0.00094206047376999,-0.004217894642376541,0.010620345161217673,0.5074951474307988
2022-03-24,445.94,445.58,448.17,449.595,450.41,5.699999999999989,443.84,0.003920331651045439,0.0031795970279135943,0.0018127425794325358,0.010454201699363825,0.5210508816031483
2022-03-25,451.16,450.8601,451.885,450.07,452.66,4.550000000000011,450.41,0.0009993117381941197,-0.00401650862498204,0.005754660386162236,0.012842465753424633,0.6919902492079648
2022-03-28,452.06,453.54,454.41,454.48,455.8698,5.829999999999984,452.66,0.0019440639773782298,0.0001540459056799115,0.003058000352050616,0.010101907151262208,0.5643905260315373
2022-03-29,460.02,459.2714,460.57,461.515,461.59,4.889999999999986,455.8698,0.007461779657261802,0.0020518053716047646,0.0001625082608365247,0.012879423850130304,0.7282282900142996
2022-03-30,460.34,460.9,457.875,457.16,458.72,4.730000000000018,461.59,-0.0014948330769730678,-0.0015615615615615086,0.0034123720360486054,0.010726746979071626,0.628382578866711
2022-03-31,457.89,457.93,456.58,455.52,451.65,7.599999999999966,458.72,-0.0017221834670387848,-0.002321608480441495,-0.008495785036880976,0.010247189063887906,0.6159974872879314
2022-04-01,453.31,452.26,451.7966,451.0799,452.88,4.319999999999993,451.65,0.0013506033432968412,-0.001586333319020139,0.003990645559688977,0.016567840948726816,0.9963396289698023
2022-04-04,453.13,454.52,456.06,456.1,456.78,4.569999999999993,452.88,0.003621268327150595,8.770775775124307e-05,0.0014909011181756249,0.009564928595151097,0.580503134189089
2022-04-05,455.22,456.91,452.51,451.4002,451.1,8.009999999999991,456.78,0.00028460090196613663,-0.002452542485248954,-0.0006650417966140854,0.01009097332626743,0.6516843350223294
2022-04-06,446.89,445.59,447.975,445.68,446.57,5.4599999999999795,451.1,-0.012214586566171692,-0.0051230537418383015,0.0019969484832165207,0.017535794036516467,1.1753133735975128
2022-04-07,445.59,447.0,449.24,449.29,448.74,7.160000000000025,446.57,0.000962894954878335,0.00011129908289553292,-0.0012241536646709905,0.012103746397694478,0.8221659015608654
2022-04-08,447.97,446.1,448.61,448.8999,447.62,4.689999999999998,448.74,-0.005883139457146691,0.000646218318806957,-0.0028511924373340047,0.016033320644020032,1.0816723446599696
2022-04-11,444.11,444.1,442.44,440.96,439.97,5.610000000000014,447.62,-0.007863813055716817,-0.0033450863393906793,-0.0022451015965165855,0.01045148638409769,0.7329512379944159
2022-04-12,443.08,445.06,438.83,437.06,438.24,9.099899999999991,439.97,0.011568970611632645,-0.004033452589841113,0.0026998581430466295,0.012532952057548844,0.9053347225906229
2022-04-13,438.03,439.05,442.8,443.485,443.36,6.270000000000039,438.24,0.0018483023001094612,0.0015469738030713387,-0.0002818584619547204,0.020683001113712275,1.4914031876174425
2022-04-14,443.55,442.1299,439.34,439.25,437.87,7.050099999999986,443.36,-0.0027744947672320164,-0.0002048527336458994,-0.0031417188389299966,0.014307228915662738,1.075170926759138
2022-04-18,436.81,437.76,438.37,437.07,437.99,4.139999999999986,437.87,-0.0002512161143718439,-0.0029655314004152222,0.0021049259843961554,0.015901524720317542,1.2047814778963544
2022-04-19,437.86,441.42,443.785,445.11,445.0,8.120000000000005,437.99,0.007831229023493647,0.0029856800027039387,-0.00024712992294040337,0.009454861031813065,0.7383605109046388
2022-04-20,446.92,445.02,444.01,445.47,444.68,4.089999999999975,445.0,4.494382022457444e-05,0.003288214229409281,-0.0017734078613599324,0.01853923605561772,1.4171605712018225
2022-04-21,448.54,449.36,439.22,439.48,438.04,12.909999999999968,444.68,0.010524422056310101,0.0005919584718363513,-0.0032765996177300805,0.009191011235955,0.7064307204800038
2022-04-22,436.91,434.31,427.4524,428.56,426.09,12.642499999999984,438.04,-0.008515204090950634,0.0025911657064037197,-0.0057634870263207905,0.029032112980120463,2.0827394927421774
2022-04-25,423.67,420.2993,425.51,427.205,428.49,9.850000000000023,426.09,-0.013590321293623364,0.003983455147940074,0.0030079235964000084,0.028861519495936405,1.9579954741920396
2022-04-26,425.83,423.86,420.75,417.96,416.11,9.970000000000027,428.49,-0.010805386356741109,-0.006631016042780824,-0.004426260886209121,0.023117181816048306,1.5019833432651075
2022-04-27,417.24,420.75,418.71,418.27,417.26,7.910000000000025,416.11,0.011150897599192522,-0.0010508466480380063,-0.002414708202835514,0.023267754206632657,1.4624131376645901
2022-04-28,422.29,420.48,428.65,428.77,427.79,12.039999999999964,417.26,0.007717010976369787,0.00027994867607605833,-0.0022856076684468762,0.01900939655379593,1.164459457623838
2022-04-29,423.59,425.71,415.66,414.07,412.05,14.660000000000025,427.79,-0.004862198742373702,-0.003825241784150557,-0.004878402202526111,0.028854910607295125,1.6722599417714197
2022-05-02,412.07,412.27,406.46,411.91,414.5,10.900000000000034,412.05,0.0005339157869190814,0.013408453476356996,0.006287781311451468,0.034269150751537025,1.889137444830844
2022-05-03,415.01,415.42,417.3167,416.65,416.42,5.569999999999993,414.5,0.0022195416164052517,-0.0015975876354817897,-0.0005520220808831189,0.026453100351899125,1.3934042008351546
2022-05-04,417.08,416.0319,423.7,427.01,428.99,15.95010000000002,416.42,-0.0009319917391096277,0.007812131224923302,0.004636893749560889,0.013437876960192987,0.7016487245570534
2022-05-05,424.55,421.565,412.77,410.03,413.92,15.560000000000002,428.99,-0.017308095759807962,-0.006638079317779932,0.00948711069921715,0.03830291532587297,1.8971029531646615
2022-05-06,411.1,406.3616,408.9399,408.625,411.38,9.069999999999993,413.92,-0.018260533436412874,-0.0007700398029149014,0.0067421229733863886,0.03627124175388704,1.6950295882993172
2022-05-09,405.1,405.2,401.31,399.69,398.24,9.910000000000025,411.38,-0.01502260683552925,-0.004036779546983671,-0.0036278115539543077,0.021912446849632762,1.010137187066216
2022-05-10,404.49,404.14,401.33,399.77,399.07,11.259999999999991,398.24,0.014815186822016768,-0.0038870754740487623,-0.0017510068289265934,0.024089649472507232,1.0766586701686784
2022-05-11,398.07,402.26,395.33,394.69,392.77,12.080000000000041,399.07,0.00799358508532344,-0.0016189006652669313,-0.004864577263168579,0.028274407392527096,1.2207488802419189
2022-05-12,389.37,388.6,385.7349,388.17,392.41,10.650000000000034,392.77,-0.010616900476105529,0.006312884833599597,0.010923049179483169,0.030270378630315585,1.2804243791668182
2022-05-13,396.71,398.64,400.55,402.37,401.69,7.569999999999993,392.41,0.015876251879411774,0.004543752340531837,-0.0016899868280438879,0.027115105532500024,1.1167078253636884
2022-05-16,399.98,398.7241,402.9999,401.01,400.23,6.3700000000000045,401.69,-0.007383554482312205,-0.004937718346828435,-0.0019450886511557242,0.01929104762875562,0.7889752098143243
2022-05-17,406.53,405.195,407.07,408.11,408.27,5.987599999999986,400.23,0.012405366914024274,0.0025548431473703115,0.0003920511626767098,0.015857999950210373,0.640186095476691
2022-05-18,403.5,401.16,391.6851,390.85,391.93,13.25,408.27,-0.017414945991623076,-0.0021320698693924056,0.0027632083919661987,0.014960397771281478,0.6083445745758121
2022-05-19,388.62,388.64,392.79,389.83,389.45,7.029999999999973,391.93,-0.00839435613502415,-0.007535833396980718,-0.0009747838801529296,0.03245401327552845,1.2600989711635806
2022-05-20,393.25,392.76,383.51,385.27,389.6,16.489999999999952,389.45,0.008499165489793237,0.004589189330134857,0.011238871440807818,0.017936876483045372,0.7117704034462817
2022-05-23,392.83,392.1863,396.23,396.1139,396.93,7.350000000000023,389.6,0.006638347022587254,-0.00029301163465667024,0.0020602659992492445,0.04234176402619066,1.636435840049985
2022-05-24,392.56,390.77,390.85,392.76,394.0,8.189999999999998,396.93,-0.015519109162824729,0.004886785211718037,0.0031571443120481657,0.018865503080082193,0.7351590851148737
2022-05-25,392.31,394.44,397.655,398.51,397.55,7.560000000000002,394.0,0.001116751269035543,0.0021501049905068292,-0.0024089734260118734,0.02063336104602826,0.8081981463233935
2022-05-26,398.67,402.57,406.015,405.09,405.29,8.590000000000032,397.55,0.012627342472644854,-0.002278240951689048,0.0004937174455059701,0.019187817258883254,0.7513144056416842
2022-05-27,407.91,411.03,413.14,414.36,415.35,7.680100000000039,405.29,0.014162698314786892,0.002952994142421561,0.0023892267593397243,0.021607344988051898,0.8582305746830904
2022-05-31,413.55,411.2,413.04,414.32,412.94,6.430000000000007,415.35,-0.009991573371855189,0.003098973465039734,-0.003330758833751668,0.018949640997804135,0.7762859782478919
2022-06-01,415.17,414.8999,411.12,411.71,409.62,9.310000000000002,412.94,0.004746210103162785,0.0014351041058571212,-0.005076388720215652,0.015480919706271835,0.64876777871467
2022-06-02,409.42,408.2,414.71,415.34,417.37,10.399999999999977,409.62,-0.0034666276060739687,0.0015191338525717413,0.004887561997399814,0.022545648278200228,0.9271396634696552
2022-06-03,412.4,413.114,411.57,410.9461,410.59,4.53000000000003,417.37,-0.010197187148094033,-0.0015159025196199716,-0.0008665369984044435,0.025389385283921626,1.0725606681888096
2022-06-06,414.78,415.17,411.83,411.08,411.76,6.056699999999978,410.59,0.011154679850946314,-0.0018211397906903182,0.0016541792351854046,0.010853678989865178,0.48452043663866573
2022-06-07,408.1,409.7,414.1,414.865,415.7,8.610000000000014,411.76,-0.005002914319020779,0.0018473798599372149,0.002012702927458365,0.014751211671009958,0.6692074783150053
2022-06-08,413.93,415.28,411.22,412.02,411.29,5.439999999999998,415.7,-0.0010103439980755358,0.0019454306697144208,-0.0017717586524924611,0.020910238974159737,0.9555106322567601
2022-06-09,409.34,411.65,406.62,404.49,401.47,10.29000000000002,411.29,0.0008752948041526043,-0.005238306035118767,-0.007466191994857652,0.013086360356025974,0.619489257066465
2022-06-10,394.88,393.38,393.1,393.39,389.82,6.027699999999982,401.47,-0.020150945276110388,0.0007377257695242445,-0.009074963776405043,0.025018843152033895,1.1992624647807364
2022-06-13,379.85,379.79,376.9352,375.08,375.02,8.509999999999991,389.82,-0.02572982402134316,-0.004921800882485949,-0.00015996587394684347,0.015014073280693405,0.74118659432282
2022-06-14,376.85,377.42,372.18,372.415,373.82,7.350000000000023,375.02,0.006399658684870246,0.0006314149067656594,0.0037726729589302455,0.02183058847673283,1.0709782428230366
2022-06-15,377.36,378.6,378.13,382.28,379.13,11.779999999999973,373.82,0.012786902787437882,0.010975061486790283,-0.008240033483310594,0.019598954722414866,0.9527546376613926
2022-06-16,370.51,368.8181,364.82,366.94,366.92,6.8600999999999885,379.13,-0.027198849998681163,0.005811084918589948,-5.4504823676859715e-05,0.0315124926435182,1.4726540242103872
2022-06-17,365.51,368.39,367.46,367.94,365.84,7.2099999999999795,366.92,0.00400632290417513,0.0013062646274424328,-0.0057074523020058665,0.018094321209083924,0.8749480853582529
2022-06-21,371.89,374.83,376.0817,375.97,375.0699,4.714999999999975,365.84,0.024573584080472388,-0.0002970099316185193,-0.0023940739952655887,0.01965005995857402,0.9462561633046224
2022-06-22,370.62,373.54,377.25,375.76,374.39,8.54000000000002,375.0699,-0.00407897301276372,-0.0039496355202121025,-0.0036459442197147585,0.012888147824185368,0.6680070933374926
2022-06-23,376.64,377.0125,376.19,376.95,378.13,5.939999999999998,374.39,0.007004727690376411,0.002020255721842723,0.0031303886457090258,0.022769089175111147,1.1683280880835571
2022-06-24,381.4,383.785,387.85,388.08,390.05,8.724999999999966,378.13,0.01495517414645775,0.0005930127626658788,0.005076272933415948,0.01586580838163412,0.8241879363454504
2022-06-27,391.05,388.1,388.58,388.82,388.66,3.920000000000016,390.05,-0.00499935905653115,0.0006176334345566747,-0.0004115014659739069,0.023074075053552922,1.1866606318083388
2022-06-28,390.23,391.9199,381.51,381.4999,380.74,12.630000000000052,388.66,0.00838753666443659,-2.6473749049737982e-05,-0.0019918747029815664,0.010049993590565352,0.5326848925729831
2022-06-29,381.23,381.0718,380.07,381.46,380.36,3.849999999999966,380.74,0.0008714608394180257,0.003657221038229741,-0.0028836575263460063,0.03249626923274855,1.6627228783394274
2022-06-30,376.24,373.3421,377.23,377.4599,377.285,8.09820000000002,380.36,-0.01845067830476388,0.0006094425151763616,-0.00046336047882167275,0.010111887377212705,0.5245963943684194
2022-07-01,376.56,378.69,379.9,380.17,381.2,7.899999999999977,377.285,0.0037239752441786678,0.000710713345617453,0.002709314254149442,0.02129088232201078,1.1081603036680685
2022-07-05,375.88,373.89,379.8899,381.11,381.95,9.080000000000041,381.2,-0.019176285414480576,0.0032117200273027446,0.0022040880585656453,0.020939077885418125,1.102619489586735
2022-07-06,382.11,382.12,384.55,385.265,383.31,6.269999999999982,381.95,0.0004450844351355787,0.0018593160837341305,-0.005074429288930982,0.023819517313746173,1.2128931709468238
2022-07-07,385.12,387.385,388.8615,389.04,388.94,6.562999999999988,383.31,0.010631081891941285,0.000459032328991249,-0.00025704297758588623,0.01641576122529122,0.8323653431014532
2022-07-08,387.27,386.3,390.02,389.545,388.68,4.979999999999961,388.94,-0.006787679333573271,-0.00121788626224284,-0.0022205393471871337,0.017121911768542403,0.8765900109756578
2022-07-11,385.85,384.6301,384.59,384.26,384.3,3.3700000000000045,388.68,-0.010419625398785604,-0.0008580566317376581,0.00010409618487483563,0.012804031470149538,0.6560017259338364
2022-07-12,383.65,383.75,382.5,380.25,380.8802,7.170000000000016,384.3,-0.001431173562321142,-0.00588235294117645,0.0016573307034846163,0.008670371513841733,0.46363476659740194
2022-07-13,375.1,377.57,381.38,380.25,378.87,7.2620000000000005,380.8802,-0.008690921712391497,-0.0029629241176778454,-0.00362919132149897,0.018657298985167877,0.9880459832404089
2022-07-14,373.61,372.33,377.78,378.4907,377.96,8.009799999999984,378.87,-0.01726185762926602,0.0018812536396846102,-0.0014021480580632684,0.019066362599053456,1.0171539102540414
2022-07-15,382.55,381.41,384.35,384.15,385.1,4.7099999999999795,377.96,0.009127950047624234,-0.0005203590477430575,0.0024729923207080784,0.021141288568638276,1.1232262508355353
2022-07-18,388.38,388.3,383.12,382.7,381.99,8.42999999999995,385.1,0.008309529992209796,-0.0010962622676968792,-0.0018552390906715344,0.012461636151973701,0.6973733543587003
2022-07-19,386.08,386.8721,391.7416,391.97,392.25,7.480000000000018,381.99,0.0127807010654728,0.0005830373899531338,0.0007143403831926243,0.021890418073227603,1.212148092536344
2022-07-20,392.47,391.4593,394.5399,395.7301,394.79,5.230000000000018,392.25,-0.002015806246016605,0.003016678414528018,-0.0023756090325198764,0.019581664441477572,1.0845097938789585
2022-07-21,394.16,394.92,396.9526,397.53,398.8,7.2099999999999795,394.79,0.0003292889890826878,0.0014545817309168374,0.0031947274419541483,0.01333333333333338,0.7375433296576813
2022-07-22,398.92,397.96,393.7078,394.87,395.12,7.430000000000007,398.8,-0.0021063189568707452,0.0029519354201261727,0.0006331197609339423,0.018262873932976972,1.0229741293946795
2022-07-25,395.75,395.5,393.79,393.59,395.55,3.2600000000000477,395.12,0.0009617331443612098,-0.0005078849132787999,0.0049798013160904375,0.018630892678034118,1.0355686791672054
2022-07-26,393.84,393.24,390.7301,390.775,390.91,4.110000000000014,395.55,-0.005839969662495226,0.00011491308194577776,0.0003454673405414166,0.008250658027941,0.47830438075872
2022-07-27,394.36,395.33,399.86,402.77,401.0,8.829999999999984,390.91,0.011306950448952247,0.007277547141499419,-0.004394567619236733,0.010390595373530561,0.601766009952099
2022-07-28,401.89,399.34,406.2,406.465,406.01,8.650000000000034,401.0,-0.004139650872817979,0.0006523879862136983,-0.001119407575067899,0.022588319562047487,1.3468325160837924
2022-07-29,407.58,409.18,411.87,412.67,412.06,6.259999999999991,406.01,0.0078076894657768126,0.0019423604535411254,-0.0014781786899944471,0.02157107231920208,1.2436910090498432
2022-08-01,409.15,411.19,411.38,410.74,410.71,5.010000000000048,412.06,-0.0021113430082997375,-0.00155573921921337,-7.303890539034352e-05,0.015418339449767225,0.9042605310029941
2022-08-02,409.12,408.6,409.48,409.39,408.12,6.180000000000007,410.71,-0.005137444912468592,-0.0002197909543812937,-0.003102176408803281,0.012158423530553918,0.7319175845982807
2022-08-03,410.3,411.5288,414.815,414.83,414.41,5.680000000000007,408.12,0.008352445359208094,3.616069814249556e-05,-0.001012462936624492,0.015047113535097774,0.9303780032317355
2022-08-04,414.37,414.48,414.21,414.63,414.17,2.6499999999999773,414.41,0.00016891484278858115,0.0010139784167451094,-0.0011094228589344501,0.013917475252376769,0.8672294561929609
2022-08-05,409.66,412.05,412.015,412.4986,413.43,4.5499999999999545,414.17,-0.005118671077093961,0.0011737436743808338,0.0022579470572747784,0.0063946333341376345,0.41224208670162477
2022-08-08,415.25,417.19,412.5,412.77,413.02,5.7900000000000205,413.43,0.009094647219601848,0.0006545454545454632,0.0006056641713303446,0.010985827075838313,0.7123971872255882
2022-08-09,412.22,411.1353,411.04,411.49,411.34,2.5299999999999727,413.02,-0.004563217277613663,0.001094783962631407,-0.00036452890714244734,0.014004789202525266,0.8927269867650492
2022-08-10,418.78,418.2,418.4901,419.36,419.95,3.419999999999959,411.34,0.016677201341955605,0.0020786632706484287,0.0014069057611598712,0.00612561135053986,0.40671830214918775
2022-08-11,422.99,423.32,420.13,419.9359,420.01,5.740000000000009,419.95,0.008024764852958777,-0.0004619998571870898,0.00017645550189926418,0.008314289881849466,0.5724729716885678
2022-08-12,422.03,422.6,425.72,426.33,427.06,6.180000000000007,420.01,0.006166519844765572,0.0014328666729304107,0.0017122886027256534,0.01366829384450532,0.9659699267796427
2022-08-15,424.765,426.93,428.95,429.2,428.86,4.7000000000000455,427.06,-0.00030440687491217755,0.0005828185103158301,-0.0007921714818266423,0.01471393538249091,1.0316571206586107
2022-08-16,427.73,428.42,429.1,429.48,429.66,4.850000000000023,428.86,-0.0010259758429324028,0.0008855744581681702,0.0004191114836546994,0.011005479323748527,0.8022549994329246
2022-08-17,425.91,426.975,427.7699,427.165,426.67,4.9599999999999795,429.66,-0.00624912721686921,-0.001414077989124518,-0.0011588028045369514,0.011309051905050651,0.8500138338000276
2022-08-18,426.86,426.0201,427.6328,428.34,427.83,3.1100000000000136,426.67,-0.0015231912250686097,0.0016537552778925768,-0.0011906429471915114,0.011544011544011495,0.8735480803479161
2022-08-19,424.98,423.17,421.8,422.29,422.15,4.039999999999964,427.83,-0.010892176799195852,0.0011616880037932376,-0.0003315257287647144,0.007289005554644136,0.5754603350323163
2022-08-22,417.05,416.19,412.87,413.15,413.46,4.830000000000041,422.15,-0.014118204429705017,0.0006781795722623496,0.0007503328089071282,0.00944300306196378,0.7735730176972272
2022-08-23,412.9,413.88,412.82,413.08,412.33,3.650000000000034,413.46,0.0010158177332753038,0.0006298144469745193,-0.0018156289338626674,0.011441430771053042,0.9251929269597529
2022-08-24,412.11,412.2777,413.35,413.805,413.63,3.720100000000002,412.33,-0.00012684015230524093,0.0011007620660457018,-0.0004229045081620697,0.008827939824892455,0.718396063208497
2022-08-25,415.24,416.4,416.67,417.4464,419.51,5.470000000000027,413.63,0.006696806324492766,0.001863345093239266,0.004943389139300258,0.009022142458710263,0.7770947333879721
2022-08-26,419.39,419.17,407.45,407.12,405.32,14.70999999999998,419.51,-0.0008104693571070465,-0.0008099153270340054,-0.00442130084495973,0.013224379276164754,1.1815120417106328
2022-08-29,402.2,402.814,404.6,404.1565,402.63,4.640099999999961,405.32,-0.00618276917003846,-0.0010961443400890891,-0.0037770022256229385,0.03506471836189836,2.8800406172292283
2022-08-30,403.85,401.865,397.33,398.48,398.18,8.100000000000023,402.63,-0.0019000074510095999,0.0028943195832180635,-0.0007528608713109897,0.01144799171025353,0.9430321492169192
2022-08-31,399.93,399.6018,395.908,396.7,395.13,6.199999999999989,398.18,0.0035707468983876556,0.002000464754437825,-0.003957650617595121,0.020117725951866533,1.6233022774818398
2022-09-01,392.89,392.805,394.27,394.015,396.4,6.739999999999952,395.13,-0.005884139397160371,-0.0006467649072969817,0.006053069045594661,0.015570847355467347,1.2480885451763863
2022-09-02,400.28,398.02,392.57,392.63,392.27,11.225000000000023,396.4,0.004086781029263298,0.00015283898413032126,-0.0009168937676693467,0.017057677220155273,1.3112305665034119
2022-09-06,393.13,391.64,390.413,390.9309,390.79,5.699999999999989,392.27,-0.0016060366584240704,0.0013265439419281044,-0.00036042175228412354,0.028317356205852733,2.040819346316524
2022-09-07,390.43,391.73,397.78,398.5301,397.77,8.389999999999986,390.79,0.002405383965812913,0.0018857157222587073,-0.0019072586989038465,0.014530807861931805,1.0452476370615504
2022-09-08,395.39,397.32,398.55,399.14,400.4,6.740000000000009,397.77,-0.0011313070367297007,0.001480366327938798,0.0031567870922482033,0.02146933135443585,1.4635881029775655
2022-09-09,402.74,404.27,406.73,407.1,406.55,5.050000000000011,400.4,0.00966533466533459,0.0009096943918569522,-0.0013510194055514901,0.016944465394574778,1.1221143772121838
2022-09-12,408.78,411.01,410.29,410.1,410.95,3.2700000000000387,406.55,0.010970360349280561,-0.00046308708474496196,0.0020726652036087145,0.012612387612387642,0.8381613590244139
2022-09-13,401.83,400.9,395.87,394.18,393.13,11.180000000000007,410.95,-0.02445552986981392,-0.004269078232753132,-0.0026637576741590507,0.008043291108104879,0.5466363948586003
2022-09-14,394.47,395.11,392.61,392.06,394.61,5.079999999999984,393.13,0.005036501920484326,-0.001400881281679034,0.006504106514308994,0.027205256113882484,1.7524484000218974
2022-09-15,392.96,395.1422,391.0453,389.11,390.13,7.180000000000007,394.61,0.001348673373710696,-0.004949042988114161,0.0026213667086427694,0.012921934220232453,0.8280751127025785
2022-09-16,384.14,382.6099,384.87,384.93,385.64,4.139999999999986,390.13,-0.019275882398175015,0.00015589679632088682,0.0018444912061932328,0.0181951800511898,1.1416695616365669
2022-09-19,382.26,384.8401,385.85,387.98,388.54,6.371600000000001,385.64,-0.0020742142931230445,0.005520279901516156,0.0014433733697614137,0.010611847332940266,0.6589782830508075
2022-09-20,385.06,383.88,383.33,384.15,384.17,4.925000000000011,388.54,-0.011993617130797385,0.0021391490360784804,5.206299622551036e-05,0.016522145005704807,1.0039314884496362
2022-09-21,386.11,386.24,387.5,381.55,377.39,11.920000000000016,384.17,0.005388239581435306,-0.015354838709677354,-0.010902896081771751,0.012675657589952156,0.7673309125160072
2022-09-22,376.58,374.93,375.42,376.06,374.23,4.220000000000027,377.39,-0.0065184557089482675,0.00170475733844766,-0.004866244748178428,0.031027930343337624,1.7600351667921752
2022-09-23,370.58,367.79,363.495,366.22,367.92,7.329999999999984,374.23,-0.01720866846591662,0.007496664328257685,0.004642018458849817,0.011182066297464235,0.6304319697334165
2022-09-26,366.41,368.43,365.5297,365.46,364.31,7.180099999999982,367.92,0.0013861709067188865,-0.00019068217986117908,-0.003146719203195869,0.019586885070678416,1.0848289462991587
2022-09-27,368.02,368.444,364.03,363.09,363.39,9.529999999999973,364.31,0.011347478795531218,-0.0025822047633436984,0.0008262414277451224,0.01951538377908236,1.129505742338855
2022-09-28,364.38,364.305,369.46,370.845,370.48,9.699999999999989,363.39,0.002517955915132486,0.003748714339847581,-0.000984238698108375,0.026159040377700234,1.4522020987760247
2022-09-29,366.81,363.19,359.919,361.26,362.79,7.410000000000025,370.48,-0.01967717555603543,0.0037258383136204998,0.004235176880916791,0.026693084564792618,1.4552882568218402
2022-09-30,361.8,363.1,359.32,360.07,357.19,8.800000000000011,362.79,0.0008544888227348668,0.00208727596571312,-0.007998444746854738,0.020001079680414664,1.0774330515651458
2022-10-03,361.08,360.65,368.12,368.06,366.6,9.340000000000032,357.19,0.009686721352781369,-0.00016299032924049772,-0.003966744552518553,0.024256456903442792,1.2818112505706367
2022-10-04,372.4,376.0023,377.09,376.6,377.93,11.432299999999998,366.6,0.025647299509001575,-0.0012994245405605342,0.0035315985130111027,0.026148548391612396,1.3897611097828015
2022-10-05,373.39,374.309,377.68,378.505,377.15,8.509999999999991,377.93,-0.0095811393644325,0.002184388900656531,-0.003579873449492177,0.03118466993998908,1.5871812142001729
2022-10-06,375.62,376.23,373.46,374.46,373.22,6.0400000000000205,377.15,-0.002439347739626063,0.0026776629357896375,-0.003311435133258378,0.0225173974016352,1.1430014409141838
2022-10-07,368.97,365.53,362.78,361.62,362.8,12.35329999999999,373.22,-0.020604469213868604,-0.0031975301835822645,0.003263093855428334,0.016014848203632564,0.8148493054654914
2022-10-10,363.96,361.65,360.5401,360.7584,360.07,6.539999999999964,362.8,-0.003169790518191884,0.0006054804999500174,-0.0019082022760938955,0.03309924441348264,1.6006910050816734
2022-10-11,358.235,356.59,357.32,357.1,357.74,7.319999999999993,360.07,-0.009664787402449582,-0.0006156946154706189,0.001792215065807845,0.018026460859977847,0.8512179768327796
2022-10-12,358.17,358.8279,357.69,357.61,356.55,3.5178999999999974,357.74,0.003041035388829938,-0.00022365735692908562,-0.0029641229272112657,0.020329380398255877,0.9758042306160482
2022-10-13,349.205,351.96,366.8,366.08,365.96,19.399999999999977,356.55,-0.012873369793857892,-0.001962922573609638,-0.0003277972027971865,0.009833678090233123,0.4755382115777276
2022-10-14,368.55,366.6,358.4683,358.705,357.68,13.300000000000011,365.96,0.0017488250081978407,0.0006603094332189308,-0.0028575012893602425,0.05441032113308085,2.419332582691334
2022-10-17,364.01,365.87,366.82,366.98,366.8,10.699099999999987,357.68,0.022897562066651833,0.0004361812333024684,-0.0004904899449561517,0.03634276970160676,1.528525868015091
2022-10-18,375.13,373.1,369.4,369.674,371.14,7.930000000000007,366.8,0.01717557251908408,0.0007417433676231155,0.003965656226837755,0.02991249161261459,1.2236214924497488
2022-10-19,368.99,368.59,367.19,367.73,368.56,6.300000000000011,371.14,-0.006870722638357529,0.0014706282850840413,0.002257090800315442,0.021619411123227936,0.8684915943992135
2022-10-20,368.03,369.1,365.61,365.29,365.43,8.060000000000002,368.56,0.0014651617104406434,-0.0008752495828888707,0.000383257138164117,0.016974726518295014,0.7017134262728365
2022-10-21,365.12,369.08,372.9,374.64,374.28,11.259999999999991,365.43,0.009988233040527428,0.004666130329847196,-0.0009609224855862131,0.021868895159539836,0.8844944917240698
2022-10-24,375.89,377.68,379.34,379.64,378.84,6.949999999999989,374.28,0.009084108154323145,0.0007908472610322903,-0.0021072595090085855,0.03081301480447689,1.2185778605634683
2022-10-25,378.79,382.37,383.55,384.755,384.87,6.579000000000008,378.84,0.00931791785450331,0.0031417025159692358,0.00029889150238471274,0.018568985786042505,0.7357339009697486
2022-10-26,381.62,381.69,382.4099,382.3088,382.08,6.229999999999961,384.87,-0.008262530205004337,-0.0002643760007258189,-0.0005984690909548451,0.017366170414950925,0.700274735430633
2022-10-27,383.07,381.2,380.13,380.74,379.97,5.670000000000016,382.08,-0.002303182579564522,0.0016047141767290274,-0.0020223774754425383,0.016187284017979996,0.6668626063678182
2022-10-28,379.87,382.52,388.845,389.0,388.97,9.839999999999975,379.97,0.00671105613601064,0.0003986164152811611,-7.712082262201214e-05,0.014839824120603057,0.6179210363201334
2022-10-31,386.44,385.4749,386.845,386.6649,386.21,3.1399999999999864,388.97,-0.00898552587603163,-0.00046556114205953403,-0.0011764708924963951,0.025896781324841366,1.0746557879704488
2022-11-01,390.14,388.0407,385.3899,384.79,384.53,7.099999999999966,386.21,0.004740167266513051,-0.0015566054014388708,-0.0006756932352712797,0.008072602000154219,0.34804777746043636
2022-11-02,383.9,382.44,380.49,377.09,374.87,13.79000000000002,384.53,-0.005435206615868604,-0.008935845882940496,-0.005887188734784776,0.018383780844618124,0.8151041760470421
2022-11-03,371.465,369.17,373.5272,373.2,371.02,5.409999999999968,374.87,-0.015205271160669054,-0.0008759736908048321,-0.005841371918542393,0.03586196135542096,1.5443675175783769
2022-11-04,377.0,375.1,373.96,374.51,376.34,8.870000000000005,371.02,0.010996711767559786,0.0014707455342817255,0.004886384876238159,0.014431669645477013,0.6236144970704144
2022-11-07,377.71,376.11,379.33,380.19,379.94,5.0400000000000205,376.34,-0.0006111494924800898,0.0022671552474098355,-0.0006575659538651246,0.023907067004474165,1.0539936322204537
2022-11-08,381.11,380.39,380.6,382.9,381.97,7.399999999999977,379.94,0.0011843975364531634,0.006043089858118744,-0.002428832593366237,0.013392145400435831,0.5965148706097694
2022-11-09,379.93,378.715,374.8395,375.305,374.15,7.529999999999973,381.97,-0.008521611644893734,0.0012418648514898045,-0.0030774969691318432,0.019476759488340205,0.8691871087054597
2022-11-10,388.05,389.78,392.26,393.455,394.64,9.398000000000025,374.15,0.04177468929573691,0.0030464487839698684,0.0030117802544127326,0.019713590072518713,0.8607798116748496
2022-11-11,395.59,395.16,399.23,398.535,398.5,5.740000000000009,394.64,0.0013176565984189814,-0.0017408511384414682,-8.782164678144966e-05,0.025118268074301817,1.171702559401614
2022-11-14,396.66,397.1255,398.75,397.82,395.18,5.349899999999991,398.5,-0.0034491844416562056,-0.00233228840125399,-0.006636167110753544,0.014544901682546142,0.7148244193060062
2022-11-15,401.15,401.62,398.71,398.913,398.54,7.819999999999993,395.18,0.016296371273849974,0.0005091419828948673,-0.000935040973846446,0.013425094102885799,0.6876501183742263
2022-11-16,396.78,396.35,396.18,395.28,395.51,2.9899999999999523,398.54,-0.005495056957896316,-0.002271694684234493,0.0005818660190244351,0.019788450832531994,1.0183645312338336
2022-11-17,390.46,390.3744,393.15,392.07,394.28,4.810000000000002,395.51,-0.012984753862102072,-0.002747043113315528,0.0056367485398014505,0.0075023837005067295,0.39573747362387374
2022-11-18,397.74,395.785,394.7,395.8955,396.09,4.769999999999982,394.28,0.003817084305569818,0.003028882695718327,0.0004912912624668309,0.01216151298323684,0.6583537147430876
2022-11-21,394.64,395.205,394.4801,394.3017,394.58,3.159999999999968,396.09,-0.0022343406801483834,-0.00045224081011951967,0.000705804717555214,0.012098001420310395,0.6898612544182967
2022-11-22,396.63,395.92,398.9,399.45,399.87,4.9173000000000116,394.58,0.0033960160170307674,0.00137879167711219,0.0010514457378896225,0.007977984801433937,0.4690914683561494
2022-11-23,399.55,401.38,402.2,402.4,402.39,3.6200000000000045,399.87,0.0037762272738639524,0.0004972650422674363,-2.4850894632222342e-05,0.012462111612347336,0.7434692029123712
2022-11-28,399.09,399.8671,395.99,395.2378,395.92,5.699999999999989,402.39,-0.00626978801660083,-0.0018995429177505185,0.0017260494821094152,0.009052942206217033,0.5518272534038433
2022-11-29,396.05,395.68,394.74,394.94,395.25,4.0,395.92,-0.0006061830672863255,0.0005066626133656271,0.0007849293563579884,0.014165361962275377,0.86523630380135
2022-11-30,395.49,395.21,403.26,405.43,407.47,14.069999999999993,395.25,-0.00010120177103101202,0.005381143679016098,0.005031694743852233,0.010103051121438673,0.648380360812962
2022-12-01,408.77,409.0928,407.938,407.36,407.38,5.25,407.47,0.003982624487692377,-0.0014168819771631647,4.909662215224486e-05,0.03559772296015178,2.099140419346762
2022-12-02,402.25,403.08,406.54,406.84,406.87,5.720000000000027,407.38,-0.010555255535372399,0.0007379347665665836,7.373906203911318e-05,0.012884384126438756,0.7722937706578171
2022-12-05,403.95,403.32,398.9354,398.69,399.61,6.759999999999991,406.87,-0.008725145623909358,-0.000615137187624959,0.0023075572499937635,0.014040944572634953,0.9005098006758259
2022-12-06,399.42,397.19,392.49,392.12,393.86,8.350000000000023,399.61,-0.006055904506894305,-0.0009426991770491444,0.004437417117209019,0.016614643497923146,1.0581654750329166
2022-12-07,392.94,392.82,392.92,392.785,393.15,3.669999999999959,393.86,-0.00264053216879101,-0.0003435813906138563,0.0009292615553035954,0.020895372988664004,1.3436863703233635
2022-12-08,395.14,396.18,395.53,396.16,396.21,4.091600000000028,393.15,0.007706982067912982,0.0015927995348015145,0.00012621163166381955,0.009318031787944851,0.6071535692045431
2022-12-09,394.94,395.7426,395.85,395.4501,393.285,4.470000000000027,396.21,-0.0011796774437797808,-0.0010102311481622328,-0.005475027064097304,0.010407223705964717,0.6987715842507481
2022-12-12,394.11,394.6327,396.735,398.075,398.91,5.518000000000029,393.285,0.0034267770192100144,0.0033775694103115317,0.002097594674370429,0.011281895964261447,0.7795663965149432
2022-12-13,410.22,409.33,401.59,401.72,401.95,11.420000000000016,398.91,0.02612118021608878,0.0003237132398716813,0.0005725380862291463,0.014030537650813097,1.0081127308008344
2022-12-14,401.61,403.85,398.86,398.71,399.41,9.189999999999998,401.95,0.004726956089065926,-0.0003760718046432743,0.0017556620099823395,0.02862801133087668,1.9579015093438277
2022-12-15,394.3,391.575,390.22,390.63,389.65,7.365000000000009,399.41,-0.019616434240504854,0.0010506893547228557,-0.0025087678877711017,0.022863540241323543,1.5147731802286646
2022-12-16,385.18,385.87,382.93,384.08,383.3,5.534999999999968,389.65,-0.009701013730270658,0.0030031598464470566,-0.0020308269110601573,0.018439698555369193,1.227164238504041
2022-12-19,383.47,382.42,378.745,378.805,379.98,5.5400000000000205,383.3,-0.002295851813201133,0.00015841793290993778,0.003101859795937356,0.014205055819324955,0.9247239486108377
2022-12-20,379.23,380.04,380.7,381.03,380.52,4.3799999999999955,379.98,0.00015790304752871798,0.000866824271079647,-0.001338477285253159,0.01445343073310728,0.933925640040288
2022-12-21,383.25,383.16,386.09,385.56,386.23,4.720000000000027,380.52,0.006937874487543461,-0.0013727369266232081,0.0017377321298890358,0.011526922469603651,0.7462026024040903
2022-12-22,383.05,381.585,378.491,380.2799,380.76,11.443399999999997,386.23,-0.012026512699686798,0.004726400363548988,0.00126249112824528,0.012404078629244265,0.7916445240306407
2022-12-23,379.65,378.4921,382.54,382.05,382.9,5.03000000000003,380.76,-0.005956245403929028,-0.00128091180007317,0.002224839680669888,0.02962845972606995,1.7927235613375982
2022-12-27,382.79,380.5114,381.3399,381.97,381.39,3.5,382.9,-0.0062381822930268616,0.0016523316862464554,-0.0015184438568475178,0.01321042126273776,0.7893916376582618
2022-12-28,381.33,382.12,378.44,377.091,376.68,6.96999999999997,381.39,0.0019140512336452975,-0.0035646337596447752,-0.0010899225916291,0.009140767824497258,0.5545334129274934
2022-12-29,379.63,381.6,383.55,383.4363,383.39,5.270000000000039,376.68,0.013061484549219626,-0.0002964411419632551,-0.00012075017414892031,0.01827525629932607,1.0818677535953283
2022-12-30,380.64,380.4301,379.085,380.305,382.44,4.149999999999977,383.39,-0.007720336993661814,0.0032182755846315025,0.005613915147052895,0.01399065519804619,0.8848143646502615
2023-01-03,384.37,381.71,380.0399,380.36,380.84,8.59899999999999,382.44,-0.0019087961510302343,0.0008422799816545368,0.0012619623514564804,0.010824486814992507,0.6890639937962127
2023-01-04,383.18,383.23,383.2301,382.765,383.74,5.8799999999999955,380.84,0.006275601302384359,-0.0012136311839806568,0.002547254843050073,0.02248457274343685,1.393860222972633
2023-01-05,381.72,380.12,380.8009,379.62,379.4,3.079999999999984,383.74,-0.009433470579037873,-0.0031010956119064126,-0.0005795268953164845,0.015439554668627235,0.960625413599973
2023-01-06,382.61,380.737,388.52,388.37,388.03,9.837300000000027,379.4,0.003523985239852534,-0.0003860805106558063,-0.0008754538198111339,0.008026267785479711,0.520208516286336
2023-01-09,390.37,391.6,388.95,388.3599,387.8657,6.029999999999973,388.03,0.009200319562920445,-0.0015171615888931456,-0.0012725309693405462,0.025928571428571502,1.5946750246345263
2023-01-10,387.25,388.45,389.49,389.5,390.63,4.3799999999999955,387.8657,0.001506449268393606,2.5674600118152924e-05,0.002901155327342808,0.015540035564260425,0.9409016160559742
2023-01-11,392.23,392.31,394.3082,394.575,395.5,4.220000000000027,390.63,0.004300744950464619,0.0006766280792536161,0.002344294494075916,0.011292568535964885,0.6837083902713724
2023-01-12,396.67,393.71,397.39,396.68,396.94,6.064999999999998,395.5,-0.004525916561314847,-0.001786657943078529,0.0006554401532721243,0.010803061720810043,0.6605247817828529
2023-01-13,393.62,394.73,397.64,398.2806,398.47,5.760000000000048,396.94,-0.00556759207940738,0.0016110049290816164,0.000475544126427474,0.015335018963337542,0.9773366343995474
2023-01-17,398.48,398.55,398.1,397.96,397.76,3.170000000000016,398.47,0.0002007679373603466,-0.0003516704345642996,-0.0005025630716655183,0.01451100922053723,0.9501089673185419
2023-01-18,399.01,399.54,393.1201,392.8215,391.54,8.840000000000032,397.76,0.004475060337892245,-0.0007595643163500476,-0.0032622959792170114,0.00795542951790603,0.5393957226062319
2023-01-19,389.36,389.28,390.467,390.25,388.68,3.819999999999993,391.54,-0.005772079481023762,-0.0005557447876516353,-0.004023062139654088,0.022224456958970313,1.4669849368526584
2023-01-20,390.1,389.708,394.31,395.18,395.83,7.660000000000025,388.68,0.0026448492333024376,0.002206385838553482,0.0016448200819878522,0.009756346733411638,0.6541343641759702
2023-01-23,396.72,397.855,399.53,399.82,400.59,6.9249999999999545,395.83,0.005115832554379418,0.0007258528771307837,0.0019258666399879498,0.019707728722856914,1.2860747331386644
2023-01-24,398.88,398.376,400.87,400.55,400.17,3.509999999999991,400.59,-0.0055268478993484305,-0.0007982637762865563,-0.0009486955436275313,0.017494884167445508,1.1230162864667477
2023-01-25,395.95,394.41,399.77,399.975,400.36,7.139999999999986,400.17,-0.014393882599895047,0.0005127948570429197,0.000962560160010062,0.00876207593799144,0.6028194282095701
2023-01-26,403.13,401.4943,403.45,403.86,404.71,4.890000000000043,400.36,0.0028332001198920764,0.0010162349733549014,0.0021046897439704892,0.01784241697278653,1.2082825914556072
2023-01-27,403.655,404.99,407.455,407.62,405.68,4.720000000000027,404.71,0.0006918534259099385,0.0004049526941625192,-0.004759334674451665,0.012214007393346096,0.8186101446504496
2023-01-30,402.8,404.34,401.3201,400.67,400.63,4.850000000000023,405.68,-0.0033030960362848694,-0.0016199039121140846,-9.983278009340069e-05,0.011662672036767135,0.7993721084407163
2023-01-31,401.13,401.2399,404.49,403.7443,406.45,5.759999999999991,400.63,0.0015223522951350876,-0.0018435560829687114,0.006701518758283287,0.011955235653717271,0.8251807762639856
2023-02-01,405.211,406.2,409.12,411.24,410.79,11.319999999999993,406.45,-0.0006150818058802132,0.005181853734845587,-0.001094251531952084,0.014377355664827873,0.9803413016846898
2023-02-02,414.86,413.555,413.8001,415.22,416.78,5.430000000000007,410.79,0.006730933080162593,0.0034313669813033076,0.0037570444583592266,0.02785090417025463,1.864935134555166
2023-02-03,411.59,413.58,411.82,412.365,412.36,5.880000000000052,416.78,-0.0076779116080425425,0.0013233937157011155,-1.2125180362088095e-05,0.0132184327758709,0.8917560920645562
2023-02-06,409.79,410.29,410.26,409.186,409.9,3.1899999999999977,412.36,-0.005019885536909463,-0.0026178520937941707,0.0017449277345755743,0.014108162579778427,0.9326465991762511
2023-02-07,408.87,409.01,413.56,414.68,415.18,8.920000000000016,409.9,-0.002171261283239745,0.0027081922816520887,0.0012057490112857838,0.007735958870889508,0.5441195536112203
2023-02-08,413.13,414.09,411.3539,410.53,410.66,4.599999999999966,415.18,-0.002625367310564175,-0.0020028982343428536,0.0003166638248119913,0.0217614052207856,1.497847006983307
2023-02-09,414.41,413.35,408.44,406.7899,407.13,8.759999999999991,410.66,0.00655043101349051,-0.004040005876016051,0.0008360581223869623,0.011079531769352969,0.7631685339605032
2023-02-10,405.86,406.42,407.41,407.14,408.03,3.430000000000007,407.13,-0.001743914720113926,-0.0006627230553988284,0.0021859802524930583,0.021331515121998712,1.4179202775075515
2023-02-13,408.72,410.3,411.73,411.95,412.82,4.730000000000018,408.03,0.005563316422812159,0.0005343307507346129,0.0021119067848038853,0.008424827450691442,0.5731675060628236
2023-02-14,411.24,413.2803,413.16,413.1,412.67,6.538999999999987,412.82,0.0011150138074706994,-0.0001452221899506112,-0.0010409101912369767,0.011592284881013696,0.7965683245799728
2023-02-15,410.35,410.3,412.43,412.81,413.99,4.529999999999973,412.67,-0.005743087697191451,0.000921368474650297,0.002858457886194543,0.015839833341407848,1.0597331512285488
2023-02-16,408.79,408.86,412.18,409.3,408.33,4.770000000000039,413.99,-0.012391603661924155,-0.00698723858508421,-0.002369899828976396,0.010977294206024118,0.7631259033944102
2023-02-17,406.06,404.74,407.089,406.54,407.24,3.4599999999999795,408.33,-0.008791908505375479,-0.0013485994463127149,0.0017218477886553618,0.011522017440034877,0.7961082969445696
2023-02-21,403.06,402.51,399.7,399.58,399.13,5.340000000000032,407.24,-0.011614772615656688,-0.0003002251688766222,-0.0011261824916162233,0.008473538559498395,0.6091155163912177
2023-02-22,399.52,399.73,397.5899,397.58,398.58,4.110000000000014,399.13,0.0015032696114047894,-2.4900028899210724e-05,0.0025152170632325443,0.013112660838817482,0.9576803099215734
2023-02-23,401.56,401.815,400.12,401.3895,400.65,5.949999999999989,398.58,0.008116312910833479,0.0031727981605518263,-0.0018423501362143657,0.010297396838122952,0.7478750908135877
2023-02-24,395.42,394.49,396.81,396.42,396.39,3.6100000000000136,400.65,-0.015375015599650488,-0.0009828381341195902,-7.567731194191296e-05,0.014927994380049147,1.0957812826386226
2023-02-27,399.87,400.31,397.93,397.648,397.73,4.5400000000000205,396.39,0.009889250485632939,-0.0007086673535545707,0.00020621252967445436,0.009010358167977071,0.6692697702157613
2023-02-28,397.23,397.34,397.8076,397.0707,396.2,3.099999999999966,397.73,-0.000980564704699316,-0.0018524030209577935,-0.0021928084847357976,0.011453366633870735,0.8513929351173181
2023-03-01,395.41,396.08,394.06,394.215,394.78,3.3100000000000023,396.2,-0.0003028773346794855,0.00039334111556610374,0.0014332280608297943,0.007794232268121504,0.5884902863994038
2023-03-02,392.68,393.2199,396.81,397.44,397.79,6.360000000000014,394.78,-0.0039518212675413444,0.0015876616012702183,0.0008806360708535355,0.008354366481574968,0.6454585643011898
2023-03-03,399.71,400.55,403.845,404.01,404.14,5.420000000000016,397.79,0.006938334296990867,0.0004085725959215303,0.0003217742135095403,0.01611023861391158,1.3038107407974022
2023-03-06,405.05,405.76,404.72,404.095,404.46,3.420000000000016,404.14,0.004008511901816281,-0.0015442775252025864,0.0009032529479453544,0.013625279670177771,1.1008891921120993
2023-03-07,404.42,404.3572,397.745,398.25,398.26,7.045000000000016,404.46,-0.0002541660485585462,0.0012696576952571093,2.5109855618321575e-05,0.008462414014945355,0.6997011820206354
2023-03-08,398.39,398.745,397.3299,397.2201,398.92,3.1200000000000045,398.26,0.0012177974187717044,-0.0002763446697567895,0.004279491395324797,0.017418286109874934,1.3847729290182633
2023-03-09,399.74,400.78,393.43,391.465,391.59,10.950000000000045,398.92,0.004662588990273608,-0.004994535241339082,0.0003193133485752675,0.007834078240345514,0.6593189947832723
2023-03-10,390.99,389.15,387.44,386.7,385.92,8.840000000000032,391.59,-0.006231006920503601,-0.0019099731571340373,-0.0020170674941815125,0.027449112604030997,2.1612530358824
2023-03-13,381.81,385.5664,388.48,385.95,385.29,9.740000000000009,385.92,-0.0009162520729685264,-0.006512561779242199,-0.0017100660707344284,0.02257463163002128,1.768796010876663
2023-03-14,390.5,391.13,388.87,388.215,391.69,6.399999999999977,385.29,0.015157413896026206,-0.0016843675264227587,0.008951225480726022,0.025238391376451102,1.8553017722295393
2023-03-15,385.89,385.57,388.66,388.74,389.35,5.78000000000003,391.69,-0.01562460108759478,0.00020583543456997866,0.0015691721973556394,0.01661086454359048,1.198966617183956
2023-03-16,386.82,388.59,395.21,395.98,396.03,10.180000000000007,389.35,-0.001951971234108285,0.0019483312669215103,0.00012626900348489123,0.014756567693839592,1.0693045267860546
2023-03-17,393.22,392.8,389.65,390.754,390.11,5.849999999999966,396.03,-0.008155947781733563,0.002833311946618844,-0.0016480957328651735,0.026146141004237847,1.795924515514401
2023-03-20,390.8,391.68,392.71,392.96,393.66,4.100000000000023,390.11,0.004024505908589937,0.0006366020727763821,0.0017813517915310495,0.014771608211499044,1.0034326170246346
2023-03-21,397.24,397.88,397.66,398.225,398.87,3.830000000000041,393.66,0.010719910582736247,0.0014208117487299887,0.0016196873626717068,0.010509856194406763,0.7090287103799576
2023-03-22,398.73,398.57,398.56,398.95,392.14,10.420000000000016,398.87,-0.000752124752425587,0.0009785226816538817,-0.0170698082466475,0.009729207945943303,0.6639411829104335
2023-03-23,395.09,395.95,392.3,391.82,393.11,8.939999999999998,392.14,0.00971591778446479,-0.0012235534030079487,0.0032923281098464763,0.026123799734249293,1.6914038495982089
2023-03-24,391.841,391.645,394.65,395.46,395.72,6.439999999999998,393.11,-0.0037266922744271236,0.002052451539338751,0.0006574621959238858,0.02279798031315346,1.4393991900791516
2023-03-27,398.12,398.0399,398.04,397.71,396.45,3.3600000000000136,395.72,0.005862478520165748,-0.0008290624057885054,-0.0031681375876895235,0.016382183103965806,1.0108009734669428
2023-03-28,395.77,395.4906,394.815,394.6579,395.65,2.8000000000000114,396.45,-0.0024199772985245005,-0.000397907880906323,0.0025138227310286254,0.008490852117658985,0.5287284195088193
2023-03-29,399.925,399.8401,400.61,401.2101,401.34,2.920000000000016,395.65,0.0105904208264882,0.001497965602456297,0.0003237705132546065,0.007062681296506524,0.44079971633898285
2023-03-30,404.09,404.07,403.1401,403.45,403.7,2.590000000000032,401.34,0.006802212587830869,0.0007687153919939682,0.0006196554715578451,0.007380260331100761,0.4620250967422883
2023-03-31,404.66,405.46,407.54,408.9614,409.36,5.149999999999977,403.7,0.004359673024523225,0.0034877558031114475,0.0009746641125543132,0.006453381173070294,0.4165923204952638
2023-04-03,408.85,410.11,410.375,410.835,410.93,2.930000000000007,409.36,0.0018321282001172445,0.0011209259823332651,0.0002312363844365617,0.012756997770621692,0.8258311613051108
2023-04-04,411.62,411.01,407.85,407.79,408.7,4.680000000000007,410.93,0.00019468035918523974,-0.0001471129091578094,0.0022315407440103296,0.0071575141684580975,0.4653108765631174
2023-04-05,407.91,408.35,407.5,407.21,407.65,2.819999999999993,408.7,-0.000856373868363014,-0.0007116564417178894,0.0010805235627808774,0.011388801012337885,0.7551881964165038
2023-04-06,406.77,406.145,408.93,408.888,409.2,3.802000000000021,407.65,-0.003691892554887777,-0.00010270706477888414,0.0007630451370546076,0.006899926596525553,0.4589536506137289
2023-04-10,406.61,406.2,409.07,408.73,409.66,3.7199999999999704,409.2,-0.007331378299120228,-0.0008311535922946867,0.002275340689452676,0.00932662823500557,0.660156086603559
2023-04-11,410.26,409.52,410.95,410.98,409.71,2.259999999999991,409.66,-0.00034174681443155386,7.300158170098214e-05,-0.003090174704365234,0.00909090909090902,0.6757167503399165
2023-04-12,411.87,410.75,409.0211,407.58,408.07,4.730000000000018,409.71,0.002538380805936047,-0.0035232901187738364,0.0012022179694783919,0.005516770004393865,0.4424868793331694
2023-04-13,409.18,409.1398,413.555,413.585,413.445,5.84779999999995,408.07,0.0026216090376651735,7.25417417271057e-05,-0.0003385035724216001,0.01154475116545854,0.9451800387361194
2023-04-14,412.81,414.8264,412.0821,411.794,412.49,5.029999999999973,413.445,0.0033411941128806966,-0.0006991325272319715,0.0016901654710850256,0.014330384492856495,1.1752929745166223
2023-04-17,412.37,412.6786,412.7,413.486,413.94,2.875,412.49,0.0004572232054109726,0.0019045311364187523,0.001097981551975158,0.012166068038070294,1.0584686226054465
2023-04-18,415.58,414.675,413.8313,414.0699,414.22,2.939800000000048,413.94,0.0017756196550224868,0.0005765634450560775,0.00036249918190134345,0.006969865936143907,0.6276929944323387
2023-04-19,412.22,412.3,414.53,414.505,414.21,2.919999999999959,414.22,-0.004635218000096586,-6.030926591560348e-05,-0.0007116922594420094,0.007101995458279093,0.649560007760677
2023-04-20,411.21,411.66,411.6301,410.36,411.88,3.430000000000007,414.21,-0.006156297530238164,-0.0030855372335502063,0.003704064723657252,0.00704939404181343,0.6527484329805258
2023-04-21,412.19,410.95,412.02,411.82,412.18,2.509999999999991,411.88,-0.0022579392055939174,-0.0004854133294499574,0.0008741683259676503,0.008280823736751906,0.8358213771908154
2023-04-24,411.99,412.69,412.09,412.29,412.63,2.4699999999999704,412.18,0.0012373234994420557,0.0004853308743237861,0.0008246622522980473,0.006094007963484488,0.6717225578753855
2023-04-25,410.58,410.28,406.6482,406.9,406.12,5.140000000000043,412.63,-0.0056951748539855185,0.000619208446022812,-0.001916932907348179,0.005992527536513102,0.7006569402599976
2023-04-26,406.72,406.8987,404.36,404.2901,404.37,4.060000000000002,406.12,0.0019174135723432073,-0.00017286576318131797,0.00019763036492848052,0.012456680318929896,1.4234549310047273
2023-04-27,407.0,407.56,412.47,412.335,412.4,5.949999999999989,404.37,0.007888814699408941,-0.00032729653065688424,0.00015763881310104644,0.00999704520831282,1.1235492397737699
2023-04-28,411.49,412.54,414.8,414.92,415.93,4.509999999999991,412.4,0.00033947623666352733,0.0002892960462874683,0.002434204183939137,0.01471424685312953,1.5882506985141847
2023-05-01,415.47,416.3899,416.08,415.795,415.53,2.355000000000018,415.93,0.0011057149039501724,-0.0006849644299172786,-0.0006373333012663629,0.010935984481086302,1.1525434253759632
2023-05-02,414.77,413.8401,411.08,411.34,410.87,7.0,415.53,-0.0040668543787450995,0.0006324802958062037,-0.0011426070890260265,0.005662010434448148,0.6198953401913624
2023-05-03,411.36,412.19,412.1825,408.825,407.99,6.100000000000023,410.87,0.0032126950130211274,-0.008145663632007749,-0.0020424386962636376,0.016845955767333286,1.7514595015851686
2023-05-04,406.93,405.6,405.2491,405.295,405.17,3.5299999999999727,407.99,-0.005857986715360641,0.00011326366918518183,-0.00030841732565167757,0.014846545135931128,1.5163266307035073
2023-05-05,408.91,410.115,413.256,413.09,412.61,5.080000000000041,405.17,0.012204753560233872,-0.00040168805776563676,-0.0011619743881478017,0.008652172847373643,0.875837840009899
2023-05-08,412.97,412.1726,413.12,412.5699,412.79,1.9600000000000364,412.61,-0.0010600809481108309,-0.0013315743609604302,0.0005334853560572395,0.01253794703457818,1.2488860471079222
2023-05-09,411.13,411.63,411.4699,411.49,410.96,1.4005999999999972,412.79,-0.0028101455946123455,4.884925969061982e-05,-0.0012880021385696105,0.004750248418603612,0.4836201628684111
2023-05-10,413.88,412.491,412.01,413.18,412.8,5.6650000000000205,410.96,0.0037254233988710528,0.0028397368995898287,-0.000919696016264071,0.003393008551563742,0.349215675888762
2023-05-11,411.95,410.3095,412.23,411.98,412.16,2.4599999999999795,412.8,-0.006033187984496147,-0.0006064575600999156,0.0004369144133209435,0.013784796573875853,1.402592260312764
2023-05-12,413.42,412.73,409.9,410.39,411.61,4.569999999999993,412.16,0.0013829580745341463,0.0011954135154916834,0.002972781987865325,0.005959302325581345,0.6333261577677588
2023-05-15,412.22,410.84,412.43,412.76,413.01,3.1999999999999886,411.61,-0.0018707028497850775,0.0008001357806173282,0.000605678844849411,0.011087927018633523,1.1851616401297957
2023-05-16,411.86,411.62,411.69,411.7023,410.25,2.5749999999999886,413.01,-0.0033655359434395793,2.987684908539734e-05,-0.0035275489109484193,0.007774349505599933,0.8274238923933009
2023-05-17,412.35,410.78,414.57,414.6581,415.21,5.220000000000027,410.25,0.0012918951858622574,0.00021250934703420654,0.0013309760499071732,0.006234715866443885,0.6666373923539143
2023-05-18,414.9,415.1494,417.03,417.785,419.23,5.0,415.21,-0.00014595024204611118,0.001810421312615551,0.0034587168040978167,0.01272394881170025,1.3204305303654618
2023-05-19,420.17,420.55,418.67,418.1829,418.61,3.3700000000000045,419.23,0.003148629630512989,-0.0011634461509064664,0.0010213234448370745,0.012042099178728836,1.2257492754717223
2023-05-22,418.64,419.0684,419.76,419.045,418.78,3.0399999999999636,418.61,0.0010950526743269684,-0.0017033542976938598,-0.0006323903160759814,0.008038546859719019,0.8102146329286182
2023-05-23,417.08,417.66,414.71,414.75,414.09,5.041999999999973,418.78,-0.002674435264339192,9.645294302051965e-05,-0.001591320072332758,0.007262129428346106,0.7273051347010396
2023-05-24,412.42,411.135,410.45,411.98,411.09,2.940499999999986,414.09,-0.007136129826849191,0.0037276160311854323,-0.0021602990436430103,0.012039734466784406,1.2083069503358028
2023-05-25,414.74,413.15,414.1199,415.29,414.63,3.749900000000025,411.09,0.005011068135931218,0.0028255101964431706,-0.0015892508849238984,0.007101113284551634,0.7231762934058512
2023-05-26,415.33,417.02,420.12,420.1599,419.98,5.519999999999982,414.63,0.005764175288811568,9.49728648957926e-05,-0.00042817032277464584,0.009121846797538314,0.9561965781407583
2023-05-30,422.03,421.3301,420.2154,420.28,420.17,3.8449999999999704,419.98,0.0032146768893757116,0.00015373068193125228,-0.0002617302750546058,0.013313074307213617,1.3783685683008
2023-05-31,418.28,418.1391,418.13,418.21,417.83,3.0,420.17,-0.004833519765809147,0.0001913280558678565,-0.0009086344181152839,0.009155197866565004,0.9310465707862943
2023-06-01,418.09,417.2,422.43,421.9,421.81,6.1299999999999955,417.83,-0.0015077902496229978,-0.001254645740122684,-0.0002133206921071107,0.007139967156151081,0.7638016574818234
2023-06-02,424.5,424.37,428.332,428.095,427.91,4.7900000000000205,421.81,0.006069083236528217,-0.000553309115359002,-0.0004321470701597052,0.014671038460617944,1.5709165737132247
2023-06-05,428.3,428.2799,427.65,427.1899,427.1,3.3000000000000114,427.91,0.0008644341099763864,-0.0010758798082542986,-0.00021044505031597716,0.011355823712097913,1.1985872130098767
2023-06-06,426.67,426.6,427.7,428.11,428.04,2.5871999999999957,427.1,-0.001170686022008871,0.0009586158522330024,-0.00016350937843079283,0.0077119020354747755,0.8352507150641867
2023-06-07,428.44,429.29,426.97,426.91,426.6,3.509999999999991,428.04,0.002920287823567902,-0.0001405250954399362,-0.0007261483685085945,0.006057597752282828,0.6514662570770757
2023-06-08,426.62,426.5,428.95,428.9516,429.125,3.7800000000000296,426.6,-0.00023441162681669958,3.7300384660987618e-06,0.00040424141091910393,0.008200168208578615,0.8596677960649195
2023-06-09,429.96,430.94,430.25,430.13,429.89,3.1200000000000045,429.125,0.0042295368482376805,-0.0002789076118535627,-0.0005579708460232702,0.008860759493670954,0.9535324459228457
2023-06-12,430.92,430.97,432.5119,433.25,433.79,3.7099999999999795,429.89,0.002512270580846465,0.0017065426407920636,0.0012463935372186707,0.007270608796970591,0.7769298757170344
2023-06-13,435.32,435.72,436.06,436.34,436.66,2.6999999999999886,433.79,0.004449157426404504,0.0006421134706231513,0.0007333730577074871,0.008630114680499616,0.9344768126807917
2023-06-14,437.01,437.5,436.352,436.62,437.18,5.47120000000001,436.66,0.0019236934915036752,0.0006141830448813668,0.0012825798176905323,0.006224209871135777,0.6796673380733044
2023-06-15,436.33,438.7109,443.6301,443.14,442.6,7.669999999999959,437.18,0.003501761288256411,-0.001104749204348443,-0.0012185765220922296,0.012529656941327372,1.3227434668175633
2023-06-16,443.02,441.26,440.095,439.57,439.43,4.63779999999997,442.6,-0.003027564392227844,-0.0011929242549905128,-0.00031849307277564964,0.017544260945148358,1.8061743418412035
2023-06-20,437.45,437.27,437.5801,437.45,437.23,3.340000000000032,439.43,-0.0049154586623580965,-0.0002973169940773124,-0.0005029146188134659,0.010478535924084884,1.0875136548810296
2023-06-21,436.16,435.24,436.515,435.72,434.93,2.660000000000025,437.23,-0.004551380280401585,-0.0018212432562454417,-0.0018130909758561353,0.007600755524201879,0.7906397247638453
2023-06-22,433.95,434.7472,436.4,435.58,436.54,3.019999999999982,434.93,-0.00042029751914096636,-0.0018790100824931377,0.0022039579411361476,0.006083754545662523,0.6367419227252766
2023-06-23,432.93,433.405,432.97,433.125,433.21,2.589999999999975,436.54,-0.007181472488202778,0.00035799247060985806,0.00019624819624808332,0.006943646103970712,0.7466525688037713
2023-06-26,432.62,434.27,432.665,432.639,431.43,3.420000000000016,433.21,0.002446850257380895,-6.009268140483304e-05,-0.0027944776129752436,0.005933018738259896,0.6420114846334334
2023-06-27,432.35,432.73,436.135,436.74,436.14,4.930000000000007,431.43,0.003013235055512986,0.0013871851605580243,-0.001373815084489638,0.007894554604002714,0.8599796120807931
2023-06-28,435.05,435.2,435.525,435.34,436.38,3.0299999999999727,436.14,-0.0021552712431788246,-0.00042477469720447747,0.0023889373822760795,0.011427114479753394,1.2577123525416782
2023-06-29,435.96,436.7,437.4108,437.668,438.14,2.7399999999999523,436.38,0.0007333058343645948,0.0005880056002276479,0.0010784430207371187,0.006947310496629461,0.7740529006270955
2023-06-30,441.44,442.32,443.88,444.02,443.25,3.1899999999999977,438.14,0.0095403295750216,0.0003154005587095998,-0.001734156119093666,0.006278931206746305,0.7029555488682799
2023-07-05,441.91,443.22,443.5,443.72,443.14,1.9890000000000327,443.25,-6.768189509298583e-05,0.0004960541149943154,-0.0013071306229154311,0.007280777833569174,0.8502924323349422
2023-07-06,439.42,438.49,440.04,439.75,439.67,3.0400000000000205,443.14,-0.010493297829128445,-0.0006590309971821195,-0.0001819215463331192,0.004487309644670125,0.5459512701247917
2023-07-07,438.63,440.16,441.19,440.285,438.521,4.339999999999975,439.67,0.0011144722177998112,-0.0020512704277068083,-0.0040064957924980105,0.006860134494742114,0.8389897150864454
2023-07-10,438.18,439.095,439.26,439.01,439.66,2.2549999999999955,438.521,0.0013089452956642766,-0.0005691390065108992,0.0014806040864674408,0.009871039643368834,1.1797115657949344
2023-07-11,440.45,440.39,441.38,441.5401,442.48,3.5300000000000296,439.66,0.0016603739253058247,0.00036272599574060926,0.002128685480661918,0.005142285090109699,0.6260056370956254
2023-07-12,446.39,446.93,446.27,445.64,446.01,2.5698999999999614,442.48,0.010056951726631791,-0.0014117014363501657,0.0008302665828920919,0.008028931447027316,0.9823909472584913
2023-07-13,447.9,448.39,449.28,449.795,449.53,2.930000000000007,446.01,0.005336203224142855,0.0011462784900286849,-0.0005891572827622094,0.005807946121858528,0.7170556667756622
2023-07-14,450.475,451.03,449.2699,449.12,449.28,2.8700000000000045,449.53,0.0033368184548305813,-0.00033365244366467817,0.0003562522265763146,0.006569359431402899,0.821511199630877
2023-07-17,449.13,449.64,450.89,451.54,450.855,2.8500000000000227,449.28,0.0008012820512821595,0.0014415932932645426,-0.0015170306063693184,0.006384445976909227,0.7975883145326833
2023-07-18,450.5,451.52,454.15,454.485,454.19,4.8115999999999985,450.855,0.0014749753246607877,0.0007376417483211384,-0.0006490863284817072,0.006343482905982957,0.8243235688877653
2023-07-19,455.01,456.02,455.375,455.81,455.13,2.3181000000000154,454.19,0.004029150795922476,0.0009552566566017884,-0.001491849674206347,0.010672167326524045,1.4516449721033855
2023-07-20,454.17,454.81,452.485,451.5199,452.18,3.660000000000025,455.13,-0.0007030958187770331,-0.0021328883830403766,0.0014619510679374503,0.005103811180343062,0.7205680070076714
2023-07-21,453.96,452.83,453.2,452.67,452.19,1.9950000000000045,452.18,0.001437480649298939,-0.0011694616063547825,-0.0010603751076944112,0.008041658427262595,1.131817504804731
2023-07-24,453.37,453.2,454.29,453.49,454.2,2.7420000000000186,452.19,0.0022335743824497545,-0.001760989676198088,0.0015656354054112143,0.004411959839002178,0.6283505593199438
2023-07-25,453.92,454.785,455.8299,455.98,455.41,2.865000000000009,454.2,0.0012879788639366119,0.00032928950031574367,-0.0012500548269660516,0.006063822729383707,0.8690533933266555
2023-07-26,454.47,454.8192,456.0,454.51,455.51,3.6100000000000136,455.41,-0.0012972925495706722,-0.0032675438596491135,0.002200171613385926,0.00630779392338179,0.9015974672569954
2023-07-27,459.02,458.9779,452.73,452.74,452.48,7.889999999999986,455.51,0.007613224737107904,2.2088220352101118e-05,-0.0005742810443080115,0.007926922992468355,1.1327638304355636
2023-07-28,455.88,456.1499,457.0099,456.666,456.91,5.288199999999961,452.48,0.008110634724186605,-0.0007525001099538686,0.0005343073493537798,0.017321244319553876,2.3751917410807244
2023-07-31,457.41,457.0,457.05,456.685,457.79,2.115000000000009,456.91,0.00019697533431095593,-0.000798599715567283,0.00241961089153353,0.011687146393210663,1.5521688716845055
2023-08-01,456.27,456.79,456.71,456.69,456.465,1.759999999999991,457.79,-0.002184407697852775,-4.379146504340792e-05,-0.0004926755567233876,0.004628920356306513,0.6215770514894643
2023-08-02,453.25,452.98,450.6182,449.41,450.14,4.170099999999991,456.465,-0.007634758415212439,-0.0026812055083438313,0.0016243519280834118,0.0038445575482207797,0.5284435777539576
2023-08-03,448.04,448.561,449.97,449.23,448.84,3.420000000000016,450.14,-0.003507797574088034,-0.0016445540813831983,-0.000868152171493497,0.009135640191471396,1.216841986974308
2023-08-04,450.72,450.2993,447.1098,447.1099,446.8,6.625,448.84,0.0032512699402906797,2.236587075543639e-07,-0.0006931181796689945,0.007597636290931745,1.007037896810327
2023-08-07,448.71,448.49,450.09,449.75,450.7,2.875,446.8,0.003782452999104846,-0.0007554044746606037,0.0021122846025569686,0.014760270920595312,1.8950148410978092
2023-08-08,448.08,446.585,448.33,448.5706,448.75,5.424699999999973,450.7,-0.009130241846017295,0.0005366582651171736,0.00039993704446961154,0.006434646374216651,0.8193225315819441
2023-08-09,449.03,448.3405,448.21,447.8,445.75,4.239900000000034,448.75,-0.0009125348189414906,-0.0009147497824679718,-0.004577936578829878,0.012036165964055854,1.4944370389367512
2023-08-10,448.19,451.21,447.44,446.22,445.93,7.0,445.75,0.012249018508132314,-0.00272662256391909,-0.0006499036349782994,0.009448245125348266,1.1471892864972293
2023-08-11,443.97,444.15,446.05,445.87,445.58,3.355699999999956,445.93,-0.003991657883524402,-0.0004035422037887981,-0.0006504137977437763,0.015703869882220976,1.806554116469359
2023-08-14,444.7,445.19,446.76,446.855,448.09,3.730000000000018,445.58,-0.0008752637012432452,0.00021264213447946823,0.0027637600563941156,0.0075251721122148235,0.8600435801485962
2023-08-15,446.27,445.25,444.26,442.66,442.94,4.339999999999975,448.09,-0.006338012452855368,-0.003601494620267376,0.0006325396466813071,0.00837111180932721,0.9457667063912862
2023-08-16,442.46,443.5199,441.82,440.12,439.63,4.650000000000034,442.94,0.0013092066645594702,-0.003847720791272491,-0.0011133327274379656,0.00968555424133539,1.1004051391916945
2023-08-17,441.16,440.3803,437.2,436.802,436.26,5.680000000000007,439.63,0.0017066624206718561,-0.0009103385178407253,-0.0012408368093553834,0.01049803585135692,1.1572522885948782
2023-08-18,433.37,434.24,435.93,436.14,436.46,4.560000000000002,436.26,-0.004630266354925916,0.00048172871791329896,0.000733709359379997,0.012919955417055267,1.3869408502383767
2023-08-21,437.55,438.71,438.98,439.4,439.34,4.7900000000000205,436.46,0.005155111579526084,0.0009567634060776431,-0.0001365498406918908,0.010452482464585345,1.0868236250872783
2023-08-22,441.18,439.64,438.5,438.49,438.11,3.6100000000000136,439.34,0.0006828424454863313,-2.280501710372196e-05,-0.0008666104130082841,0.0109746597626358,1.1127099245270835
2023-08-23,439.25,440.3701,442.7075,443.2,442.97,4.569999999999993,438.11,0.005158750085594965,0.001112472682301524,-0.0005189530685919541,0.008216870760686517,0.825114980039765
2023-08-24,444.69,444.95,439.065,438.69,436.92,8.365000000000009,442.97,0.004469828656568087,-0.0008540876635577677,-0.0040347397934760165,0.010431170254045772,1.0344619099817203
2023-08-25,438.68,439.09,440.78,440.93,439.95,6.300000000000011,436.92,0.0049665842717201425,0.00034030582149835453,-0.0022225750119067023,0.018883897329390272,1.8583219989148414
2023-08-28,442.24,442.58,441.85,441.79,442.72,3.4271999999999707,439.95,0.005977952040004508,-0.00013579268982688575,0.0021050725457796293,0.014419115627574867,1.4001317823999515
2023-08-29,442.65,443.86,448.525,449.1732,449.14,6.990000000000009,442.72,0.0025749909649439573,0.0014451814280140862,-7.391358166519701e-05,0.0077899761336514845,0.7449923123904654
2023-08-30,449.51,451.23,451.1585,450.89,450.99,2.890000000000043,449.14,0.004653337489424203,-0.0005951345258927709,0.0002217835835791604,0.01578876039031444,1.4283737472248645
2023-08-31,451.65,452.43,450.88,451.135,450.28,2.669999999999959,450.99,0.0031929754540012123,0.0005655606813341763,-0.0018952198344176496,0.006434519303558007,0.5893169348702968
2023-09-01,453.17,452.3358,450.55,451.0,451.21,3.990000000000009,450.28,0.004565603624411496,0.0009987792697814246,0.0004656319290465838,0.005920308654293796,0.5464191085162441
2023-09-05,450.73,449.5899,450.62,449.8473,449.25,1.8899999999999864,451.21,-0.0035905675849382535,-0.0017147485686387354,-0.0013277838946682552,0.008861153060318046,0.84073387641551
2023-09-06,448.4,447.9554,445.945,445.825,446.19,4.699999999999989,449.25,-0.0028816917084029114,-0.0002690914798910704,0.000818706891717591,0.004188736951751926,0.4017014385194489
2023-09-07,443.11,443.425,444.975,444.935,444.84,2.8000000000000114,446.19,-0.006196911629574808,-8.989269060066807e-05,-0.00021351433355443206,0.01046188091263214,1.0109295180838787
2023-09-08,444.9,445.8199,444.92,444.675,445.51,2.580000000000041,444.84,0.0022028144950994033,-0.0005506607929515184,0.0018777759037498232,0.006275353548936578,0.6158266898647131
2023-09-11,448.24,446.97,448.4331,448.59,448.48,2.3000999999999863,445.51,0.0032771430495388554,0.00034988496611854103,-0.0002452127778148627,0.005799838144051887,0.5982342892612025
2023-09-12,446.95,447.65,446.07,445.63,445.97,3.1399999999999864,448.48,-0.0018506956831966237,-0.00098639227027153,0.0007629647914189075,0.0051628470741397195,0.5390987528950927
2023-09-13,446.22,446.94,446.2,445.975,446.51,2.6306999999999903,445.97,0.002175034195125214,-0.0005042581801881774,0.0011996188127136875,0.007001427042454482,0.7363468815042088
2023-09-14,449.07,448.915,450.575,450.32,450.39,3.365000000000009,446.51,0.005386217553918327,-0.0005659435166176507,0.00015544501687680956,0.005898827275377245,0.63298992383176
2023-09-15,447.14,446.3965,443.87,443.72,443.29,4.560000000000002,450.39,-0.008866759919181066,-0.00033793678329230303,-0.0009690795997475687,0.00753622539248843,0.8217541535191116
2023-09-18,443.05,443.04,443.54,443.54,443.64,2.410000000000025,443.29,-0.0005639648988247092,0.0,0.00022545880867563817,0.010124558715779663,1.1210732458266228
2023-09-19,442.68,442.19,442.1,442.5,442.75,3.3500000000000227,443.64,-0.0032684158326571344,0.0009047726758650843,0.0005649717514124575,0.005436621624670137,0.6191814025218622
2023-09-20,444.01,444.1,441.81,440.865,438.58,6.0049999999999955,442.75,0.003049124788255364,-0.0021389284986759183,-0.005182992526056807,0.0075511676133802694,0.8771082388795013
2023-09-21,435.7,434.15,433.08,432.11,431.41,4.740000000000009,438.58,-0.010100779789320113,-0.0022397709430127533,-0.0016199578810950355,0.013562958780350074,1.5279681080105876
2023-09-22,432.45,432.4536,431.07,432.59,430.38,4.110000000000014,431.41,0.0024190445284066886,0.0035261094485814493,-0.005108763494301671,0.010807606365999383,1.2149809151312252
2023-09-25,429.17,430.56,430.84,431.0597,432.22,3.5499999999999545,430.38,0.0004182350480970154,0.0005099340822580789,0.0026917385225295742,0.009526900164576652,1.1304620546825206
2023-09-26,429.09,428.7,425.82,425.24,425.83,4.800000000000011,432.22,-0.00814400074036381,-0.001362077873279799,0.0013874517919292284,0.00824852455969133,1.0159645790985645
2023-09-27,427.09,426.88,425.88,426.5,426.02,5.3799999999999955,425.83,0.0024657727262054063,0.0014558091481169377,-0.0011254396248534526,0.01110545555504144,1.3404803550210853
2023-09-28,425.48,426.7,428.385,429.69,428.53,5.3799000000000206,426.02,0.0015961691939345712,0.0030463251514409873,-0.002699620656752555,0.012634149778080445,1.5545985977585492
2023-09-29,431.67,431.39,428.21,427.58,427.39,5.939999999999998,428.53,0.00667397848458684,-0.0014712407463627342,-0.00044436128911551354,0.012628280362424348,1.496837455148415
2023-10-02,426.62,426.7238,425.1299,425.7794,427.36,4.140000000000043,427.39,-0.0015587636584852849,0.0015277683362191485,0.0037122509919456093,0.013861339929526517,1.5691444665741252
2023-10-03,425.06,426.29,421.14,420.62,421.67,7.192900000000009,427.36,-0.0025037439161362807,-0.0012347437906633507,0.0024963149636252346,0.009686703011301255,1.0914631664503178
2023-10-04,422.07,422.5201,423.19,424.42,424.71,4.869899999999973,421.67,0.0020160314938222346,0.0029064959001867674,0.0006832854248148834,0.016831008985398747,1.7703650711911654
2023-10-05,424.36,424.13,425.04,424.89,424.46,4.199900000000014,424.71,-0.0013656377292740052,-0.00035290796160369897,-0.0010120266421898005,0.01154907866340971,1.2078802230192203
2023-10-06,421.97,421.91,430.69,430.77,429.52,10.524999999999977,424.46,-0.006007633228101494,0.00018574845016128272,-0.002901780532534759,0.009888865343410831,1.0150630597956383
2023-10-09,427.58,428.85,432.55,432.26,432.27,5.869899999999973,429.52,-0.0015598807971688444,-0.0006704427233846788,2.3134224772070056e-05,0.024796211657164346,2.319150363694006
2023-10-10,432.94,433.64,434.6022,434.7414,434.48,4.690000000000055,432.27,0.003169315474125023,0.0003202929023369272,-0.0006012769890330061,0.013666185509405786,1.2292935737303363
2023-10-11,435.64,435.52,435.06,435.42,436.31,3.3999999999999773,434.48,0.002393665991530014,0.0008274720728176366,0.0020440034908824067,0.010849700418719908,0.9593423833926099
2023-10-12,436.95,435.43,432.97,433.38,433.7,6.104999999999961,436.31,-0.002016914579083706,0.0009469478254844343,0.0007383820203978875,0.007825446510771444,0.6860906368332914
2023-10-13,435.21,435.91,431.56,431.08,431.55,6.569999999999993,433.7,0.005095688263776932,-0.001112243952173575,0.001090284865918223,0.013992344892392934,1.1930050281857232
2023-10-16,433.82,434.3,436.51,436.88,436.01,3.569999999999993,431.55,0.006372378635152387,0.0008476323566470878,-0.0019913935176707476,0.015148720313580801,1.2645152685668128
2023-10-17,432.81,432.72,434.5771,435.48,436.09,5.689999999999998,436.01,-0.007545698493153785,0.0020776520437917334,0.0014007531918800442,0.008272506082725044,0.6824566631471544
2023-10-18,434.19,433.99,431.21,430.47,430.25,6.090000000000032,436.09,-0.004815519732165319,-0.0017161012035897816,-0.0005110692963505858,0.013050159400013757,1.0527202378239353
2023-10-19,430.95,430.74,426.9504,426.78,426.43,7.09499999999997,430.25,0.0011388727484020755,-0.00039910959212130503,-0.0008200946623552197,0.013965007223279672,1.1246946670905769
2023-10-20,425.98,425.09,422.62,422.33,421.21,5.460000000000036,426.43,-0.0031423680322679726,-0.0006861956367423261,-0.0026519546326332355,0.016490412550842465,1.2983707776764943
2023-10-23,419.61,420.6443,422.75,421.05,420.45,6.649999999999977,421.21,-0.0013430355404667749,-0.004021289178001153,-0.0014250089063057025,0.012803977206106598,0.9952795888626091
2023-10-24,422.65,423.835,423.53,424.0502,423.62,4.079999999999984,420.45,0.008050897847544203,0.001228248294099732,-0.0010145025282384257,0.015787849291327313,1.1922853485449778
2023-10-25,421.89,420.19,417.675,417.9499,417.61,4.90500000000003,423.62,-0.008096879278598812,0.0006581672352905521,-0.0008132553686458488,0.00970388869068851,0.7367286235895996
2023-10-26,416.45,415.39,415.55,414.19,412.59,5.724999999999966,417.61,-0.005315964656018801,-0.003272771026350707,-0.0038629614428161707,0.01157877342901664,0.8826076434097218
2023-10-27,414.19,413.29,409.56,410.41,410.73,5.390000000000043,412.59,0.001696599529799725,0.0020753979880847595,0.0007797080967812953,0.01370896290797626,1.0406977623015905
2023-10-30,413.56,414.9,415.83,416.22,415.58,4.4599999999999795,410.73,0.010152655028850877,0.0009378832696054218,-0.0015376483590410217,0.01306381637945671,0.9947335228539199
2023-10-31,416.18,414.7636,418.105,418.242,418.23,4.319999999999993,415.58,-0.0019644833726357724,0.00032766888700197505,-2.869152308948575e-05,0.01085871497090541,0.8231549002178251
2023-11-01,419.2,419.475,421.3543,422.83,422.7,4.850099999999998,418.23,0.0029768309303492835,0.003502278248969981,-0.0003074521675378028,0.010395110448048495,0.8077142827311146
2023-11-02,426.58,427.49,430.25,430.265,430.75,4.355000000000018,422.7,0.011331913886917455,3.4863451481736973e-05,0.0011272122993968292,0.0115967290725199,0.9009149094444675
2023-11-03,433.14,434.64,436.095,435.47,434.67,3.2800000000000296,430.75,0.009030760301799168,-0.0014331739643884678,-0.001837095551932455,0.010302815235391574,0.799109736215428
2023-11-06,435.47,435.45,435.09,435.02,435.65,2.4698000000000206,434.67,0.0017944647663743485,-0.00016088625341881269,0.0014482092777343691,0.007614625652931003,0.6327705033512655
2023-11-07,435.69,435.555,436.88,437.2,436.87,3.0749999999999886,435.65,-0.00021806496040388534,0.0007324665812122877,-0.0007548032936870452,0.00568201164101507,0.48837279188238375
2023-11-08,437.55,437.71,436.51,436.9404,437.2,3.2199999999999704,436.87,0.0019227687870533305,0.0009860026116239595,0.0005941313735235987,0.0070584184551818864,0.6167242902366422
2023-11-09,438.43,437.88,433.85,433.77,433.87,5.07000000000005,437.2,0.0015553522415370225,-0.000184395528408543,0.0002305369204878005,0.007370613683704467,0.6452843285649452
2023-11-10,435.98,435.83,439.6599,440.38,440.6,7.096499999999992,433.87,0.004517482195127487,0.0016378568980250918,0.0004995685544302297,0.011596523330283737,1.0260156607444841
2023-11-13,439.23,438.865,440.59,440.75,440.2,2.909999999999968,440.6,-0.0039378120744439915,0.0003631494132867452,-0.0012478729438457625,0.016356281835572847,1.4394511607500924
2023-11-14,446.32,447.94,449.43,449.8611,448.71,3.9700000000000273,440.2,0.017582916855974684,0.0009592150056738635,-0.0025587898131224085,0.006604630049931838,0.585544564552707
2023-11-15,450.11,449.92,450.24,450.07,449.63,2.579999999999984,448.71,0.0026966191972543907,-0.0003775764036958451,-0.000977625702668461,0.009018627896410785,0.8141106569461628
2023-11-16,449.22,450.355,449.58,449.61,450.21,2.4399999999999977,449.63,0.0016124368925560795,6.67289470173138e-05,0.0013344898912390768,0.005749816139600152,0.5390218521887444
2023-11-17,450.24,450.15,450.945,451.09,450.78,2.1299999999999955,450.21,-0.0001332711401346165,0.0003215469735775578,-0.0006872242789687233,0.0054266841625336334,0.5365547226651802
2023-11-20,450.53,452.17,454.56,455.03,454.24,4.605000000000018,450.78,0.003083544079151679,0.0010339669130587925,-0.0017361492648835242,0.004731125474778427,0.4872274819592655
2023-11-21,453.1842,452.82,453.305,453.27,453.27,2.171099999999967,454.24,-0.003126100739697102,-7.721070802224617e-05,0.0,0.010215626247837123,1.0831172865628949
2023-11-22,454.98,454.935,454.84,455.2801,455.03,2.4904999999999973,453.27,0.0036733073002845895,0.0009675929997361443,-0.0005493321583790456,0.004779631912645225,0.5203466233266463
2023-11-27,454.65,454.5169,454.655,454.965,454.5,1.4101999999999748,455.03,-0.0011276179592553115,0.0006818356776017165,-0.0010220566417196153,0.005494517616431702,0.6186639109176162
2023-11-28,454.08,453.6131,454.75,454.39,454.88,2.769999999999982,454.5,-0.0019513751375137556,-0.0007916437603079363,0.0010783688021303028,0.003099136320682098,0.371119701750742
2023-11-29,457.15,458.11,455.525,454.44,454.62,4.1200000000000045,454.88,0.007100773830460927,-0.0023818670764501615,0.0003960918933192392,0.006094609460946055,0.761606032743439
2023-11-30,455.48,455.2,455.1,454.11,456.31,3.420000000000016,454.62,0.0012757907703135896,-0.002175346077785134,0.004844641166237285,0.009057333802321502,1.1447238563475082
2023-12-01,455.77,456.105,459.08,459.05,459.035,4.489999999999952,456.31,-0.0004492559882535163,-6.534808747926668e-05,-3.2676179065438404e-05,0.0075227662663323565,0.968352197700868
2023-12-04,455.6,455.99,455.985,456.03,456.66,4.7806000000000495,459.035,-0.006633481107105155,9.868745682406477e-05,0.001381488059996272,0.009839801889066538,1.2810941175917494
2023-12-05,455.26,455.475,456.6482,456.53,456.58,2.7199999999999704,456.66,-0.002594928393115259,-0.00025884258385344694,0.0001095218277002985,0.010414456413999039,1.354926626199196
2023-12-06,458.81,458.01,455.83,454.995,454.71,4.529999999999973,456.58,0.0031319812519163825,-0.001831823267446131,-0.0006263805096760056,0.00595629133272012,0.7833674313038754
2023-12-07,456.91,456.46,458.03,458.3,458.21,2.609999999999957,454.71,0.0038486068043368515,0.0005894810383599847,-0.00019637791839410834,0.009921590958868047,1.2694884823377264
2023-12-08,457.46,458.2,460.3799,460.3807,460.13,3.535000000000025,458.21,-2.1824054472818766e-05,1.7376953249659266e-06,-0.0005445493262423717,0.005739922148182263,0.7406829642870852
2023-12-11,459.69,460.405,461.54,461.48,461.97,2.6999999999999886,460.13,0.0005976571838393063,-0.0001299995666681486,0.001061801161480469,0.007714803256148982,0.993316915725815
2023-12-12,461.63,461.495,463.565,464.09,464.16,3.599999999999966,461.97,-0.0010282052947161446,0.001132527261548999,0.00015083281260119819,0.005867906895877227,0.7844503764037482
2023-12-13,464.49,464.475,469.78,468.865,470.44,6.6399000000000115,464.16,0.0006786452947260546,-0.001947720209459658,0.003359175882183596,0.007792713812585159,1.1050203841968171
2023-12-14,472.5,473.14,471.52,471.47,472.0,4.480000000000018,470.44,0.005739307881982736,-0.00010604004071923523,0.001124143635862218,0.014305196483971069,1.9234839885783561
2023-12-15,469.49,469.15,468.99,469.405,469.37,3.2736999999999625,472.0,-0.006038135593220417,0.0008848802746326268,-7.456247803061533e-05,0.00952299974491969,1.2761401153372902
2023-12-18,470.98,471.37,472.54,472.71,472.02,3.087100000000021,469.37,0.0042610307433368355,0.00035975790409259467,-0.0014596687186647639,0.006935805084745683,0.922112675561163
2023-12-19,472.53,473.48,474.17,474.19,474.82,2.4700000000000273,472.02,0.003093089275878258,4.2178965349970454e-05,0.0013285813703367566,0.0065771140038775825,0.8677884532515386
2023-12-20,473.96,474.6201,470.495,469.28,467.97,8.074999999999989,474.82,-0.00042100164272784735,-0.002582386635352152,-0.002791510398908903,0.005232829117410337,0.6881450901475343
2023-12-21,471.33,471.4,470.57,471.895,472.67,4.135000000000048,467.97,0.007329529670705215,0.0028157341096968214,0.0016423144979287319,0.017006444547407414,2.140846741920516
2023-12-22,473.86,474.91,473.88,473.945,473.62,3.680000000000007,472.67,0.004739035690862536,0.000137165527137606,-0.0006857335766807804,0.008836036498066217,1.0846269055739386
2023-12-26,474.07,474.675,475.7599,476.2,475.59,2.589999999999975,473.62,0.002227524175499429,0.0009250464362380306,-0.0012809743805124452,0.007785558634988484,0.9424285617497596
2023-12-27,475.44,476.01,475.51,475.645,476.51,1.7700000000000387,475.59,0.0008831136062574796,0.00028390570124714465,0.0018185831870407565,0.005468519065917772,0.6525963344342391
2023-12-28,476.88,477.19,477.195,476.9,476.68,1.2900000000000205,476.51,0.0014270424545130833,-0.0006181959157158801,-0.00046131264416016116,0.003721693054942364,0.45051421652868523
2023-12-29,476.49,476.76,475.565,475.78,475.35,3.7299999999999613,476.68,0.0001678274733574181,0.0004520938252394746,-0.0009037790575474602,0.0027071834798850403,0.34080565732395673
2024-01-02,472.16,472.27,470.925,470.91,472.6,3.180000000000007,475.35,-0.006479436204901767,-3.185220576518155e-05,0.0035887961606251295,0.007824955945288162,0.9832086896830887
2024-01-03,470.43,469.97,470.2283,469.26,468.73,3.019999999999982,472.6,-0.0055649597968683295,-0.002059212514431863,-0.0011294378382985526,0.006689807510255615,0.8575476388703736
2024-01-04,468.3,468.92,468.68,468.269,467.27,3.909999999999968,468.73,0.0004053506282934993,-0.0008769309550226145,-0.0021333891417113504,0.006390181972069364,0.8408269505529979
2024-01-05,467.49,468.1699,466.815,466.93,467.96,4.009999999999991,467.27,0.0019258672715989356,0.000246350267236517,0.0022058981003576505,0.008341689245407735,1.0806490181041835
2024-01-08,468.43,469.73,473.7599,473.66,474.56,6.449999999999989,467.96,0.0037823745619285365,-0.00021086630590727573,0.0019000971160747504,0.008581762150362725,1.1214828868670181
2024-01-09,471.87,472.1625,473.79,473.78,473.84,3.579999999999984,474.56,-0.005052048213081584,-2.1106397349091033e-05,0.00012664105703064088,0.013783229335840646,1.711283731290552
2024-01-10,474.16,474.71,477.25,476.22,476.52,3.5781000000000063,473.84,0.0018360628060105633,-0.0021581980094289577,0.0006299609424214037,0.007543830074173938,0.9376141025666047
2024-01-11,477.59,476.32,476.81,475.91,476.32,5.860000000000014,476.52,-0.0004197095609838053,-0.0018875443048593787,0.0008615074278750523,0.007551283133547203,0.9288237804748296
2024-01-12,477.84,477.12,476.2501,476.1895,476.665,3.3700000000000045,476.32,0.001679543164259334,-0.0001272440677702047,0.0009985520470316978,0.012297490136825346,1.471840158837298
2024-01-16,475.26,474.5,474.29,474.0399,474.95,3.5498000000000047,476.665,-0.004541973922985831,-0.0005273145122183243,0.0019198805838918087,0.007075075579442401,0.885084281827364
2024-01-17,471.82,471.325,471.47,470.8789,472.275,2.920000000000016,474.95,-0.00763238235603747,-0.0012537383078458086,0.002964881204063241,0.0074471589061500315,0.943887190365647
2024-01-18,474.01,473.87,475.74,476.41,476.46,4.639999999999986,472.275,0.003377269599280197,0.0014083322823390532,0.00010495161730439406,0.006148015580587464,0.7831375252458861
2024-01-19,477.65,477.91,482.21,482.14,482.42,6.182600000000036,476.46,0.0030432775049322736,-0.00014516496961902714,0.0005807441821878978,0.009824784288814751,1.2261245253995894
2024-01-22,484.01,485.02,483.635,484.1001,483.52,2.4400000000000546,482.42,0.00538949463123406,0.0009616756438222129,-0.0011983058875634223,0.01297611551861654,1.5447681661528327
2024-01-23,484.01,483.96,484.33,484.65,484.88,2.215000000000032,483.52,0.0009099933818663697,0.0006607065430594972,0.00047456927679778715,0.005057833423158357,0.648223262293807
2024-01-24,487.81,487.09,486.55,485.51,485.32,3.8881000000000085,484.88,0.004557828741131864,-0.0021374987154455516,-0.0003913410640357107,0.0045809894109861676,0.6035672232869226
2024-01-25,487.575,487.32,486.66,486.55,488.0,2.9150000000000205,485.32,0.004120992334954332,-0.00022603049356839655,0.002980166478265378,0.008018685035472713,1.0548799732883856
2024-01-26,487.59,487.7001,487.97,487.47,487.47,2.579999999999984,488.0,-0.0006145491803277725,-0.0010246531549070736,0.0,0.006006346328195872,0.7873658949913551
2024-01-29,487.73,488.03,488.885,490.93,491.26,4.2450000000000045,487.47,0.0011487886434036199,0.004182987819221218,0.0006721935917544108,0.005286885245901607,0.6860146596454171
2024-01-30,490.56,491.2601,491.37,491.37,490.86,1.509999999999991,491.26,2.0355819740913716e-07,0.0,-0.0010379144025887133,0.008708228198658388,1.087615288128548
2024-01-31,488.62,487.7602,486.484,484.685,482.92,6.1913000000000125,490.86,-0.006315038911298587,-0.003697963345145938,-0.0036415403818974568,0.003073728779057914,0.3956322645542747
2024-02-01,484.63,485.08,488.53,488.69,489.23,5.430000000000007,482.92,0.004472790524310488,0.0003275131516999874,0.0011049949865968856,0.012613168724279861,1.5638762485926336
2024-02-02,489.65,490.49,495.67,495.895,494.27,6.75,489.23,0.0025754757476033063,0.0004539310428308685,-0.0032769033767229283,0.011244098401391548,1.353402925219082
2024-02-05,493.695,493.44,493.98,493.67,492.58,4.147799999999961,494.27,-0.0016792441378193912,-0.0006275557714887636,-0.0022079526809407612,0.013797191505018088,1.607915295097475
2024-02-06,493.52,493.0095,493.15,493.16,493.97,2.269999999999982,492.58,0.0008719395834180244,2.02778059414932e-05,0.0016424689755860644,0.008391769680538898,0.9790550113882395
2024-02-07,496.29,495.89,498.325,498.15,498.05,3.169999999999959,493.97,0.0038868757211976135,-0.00035117644107762747,-0.00020074274816817006,0.004608388485119132,0.5680564801635649
2024-02-08,498.1,497.9975,498.25,498.415,498.4,1.4499999999999886,498.05,-0.00010541110330286596,0.00033115905669856005,-3.0095402425822648e-05,0.0064173937688522765,0.796575143558134
2024-02-09,498.84,499.5,501.285,501.1,501.175,3.159999999999968,498.4,0.002207062600320997,-0.00036905153754851483,0.00014967072440619233,0.0029113542816986016,0.37209442941163157
2024-02-12,501.17,501.43,500.59,500.91,500.94,3.259999999999991,501.175,0.0005088043098717687,0.0006392456900858878,5.9890998382883254e-05,0.006340288924558524,0.8424093832366245
2024-02-13,494.53,493.825,491.4,491.3301,494.14,5.135000000000048,500.94,-0.014203297800135739,-0.00014224664224660177,0.005718965721823288,0.006504713922282617,0.8675430848148943
2024-02-14,496.79,496.88,496.92,497.9945,498.625,4.670000000000016,494.14,0.005544987250576838,0.0021623198905256213,0.0012660782398199455,0.010250728630175366,1.3420635129847884
2024-02-15,499.29,499.6499,501.84,501.63,501.95,3.4049999999999727,498.625,0.0020554524943594554,-0.0004184600669535632,0.0006379203795625621,0.009450762941676481,1.2111436225391472
2024-02-16,501.7,499.66,500.565,500.5626,499.49,4.1200000000000045,501.95,-0.0045622073911743,-4.794582122213953e-06,-0.0021427889338915262,0.0068287791426422115,0.8922575148543193
2024-02-20,497.72,496.6801,496.715,496.71,496.74,3.9600000000000364,499.49,-0.0056255380488098305,-1.006613450371674e-05,6.039741499064277e-05,0.008207988843510318,1.106948924676049
2024-02-21,495.42,495.26,494.58,494.43,497.17,3.8100000000000023,496.74,-0.0029794258565849496,-0.00030328763799580827,0.005541734927087871,0.007928086648381422,1.048899760261939
2024-02-22,504.01,504.99,507.195,507.7301,507.53,5.470000000000027,497.17,0.01572902628879458,0.0010550182868522828,-0.00039410702654818497,0.007670008455127436,0.9944351442151701
2024-02-23,509.27,509.74,508.335,507.92,507.82,3.0299999999999727,507.53,0.0043544223986760056,-0.0008163907659318737,-0.0001968813986454876,0.01100227286441263,1.3994047399395426
2024-02-26,508.3,508.215,506.76,506.88,505.99,2.8899999999999864,507.82,0.0007778346658264823,0.00023679848448976415,-0.0017558396464646409,0.005970090438003612,0.7595248497896196
2024-02-27,506.7,506.12,506.66,506.76,506.87,2.410000000000025,505.99,0.00025692207355865193,0.0001973710180396271,0.00021706527744891346,0.005690992871489871,0.7221612320798724
2024-02-28,505.33,505.33,505.845,506.12,506.19,1.8950000000000387,506.87,-0.0030382543847535803,0.0005436447923770071,0.00013830712084095254,0.004762939979051019,0.619913163316107
2024-02-29,508.07,508.49,507.75,508.1301,508.0,4.389999999999986,506.19,0.004543748394871594,0.0007485967503693125,-0.0002560367905779515,0.0037386312072129712,0.4844994094273969
2024-03-01,508.98,509.08,513.0999,512.89,512.84,4.729999999999961,508.0,0.002125984251968527,-0.00040908213001022986,-9.748679053978027e-05,0.008672632805863384,1.1533591211355376
2024-03-04,512.03,512.505,513.815,513.5289,512.25,2.2000000000000455,512.84,-0.0006532251774433728,-0.0005568151961309331,-0.002490414852990841,0.009311023622047169,1.2543812543643877
2024-03-05,510.24,509.66,505.72,505.01,507.15,5.789999999999964,512.25,-0.005056124938994544,-0.001403938938543181,0.0042375398506959705,0.004289836986194613,0.617470687350116
2024-03-06,510.55,509.91,509.24,509.17,509.8,3.648999999999944,507.15,0.005442176870748439,-0.00013745974393208904,0.001237307775399099,0.011303074670570939,1.593553575084355
2024-03-07,513.14,513.406,514.905,514.6,514.87,6.084699999999998,509.8,0.007073362102785197,-0.0005923422767305508,0.0005246793626116908,0.007195109928029073,0.9962303581183218
2024-03-08,515.46,517.76,513.83,511.93,511.76,7.090100000000007,514.87,0.005613067376230907,-0.003697721036140411,-0.00033207665110468465,0.011935464888191444,1.5917690440310053
2024-03-11,510.48,509.4299,511.61,510.87,511.26,3.3799999999999955,511.76,-0.004553110833203089,-0.0014464142608627828,0.0007634036056138882,0.01377066055509159,1.71251218627212
2024-03-12,513.45,513.44,516.75,517.11,516.81,6.519999999999982,511.26,0.004263975276767251,0.0006966618287373993,-0.0005801473574289506,0.006604658433640761,0.8200039310654277
2024-03-13,517.11,516.08,516.4901,515.15,515.99,2.7999999999999545,516.81,-0.0014125113678139511,-0.0025946286288933695,0.0016305930311559802,0.012752806791065175,1.5242105490446192
2024-03-14,516.97,513.98,513.8916,512.63,514.95,5.305000000000007,515.99,-0.0038954243299288427,-0.002454992453661542,0.0045256812905996036,0.005417851821752587,0.6667974565655819
2024-03-15,510.21,509.84,510.19,510.14,509.74,3.5779999999999745,514.95,-0.009923293523643184,-9.800270487470009e-05,-0.0007840984827693909,0.010281207000135675,1.2589172585645607
2024-03-18,514.0,513.835,513.79,513.855,512.87,3.0399999999999636,509.74,0.008033507278220275,0.0001265108312735741,-0.0019168831674305498,0.006948247402660403,0.8501798661829454
2024-03-19,512.15,511.6899,514.9,514.53,515.76,4.875,512.87,-0.002300972956109648,-0.0007185861332297261,0.0023905311643637184,0.005963824694942449,0.739885376250507
2024-03-20,515.77,515.43,518.91,520.378,520.42,5.539999999999964,515.76,-0.0006398324802234789,0.0028290069568905896,8.071056040015456e-05,0.009505332735391035,1.1678269287484044
2024-03-21,523.39,523.43,522.32,522.78,522.11,2.2000000000000455,520.42,0.0057837900157564626,0.0008806861693979595,-0.0012816098550058053,0.010741430122537544,1.2952554963470255
2024-03-22,522.11,521.77,522.17,521.69,521.27,1.634999999999991,522.11,-0.0006512037693207073,-0.0009192408602560764,-0.0008050758113057332,0.004227354828792217,0.5314647402891302
2024-03-25,519.8,520.3,520.81,520.295,519.81,1.3400000000000318,521.27,-0.001860839871851483,-0.0009888443002246117,-0.0009321634841772397,0.003131524008350713,0.4008489126745229
2024-03-26,521.23,521.25,520.85,520.21,518.66,3.1800000000000637,519.81,0.0027702429733942324,-0.0012287606796582695,-0.002979565944522533,0.0025706447714236996,0.3357593130626295
2024-03-27,521.71,520.89,520.27,520.9,523.17,3.715000000000032,518.66,0.004299541125207362,0.0012109097199530794,0.004357842196198947,0.0061176198995788154,0.7920328831249052
2024-03-28,523.21,523.24,524.13,524.458,523.12,1.830000000000041,523.17,0.0001337997209320818,0.0006257989430102917,-0.002551205244271215,0.007162688466432792,0.9072264262203044
2024-04-01,523.83,524.095,521.86,521.87,522.22,3.409999999999968,523.12,0.0018638170974154544,1.9162227417268696e-05,0.0006706651081687109,0.003497906990079785,0.4580562618507329
2024-04-02,518.24,517.6,517.79,518.43,518.85,2.5,522.22,-0.00884684615679221,0.001236022325653341,0.0008101383021816844,0.006518580822755712,0.8695161129382057
2024-04-03,517.72,518.39,519.96,518.53,519.36,3.285000000000082,518.85,-0.0008865760817192703,-0.0027502115547350936,0.0016006788421114582,0.0047872544138485695,0.636462301892047
2024-04-04,523.52,522.84,515.891,513.69,513.03,11.11239999999998,519.36,0.006700554528650704,-0.004266405112707705,-0.00128482158500276,0.006331309627060001,0.8705135827477649
2024-04-05,514.46,515.92,517.865,518.15,518.4,6.430000000000064,513.03,0.005633198838274511,0.0005503364776533459,0.0004824857666698712,0.021396333949476237,2.6801918859627376
2024-04-08,519.15,518.83,519.255,519.255,518.67,2.2899999999999636,518.4,0.0008294753086421913,0.0,-0.0011266140913425149,0.012533380114223464,1.5641247754699652
2024-04-09,520.5,518.88,516.51,518.55,519.29,6.399999999999977,518.67,0.00040488171669861295,0.003949584712783727,0.0014270562144440557,0.004417438271604868,0.5854502049754257
2024-04-10,513.48,513.985,512.635,514.26,514.16,4.069999999999936,519.29,-0.010215871670935184,0.0031698967101347897,-0.00019445416715280217,0.012339252318429788,1.5754718633518436
2024-04-11,515.68,514.61,518.689,518.91,518.05,7.399999999999977,514.16,0.0008752139411856152,0.00042607419860463125,-0.0016573201518568226,0.007837624448766463,1.0331232323155022
2024-04-12,514.37,515.34,509.625,509.505,510.82,6.7350000000000705,518.05,-0.005231155293890399,-0.00023546725533485358,0.002580936399053879,0.014392407032830203,1.7911991362034458
2024-04-15,515.13,514.89,505.14,504.2599,504.5,11.71999999999997,510.82,0.0079675815355702,-0.001742289266341901,0.00047614335385381956,0.013000675610462448,1.5910671324245795
2024-04-16,504.94,504.44,505.8,505.62,503.49,4.2900000000000205,504.5,-0.00011892963330029094,-0.000355871886120962,-0.004212649816067393,0.02294350260365681,2.5575747581631854
2024-04-17,506.05,505.29,501.59,500.7197,500.5,7.100000000000023,503.49,0.003575046177679786,-0.0017350824378475904,-0.00043876843671220023,0.0085034687809713,0.9346744715914006
2024-04-18,501.98,501.18,498.96,499.79,499.48,5.569999999999993,500.5,0.001358641358641277,0.0016634599967935149,-0.0006202605094139946,0.014101571034181458,1.5118115532775889
2024-04-19,499.44,499.64,494.9197,495.08,495.1,6.59499999999997,499.48,0.0003203331464722847,0.00032389092614426573,4.039751151330151e-05,0.011128871128871115,1.1906393821562078
2024-04-22,497.83,497.59,501.33,500.59,499.63,6.949999999999989,495.1,0.005029287012724648,-0.0014760736441067346,-0.0019177370702571084,0.013203731881156342,1.347898721077923
2024-04-23,501.78,503.07,505.73,505.36,505.64,6.557199999999966,499.63,0.006885094970277894,-0.000731615684258391,0.0005540604717428899,0.014037568168046835,1.357455172443553
2024-04-24,506.56,506.2499,504.43,505.85,505.47,4.240000000000009,505.64,0.00120619413021128,0.0028150585809725293,-0.0007512108332509149,0.013124111842763577,1.207507200627281
2024-04-25,499.18,498.2,502.49,504.15,503.44,6.779999999999973,505.47,-0.014382653767780584,0.003303548329320005,-0.0014083110185459935,0.008385412546475771,0.7635489506623652
2024-04-26,506.35,507.84,509.4,509.64,508.24,4.180000000000007,503.44,0.008739869696488212,0.00047114252061253303,-0.0027470371242445113,0.013413258947118468,1.187572853127685
2024-04-29,510.09,509.58,509.5515,508.6,510.05,3.5,508.24,0.0026365496615772255,-0.0018673284250952937,0.002850963429020803,0.008302876211663767,0.7198028198523997
2024-04-30,508.56,509.1308,504.795,504.765,502.04,7.53000000000003,510.05,-0.0018021762572296707,-5.943006567032949e-05,-0.005398551801333196,0.0068865103100897215,0.5960629121487359
2024-05-01,501.38,500.81,507.34,506.465,500.25,8.324999999999989,502.04,-0.002450003983746396,-0.0017246816730397407,-0.012271331681359965,0.014763258504068287,1.2249503407196345
2024-05-02,504.15,501.99,505.45,505.3199,505.02,6.339999999999975,500.25,0.003478260869565153,-0.0002573944010286766,-0.0005934854336827611,0.016582344036331742,1.319758576054943
2024-05-03,511.16,511.57,511.54,511.64,511.29,3.9899999999999523,505.02,0.012969783374915833,0.00019548813387015862,-0.000684074740051499,0.012673663168415741,1.0449449426805326
2024-05-06,513.75,514.205,515.41,515.115,516.6,3.310000000000059,511.29,0.005701265426665936,-0.0005723598688421871,0.002882851402114195,0.00790067720090284,0.6640948281894049
2024-05-07,517.56,517.18,517.015,517.17,517.2,2.1200000000000045,516.6,0.0011227255129693248,0.0002997978782046662,5.800800510491477e-05,0.006473821119130159,0.539497216450411
2024-05-08,515.26,516.5085,517.0099,517.31,517.19,2.6000000000000227,517.2,-0.0013370069605568302,0.0005804531015749514,-0.0002319692254159067,0.004103755323267527,0.35413972076894085
2024-05-09,517.38,517.5818,519.9,519.67,520.13,3.502399999999966,517.19,0.0007575552504881511,-0.00044239276783997195,0.0008851771316413792,0.005027068832173284,0.43914396820944124
2024-05-10,521.81,522.42,520.9321,521.03,520.84,3.044999999999959,520.13,0.004402745467479319,0.00018793236201020136,-0.0003646623035140628,0.006771979349948695,0.6119402404012396
2024-05-13,522.56,521.695,520.92,520.79,520.91,2.92999999999995,520.84,0.0016415789877890496,-0.0002495584734699685,0.00023041917087507358,0.005854305654355563,0.5466670687641684
2024-05-14,521.11,521.3,523.2687,523.4414,523.29,3.2700000000000955,520.91,0.0007486897928623559,0.0003300407610853373,-0.00028923963599380986,0.0056255279932415905,0.571514773834186
2024-05-15,525.83,525.67,528.995,529.06,529.76,4.900000000000091,523.29,0.004548147298820915,0.00012287450732029193,0.0013231013495633714,0.006277475955539528,0.6450418473300078
2024-05-16,529.88,530.22,530.09,529.89,528.66,2.981800000000021,529.76,0.0008683177287829302,-0.00037729442170209015,-0.0023212364830437204,0.009363832674043247,0.9861853782817355
2024-05-17,528.81,528.745,528.8051,529.22,529.43,2.199999999999932,528.66,0.00016078386864903926,0.0007845990895321009,0.00039681040021144476,0.00562858652974936,0.6104765363058798
2024-05-20,529.57,531.1679,529.895,530.2615,530.02,2.390100000000075,529.43,0.0032825869331170043,0.0006916464582604753,-0.0004554356671189197,0.00416146483562201,0.4746263894657614
2024-05-21,529.28,529.52,530.4099,530.825,531.32,2.449999999999932,530.02,-0.0009433606279007911,0.0007826022855155212,0.0009325107144539935,0.004514477834652504,0.544456107200723
2024-05-22,530.65,531.15,528.57,528.76,529.82,3.7799999999999727,531.32,-0.00031995784084937196,0.00035946043097401237,0.002004690218624816,0.004622467076713958,0.5876038729826163
2024-05-23,532.96,529.96,524.94,525.19,525.95,8.350000000000023,529.82,0.00026424068551578195,0.0004762449041795236,0.0014470953369256634,0.007114356696529347,0.911736360718348
2024-05-24,527.85,527.202,529.0899,528.93,529.5,3.38900000000001,525.95,0.0023804544158188,-0.00030221707123878616,0.001077647325733233,0.01576006945755166,1.989800748157017
2024-05-28,530.27,529.355,528.29,528.35,529.87,3.3999999999999773,529.5,-0.00027384324834744955,0.00011357398398614826,0.0028768808554935354,0.006443578286909421,0.8232015786940865
2024-05-29,525.68,526.205,526.165,526.86,526.11,1.9399999999999409,529.87,-0.006916790910978077,0.0013208784316707245,-0.0014235280719735455,0.006421152030217143,0.8227823075271444
2024-05-30,524.52,524.59,524.07,523.3805,522.63,3.8700000000000045,526.11,-0.002889129649693012,-0.0013156639380236257,-0.0014339471952049543,0.0036612754071752335,0.5050666222219828
2024-05-31,523.59,523.15,521.47,522.25,527.35,9.139999999999986,522.63,0.000994967759217813,0.001495771568834181,0.009765438008616512,0.00735587614757371,1.083695458221879
2024-06-03,529.02,527.92,525.75,526.25,527.77,6.709999999999923,527.35,0.0010808760785057103,0.0009510223490252212,0.002888361045130683,0.017488471767789806,2.488218592281629
2024-06-04,526.46,526.49,528.3999,527.65,528.35,4.189999999999941,527.77,-0.00242529889914167,-0.001419190276152671,0.0013266369752678031,0.012723997345216502,1.75028372201949
2024-06-05,530.77,530.08,533.85,533.7,534.65,5.9646000000000186,528.35,0.0032743446578973323,-0.0002809778027534904,0.0017800262319653815,0.007939064365158954,1.0811834569949346
2024-06-06,534.98,534.345,534.405,534.49,534.63,2.740000000000009,534.65,-0.0005704666604319231,0.00015905539805949331,0.0002619319351155891,0.0112891075991294,1.4656978063620607
2024-06-07,533.66,534.0399,535.08,534.73,533.96,4.355000000000018,534.63,-0.0011037539980921496,-0.0006541077969649534,-0.001439979054850049,0.005124848031422443,0.6649519087836787
2024-06-10,533.18,533.09,535.01,535.5801,535.65,3.419999999999959,533.96,-0.0016293355307513968,0.0010655875591110142,0.00013051269081865158,0.008145820473972687,1.047587803959578
2024-06-11,534.07,532.765,536.2,535.86,536.91,4.960000000000036,535.65,-0.0053859796508913815,-0.0006340917568071758,0.001959467024969186,0.0064049741553673665,0.8208010363759188
2024-06-12,541.63,542.6887,542.5,540.99,541.34,3.82000000000005,536.91,0.010762883909780196,-0.0027834101382487875,0.0006469620510545226,0.009259777840007536,1.1596416694417777
2024-06-13,543.15,541.99,542.49,542.505,542.4,3.7350000000000136,541.34,0.0012007241290130644,2.7650279267765754e-05,-0.00019354660325709983,0.007114786463280718,0.8863679785789398
2024-06-14,540.88,541.53,542.075,542.36,542.73,2.9599999999999227,542.4,-0.0016039823008849874,0.0005257575058801311,0.0006822037023379579,0.006899545572098891,0.8729530166061201
2024-06-17,542.08,542.1,547.7657,548.27,547.05,6.922799999999938,542.73,-0.0011607981869438122,0.0009206491023441288,-0.0022251810239480863,0.0054572271386429255,0.6912154930216936
2024-06-18,547.16,547.53,548.03,547.885,548.49,1.8899999999999864,547.05,0.000877433506992098,-0.0002645840556173562,0.0011042463290653615,0.01275551379138787,1.5322270932585795
2024-06-20,549.44,549.61,547.18,547.15,546.95,4.940000000000055,548.49,0.002041969771554575,-5.4826565298427e-05,-0.00036553047610332623,0.0034548944337811655,0.4176693877756509
2024-06-21,544.4,543.85,544.29,544.395,544.12,2.6299999999999955,546.95,-0.005667794131090642,0.00019291186683578765,-0.000505147916494364,0.00900654524239285,1.0607111591102227
2024-06-24,544.33,545.655,544.225,544.23,542.65,4.32000000000005,544.12,0.002821068881864175,9.187376544650405e-06,-0.0029031843154548875,0.004808483407989753,0.5740958303291096
2024-06-25,543.99,543.1,544.425,545.12,544.78,2.759999999999991,542.65,0.0008292637980282791,0.0012765762042523665,-0.0006237158790725061,0.007939425126810354,0.9943275262578157
2024-06-26,543.69,544.115,544.545,544.6398,545.52,3.2100000000000364,544.78,-0.0012206762362787504,0.00017409029556803013,0.0016161139894659282,0.005086151294572913,0.6424465914997124
2024-06-27,545.37,546.11,545.39,545.765,546.35,2.3500000000000227,545.52,0.0010815368822407745,0.0006875813637947648,0.00107188991598961,0.005892286794669475,0.7467662084855049
2024-06-28,547.16,548.055,545.1,544.78,544.09,7.329999999999927,546.35,0.0031207101674748383,-0.0005870482480280215,-0.0012665663203493827,0.004307816395365931,0.5437287439343662
2024-07-01,545.63,544.77,544.755,544.33,545.37,3.3600000000000136,544.09,0.0012497932327371064,-0.0007801672311404939,0.0019106056987487907,0.013416308227326671,1.6310129191275775
2024-07-02,543.7,545.125,547.64,547.975,548.97,5.330000000000041,545.37,-0.0004492362982929654,0.0006117157256593231,0.0018157762671655586,0.0061754489147016365,0.8061837316977674
2024-07-05,551.77,552.53,554.37,554.35,554.7,3.92999999999995,548.97,0.006484871668761327,-3.607698829299899e-05,0.0006313700730584682,0.009773181509800761,1.3009122148680872
2024-07-08,555.44,556.02,554.95,554.619,555.34,2.0600999999999203,554.7,0.0023796646836127255,-0.0005964501306424674,0.0012999915257141392,0.007158861139952911,0.9578929651636541
2024-07-09,556.26,556.67,555.895,555.785,555.85,1.6599999999999682,555.34,0.0023949292325420313,-0.00019787909587243302,0.00011695169894854196,0.003713899405083685,0.5234685630673054
2024-07-10,557.07,557.28,560.09,560.07,561.26,4.899999999999977,555.85,0.0025726365026534914,-3.57085468406515e-05,0.002124734408198936,0.0029891597940000145,0.4277557960667107
2024-07-11,561.44,561.95,557.16,556.558,556.42,6.5,561.26,0.001229376759434242,-0.0010804795749873586,-0.00024795259433885164,0.008815327876225559,1.2554798937731106
2024-07-12,557.63,558.8799,563.24,562.82,559.9,6.519999999999982,556.42,0.004420941015779611,-0.0007456856757331876,-0.005188159624746946,0.011581085414959199,1.590745879350205
2024-07-15,562.03,561.92,562.275,562.0699,561.49,5.2070999999999685,559.9,0.00360778710484011,-0.0003647681294740579,-0.0010317222110629576,0.011717767154307866,1.582800640467989
2024-07-16,562.865,563.08,564.54,564.425,564.845,3.0599999999999454,561.49,0.0028317512333255745,-0.00020370567187444344,0.0007441201222484484,0.00930005358099655,1.2379522901106137
2024-07-17,558.8,559.875,557.45,558.07,556.95,3.8999999999999773,564.845,-0.008798874027388104,0.0011122073728586646,-0.0020069166950382744,0.00544978539243788,0.7325018663257705
2024-07-18,558.51,558.845,552.38,551.45,552.66,9.090000000000032,556.95,0.0034024598258370897,-0.0016836235924543308,0.0021942152507026247,0.006904549035576091,0.9190958879806823
2024-07-19,552.42,552.99,549.12,549.99,548.93,6.170000000000073,552.66,0.0005971121485182085,0.0015843531468531236,-0.0019273077692322227,0.016321034204147645,2.122204688382456
2024-07-22,553.0,552.6601,554.815,554.52,554.65,4.25,548.93,0.0067952197912304335,-0.0005317087677876309,0.0002344369905504795,0.011164187746535072,1.3823791365330063
2024-07-23,554.54,555.52,555.0901,555.21,553.72,3.4600000000000364,554.65,0.0015685567474983397,0.00021600096993257267,-0.0026836692422687047,0.007742335088262621,0.9662389739069549
2024-07-24,548.86,546.76,542.48,541.65,541.21,8.879999999999995,553.72,-0.0125695297262155,-0.001530010322961295,-0.0008123326871595227,0.006238168214189194,0.7716358994815169
2024-07-25,541.35,539.858,540.8299,543.14,538.34,10.004999999999995,541.21,-0.0024981060956007495,0.004271398456335396,-0.008837500460286418,0.016036986202412763,1.8891001561018688
2024-07-26,542.28,542.9,543.57,544.76,544.38,5.7000000000000455,538.34,0.008470483337667645,0.002189230457898539,-0.0006975548865555403,0.018486354649766255,2.0183306870426576
2024-07-29,546.02,546.63,545.14,545.43,544.76,4.329999999999927,544.38,0.00413314229031192,0.0005319734380158092,-0.001228388610820752,0.010588104172084641,1.127111010669499
2024-07-30,546.26,546.25,541.45,541.72,541.91,8.825000000000045,544.76,0.0027351494235994256,0.0004986610028625549,0.0003507346968911751,0.007954002718689018,0.8305898711046479
2024-07-31,548.98,548.74,553.06,549.68,550.44,5.920100000000048,541.91,0.012603568858297498,-0.006111452645282567,0.001382622616795448,0.016199794404875626,1.667416724139442
2024-08-01,552.57,554.04,539.9789,541.47,543.04,15.438800000000015,550.44,0.0065402223675603555,0.002761404195608552,0.002899514285186422,0.010924507759591164,1.0976142527018593
2024-08-02,535.75,534.13,530.91,532.32,532.98,8.389999999999986,543.04,-0.016407631113730003,0.002655817370175839,0.0012398557258790355,0.028048106968970303,2.581105378447477
2024-08-05,511.64,515.22,515.72,516.43,517.41,13.31000000000006,532.98,-0.033322075875267365,0.0013767160474673634,0.0018976434366710926,0.015450058927519127,1.3695326783042365
2024-08-06,519.22,521.8858,527.47,526.7204,522.19,11.879999999999995,517.41,0.008650393305115855,-0.0014211234762165903,-0.008601147781631346,0.024972794476340685,2.023037370546229
2024-08-07,528.47,531.01,519.5066,521.07,518.65,13.538099999999986,522.19,0.016890403875983617,0.003009393913378622,-0.004644289634790133,0.02296051487215167,1.7208199380874758
2024-08-08,523.91,525.04,530.13,529.31,530.63,9.449999999999932,518.65,0.012320447315145033,-0.0015467904098995788,0.0024938126995524,0.025925620942568766,1.8259677646892198
2024-08-09,529.81,529.27,532.4191,532.73,532.91,5.9500000000000455,530.63,-0.002562991161449646,0.0005839384800434555,0.0003378822292716688,0.01822037983225669,1.2539614366382563
2024-08-12,534.21,531.41,533.2099,532.63,533.25,4.779999999999973,532.91,-0.0028147341952674543,-0.0010875642031401567,0.0011640350712502912,0.011213086331342076,0.7730485959277875
2024-08-13,536.53,537.78,541.42,541.2099,542.0,6.0,533.25,0.008495077355836766,-0.00038805363673311,0.0014598772121501291,0.008969619635585695,0.619085474436006
2024-08-14,542.85,541.49,544.28,543.11,543.78,4.840000000000032,542.0,-0.0009409594095940443,-0.0021496288674945907,0.0012336359116937867,0.011251758087201125,0.7613548947369252
2024-08-15,549.5,550.17,552.92,553.07,553.0678,4.480000000000018,543.78,0.011751075802714395,0.0002712869854590849,-3.977796662280042e-06,0.008929889298893047,0.6001324046193657
2024-08-16,551.42,552.27,554.585,554.1,554.21,3.759999999999991,553.0678,-0.0014424994548589698,-0.0008745278000666934,0.00019852012272147945,0.008238625914892085,0.5691331272947717
2024-08-19,554.73,554.98,558.1583,558.2,559.56,5.720000000000027,554.21,0.0013893650421319403,7.470998818792651e-05,0.0024364027230381335,0.006798443156517141,0.47683418429129726
2024-08-20,559.15,560.745,559.08,558.68,558.62,3.5149999999999864,559.56,0.0021177353635000173,-0.0007154611146885648,-0.00010739600486853185,0.010320997455838088,0.7174139553335102
2024-08-21,559.77,560.35,560.75,560.1,560.7,4.1200000000000045,558.62,0.00309691740360174,-0.0011591618368256285,0.0010712372790573355,0.006281721352491219,0.4365772324387562
2024-08-22,562.56,562.3599,556.0,555.78,556.21,8.199999999999932,560.7,0.0029604066345638724,-0.0003956834532374831,0.0007736874302783914,0.007375317747305869,0.5284888186636784
2024-08-23,559.53,559.78,560.76,562.17,562.09,5.800000000000068,556.21,0.006418439078765159,0.002514444682216954,-0.00014230570823758892,0.014624576422329108,1.062647550394671
2024-08-26,563.18,563.0,560.84,560.45,560.73,4.860000000000014,562.09,0.0016189578181429187,-0.0006953854931888159,0.0004995985368898559,0.01042771615037498,0.7581380411744387
2024-08-27,559.49,559.825,561.59,561.52,561.5318,3.7399999999998954,560.73,-0.0016139675066431103,-0.00012464609412565775,2.1014389514073528e-05,0.008646302193598914,0.6270438366046576
2024-08-28,561.21,561.08,558.06,558.55,558.33,6.610000000000014,561.5318,-0.0008045848872672012,0.0008780417876215196,-0.0003938770029539018,0.006669876767784665,0.5010237682503685
2024-08-29,560.31,561.1,558.493,559.125,558.315,6.5,558.33,0.004961223649096347,0.0011316166899135727,-0.0014486921529174301,0.011771372520665818,0.8814312596602535
2024-08-30,560.77,561.7219,560.7,561.82,563.57,7.060000000000059,558.315,0.006102110815578987,0.001997503121098587,0.0031148766508846126,0.011641860548421184,0.9287834228199038
2024-09-03,560.47,559.08,552.6301,552.53,552.16,11.299999999999955,563.57,-0.007967067090157376,-0.00018113381808193552,-0.0006696468970011082,0.012645191334640943,1.0202438557743347
2024-09-04,550.2,552.49,550.07,550.72,550.84,4.969999999999914,552.16,0.0005976528542452897,0.001181667787736096,0.00021789657176052302,0.020050747910641008,1.650514429810641
2024-09-05,550.89,551.96,550.17,549.2801,549.57,6.699499999999944,550.84,0.002033258296419982,-0.0016175000454404787,0.0005277817273920959,0.009001014198782806,0.7861006417849696
2024-09-06,549.94,547.8901,540.45,541.33,540.43,12.159999999999968,549.57,-0.003056753461797568,0.0016282727356831117,-0.0016625718138659762,0.012162333890058717,1.130114007430732
2024-09-09,544.65,545.3,545.11,545.59,546.42,5.030000000000086,540.43,0.009011342819606583,0.0008805562180109749,0.0015212888799280844,0.022126389722874187,2.019320895362381
2024-09-10,548.36,547.8699,548.2199,548.76,548.82,5.769999999999982,546.42,0.002653453387504223,0.0009851886077101302,0.00010933741526364393,0.009307403363988095,0.8568729299447859
2024-09-11,548.7,544.69,551.67,553.33,554.36,15.399999999999977,548.82,-0.007525235960788579,0.003009045262566623,0.0018614569967287942,0.010559642765638122,0.965094894328367
2024-09-12,555.01,553.77,558.68,558.76,559.02,6.659999999999968,554.36,-0.001064290352839392,0.0001431946731582645,0.0004653160569834114,0.028060201887686265,2.3816199788054444
2024-09-13,559.71,560.9301,561.44,561.8,561.94,3.5799999999999272,559.02,0.0034168723838146065,0.0006412083214588638,0.0002491990032040814,0.012013853813406392,1.0065074723278593
2024-09-16,561.74,562.48,562.6975,562.26,562.86,3.2100000000000364,561.94,0.0009609566857671226,-0.0007775047872080609,0.001067121972041507,0.006404064255303795,0.5406805307966267
2024-09-17,565.1,564.49,562.025,562.182,563.1,5.785000000000082,562.86,0.0028959243861705897,0.0002793470041368984,0.0016329231458851456,0.0057123536320604264,0.484502329115334
2024-09-18,563.74,563.0,563.79,564.94,561.33,7.860000000000014,563.1,-0.0001775883502043163,0.002039766579755131,-0.006390059121322622,0.010277866609814309,0.8718930284824831
2024-09-19,571.01,569.58,571.92,571.17,570.92,4.7999999999999545,561.33,0.014697236919459122,-0.0013113722198908606,-0.0004376980583714607,0.013958444326052234,1.146783050393465
2024-09-20,567.84,567.149,567.4801,568.24,568.1,4.139999999999986,570.92,-0.006605128564422302,0.0013390777932125175,-0.0002463747712233566,0.008551119662230692,0.6991568735019748
2024-09-23,569.34,568.8,569.46,569.51,569.6,2.232499999999959,568.1,0.0012321774335504188,8.780247954187637e-05,0.00015803058769825462,0.007251453793876527,0.6113200101963425
2024-09-24,570.48,569.332,570.45,570.6399,571.24,3.759999999999991,569.6,-0.00047050561797756796,0.00033289508282918767,0.0010516264285058696,0.003929765886287553,0.34062099703288307
2024-09-25,571.14,571.54,570.025,569.865,570.0,2.980000000000018,571.24,0.0005251733071913733,-0.00028068944344539215,0.0002368982127345376,0.006601123595505602,0.5772834918277318
2024-09-26,574.38,573.545,572.26,572.12,572.29,4.810000000000059,570.0,0.006219298245613958,-0.00024464404291757447,0.0002971404600433658,0.005216721518101005,0.45913169905575124
2024-09-27,573.39,573.0,572.19,571.9771,571.41,3.800000000000068,572.29,0.0012406297506508679,-0.00037207920446025167,-0.0009914732600307952,0.008438596491228174,0.7537484585785368
2024-09-30,570.42,570.6492,570.541,570.89,574.02,6.2999999999999545,571.41,-0.001331443271906374,0.0006117001232162078,0.005482667414037801,0.006639990214751382,0.6066458746044741
2024-10-01,573.4,569.56,570.4,570.2601,568.69,8.062199999999962,574.02,-0.007769764119717193,-0.00024526647966338633,-0.0027533050269515913,0.011025358324145456,1.0148131236693283
2024-10-02,567.71,567.08,568.89,569.21,568.85,4.6299999999999955,568.69,-0.002831067892876682,0.0005624989013695014,-0.0006324555085118755,0.01404515522107237,1.329512074468355
2024-10-03,567.36,567.84,566.76,566.53,567.78,4.3125,568.85,-0.0017755119978904998,-0.000405815512739105,0.002206414488200137,0.008141518226098569,0.7738226720100642
2024-10-04,572.35,570.11,571.5,572.04,572.91,5.259999999999991,567.78,0.004103702138152254,0.0009448818897637157,0.0015208726662472305,0.007581084644458117,0.7365922084446341
2024-10-07,571.3,570.72,566.8499,567.88,567.81,5.329899999999952,572.91,-0.0038225899355919246,0.0018172359208319389,-0.00012326547862229198,0.009264151608017175,0.960115852053526
2024-10-08,570.42,570.7403,572.72,572.86,573.13,4.250099999999975,567.81,0.005160705165460522,0.00024444754854036077,0.0004713193450407438,0.009303206437311189,0.9641843758724142
2024-10-09,573.16,573.532,576.22,576.7133,577.1,5.160000000000082,573.13,0.0007014115471184468,0.0008560966297594952,0.0006705238113982048,0.007485074232577755,0.7883128702190593
2024-10-10,575.77,575.39,575.3,575.395,576.1,3.090000000000032,577.1,-0.0029630913186623475,0.00016513123587702516,0.001225245266295305,0.009003192992863892,1.0539659526771057
2024-10-11,576.05,577.39,579.7,580.0595,579.55,4.420000000000073,576.1,0.002239194584273463,0.0006201483525960505,-0.000878358168429294,0.0053543579968810115,0.652236325171466
2024-10-14,581.22,583.3,584.26,584.54,584.28,4.539999999999964,579.55,0.0064705374859805875,0.0004792386951013583,-0.00044479419714649193,0.007672279118208771,0.9274280573505885
2024-10-15,584.59,584.215,580.11,579.31,579.79,6.355000000000018,584.28,-0.00011124803176554288,-0.0013790488010895219,0.0008285719217691057,0.007833664049693666,0.9349491220162522
2024-10-16,579.78,579.15,582.4,582.36,582.24,3.8700000000000045,579.79,-0.0011038479449455574,-6.868131868120742e-05,-0.00020605810838658645,0.010876634490312896,1.2935062610035233
2024-10-17,585.91,584.06,583.32,582.58,582.28,3.9600000000000364,582.24,0.0031258587524043424,-0.001268600425152644,-0.000514950736379638,0.006674830542092835,0.8297421160295295
2024-10-18,584.07,583.28,584.8515,584.46,584.57,2.8099999999999454,582.28,0.0017173868242081891,-0.0006694006940222152,0.00018820791842033557,0.006801319043693385,0.8547620126586863
2024-10-21,583.85,584.0399,582.3888,582.93,583.67,4.249900000000025,584.57,-0.000906820397899466,0.0009292761124526372,0.001269449161992009,0.004825856976025187,0.6158812386583119
2024-10-22,581.05,581.32,583.0201,583.64,583.32,4.1200000000000045,583.67,-0.004026247708465269,0.0010632566527295495,-0.0005482831882666073,0.007270130181158843,0.9084582717674958
2024-10-23,581.26,581.31,577.17,577.28,577.93,7.293600000000083,583.32,-0.003445793046698342,0.00019058509624558795,0.0011259700665187111,0.007058783216543603,0.8795339128827225
2024-10-24,579.98,579.39,578.82,579.44,579.18,3.4899999999998954,577.93,0.002526257505234275,0.0010711447427524945,-0.000448709098440081,0.012503600082287736,1.4903087826458161
2024-10-25,581.51,583.3,580.2,579.51,579.015,6.3799999999999955,579.18,0.007113505300597511,-0.0011892450879008587,-0.0008541699021586968,0.006038793625525402,0.730209289180241
2024-10-28,582.58,581.49,581.14,581.4525,580.77,2.1900000000000546,579.015,0.004274500660604641,0.0005377361737275432,-0.001173784616972151,0.011015573742187224,1.2976706797432418
2024-10-29,579.85,579.97,582.41,582.84,581.7,4.477000000000089,580.77,-0.0013774816192295702,0.0007383114987724593,-0.001955939880584734,0.0037822854330199643,0.4654218563719613
2024-10-30,581.29,581.85,581.18,580.5701,579.97,4.030000000000086,581.7,0.00025786487880341546,-0.0010494167039469815,-0.0010336391763888786,0.007708731511614045,0.9870646497215733
2024-10-31,575.56,573.76,570.66,571.175,568.55,7.189999999999941,579.97,-0.010707450385364803,0.0009024638138295238,-0.00459578938153804,0.006927969743854369,0.8940381741875781
2024-11-01,571.32,573.12,572.17,571.7495,571.02,4.92999999999995,568.55,0.008037991381584897,-0.0007349214394322123,-0.0012759084179347902,0.01239719295825636,1.551611637144337
2024-11-04,571.18,571.52,570.5103,570.24,569.77,4.610000000000014,571.02,0.0008756260726419107,-0.00047378636284045594,-0.000824214365881093,0.00867118107466353,1.0893124879155893
2024-11-05,570.74,573.98,575.0,575.6899,576.68,6.190000000000055,569.77,0.007388946416975406,0.001199826086956568,0.0017198495231547373,0.008073272389758702,1.0220967273675121
2024-11-06,589.2,586.11,590.54,591.115,591.04,6.539999999999964,576.68,0.01635222306998685,0.0009736851017714265,-0.00012687886451878683,0.010864032855362787,1.3466110867859304
2024-11-07,593.08,594.0,596.02,596.15,595.55,3.650099999999952,591.04,0.005008121277747746,0.00021811348612454928,-0.0010064581061813849,0.011340778247901721,1.3856302094074777
2024-11-08,596.17,597.16,598.91,598.25,598.24,3.4750000000000227,595.55,0.002703383427084205,-0.0011020019702459027,-1.671541997494419e-05,0.006175724147265756,0.7507902607266985
2024-11-11,599.81,599.1619,598.2885,598.2799,598.72,3.169999999999959,598.24,0.0015410203262904432,-1.4374336127165321e-05,0.0007356088680232631,0.005834942490135208,0.717372902323381
2024-11-12,598.68,598.95,598.01,597.39,596.87,4.919999999999959,598.72,0.0003841528594334953,-0.0010367719603351366,-0.0008704531378160851,0.005298876705001268,0.6617784248320148
2024-11-13,597.37,597.1,597.21,597.59,597.17,4.269999999999982,596.87,0.0003853435421448115,0.0006362920915590209,-0.0007028230057398721,0.008217530732228686,1.0436191746925663
2024-11-14,597.32,596.41,595.295,594.14,593.37,5.159999999999968,597.17,-0.0012726694241170788,-0.0019402145154923112,-0.0012959908439088563,0.007153986630254463,0.9057940221702967
2024-11-15,589.72,588.66,584.97,585.31,585.7,6.340000000000032,593.37,-0.007937711714444684,0.00058122638767788,0.0006663135774207518,0.008640755563742265,1.0814462647432044
2024-11-18,586.22,585.72,588.095,588.395,588.14,4.149999999999977,585.7,3.414717432126402e-05,0.0005101216640168715,-0.0004333823366955425,0.010684732965940361,1.2899680758186898
2024-11-19,584.71,585.2501,589.63,589.88,590.29,7.014999999999986,588.14,-0.0049136260074131854,0.00042399470854603827,0.0006950566216856746,0.0070855386716748795,0.8563915252965442
2024-11-20,590.38,587.43,587.52,588.48,590.51,6.159999999999968,590.29,-0.004845076149011529,0.0016339869281045694,0.003449564980967823,0.01192743224402351,1.4004023667971572
2024-11-21,593.4,589.78,594.59,594.9,593.61,7.669999999999959,590.51,-0.0012362195390425157,0.0005213676651136812,-0.002168431669188009,0.010435548628640106,1.2402978514974539
2024-11-22,593.66,595.97,595.3999,594.77,595.48,2.9974999999999454,593.61,0.003975674264247608,-0.0010579444168533625,0.0011937387561578028,0.012988772417063147,1.4825262214366897
2024-11-25,599.52,599.26,597.09,597.14,597.45,5.659999999999968,595.48,0.0063478202458520094,8.37394697617011e-05,0.0005191412399103701,0.005049611697916049,0.5966731184221945
2024-11-26,598.8,599.02,600.03,600.3715,600.74,3.259999999999991,597.45,0.0026278349652688604,0.0005691382097561259,0.000613786630444757,0.009504937193524498,1.0863930802955752
2024-11-27,600.46,600.44,598.7099,598.55,598.79,3.57000000000005,600.74,-0.0004993840929519155,-0.0002670742541588389,0.0004009690084370021,0.005456523558456759,0.6318004259763744
2024-12-02,602.97,602.8699,603.935,604.26,603.65,1.8500000000000227,598.79,0.006813574040982706,0.000538137382334325,-0.0010094992221891808,0.00594267070612919,0.6920380632887079
2024-12-03,603.39,603.35,604.03,603.945,603.85,1.81899999999996,603.65,-0.0004969767249233259,-0.00014072148734323164,-0.00015729909180473012,0.0030895639539738856,0.38040287880242124
2024-12-04,605.63,605.89,606.9158,607.31,607.61,2.9599999999999227,603.85,0.003378322431067282,0.000649513490998288,0.0004939816568145794,0.0030133355421187113,0.38440656694641523
2024-12-05,607.66,607.79,607.185,606.745,606.61,2.175000000000068,607.61,0.000296242655650758,-0.0007246555827300494,-0.00022249874329416386,0.004901879605862255,0.6382357620980009
2024-12-06,607.44,608.98,607.34,607.615,607.88,2.050000000000068,606.61,0.003906958342262845,0.0004527941515459766,0.000436131431909903,0.0035795987557809585,0.489274427827901
2024-12-09,607.69,607.46,604.99,604.46,604.66,3.7799999999999727,607.88,-0.0006909258406263552,-0.000876047537975766,0.00033087383780561197,0.0033794365407758993,0.4884941278845658
2024-12-10,605.37,605.09,603.655,602.7319,602.87,3.669999999999959,604.66,0.0007111434525188809,-0.0015291847164357053,0.00022912342950487385,0.00621833256563791,0.8985769549360411
2024-12-11,605.78,606.61,607.94,608.07,607.5,2.9349999999999454,602.87,0.006203659163667163,0.0002138368917985467,-0.000937392076570176,0.006069526676148512,0.8755897786946586
2024-12-12,606.58,606.1999,605.12,604.88,604.35,2.8199999999999363,607.5,-0.0021400823045267803,-0.0003966155473295041,-0.0008762068509455823,0.004868379584321571,0.7044999225691366
2024-12-13,606.4,606.15,604.3001,604.27,604.26,4.32000000000005,604.35,0.0029784065524942616,-4.9809688927870965e-05,-1.6548893706391787e-05,0.00464197530864187,0.6895770293942448
2024-12-16,606.0,606.27,607.5,607.59,606.775,2.569499999999948,604.26,0.0033263826829510457,0.00014814814814823052,-0.001341365065257949,0.007148175725986679,1.0619251967497367
2024-12-17,604.19,604.4,603.41,603.09,604.24,2.284999999999968,606.775,-0.003914136211940145,-0.0005303193516844606,0.0019068464076672509,0.004252308608876888,0.6530044128055761
2024-12-18,603.98,604.6099,596.44,593.14,586.3,20.514999999999986,604.24,0.0006121739706077545,-0.0055328281134734425,-0.011531847455912625,0.0037658110502244956,0.6107412623077204
2024-12-19,591.36,590.53,588.06,588.61,586.12,7.149999999999977,586.3,0.007214736483029283,0.0009352787130565421,-0.004230305295526815,0.03395174103005426,4.521305605530084
2024-12-20,581.77,582.06,592.4999,591.77,590.87,14.840000000000032,586.12,-0.006926909165358763,-0.0012318989420927462,-0.0015208611453774168,0.012195121951219474,1.6211177707292226
2024-12-23,590.89,590.45,592.98,593.305,594.78,7.63900000000001,590.87,-0.0007108162539982699,0.0005480791932273021,0.0024860737731857707,0.025319047294069526,3.0627246912478405
2024-12-26,599.5,599.9,601.745,601.79,601.25,4.397500000000036,594.78,0.008608224889875338,7.478250754044957e-05,-0.0008973229864237542,0.012928393724507947,1.5644575979589568
2024-12-27,597.54,596.82,595.26,593.65,594.99,7.011400000000094,601.25,-0.007367983367983277,-0.002704700467022869,0.0022572222690138144,0.007393490029927094,0.8821714627101526
2024-12-30,587.89,585.22,590.92,589.59,588.23,7.330000000000041,594.99,-0.016420444041076343,-0.0022507276788734654,-0.002306687698230947,0.011661372141372297,1.3737306963836502
2024-12-31,589.905,590.015,586.33,587.2301,586.01,6.219900000000052,588.23,0.003034527310745716,0.0015351423259937214,-0.002077720471072575,0.012319534782097246,1.394877266041968
2025-01-02,589.39,590.17,582.1305,584.47,584.58,10.629999999999995,586.01,0.007098854968345281,0.004018858314415841,0.00018820469827374176,0.010573925165326577,1.1666431011888796
2025-01-03,587.53,588.01,592.07,591.93,591.87,6.170000000000073,584.58,0.005867460398918833,-0.00023645852686349222,-0.00010136333688093302,0.018139622190747592,1.8479552800033026
2025-01-06,596.27,597.88,594.35,595.055,595.4,6.100000000000023,591.87,0.010154256846942822,0.0011861697652897352,0.0005797783398173717,0.010554586198638463,1.035462498456011
2025-01-07,597.42,596.34,590.02,587.83,588.72,10.970000000000027,595.4,0.0015787705744039204,-0.003711738585132629,0.0015140431757481032,0.010306317265615799,0.9849935449413234
2025-01-08,588.7,587.38,588.53,589.09,589.42,5.384899999999902,588.72,-0.002276124473433949,0.0009515232868333445,0.0005601860496697864,0.018424588511924803,1.6442327316630987
2025-01-10,585.88,582.98,582.1,580.33,580.51,7.400000000000091,589.42,-0.010925995045977355,-0.0030407146538394825,0.000310168352489093,0.009146793042532787,0.7957918154884529
2025-01-13,575.77,577.87,580.4816,580.1,581.54,6.399999999999977,580.51,-0.004547725276050296,-0.0006573851781003226,0.0024823306326493544,0.012554714804384125,1.06298856645627
2025-01-14,584.36,582.3,580.56,580.49,582.19,6.649999999999977,581.54,0.0013068748495375093,-0.00012057323963055033,0.0029285603541835403,0.011024788548000857,0.9142726827244414
2025-01-15,590.325,591.93,593.4,593.69,592.78,4.7450000000000045,582.19,0.016729933526855367,0.0004887091338052763,-0.0015327864710540373,0.011435154933452518,0.9231671969945463
2025-01-16,594.175,592.185,592.93,592.29,591.7,3.4200000000000728,592.78,-0.0010037450656230629,-0.0010793854249236956,-0.0009961336507452456,0.0081502602243254,0.6487879149717248
2025-01-17,596.96,596.29,598.24,598.1,597.57,3.75,591.7,0.007757309447354865,-0.0002340197913880404,-0.0008861394415649038,0.0057694254192112975,0.4617997166819989
2025-01-21,600.67,600.52,602.16,602.71,602.92,4.310000000000059,597.57,0.004936660140234528,0.0009133785040522646,0.0003484262746593636,0.006337671117120162,0.5030848793470379
2025-01-22,605.92,606.4906,607.6,607.12,606.34,2.4600000000000364,602.92,0.00592217873017975,-0.0007899934167215905,-0.0012847542495717512,0.00721254413708864,0.5648057764152453
2025-01-23,605.8,606.2259,607.825,608.095,609.71,4.220000000000027,606.34,-0.0001881782498268647,0.0004442068029448798,0.0026558350257772645,0.004080143302594103,0.36183112010347507
2025-01-24,609.81,610.33,607.38,607.07,607.95,3.980000000000018,609.71,0.0010168768758918034,-0.0005103888834007142,0.0014495857149916525,0.0069597915361019015,0.6318691866354973
2025-01-27,594.81,598.62,596.94,597.44,599.41,5.050000000000068,607.95,-0.015346656797434077,0.0008376051194425305,0.0032974022495981803,0.006527693493628148,0.6479074178618153
2025-01-28,600.62,598.9351,605.14,605.09,604.49,8.120000000000005,599.41,-0.0007922790744230301,-8.262550814674974e-05,-0.000991588028227297,0.008306604161526553,0.8438282676435689
2025-01-29,603.72,603.27,602.32,603.35,601.8,4.909999999999968,604.49,-0.002018230243676533,0.0017100544561030606,-0.002568989806911559,0.013546654209973148,1.3344341634884573
2025-01-30,603.96,604.94,605.6801,606.31,604.98,5.884999999999991,601.8,0.005217680292456173,0.0010399879408287127,-0.0021935973346967064,0.008122549587255319,0.814317777805698
2025-01-31,607.5,608.11,603.63,601.6689,601.8,8.910000000000082,604.98,0.0051737247512313456,-0.003248844490830405,0.00021789392803905905,0.009778996344300418,0.9930293088542378
2025-02-03,592.67,592.0361,599.68,598.55,597.65,9.799999999999955,601.8,-0.01622449318710517,-0.0018843383137673309,-0.001503633781638869,0.01472775959535866,1.464671502788035
2025-02-04,597.83,598.995,601.48,601.085,601.76,5.019999999999982,597.65,0.0022504810507821826,-0.0006567134401808117,0.0011229692971874705,0.016284479893652302,1.6345652162518929
2025-02-05,600.64,600.12,603.0699,603.73,604.17,5.789999999999964,601.76,-0.0027253390055835824,0.0010945663181001208,0.0007288026104383949,0.008399564962770823,0.8523302211843479
2025-02-06,605.99,605.2699,603.73,604.765,606.34,3.822499999999991,604.17,0.0018205140937155306,0.0017143425040995197,0.0026043173794780827,0.009621776123371383,0.979754636104344
2025-02-07,606.89,607.8103,601.12,600.4,600.78,8.080000000000041,606.34,0.002424877131642189,-0.0011977641735427813,0.0006329113924050667,0.006326861644901255,0.686529927188088
2025-02-10,604.03,603.49,604.93,604.89,604.79,2.759900000000016,600.78,0.004510802623256538,-6.612335311517725e-05,-0.00016531931425556312,0.013325856780024476,1.4139343339087487
2025-02-11,602.55,603.33,605.41,605.27,605.21,3.4300000000000637,604.79,-0.0024140610790520656,-0.00023124824499098917,-9.912931419031601e-05,0.004593861313625647,0.5089236462555587
2025-02-12,599.2,601.355,603.9,603.32,603.36,6.039999999999964,605.21,-0.006369689859718197,-0.0009604239112435131,6.6299807730541e-05,0.0056713900692803515,0.647496424974764
2025-02-13,604.48,604.83,608.9,609.5799,609.69,6.740000000000009,603.36,0.0024363564041369745,0.0011166037116110417,0.0001806161915773874,0.009980006939739864,1.1489504282425878
2025-02-14,609.94,610.465,610.22,609.67,609.7,1.919999999999959,609.69,0.0012711377913365851,-0.0009013142800957663,4.9206948021129904e-05,0.011170776982232844,1.2640600212533504
2025-02-18,610.88,610.11,609.85,609.78,611.35,3.0,609.7,0.0006724618664917248,-0.00011478232352224449,0.002574699071796527,0.0031491413669241072,0.36171224325644724
2025-02-19,610.08,609.92,613.11,612.0999,612.9,3.6700000000000728,611.35,-0.0023390856301628293,-0.001647502079561547,0.0013071395698642796,0.004920452681646711,0.5698038162466107
2025-02-20,611.54,608.3825,609.86,609.84,610.39,4.663999999999987,612.9,-0.007370696687877154,-3.2794411832237635e-05,0.0009018759018757372,0.006003107876012223,0.7000812216931976
2025-02-21,610.16,608.4701,600.035,600.56,600.0,10.829999999999927,610.39,-0.003145366077425882,0.0008749489613104622,-0.0009324630345010076,0.00760972426170662,0.8695483663076331
2025-02-24,602.02,598.76,599.78,599.1,597.2,6.539999999999964,600.0,-0.002066666666666661,-0.0011337490413150242,-0.0031714238023702324,0.01774275463228416,1.9097737902749863
2025-02-25,597.15,595.23,595.24,595.89,594.21,8.330000000000041,597.2,-0.003298727394507761,0.0010919965056110925,-0.002819312289180753,0.01089999999999994,1.1462684894015611
2025-02-26,595.93,597.71,592.76,593.59,594.43,7.72440000000006,594.21,0.005890173507682395,0.0014002294351846967,0.0014151181792145806,0.013948425987943805,1.424586968562011
2025-02-27,596.85,592.435,589.28,586.31,585.04,13.370000000000005,594.43,-0.0033561563178170495,-0.005040048873201197,-0.002166089611297717,0.012999444640783661,1.33138558955155
2025-02-28,585.56,586.03,588.1,589.615,594.07,12.279999999999973,585.04,0.0016921919868726487,0.002576092501275218,0.007555777922881868,0.022492135322914397,2.1457199098529025
2025-03-03,596.18,593.05,586.05,581.21,583.97,17.440000000000055,594.07,-0.0017169693807128628,-0.008258680999914558,0.00474871388998821,0.02099001777656224,1.9007743983467198
2025-03-04,579.71,575.7,582.89,583.84,576.87,13.139999999999986,583.97,-0.014161686387999306,0.0016298100842355723,-0.01193820224719111,0.029356809803558592,2.4932893139054113
2025-03-05,576.69,575.81,583.09,584.13,583.05,11.800499999999943,576.87,-0.001837502383552736,0.0017836011593406198,-0.0018489034975092133,0.022501155881295247,1.8618826582144832
2025-03-06,575.48,574.423,570.98,573.0131,572.8,10.05359999999996,583.05,-0.014796329645827888,0.0035607201653298226,-0.00037189376647772665,0.020456081959540177,1.612239874635865
2025-03-07,570.9,573.95,575.1735,575.9796,575.85,11.759999999999991,572.8,0.002007681564246022,0.00140149015905644,-0.00022500796903224263,0.017243118085927385,1.3193851049069598
2025-03-10,567.59,567.36,557.3,559.67,560.75,13.949999999999932,575.85,-0.014743422766345438,0.00425264668939529,0.0019297085782694623,0.020530726256983226,1.4899742079470302
2025-03-11,559.4,559.79,561.546,559.57,556.12,12.0,560.75,-0.0017119928666964324,-0.003518856870140641,-0.006165448469360513,0.024225058609012643,1.6911968909092012
2025-03-12,562.17,559.48,561.2247,559.64,558.91,9.419999999999959,556.12,0.006041861468747856,-0.002823646215143416,-0.0013044099778429796,0.02139991083370486,1.4111836131593956
2025-03-13,558.49,555.03,553.94,551.47,551.51,9.425000000000068,558.91,-0.006942083698627699,-0.004458966675091269,7.253341070234676e-05,0.016938790189167732,1.07699117938653
2025-03-14,556.11,558.44,561.76,561.8,562.79,12.338300000000004,551.51,0.01256550198545825,7.120478496158711e-05,0.0017621929512281476,0.016863180118444954,1.0492245802312852
2025-03-17,562.79,565.65,569.2,569.045,567.02,7.360000000000014,562.79,0.005081824481600661,-0.00027231201686594986,-0.003558593784322772,0.022371851824989582,1.3451013011104438
2025-03-18,564.8,560.77,561.3991,561.11,561.05,5.960000000000036,567.02,-0.011022538887517142,-0.0005149634190719787,-0.00010693090481372902,0.013077702162440722,0.7635043947454128
2025-03-19,562.83,563.92,568.25,567.2301,567.01,9.32000000000005,561.05,0.005115408608858507,-0.001794808622965216,-0.0003880259527835328,0.010511093083136462,0.6038063072514049
2025-03-20,563.33,566.61,564.45,564.67,565.68,7.968800000000101,567.01,-0.000705454930248095,0.00038975994330758823,0.0017886553208068534,0.016611710186258,0.9260375429933263
2025-03-21,559.28,559.841,562.49,561.99,564.19,6.860000000000014,565.68,-0.010322090227690484,-0.0008889046916389365,0.003914660403210091,0.0140540731204037,0.7696348750508795
2025-03-24,570.8,572.74,573.635,573.95,574.02,4.949999999999932,564.19,0.015154469239086144,0.0005491296730499862,0.00012196184336610294,0.012126997595813913,0.6744747210605117
2025-03-25,575.3,574.66,573.9393,574.11,575.36,2.7199999999999136,574.02,0.0011149437301836151,0.0002974182112986945,0.0021772830990576253,0.008773640085786582,0.4908715626826644
2025-03-26,575.19,573.63,567.41,567.7,568.74,9.139999999999986,575.36,-0.0030068131256952846,0.0005110942704571464,0.001831953496564953,0.004738510853280223,0.2721233289376635
2025-03-27,567.18,568.33,567.56,569.78,567.0,5.959999999999923,568.74,-0.0007208917958996253,0.003911480724504868,-0.004879076134648441,0.015885706340378173,0.904786250909041
2025-03-28,565.53,563.9399,556.18,555.77,555.83,11.197499999999991,567.0,-0.00539700176366853,-0.0007371714193246115,0.00010795832808541128,0.010479305130639523,0.6180011816996903
2025-03-31,549.83,549.74,556.39,557.41,559.15,13.841199999999958,555.83,-0.010956587445801858,0.0018332464638113333,0.0031215801654078668,0.019748677248677234,1.1689270268721017
2025-04-01,557.45,557.22,557.662,558.4293,561.03,9.260000000000105,559.15,-0.0034516677099167836,0.001375923050162875,0.004657169672150019,0.024901858481909858,1.4936373624815524
2025-04-02,555.05,558.73,561.11,563.2,564.65,12.610000000000014,561.03,-0.0040996025167994166,0.003724759851009729,0.0025745738636362425,0.016560851292140043,1.0113532687471476
2025-04-03,545.11,544.92,541.79,539.03,537.64,11.07000000000005,564.65,-0.03494199946869747,-0.005094224699606853,-0.002578706194460434,0.02247651640732227,1.3642003921667714
2025-04-04,523.67,523.18,507.78,510.52,505.5,20.810000000000002,537.64,-0.026895320288669033,0.005396037654102237,-0.009833111337459788,0.019605065084565748,1.181450688581396
2025-04-07,489.19,495.69,503.21,500.605,504.55,41.36999999999995,505.5,-0.019406528189910954,-0.005176765167623776,0.007880464637788354,0.038706197455546466,2.2114244855975684
2025-04-08,521.86,522.5925,501.69,497.51,496.74,35.81999999999999,504.55,0.0357595877514616,-0.008331838386254509,-0.0015477075837670995,0.08183976261127586,4.014986706941921
2025-04-09,493.44,499.85,530.93,540.49,543.37,53.28000000000003,496.74,0.0062608205499858904,0.018006140169137375,0.005328498214583144,0.07099395500941431,3.105152855840779
2025-04-10,532.17,529.0025,526.07,522.43,524.7,24.17500000000001,543.37,-0.026441467140254193,-0.006919231281008464,0.004345079723599543,0.10725933083705767,3.91753382259667
2025-04-11,523.01,526.4001,532.16,534.74,533.98,16.3599999999999,524.7,0.003240137221269146,0.0048481659651233855,-0.0014212514493024964,0.04449086257982592,1.5469334302028683
2025-04-14,544.05,540.47,540.73,541.33,538.97,10.419999999999959,533.98,0.012154013258923513,0.0011096110813160198,-0.004359632756359311,0.031179721745759288,1.0677593120721467
2025-04-15,539.675,541.48,538.63,538.3434,537.72,6.420000000000073,538.97,0.004657031003580947,-0.0005320906744890053,-0.0011579969216674035,0.01951383946964298,0.6609733536697613
2025-04-16,531.68,529.92,522.84,520.665,525.73,17.59540000000004,537.72,-0.014505690694041617,-0.004159972458113503,0.009727944071524108,0.011911609180474,0.40251564875905443
2025-04-17,527.64,528.74,528.52,527.31,526.39,7.2549999999999955,525.73,0.005725372339413726,-0.002289411942783648,-0.0017447042536647972,0.03272223462024853,1.0764446855515075
2025-04-21,521.16,517.56,508.7701,510.365,513.98,13.240000000000066,526.39,-0.016774634776496544,0.003134814722799195,0.007083165969453242,0.013799859243337827,0.45415599642360377
2025-04-22,520.14,521.89,526.76,524.69,526.94,10.112499999999955,513.98,0.015389703879528316,-0.003929683347254742,0.004288246393108208,0.025152453504056056,0.8104022695193825
2025-04-23,540.43,543.56,536.36,534.63,535.41,11.549999999999955,526.94,0.0315405928568715,-0.003225445596241383,0.0014589529207114094,0.01967489007354363,0.6229767738467544
2025-04-24,536.715,539.48,546.08,544.87,546.54,11.979600000000005,535.41,0.007601651071141857,-0.00221579255786708,0.003064951272780503,0.02191900406118335,0.6756557016649498
2025-04-25,546.65,544.88,549.84,549.645,550.52,7.3599999999999,546.54,-0.0030372891279686343,-0.00035464862505463213,0.0015919366136323276,0.022374628789152248,0.6828709320374006
2025-04-28,551.39,550.29,548.73,550.5924,550.94,8.529999999999973,550.52,-0.000417786819734145,0.0033940189164070045,0.0006313200109555606,0.01346653492882479,0.4091319719530463
2025-04-29,548.91,550.62,554.33,554.6,554.14,6.900000000000091,550.94,-0.0005808254982394567,0.0004870744863167964,-0.0008294266137757189,0.015494441618833054,0.4738045358516968
2025-04-30,547.57,541.94,549.6,549.79,554.35,15.0,554.14,-0.02201609701519458,0.0003457059679765617,0.008294075919896837,0.012524049805786638,0.39036051612649075
2025-05-01,560.37,558.85,561.705,562.03,558.46,6.209899999999948,554.35,0.0081176152250384,0.0005785955261212727,-0.006351974093909418,0.027068971739993505,0.8301151133476947
2025-05-02,564.73,563.62,567.1,567.67,566.62,6.0,558.46,0.009239694875192495,0.0010051137365543195,-0.0018496661792942737,0.01120212861910336,0.3495751799733132
2025-05-05,562.57,562.99,565.785,564.77,563.53,4.949999999999932,566.62,-0.006406409939642033,-0.0017939676732326992,-0.002195584043061749,0.010743831250223828,0.33997405311663165
2025-05-06,557.93,557.4,561.04,560.785,558.8,6.38760000000002,563.53,-0.010877859208915264,-0.000454513047198013,-0.0035396809829079112,0.008736013554057273,0.29020016894496303
2025-05-07,560.15,561.4599,560.85,557.87,561.23,7.780000000000086,558.8,0.004760021474588427,-0.005313363644468216,0.006022908562926865,0.011334977729668377,0.4264770314911301
2025-05-08,565.24,564.1298,568.35,569.02,564.92,8.6099999999999,561.23,0.005166865634410156,0.0011788510600860835,-0.0072053706372360304,0.013922691481746756,0.586846112726373
2025-05-09,566.48,567.0,564.83,564.95,564.29,4.736300000000028,564.92,0.0036819372654535165,0.00021245330453401046,-0.0011682449774317316,0.015341303921743136,0.8020044226869908
2025-05-12,581.47,578.79,581.54,581.52,582.84,5.960000000000036,564.29,0.025696007372095986,-3.439144340888767e-05,0.0022699133305819075,0.008384018976138266,0.48397186641374573
2025-05-13,583.41,585.28,588.6,588.45,586.81,6.240000000000009,582.84,0.004186397639146078,-0.0002548419979612193,-0.0027869827512959633,0.010561945099151211,0.6482715145320365
2025-05-14,587.81,587.5308,587.625,587.005,587.56,3.44500000000005,586.81,0.0012283362587550695,-0.0010550946607105205,0.0009454774661203924,0.01070619724109534,0.6753808319803842
2025-05-15,585.56,586.14,589.72,588.77,590.41,5.873100000000022,587.56,-0.0024167744570766647,-0.001610934002577613,0.0027854680095793505,0.005870724766108366,0.377537476372482
2025-05-16,591.25,591.36,593.57,593.855,594.29,5.220000000000027,590.41,0.0016090513372064574,0.00048014555991704455,0.0007325020417441319,0.00999574511539251,0.6934881984645981
2025-05-19,588.1,591.24,594.39,593.545,594.94,7.439999999999941,594.29,-0.005132174527587519,-0.0014216255320581572,0.0023502851510839307,0.008841313663386507,0.6241312066359345
2025-05-20,593.09,592.84,590.88,591.32,592.83,4.449999999999932,594.94,-0.0035297677076679967,0.0007446520444083227,0.0025536088750590658,0.012519140486967544,0.9250053504978175
2025-05-21,588.44,589.84,584.02,582.25,582.96,10.759999999999991,592.83,-0.005043604405984836,-0.0030307181260915694,0.001219407471017675,0.007479745856724933,0.578731930827091
2025-05-22,582.66,584.18,585.84,586.51,583.03,5.215000000000032,582.96,0.0020927679429119106,0.0011436569711866795,-0.005933402670031285,0.018150228564681258,1.4251198144428256
2025-05-23,575.98,576.77,580.73,579.9,579.16,6.210100000000011,583.03,-0.010737011817573694,-0.0014292356172403986,-0.0012760820831178021,0.008945725264169122,0.7414924187525325
2025-05-27,586.07,586.13,590.4,590.295,591.06,12.879999999999995,579.16,0.012034670902686617,-0.00017784552845534485,0.001295962188397226,0.010651424455002336,0.8932962753259639
2025-05-28,591.56,590.7885,589.76,589.515,587.71,5.783800000000042,591.06,-0.00045934422901217076,-0.0004154232230060284,-0.003061838969322106,0.022239104910560116,1.8138137167419455
2025-05-29,593.06,591.2308,588.7901,588.89,590.0,7.1299999999999955,587.71,0.005990709703765473,0.00016966997237211068,0.001884902103958419,0.00978547017223301,0.8071133130584858
2025-05-30,588.93,587.09,588.68,590.64,589.47,7.894900000000007,590.0,-0.00493220338983047,0.00332948291091939,-0.001980902072328261,0.012131833727518665,1.0663306374068402
2025-06-02,587.76,586.8499,591.86,592.4,592.65,7.730000000000018,589.47,-0.004444840280251716,0.0009123779272124377,0.00042201215394999103,0.013381186440677978,1.164986389649412
2025-06-03,592.34,592.395,596.33,596.26,596.11,5.230000000000018,592.65,-0.0004302708175145664,-0.00011738466956223714,-0.000251568107872413,0.01311347481636049,1.1300225577192704
2025-06-04,596.96,597.565,597.0212,597.03,595.9,2.4600000000000364,596.11,0.002440824680008724,1.4739845084044134e-05,-0.0018927022092691814,0.008824770100396555,0.7601629103330132
2025-06-05,597.63,594.2897,595.24,592.46,593.0,7.9500000000000455,595.9,-0.0027022990434635297,-0.0046703850547678005,0.0009114539378185516,0.004126755129086975,0.36686702798004855
2025-06-06,598.66,600.3,599.72,599.35,599.03,3.9700000000000273,593.0,0.012310286677908788,-0.000616954578803397,-0.0005339117377159974,0.013341164624937146,1.1890983483282265
2025-06-09,599.72,598.895,600.995,600.54,599.56,2.759999999999991,599.03,-0.00022536433901476638,-0.0007570778459056182,-0.0016318646551437554,0.006694772344013537,0.6206197462396079
2025-06-10,600.22,600.57,602.4009,602.632,603.06,4.3799999999999955,599.56,0.0016845686837014817,0.0003836315649594635,0.0007102178443891827,0.0046074487087457905,0.43473024052800435
2025-06-11,604.19,603.65,600.79,600.48,601.4,5.789999999999964,603.06,0.0009783437800550132,-0.0005159872834100687,0.0015321076472154527,0.007305357261992121,0.7000432974761112
2025-06-12,600.01,600.7699,603.33,603.2946,603.72,4.2000000000000455,601.4,-0.0010477219820418382,-5.8674357317101133e-05,0.0007051281413759103,0.009601034722913083,0.9249265673545493
2025-06-13,598.5,598.15,597.21,596.2692,596.95,6.3700000000000045,603.72,-0.009226131319154618,-0.001575325262470617,0.0011417661687038727,0.006983704689058939,0.6691955471091756
2025-06-16,600.4,603.05,602.5046,602.05,602.71,4.230000000000018,596.95,0.010218611273975942,-0.0007545170609486451,0.0010962544639150362,0.010551248923341954,1.0083625583546132
2025-06-17,600.21,600.865,598.12,598.25,597.55,4.990000000000009,602.71,-0.003061173698793773,0.00021734768942693883,-0.001170079398244983,0.007086020604740796,0.6829253913051155
2025-06-18,598.44,599.12,597.27,596.92,597.46,4.75,597.55,0.0026273951970547937,-0.0005859996316573968,0.0009046438383704114,0.00827927195500325,0.8145693045193068
2025-06-20,598.38,597.35,593.6,593.47,594.23,6.600000000000023,597.46,-0.0001841127439493606,-0.00021900269541774708,0.0012806039058419483,0.007949125596184421,0.7802856256447466
2025-06-23,595.04,596.65,598.5086,599.24,600.13,8.649999999999977,594.23,0.004072497181226042,0.001222037578073154,0.001485214605166485,0.01104676463696318,1.1235198059724314
2025-06-24,604.33,604.05,607.305,607.505,606.77,4.43990000000008,600.13,0.0065319180844150004,0.0003293238158750267,-0.0012098665854601842,0.014556653147771026,1.439424383257292
2025-06-25,607.91,608.16,606.42,606.9948,607.08,3.07000000000005,606.77,0.0022908185968324446,0.0009478579202535364,0.00014036364067693263,0.007398230383417059,0.7435280651005306
2025-06-26,608.99,609.12,611.45,611.64,611.89,3.939999999999941,607.08,0.003360347894840743,0.00031073677324378046,0.00040873716565292817,0.005059577764227055,0.5565361558416494
2025-06-27,612.88,614.36,611.19,612.385,614.86,5.559999999999945,611.89,0.004036673258265511,0.001955202146631807,0.004041575152885946,0.0064900836792514014,0.7270642427781078
2025-06-30,617.38,616.433,616.93,617.9,617.88,4.180000000000064,614.86,0.0025583059558274,0.0015723015577131516,-3.2367697038293564e-05,0.009086600532775409,1.0356088956289726
2025-07-01,616.36,617.27,617.96,618.365,617.56,3.310000000000059,617.88,-0.0009872467145723984,0.000655382225386747,-0.00130182012241975,0.006798295546953882,0.8050066609020958
2025-07-02,617.24,617.3093,619.855,619.76,620.38,3.8799999999999955,617.56,-0.0004059524580606322,-0.00015326164990203672,0.001000387246676171,0.005357027254483167,0.6648749349646738
2025-07-07,623.36,623.6526,620.16,619.46,620.78,6.159999999999968,620.38,0.005275153937909005,-0.0011287409700720952,0.0021308881929420487,0.006282790336161662,0.7922716226274049
2025-07-08,621.35,620.66,620.52,620.51,620.31,2.590000000000032,620.78,-0.0001933051966880317,-1.6115516018766485e-05,-0.0003223155146573342,0.009929398110835243,1.207922390610276
2025-07-09,622.77,624.245,623.4,623.6,624.02,3.809500000000071,620.31,0.00634360239235221,0.0003208213025345241,0.0006735086593969708,0.004172170495183531,0.5375276188662937
2025-07-10,624.2,623.395,626.26,626.205,625.84,3.8600999999999885,624.02,-0.0010015704624851685,-8.782294893483478e-05,-0.0005828762146581346,0.006141284196611487,0.7940524018410535
2025-07-11,622.74,623.23,624.36,624.445,623.61,3.330000000000041,625.84,-0.004170394989134629,0.00013613940675250014,-0.001337187422431163,0.006185859427582431,0.7917368057392496
2025-07-14,623.16,622.67,624.94,624.73,624.74,3.3582000000000107,623.61,-0.0015073523516301313,-0.0003360322590969522,1.6006914987265475e-05,0.005320848779240765,0.6897831285666826
2025-07-15,627.52,625.65,623.28,623.29,622.12,5.784999999999968,624.74,0.0014566059480742855,1.6044153510419434e-05,-0.0018771358436682206,0.005385096454514858,0.7177255191219701
2025-07-16,623.74,622.1101,624.3489,624.1401,624.18,6.680000000000064,622.12,-1.5913328618277767e-05,-0.0003344283941238979,6.392795463705525e-05,0.009259852098472913,1.2157126281356518
2025-07-17,624.4,625.78,627.965,627.98,627.98,4.224800000000073,624.18,0.0025633631324297745,2.3886681582485636e-05,0.0,0.010737478300006532,1.407986792402837
2025-07-18,629.3,628.64,627.215,627.39,627.58,3.009999999999991,627.98,0.001050988884996329,0.0002790111843624654,0.0003028419324504483,0.006768560351180866,0.8894007066351128
2025-07-21,628.77,630.57,630.3613,629.45,628.75,3.199999999999932,627.58,0.004764332834060969,-0.0014456788511604257,-0.001112081976328616,0.004793146278543888,0.6445916562983636
2025-07-22,629.1,626.88,629.34,629.2,628.83,3.5399999999999636,628.75,-0.0029741550695825403,-0.00022245527060094084,-0.0005880483153209992,0.005098951528091927,0.6991153826907006
2025-07-23,631.55,629.9992,633.265,633.36,634.16,4.42999999999995,628.83,0.0018593260499657482,0.0001500161859568916,0.0012631047113804694,0.005630218687872705,0.8017278135005594
2025-07-24,634.6,635.065,635.2299,635.4718,634.43,2.159999999999968,634.16,0.001427084647407817,0.0003808070117605755,-0.0016394118511633415,0.0070448292861344875,1.0598485655710046
2025-07-25,635.09,635.24,637.195,637.34,637.03,2.7398999999999205,634.43,0.0012767365982062628,0.00022755985216460495,-0.00048639658580984513,0.0034060804844202857,0.5282868339224649
2025-07-28,637.48,637.45,636.08,636.04,636.92,2.5,637.03,0.0006593096086526806,-6.288517167662988e-05,0.0013835607823406981,0.004318679759784248,0.6737028843983183
2025-07-29,638.35,637.93,635.34,635.06,635.24,4.334999999999923,636.92,0.0015857564529297985,-0.000440708911763954,0.00028343778540618203,0.003924461956265796,0.6247072662904716
2025-07-30,635.92,635.735,632.84,632.0893,634.49,6.139999999999986,635.24,0.0007792330457778718,-0.0011862398078503755,0.0037980392960299536,0.006806192300445775,1.1034573442707951
2025-07-31,639.455,639.34,634.15,632.78,631.97,9.085000000000036,634.49,0.007643934498573701,-0.0021603721516991747,-0.0012800657416478511,0.009665638183993429,1.5314502291782668
2025-08-01,626.3,621.4815,621.4,621.79,621.71,7.050000000000068,631.97,-0.016596515657388844,0.000627615062761544,-0.00012866080187834417,0.014318586581348857,2.118288851346128
2025-08-04,625.67,629.01,629.8801,630.265,631.09,5.634999999999991,621.71,0.01174180888195453,0.0006110686779912111,0.0013089732096818185,0.011155592828773625,1.5929401363014302
2025-08-05,631.79,631.9,628.43,628.9799,628.0,5.565200000000004,631.09,0.0012834936379912953,0.0008750377925943464,-0.0015579194184107692,0.009063711376686864,1.3022832088733063
2025-08-06,629.05,628.93,632.62,633.02,632.67,5.310000000000059,628.0,0.001480891719745081,0.0006322911068254999,-0.0005529051214812064,0.008818393573024457,1.2261097478979495
2025-08-07,636.24,636.48,630.5107,630.27,632.3,7.8700000000000045,632.67,0.00602209682773025,-0.00038175402891660326,0.0032208418614243506,0.008455414012738948,1.1570269984096082
2025-08-08,634.06,635.8492,637.26,637.26,637.14,3.9049999999999727,632.3,0.005613158310928457,0.0,-0.00018830618585818915,0.012439344365941178,1.6323412438899587
2025-08-11,637.46,637.69,636.51,636.262,635.83,4.290000000000077,637.14,0.0008632325705497657,-0.0003896246720398455,-0.0006789655833601138,0.0061758658864462645,0.8059011244289684
2025-08-12,638.29,637.34,642.035,642.32,642.64,6.060000000000059,635.83,0.0023748486230597,0.0004439010334329474,0.0004981940465811352,0.006733214050287342,0.8709696175999171
2025-08-13,644.91,645.62,644.015,644.29,644.88,3.5100000000001046,642.64,0.004637121872276939,0.0004270086876858592,0.0009157367024166252,0.00953084944088838,1.2306984621828392
2025-08-14,642.79,644.02,644.6,645.03,644.94,3.2799999999999727,644.88,-0.0013335814415085245,0.0006670803599131414,-0.0001395283940280878,0.005461844889829617,0.7301464307742443
2025-08-15,645.99,644.1,644.26,643.8,643.44,3.574700000000007,644.94,-0.001302446739231633,-0.0007139974544438932,-0.0005591798695245842,0.005086217590869577,0.687664804590036
2025-08-18,642.86,642.73,643.43,643.255,643.27,1.82000000000005,643.44,-0.0011034439885615477,-0.00027197985794868984,2.3318901524183033e-05,0.0055426861413464925,0.7456021586015197
2025-08-19,643.12,642.87,639.1,639.205,639.77,5.625,643.27,-0.0006218228737543408,0.00016429353778746325,0.0008839104825524302,0.0028285465622281017,0.38639665769372933
2025-08-20,639.4,635.39,636.69,638.33,638.06,6.709999999999923,639.77,-0.00684621035684696,0.0025758218285194534,-0.00042297871007179744,0.008744384162171406,1.169656629944167
2025-08-21,636.28,635.13,636.12,635.94,635.58,4.160000000000082,638.06,-0.004592044635300718,-0.00028296547821160534,-0.0005660911406736302,0.010488144176813421,1.371323262549872
2025-08-22,637.76,638.41,645.45,645.08,645.27,9.25,635.58,0.004452625947952926,-0.0005732434735455927,0.0002945371116760409,0.0065197630316899385,0.8354518418227204
2025-08-25,644.04,644.34,643.94,643.69,642.47,2.939999999999941,645.27,-0.0014412571481704495,-0.00038823492872008813,-0.0018953222824652505,0.014553636048963151,1.7501555412247605
2025-08-26,642.2,642.555,643.895,644.56,645.13,3.939999999999941,642.47,0.0001323018973646839,0.0010327770832201377,0.0008843241901452803,0.004556232274861594,0.5458387540434226
2025-08-27,644.57,645.35,647.04,646.655,646.62,2.9500000000000455,645.13,0.0003410165393022968,-0.0005950173095944367,-5.4124687816514694e-05,0.0061325820660885965,0.7376626202762719
2025-08-28,647.24,645.94,648.965,648.96,648.89,4.139999999999986,646.62,-0.0010516222820202703,-7.704575747502496e-06,-0.00010786489151881629,0.004572721777006255,0.5674135940779798
2025-08-29,647.47,645.51,644.49,644.58,645.04,4.7000000000000455,648.89,-0.00520889519024792,0.00013964530093568683,0.0007136429923360055,0.0064025238934768275,0.8355023106240818
2025-09-02,637.5,639.07,638.0518,639.14,640.33,5.57000000000005,645.04,-0.009255239985117014,0.0017055041612610289,0.0018618768970806165,0.007243138282297532,0.9699600161965937
2025-09-03,642.67,641.94,640.885,641.02,643.64,3.75,640.33,0.00251432854934186,0.00021064621577981946,0.004087235967676461,0.00863512340319988,1.1596947523769385
2025-09-04,644.42,644.85,647.63,647.915,648.99,5.639999999999986,643.64,0.001879932881735158,0.00044006608711755213,0.0016591682550952669,0.00585635531678978,0.8024680729180071
2025-09-05,651.48,651.065,646.31,647.11,647.21,8.879999999999995,648.99,0.0031972757669609386,0.001237796104036848,0.00015453323237157868,0.008762662357839766,1.1981830637021944
2025-09-08,648.62,648.37,648.235,647.58,648.8,2.6100000000000136,647.21,0.0017923085242810277,-0.0010104360301433912,0.0018839371197378885,0.013682799426801638,1.855177982954075
2025-09-09,648.97,649.02,649.86,650.065,650.33,3.6399999999999864,648.8,0.0003390875462392362,0.00031545255901277436,0.00040765154253796787,0.004032694179632598,0.5548327499346923
2025-09-10,653.62,653.5971,651.995,650.84,652.225,3.919999999999959,650.33,0.0050237571694369265,-0.0017714859776531977,0.002128019175219764,0.005610357583230559,0.7779022024140229
2025-09-11,654.18,655.57,657.535,657.76,657.61,4.740000000000009,652.225,0.005128598259803052,0.00034218710791056317,-0.00022804670396492366,0.0060277090092721525,0.8565729397054888
2025-09-12,657.6,657.99,658.81,658.17,657.42,2.2100000000000364,657.61,0.0005778500935205155,-0.0009714485208177637,-0.0011395232234833186,0.007267430717927109,1.0196632111574102
2025-09-15,659.64,660.65,660.0,660.07,660.85,1.6999999999999318,657.42,0.004913145325667001,0.00010606060606077605,0.001181692850758198,0.0033606544912638744,0.47729740564904793
2025-09-16,661.47,660.28,660.6,660.145,659.93,2.5699999999999363,660.85,-0.000862525535295533,-0.0006887677868604447,-0.000325686023525229,0.0025858659608772655,0.375134716369788
2025-09-17,660.01,659.88,657.715,660.185,659.18,7.420000000000073,659.93,-7.576561150413053e-05,0.0037554259823782132,-0.0015223005672652112,0.003888930922296945,0.5598656914619939
2025-09-18,661.89,662.06,663.24,662.71,662.28,4.6200000000000045,659.18,0.0043690645954064244,-0.000799107412098099,-0.0006488509302712275,0.011243616747230878,1.5900697036356426
2025-09-19,662.33,662.15,663.09,663.8,663.64,4.17999999999995,662.28,-0.000196291598719589,0.0010707445444810837,-0.00024103645676398777,0.007008707788464463,1.0161707540022518
2025-09-22,662.2,663.41,666.78,667.142,666.76,5.1200000000000045,663.64,-0.00034657344343325125,0.0005429077056902099,-0.0005725917420880133,0.006311529866521637,0.9164725592288077
2025-09-23,666.72,666.89,662.11,662.3699,663.23,5.360000000000014,666.76,0.00019497270382151655,0.000392532962800729,0.0012985191507042249,0.007715026219034423,1.1787964772224377
2025-09-24,664.51,663.04,661.105,660.795,661.04,4.940000000000055,663.23,-0.0002864767878414387,-0.00046891189750497553,0.00037076551729353646,0.008038874557561962,1.1964453281665837
2025-09-25,657.94,655.64,657.89,657.45,657.95,5.000600000000077,661.04,-0.008168945903424873,-0.0006688048153945525,0.0007605141075366362,0.007448396483874455,1.0978134717903556
2025-09-26,659.51,661.79,661.92,661.6,661.75,4.490000000000009,657.95,0.00583630974998095,-0.00048344210780748575,0.00022672309552596026,0.007564746460123558,1.0909081058368397
2025-09-29,664.36,664.525,663.35,662.645,663.61,3.419999999999959,661.75,0.004193426520589405,-0.0010627873671515964,0.0014562850395007931,0.006824226764951757,0.9811348357387342
2025-09-30,662.93,663.08,664.422,665.37,666.11,5.039999999999964,663.61,-0.0007986618646493859,0.0014268040492337875,0.001112163157340973,0.005168114846996538,0.7542831003231032
2025-10-01,663.17,663.735,669.13,669.125,668.51,6.310000000000059,666.11,-0.0035654771734398016,-7.472389520701839e-06,-0.0009191107790024189,0.007594822260062331,1.1169388292266036
2025-10-02,670.45,669.42,669.39,669.475,669.17,3.785000000000082,668.51,0.0013612361819568264,0.000126981281465266,-0.0004555808656037108,0.00947290987974968,1.357052458622591
2025-10-03,669.99,670.8899,669.87,669.62,669.18,4.514999999999986,669.17,0.0025701989031188255,-0.00037320674160656875,-0.0006570890953078168,0.005661844998579052,0.8295180903089101
2025-10-06,671.62,670.015,672.11,671.755,671.59,3.05499999999995,669.18,0.0012477958097971698,-0.0005281873502849255,-0.00024562526516358485,0.0067471643976866665,1.0414410251640942
2025-10-07,672.54,672.23,669.05,668.57,669.13,5.32000000000005,671.59,0.0009529623728763426,-0.0007174351692696979,0.0008376086273687022,0.004565288860993978,0.7017787316416912
2025-10-08,670.25,670.28,672.25,672.895,673.07,3.785600000000045,669.13,0.0017186495897658638,0.0009594644849386658,0.00026007029328511955,0.007921499724534388,1.196444283019163
2025-10-09,673.53,671.915,669.9,670.51,671.17,4.730000000000018,673.07,-0.0017160176504673608,0.00091058366920449,0.0009843253642749517,0.005657495553928303,0.8568902336666331
2025-10-10,672.13,673.01,657.18,655.99,653.11,21.110000000000014,671.17,0.002741481293859982,-0.0018107672175050604,-0.004390310827908972,0.007027500854294528,1.0663302025751529
2025-10-13,660.65,662.8788,662.08,662.8193,663.05,5.362099999999941,653.11,0.014957357872333876,0.00111663243112603,0.00034805866395259955,0.03145253810510007,3.9340481414415622
2025-10-14,657.17,656.82,664.9,664.79,662.2,12.660000000000082,663.05,-0.009395973154362247,-0.0001654384117912855,-0.003895967147520163,0.008210102432974447,0.9920175059080392
2025-10-15,666.82,668.31,665.725,665.36,665.08,11.300000000000068,662.2,0.00922681969193584,-0.0005482744376431592,-0.0004208248166405193,0.019093582686072065,2.1129635470505996
2025-10-16,666.82,666.635,660.523,658.91,660.65,11.600000000000023,665.08,0.0023380645937329803,-0.0024420042905395345,0.002640724833437025,0.01706433101781949,1.8294773079565403
2025-10-17,659.5,660.68,664.38,665.13,664.32,7.615000000000009,660.65,4.5409823658415505e-05,0.0011288720310664857,-0.0012178070452392165,0.017441510795693786,1.7708779958074015
2025-10-20,667.32,668.74,671.66,671.71,671.27,4.940000000000055,664.32,0.006653420038535529,7.444242622756114e-05,-0.0006550445876941646,0.011526526905320533,1.1401311781747467
2025-10-21,671.44,670.57,671.95,671.905,671.27,3.0090000000000146,671.27,-0.0010427994696619036,-6.696926854687923e-05,-0.0009450740804131108,0.0074361753371869795,0.7365552471040395
2025-10-22,672.0,671.27,666.49,667.43,667.79,8.700000000000045,671.27,0.0,0.0014103737490434032,0.0005393824071437958,0.004482548006018465,0.45195785771395053
2025-10-23,668.12,669.96,672.5401,672.451,671.63,4.910100000000057,667.79,0.0032495245511314774,-0.00013248280660149714,-0.001220906802131383,0.012960507694370441,1.2714268075387247
2025-10-24,676.46,677.29,678.1844,678.242,677.11,2.82000000000005,671.63,0.008427259056325687,8.493265253517457e-05,-0.0016690207919886069,0.007352760598391795,0.7220571724564165
2025-10-27,682.73,683.08,684.145,684.23,685.18,3.4249999999999545,677.11,0.008816883519664476,0.00012424266785560079,0.0013884220218347565,0.004198740377886708,0.41771037047207354
2025-10-28,687.05,685.6201,688.155,688.69,686.98,4.074999999999932,685.18,0.0006423129688548634,0.0007774411288155036,-0.0024829749234053233,0.0050582623207454545,0.5034947673121889
2025-10-29,688.72,689.57,686.04,685.43,687.3,6.830000000000041,686.98,0.003770124312207024,-0.0008891609818669766,0.0027282144055555957,0.005947342304211933,0.5968871041625488
2025-10-30,683.9,685.005,682.37,681.28,679.95,6.080000000000041,687.3,-0.0033391532082059916,-0.001597373858757023,-0.0019522076092061136,0.009942065271186993,0.9954618630462458
2025-10-31,685.04,683.47,682.615,684.11,681.99,5.840000000000032,679.95,0.005176851239061753,0.0021901071614307543,-0.003098916840858945,0.00884620980648922,0.8718391515089396
2025-11-03,685.67,682.53,683.4,683.13,683.35,5.8599999999999,681.99,0.0007918004662823552,-0.00039508340649685447,0.0003220470481459792,0.008588866828443315,0.8388636145215745
2025-11-04,676.11,678.6817,675.17,675.96,675.35,5.3799999999999955,683.35,-0.006831491914831456,0.0011700756846424465,-0.00090242026155396,0.008592501356324726,0.8230323187112697
2025-11-05,674.98,677.28,680.23,679.76,677.51,6.690000000000055,675.35,0.00285777744873017,-0.0006909427693574388,-0.0033099917617982477,0.007872978707836388,0.754288158154431
2025-11-06,676.47,674.1404,672.99,672.32,670.26,8.659999999999968,677.51,-0.0049735059261117875,-0.0009955571405221297,-0.0030640171346978384,0.009905974679795742,0.9301339868464842
2025-11-07,667.91,666.25,669.9,668.665,670.93,9.875,670.26,-0.005982752961537274,-0.0018435587401104403,0.003387346429078786,0.012782099157207965,1.1686190188622398
2025-11-10,677.235,678.545,681.3,681.31,681.33,7.149999999999977,670.93,0.01134991727900081,1.467782181130417e-05,2.9355212751935866e-05,0.014733088652164831,1.4584604620258328
2025-11-11,679.95,680.7,683.14,682.9,682.9,4.840000000000032,681.33,-0.000924662058033543,-0.0003513189097403835,0.0,0.010656849447781405,1.0423217104006162
2025-11-12,684.79,683.735,682.81,683.34,683.33,4.014999999999986,682.9,0.001222726607116753,0.0007762042149355164,-1.463400357071265e-05,0.00710375295378162,0.7380787405827828
2025-11-13,680.5,678.8,671.69,671.63,672.06,10.340000000000032,683.33,-0.006629300630734858,-8.932692164553835e-05,0.0006402334618762495,0.005879338116854571,0.6485466605165431
2025-11-14,665.38,668.69,674.65,672.645,671.95,12.394999999999982,672.06,-0.005014433235127624,-0.0029719113614466997,-0.00103323446989112,0.015131781130639708,1.690717201503476
2025-11-17,669.7,672.76,662.79,663.76,665.69,11.540000000000077,671.95,0.0012054468338418278,0.0014635103124669424,0.0029076774737857303,0.018443293753533884,1.9840551017694408
2025-11-18,662.095,658.65,664.42,662.42,660.14,9.259999999999991,665.69,-0.010575493097387811,-0.003010144185906505,-0.003441925062649065,0.017173896867326552,1.7555477635400738
2025-11-19,660.78,665.67,661.25,663.5,662.65,8.595000000000027,660.14,0.008377010937073992,0.0034026465028356156,-0.0012810851544838853,0.013910378704802521,1.3565761643341767
2025-11-20,672.91,674.91,658.11,656.2,652.53,23.66999999999996,662.65,0.018501471364974043,-0.0029022503836744207,-0.00559280707101506,0.013019965461871766,1.2693727370468253
2025-11-21,655.05,654.52,661.75,659.63,659.06,13.699999999999932,652.53,0.003049668214488266,-0.003203626747261046,-0.0008641207949912078,0.03572021429110384,3.0594476806785518
2025-11-24,662.69,664.04,668.3,668.94,668.8,8.469999999999914,659.06,0.00755621642946025,0.0009576537483166891,-0.00020928633360262072,0.020995203285672587,1.6775759071454892
2025-11-25,668.63,668.87,673.94,674.5,675.01,11.730000000000018,668.8,0.00010466507177042672,0.0008309345045551808,0.0007561156412156933,0.012851637180226253,0.9958748356389842
2025-11-26,677.63,677.31,680.86,681.2,679.63,4.980000000000018,675.01,0.003407356928045502,0.0004993684457892389,-0.0023047563123900217,0.017538875598086152,1.3006742928137192
2025-12-01,678.81,681.45,680.22,680.73,680.27,4.25,679.63,0.00267792769595232,0.0007497574314192512,-0.0006757451559356031,0.0073776684789855235,0.5523766200791735
2025-12-02,681.92,682.33,682.35,682.505,681.48,4.492500000000064,680.27,0.0030282093874491878,0.0002271561515350129,-0.0015018204994834417,0.006253402586701587,0.47279029297440944
2025-12-03,680.57,680.87,684.625,684.5227,683.81,5.219999999999914,681.48,-0.000895110641544905,-0.00014942486762825613,-0.0010411634267205594,0.006603995472386058,0.5030716855496111
2025-12-04,685.3,683.045,683.23,682.7501,684.4,4.029999999999973,683.81,-0.0011187318114680433,-0.0007023988993458685,0.0024165503600805938,0.007659799260433048,0.5855797921013299
2025-12-05,685.47,686.895,686.25,686.005,685.65,3.8099999999999454,684.4,0.003645528930450004,-0.0003570127504554099,-0.0005174889395850313,0.005893449934923405,0.45398020596358235
2025-12-08,686.59,685.44,682.33,682.64,683.63,5.069999999999936,685.65,-0.00030627871362931547,0.0004543256195681522,0.0014502519629673305,0.005566919929865496,0.4361156013690298
2025-12-09,683.15,684.44,683.63,683.325,683.05,2.794999999999959,683.63,0.001184851454734348,-0.00044614776999252204,-0.00040244393224320163,0.007394443229052631,0.5917733390034569
2025-12-10,682.56,683.12,687.88,688.12,687.46,7.660000000000082,683.05,0.00010248151672653805,0.0003488980636157102,-0.0009591350345869998,0.0040884689086201,0.3417547377729907
2025-12-11,685.14,682.62,688.83,688.435,689.145,7.085000000000036,687.46,-0.007040409623832677,-0.0005734361163133306,0.001031324671174616,0.011214405973208524,0.9352317824294224
2025-12-12,688.17,687.49,681.9699,681.36,681.72,9.705600000000004,689.145,-0.0024015265292499643,-0.0008943209956920883,0.0005283550545966964,0.010306054170424513,0.8481539618844166
2025-12-15,685.74,682.43,681.69,681.07,680.7,6.509999999999991,681.72,0.001041483306929436,-0.0009095043201455821,-0.0005432628070536349,0.01408353829745555,1.121178559109293
2025-12-16,679.23,680.79,677.94,679.2,678.86,6.100000000000023,680.7,0.000132216835610377,0.0018585715550047954,-0.000500588928150858,0.009549375110015829,0.7774939962165299
2025-12-17,679.89,679.26,673.13,672.52,671.3,9.239999999999895,678.86,0.0005892231093302946,-0.0009062142528188932,-0.0018140724439422717,0.008961363302482771,0.758913223144152
2025-12-18,677.6,678.06,675.72,677.63,676.48,5.840000000000032,671.3,0.010070013406822564,0.002826614574083841,-0.001697091333028311,0.013611053825530883,1.170338896071663
2025-12-19,676.59,679.82,680.59,680.485,680.59,4.6200000000000045,676.48,0.0049373226111637525,-0.00015427790593458557,0.0001543017112795031,0.00869953820944441,0.7651666490434664
2025-12-22,683.94,683.97,684.79,684.925,684.79,4.773199999999974,680.59,0.004966279257702766,0.00019714072927468074,-0.00019710187246779753,0.006829470198675503,0.6174959189475298
2025-12-23,683.92,685.41,687.835,687.85,687.91,4.330000000000041,684.79,0.0009053870529651675,2.180755559111347e-05,8.722832012786341e-05,0.007013326672445928,0.7286876390152188
2025-12-26,690.64,690.77,690.155,690.2,690.25,2.3899999999999864,687.91,0.00415752060589325,6.520274431109918e-05,7.244277021145606e-05,0.006323106353772749,0.7111809885858758
2025-12-29,687.54,687.56,688.3,688.18,687.84,3.1299999999999955,690.25,-0.003897138717855908,-0.00017434258317594598,-0.0004940567874682777,0.003474291695134518,0.4125194913909292
2025-12-30,687.445,688.09,687.56,687.51,686.94,1.974999999999909,687.84,0.0003634566178181142,-7.272092617360837e-05,-0.0008290788497621326,0.00453458891705903,0.5834585258090306
2025-12-31,687.14,685.96,684.14,682.72,681.84,5.649999999999977,686.94,-0.0014266165895129301,-0.002075598561697811,-0.0012889617998593783,0.0028713072807628357,0.3804771944882888
2026-01-02,685.71,686.19,683.13,683.24,683.17,7.0499999999999545,681.84,0.006379795846533032,0.0001610235240729896,-0.00010245301797329187,0.008224881357906043,1.0758272917356255
2026-01-05,686.54,687.06,687.6198,687.966,687.73,3.05499999999995,683.17,0.005694043942210625,0.0005034759033988312,-0.0003430402083823836,0.010339669130587753,1.3201904652200218
2026-01-06,687.93,690.075,691.875,691.96,691.8,4.535000000000082,687.73,0.0034097683684004565,0.00012285456187899335,-0.00023122723856883187,0.004471800576723144,0.5828308750105481
2026-01-07,692.19,692.5665,691.74,690.36,689.59,4.639999999999986,691.8,0.0011079791847354858,-0.001994969208083952,-0.0011153601019757708,0.006594157590915158,0.8555410018911682
2026-01-08,688.82,688.28,688.86,689.575,689.44,3.125,689.59,-0.0018996795197147032,0.0010379467526058228,-0.00019577275858317922,0.006707140792136437,0.8638103169734629
2026-01-09,690.63,691.51,694.8999,695.025,693.99,6.1299999999999955,689.44,0.0030024367602690116,0.00018002592891441793,-0.0014891550663644892,0.004531678243594019,0.594594441206229
2026-01-12,690.68,693.63,695.945,695.32,695.16,5.460000000000036,693.99,-0.000518739463104656,-0.0008980594730905178,-0.00023010987746663325,0.008891274077512177,1.1309749727941674
2026-01-13,695.49,694.245,692.92,692.0,693.75,4.740000000000009,695.16,-0.0013162437424477647,-0.0013277145990878703,0.0025289017341041387,0.007867548523753997,1.0225220290982502
2026-01-14,691.0,688.72,688.06,689.15,690.44,5.680000000000064,693.75,-0.007250450450450363,0.001584164171729352,0.0018718711456142678,0.006818574141204916,0.9067392457632109
2026-01-15,694.57,693.61,692.78,691.83,692.18,4.2000000000000455,690.44,0.004591275128903227,-0.0013712866999623374,0.0005059046297499759,0.008187387387387479,1.1331903815107156
2026-01-16,693.66,691.96,692.68,692.155,691.58,4.149999999999977,692.18,-0.0003178364009360779,-0.0007579257377143822,-0.0008307387796084864,0.006083077457853029,0.8626322955616514
2026-01-20,681.49,682.18,677.83,677.39,677.61,8.199999999999932,691.58,-0.013592064547847116,-0.000649130312910362,0.00032477597838775907,0.005995550290386861,0.8684834298792735
2026-01-21,679.65,682.49,688.475,685.355,685.33,10.605000000000018,677.61,0.007201782736382167,-0.004531754965685031,-3.647744599510894e-05,0.011856907371525971,1.7396300247592078
2026-01-22,689.85,687.89,688.77,688.16,688.93,4.205000000000041,685.33,0.0037354267287290632,-0.0008856367147234145,0.0011189258312021,0.015650595475273414,2.184825295538462
2026-01-23,688.15,688.77,689.53,688.845,689.185,3.800000000000068,688.93,-0.0002322442047812956,-0.0009934303076007955,0.0004935798329086527,0.006135730232150994,0.8607166466703625
2026-01-26,690.49,692.265,693.59,693.57,692.71,4.210000000000036,689.185,0.004469046772637375,-2.8835479173539014e-05,-0.0012399613593436776,0.005515799863556629,0.7819666494252481
2026-01-27,694.18,695.17,696.075,695.9999,695.54,2.9599999999999227,692.71,0.0035512696510804354,-0.0001078906727005613,-0.0006607759570080862,0.006108664582078886,0.8673345844689851
2026-01-28,697.05,697.12,694.91,695.45,695.425,3.8999999999999773,695.54,0.0022716162981282206,0.0007770790462076071,-3.594794737238338e-05,0.004273072425690292,0.603288204412614
2026-01-29,696.39,691.56,691.13,691.57,693.97,12.229999999999905,695.425,-0.005557752453535625,0.0006366385484641857,0.003470364532874415,0.005607154153607237,0.7856900056947251
2026-01-30,691.79,691.69,690.57,690.04,691.85,7.090000000000032,693.97,-0.0032854446157614126,-0.0007674819352130324,0.002623036345719143,0.01758636804831564,2.233940882334262
2026-02-02,689.58,692.7,695.52,695.8086,695.46,7.5049999999999955,691.85,0.001228590012285924,0.0004149413388543355,-0.0005009998439224894,0.010216579967433796,1.2815681542596042
2026-02-03,696.21,693.48,686.83,687.53,689.47,12.930000000000064,695.46,-0.002847036493831445,0.0010191750505945674,0.002821695053306872,0.010847727108477263,1.3564169963177337
2026-02-04,690.35,688.19,688.27,687.54,686.12,9.690000000000055,689.47,-0.0018564984698391518,-0.0010606302759091912,-0.002065334380545125,0.01859201104305073,2.1361902225919596
2026-02-05,680.94,680.61,679.09,677.77,677.45,7.900000000000091,686.12,-0.008030665189762698,-0.0019437777025137493,-0.00047213656550149086,0.014054273572454283,1.5484489566457944
2026-02-06,681.46,684.745,689.35,689.775,690.66,11.459999999999923,677.45,0.010768322385415807,0.0006165228113439447,0.0012830270740458172,0.0115140208709848,1.2358475844518528
2026-02-09,689.42,690.4,695.42,694.575,693.92,7.529999999999973,690.66,-0.0003764515101496446,-0.0012150930373010516,-0.0009430227117303014,0.01691637759244213,1.7025451643398606
2026-02-10,694.95,695.75,693.77,693.2975,692.11,4.8799999999999955,693.92,0.002637191607101741,-0.0006810614468771847,-0.0017128289082247727,0.010902614890105078,1.0862963173625897
2026-02-11,696.39,694.12,692.94,692.255,691.91,7.960000000000036,692.11,0.0029041626331074433,-0.0009885415764713246,-0.0004983712649241356,0.007032510952271149,0.7036205050469788
2026-02-12,694.24,692.83,685.16,683.22,681.29,14.980000000000018,691.91,0.001329652700495787,-0.0028314554264696756,-0.0028248587570622874,0.011501061969918128,1.1243722109091738
2026-02-13,681.69,679.93,682.4,680.63,681.62,8.759999999999991,681.29,-0.0019962130663887523,-0.002593786635404438,0.0014545347692578314,0.021650214623289185,1.9858909919876575
2026-02-17,680.14,676.63,683.57,682.87,682.78,9.160000000000082,681.62,-0.0073207945776239125,-0.0010240355779218557,-0.00013179668165252956,0.012857960633504075,1.1438693541496323
2026-02-18,684.02,686.16,684.59,684.21,686.26,6.319999999999936,682.78,0.004950350039544249,-0.0005550767612731988,0.0029961561508893286,0.013438572811830758,1.1572096709150912
2026-02-19,683.84,685.0,682.56,682.9,684.52,4.632499999999936,686.26,-0.0018360388191064336,0.0004981247069855144,0.0023722360521305497,0.009256275813585542,0.8060936239391445
2026-02-20,682.32,684.85,688.05,688.36,689.36,8.329999999999927,684.52,0.0004820896394555074,0.0004505486519876811,0.0014527282236038719,0.006750357007548067,0.6115635165707274
2026-02-23,687.83,686.53,681.06,681.35,682.41,9.629000000000019,689.36,-0.004105257050017519,0.00042580683052895196,0.0015557349379906604,0.012169111202010061,1.0731577299104649
2026-02-24,681.9,683.15,687.135,686.54,687.36,8.350000000000023,682.41,0.0010843920810070795,-0.0008659142672109432,0.0011943950825881178,0.013968028316119327,1.1875406141405205
2026-02-25,690.18,691.32,693.085,692.92,693.08,3.5799999999999272,687.36,0.005761173184357649,-0.0002380660380763011,0.0002309068867980546,0.01223604577893059,1.0138814769617397
2026-02-26,693.28,690.67,689.02,688.665,689.32,8.949999999999932,693.08,-0.0034772320655624966,-0.0005152245217845408,0.0009511155641714897,0.005208333333333227,0.42989789257975075
2026-02-27,683.09,682.8664,683.35,685.5901,686.23,5.220000000000027,689.32,-0.009362270063250855,0.003278115167922646,0.0009333565347573458,0.012913372193686056,1.0346763475510543
2026-03-02,678.7,683.0,688.195,685.35,686.37,10.600000000000023,686.23,-0.004706876703146179,-0.004134002717253171,0.0014882906544100294,0.007572680322636841,0.6321151440140796
2026-03-03,675.06,672.38,681.233,681.05,680.27,12.950000000000045,686.37,-0.020382592479274986,-0.0002686305566523828,-0.0011452903604727283,0.0154467161155881,1.2618409106416586
2026-03-04,681.63,681.303,686.81,686.23,685.16,7.470000000000027,680.27,0.001518514707395724,-0.0008444839184053032,-0.0015592439852528672,0.018867374739572017,1.4923891961216555
2026-03-05,682.08,685.1,677.09,679.46,681.44,9.919999999999959,685.16,-8.757078638554905e-05,0.0035002732280788873,0.0029140788273041007,0.010980934040895568,0.895537080403211
2026-03-06,673.41,670.87,675.01,672.23,672.46,6.350000000000023,681.44,-0.015511270251232778,-0.004118457504333262,0.0003421448016305284,0.014478370015762682,1.1787279178460288
2026-03-09,666.39,664.08,670.08,677.39,678.31,17.529999999999973,672.46,-0.01246170775956934,0.010909145176695167,0.0013581540914391343,0.009318501995773689,0.7654887673222841
2026-03-10,677.72,675.85,678.5,677.41,677.07,8.600000000000023,678.31,-0.003626660376523927,-0.0016064848931467424,-0.000501911693066126,0.026068465038812674,2.0638684852445017
2026-03-11,677.58,677.89,675.25,674.975,676.35,6.740000000000009,677.07,0.0012111007724457945,-0.0004072565716400911,0.0020371124856475298,0.012678568795978274,0.9967684711887927
2026-03-12,671.16,668.87,667.329,667.98,666.05,5.747299999999996,676.35,-0.011059362755969526,0.0009755308101402349,-0.002889308063115714,0.009954657568641364,0.7737313617198867
2026-03-13,669.27,670.53,664.18,662.37,662.3,10.975000000000023,666.05,0.006726221755123607,-0.002725164864946117,-0.0001056811147848169,0.00849752347157536,0.6682752948456899
2026-03-16,668.38,670.8,669.605,669.27,668.96,4.9500000000000455,662.3,0.012834063113392746,-0.0005002949500079179,-0.00046319123821469965,0.016477741911267958,1.3227718515591265
2026-03-17,672.39,673.89,671.0899,671.04,670.73,4.740000000000009,668.96,0.007369648409471408,-7.435665474919695e-05,-0.00046196948020971185,0.007473954401328772,0.6132334900277467
2026-03-18,668.36,669.28,663.41,662.91,661.51,8.529999999999973,670.73,-0.002161823684642128,-0.0007536817352767899,-0.002111900559653601,0.00708562544845732,0.5969289577175806
2026-03-19,656.97,658.66,658.45,660.25,659.735,7.810000000000059,661.51,-0.004308324893047777,0.0027336927633077046,-0.0007800075728889855,0.012717486917239385,1.0559896796765775
2026-03-20,656.51,653.15,648.07,647.12,648.54,11.970000000000027,659.735,-0.009981280362569844,-0.0014658910302900452,0.0021943379898627935,0.011806321899895783,0.9601765495430871
2026-03-23,658.07,660.22,658.95,657.33,655.375,8.674999999999955,648.54,0.01800968328861763,-0.0024584566355565496,-0.0029741530129463456,0.018143648586174795,1.4405760607134608
2026-03-24,651.32,651.48,654.86,654.45,653.2,7.149999999999977,655.375,-0.005943162311653594,-0.0006260880188131424,-0.0019100007640002747,0.013376198846640076,1.0645495135457028
2026-03-25,658.67,656.49,656.5,656.51,656.74,6.649999999999977,653.2,0.005036742192284116,1.5232292460032326e-05,0.0003503373901387885,0.010909784474537445,0.8728656448733476
2026-03-26,652.06,654.47,647.43,646.21,645.095,10.029999999999973,656.74,-0.003456466790510704,-0.0018843736002346345,-0.001725445288683236,0.010180649112063652,0.7986433402315234
2026-03-27,642.5,639.05,635.38,634.859,634.08,9.55499999999995,645.095,-0.009370712840744533,-0.000819981743208742,-0.0012270441153074962,0.01527240612723448,1.187093233450829
2026-03-30,640.11,635.07,631.75,629.58,632.02,11.090000000000032,634.08,0.0015613171839514717,-0.0034349030470913755,0.0038755996060864106,0.014811771909563629,1.1197850383487444
2026-03-31,638.94,642.63,648.64,649.402,650.235,13.559999999999945,632.02,0.016787443435334337,0.0011747656635423542,0.0012827185626160809,0.017489906636386623,1.3121207641636479
2026-04-01,653.9,654.29,654.41,656.1,655.17,5.519999999999982,650.235,0.006236206909809416,0.002582478874100458,-0.001417466849565674,0.02145501724628959,1.5941164845398148
2026-04-02,646.42,649.63,654.46,654.3799,655.88,13.090000000000032,655.17,-0.008455820626707466,-0.00012239097882227323,0.0022923992622634337,0.008489238506078543,0.6366471156312832
2026-04-06,655.86,658.53,658.29,657.8801,658.87,4.2000000000000455,655.88,0.004040373239007078,-0.0006226738975223522,0.0015046814761534577,0.019979547293069024,1.4680749708753118
2026-04-07,656.65,654.0312,653.96,656.66,659.27,8.550000000000068,658.87,-0.0073440891222851246,0.004128692886415042,0.003974659641214684,0.00640361041653968,0.47562371529301595
2026-04-08,676.39,674.63,672.94,673.54,675.87,5.6200000000000045,659.27,0.02329849682224272,0.0008916099503668562,0.0034593342637407876,0.01297676324616399,1.013095622496396
2026-04-09,674.84,675.27,679.12,679.92,679.87,7.389999999999986,675.87,-0.0008877446846287107,0.0011779950524206662,-7.353806330145929e-05,0.008524580217513317,0.6764830239599761
2026-04-10,681.32,680.76,679.31,679.6401,679.31,3.5799999999999272,679.87,0.0013090737935192998,0.0004859342568195313,-0.0004856982394064735,0.010934055365676812,0.8643322786504444
2026-04-13,677.41,679.71,683.295,683.805,686.01,9.719999999999914,679.31,0.000588832786209581,0.000746383333699141,0.0032246035053853372,0.005265712562695702,0.4216381302572961
2026-04-14,687.69,689.49,692.76,694.24,694.4,6.920000000000073,686.01,0.005072812349674161,0.0021363820081992113,0.00023046784973490553,0.014308636704891603,1.155763539816374
2026-04-15,695.26,695.68,699.64,700.0,699.84,6.079999999999927,694.4,0.0018433179723502668,0.0005145503401748908,-0.00022857142857135582,0.010087316511421222,0.8062813469023199
2026-04-16,701.06,699.48,700.705,700.9101,701.55,4.25,699.84,-0.0005144032921811093,0.0002927052040444522,0.0009129558840712537,0.00875576036866349,0.6952094593128706
2026-04-17,706.14,708.3301,709.64,709.26,710.04,6.6299999999999955,701.55,0.009664457273180993,-0.0005354827800011508,0.0010997377548429554,0.006072816643804298,0.4952474283386343
2026-04-20,708.78,709.67,708.265,708.02,708.69,3.769999999999982,710.04,-0.0005210974029632442,-0.0003459157236345156,0.0009463009519505849,0.009450502458841131,0.7781780446718017
2026-04-21,710.28,710.75,706.32,707.725,704.15,8.634999999999991,708.69,0.002906771649098916,0.0019891833729754893,-0.005051397082200038,0.005309560024787311,0.46159282955118286
2026-04-22,709.15,709.39,709.65,710.45,711.21,3.230000000000018,704.15,0.007441596250798765,0.0011273162826745953,0.0010697445281160345,0.012184453004839902,1.0647856153960098
2026-04-23,709.5,710.21,707.1262,708.405,708.44,10.079499999999939,711.21,-0.0014060544705501998,0.0018084466393692988,4.940676590381443e-05,0.004587090818717629,0.4122497785262212
2026-04-24,710.75,709.94,713.53,713.74,713.98,5.460000000000036,708.44,0.0021173282141042638,0.00029431138144153657,0.0003362569002718363,0.014172326035910544,1.2512478667572215
2026-04-27,713.17,714.085,714.875,715.14,715.15,3.3350000000000364,713.98,0.0001470629429396464,0.000370694177303621,1.3983276001994227e-05,0.007707074699339444,0.7039525613198692
2026-04-28,711.815,711.58,711.52,711.59,711.68,3.6299999999999955,715.15,-0.004991959728728124,9.838093096470324e-05,0.0001264773254261442,0.004670999187652366,0.44736022071717224
2026-04-29,711.0,710.77,710.57,710.87,711.59,3.830000000000041,711.68,-0.0012786645683452447,0.0004221962649704203,0.0010128434172211875,0.0050758582115640015,0.5168611015979577
2026-04-30,714.63,711.27,718.37,719.12,718.43,9.344999999999914,711.59,-0.000449697157070883,0.0010440302351155673,-0.0009595060629659091,0.005381632194244662,0.5968399434969389
2026-05-01,721.25,724.175,721.17,722.42,720.67,4.399999999999977,718.43,0.007996603705301863,0.0017332945075363426,-0.00242241355444206,0.013132562290082651,1.4198833775415196
2026-05-04,720.07,720.7602,717.47,717.74,718.07,7.1299999999999955,720.67,0.00012516130822715077,0.00037632235494156063,0.00045977652074569164,0.006124465849143239,0.7157853087035482
2026-05-05,721.77,722.53,724.32,724.72,723.74,3.550200000000018,718.07,0.00621109362596961,0.0005522421029378055,-0.0013522463848106847,0.009893571260077422,1.1331820823122385
2026-05-06,728.16,729.65,732.96,733.86,733.79,6.769999999999982,723.74,0.008165915936662271,0.0012278978388997608,-9.53860409342866e-05,0.004944086231147406,0.5935881129957016
2026-05-07,735.05,733.94,731.14,730.5,731.56,6.3799999999999955,733.79,0.0002044181577836035,-0.0008753453510955689,0.001451060917179836,0.009354187968054801,1.1175006118624928
2026-05-08,734.93,736.64,736.38,736.64,737.53,3.509999999999991,731.56,0.006944064738367395,0.000353078573562593,0.0012081885317114516,0.008694585644394168,1.0527840732503746
2026-05-11,736.45,738.6701,738.52,738.49,739.26,4.339999999999918,737.53,0.0015458354236439487,-4.062178410868533e-05,0.0010426681471651378,0.004797965990486073,0.5826116779218007
2026-05-12,736.89,735.11,736.0,737.08,738.22,7.009999999999991,739.26,-0.005613721829938023,0.0014673913043479203,0.0015466435122375444,0.005884506392960176,0.7530658591450887
2026-05-13,738.47,736.9,742.65,743.49,742.29,8.43999999999994,738.22,-0.0017880848527539461,0.001131084629367951,-0.0016140096033572249,0.009482455428401362,1.2182259778484033
2026-05-14,743.65,744.43,748.3,748.085,748.15,5.970000000000027,742.29,0.0028829702676851365,-0.0002873179206199783,8.688852202620723e-05,0.01143290617972954,1.4439716822876276
2026-05-15,741.79,739.17,741.64,740.16,739.09,5.5,748.15,-0.012002940586780753,-0.001995577369073964,-0.0014456333765671125,0.008042678737420721,1.0033064787409052
2026-05-18,739.83,740.57,733.67,735.52,738.56,8.024999999999977,739.09,0.002002462487653789,0.0025215696430276324,0.0041331303023710575,0.007351466951814476,0.929245478431586
2026-05-19,734.78,735.33,734.45,734.77,733.76,6.1200000000000045,738.56,-0.004373375216637609,0.00043570018381089426,-0.0013745798004817233,0.010857946934744046,1.3259766711024474
2026-05-20,735.71,736.13,740.165,740.82,741.3,7.980000000000018,733.76,0.003229938944613986,0.0008849378179189848,0.0006479306714179955,0.008286395147313698,1.0366107865572107
2026-05-21,738.64,739.79,741.0268,742.68,742.75,7.840000000000032,741.3,-0.0020369620936192545,0.0022309584484663247,9.425324500456078e-05,0.010875490623637182,1.309013441424326
2026-05-22,746.24,747.54,747.12,745.58,745.59,4.460000000000036,742.75,0.006449007068327184,-0.0020612485276795267,1.3412376941523974e-05,0.010576015108593056,1.301128125633594
2026-05-26,750.01,750.78,749.1,749.51,750.475,3.759999999999991,745.59,0.006960930269987342,0.0005473234548123429,0.001287507838454438,0.00600471221810843,0.7465553488218267
2026-05-27,750.88,750.49,750.81,750.5601,750.47,3.159999999999968,750.475,1.9987341350446997e-05,-0.00033284053222504273,-0.00012004368470963644,0.005042986091551645,0.6255391129542521
2026-05-28,750.25,750.17,754.24,754.76,754.64,5.919999999999959,750.47,-0.000399749490319512,0.0006894357233770965,-0.00015899093751658988,0.004210666577833996,0.525114780844043
2026-05-29,755.9,757.82,755.49,756.86,756.4,3.3899999999999864,754.64,0.0042139298208419,0.0018133926325960559,-0.0006077742250879536,0.007888389942302768,0.9686253427868335
2026-06-01,755.36,755.55,759.52,759.68,758.43,5.589999999999918,756.4,-0.0011237440507668728,0.0002106593638087073,-0.0016454296545913571,0.004492208205236916,0.582504610714352
2026-06-02,757.03,757.62,759.04,759.33,759.45,3.6499999999999773,758.43,-0.0010679957280169683,0.00038206155143338805,0.00015803405633918466,0.007390269698572076,0.9504956622196719
2026-06-03,758.15,755.92,755.583,754.83,754.19,5.2299999999999045,759.45,-0.00464810059911791,-0.0009965814477032042,-0.0008478730310136351,0.004812573342299194,0.6398741615104793
2026-06-04,752.1,753.2,757.62,758.29,757.06,6.839999999999918,754.19,-0.001312666569432075,0.0008843483540561525,-0.0016220707117330369,0.006886562644018572,0.9039561589276616
2026-06-05,752.31,748.73,739.23,738.45,737.42,17.295000000000073,757.06,-0.011003090904287527,-0.0010551519824681943,-0.0013948134606270868,0.009069332661530805,1.1927046070551863
2026-06-08,743.36,740.85,740.97,739.2,739.31,7.149999999999977,737.42,0.00465135201106559,-0.0023887606785699678,0.00014880952380935675,0.022844952843896222,2.748587696727544
2026-06-09,743.63,744.38,736.74,734.6,737.05,24.309999999999945,739.31,0.0068577457358889315,-0.00290468822108203,0.0033351483800707626,0.009695967020151307,1.13317980319027
2026-06-10,733.39,735.72,727.43,725.99,725.42,13.049999999999955,737.05,-0.0018044908757884892,-0.001979571917572698,-0.0007851347814709086,0.03288201160541579,3.3193032316010527
2026-06-11,728.76,729.73,735.755,737.92,737.64,15.595000000000027,725.42,0.005941385680019895,0.00294255560614598,-0.00037944492627928206,0.017705718743640127,1.7160923661218135
2026-06-12,740.71,736.62,741.01,741.42,741.63,9.410000000000082,737.64,-0.0013827883520416417,0.0005532988758585322,0.0002832402686736568,0.02149789087700922,1.9867353716493656
2026-06-15,751.85,753.32,755.0,754.37,754.66,4.919999999999959,741.63,0.015762577026279923,-0.0008344370860926542,0.0003844267401937884,0.01275690038501177,1.1537999696790981
2026-06-16,754.55,754.09,751.78,751.22,750.39,5.560000000000059,754.66,-0.0007553070256803851,-0.0007448987735773072,-0.0011048694124224934,0.0066340358399740555,0.6019695062440772
2026-06-17,751.29,749.8794,746.0,742.06,741.02,12.92999999999995,750.39,-0.0006804461679925655,-0.005281501340482664,-0.0014015039215157232,0.007367556250496991,0.6792858800567604
2026-06-18,747.76,744.75,746.385,746.01,746.56,4.3700000000000045,741.02,0.00503360233192085,-0.000502421672461284,0.0007372555327676,0.01723103985927311,1.5257803074635832
2026-06-22,747.7,749.91,743.725,743.405,744.37,7.0499999999999545,746.56,0.004487248178311143,-0.00043026656358202686,0.0012980811267075953,0.00589727672667405,0.5339630623320225
2026-06-23,733.81,737.17,734.0225,735.01,733.67,7.330000000000041,744.37,-0.009672609051949999,0.0013453266078355952,-0.0018231044475586211,0.009443313330475721,0.8594426177921506
2026-06-24,735.17,735.935,731.93,731.98,733.12,9.105000000000018,733.67,0.0030872190494364293,6.83125435494425e-05,0.0015574196016283626,0.009847253382054678,0.880804082400598
2026-06-25,738.91,729.85,733.88,732.3924,733.26,9.769999999999982,733.12,-0.004460388476647759,-0.002027034392543814,0.00118461087253241,0.012410211675548979,1.0746440660689631
2026-06-26,728.945,730.895,731.62,732.19,729.09,19.949999999999932,733.26,-0.003225322532253272,0.0007790929717612638,-0.004233873721301906,0.013326604103011761,1.1101799621216837
2026-06-29,736.525,736.8899,740.685,740.87,740.88,9.469999999999914,729.09,0.010698130546297424,0.0002497687951019678,1.3497644661075725e-05,0.027207266181163477,2.097716021303294
2026-06-30,741.29,743.92,747.13,747.42,746.32,7.1299999999999955,740.88,0.004103228593024477,0.000388151994967334,-0.0014717294158570482,0.012988794250366777,0.969690997195091
2026-07-01,745.0,745.34,746.85,746.94,745.69,7.059999999999945,746.32,-0.0013131096580555335,0.00012050612572811481,-0.0016734945243259691,0.00962369074613972,0.7125256776964205
2026-07-02,747.4,750.76,742.9895,742.31,744.8,11.279999999999973,745.69,0.006799072000428952,-0.0009145485905253103,0.0033543937169107085,0.00945974916925708,0.6885422855290608
2026-07-06,748.74,748.5,751.93,752.29,751.3,5.0,744.8,0.004967776584317907,0.00047876797042278874,-0.0013159818686943048,0.015126929421073063,1.0689786414898494
2026-07-07,750.22,748.85,747.51,746.7,747.66,5.75,751.3,-0.003261014241980442,-0.0010835975438454604,0.0012856568903172327,0.006713211600429646,0.4783868491648924
2026-07-08,743.16,744.04,745.33,745.19,745.31,6.639999999999986,747.66,-0.004841772998421701,-0.00018783626044838186,0.0001610327567465042,0.0076534007719952085,0.5765950755414236
2026-07-09,747.35,748.67,751.0499,751.1,751.64,6.3799999999999955,745.31,0.00450819122244428,6.670661962671076e-05,0.0007189455465317351,0.008881042184950361,0.6711438812829348
2026-07-10,752.05,752.915,754.495,754.96,754.9,7.319999999999936,751.64,0.001696290777499776,0.0006163062710820011,-7.94744092402766e-05,0.00856019642833183,0.712364022289485
2026-07-13,752.47,753.62,749.56,748.38,749.1,5.910499999999956,754.9,-0.0016955888197112134,-0.0015742568973797777,0.0009620780886716584,0.009738704699057976,0.8382245048977083
2026-07-14,750.91,751.31,752.1705,752.15,751.87,4.680000000000064,749.1,0.002950206914964504,-2.7254458929149017e-05,-0.00037226617031171916,0.007829513842893042,0.7160157579456328
2026-07-15,754.24,754.45,753.19,753.63,754.74,5.3799999999999955,751.87,0.003431444265631134,0.0005841819461223086,0.0014728713028939744,0.006247496996395759,0.5888662861187054
2026-07-16,752.76,751.905,750.23,749.1,750.76,6.690000000000055,754.74,-0.0037562604340568573,-0.0015062047638724207,0.0022159925243625533,0.007155492305850739,0.6727971943042386
2026-07-17,742.08,744.8101,744.37,743.16,743.2,6.490000000000009,750.76,-0.00792516916191588,-0.0016255356878972504,5.382421012978256e-05,0.00886397964862079,0.8276158562721753
2026-07-20,747.06,745.69,742.72,742.73,742.1,7.219699999999989,743.2,0.003350376749192696,1.3464024127607388e-05,-0.0008482220995515988,0.008644573498854507,0.8408353382607888
2026-07-21,746.29,745.37,748.37,748.26,748.315,4.860000000000014,742.1,0.004406414229888078,-0.00014698611649321958,7.350386229387773e-05,0.009714343379978455,0.927668037846222
2026-07-22,746.62,748.78,748.41,748.0,747.39,3.6499999999999773,748.315,0.0006213960698366883,-0.000547828062158362,-0.0008155080213904098,0.00654898261689801,0.6341567789109295
2026-07-23,739.37,739.575,737.05,737.48,738.24,7.349999999999909,747.39,-0.010456388231044,0.0005834068245031965,0.0010305364213267776,0.0048776250643111215,0.4839590514713461
2026-07-24,738.51,737.53,738.38,737.65,738.85,6.430000000000064,738.24,-0.0009617468573905885,-0.0009886508301958363,0.001626787771978666,0.009834223096375265,0.988384891308872
2026-07-27,744.91,741.6,739.06,739.65,739.02,9.659999999999968,738.85,0.0037220004060363188,0.0007983113684950638,-0.0008517542080713758,0.00870990463805817,0.8961769776318091
2026-07-28,739.19,736.5,741.45,741.7,740.76,6.810100000000034,739.02,-0.0034099212470568574,0.000337177152876178,-0.0012673587703924127,0.013074372335386029,1.4507235546731692
2026-07-29,739.97,737.36,741.95,735.15,729.51,13.579999999999927,740.76,-0.00458988066310273,-0.00916503807534208,-0.0076719036931238715,0.009215041541500954,1.0443602147509221
2026-07-30,736.05,738.625,740.77,741.78,741.73,7.860000000000014,729.51,0.012494688215377359,0.0013634461438774004,-6.740543018135536e-05,0.01833252335439269,1.9799539912012065
2026-07-31,744.68,741.94,746.155,747.49,746.81,11.215000000000032,741.73,0.00028312189071511007,0.0017891724909704365,-0.0009097111667046853,0.010774355389233888,1.1554521733616385
2026-08-03,749.44,753.62,757.935,758.34,757.67,9.780000000000086,746.81,0.009118785233191984,0.0005343466128362451,-0.0008835087164069666,0.015120057163657977,1.6215491396688895
2026-08-04,760.63,763.39,772.07,772.32,771.25,12.889999999999986,757.67,0.007549460847070755,0.00032380483634897317,-0.001385436088667924,0.01309570037894523,1.357971331906898
2026-08-05,775.85,776.7036,771.391,771.7999,769.76,7.340000000000032,771.25,0.007071118314424751,0.0005300813724817832,-0.0026430425813737113,0.017012683622157385,1.6825016364492196
2026-08-06,770.21,770.92,768.96,768.66,768.53,4.360000000000014,769.76,0.0015069632093118734,-0.0003901373283397014,-0.0001691254911143636,0.009517017828201014,0.938252922525529
2026-08-07,771.02,771.0403,771.71,773.075,773.2,4.30499999999995,768.53,0.003266365659115422,0.0017687991603063669,0.00016169194450732505,0.005664103097069234,0.5664933165624892
2026-08-10,772.6,773.469,773.19,772.93,773.06,3.42999999999995,773.2,0.0003479048111743044,-0.00033626922231289047,0.0001681911686699511,0.005601603060387948,0.5720778522831153
2026-08-11,774.53,773.615,770.075,770.63,770.42,5.409999999999968,773.06,0.0007179261635579248,0.000720709021848398,-0.0002725043146516448,0.004436109674081673,0.46103775976020606
2026-08-12,774.71,772.59,773.06,772.98,772.52,3.6200000000000045,770.42,0.00281664546610938,-0.0001034848524046339,-0.000595099485109607,0.006998163143869775,0.7244818239190675
2026-08-13,774.87,777.61,777.74,778.0301,777.8,5.2590000000000146,772.52,0.00658882617925749,0.0003730038316145379,-0.0002957469126194656,0.004698735754523513,0.4927001303632132
2026-08-14,778.54,778.29,776.19,776.155,776.3,3.369899999999916,777.8,0.0006299820005142287,-4.5092052203821176e-05,0.00018681835458123075,0.006807590741987281,0.7216104927669403
2026-08-17,776.18,775.2905,773.535,773.12,772.68,4.264999999999986,776.3,-0.0013003993301559102,-0.0005364980252994256,-0.0005691225165563862,0.004332604782720386,0.4700010714704972
2026-08-18,768.7,768.47,767.7,768.02,767.41,2.580000000000041,772.68,-0.00544856861831533,0.00041682949068633235,-0.0007942501497356647,0.005494010047661969,0.6099528296665876
2026-08-19,770.36,769.99,769.515,769.63,769.06,4.3700000000000045,767.41,0.0033619577540038303,0.0001494447801537735,-0.0007406156204929903,0.003339027799347778,0.37742891567601977
2026-08-20,765.96,766.55,763.24,763.49,762.65,6.110000000000014,769.06,-0.0032637245468494225,0.0003275509669304899,-0.0011002108737508953,0.005694478831393916,0.6407206691758278
2026-08-21,766.05,764.5124,766.1975,766.05,765.69,3.6800000000000637,762.65,0.0024420114075918153,-0.00019250911155421768,-0.0004699432151946681,0.007944763737549754,0.9035181536743526
2026-08-24,764.78,763.39,764.0,763.96,763.46,3.1399999999999864,765.69,-0.0030038266139038594,-5.23560209423346e-05,-0.0006544845279857769,0.004825280272733316,0.5611501504080962
2026-08-25,766.16,765.69,765.64,765.15,765.83,3.7298999999999296,763.46,0.0029209126869778057,-0.0006399874614702039,0.0008887146311180594,0.004100876333764299,0.5031604199987514
2026-08-26,764.73,766.89,766.51,766.89,766.01,3.4200000000000728,765.83,0.0013841191909431672,0.0004957534800589247,-0.0011474918176009874,0.004885521179891454,0.6157888553718376
2026-08-27,768.5,768.4056,769.65,769.94,771.07,5.19500000000005,766.01,0.00312737431626231,0.00037679464691753317,0.0014676468296230816,0.0044657430500242516,0.6167794481021632
2026-08-28,771.76,771.78,768.68,769.515,769.34,6.992399999999975,771.07,0.0009207983710945999,0.0010862777748867902,-0.00022741596979913847,0.006781895797705056,0.963228244071229
2026-08-31,767.33,766.18,765.67,766.635,766.95,3.2799999999999727,769.34,-0.0041074167468220235,0.0012603340864862922,0.00041088653661791597,0.009068437366257245,1.345821443394735
2026-09-01,762.01,762.015,760.7295,761.36,761.66,5.189999999999941,766.95,-0.006434578525327694,0.0008288097148854146,0.0003940317326887044,0.004263394597967053,0.6770944985272284
2026-09-02,762.45,763.065,764.81,765.48,765.14,4.699999999999932,761.66,0.001844655095449621,0.0008760345706777528,-0.00044416575220784793,0.006767064345785175,1.1698977738928404
2026-09-03,767.9,769.56,773.67,773.41,773.1,6.579999999999927,765.14,0.0057767206001515525,-0.00033606059431023905,-0.0004008223322686799,0.0061707323477666306,1.0985801814993608
2026-09-04,772.01,772.31,770.25,770.01,770.23,3.8700000000000045,773.1,-0.0010218600439788617,-0.0003115871470301679,0.0002857105751874478,0.008599733382126051,1.4920279711971522
2026-09-08,769.07,767.46,766.77,766.98,765.94,4.560000000000059,770.23,-0.0035963283694480097,0.0002738761297391701,-0.001355967561083693,0.0050058207217695055,0.8730068755058275
2026-09-09,764.08,764.1,762.9,763.1,762.34,3.5299999999999727,765.94,-0.002402276940752568,0.00026215755669167784,-0.000995937622854104,0.0059203095179362775,1.0193003259138487
2026-09-10,758.03,756.78,757.775,757.615,757.83,3.4700000000000273,762.34,-0.007293333683133563,-0.00021114446900460937,0.0002837852999215684,0.004608716087421956,0.8101475285717803
2026-09-11,764.72,766.31,765.04,765.02,764.195,2.7799999999999727,757.83,0.011189844688122452,-2.614242392551258e-05,-0.0010784031790017634,0.0045517747986463086,0.801172911989988
2026-09-14,759.0,759.995,762.128,761.725,760.78,5.590000000000032,764.195,-0.005495979429334219,-0.0005287825667079638,-0.001240605205290679,0.003668368895398668,0.664026954126384
2026-09-15,760.117,759.55,757.49,756.985,757.38,4.2000000000000455,760.78,-0.0016167617445254079,-0.0006666754676629694,0.0005218069050245688,0.007314886907137617,1.2892981428212837
2026-09-16,759.5,760.2,753.89,751.26,754.095,12.069999999999936,757.38,0.003723362116770934,-0.0034885726034301623,0.003773660250778743,0.005520649859354933,0.9728233723232821
2026-09-17,763.15,761.25,762.44,762.6099,762.63,3.6100000000000136,754.095,0.009488194458257881,0.0002228372068622253,2.6356856893672287e-05,0.015936517996250146,2.5277009064506135
2026-09-18,761.31,759.71,761.26,760.86,761.64,4.028999999999996,762.63,-0.0038288554082581694,-0.0005254446575414518,0.0010251557448150983,0.004787195247283185,0.7648029189248251
2026-09-21,766.251,767.69,774.295,774.1,773.52,8.860000000000014,761.64,0.007943385326401042,-0.000251841998204716,-0.0007492572019119903,0.005283033712285114,0.86235342114025
2026-09-22,774.03,773.825,773.76,774.39,773.36,2.5699999999999363,773.52,0.0003943013755300928,0.000814205955334879,-0.001330079159080011,0.011632792395357404,1.7988835970211092
2026-09-23,772.79,770.68,768.18,767.6401,767.75,6.5499999999999545,773.36,-0.0034653977449053963,-0.0007028300658699083,0.0001431660487773989,0.003322473885613735,0.5168950691706862
2026-09-24,764.065,765.38,767.94,767.575,767.25,5.705000000000041,767.75,-0.0030869423640508264,-0.0004752975492877676,-0.0004234113930234873,0.008469535533257414,1.2819123246650874
2026-09-25,768.78,769.73,770.67,770.33,771.3,5.990000000000009,767.25,0.003232323232323253,-0.0004411745623936758,0.0012592006023390834,0.007430804298274231,1.1000113579240263
2026-09-28,768.35,768.36,766.98,765.99,765.55,5.824999999999932,771.3,-0.0038117464021780734,-0.0012907768129547526,-0.0005744200315931369,0.007807103290974271,1.147012538737708
2026-09-29,766.83,764.72,764.87,764.57,764.23,4.6299999999999955,765.55,-0.0010841878388085924,-0.00039222351510703746,-0.00044469440339023336,0.007552184623363065,1.1220579642365145
2026-09-30,766.45,767.97,766.46,766.34,762.46,7.209999999999923,764.23,0.004893814689295173,-0.00015656394332386192,-0.005063026854920771,0.006047939389981054,0.8868099935657188
2026-10-01,764.36,762.58,764.8,764.5151,764.03,6.859899999999925,762.46,0.00015738530545861273,-0.0003725156903765514,-0.0006345198414000608,0.009434332596207847,1.356824363876639
2026-10-02,770.58,770.55,769.29,769.35,769.65,5.5049999999999955,764.03,0.008533696320825124,7.799399446239974e-05,0.00038993955936827973,0.008997062140964672,1.2681631988382556
