date,side,entry,stop,exit,how,R,ret,risk_pct
2021-10-06,1,219.7,218.54,218.54,stop,-1.0,-0.005279927173418297,0.005279927173418283
2021-10-07,1,221.92,221.37,223.34,close,2.581818181818291,0.006398702235039799,0.0024783705839941553
2021-10-08,-1,222.77,223.83,223.83,stop,-1.0,-0.0047582708623243875,0.0047582708623243805
2021-10-11,-1,221.47,222.25,222.25,stop,-1.0,-0.0035219217049713425,0.003521921704971333
2021-10-12,1,221.41,220.36,221.54,close,0.1238095238095215,0.000587146018698359,0.004742333227948073
2021-10-14,-1,224.535,225.12,225.12,stop,-1.0,-0.0026053844612199395,0.00260538446121989
2021-10-15,-1,227.89,228.4062,225.12,close,5.366137156140723,0.012154987055158162,0.002265127912589522
2021-10-18,-1,223.83,224.33,224.33,stop,-1.0,-0.002233838180762282,0.0022338381807621853
2021-10-19,-1,225.35,226.128,226.128,stop,-1.0,-0.0034524073663191324,0.003452407366319022
2021-10-20,-1,225.5,226.03,226.03,stop,-1.0,-0.002350332594235116,0.0023503325942350385
2021-10-21,1,227.68,226.98,226.98,stop,-1.0,-0.003074490513000794,0.0030744905130007777
2021-10-22,1,227.84,227.23,227.23,stop,-1.0,-0.002677317415730407,0.002677317415730397
2021-10-25,1,228.24,227.76,227.76,stop,-1.0,-0.002103049421661507,0.0021030494216614888
2021-10-26,-1,228.84,230.13,230.13,stop,-1.0,-0.005637126376507595,0.005637126376507568
2021-10-27,-1,226.43,227.46,223.57,close,2.776699029126224,0.012630835136686946,0.004548867199576033
2021-10-28,1,225.44,224.77,228.05,close,3.8955223880597947,0.011577359829666456,0.002971965933285963
2021-10-29,1,228.12,227.54,227.54,stop,-1.0,-0.0025425214799229545,0.0025425214799229025
2021-11-01,1,229.78,228.89,233.95,close,4.685393258426874,0.018147793541648527,0.0038732700844286484
2021-11-02,-1,233.27,234.45,234.45,stop,-1.0,-0.0050585158828824195,0.005058515882882404
2021-11-03,1,235.04,233.92,238.62,close,3.1964285714285694,0.015231449965963373,0.004765146358066731
2021-11-04,1,239.98,239.23,239.23,stop,-1.0,-0.0031252604383699145,0.003125260438369864
2021-11-05,1,242.35,240.59,240.59,stop,-1.0,-0.007262224056117095,0.0072622240561171485
2021-11-08,-1,243.4334,244.15,244.15,stop,-1.0,-0.002943720952014006,0.0029437209520139784
2021-11-09,-1,241.99,242.53,241.15,close,1.555555555555585,0.0034712178189181264,0.002231497169304484
2021-11-10,1,240.56,239.65,239.65,stop,-1.0,-0.0037828400399069206,0.00378284003990687
2021-11-11,-1,238.01,238.52,238.52,stop,-1.0,-0.002142767110625776,0.002142767110625685
2021-11-12,1,240.03,239.12,239.12,stop,-1.0,-0.0037911927675706725,0.0037911927675707063
2021-11-15,-1,239.85,240.76,238.54,close,1.4395604395604475,0.005461746925161548,0.0037940379403793895
2021-11-16,-1,236.96,238.0,238.0,stop,-1.0,-0.004388926401080351,0.004388926401080317
2021-11-17,-1,237.53,238.13,235.85,close,2.800000000000038,0.007072790805371931,0.002525996716204245
2021-11-18,-1,236.4,237.07,234.87,close,2.283582089552283,0.006472081218274139,0.0028341793570219437
2021-11-19,1,233.56,233.0,233.0,stop,-1.0,-0.002397670834046961,0.0023976708340469354
2021-11-22,-1,233.22,234.4,234.4,stop,-1.0,-0.005059600377326223,0.005059600377326159
2021-11-23,-1,231.34,231.88,231.88,stop,-1.0,-0.0023342266793464628,0.002334226679346382
2021-11-24,1,229.79,228.54,231.57,close,1.4240000000000008,0.007746203054963319,0.005439749336350581
2021-11-29,-1,225.44,226.75,222.7,close,2.0916030534351178,0.012154009936124921,0.005810858765081629
2021-12-01,-1,221.84,223.25,223.25,stop,-1.0,-0.006355932203389925,0.006355932203389815
2021-12-02,1,214.98,213.82,219.26,close,3.689655172413805,0.019908828728253836,0.005395850776816432
2021-12-03,-1,219.55,220.38,214.67,close,5.879518072289298,0.02222728307902544,0.0037804600318833252
2021-12-06,-1,214.97,216.55,216.55,stop,-1.0,-0.007349862771549587,0.007349862771549576
2021-12-07,1,223.305,221.98,224.05,close,0.5622641509433924,0.0033362441503772544,0.005933588589597264
2021-12-08,-1,223.55,224.79,224.79,stop,-1.0,-0.00554685752628048,0.005546857526280388
2021-12-09,1,224.2283,223.44,223.44,stop,-1.0,-0.0035156133280231927,0.0035156133280232356
2021-12-10,1,222.745,221.94,221.94,stop,-1.0,-0.0036139980695414353,0.0036139980695414345
2021-12-13,-1,218.05,219.05,216.12,close,1.9300000000000068,0.008851180921806923,0.004586104104563173
2021-12-14,1,214.68,214.06,214.06,stop,-1.0,-0.0028880193776784635,0.002888019377678426
2021-12-15,-1,213.45,214.39,214.39,stop,-1.0,-0.004403841649098128,0.004403841649098139
2021-12-16,-1,218.27,219.53,219.53,stop,-1.0,-0.005772666880469179,0.005772666880469101
2021-12-17,-1,212.13,212.705,212.705,stop,-1.0,-0.0027106019893461397,0.002710601989346236
2021-12-20,-1,210.2,212.24,212.24,stop,-1.0,-0.009705042816365417,0.009705042816365464
2021-12-21,1,215.4,214.165,214.165,stop,-1.0,-0.005733519034354706,0.005733519034354752
2021-12-23,1,221.45,220.34,222.06,close,0.5495495495495691,0.002754572138180311,0.005012418153081893
2021-12-27,-1,221.77,222.625,222.625,stop,-1.0,-0.003855345628353657,0.0038553456283536534
2021-12-28,1,224.21,223.52,223.52,stop,-1.0,-0.0030774720128451394,0.0030774720128450904
2021-12-29,-1,221.84,222.76,222.76,stop,-1.0,-0.0041471330688784835,0.004147133068878414
2021-12-30,1,224.42,222.7,222.89,close,-0.8895348837209315,-0.00681757419124851,0.007664201051599675
2021-12-31,1,223.96,222.4,222.4,stop,-1.0,-0.00696552955884977,0.006965529558849805
2022-01-03,-1,223.71,225.05,225.05,stop,-1.0,-0.00598989763533142,0.005989897635331471
2022-01-04,-1,225.8,227.13,224.99,close,0.6090225563909865,0.0035872453498670964,0.005890168290522515
2022-01-05,1,225.52,224.58,224.58,stop,-1.0,-0.004168144732174528,0.004168144732174519
2022-01-06,1,219.06,217.785,217.785,stop,-1.0,-0.005820323199123512,0.005820323199123554
2022-01-10,-1,213.42,215.01,215.01,stop,-1.0,-0.007450098397526084,0.007450098397526021
2022-01-11,-1,214.6,215.58,215.58,stop,-1.0,-0.004566635601118474,0.004566635601118444
2022-01-12,-1,218.47,219.38,215.92,close,2.802197802197825,0.011672083123541066,0.004165331624479318
2022-01-13,1,217.21,216.48,216.48,stop,-1.0,-0.0033608029096267034,0.003360802909626712
2022-01-14,1,212.59,211.9,211.9,stop,-1.0,-0.0032456841808174985,0.0032456841808175254
2022-01-18,-1,211.23,212.44,207.79,close,2.8429752066115497,0.016285565497325183,0.005728352980163841
2022-01-19,1,209.23,208.15,208.15,stop,-1.0,-0.0051617836830282204,0.005161783683028171
2022-01-20,1,206.55,205.34,205.34,stop,-1.0,-0.005858145727426822,0.005858145727426811
2022-01-21,1,200.97,199.35,199.35,stop,-1.0,-0.008060904612628761,0.008060904612628773
2022-01-24,1,194.43,193.06,193.06,stop,-1.0,-0.0070462377205163795,0.007046237720516405
2022-01-25,1,198.68,197.62,197.62,stop,-1.0,-0.005335212401852196,0.005335212401852236
2022-01-26,-1,200.74,201.85,201.85,stop,-1.0,-0.005529540699412028,0.0055295406994121015
2022-01-27,-1,197.63,198.55,198.55,stop,-1.0,-0.004655163689723407,0.0046551636897233005
2022-01-28,-1,190.88,192.51,192.51,stop,-1.0,-0.008539396479463557,0.008539396479463513
2022-01-31,1,195.29,193.85,201.1,close,4.03472222222223,0.029750627272261854,0.007373649444415985
2022-02-01,1,201.77,200.51,200.51,stop,-1.0,-0.006244734103186933,0.006244734103186892
2022-02-02,-1,203.16,203.9,201.2998,close,2.513783783783742,0.009156329986217737,0.003642449301043557
2022-02-03,1,199.1972,198.46,198.46,stop,-1.0,-0.003700855232904865,0.003700855232904887
2022-02-04,-1,196.14,197.74,197.74,stop,-1.0,-0.008157438564290853,0.00815743856429093
2022-02-07,1,199.09,198.34,198.34,stop,-1.0,-0.003767140489225995,0.0037671404892259783
2022-02-08,1,200.2,199.42,199.42,stop,-1.0,-0.003896103896103953,0.003896103896103902
2022-02-09,1,205.63,204.3,206.63,close,0.7518796992481293,0.0048631036327384525,0.006467927831542013
2022-02-10,1,204.1,202.84,202.84,stop,-1.0,-0.00617344439000489,0.006173444390004855
2022-02-11,-1,203.575,204.54,204.54,stop,-1.0,-0.004740267714601565,0.004740267714601515
2022-02-14,1,202.08,201.13,201.13,stop,-1.0,-0.004701108471892423,0.004701108471892404
2022-02-15,1,204.2788,202.63,206.06,close,1.080300824842321,0.008719455959208755,0.008071322134259621
2022-02-16,-1,204.74,205.48,205.48,stop,-1.0,-0.003614340138712313,0.003614340138712419
2022-02-17,1,204.95,204.19,204.19,stop,-1.0,-0.003708221517443211,0.003708221517443235
2022-02-18,-1,200.76,201.19,201.19,stop,-1.0,-0.002141860928471795,0.0021418609284718413
2022-02-22,-1,197.965,198.64,198.64,stop,-1.0,-0.003409693632712818,0.0034096936327127673
2022-02-23,1,198.29,197.54,197.54,stop,-1.0,-0.0037823389984366074,0.0037823389984366334
2022-02-24,1,189.22,187.92,198.18,close,6.8923076923076385,0.04735228834161287,0.00687030969242158
2022-02-25,-1,198.15,199.71,199.71,stop,-1.0,-0.007872823618470859,0.007872823618470866
2022-02-28,1,201.78,200.46,203.07,close,0.9772727272727263,0.006393101397561551,0.006541778174249149
2022-03-01,1,203.6,202.57,202.57,stop,-1.0,-0.005058939096267201,0.005058939096267197
2022-03-02,1,201.31,200.69,204.33,close,4.8709677419354644,0.015001738612090865,0.0030798271322835654
2022-03-03,-1,204.36,205.11,201.79,close,3.4266666666666956,0.012575846545312297,0.003669994128009395
2022-03-04,1,200.37,199.69,199.69,stop,-1.0,-0.0033937216150122795,0.0033937216150122613
2022-03-08,-1,193.8,195.1971,195.1971,stop,-1.0,-0.007208978328173243,0.007208978328173347
2022-03-09,1,198.46,197.62,200.24,close,2.119047619047612,0.008969061775672582,0.0042325909503174615
2022-03-10,1,197.74,196.89,196.89,stop,-1.0,-0.004298573884899515,0.0042985738848994775
2022-03-11,1,201.32,200.765,200.765,stop,-1.0,-0.0027568050864296145,0.002756805086429599
2022-03-14,-1,195.92,197.44,192.92,close,1.9736842105263026,0.015312372396896645,0.007758268681094377
2022-03-15,1,194.11,193.05,193.05,stop,-1.0,-0.005460821183864817,0.00546082118386483
2022-03-16,1,198.55,197.53,197.53,stop,-1.0,-0.00513724502644175,0.005137245026441754
2022-03-17,1,201.18,200.3,205.18,close,4.545454545454569,0.0198826921165125,0.004374192265632744
2022-03-18,1,204.64,204.0,207.06,close,3.7812500000001057,0.011825645035183907,0.0031274433150898476
2022-03-21,1,207.8,206.93,206.93,stop,-1.0,-0.004186717998075129,0.0041867179980750934
2022-03-22,1,206.69,206.16,206.16,stop,-1.0,-0.0025642266195752272,0.0025642266195752147
2022-03-23,-1,205.95,206.65,206.65,stop,-1.0,-0.0033988832240836597,0.0033988832240835986
2022-03-24,-1,203.16,204.55,204.55,stop,-1.0,-0.006841898011419545,0.006841898011419644
2022-03-25,-1,205.57,206.15,206.15,stop,-1.0,-0.00282142335943969,0.0028214233594396677
2022-03-28,-1,205.44,206.05,206.05,stop,-1.0,-0.002969236760124616,0.002969236760124677
2022-03-29,1,210.23,207.88,211.73,close,0.6382978723404271,0.007135042572420591,0.011178233363459042
2022-03-30,1,211.39,210.61,210.61,stop,-1.0,-0.0036898623397509933,0.003689862339751042
2022-03-31,1,208.04,206.84,206.84,stop,-1.0,-0.005768121515093205,0.005768121515093197
2022-04-01,1,207.39,206.16,206.16,stop,-1.0,-0.0059308549110371755,0.005930854911037127
2022-04-04,-1,207.65,208.43,208.04,close,-0.4999999999999818,-0.0018781603660005253,0.0037563207320009686
2022-04-05,1,209.17,207.76,207.76,stop,-1.0,-0.00674092843141938,0.006740928431419404
2022-04-06,-1,200.66,201.71,201.71,stop,-1.0,-0.0052327319844514,0.005232731984451368
2022-04-07,1,200.68,200.03,200.03,stop,-1.0,-0.0032389874426949072,0.0032389874426948656
2022-04-08,-1,198.96,199.76,199.76,stop,-1.0,-0.004020908725371752,0.004020908725371848
2022-04-11,-1,196.59,197.81,197.81,stop,-1.0,-0.006205809044203647,0.006205809044203666
2022-04-12,1,199.31,198.42,198.42,stop,-1.0,-0.004465405649490828,0.0044654056494908174
2022-04-13,1,198.57,197.61,200.95,close,2.479166666666715,0.011985697738832624,0.004834567155159287
2022-04-14,1,202.25,201.07,201.07,stop,-1.0,-0.005834363411619359,0.005834363411619317
2022-04-18,-1,198.27,199.18,197.62,close,0.7142857142857232,0.0032783577949261344,0.004589700912896537
2022-04-19,1,198.45,197.69,201.64,close,4.197368421052679,0.016074577979339866,0.003829680020156165
2022-04-20,-1,202.83,203.75,203.75,stop,-1.0,-0.004535818172854089,0.004535818172854053
2022-04-21,-1,204.12,204.8,197.31999999999994,target,10.0,0.033313737017441,0.0033313737017441054
2022-04-22,1,197.03,196.35,196.35,stop,-1.0,-0.00345125107851596,0.0034512510785159965
2022-04-25,1,191.28,190.37,190.37,stop,-1.0,-0.004757423672103744,0.0047574236721037045
2022-04-26,-1,191.73,192.71,187.63,close,4.183673469387672,0.0213842382517081,0.005111354508944965
2022-04-27,-1,187.6,188.7,188.7,stop,-1.0,-0.005863539445629007,0.005863539445628968
2022-04-28,-1,188.86,189.61,189.61,stop,-1.0,-0.003971195594620447,0.003971195594620353
2022-04-29,1,190.65,189.51,189.51,stop,-1.0,-0.005979543666404519,0.005979543666404483
2022-05-02,-1,184.2,185.62,185.62,stop,-1.0,-0.007709011943539679,0.007709011943539718
2022-05-03,-1,186.09,187.69,187.69,stop,-1.0,-0.008597990219786134,0.008597990219786094
2022-05-04,-1,188.15,189.26,189.26,stop,-1.0,-0.005899548232792817,0.005899548232792906
2022-05-05,-1,190.69,191.56,185.72,close,5.712643678160888,0.026063244008600384,0.004562378729875739
2022-05-06,-1,184.11,185.42,182.6,close,1.1526717557252286,0.00820161859757762,0.0071153114985605
2022-05-09,1,179.9727,179.18,179.18,stop,-1.0,-0.004404556913354063,0.004404556913354061
2022-05-10,-1,177.32,178.905,174.96,close,1.4889589905362608,0.013309271373787457,0.008938642003158177
2022-05-11,-1,174.28,175.72,175.72,stop,-1.0,-0.00826256598577002,0.008262565985770012
2022-05-12,-1,169.35,170.41,170.41,stop,-1.0,-0.006259226454089273,0.006259226454089178
2022-05-13,1,176.21,175.01,178.14,close,1.6083333333332925,0.010952840360932914,0.006810056182963606
2022-05-16,1,178.03,176.88,176.88,stop,-1.0,-0.006459585463124196,0.006459585463124224
2022-05-17,-1,180.12,181.18,181.18,stop,-1.0,-0.005884965578503154,0.005884965578503233
2022-05-19,1,176.6,174.89,176.54,close,-0.03508771929824678,-0.0003397508493770962,0.009682899207248064
2022-05-20,-1,178.1,178.97,176.19,close,2.1954022988505595,0.01072431218416614,0.0048848961257720635
2022-05-23,-1,177.095,177.99,177.99,stop,-1.0,-0.005053784691832153,0.005053784691832125
2022-05-24,-1,176.1,176.93,175.5599,close,0.6507228915662496,0.003067007382169251,0.0047132311186826375
2022-05-25,1,175.76,174.81,178.82,close,3.2210526315789885,0.017410104688211137,0.005405097860719098
2022-05-26,1,181.09,179.7,182.65,close,1.122302158273371,0.008614501076812608,0.007675741344083134
2022-05-27,1,184.61,183.4,187.63,close,2.49586776859501,0.016358810465305185,0.006554357835436909
2022-05-31,-1,186.21,187.32,187.32,stop,-1.0,-0.005961011760915014,0.005961011760915016
2022-06-01,-1,186.17,186.94,184.28,close,2.4545454545454044,0.01015201160229895,0.0041360047268626
2022-06-02,1,184.81,184.17,188.69,close,6.062499999999853,0.020994534927763597,0.0034630160705590323
2022-06-03,-1,186.82,187.515,187.515,stop,-1.0,-0.0037201584412802635,0.0037201584412803403
2022-06-06,-1,188.2616,189.305,187.87,close,0.3753114816944367,0.002080084308217822,0.00554228796525696
2022-06-07,1,186.9,185.9,190.88,close,3.9799999999999898,0.02129481005885503,0.005350454788657036
2022-06-08,1,190.03,188.86,188.86,stop,-1.0,-0.006156922591169733,0.00615692259116975
2022-06-09,-1,185.56,186.63,186.63,stop,-1.0,-0.005766328950204791,0.0057663289502047485
2022-06-10,1,181.01,180.1101,180.1101,stop,-1.0,-0.00497154853323023,0.004971548533230221
2022-06-13,-1,173.58,174.96,170.17,close,2.4710144927536493,0.019645120405576866,0.007950224680262677
2022-06-14,-1,170.04,171.21,171.21,stop,-1.0,-0.006880733944954143,0.0068807339449542225
2022-06-15,1,171.71,170.71,170.71,stop,-1.0,-0.0058237726399161804,0.005823772639916137
2022-06-16,-1,167.3,168.42,163.91,close,3.026785714285792,0.020263000597728675,0.006694560669455923
2022-06-17,1,165.81,164.38,164.38,stop,-1.0,-0.00862432905132382,0.008624329051323846
2022-06-21,-1,167.31,168.52,168.52,stop,-1.0,-0.007232084155161189,0.007232084155161126
2022-06-22,1,167.18,165.37,167.81,close,0.3480662983425385,0.003768393348486665,0.010826653905969626
2022-06-23,-1,168.09,169.2,169.2,stop,-1.0,-0.006603605211493724,0.006603605211493754
2022-06-24,1,172.09,170.9,175.06,close,2.495798319327735,0.0172584112964147,0.006914986344354685
2022-06-27,-1,175.11,176.51,176.51,stop,-1.0,-0.00799497458740217,0.007994974587402073
2022-06-28,1,178.068,176.63,176.63,stop,-1.0,-0.008075566637464449,0.008075566637464433
2022-06-29,-1,170.99,172.7,170.69,close,0.17543859649123683,0.0017544885665828902,0.010000584829522074
2022-06-30,-1,167.76,168.855,168.855,stop,-1.0,-0.006527181688125827,0.006527181688125888
2022-07-01,1,169.87,168.72,168.72,stop,-1.0,-0.0067698828515924125,0.006769882851592427
2022-07-05,-1,167.71,169.08,169.08,stop,-1.0,-0.008168862918132458,0.008168862918132517
2022-07-06,-1,172.14,173.71,171.55,close,0.3757961783439279,0.003427442779133094,0.009120483327524234
2022-07-07,1,174.1,172.85,175.64,close,1.2319999999999935,0.008845491097070557,0.007179781734635267
2022-07-08,1,175.21,174.61,174.61,stop,-1.0,-0.003424462074082535,0.0034244620740824967
2022-07-11,-1,174.14,174.97,172.02,close,2.5542168674698122,0.012174112782818325,0.004766280004594077
2022-07-12,1,172.44,171.45,171.45,stop,-1.0,-0.005741127348643071,0.005741127348643059
2022-07-13,-1,168.91,169.81,169.81,stop,-1.0,-0.00532828133325447,0.00532828133325443
2022-07-14,-1,168.64,169.47,169.47,stop,-1.0,-0.004921726755218181,0.004921726755218291
2022-07-15,-1,171.52,172.355,172.355,stop,-1.0,-0.004868236940298365,0.0048682369402983875
2022-07-18,1,176.168,174.96,174.96,stop,-1.0,-0.006857090958630407,0.006857090958630389
2022-07-19,1,175.63,174.66,178.68,close,3.144329896907232,0.017366053635483825,0.005522974434891527
2022-07-20,1,179.45,178.4,181.51,close,1.961904761904796,0.011479520757871287,0.005851212036778952
2022-07-21,-1,179.86,180.57,180.57,stop,-1.0,-0.003947514733681601,0.003947514733681638
2022-07-22,-1,182.05,183.03,183.03,stop,-1.0,-0.0053831365009611165,0.005383136500961218
2022-07-25,-1,178.75,180.18,180.18,stop,-1.0,-0.008000000000000007,0.008000000000000038
2022-07-26,-1,178.92,179.98,179.98,stop,-1.0,-0.00592443550190036,0.005924435501900304
2022-07-27,-1,180.28,180.94,180.94,stop,-1.0,-0.0036609718216107368,0.0036609718216108087
2022-07-28,1,185.15,184.11,184.11,stop,-1.0,-0.005617067242776108,0.005617067242776085
2022-07-29,-1,185.3,186.15,186.15,stop,-1.0,-0.004587155963302614,0.004587155963302721
2022-08-01,-1,184.27,185.91,185.91,stop,-1.0,-0.008899983719541815,0.008899983719541902
2022-08-02,-1,185.98,187.0,187.0,stop,-1.0,-0.005484460694698434,0.00548446069469841
2022-08-03,-1,188.1,188.85,188.85,stop,-1.0,-0.003987240829345984,0.003987240829346092
2022-08-04,-1,189.24,190.04,189.42,close,-0.2249999999999778,-0.0009511731135065649,0.0042274360600295015
2022-08-05,1,187.86,187.1703,190.79,close,4.248223865448614,0.015596720962418598,0.0036713510060684346
2022-08-08,1,193.3,192.15,192.15,stop,-1.0,-0.005949301603724755,0.0059493016037248094
2022-08-09,-1,191.09,192.17,190.2,close,0.8240740740740999,0.00465749123449688,0.0056517871160185465
2022-08-11,1,198.0899,197.3,197.3,stop,-1.0,-0.003987583415408835,0.003987583415408806
2022-08-12,-1,196.83,197.389,197.389,stop,-1.0,-0.0028400142254736416,0.002840014225473746
2022-08-15,1,199.26,198.46,198.46,stop,-1.0,-0.0040148549633644,0.004014854963364363
2022-08-17,1,198.72,198.18,198.18,stop,-1.0,-0.0027173913043477826,0.002717391304347786
2022-08-18,-1,197.17,197.98,197.98,stop,-1.0,-0.004108130040066937,0.004108130040066959
2022-08-19,-1,196.41,197.11,194.63,close,2.5428571428570828,0.009062675016547006,0.003563973321114083
2022-08-22,-1,191.435,192.23,192.23,stop,-1.0,-0.004152845613393463,0.004152845613393514
2022-08-23,1,191.81,190.89,190.89,stop,-1.0,-0.004796413117147291,0.00479641311714726
2022-08-25,1,193.76,192.98,195.41,close,2.1153846153846194,0.008515689512799351,0.004025598678777876
2022-08-26,-1,194.66,195.44,188.86,close,7.435897435897403,0.02979554094318293,0.004006986540634959
2022-08-29,1,187.71,186.52,187.24,close,-0.39495798319327713,-0.0025038623408448757,0.00633956635235202
2022-08-30,-1,187.07,188.01,184.59,close,2.638297872340421,0.013257069546159128,0.005024857005399037
2022-08-31,-1,184.68,185.48,185.48,stop,-1.0,-0.004331817197314125,0.004331817197314181
2022-09-01,-1,180.89,181.89,181.5,close,-0.6100000000000136,-0.0033722151583837068,0.005528221571120571
2022-09-02,-1,181.566,183.64,183.64,stop,-1.0,-0.011422843483912093,0.011422843483912096
2022-09-06,-1,180.16,181.08,178.38,close,1.93478260869562,0.009880106571936054,0.005106571936056927
2022-09-07,1,178.42,177.93,182.19,close,7.693877551020733,0.02112991817060883,0.0027463288868959795
2022-09-08,-1,179.93,180.83,180.83,stop,-1.0,-0.005001945200911573,0.005001945200911497
2022-09-09,1,185.86,185.1,187.4,close,2.0263157894736223,0.008285806521037387,0.004089099322070479
2022-09-12,-1,188.46,189.17,189.17,stop,-1.0,-0.003767377692879048,0.003767377692879017
2022-09-13,-1,184.6,185.89,185.89,stop,-1.0,-0.006988082340194879,0.006988082340194973
2022-09-14,-1,181.25,182.76,182.76,stop,-1.0,-0.008331034482758515,0.00833103448275857
2022-09-15,1,182.42,181.85,181.85,stop,-1.0,-0.00312465738405876,0.0031246573840587283
2022-09-16,-1,178.25,179.68,178.85,close,-0.4195804195804136,-0.003366058906030922,0.00802244039270691
2022-09-19,1,178.49,176.96,180.52,close,1.3267973856209148,0.011373186172894956,0.008571908790408433
2022-09-20,-1,178.0,178.87,178.87,stop,-1.0,-0.004887640449438235,0.0048876404494382275
2022-09-21,-1,178.31,179.44,179.44,stop,-1.0,-0.006337277774661976,0.00633727777466208
2022-09-22,-1,174.45,175.58,171.41,close,2.6902654867256,0.01742619661794209,0.006477500716537827
2022-09-23,-1,168.52,169.19,167.26,close,1.8805970149254372,0.007476857346309207,0.003975789223830925
2022-09-26,1,166.88,165.46,165.46,stop,-1.0,-0.008509108341323013,0.008509108341323032
2022-09-27,1,166.85,165.83,165.83,stop,-1.0,-0.006113275397063078,0.006113275397063122
2022-09-28,1,166.14,165.07,169.95,close,3.560747663551427,0.022932466594438372,0.006440351510774005
2022-09-29,-1,166.185,167.93,166.1,close,0.04871060171920214,0.0005114781719168793,0.010500345999939853
2022-09-30,-1,165.53,166.18,166.18,stop,-1.0,-0.0039267806439919895,0.00392678064399206
2022-10-03,-1,165.59,167.42,167.42,stop,-1.0,-0.011051391992269899,0.011051391992269968
2022-10-04,1,173.98,172.53,176.06,close,1.4344827586207096,0.011955397172088711,0.008334291297850262
2022-10-05,1,174.1,173.2095,173.2095,stop,-1.0,-0.005114876507754218,0.0051148765077541816
2022-10-06,1,175.31,173.4,173.4,stop,-1.0,-0.010894986024756137,0.010894986024756127
2022-10-07,-1,171.345,172.47,168.61,close,2.431111111111098,0.015961948116373303,0.006565700779129826
2022-10-10,1,169.405,168.12,168.12,stop,-1.0,-0.007585372332575724,0.007585372332575759
2022-10-11,-1,166.48,167.48,167.48,stop,-1.0,-0.006006727534838996,0.00600672753483902
2022-10-12,-1,165.91,168.05,168.05,stop,-1.0,-0.012898559459948222,0.012898559459948254
2022-10-13,-1,162.72,164.16,164.16,stop,-1.0,-0.008849557522123908,0.00884955752212388
2022-10-14,1,173.27,171.99,171.99,stop,-1.0,-0.00738731459571762,0.007387314595717672
2022-10-17,1,171.77,170.11,172.15,close,0.22891566265060015,0.0022122605810095397,0.009664085695988802
2022-10-18,1,177.07,175.6,175.6,stop,-1.0,-0.00830180154741067,0.008301801547410623
2022-10-19,1,173.24,172.13,172.13,stop,-1.0,-0.0064072962364351005,0.006407296236435082
2022-10-20,1,172.4,170.75,170.75,stop,-1.0,-0.009570765661252922,0.009570765661252933
2022-10-21,-1,168.51,169.86,169.86,stop,-1.0,-0.008011393982553017,0.0080113939825531
2022-10-24,1,173.45,172.15,172.15,stop,-1.0,-0.007494955318535501,0.007494955318535503
2022-10-25,1,174.77,173.56,178.14,close,2.785123966942111,0.019282485552440276,0.0069233850203124555
2022-10-26,1,179.61,178.33,178.33,stop,-1.0,-0.007126551973720807,0.007126551973720845
2022-10-27,-1,180.45,181.96,181.96,stop,-1.0,-0.00836796896647285,0.008367968966472815
2022-10-28,1,180.74,179.27,179.27,stop,-1.0,-0.008133230054221507,0.008133230054221527
2022-10-31,-1,181.79,183.08,183.08,stop,-1.0,-0.007096099895483876,0.0070960998954839125
2022-11-01,-1,184.48,185.6,183.63,close,0.7589285714285633,0.004607545533391155,0.006071118820468368
2022-11-02,-1,181.59,182.85,182.85,stop,-1.0,-0.006938708078638722,0.006938708078638642
2022-11-04,-1,178.53,179.19,179.19,stop,-1.0,-0.003696857670979714,0.003696857670979648
2022-11-07,-1,179.65,180.59,179.62,close,0.031914893617022565,0.00016699137211240167,0.005232396326189801
2022-11-08,-1,179.36,180.24,180.24,stop,-1.0,-0.004906333630686932,0.004906333630686861
2022-11-09,-1,177.02,178.0,178.0,stop,-1.0,-0.005536097616088531,0.00553609761608852
2022-11-10,-1,181.34,182.29,182.29,stop,-1.0,-0.005238777986103393,0.005238777986103389
2022-11-11,1,186.62,185.69,186.9,close,0.3010752688172033,0.0015003750937734317,0.004983388704318973
2022-11-14,-1,185.47,186.355,186.355,stop,-1.0,-0.004771661185097198,0.004771661185097272
2022-11-15,-1,187.64,189.02,189.02,stop,-1.0,-0.007354508633553802,0.007354508633553741
2022-11-16,-1,185.84,186.64,184.22,close,2.0250000000000488,0.008717176065432652,0.004304778303917256
2022-11-17,-1,180.83,181.62,181.62,stop,-1.0,-0.004368744124315649,0.0043687441243156116
2022-11-18,-1,183.58,185.31,183.72,close,-0.08092485549132207,-0.0007626103061335598,0.009423684497221863
2022-11-21,-1,182.46,183.19,182.73,close,-0.3698630136986104,-0.0014797763893454885,0.004000876904526963
2022-11-22,-1,182.68,183.88,183.88,stop,-1.0,-0.0065688635865994716,0.006568863586599456
2022-11-23,1,184.94,184.24,184.24,stop,-1.0,-0.0037850113550339515,0.0037850113550340035
2022-11-28,-1,184.04,184.92,181.81,close,2.5340909090909105,0.012116931101934347,0.004781569224081697
2022-11-29,1,182.46,181.96,182.38,close,-0.160000000000025,-0.0004384522635099142,0.002740326646936315
2022-11-30,-1,182.665,183.18,183.18,stop,-1.0,-0.0028193687898612207,0.0028193687898613023
2022-12-01,-1,187.61,189.24,186.97,close,0.3926380368098261,0.0034113320185491514,0.008688236234742259
2022-12-02,1,184.98,184.33,188.06,close,4.738461538461723,0.016650448697156595,0.0035138933938802966
2022-12-05,-1,186.16,187.06,182.84,close,3.688888888888858,0.017834121186076413,0.004834550923936429
2022-12-06,1,182.93,182.36,182.36,stop,-1.0,-0.003115945990269431,0.0031159459902694647
2022-12-07,1,180.41,179.65,179.65,stop,-1.0,-0.0042126267945235,0.004212626794523535
2022-12-08,-1,179.9136,181.21,181.21,stop,-1.0,-0.0072056809490779195,0.00720568094907781
2022-12-09,1,180.17,179.0,179.0,stop,-1.0,-0.006493866903479972,0.0064938669034799775
2022-12-12,-1,178.36,178.99,178.99,stop,-1.0,-0.003532182103610726,0.003532182103610649
2022-12-13,-1,184.7,185.83,185.83,stop,-1.0,-0.006118029236600098,0.006118029236600021
2022-12-14,1,181.88,181.21,181.21,stop,-1.0,-0.003683747525841108,0.003683747525841145
2022-12-15,-1,177.26,178.6,175.73,close,1.1417910447761173,0.008631388920230187,0.00755951709353494
2022-12-16,1,174.62,173.8,173.8,stop,-1.0,-0.0046959111212918625,0.004695911121291909
2022-12-19,-1,173.975,175.0529,172.03,close,1.8044345486594247,0.011179767207932123,0.006195717775542461
2022-12-20,1,171.99,171.23,171.23,stop,-1.0,-0.004418861561718779,0.004418861561718817
2022-12-21,-1,174.24,174.83,174.83,stop,-1.0,-0.0033861340679521845,0.003386134067952269
2022-12-22,-1,173.13,174.49,173.61,close,-0.3529411764705981,-0.0027724831051811893,0.007855368798013133
2022-12-23,-1,173.44,174.28,174.28,stop,-1.0,-0.004843173431734238,0.004843173431734337
2022-12-27,-1,173.63,174.57,174.57,stop,-1.0,-0.005413810977365596,0.00541381097736565
2022-12-28,1,173.815,172.73,172.73,stop,-1.0,-0.006242269079193452,0.006242269079193441
2022-12-29,1,171.99,171.4,174.86,close,4.864406779660997,0.016687016687016776,0.003430432001860593
2022-12-30,1,173.91,172.68,172.68,stop,-1.0,-0.007072623770915887,0.007072623770915933
2023-01-03,-1,175.8,177.32,173.35,close,1.6118421052631884,0.013936291240045584,0.008646188850966904
2023-01-04,1,175.47,174.45,174.45,stop,-1.0,-0.005812959480253066,0.005812959480253093
2023-01-05,-1,173.64,174.76,173.67,close,-0.026785714285715193,-0.00017277125086390122,0.006450126698917327
2023-01-09,-1,178.59,179.34,179.34,stop,-1.0,-0.004199563245422366,0.004199563245422476
2023-01-10,1,178.55,177.52,177.52,stop,-1.0,-0.005768692243069196,0.005768692243069174
2023-01-11,1,181.43,180.68,182.755,close,1.7666666666666515,0.007303092101636821,0.004133825717907733
2023-01-12,-1,182.69,183.68,183.68,stop,-1.0,-0.005419015819147166,0.005419015819147239
2023-01-13,-1,184.4833,185.15,185.15,stop,-1.0,-0.003613877245257413,0.003613877245257384
2023-01-17,-1,186.43,187.36,187.36,stop,-1.0,-0.004988467521321649,0.004988467521321712
2023-01-18,-1,187.45,188.04,188.04,stop,-1.0,-0.0031475060016004086,0.003147506001600445
2023-01-19,-1,182.4902,183.1,182.03,close,0.7546736634961969,0.002521779251707712,0.0033415492996336626
2023-01-20,-1,181.35,182.87,182.87,stop,-1.0,-0.008381582575130997,0.00838158257513102
2023-01-23,-1,184.66,185.56,185.56,stop,-1.0,-0.004873822159644714,0.004873822159644783
2023-01-24,-1,186.02,186.79,186.79,stop,-1.0,-0.0041393398559292915,0.004139339855929372
2023-01-25,-1,184.39,185.41,185.41,stop,-1.0,-0.00553175334888012,0.005531753348880147
2023-01-26,-1,188.8,189.85,188.56,close,0.22857142857144094,0.0012711864406780293,0.005561440677966011
2023-01-27,1,188.5,187.86,187.86,stop,-1.0,-0.0033952254641909096,0.003395225464190909
2023-01-31,1,188.37,187.38,191.5,close,3.161616161616128,0.016616234007538422,0.005255613951266174
2023-02-01,1,191.54,190.94,190.94,stop,-1.0,-0.0031325049597994425,0.0031325049597994903
2023-02-02,1,196.8,196.01,196.01,stop,-1.0,-0.004014227642276547,0.004014227642276527
2023-02-03,1,197.25,195.7,196.99,close,-0.16774193548386387,-0.0013181242078580402,0.00785804816223073
2023-02-06,-1,195.41,196.38,194.15,close,1.2989690721649405,0.006447981167800987,0.004963922010132536
2023-02-07,-1,192.76,193.7,193.7,stop,-1.0,-0.004876530400498069,0.004876530400498017
2023-02-08,1,194.739,193.79,193.79,stop,-1.0,-0.004873189243038145,0.004873189243038181
2023-02-09,1,194.44,193.88,193.88,stop,-1.0,-0.0028800658300761617,0.002880065830076128
2023-02-10,1,189.66,189.02,189.02,stop,-1.0,-0.003374459559211118,0.003374459559211148
2023-02-13,-1,189.51,190.55,190.55,stop,-1.0,-0.005487837053453681,0.005487837053453752
2023-02-14,1,191.3414,190.08,192.52,close,0.9343586491200534,0.006159670620158542,0.006592404989197218
2023-02-15,-1,190.76,191.35,191.35,stop,-1.0,-0.0030928915915287014,0.0030928915915286403
2023-02-16,-1,191.6843,192.3,192.3,stop,-1.0,-0.003212052317273839,0.0032120523172737875
2023-02-17,1,192.54,191.48,191.48,stop,-1.0,-0.005505349537758386,0.0055053495377584
2023-02-21,1,191.12,190.5,190.5,stop,-1.0,-0.0032440351611553453,0.003244035161155319
2023-02-22,1,188.845,187.81,187.81,stop,-1.0,-0.005480685218035908,0.005480685218035937
2023-02-23,-1,189.35,189.995,189.995,stop,-1.0,-0.003406390282545635,0.0034063902825456046
2023-02-24,1,187.02,186.17,186.17,stop,-1.0,-0.004544968452572018,0.004544968452572039
2023-02-27,-1,188.66,189.23,189.23,stop,-1.0,-0.003021308173433601,0.003021308173433654
2023-02-28,1,188.72,188.07,188.1,close,-0.9538461538461525,-0.003285290377278538,0.00344425604069524
2023-03-01,1,188.32,187.68,187.68,stop,-1.0,-0.003398470688190214,0.003398470688190242
2023-03-02,-1,186.29,186.96,186.96,stop,-1.0,-0.0035965430243170005,0.003596543024317011
2023-03-03,-1,188.98,189.78,189.78,stop,-1.0,-0.004233252195999571,0.004233252195999637
2023-03-06,-1,191.07,191.74,188.7,close,3.537313432835744,0.012403831056680859,0.003506568273407735
2023-03-07,1,188.72,188.11,188.11,stop,-1.0,-0.003232301822806205,0.0032323018228061955
2023-03-08,-1,186.32,186.98,186.98,stop,-1.0,-0.00354229282954055,0.003542292829540557
2023-03-09,1,186.84,186.3,186.3,stop,-1.0,-0.0028901734104045396,0.0028901734104045816
2023-03-10,-1,179.36,180.39,176.1,close,3.165048543689423,0.018175735950044736,0.005742640499553817
2023-03-13,-1,172.075,172.86,172.86,stop,-1.0,-0.004561964259770512,0.004561964259770595
2023-03-14,-1,178.15,179.07,179.07,stop,-1.0,-0.005164187482458615,0.005164187482458532
2023-03-15,1,172.42,171.68,171.68,stop,-1.0,-0.0042918454935620964,0.00429184549356212
2023-03-16,1,171.73,170.94,170.94,stop,-1.0,-0.00460024456996444,0.004600244569964433
2023-03-17,-1,173.43,174.76,171.34,close,1.5714285714285927,0.01205097157354551,0.00766880009225615
2023-03-20,-1,172.9,173.77,173.77,stop,-1.0,-0.005031810294968242,0.005031810294968216
2023-03-21,1,177.37,176.53,176.53,stop,-1.0,-0.004735862885493658,0.00473586288549362
2023-03-22,-1,175.5,176.64,176.64,stop,-1.0,-0.006495726495726384,0.006495726495726418
2023-03-24,-1,168.21,168.93,168.93,stop,-1.0,-0.004280363830925671,0.004280363830925621
2023-03-27,-1,173.32,173.97,173.97,stop,-1.0,-0.0037502884837294914,0.0037502884837295504
2023-03-28,1,173.35,172.69,173.47,close,0.18181818181818965,0.0006922411306604648,0.0038073262186328043
2023-03-29,1,175.42,174.24,174.24,stop,-1.0,-0.006726713031581233,0.006726713031581225
2023-03-30,1,176.9,176.44,176.44,stop,-1.0,-0.0026003391746749482,0.0026003391746750024
2023-03-31,1,176.85,176.37,178.41,close,3.250000000000074,0.008821034775233327,0.0027141645462255572
2023-04-03,1,179.49,178.95,178.95,stop,-1.0,-0.0030085241517634476,0.0030085241517634432
2023-04-04,-1,177.57,179.1,175.3,close,1.4836601307189412,0.01278369093878462,0.008616320324379124
2023-04-05,-1,173.88,174.45,174.45,stop,-1.0,-0.003278122843340281,0.0032781228433401955
2023-04-06,-1,173.09,174.0,174.0,stop,-1.0,-0.005257380553469249,0.005257380553469274
2023-04-11,1,176.83,176.44,176.44,stop,-1.0,-0.0022055081151388656,0.002205508115138917
2023-04-12,-1,178.32,178.98,175.85,close,3.74242424242426,0.013851502916105818,0.0037012113055181505
2023-04-14,1,178.6,178.18,178.18,stop,-1.0,-0.0023516237402014806,0.002351623740201498
2023-04-17,1,177.3,176.75,178.77,close,2.6727272727272156,0.008291032148900257,0.0031020868584321
2023-04-18,-1,178.8,179.63,177.98,close,0.9879518072289606,0.004586129753915147,0.0046420581655480095
2023-04-19,-1,176.81,177.29,177.29,stop,-1.0,-0.002714778575872323,0.0027147785758723474
2023-04-20,-1,176.85,177.25,177.25,stop,-1.0,-0.002261803788521366,0.002261803788521378
2023-04-21,-1,177.185,177.86,177.86,stop,-1.0,-0.003809577560177191,0.00380957756017728
2023-04-24,-1,177.25,177.9,177.9,stop,-1.0,-0.003667136812411931,0.0036671368124118796
2023-04-25,-1,175.41,175.94,173.07,close,4.415094339622638,0.01334017444843516,0.003021492503278041
2023-04-26,1,173.215,172.17,172.17,stop,-1.0,-0.0060329648125163615,0.0060329648125163286
2023-04-27,-1,171.88,172.53,172.53,stop,-1.0,-0.0037817081684896614,0.003781708168489677
2023-04-28,1,173.69,173.18,175.21,close,2.9803921568628184,0.00875122344406698,0.0029362657608382227
2023-05-01,1,175.61,174.8,174.8,stop,-1.0,-0.004612493593758926,0.00461249359375891
2023-05-02,-1,173.26,174.45,171.68,close,1.3277310924369639,0.009119242756550738,0.006868290430566765
2023-05-03,1,173.12,172.2,172.2,stop,-1.0,-0.005314232902033367,0.005314232902033363
2023-05-04,-1,170.94,171.56,170.44,close,0.8064516129032199,0.002925002925002973,0.0036270036270036536
2023-05-05,1,173.76,173.16,173.16,stop,-1.0,-0.0034530386740331265,0.0034530386740331165
2023-05-08,-1,174.59,175.55,174.05,close,0.562499999999987,0.0030929606506672203,0.005498596712297428
2023-05-09,-1,172.255,173.13,173.13,stop,-1.0,-0.0050796783837914194,0.005079678383791472
2023-05-10,-1,175.55,176.02,174.42,close,2.4042553191489926,0.006436912560524255,0.0026772999145542515
2023-05-11,1,173.51,172.69,172.69,stop,-1.0,-0.0047259523946746596,0.00472595239467462
2023-05-12,1,174.105,173.62,173.62,stop,-1.0,-0.0027856753108755905,0.0027856753108755363
2023-05-15,1,173.47,172.82,174.87,close,2.153846153846144,0.0080705597509656,0.0037470455986626256
2023-05-16,-1,173.36,173.75,173.75,stop,-1.0,-0.002249653899399906,0.0022496538994000136
2023-05-17,-1,173.16,173.49,173.49,stop,-1.0,-0.001905751905751929,0.001905751905751978
2023-05-18,1,175.605,175.02,177.23,close,2.777777777777875,0.009253722843882484,0.0033313402237976114
2023-05-19,-1,178.16,178.64,178.64,stop,-1.0,-0.0026942074539739735,0.0026942074539738985
2023-05-22,1,177.17,176.465,176.465,stop,-1.0,-0.003979228989106409,0.003979228989106419
2023-05-23,-1,177.87,178.63,178.63,stop,-1.0,-0.0042727834935627484,0.0042727834935626634
2023-05-24,-1,176.02,176.74,175.55,close,0.6527777777777772,0.002670151119191,0.004090444267696846
2023-05-25,-1,174.82,175.53,174.2,close,0.8732394366197149,0.0035465049765472934,0.004061320215078412
2023-05-26,1,174.63,174.02,176.1,close,2.409836065573827,0.008417797629273416,0.0034930996965010894
2023-05-31,-1,174.49,176.01,173.66,close,0.5460526315789621,0.00475671958278423,0.008711100922688874
2023-06-01,-1,173.11,174.0794,174.0794,stop,-1.0,-0.005599907573219154,0.005599907573219218
2023-06-02,-1,177.98,179.1,179.1,stop,-1.0,-0.006292841892347578,0.006292841892347481
2023-06-05,-1,180.67,181.335,179.54,close,1.6992481203006928,0.006254497149499105,0.003680743897714178
2023-06-06,1,179.53,178.93,184.31,close,7.966666666666744,0.026625076588870922,0.0033420598228707976
2023-06-07,1,187.12,184.96,187.23,close,0.050925925925919165,0.0005878580589995241,0.011543394613082495
2023-06-08,-1,186.37,187.375,186.47,close,-0.09950248756218386,-0.0005365670440520276,0.005392498792724127
2023-06-09,-1,185.81,186.61,186.61,stop,-1.0,-0.0043054733329745964,0.004305473332974605
2023-06-12,-1,184.764,185.4,185.4,stop,-1.0,-0.003442229005650388,0.003442229005650428
2023-06-13,1,186.9,186.27,187.94,close,1.65079365079365,0.00556447298020335,0.003370786516853908
2023-06-14,1,189.16,188.015,188.015,stop,-1.0,-0.006053076760414555,0.006053076760414518
2023-06-15,1,185.53,184.91,187.5,close,3.1774193548386847,0.010618228857866674,0.003341777610090037
2023-06-16,-1,187.1,188.55,185.93,close,0.8068965517241198,0.006253340459647205,0.007749866381614201
2023-06-20,1,185.25,184.61,184.61,stop,-1.0,-0.003454790823211762,0.0034547908232118022
2023-06-21,-1,183.74,184.51,184.51,stop,-1.0,-0.004190704256013866,0.004190704256013833
2023-06-22,-1,183.38,184.25,183.31,close,0.08045977011493427,0.00038172101646849477,0.004744246918966106
2023-06-23,1,181.34,180.72,180.72,stop,-1.0,-0.003418991948825445,0.003418991948825436
2023-06-26,1,180.95,180.37,180.775,close,-0.3017241379310134,-0.0009671179883944392,0.0032053053329648197
2023-06-27,1,181.46,180.4,183.36,close,1.7924528301886808,0.010470627135456878,0.005841507770307518
2023-06-28,1,183.01,182.12,184.3,close,1.4494382022472363,0.007048795147806208,0.0048631222337576436
2023-06-29,1,184.88,184.43,186.64,close,3.9111111111111896,0.009519688446559815,0.00243401125054083
2023-06-30,-1,187.69,188.2601,188.2601,stop,-1.0,-0.003037455378549714,0.0030374553785497177
2023-07-05,-1,186.02,187.21,185.78,close,0.2016806722689156,0.001290183851198834,0.00639716159552735
2023-07-06,-1,183.09,183.71,182.77,close,0.5161290322580497,0.0017477743186410377,0.0033863127423671667
2023-07-07,1,184.14,182.93,184.92,close,0.6446280991735656,0.004235907461713984,0.006571087216248396
2023-07-10,1,185.69,184.16,188.02,close,1.522875816993471,0.012547794711616156,0.008239539016640644
2023-07-11,-1,188.48,189.09,189.09,stop,-1.0,-0.0032364176570458536,0.003236417657045913
2023-07-12,1,192.995,192.2973,192.2973,stop,-1.0,-0.0036151195626830113,0.0036151195626829584
2023-07-13,-1,192.12,192.74,192.74,stop,-1.0,-0.003227149698105336,0.0032271496981053746
2023-07-14,-1,192.73,193.34,193.34,stop,-1.0,-0.0031650495511856835,0.0031650495511856675
2023-07-17,1,191.69,191.14,193.6,close,3.472727272727195,0.009964004382075231,0.0028692159215400457
2023-07-18,1,194.18,193.49,196.05,close,2.7101449275362475,0.009630239983520417,0.0035534040580904197
2023-07-19,1,197.62,196.59,196.59,stop,-1.0,-0.005212023074587568,0.005212023074587598
2023-07-20,-1,196.11,196.94,195.11,close,1.204819277108457,0.005099179032175827,0.0042323185967058485
2023-07-21,-1,195.94,196.62,194.44,close,2.2058823529411544,0.0076554047157293414,0.00347045013779732
2023-07-24,1,194.85,194.3,194.3,stop,-1.0,-0.002822684115986518,0.002822684115986569
2023-07-25,1,195.1,194.42,194.97,close,-0.19117647058822668,-0.0006663249615581623,0.003485392106612029
2023-07-26,1,195.6399,194.71,196.48,close,0.9034304763952846,0.004294113828518409,0.004753120401308749
2023-07-27,-1,197.245,197.9,193.92,close,5.076335877862612,0.01685720804076163,0.0033207432381049005
2023-07-28,-1,195.74,196.38,196.38,stop,-1.0,-0.003269643404516076,0.003269643404516125
2023-07-31,1,198.0,196.915,198.7,close,0.6451612903225654,0.0035353535353535026,0.00547979797979802
2023-08-02,1,195.89,195.02,195.02,stop,-1.0,-0.004441268058604231,0.004441268058604197
2023-08-03,1,194.33,193.6,193.6,stop,-1.0,-0.0037564966809037204,0.003756496680903711
2023-08-04,-1,194.72,195.43,195.43,stop,-1.0,-0.003646261298274389,0.0036462612982744863
2023-08-07,-1,194.27,195.06,194.34,close,-0.08860759493670112,-0.00036032326144019855,0.004066505379111505
2023-08-08,-1,191.03,192.15,192.15,stop,-1.0,-0.0058629534628069635,0.005862953462806912
2023-08-09,-1,191.8,192.88,191.565,close,0.21759259259260844,0.0012252346193952768,0.00563086548488
2023-08-10,1,192.65,192.07,192.07,stop,-1.0,-0.003010641058915242,0.0030106410589151957
2023-08-11,1,190.175,189.74,191.02,close,1.9425287356321712,0.004443275930064328,0.0022873668989089116
2023-08-14,-1,189.41,190.12,190.12,stop,-1.0,-0.00374848212871548,0.003748482128715527
2023-08-15,-1,189.06,189.64,188.18,close,1.5172413793103787,0.0046546070030677456,0.00306780916111279
2023-08-16,1,188.595,187.98,187.98,stop,-1.0,-0.0032609560168616047,0.003260956016861577
2023-08-17,-1,186.27,186.74,183.69,close,5.4893617021277,0.013850861652440094,0.002523218983196429
2023-08-18,1,183.44,181.94,184.69,close,0.8333333333333334,0.00681421718273012,0.008177060619276057
2023-08-21,-1,184.48,185.275,184.35,close,0.16352201257860735,0.0007046834345185715,0.004309410234171813
2023-08-22,1,185.39,184.97,184.97,stop,-1.0,-0.0022654943632341995,0.0022654943632341956
2023-08-23,1,184.17,183.425,185.74,close,2.107382550335667,0.00852473258402564,0.00404517565292923
2023-08-24,-1,184.98,185.62,185.62,stop,-1.0,-0.0034598334955131538,0.0034598334955131087
2023-08-25,-1,184.03,184.87,184.87,stop,-1.0,-0.004564473183719997,0.004564473183720064
2023-08-28,1,185.642,184.82,185.61,close,-0.0389294403892727,-0.00017237478587806,0.004427877312246166
2023-08-29,1,185.57,184.57,188.145,close,2.575000000000017,0.013876165328447598,0.005388802069299994
2023-08-30,-1,187.43,188.28,188.28,stop,-1.0,-0.004535026409859588,0.004535026409859651
2023-08-31,1,189.56,189.1,189.1,stop,-1.0,-0.0024266722937329455,0.002426672293732897
2023-09-01,-1,190.06,191.86,190.8,close,-0.4111111111111136,-0.003893507313480038,0.009470693465221568
2023-09-05,-1,188.98,189.9,186.84,close,2.326086956521684,0.011323949624298835,0.004868240025399598
2023-09-06,1,187.6,186.875,186.875,stop,-1.0,-0.0038646055437100424,0.003864605543709991
2023-09-07,-1,184.86,185.38,184.37,close,0.9423076923077428,0.0026506545493887312,0.002812939521800183
2023-09-08,-1,183.99,184.83,183.98,close,0.011904761904784865,5.4350779933765025e-05,0.004565465514430151
2023-09-11,1,185.59,185.105,185.105,stop,-1.0,-0.0026132873538445844,0.0026132873538445693
2023-09-12,1,184.3,183.74,184.22,close,-0.1428571428571646,-0.00043407487791646826,0.003038524145415096
2023-09-13,-1,184.37,184.88,182.98,close,2.725490196078509,0.007539187503389999,0.0027661767098768287
2023-09-14,-1,184.47,186.07,185.58,close,-0.693750000000011,-0.006017238575378281,0.008673497045590037
2023-09-15,-1,184.39,185.07,183.59,close,1.1764705882352573,0.004338630077552974,0.003687835565920098
2023-09-19,1,183.07,182.44,182.44,stop,-1.0,-0.0034413066040311913,0.0034413066040312203
2023-09-20,1,182.82,182.23,182.23,stop,-1.0,-0.0032272180286621044,0.003227218028662091
2023-09-21,1,178.52,177.91,177.91,stop,-1.0,-0.00341698409141844,0.0034169840914184046
2023-09-22,-1,177.52,178.37,176.63,close,1.0470588235294362,0.0050135196034249985,0.0047881928796754975
2023-09-25,1,175.99,175.54,177.49,close,3.333333333333207,0.008523211546110465,0.0025569634638332693
2023-09-26,1,176.29,175.37,175.37,stop,-1.0,-0.005218673776164251,0.005218673776164204
2023-09-27,1,176.29,175.36,175.36,stop,-1.0,-0.005275398491122463,0.00527539849112246
2023-09-28,1,176.74,175.98,175.98,stop,-1.0,-0.004300101844517457,0.004300101844517479
2023-10-02,1,176.68,175.92,175.92,stop,-1.0,-0.004301562146253213,0.004301562146253222
2023-10-04,-1,170.96,171.57,171.57,stop,-1.0,-0.0035680861020119803,0.00356808610201208
2023-10-05,1,171.66,170.51,170.51,stop,-1.0,-0.006699289292788069,0.0066992892927881026
2023-10-06,1,170.87,170.3,170.3,stop,-1.0,-0.003335869374378131,0.003335869374378142
2023-10-09,1,172.195,171.77,174.01,close,4.270588235294284,0.010540375736810104,0.0024681320595835127
2023-10-10,1,174.75,174.28,175.95,close,2.553191489361684,0.006866952789699399,0.002689556509298992
2023-10-11,1,176.78,176.11,176.11,stop,-1.0,-0.0037900214956442246,0.003790021495644233
2023-10-12,-1,174.58,175.88,171.77,close,2.1615384615384916,0.016095772711650858,0.007446442891510957
2023-10-13,-1,172.06,172.7,170.27,close,2.796875000000047,0.01040334766941764,0.003719632686272151
2023-10-16,-1,171.56,172.5,172.5,stop,-1.0,-0.0054791326649568095,0.005479132664956853
2023-10-17,1,173.26,171.9,174.98,close,1.264705882352954,0.009927276924852846,0.007849474777790518
2023-10-18,-1,172.79,173.66,171.29,close,1.7241379310344738,0.008681057931593239,0.005035013600324119
2023-10-19,-1,170.29,171.08,171.08,stop,-1.0,-0.004639144987961918,0.0046391449879618326
2023-10-20,-1,168.015,168.93,168.93,stop,-1.0,-0.005445942326578024,0.005445942326578106
2023-10-23,-1,165.39,165.98,165.98,stop,-1.0,-0.0035673257149766435,0.0035673257149767424
2023-10-24,1,167.11,166.44,166.44,stop,-1.0,-0.004009335168452033,0.004009335168452013
2023-10-25,-1,164.73,165.655,163.71,close,1.1027027027026695,0.006191950464396134,0.005615249195653563
2023-10-26,-1,164.15,164.91,164.91,stop,-1.0,-0.004629911666159003,0.004629911666158945
2023-10-27,-1,164.16,164.83,162.25,close,2.8507462686566436,0.011634990253411304,0.004081384015594639
2023-10-30,-1,163.69,164.81,163.14,close,0.4910714285714367,0.0033600097745739577,0.006842201722768676
2023-10-31,-1,163.27,164.02,164.02,stop,-1.0,-0.004593617933484451,0.004593617933484412
2023-11-01,-1,163.37,164.73,164.73,stop,-1.0,-0.008324661810613865,0.008324661810613853
2023-11-02,1,168.44,167.51,167.51,stop,-1.0,-0.005521253858940867,0.00552125385894091
2023-11-03,1,173.8299,172.78,174.42,close,0.56205352890749,0.0033946979202081895,0.006039812483353025
2023-11-06,-1,173.77,174.775,172.36,close,1.4029850746268686,0.008114173908039368,0.005783506934453561
2023-11-07,-1,171.005,171.64,171.64,stop,-1.0,-0.0037133417151544723,0.0037133417151544745
2023-11-08,-1,170.8,171.72,171.72,stop,-1.0,-0.005386416861826726,0.005386416861826625
2023-11-09,-1,170.22,171.03,171.03,stop,-1.0,-0.004758547761720244,0.00475854776172014
2023-11-10,-1,167.39,168.28,168.28,stop,-1.0,-0.005316924547464019,0.005316924547464095
2023-11-13,-1,167.84,168.62,168.62,stop,-1.0,-0.004647283126787416,0.004647283126787423
2023-11-14,1,175.05,174.22,178.43,close,4.072289156626439,0.0193087689231648,0.004741502427877821
2023-11-15,1,179.19,178.11,178.78,close,-0.3796296296296321,-0.0022880741112785152,0.006027122049221408
2023-11-16,-1,177.8,178.63,176.0,close,2.168674698795236,0.010123734533183382,0.004668166479190011
2023-11-17,1,177.86,177.105,178.33,close,0.6225165562913695,0.0026425278308781497,0.004244911728325783
2023-11-20,-1,177.99,178.8,178.8,stop,-1.0,-0.004550817461655088,0.0045508174616551616
2023-11-21,-1,177.95,178.505,177.03,close,1.6576576576576147,0.005169991570665888,0.003118853610564804
2023-11-22,1,178.56,177.53,177.53,stop,-1.0,-0.005768369175627286,0.005768369175627246
2023-11-27,-1,177.77,178.59,178.59,stop,-1.0,-0.004612701805704056,0.004612701805703961
2023-11-28,-1,177.54,178.6,178.6,stop,-1.0,-0.0059704855243889465,0.005970485524388883
2023-11-29,1,180.88,179.5,179.5,stop,-1.0,-0.007629367536488241,0.007629367536488255
2023-11-30,-1,179.38,180.41,180.41,stop,-1.0,-0.005742000222990207,0.0057420002229903065
2023-12-01,1,179.405,178.21,184.96,close,4.648535564853589,0.03096346255678495,0.0066609068866530655
2023-12-04,1,185.31,184.02,186.875,close,1.2131782945736491,0.00844530786250064,0.0069613080783551455
2023-12-05,-1,185.45,186.05,184.4,close,1.7499999999999052,0.005661903478026309,0.003235373416015221
2023-12-06,-1,185.385,186.65,186.65,stop,-1.0,-0.006823637295358287,0.006823637295358388
2023-12-07,-1,183.89,184.62,184.62,stop,-1.0,-0.003969764533144904,0.003969764533144914
2023-12-08,1,186.34,184.86,186.77,close,0.2905405405405472,0.002307609745626271,0.007942470752388053
2023-12-11,-1,186.02,187.62,187.16,close,-0.712499999999994,-0.006128373293194267,0.008601225674658607
2023-12-12,-1,185.84,186.98,186.98,stop,-1.0,-0.006134309083082101,0.006134309083082148
2023-12-13,-1,186.79,187.6,187.6,stop,-1.0,-0.004336420579260203,0.004336420579260144
2023-12-14,1,199.36,196.82,196.82,stop,-1.0,-0.012740770465489715,0.012740770465489668
2023-12-15,-1,198.6,199.35,199.35,stop,-1.0,-0.003776435045317328,0.0037764350453172208
2023-12-18,1,198.0,196.84,196.84,stop,-1.0,-0.005858585858585896,0.005858585858585842
2023-12-19,1,199.595,198.02,200.98,close,0.8793650793650799,0.0069390515794482965,0.00789097923294666
2023-12-20,1,199.96,198.98,198.98,stop,-1.0,-0.004900980196039351,0.004900980196039299
2023-12-21,1,199.42,198.45,198.45,stop,-1.0,-0.004864105907130711,0.004864105907130673
2023-12-22,1,201.77,200.33,200.33,stop,-1.0,-0.0071368389750705585,0.007136838975070613
2023-12-26,-1,201.93,202.61,202.61,stop,-1.0,-0.0033675035903530937,0.003367503590353126
2023-12-27,-1,204.16,204.89,204.89,stop,-1.0,-0.003575626959247513,0.003575626959247599
2023-12-28,1,204.4,203.44,203.44,stop,-1.0,-0.004696673189823919,0.004696673189823914
2023-12-29,1,203.875,202.94,202.94,stop,-1.0,-0.004586143470263648,0.004586143470263653
2024-01-02,1,200.41,198.74,198.74,stop,-1.0,-0.008332917519085825,0.008332917519085811
2024-01-03,-1,196.31,197.48,197.48,stop,-1.0,-0.005959961285721516,0.005959961285721499
2024-01-04,-1,194.01,195.33,195.33,stop,-1.0,-0.0068037730013918996,0.006803773001391793
2024-01-05,1,193.31,192.29,193.28,close,-0.02941176470588317,-0.0001551911437587261,0.005276498887796856
2024-01-09,-1,193.595,194.41,194.41,stop,-1.0,-0.004209819468478093,0.004209819468477997
2024-01-10,1,194.97,194.5,194.5,stop,-1.0,-0.002410627275991173,0.0024106272759911724
2024-01-11,1,194.59,193.59,193.59,stop,-1.0,-0.005139010226630325,0.005139010226630351
2024-01-12,-1,195.36,196.255,196.255,stop,-1.0,-0.0045812858312856974,0.004581285831285738
2024-01-16,-1,190.69,192.15,192.15,stop,-1.0,-0.007656405684619116,0.0076564056846190566
2024-01-17,1,188.625,187.525,189.46,close,0.7590909090909203,0.004426772697150527,0.00583167660702449
2024-01-18,-1,190.11,191.17,190.63,close,-0.490566037735844,-0.002735258534532603,0.0055757193203933185
2024-01-19,-1,190.05,191.38,191.38,stop,-1.0,-0.006998158379373676,0.006998158379373765
2024-01-22,1,195.09,194.09,196.6,close,1.509999999999991,0.007740017427853685,0.0051258393561945765
2024-01-23,-1,197.6,198.59,195.92,close,1.6969696969696884,0.008502024291498045,0.005010121457489925
2024-01-24,1,198.44,197.335,197.335,stop,-1.0,-0.005568433783511351,0.005568433783511338
2024-01-25,-1,196.54,197.6584,195.91,close,0.5633047210300347,0.0032054543604355112,0.005690444693192268
2024-01-26,1,197.82,196.55,196.55,stop,-1.0,-0.006419977757557316,0.006419977757557284
2024-01-29,-1,195.52,196.28,196.28,stop,-1.0,-0.003887070376431989,0.0038870703764320317
2024-01-30,-1,197.8496,198.56,198.56,stop,-1.0,-0.003590606197839241,0.00359060619783913
2024-01-31,1,197.22,195.97,195.97,stop,-1.0,-0.006338099584220713,0.006338099584220667
2024-02-01,1,195.255,194.07,194.07,stop,-1.0,-0.006068986709687363,0.006068986709687344
2024-02-02,-1,192.47,193.242,193.242,stop,-1.0,-0.00401101470359011,0.004011014703590125
2024-02-05,-1,191.62,192.6,192.6,stop,-1.0,-0.0051142886963782,0.005114288696378195
2024-02-06,1,192.12,191.02,193.61,close,1.3545454545454698,0.007755569435769383,0.005725588174057851
2024-02-07,-1,193.26,194.12,194.12,stop,-1.0,-0.004449963779364685,0.004449963779364657
2024-02-08,-1,193.08,193.73,193.73,stop,-1.0,-0.0033664802154547147,0.0033664802154546158
2024-02-09,1,197.11,196.48,196.48,stop,-1.0,-0.0031961848713917274,0.0031961848713917295
2024-02-12,1,201.4201,199.84,202.93,close,0.9555724321245668,0.007496272715583174,0.007844798011717736
2024-02-13,1,196.88,195.47,195.47,stop,-1.0,-0.007161722876879328,0.0071617228768793
2024-02-14,-1,196.93,197.98,197.98,stop,-1.0,-0.005331843802366176,0.005331843802366236
2024-02-15,1,202.145,200.72,204.38,close,1.568421052631556,0.011056419896608771,0.007049395236092959
2024-02-16,1,202.53,201.49,201.49,stop,-1.0,-0.005135041722213907,0.0051350417222139535
2024-02-20,-1,198.83,199.61,199.61,stop,-1.0,-0.0039229492531307475,0.00392294925313082
2024-02-21,1,198.03,197.38,197.38,stop,-1.0,-0.0032823309599555595,0.003282330959955591
2024-02-22,1,198.96,198.27,198.27,stop,-1.0,-0.003468033775633317,0.0034680337756332817
2024-02-23,-1,199.14,199.7,199.7,stop,-1.0,-0.0028120919955809676,0.00281209199558101
2024-02-26,1,199.95,199.15,201.2,close,1.5625000000000333,0.006251562890722706,0.00400100025006243
2024-02-27,-1,202.92,203.77,203.77,stop,-1.0,-0.004188842893751321,0.0041888428937513445
2024-02-28,1,202.68,201.87,202.395,close,-0.35185185185184664,-0.001406157489638793,0.00399644760213145
2024-02-29,1,205.55,204.89,204.89,stop,-1.0,-0.003210897591826911,0.0032108975918269276
2024-03-01,-1,204.12,204.81,204.81,stop,-1.0,-0.003380364491475607,0.0033803644914755914
2024-03-04,-1,206.9,207.67,207.67,stop,-1.0,-0.00372160463992266,0.00372160463992258
2024-03-05,1,204.86,204.09,204.09,stop,-1.0,-0.003758664453773375,0.0037586644537733584
2024-03-06,-1,205.49,206.08,205.19,close,0.5084745762712027,0.0014599250571804001,0.0028711859457881328
2024-03-07,1,207.37,206.425,206.425,stop,-1.0,-0.004557071900467724,0.00455707190046773
2024-03-08,1,209.66,208.45,208.45,stop,-1.0,-0.005771248688352659,0.005771248688352609
2024-03-11,-1,205.88,206.84,205.21,close,0.6979166666666479,0.00325432290654748,0.004662910433262133
2024-03-12,-1,204.29,205.27,205.27,stop,-1.0,-0.004797102158696109,0.004797102158696061
2024-03-13,1,206.14,204.83,204.83,stop,-1.0,-0.00635490443387976,0.006354904433879761
2024-03-14,-1,204.62,205.28,201.96,close,4.030303030303046,0.012999706773531461,0.003225491154334848
2024-03-15,1,202.5713,201.13,202.37,close,-0.13966557968500773,-0.000993724185015421,0.007115025672442307
2024-03-18,-1,202.43,203.18,201.2,close,1.6400000000000243,0.0060761744800672535,0.003704984439065356
2024-03-19,1,200.75,199.661,202.13,close,1.267217630853992,0.0068742216687422975,0.005424657534246568
2024-03-20,1,201.95,201.11,206.03,close,4.857142857143017,0.02020302054964107,0.004159445407278906
2024-03-21,1,207.55,206.84,207.92,close,0.5211267605633408,0.0017827029631412028,0.003420862442784909
2024-03-22,-1,207.48,208.24,205.13,close,3.0921052631578085,0.01132639290534021,0.0036630036630037562
2024-03-25,1,206.66,205.65,205.65,stop,-1.0,-0.004887254427562104,0.004887254427562136
2024-03-26,-1,206.78,207.635,205.14,close,1.9181286549708005,0.007931134539123752,0.0041348292871650535
2024-03-27,1,207.33,206.685,206.685,stop,-1.0,-0.003110982491679959,0.0031109824916799797
2024-03-28,1,210.53,209.84,210.31,close,-0.31884057971014435,-0.00104498171281997,0.003277442644753706
2024-04-01,-1,209.385,210.8,208.29,close,0.773851590105995,0.005229600974281823,0.006757886190510402
2024-04-02,-1,204.94,205.88,204.54,close,0.4255319148936241,0.0019517907680296487,0.004586708304869707
2024-04-03,1,204.29,203.28,205.78,close,1.4752475247524974,0.007293553282099019,0.004943952224778457
2024-04-04,-1,207.895,208.55,203.71,close,6.389312977099229,0.02013035426537435,0.0031506289232545327
2024-04-05,1,203.74,202.88,204.45,close,0.8255813953488004,0.0034848336114654543,0.004221066064592194
2024-04-08,-1,205.74,206.4197,205.6,close,0.20597322348097016,0.0006804704967435793,0.0033036842616894955
2024-04-09,1,206.825,205.909,205.909,stop,-1.0,-0.00442886498247308,0.00442886498247309
2024-04-10,1,201.38,199.925,199.925,stop,-1.0,-0.007225146489224232,0.007225146489224273
2024-04-11,-1,201.35,202.18,202.18,stop,-1.0,-0.004122175316612964,0.004122175316612926
2024-04-12,1,201.71,201.07,201.07,stop,-1.0,-0.0031728719448713694,0.003172871944871423
2024-04-15,1,199.91,199.175,199.175,stop,-1.0,-0.00367665449452248,0.0036766544945224613
2024-04-16,-1,193.68,194.51,194.51,stop,-1.0,-0.0042854192482444375,0.0042854192482444445
2024-04-17,1,196.49,195.91,195.91,stop,-1.0,-0.002951804163061844,0.002951804163061797
2024-04-18,-1,193.2,193.96,193.96,stop,-1.0,-0.00393374741200847,0.003933747412008382
2024-04-19,1,192.93,191.79,191.79,stop,-1.0,-0.005908878867983303,0.005908878867983283
2024-04-22,-1,193.31,194.6,194.6,stop,-1.0,-0.006673219181625223,0.006673219181625327
2024-04-23,1,195.68,195.13,198.52,close,5.163636363636263,0.01451349141455438,0.002810711365494743
2024-04-24,1,198.49,197.14,197.14,stop,-1.0,-0.00680135019396455,0.006801350193964546
2024-04-25,-1,194.85,195.68,195.68,stop,-1.0,-0.004259686938670848,0.004259686938670837
2024-04-26,1,197.08,196.42,198.4,close,1.9999999999999138,0.006697787700426172,0.0033488938502132383
2024-04-29,1,200.13,199.23,199.23,stop,-1.0,-0.004497076900014996,0.004497076900015019
2024-04-30,1,198.12,197.16,197.16,stop,-1.0,-0.0048455481526348265,0.004845548152634807
2024-05-01,1,196.65,195.73,195.73,stop,-1.0,-0.004678362573099504,0.004678362573099496
2024-05-02,-1,198.165,199.16,199.16,stop,-1.0,-0.005021068301667819,0.005021068301667825
2024-05-03,-1,202.75,204.0,204.0,stop,-1.0,-0.006165228113440113,0.006165228113440197
2024-05-06,-1,203.43,204.25,204.25,stop,-1.0,-0.0040308705697291725,0.004030870569729112
2024-05-07,1,205.07,204.5,204.91,close,-0.2807017543859623,-0.000780221387818747,0.002779538694104419
2024-05-08,1,203.13,202.555,203.82,close,1.2000000000000197,0.0033968394624133147,0.0028306995520109715
2024-05-09,-1,203.92,204.47,204.47,stop,-1.0,-0.0026971361318164355,0.0026971361318164546
2024-05-10,-1,206.21,206.62,204.3,close,4.658536585365884,0.009262402405314951,0.001988264390669689
2024-05-13,-1,205.95,206.43,206.43,stop,-1.0,-0.0023306627822288206,0.0023306627822287846
2024-05-14,-1,206.88,207.74,206.87,close,0.011627906976733425,4.833720030927857e-05,0.004156999226604861
2024-05-15,-1,209.09,209.77,209.34,close,-0.3676470588235257,-0.001195657372423442,0.0032521880529915673
2024-05-16,-1,208.73,209.35,208.0,close,1.1774193548386844,0.0034973410626166768,0.002970344464140299
2024-05-17,-1,207.71,208.51,208.51,stop,-1.0,-0.003851523759087039,0.0038515237590871065
2024-05-20,-1,207.92,208.54,208.54,stop,-1.0,-0.0029819161215851597,0.0029819161215852473
2024-05-21,1,208.16,207.59,208.34,close,0.3157894736842263,0.0008647194465796204,0.002738278247501889
2024-05-22,-1,207.221,207.7,207.7,stop,-1.0,-0.00231154178389259,0.002311541783892487
2024-05-23,-1,206.56,207.62,203.25,close,3.122641509433958,0.016024399690162672,0.00513168086754455
2024-05-24,-1,204.15,204.845,204.845,stop,-1.0,-0.0034043595395543136,0.003404359539554216
2024-05-28,-1,206.4,207.09,205.18,close,1.7681159420289896,0.005910852713178261,0.003343023255813942
2024-05-29,1,202.53,201.78,202.17,close,-0.4800000000000182,-0.001777514442304895,0.003703155088135091
2024-05-30,-1,203.26,203.9,203.9,stop,-1.0,-0.0031486765718784504,0.003148676571878455
2024-05-31,1,205.16,204.47,204.47,stop,-1.0,-0.0033632286995515237,0.0033632286995515584
2024-06-03,-1,206.82,207.555,204.66,close,2.9387755102040223,0.010443864229764954,0.0035538149115173275
2024-06-04,1,203.38,202.86,202.86,stop,-1.0,-0.002556790244861773,0.0025567902448617457
2024-06-05,-1,202.82,203.33,203.33,stop,-1.0,-0.002514544916675021,0.0025145449166749795
2024-06-06,-1,203.93,204.529,204.529,stop,-1.0,-0.002937282400823804,0.0029372824008237607
2024-06-07,-1,200.82,201.71,201.71,stop,-1.0,-0.004431829499053963,0.004431829499053953
2024-06-10,1,199.68,199.01,201.94,close,3.373134328358115,0.011318108974359031,0.0033553685897436693
2024-06-11,-1,198.98,199.64,199.64,stop,-1.0,-0.003316916272992243,0.0033169162729922434
2024-06-12,1,206.28,205.46,205.46,stop,-1.0,-0.003975179367849524,0.003975179367849492
2024-06-13,1,203.48,202.8841,202.8841,stop,-1.0,-0.0029285433457834076,0.002928543345783371
2024-06-14,1,199.83,199.23,199.23,stop,-1.0,-0.003002552169344086,0.003002552169344056
2024-06-17,1,198.42,197.86,197.86,stop,-1.0,-0.002822296139501912,0.002822296139501935
2024-06-18,1,200.46,200.03,200.78,close,0.7441860465116003,0.0015963284445774661,0.0021450663474010118
2024-06-20,1,200.32,199.64,199.64,stop,-1.0,-0.0033945686900959116,0.0033945686900958808
2024-06-21,-1,199.33,200.14,200.14,stop,-1.0,-0.004063613103898023,0.004063613103897927
2024-06-24,1,201.24,200.53,201.18,close,-0.08450704225352339,-0.00029815146094214207,0.003528125621148916
2024-06-25,-1,199.92,201.16,200.51,close,-0.47580645161290247,-0.002951180472188897,0.006202480992397005
2024-06-26,1,199.5,198.8101,200.07,close,0.8262066966226957,0.0028571428571428914,0.003458145363408493
2024-06-27,1,200.68,199.96,202.1,close,1.9722222222222079,0.007075941797887175,0.003587801474985045
2024-06-28,1,204.31,203.4,203.4,stop,-1.0,-0.00445401595614503,0.004454015956145057
2024-07-01,1,203.77,203.16,203.16,stop,-1.0,-0.0029935711831967637,0.0029935711831968084
2024-07-02,1,201.7,201.05,201.05,stop,-1.0,-0.0032226078334158803,0.0032226078334158517
2024-07-05,1,201.25,200.41,200.41,stop,-1.0,-0.00417391304347825,0.004173913043478278
2024-07-08,1,203.25,202.4,202.4,stop,-1.0,-0.0041820418204181475,0.004182041820418176
2024-07-09,1,201.92,201.17,201.17,stop,-1.0,-0.003714342313787644,0.003714342313787639
2024-07-10,-1,202.13,202.68,202.68,stop,-1.0,-0.0027210211250185967,0.002721021125018609
2024-07-11,-1,207.34,208.07,208.07,stop,-1.0,-0.00352078711295456,0.003520787112954518
2024-07-12,1,213.33,212.66,213.11,close,-0.3283582089552144,-0.0010312661135329915,0.0031406740730324655
2024-07-15,1,215.0501,214.42,214.42,stop,-1.0,-0.00293001491280398,0.002930014912804034
2024-07-16,1,219.75,219.02,224.56,close,6.589041095890506,0.021888509670079603,0.0033219567690556985
2024-07-17,1,224.0,222.34,222.34,stop,-1.0,-0.0074107142857142705,0.0074107142857142705
2024-07-18,1,222.31,221.16,221.16,stop,-1.0,-0.0051729566821105966,0.005172956682110592
2024-07-19,-1,216.69,217.93,217.93,stop,-1.0,-0.005722460658083017,0.005722460658083017
2024-07-22,1,217.96,217.29,217.29,stop,-1.0,-0.0030739585244999867,0.003073958524499981
2024-07-23,-1,219.05,219.77,219.77,stop,-1.0,-0.003286920794339121,0.0032869207943391865
2024-07-24,1,221.9,220.94,220.94,stop,-1.0,-0.004326273095989208,0.00432627309598922
2024-07-25,1,219.1,218.2,220.5,close,1.555555555555552,0.006389776357827559,0.004107713372889118
2024-07-26,1,224.32,223.18,223.18,stop,-1.0,-0.005082025677603408,0.005082025677603363
2024-07-29,-1,223.97,225.12,225.12,stop,-1.0,-0.005134616243246848,0.005134616243246889
2024-07-30,1,223.54,222.665,222.665,stop,-1.0,-0.0039142882705556215,0.003914288270555605
2024-07-31,-1,223.69,224.69,224.69,stop,-1.0,-0.00447047252894639,0.00447047252894631
2024-08-01,1,224.51,223.54,223.54,stop,-1.0,-0.004320520244087134,0.004320520244087118
2024-08-05,1,198.41,196.7,202.31,close,2.280701754385958,0.01965626732523562,0.00861851721183412
2024-08-06,-1,201.3,203.23,203.23,stop,-1.0,-0.009587680079483185,0.009587680079483251
2024-08-07,-1,206.49,207.96,202.05,close,3.020408163265307,0.021502251925032634,0.007118988813017574
2024-08-08,-1,203.33,204.46,204.46,stop,-1.0,-0.005557468155215739,0.005557468155215637
2024-08-09,-1,206.23,207.11,207.11,stop,-1.0,-0.004267080444164462,0.004267080444164398
2024-08-12,-1,205.84,206.98,204.62,close,1.070175438596503,0.005926933540614021,0.005538282160901605
2024-08-13,1,206.17,205.31,205.31,stop,-1.0,-0.00417131493427747,0.004171314934277467
2024-08-14,-1,207.78,208.75,206.66,close,1.154639175257738,0.005390316681105012,0.004668399268457016
2024-08-15,1,211.91,210.86,210.86,stop,-1.0,-0.004954933698268049,0.004954933698268053
2024-08-16,1,211.96,211.37,211.37,stop,-1.0,-0.0027835440649178755,0.002783544064917925
2024-08-19,-1,212.84,213.955,213.955,stop,-1.0,-0.00523867694042468,0.005238676940424775
2024-08-20,-1,214.51,214.95,212.75,close,4.0,0.008204745699501137,0.002051186424875287
2024-08-21,-1,213.705,214.62,214.62,stop,-1.0,-0.00428160314452164,0.004281603144521616
2024-08-23,1,215.54,214.98,214.98,stop,-1.0,-0.0025981256379326023,0.002598125637932645
2024-08-26,-1,221.07,222.24,222.24,stop,-1.0,-0.00529244130818296,0.005292441308183001
2024-08-27,-1,218.43,219.03,219.03,stop,-1.0,-0.002746875429199269,0.0027468754291992597
2024-08-28,-1,217.6474,218.18,218.18,stop,-1.0,-0.0024470772451221645,0.0024470772451221662
2024-08-29,-1,218.27,219.1,219.1,stop,-1.0,-0.003802629770467636,0.0038026297704676962
2024-08-30,1,220.48,219.44,219.44,stop,-1.0,-0.004716981132075415,0.004716981132075436
2024-09-03,1,219.33,218.09,218.09,stop,-1.0,-0.005653581361418913,0.005653581361418907
2024-09-04,1,212.81,212.17,212.17,stop,-1.0,-0.003007377472863171,0.003007377472863187
2024-09-05,-1,212.8,213.94,213.94,stop,-1.0,-0.005357142857142838,0.005357142857142793
2024-09-06,1,213.09,211.83,211.83,stop,-1.0,-0.005912994509362224,0.005912994509362199
2024-09-09,1,208.59,207.52,208.48,close,-0.10280373831777041,-0.0005273503044249672,0.005129680233951738
2024-09-10,-1,207.85,208.86,208.34,close,-0.48514851485148486,-0.002357469328843065,0.004859273514553858
2024-09-11,-1,206.4,207.49,207.49,stop,-1.0,-0.005281007751938072,0.0052810077519380005
2024-09-12,-1,209.825,210.88,210.88,stop,-1.0,-0.005027999523412374,0.0050279995234124
2024-09-13,1,215.06,213.94,216.86,close,1.6071428571428608,0.008369757277038925,0.005207848972379822
2024-09-16,-1,217.57,218.285,217.66,close,-0.12587412587413005,-0.0004136599715034439,0.003286298662499441
2024-09-17,-1,219.07,219.68,219.68,stop,-1.0,-0.002784498105628419,0.0027844981056284004
2024-09-18,1,219.8,219.0,219.0,stop,-1.0,-0.0036396724294813776,0.0036396724294813984
2024-09-19,-1,223.25,224.68,223.97,close,-0.5034965034965003,-0.0032250839865621828,0.006405375139977634
2024-09-20,-1,222.22,223.46,221.635,close,0.47177419354839006,0.00263252632526334,0.0055800558005580465
2024-09-23,-1,221.49,223.11,220.77,close,0.4444444444444425,0.003250711093051639,0.007314099959366132
2024-09-24,1,221.85,221.13,221.13,stop,-1.0,-0.0032454361054766734,0.003245436105476668
2024-09-25,-1,219.74,220.61,217.73,close,2.310344827586217,0.009147173932829822,0.003959224538090491
2024-09-26,1,220.52,219.7,219.7,stop,-1.0,-0.0037184835842555275,0.003718483584255494
2024-09-27,1,221.34,220.61,220.61,stop,-1.0,-0.00329809343092069,0.003298093430920709
2024-09-30,1,220.06,219.3,219.3,stop,-1.0,-0.0034536035626646644,0.0034536035626646865
2024-10-01,-1,218.8,220.34,217.87,close,0.6038961038961115,0.00425045703839122,0.007038391224862852
2024-10-02,1,217.24,216.67,216.67,stop,-1.0,-0.002623826183023481,0.0026238261830234836
2024-10-03,1,216.64,215.98,215.98,stop,-1.0,-0.0030465288035450566,0.0030465288035450362
2024-10-04,1,219.46,218.69,218.69,stop,-1.0,-0.0035086120477536564,0.0035086120477536235
2024-10-07,-1,217.84,218.66,217.45,close,0.47560975609758294,0.0017903048108703912,0.00376423062798381
2024-10-08,-1,216.84,217.67,217.67,stop,-1.0,-0.0038277070651171474,0.0038277070651170637
2024-10-09,1,217.55,216.92,218.1,close,0.8730158730158128,0.0025281544472535167,0.0028958860032177606
2024-10-10,-1,215.29,216.06,216.06,stop,-1.0,-0.0035765711366064767,0.0035765711366064854
2024-10-11,1,218.33,216.71,221.3,close,1.8333333333333275,0.013603261118490417,0.007419960610085671
2024-10-14,-1,220.6006,221.46,221.46,stop,-1.0,-0.003895728298109802,0.0038957282981098972
2024-10-15,-1,222.16,222.86,222.86,stop,-1.0,-0.0031508822470291964,0.003150882247029245
2024-10-17,-1,225.99,226.96,226.08,close,-0.0927835051546428,-0.00039824771007568316,0.004292225319704406
2024-10-18,-1,226.04,227.0299,225.65,close,0.39397918981713714,0.0017253583436559472,0.004379313395859166
2024-10-21,-1,225.28,225.69,222.09,close,7.780487804878108,0.01416015625,0.0018199573863636213
2024-10-22,-1,221.28,221.83,221.23,close,0.0909090909091097,0.00022595806218372871,0.0024855386840202972
2024-10-23,1,220.78,219.73,219.73,stop,-1.0,-0.004755865567533379,0.004755865567533342
2024-10-25,-1,220.91,221.7,221.7,stop,-1.0,-0.003576116970712029,0.003576116970712019
2024-10-28,1,221.67,220.48,222.49,close,0.6890756302521203,0.0036991924933460485,0.005368340325709378
2024-10-29,-1,220.0,220.87,220.87,stop,-1.0,-0.003954545454545544,0.003954545454545475
2024-10-30,1,221.65,220.9,221.49,close,-0.2133333333333288,-0.0007218587863748738,0.003383713061132416
2024-10-31,-1,220.77,221.77,217.71,close,3.0600000000000023,0.013860578883000407,0.004529600942156996
2024-11-01,1,219.88,219.13,219.13,stop,-1.0,-0.0034109514280517006,0.0034109514280516646
2024-11-04,-1,218.17,218.99,218.99,stop,-1.0,-0.0037585369207500108,0.003758536920749973
2024-11-05,1,219.91,219.06,224.26,close,5.1176470588235565,0.01978081942612886,0.0038652175890136614
2024-11-06,-1,234.39,236.75,236.75,stop,-1.0,-0.010068688937241443,0.010068688937241409
2024-11-07,1,237.25,236.11,236.11,stop,-1.0,-0.00480505795574282,0.00480505795574283
2024-11-08,1,236.28,235.65,238.12,close,2.920634920634947,0.007787370915862457,0.0026663280853224795
2024-11-11,1,241.48,240.29,240.29,stop,-1.0,-0.004927944343216861,0.0049279443432168205
2024-11-12,1,240.94,239.96,239.96,stop,-1.0,-0.00406740267286454,0.004067402672864571
2024-11-14,-1,235.77,236.43,231.97,close,5.757575757575805,0.016117402553335936,0.0027993383382109538
2024-11-15,-1,230.91,232.29,228.48,close,1.760869565217402,0.010523580615824368,0.0059763544238014615
2024-11-18,1,229.41,228.66,228.66,stop,-1.0,-0.0032692559173531643,0.0032692559173532103
2024-11-19,1,227.27,226.4,230.64,close,3.873563218390757,0.014828177938135179,0.0038280459365512584
2024-11-20,-1,230.18,230.62,230.62,stop,-1.0,-0.0019115474845772251,0.0019115474845772774
2024-11-21,-1,231.73,232.27,232.27,stop,-1.0,-0.0023302981918613686,0.002330298191861306
2024-11-22,1,236.26,235.33,238.74,close,2.6666666666667482,0.010496910183696029,0.0039363413188858816
2024-11-25,1,242.97,241.39,242.36,close,-0.3860759493670762,-0.0025105980162158925,0.006502860435444757
2024-11-26,1,241.29,240.53,240.53,stop,-1.0,-0.0031497368311989016,0.0031497368311989345
2024-11-27,1,243.56,241.88,241.88,stop,-1.0,-0.006897684348825761,0.006897684348825779
2024-12-02,-1,241.51,242.55,242.55,stop,-1.0,-0.004306239907250209,0.0043062399072503026
2024-12-03,-1,241.3801,242.14,240.09,close,1.6977233846558974,0.005344682515252885,0.0031481468439195593
2024-12-04,1,241.41,239.81,239.81,stop,-1.0,-0.0066277287602004575,0.006627728760200465
2024-12-05,-1,240.04,240.86,238.05,close,2.4268292682925954,0.008290284952507831,0.0034160973171139045
2024-12-06,-1,239.2,239.89,238.96,close,0.34782608695649486,0.0010033444816052173,0.0028846153846153752
2024-12-09,-1,240.4307,241.13,241.13,stop,-1.0,-0.002908530399819975,0.002908530399819964
2024-12-10,-1,236.81,237.6901,237.6901,stop,-1.0,-0.003716481567501262,0.0037164815675013673
2024-12-11,1,238.79,237.72,237.72,stop,-1.0,-0.004480924661836694,0.004480924661836732
2024-12-12,1,237.34,236.75,236.75,stop,-1.0,-0.002485885227943019,0.0024858852279430496
2024-12-13,1,234.5699,233.77,233.77,stop,-1.0,-0.003410070942605925,0.003410070942605934
2024-12-16,1,233.08,232.35,234.49,close,1.9315068493150156,0.00604942509009776,0.0031319718551571056
2024-12-17,1,233.3,232.2,232.2,stop,-1.0,-0.0047149592798971796,0.0047149592798972255
2024-12-18,1,232.62,231.78,231.78,stop,-1.0,-0.0036110394635027188,0.0036110394635027227
2024-12-19,1,224.35,223.0,223.0,stop,-1.0,-0.006017383552484934,0.006017383552484931
2024-12-20,1,220.15,218.07,222.035,close,0.9062499999999902,0.008562343856461485,0.009448103565750682
2024-12-23,-1,221.25,222.4,221.37,close,-0.10434782608695996,-0.0005423728813560569,0.005197740112994376
2024-12-26,-1,221.63,222.48,222.48,stop,-1.0,-0.0038352208636014407,0.0038352208636014723
2024-12-27,1,224.65,223.9,223.9,stop,-1.0,-0.0033385265969285705,0.0033385265969285553
2024-12-30,-1,219.73,220.68,220.68,stop,-1.0,-0.0043234879169891105,0.00432348791698911
2024-12-31,-1,221.72,222.24,222.24,stop,-1.0,-0.0023453003788562743,0.0023453003788562613
2025-01-02,1,222.97,221.61,221.61,stop,-1.0,-0.006099475265730736,0.00609947526573075
2025-01-03,1,222.78,222.01,222.01,stop,-1.0,-0.003456324625190854,0.0034563246251908173
2025-01-06,1,226.33,225.02,225.02,stop,-1.0,-0.005788008659921351,0.005788008659921363
2025-01-07,-1,225.43,226.46,226.46,stop,-1.0,-0.004569045823537232,0.004569045823537245
2025-01-08,1,220.92,220.21,220.21,stop,-1.0,-0.003213833061741722,0.0032138330617417147
2025-01-10,-1,217.13,218.31,218.31,stop,-1.0,-0.0054345323078339725,0.005434532307834048
2025-01-13,1,214.87,214.07,214.07,stop,-1.0,-0.003723181458556435,0.0037231814585563894
2025-01-14,1,219.67,218.91,218.91,stop,-1.0,-0.0034597350571311525,0.00345973505713111
2025-01-15,-1,224.83,225.575,224.09,close,0.9932885906040709,0.0032913757060890614,0.003313614731130081
2025-01-16,1,224.7099,223.7,223.7,stop,-1.0,-0.004494239016616608,0.004494239016616606
2025-01-17,-1,226.13,226.93,226.93,stop,-1.0,-0.003537787998054265,0.003537787998054267
2025-01-21,-1,227.38,228.18,228.18,stop,-1.0,-0.003518339343829835,0.0035183393438297625
2025-01-22,1,229.66,228.78,228.78,stop,-1.0,-0.003831751284507523,0.003831751284507513
2025-01-23,-1,226.66,227.63,227.63,stop,-1.0,-0.004279537633459896,0.004279537633459803
2025-01-24,-1,228.53,229.21,229.21,stop,-1.0,-0.0029755393165011856,0.0029755393165011457
2025-01-27,1,227.35,226.56,226.56,stop,-1.0,-0.0034748185616889637,0.0034748185616889906
2025-01-28,-1,226.25,227.21,227.21,stop,-1.0,-0.004243093922651875,0.004243093922651969
2025-01-29,-1,226.6,227.04,227.04,stop,-1.0,-0.001941747572815622,0.001941747572815524
2025-01-30,1,229.06,228.4848,228.4848,stop,-1.0,-0.0025111324543787283,0.002511132454378745
2025-01-31,1,228.96,228.27,228.27,stop,-1.0,-0.0030136268343815553,0.0030136268343815414
2025-02-03,-1,220.92,221.93,221.93,stop,-1.0,-0.004571790693463695,0.004571790693463785
2025-02-04,1,224.21,223.21,226.91,close,2.6999999999999886,0.012042281789393927,0.004460104366442175
2025-02-05,-1,227.73,228.36,228.36,stop,-1.0,-0.0027664339349229294,0.00276643393492304
2025-02-06,-1,230.03,230.7,228.67,close,2.029850746268715,0.005912272312307176,0.002912663565621821
2025-02-07,-1,228.53,228.98,228.98,stop,-1.0,-0.0019691069006257944,0.0019691069006256886
2025-02-10,-1,226.46,227.45,227.45,stop,-1.0,-0.004371632959462968,0.004371632959462955
2025-02-11,1,225.32,224.805,225.705,close,0.7475728155340379,0.0017086809870408004,0.00228563820344393
2025-02-12,1,222.5,221.79,223.67,close,1.6478873239436258,0.005258426966292085,0.003191011235955092
2025-02-13,-1,224.4,225.05,225.05,stop,-1.0,-0.002896613190730868,0.002896613190730863
2025-02-14,-1,227.02,227.7,227.7,stop,-1.0,-0.0029953308078582985,0.002995330807858243
2025-02-18,1,226.64,226.03,226.03,stop,-1.0,-0.0026914931168372513,0.0026914931168372097
2025-02-19,1,225.71,225.08,226.41,close,1.1111111111111012,0.00310132470869684,0.00279119223782728
2025-02-20,-1,225.81,226.19,224.29,close,4.000000000000075,0.006731322793498973,0.0016828306983747198
2025-02-21,-1,225.01,226.1,226.1,stop,-1.0,-0.004844229145371415,0.004844229145371332
2025-02-24,-1,218.02,218.79,216.22,close,2.3376623376624077,0.008256123291441209,0.0035317860746719647
2025-02-25,1,217.17,215.93,215.93,stop,-1.0,-0.005709812589215768,0.005709812589215733
2025-02-26,1,216.66,215.6538,215.6538,stop,-1.0,-0.004644142896704562,0.004644142896704546
2025-02-27,-1,215.25,216.08,216.08,stop,-1.0,-0.0038559814169569773,0.003855981416957085
2025-02-28,1,211.65,210.955,214.66,close,4.33093525179859,0.01422159225135844,0.003283723127805307
2025-03-03,1,215.92,215.06,215.06,stop,-1.0,-0.0039829566506113245,0.003982956650611269
2025-03-04,-1,204.6,205.93,205.93,stop,-1.0,-0.006500488758553358,0.006500488758553336
2025-03-06,-1,205.08,206.08,206.08,stop,-1.0,-0.0048761458942852,0.0048761458942851565
2025-03-10,1,204.27,203.0601,203.0601,stop,-1.0,-0.005923043031282105,0.005923043031282149
2025-03-12,-1,202.57,203.75,201.12,close,1.228813559322017,0.007158019450066555,0.005825146862812889
2025-03-13,1,201.47,200.785,200.785,stop,-1.0,-0.0034000099270362627,0.003400009927036295
2025-03-14,1,200.65,199.95,199.95,stop,-1.0,-0.0034886618489908816,0.0034886618489908647
2025-03-17,1,203.6,202.6,205.37,close,1.7700000000000102,0.008693516699410653,0.004911591355599214
2025-03-18,-1,202.77,203.92,203.25,close,-0.41739130434782545,-0.0023672140849237966,0.005671450411796505
2025-03-19,1,203.92,203.16,203.16,stop,-1.0,-0.003726951745782636,0.0037269517457826154
2025-03-20,1,205.125,204.195,205.09,close,-0.0376344086021466,-0.00017062766605724367,0.004533820840950673
2025-03-21,1,202.93,202.27,202.27,stop,-1.0,-0.0032523530281377555,0.0032523530281377646
2025-03-24,1,207.52,206.69,208.91,close,1.6746987951806813,0.00669814957594439,0.003999614494988495
2025-03-25,-1,208.5,209.27,207.74,close,0.9870129870129621,0.0036450839328536766,0.0036930455635492097
2025-03-26,1,208.54,207.96,207.96,stop,-1.0,-0.0027812410089190776,0.002781241008919076
2025-03-27,-1,204.58,205.39,205.39,stop,-1.0,-0.003959331312933578,0.003959331312933688
2025-03-28,-1,204.02,204.58,200.49,close,6.303571428571405,0.01730222527203218,0.0027448289383393896
2025-03-31,-1,196.91,197.74,197.74,stop,-1.0,-0.004215123660555653,0.004215123660555647
2025-04-01,-1,197.66,199.1,199.1,stop,-1.0,-0.007285237276130729,0.007285237276130718
2025-04-02,1,198.33,196.54,202.7,close,2.4413407821228637,0.022033983764432996,0.009025361770786167
2025-04-03,1,195.02,193.1,193.1,stop,-1.0,-0.009845144087785918,0.009845144087785949
2025-04-04,-1,182.41,183.71,183.71,stop,-1.0,-0.007126802258648146,0.007126802258648163
2025-04-07,-1,173.42,175.17,175.17,stop,-1.0,-0.010091108292007878,0.010091108292007843
2025-04-08,-1,183.9,185.92,174.83,close,4.490099009901027,0.04932028276237077,0.010984230560086905
2025-04-09,1,174.67,172.69,172.69,stop,-1.0,-0.011335661533176777,0.01133566153317679
2025-04-10,-1,184.12,185.48,181.81,close,1.698529411764726,0.012546165544210286,0.007386487073647541
2025-04-11,1,181.82,179.88,179.88,stop,-1.0,-0.010669893301066935,0.010669893301066977
2025-04-14,-1,186.06,187.97,186.56,close,-0.2617801047120423,-0.002687305170375076,0.010265505750833046
2025-04-15,1,187.36,186.27,186.27,stop,-1.0,-0.005817677198975302,0.005817677198975252
2025-04-16,1,186.42,185.44,185.44,stop,-1.0,-0.005256946679540797,0.005256946679540768
2025-04-17,1,186.42,184.91,184.91,stop,-1.0,-0.008099989271537322,0.00809998927153734
2025-04-21,-1,184.04,185.29,182.74,close,1.0399999999999863,0.007063681808302413,0.006792001738752445
2025-04-22,1,185.845,184.93,184.93,stop,-1.0,-0.004923457720143132,0.0049234577201430875
2025-04-23,1,193.9,192.68,192.68,stop,-1.0,-0.00629190304280558,0.0062919030428055635
2025-04-24,1,190.79,189.89,194.05,close,3.622222222222221,0.017086849415588024,0.004717228366266606
2025-04-25,1,193.0,192.21,192.21,stop,-1.0,-0.004093264248704598,0.004093264248704622
2025-04-28,1,195.71,194.44,194.44,stop,-1.0,-0.006489193194011644,0.0064891931940116
2025-04-29,-1,194.23,195.04,195.04,stop,-1.0,-0.004170313545796223,0.004170313545796233
2025-04-30,-1,191.9825,193.26,193.26,stop,-1.0,-0.0066542523407082665,0.0066542523407081555
2025-05-01,1,196.1,193.74,196.075,close,-0.010593220338985526,-0.0001274859765426628,0.012034676185619507
2025-05-02,1,199.38,198.18,200.44,close,0.8833333333333436,0.005316481091383274,0.006018657839301778
2025-05-05,1,199.16,198.08,198.99,close,-0.15740740740739814,-0.0008535850572403136,0.005422775657762523
2025-05-06,1,197.37,196.38,196.38,stop,-1.0,-0.005015959872321063,0.005015959872321067
2025-05-07,-1,197.59,198.35,198.35,stop,-1.0,-0.0038463484994180064,0.0038463484994179405
2025-05-08,-1,199.3,200.02,200.02,stop,-1.0,-0.00361264425489205,0.0036126442548921165
2025-05-09,1,202.0,201.48,201.48,stop,-1.0,-0.0025742574257425765,0.002574257425742625
2025-05-12,-1,208.24,209.73,207.91,close,0.22147651006712535,0.0015847099500576611,0.007155205532078278
2025-05-13,-1,208.6,209.43,209.43,stop,-1.0,-0.003978906999041243,0.003978906999041287
2025-05-14,-1,207.9,208.54,206.81,close,1.7031250000000417,0.005242905242905271,0.0030784030784030128
2025-05-15,-1,206.41,207.08,207.08,stop,-1.0,-0.003245966765176078,0.003245966765176183
2025-05-16,1,208.53,207.81,207.81,stop,-1.0,-0.0034527406128614935,0.003452740612861453
2025-05-19,1,207.32,206.26,208.97,close,1.5566037735849076,0.007958711171136335,0.005112868994790673
2025-05-20,-1,208.34,208.68,208.68,stop,-1.0,-0.0016319477776711722,0.001631947777671131
2025-05-21,1,207.37,206.49,206.49,stop,-1.0,-0.004243622510488487,0.004243622510488477
2025-05-22,-1,201.61,202.65,202.65,stop,-1.0,-0.005158474282029646,0.005158474282029622
2025-05-23,1,201.49,199.65,202.55,close,0.5760869565217392,0.005260806987939848,0.009131966846989942
2025-05-27,-1,204.32,205.82,205.82,stop,-1.0,-0.007341425215348529,0.007341425215348473
2025-05-28,-1,207.42,208.03,205.52,close,3.1147540983605486,0.009160158133256102,0.0029408928743612653
2025-05-29,-1,205.94,207.06,206.15,close,-0.18750000000000636,-0.0010197144799457547,0.005438477226376637
2025-05-30,-1,204.09,205.17,205.17,stop,-1.0,-0.005291783036895481,0.005291783036895409
2025-06-02,-1,205.15,205.815,205.815,stop,-1.0,-0.0032415305873749745,0.0032415305873750525
2025-06-03,1,206.61,205.55,209.06,close,2.3113207547169656,0.011858090121484866,0.005130438991336345
2025-06-04,1,209.98,208.95,208.95,stop,-1.0,-0.004905229069435135,0.00490522906943519
2025-06-05,-1,208.08,208.725,208.725,stop,-1.0,-0.003099769319492518,0.003099769319492415
2025-06-06,1,211.65,211.02,211.02,stop,-1.0,-0.0029766123316796733,0.002976612331679638
2025-06-09,-1,212.76,213.99,213.99,stop,-1.0,-0.005781161872532525,0.005781161872532517
2025-06-10,-1,214.14,214.64,214.64,stop,-1.0,-0.0023349210796674846,0.002334921079667507
2025-06-11,-1,214.64,215.5901,215.5901,stop,-1.0,-0.004426481550503292,0.004426481550503263
2025-06-12,-1,211.6301,212.19,212.19,stop,-1.0,-0.002645653902729306,0.0026456539027293327
2025-06-13,-1,209.54,210.92,210.92,stop,-1.0,-0.006585854729407314,0.006585854729407252
2025-06-16,-1,209.99,210.68,210.68,stop,-1.0,-0.003285870755750153,0.003285870755750263
2025-06-17,1,209.63,208.935,208.935,stop,-1.0,-0.0033153651671993245,0.003315365167199319
2025-06-18,1,208.66,207.78,209.62,close,1.0909090909091055,0.004600785967602938,0.004217387136969211
2025-06-20,-1,210.45,211.25,209.21,close,1.5499999999999539,0.0058921358992634065,0.003801377999524882
2025-06-23,1,208.55,207.6,207.6,stop,-1.0,-0.004555262526972026,0.00455526252697203
2025-06-24,1,213.44,212.83,212.83,stop,-1.0,-0.002857946026986413,0.0028579460269864375
2025-06-25,-1,213.85,214.73,212.03,close,2.068181818181821,0.008510638297872353,0.004115033902267923
2025-06-26,1,213.23,212.72,212.72,stop,-1.0,-0.0023917835201425763,0.0023917835201425265
2025-06-27,-1,215.33,216.12,216.12,stop,-1.0,-0.003668787442530075,0.0036687874425300328
2025-06-30,-1,215.93,216.71,215.81,close,0.15384615384615946,0.0005557356550733861,0.0036122817579771274
2025-07-01,1,214.78,214.1499,218.03,close,5.157911442628165,0.015131762733960441,0.0029336995995902725
2025-07-02,-1,217.605,218.38,218.38,stop,-1.0,-0.003561499046437433,0.0035614990464373783
2025-07-07,1,221.9,221.05,221.05,stop,-1.0,-0.0038305543037403522,0.0038305543037403978
2025-07-08,1,220.93,220.33,221.27,close,0.5666666666666778,0.0015389489883672614,0.0027157923324129555
2025-07-09,1,222.65,222.13,222.13,stop,-1.0,-0.0023355041545026767,0.0023355041545026285
2025-07-10,-1,223.02,223.465,223.465,stop,-1.0,-0.0019953367410994183,0.001995336741099422
2025-07-11,-1,222.985,223.54,221.7,close,2.3153153153154507,0.005762719465435051,0.002488956656277231
2025-07-14,1,221.75,221.06,223.21,close,2.115942028985526,0.006583990980834287,0.0031116121758737215
2025-07-15,-1,223.355,224.23,218.87,close,5.125714285714269,0.020080141478811653,0.0039175303888428735
2025-07-16,-1,219.99,220.67,220.67,stop,-1.0,-0.0030910495931633086,0.003091049593163227
2025-07-17,1,222.245,220.71,223.87,close,1.0586319218241065,0.007311750545569096,0.006906792053814469
2025-07-18,-1,224.4251,225.36,222.3,close,2.273077334474182,0.009469083449221927,0.004165755078197704
2025-07-21,-1,223.35,223.77,223.77,stop,-1.0,-0.0018804566823371616,0.0018804566823372104
2025-07-22,1,222.34,221.46,221.46,stop,-1.0,-0.00395790231177473,0.003957902311774739
2025-07-23,-1,224.445,225.125,225.125,stop,-1.0,-0.0030296954710509194,0.003029695471050845
2025-07-24,1,225.66,225.0279,225.0279,stop,-1.0,-0.002801116724275521,0.0028011167242754957
2025-07-25,-1,223.35,224.51,224.51,stop,-1.0,-0.005193642265502563,0.005193642265502559
2025-07-28,-1,224.63,225.44,224.16,close,0.5802469135802438,0.00209232960868988,0.00360592975114634
2025-07-29,-1,225.06,225.69,222.68,close,3.7777777777777977,0.010574957789034056,0.002799253532391342
2025-07-30,-1,223.325,223.92,223.92,stop,-1.0,-0.002664278517855223,0.002664278517855139
2025-07-31,1,220.84,220.12,220.12,stop,-1.0,-0.0032602789349754913,0.003260278934975543
2025-08-01,-1,215.19,216.31,216.31,stop,-1.0,-0.00520470282076313,0.005204702820763068
2025-08-04,1,216.84,216.08,219.69,close,3.7500000000000373,0.013143331488655097,0.003504888396974686
2025-08-05,1,220.56,219.9,219.9,stop,-1.0,-0.0029923830250271344,0.002992383025027188
2025-08-06,-1,220.07,220.99,220.58,close,-0.554347826086968,-0.0023174444494933333,0.004180488026537084
2025-08-07,-1,222.06,222.84,219.86,close,2.8205128205128016,0.009907232279564027,0.003512564171845452
2025-08-08,-1,220.66,221.23,221.23,stop,-1.0,-0.002583159612072894,0.0025831596120728414
2025-08-11,1,221.24,220.48,220.48,stop,-1.0,-0.0034351835111192663,0.003435183511119234
2025-08-12,1,222.32,221.15,226.78,close,3.8119658119658597,0.020061173083843142,0.005262684418855647
2025-08-13,1,228.35,227.83,231.25,close,5.576923076923283,0.012699802934092341,0.0022772060433544202
2025-08-14,1,228.7,228.03,228.03,stop,-1.0,-0.002929602098819317,0.0029296020988193597
2025-08-15,-1,228.45,228.78,227.13,close,3.9999999999998277,0.005778069599474689,0.0014445173998687351
2025-08-18,-1,227.18,227.63,227.63,stop,-1.0,-0.001980808169733228,0.001980808169733201
2025-08-19,1,228.09,227.765,227.765,stop,-1.0,-0.0014248761453813374,0.0014248761453812839
2025-08-20,-1,225.7,226.375,225.43,close,0.3999999999999663,0.0011962782454585374,0.0029906956136464837
2025-08-21,-1,224.07,224.76,224.76,stop,-1.0,-0.00307939483197206,0.0030793948319721414
2025-08-22,1,228.03,227.18,234.79,close,7.952941176470631,0.029645222119896397,0.0037275797044248314
2025-08-25,-1,233.75,234.27,234.27,stop,-1.0,-0.002224598930481436,0.0022245989304813273
2025-08-26,1,233.16,232.59,234.27,close,1.9473684210526787,0.004760679361811793,0.002444673185795133
2025-08-27,1,234.57,233.555,235.95,close,1.3596059113300631,0.005883105256426546,0.0043270665472992555
2025-08-28,-1,236.36,236.97,236.24,close,0.19672131147542204,0.0005077001184633501,0.0025808089355220222
2025-08-29,-1,236.46,237.02,235.19,close,2.267857142857152,0.005370887253658196,0.0023682652457075286
2025-09-02,1,232.41,231.47,233.91,close,1.5957446808510678,0.006454111268878293,0.004044576395163709
2025-09-03,1,234.3799,233.22,233.22,stop,-1.0,-0.004948803203687624,0.0049488032036876595
2025-09-04,1,234.25,233.58,236.58,close,3.477611940298591,0.00994663820704389,0.002860192102454589
2025-09-05,1,238.95,237.71,237.71,stop,-1.0,-0.0051893701611215315,0.005189370161121493
2025-09-08,-1,237.6,238.56,238.26,close,-0.6874999999999908,-0.002777777777777768,0.004040404040404074
2025-09-09,-1,237.3801,237.96,237.96,stop,-1.0,-0.0024429174981390744,0.002442917498139099
2025-09-10,1,237.92,236.9,236.9,stop,-1.0,-0.004287155346334837,0.004287155346334826
2025-09-11,1,237.4,236.24,240.76,close,2.8965517241379266,0.01415332771693345,0.004886267902274627
2025-09-15,-1,239.05,239.39,239.39,stop,-1.0,-0.0014222965906713902,0.0014222965906713029
2025-09-16,-1,238.23,238.93,238.27,close,-0.05714285714288499,-0.00016790496578944492,0.002938336901313928
2025-09-17,1,239.53,238.69,238.69,stop,-1.0,-0.0035068676157474776,0.0035068676157475197
2025-09-18,1,241.03,240.13,244.82,close,4.211111111111076,0.015724183711571138,0.003733975023855975
2025-09-19,-1,244.4,245.57,242.93,close,1.2564102564102688,0.006014729950900133,0.00478723404255314
2025-09-22,-1,241.57,242.2977,242.2977,stop,-1.0,-0.0030123773647390273,0.0030123773647389935
2025-09-23,1,245.72,244.82,244.82,stop,-1.0,-0.0036627055184763613,0.003662705518476338
2025-09-24,-1,243.55,244.61,241.61,close,1.8301886792452768,0.007965510162184386,0.0043522890576883685
2025-09-25,-1,238.82,239.36,239.36,stop,-1.0,-0.0022611171593669432,0.0022611171593669727
2025-09-26,1,240.36,239.4,239.4,stop,-1.0,-0.003994008986520248,0.003994008986520253
2025-09-29,-1,241.76,242.93,241.59,close,0.14529914529913263,0.000703176704169417,0.0048395102581072795
2025-09-30,1,241.81,241.07,241.07,stop,-1.0,-0.0030602539183657296,0.0030602539183656966
2025-10-01,1,241.63,240.55,242.53,close,0.8333333333333509,0.003724703058395118,0.004469643670074014
2025-10-02,-1,242.82,243.52,243.52,stop,-1.0,-0.0028827938390578733,0.0028827938390578087
2025-10-03,1,246.06,245.03,245.82,close,-0.23300970873787266,-0.0009753718605218786,0.004185970901406166
2025-10-06,-1,247.55,248.21,248.21,stop,-1.0,-0.002666128054938488,0.002666128054938382
2025-10-07,1,247.53,246.74,246.74,stop,-1.0,-0.0031915323395144135,0.00319153233951437
2025-10-08,-1,244.41,245.305,245.305,stop,-1.0,-0.00366187962849307,0.0036618796284931475
2025-10-09,1,246.62,245.74,245.74,stop,-1.0,-0.003568242640499486,0.0035682426404995355
2025-10-10,1,246.51,245.75,245.75,stop,-1.0,-0.0030830392276175456,0.003083039227617504
2025-10-13,1,242.7,241.59,241.59,stop,-1.0,-0.0045735475896167,0.00457354758961675
2025-10-14,-1,241.02,241.99,241.99,stop,-1.0,-0.004024562276989441,0.004024562276989456
2025-10-15,1,250.9,250.12,250.12,stop,-1.0,-0.0031088082901554737,0.003108808290155445
2025-10-16,-1,250.325,251.26,245.07,close,5.620320855614954,0.02099270947767895,0.0037351443123938973
2025-10-17,1,244.545,242.7,242.7,stop,-1.0,-0.0075446236888916385,0.007544623688891611
2025-10-20,1,247.155,246.14,248.13,close,0.9605911330049065,0.00394489288098554,0.0041067346402055985
2025-10-21,-1,246.32,247.46,247.46,stop,-1.0,-0.004628126014939893,0.004628126014939976
2025-10-22,-1,245.945,246.86,243.36,close,2.8251366120217725,0.010510479985362475,0.0037203439793450587
2025-10-23,1,244.55,243.86,243.86,stop,-1.0,-0.0028215088938867705,0.0028215088938867215
2025-10-24,1,249.85,248.97,249.45,close,-0.45454545454546336,-0.0016009605763458445,0.0035221132679607585
2025-10-27,1,251.79,250.6414,250.6414,stop,-1.0,-0.004561737956233269,0.00456173795623332
2025-10-28,-1,248.66,249.58,249.58,stop,-1.0,-0.0036998310946674273,0.0036998310946674815
2025-10-29,-1,248.08,248.85,248.85,stop,-1.0,-0.003103837471783333,0.003103837471783222
2025-10-30,1,245.71,244.86,244.86,stop,-1.0,-0.003459362663302268,0.0034593626633022435
2025-10-31,1,245.02,243.7,243.7,stop,-1.0,-0.005387315321198405,0.005387315321198357
2025-11-03,-1,244.385,246.26,245.42,close,-0.5519999999999982,-0.00423512081347055,0.00767232031425824
2025-11-04,-1,241.21,242.29,242.29,stop,-1.0,-0.004477426309025256,0.004477426309025264
2025-11-05,-1,241.88,242.53,242.53,stop,-1.0,-0.0026872829502233575,0.0026872829502232747
2025-11-06,-1,244.04,244.785,240.35,close,4.953020134228154,0.015120472053761658,0.0030527782330765636
2025-11-07,-1,237.94,238.74,238.74,stop,-1.0,-0.003362192149281462,0.0033621921492813793
2025-11-11,-1,243.02,244.155,244.155,stop,-1.0,-0.004670397498148349,0.004670397498148263
2025-11-12,1,245.86,244.64,244.64,stop,-1.0,-0.004962173594728836,0.004962173594728818
2025-11-13,-1,241.59,242.68,236.8,close,4.394495412844016,0.019826979593526195,0.004511776149675083
2025-11-14,1,234.45,233.27,237.5,close,2.5847457627119215,0.01300917039880578,0.005033056088718185
2025-11-17,1,236.75,236.0,236.0,stop,-1.0,-0.0031678986272439813,0.0031678986272439284
2025-11-18,1,232.82,231.17,231.17,stop,-1.0,-0.007087020015462575,0.007087020015462614
2025-11-19,1,234.25,233.44,233.44,stop,-1.0,-0.00345784418356454,0.0034578441835645774
2025-11-20,1,238.39,236.9929,236.9929,stop,-1.0,-0.0058605646209991535,0.005860564620999181
2025-11-21,1,230.92,229.58,235.61,close,3.500000000000085,0.02031006409146041,0.0058028754547028195
2025-11-24,1,236.795,235.48,239.895,close,2.357414448669223,0.013091492641314373,0.005553326717202634
2025-11-25,1,241.83,240.58,240.58,stop,-1.0,-0.005168920315924419,0.0051689203159244095
2025-11-26,1,245.565,244.77,247.32,close,2.20754716981135,0.007146783947223678,0.003237432044468827
2025-12-01,1,245.92,245.41,245.41,stop,-1.0,-0.002073845152895215,0.002073845152895214
2025-12-02,-1,246.81,247.37,245.18,close,2.9107142857142656,0.006604270491471165,0.0022689518252907185
2025-12-03,1,246.03,245.48,249.63,close,6.5454545454544,0.014632361907084501,0.0022354997358046227
2025-12-04,-1,248.91,249.79,249.79,stop,-1.0,-0.0035354144068135973,0.0035354144068136897
2025-12-05,-1,250.99,251.62,251.62,stop,-1.0,-0.0025100601617593643,0.0025100601617594146
2025-12-08,-1,251.99,252.77,250.895,close,1.4038461538461504,0.0043454105321639735,0.003095360927020918
2025-12-09,1,251.73,250.1,251.37,close,-0.220858895705513,-0.0014301036825169477,0.006475191673618542
2025-12-10,-1,250.75,251.32,251.32,stop,-1.0,-0.0022731804586240134,0.0022731804586241006
2025-12-11,1,255.36,254.57,254.57,stop,-1.0,-0.003093671679198051,0.003093671679198075
2025-12-12,-1,257.49,258.2,253.89,close,5.070422535211446,0.013981125480601264,0.0027573886364518213
2025-12-15,-1,254.802,255.685,251.93,close,3.252548131370276,0.011271497084010318,0.003465435907096529
2025-12-16,1,251.6,250.21,250.21,stop,-1.0,-0.005524642289348125,0.005524642289348117
2025-12-17,1,251.595,250.2448,250.2448,stop,-1.0,-0.005366561338659315,0.005366561338659357
2025-12-18,-1,250.07,251.355,248.71,close,1.0583657587548552,0.005438477226376581,0.005138561202863184
2025-12-19,1,250.725,249.06,250.77,close,0.027027027027036715,0.00017947950942276414,0.006640741848638916
2025-12-22,1,253.14,252.2,253.59,close,0.47872340425533844,0.0017776724342262185,0.0037133601959389974
2025-12-23,-1,252.17,253.22,252.07,close,0.0952380952380888,0.0003965578776221612,0.004163857715033554
2025-12-26,-1,251.59,252.75,251.39,close,0.1724137931034635,0.0007949441551731162,0.004610676100003961
2025-12-29,1,251.34,250.0806,250.0806,stop,-1.0,-0.005010742420625491,0.005010742420625445
2025-12-30,-1,249.415,250.15,248.04,close,1.870748299319693,0.005512900186436243,0.002946895736022347
2025-12-31,-1,247.74,248.28,246.19,close,2.8703703703704337,0.00625655929603619,0.0021797045289416003
2026-01-02,-1,246.52,248.075,248.075,stop,-1.0,-0.006307804640597103,0.0063078046405970235
2026-01-05,1,250.71,249.57,252.74,close,1.780701754385943,0.008097004507199523,0.004547086274979118
2026-01-06,1,252.32,251.52,251.52,stop,-1.0,-0.003170577045022105,0.0031705770450221266
2026-01-07,-1,255.64,256.795,255.47,close,0.1471861471861326,0.0006649976529493618,0.0045180722891567425
2026-01-08,1,256.1,254.36,258.28,close,1.2528735632183554,0.008512299882857954,0.006794221007419012
2026-01-09,1,260.725,259.485,259.485,stop,-1.0,-0.004755968932783627,0.004755968932783619
2026-01-12,1,259.29,258.24,261.5,close,2.1047619047618626,0.008523275097381156,0.004049519842647273
2026-01-13,-1,262.17,262.885,261.36,close,1.1328671328671758,0.003089598352214229,0.002727238051645783
2026-01-14,-1,260.57,261.51,261.51,stop,-1.0,-0.003607475918179448,0.0036074759181793674
2026-01-15,1,264.73,263.79,263.79,stop,-1.0,-0.0035507875949080114,0.0035507875949080106
2026-01-16,-1,265.28,266.1,266.1,stop,-1.0,-0.003091073582629944,0.0030910735826298634
2026-01-20,1,262.26,261.06,262.64,close,0.3166666666666659,0.0014489437962328378,0.004575611988103366
2026-01-22,1,270.58,269.68,269.68,stop,-1.0,-0.0033261881883360767,0.0033261881883360827
2026-01-23,-1,267.99,269.05,264.82,close,2.990566037735858,0.011828799582074057,0.003955371469084676
2026-01-26,1,265.29,264.37,264.37,stop,-1.0,-0.0034679030494930707,0.0034679030494930672
2026-01-27,-1,263.1,264.39,264.39,stop,-1.0,-0.00490307867730877,0.0049030786773088695
2026-01-28,-1,265.525,266.675,263.31,close,1.9260869565216603,0.00834196403351839,0.004331042274738854
2026-01-29,1,264.66,263.16,263.16,stop,-1.0,-0.005667649059170277,0.005667649059170256
2026-01-30,-1,260.84,262.98,259.64,close,0.5607476635513853,0.004600521392424395,0.008204263149823813
2026-02-02,1,260.22,258.35,262.15,close,1.032085561497297,0.00741680116824206,0.007186227038659613
2026-02-03,-1,262.98,264.39,264.39,stop,-1.0,-0.005361624458133596,0.005361624458133577
2026-02-05,1,260.0,258.49,258.49,stop,-1.0,-0.0058076923076922915,0.005807692307692272
2026-02-06,1,261.44,259.58,264.995,close,1.9112903225806348,0.013597766217870344,0.0071144430844553765
2026-02-09,-1,263.55,264.89,264.89,stop,-1.0,-0.005084424207929983,0.005084424207930089
2026-02-10,1,267.69,266.88,266.88,stop,-1.0,-0.003025888154208234,0.0030258881542082343
2026-02-11,-1,268.18,268.96,264.95,close,4.141025641025809,0.01204414945186072,0.0029084942948764737
2026-02-12,1,267.25,266.18,266.18,stop,-1.0,-0.004003741814780137,0.0040037418147801426
2026-02-13,-1,260.5,261.58,261.58,stop,-1.0,-0.0041458733205372855,0.004145873320537367
2026-02-17,-1,262.34,263.98,263.98,stop,-1.0,-0.0062514294427080674,0.006251429442708101
2026-02-18,1,263.715,261.85,264.0,close,0.15281501340484305,0.0010807121324156732,0.0070720285156322255
2026-02-19,-1,261.79,262.7998,262.7998,stop,-1.0,-0.003857290194430485,0.0038572901944305903
2026-02-20,1,263.68,262.65,262.65,stop,-1.0,-0.003906250000000111,0.003906250000000112
2026-02-23,1,263.85,262.715,262.715,stop,-1.0,-0.004301686564335938,0.004301686564335977
2026-02-24,1,260.72,259.86,263.32,close,3.023255813953401,0.009972384166922144,0.00329855783982822
2026-02-25,-1,264.41,265.2814,264.565,close,-0.17787468441585236,-0.0005862108089709217,0.003295639347982278
2026-02-26,1,265.31,264.16,264.16,stop,-1.0,-0.004334552033470218,0.004334552033470195
2026-02-27,-1,261.95,262.76,261.43,close,0.6419753086419511,0.001985111662530903,0.0030921931666348626
2026-03-02,1,259.45,257.79,263.82,close,2.632530120481981,0.016843322412796402,0.006398149932549502
2026-03-03,-1,255.95,257.12,257.12,stop,-1.0,-0.0045712053135378294,0.004571205313537862
2026-03-04,-1,260.425,262.02,262.02,stop,-1.0,-0.006124604012671453,0.006124604012671481
2026-03-05,1,259.65,258.345,258.345,stop,-1.0,-0.005025996533795318,0.005025996533795302
2026-03-06,-1,250.87,251.77,251.77,stop,-1.0,-0.003587515446247025,0.003587515446247083
2026-03-09,-1,247.11,247.83,247.83,stop,-1.0,-0.002913682165837095,0.002913682165837072
2026-03-10,-1,252.95,254.18,254.18,stop,-1.0,-0.004862621071358042,0.004862621071358048
2026-03-11,-1,251.89,252.89,252.89,stop,-1.0,-0.003969986899043265,0.003969986899043233
2026-03-12,1,249.05,247.945,247.945,stop,-1.0,-0.004436860068259496,0.004436860068259459
2026-03-16,1,250.2975,249.61,249.61,stop,-1.0,-0.0027467313896463175,0.002746731389646321
2026-03-17,1,251.01,249.76,249.76,stop,-1.0,-0.004979881279630338,0.004979881279630294
2026-03-18,-1,248.1,248.94,248.94,stop,-1.0,-0.0033857315598548876,0.003385731559854911
2026-03-19,1,243.5,242.52,247.62,close,4.20408163265311,0.01691991786447633,0.004024640657084147
2026-03-20,-1,245.67,247.5,242.23,close,1.8797814207650132,0.01400252371066879,0.00744901697398955
2026-03-23,-1,246.23,247.92,247.92,stop,-1.0,-0.006863501604191136,0.006863501604191195
2026-03-24,1,246.44,244.6,248.79,close,1.2771739130434727,0.009535789644538273,0.00746632040253207
2026-03-25,1,252.59,251.72,251.72,stop,-1.0,-0.003444316877152742,0.003444316877152716
2026-03-26,1,249.59,248.8,248.8,stop,-1.0,-0.0031651909130974154,0.003165190913097448
2026-03-27,1,246.4,245.35,245.35,stop,-1.0,-0.0042613636363636465,0.004261363636363682
2026-03-30,-1,244.24,245.37,239.6,close,4.106194690265516,0.018997707173272205,0.004626596790042562
2026-03-31,1,243.86,242.82,242.82,stop,-1.0,-0.004264742065119398,0.004264742065119414
2026-04-01,1,250.96,249.915,249.915,stop,-1.0,-0.004164010200828905,0.0041640102008288805
2026-04-02,1,245.43,244.87,251.03000000000003,target,10.0,0.022817096524467395,0.0022817096524467353
2026-04-06,1,251.875,250.82,250.82,stop,-1.0,-0.004188585607940443,0.004188585607940474
2026-04-07,-1,251.07,251.75,251.75,stop,-1.0,-0.0027084080137014244,0.0027084080137013853
2026-04-08,-1,261.35,262.27,260.44,close,0.9891304347826799,0.0034819207958677323,0.0035201836617561088
2026-04-09,1,259.86,258.78,261.94,close,1.9259259259258381,0.008004310013083993,0.004156084045255294
2026-04-10,-1,261.83,262.75,261.31,close,0.5652173913043183,0.001986021464308818,0.0035137302830081196
2026-04-13,-1,260.24,260.75,260.75,stop,-1.0,-0.0019597294804796217,0.0019597294804795224
2026-04-14,1,267.62,266.28,268.69,close,0.7985074626865432,0.00399820641207671,0.005007099618862685
2026-04-15,1,269.11,268.42,268.42,stop,-1.0,-0.0025640072832671112,0.002564007283267057
2026-04-16,1,270.15,269.36,269.36,stop,-1.0,-0.0029243013140846097,0.002924301314084633
2026-04-17,1,274.17,273.39,273.39,stop,-1.0,-0.002844950213371389,0.0028449502133713737
2026-04-20,1,275.37,274.53,277.35,close,2.3571428571427893,0.007190325743545056,0.0030504412245343786
2026-04-21,1,278.445,277.53,277.53,stop,-1.0,-0.003286106771534847,0.003286106771534847
2026-04-22,-1,277.04,278.01,276.48,close,0.5773195876288859,0.0020213687554143656,0.0035012994513426592
2026-04-23,-1,276.64,277.54,277.54,stop,-1.0,-0.00325332562174685,0.0032533256217467978
2026-04-24,-1,275.53,277.29,277.29,stop,-1.0,-0.006387689180851641,0.006387689180851624
2026-04-27,-1,276.82,278.24,277.11,close,-0.2042253521126882,-0.0010476121667510885,0.005129687161332331
2026-04-28,1,276.67,275.465,275.465,stop,-1.0,-0.004355369212419302,0.004355369212419275
2026-04-29,-1,273.425,274.38,272.07,close,1.4188481675393096,0.004955655115662538,0.0034927310962786285
2026-05-01,-1,277.46,278.8,278.8,stop,-1.0,-0.004829524976573296,0.004829524976573315
2026-05-04,1,279.11,278.17,278.17,stop,-1.0,-0.003367847801941881,0.0033678478019418786
2026-05-05,1,280.93,280.0,282.58,close,1.7741935483870592,0.005873349232904834,0.0033104332040010207
2026-05-06,1,285.5,284.69,284.69,stop,-1.0,-0.002837127845884413,0.002837127845884421
2026-05-07,-1,286.11,287.58,282.29,close,2.5986394557823607,0.013351508161196679,0.005137884030617491
2026-05-08,-1,283.3,284.18,284.18,stop,-1.0,-0.0031062477938581523,0.0031062477938580847
2026-05-11,-1,284.64,285.39,285.39,stop,-1.0,-0.0026349072512648064,0.0026349072512647557
2026-05-12,-1,282.28,284.06,282.57,close,-0.16292134831461552,-0.001027348731755806,0.006305795663879941
2026-05-13,-1,281.73,283.01,283.01,stop,-1.0,-0.004543357114968227,0.0045433571149681344
2026-05-14,-1,282.97,284.28,284.28,stop,-1.0,-0.004629466021132789,0.004629466021132789
2026-05-15,-1,278.47,280.33,277.62,close,0.4569892473118508,0.0030523934355586313,0.006679355047222166
2026-05-18,-1,277.52,279.08,275.99,close,0.9807692307692119,0.005513116171807386,0.005621216488901709
2026-05-19,-1,272.22,273.89,273.89,stop,-1.0,-0.006134743957093347,0.006134743957093377
2026-05-20,-1,273.64,275.19,275.19,stop,-1.0,-0.005664376553135453,0.005664376553135548
2026-05-21,1,278.74,277.15,282.505,close,2.3679245283018306,0.013507211021023036,0.005704240510870459
2026-05-22,-1,283.82,284.87,284.87,stop,-1.0,-0.0036995278697766754,0.0036995278697766593
2026-05-26,1,288.79,287.74,290.51,close,1.6380952380951923,0.005955884899061514,0.0036358599674504357
2026-05-27,-1,290.44,291.3,291.3,stop,-1.0,-0.002961024652251787,0.002961024652251803
2026-05-28,-1,288.72,289.88,289.88,stop,-1.0,-0.004017733444167337,0.004017733444167249
2026-05-29,-1,290.27,291.41,290.41,close,-0.1228070175438929,-0.00048230957384509665,0.003927377958452625
2026-06-01,1,288.45,287.3,287.3,stop,-1.0,-0.00398682613971213,0.0039868261397121765
2026-06-02,1,290.87,288.4,291.64,close,0.3117408906882483,0.002647230721628091,0.008491766081067238
2026-06-03,-1,288.87,290.01,287.65,close,1.0701754385965279,0.0042233530653927875,0.003946411880776773
2026-06-04,1,288.38,286.66,291.97,close,2.0872093023256357,0.012448852208891248,0.005964352590332098
2026-06-05,-1,288.31,289.395,281.68,close,6.110599078341125,0.022996080607679215,0.0037633103256910255
2026-06-08,-1,284.26,285.615,285.615,stop,-1.0,-0.004766762822767889,0.004766762822767953
2026-06-09,1,288.54,286.88,286.88,stop,-1.0,-0.005753101822970952,0.005753101822970905
2026-06-10,1,285.62,283.9,283.9,stop,-1.0,-0.006021987255794503,0.0060219872557945075
2026-06-11,1,285.02,284.07,290.38,close,5.642105263157976,0.018805697845765357,0.003333099431618794
2026-06-12,-1,291.45,292.38,292.38,stop,-1.0,-0.003190941842511563,0.0031909418425116035
2026-06-15,1,297.57,296.55,296.55,stop,-1.0,-0.0034277648956547724,0.003427764895654743
2026-06-16,1,296.68,295.29,295.29,stop,-1.0,-0.004685182688418443,0.004685182688418452
2026-06-17,1,293.33,292.39,292.39,stop,-1.0,-0.003204581870248524,0.003204581870248518
2026-06-18,-1,294.05,295.11,295.11,stop,-1.0,-0.0036048291106953734,0.0036048291106954675
2026-06-22,1,298.61,296.98,296.98,stop,-1.0,-0.005458624962325409,0.0054586249623254255
2026-06-23,1,294.57,292.4,295.31,close,0.3410138248847943,0.002512136334317905,0.007366670061445551
2026-06-24,1,296.88,295.32,295.32,stop,-1.0,-0.005254648342764789,0.005254648342764761
2026-06-25,1,300.04,299.391,299.391,stop,-1.0,-0.002163044927342983,0.002163044927343024
2026-06-26,1,297.09,295.73,297.61,close,0.38235294117651114,0.0017503113534620418,0.004577737385977168
2026-06-29,1,299.02,297.025,297.025,stop,-1.0,-0.006671794528794073,0.006671794528794076
2026-06-30,-1,297.67,299.05,299.05,stop,-1.0,-0.004636006315718699,0.004636006315718733
2026-07-01,-1,299.48,300.73,300.73,stop,-1.0,-0.004173901429143756,0.004173901429143849
2026-07-02,-1,300.445,301.35,301.35,stop,-1.0,-0.0030121985721180966,0.0030121985721181235
2026-07-06,1,299.14,297.62,298.88,close,-0.17105263157894343,-0.000869158253660518,0.005081232867553593
2026-07-07,-1,298.99,299.972,296.2,close,2.8411405295316734,0.009331415766413609,0.003284390782300314
2026-07-08,1,294.79,293.61,293.61,stop,-1.0,-0.0040028494860748776,0.004002849486074856
2026-07-09,1,295.74,294.99,294.99,stop,-1.0,-0.002536011361330859,0.0025360113613308987
2026-07-10,-1,296.45,298.21,295.96,close,0.2784090909090975,0.0016528925619835322,0.005936920222634478
2026-07-15,-1,295.14,296.09,296.09,stop,-1.0,-0.003218811411533462,0.003218811411533471
2026-07-16,1,295.82,294.61,294.61,stop,-1.0,-0.004090325197755318,0.004090325197755323
2026-07-17,1,292.62,291.64,294.09,close,1.499999999999942,0.005023580069714928,0.0033490533798100548
2026-07-20,-1,294.88,295.99,292.31,close,2.3153153153152806,0.008715409658165973,0.0037642430819316793
2026-07-21,1,294.47,293.24,293.24,stop,-1.0,-0.004176995958841356,0.004176995958841369
2026-07-22,-1,295.43,296.44,293.77,close,1.6435643564356832,0.005618928341739271,0.0034187455573231927
2026-07-23,1,292.18,290.34,290.34,stop,-1.0,-0.006297487849955652,0.0062974878499556155
2026-07-24,-1,292.35,293.51,293.51,stop,-1.0,-0.00396784675902162,0.003967846759021612
2026-07-27,1,294.55,293.5,293.5,stop,-1.0,-0.0035647598030894567,0.003564759803089497
2026-07-28,-1,292.37,293.29,293.29,stop,-1.0,-0.003146697677600452,0.0031466976776003555
2026-07-29,1,293.46,292.23,292.23,stop,-1.0,-0.0041913719075852285,0.004191371907585229
2026-07-30,-1,290.82,291.71,291.71,stop,-1.0,-0.0030603122206174227,0.0030603122206175172
2026-07-31,-1,293.17,293.95,291.19,close,2.5384615384616507,0.006753760616707072,0.0026605723641572217
2026-08-03,1,293.17,292.4,296.23,close,3.9740259740257775,0.010437630044001889,0.0026264624620528656
2026-08-04,1,298.22,297.47,297.47,stop,-1.0,-0.0025149218697605447,0.0025149218697605794
2026-08-05,-1,301.66,302.79,302.79,stop,-1.0,-0.003745939136776455,0.003745939136776488
2026-08-06,-1,298.8,299.9,299.9,stop,-1.0,-0.003681392235608927,0.003681392235608989
2026-08-10,1,301.15,300.22,300.22,stop,-1.0,-0.0030881620454921155,0.0030881620454921137
2026-08-12,-1,302.35,303.41,302.71,close,-0.3396226415093925,-0.0011906730610218297,0.0035058706796758797
2026-08-13,1,304.73,303.79,303.79,stop,-1.0,-0.0030846979293144283,0.0030846979293144674
2026-08-14,1,303.68,302.74,305.075,close,1.4840425531914736,0.004593651211801886,0.0030953635405690126
2026-08-17,-1,303.6,304.19,304.19,stop,-1.0,-0.0019433465085638701,0.0019433465085638172
2026-08-18,-1,302.01,303.15,300.26,close,1.535087719298264,0.005794510115559093,0.0037747094467070175
2026-08-19,-1,302.365,303.15,303.15,stop,-1.0,-0.0025961999570054406,0.0025961999570055004
2026-08-20,1,299.62,299.01,299.01,stop,-1.0,-0.0020359121553968906,0.0020359121553968815
2026-08-21,-1,299.225,300.07,300.07,stop,-1.0,-0.002823961901579075,0.00282396190157898
2026-08-24,-1,298.83,299.74,297.96,close,0.9560439560439348,0.0029113542816986415,0.0030452096509722085
2026-08-25,-1,299.04,299.78,299.25,close,-0.28378378378377445,-0.000702247191011196,0.002474585339753719
2026-08-26,1,298.84,298.13,298.92,close,0.11267605633808907,0.0002677017802170667,0.0023758532994243727
2026-08-27,1,299.2,298.33,298.33,stop,-1.0,-0.002907754010695207,0.0029077540106952023
2026-08-28,-1,299.68,300.39,295.76,close,5.521126760563562,0.013080619327282439,0.0023691938067271073
2026-08-31,-1,294.43,295.35,293.91,close,0.5652173913043183,0.0017661243759127254,0.003124681588153435
2026-09-01,-1,291.79,292.94,290.6,close,1.0347826086956706,0.004078275472086057,0.003941190582267991
2026-09-02,1,292.6,291.19,294.01,close,0.9999999999999597,0.004818865345181056,0.00481886534518122
2026-09-03,-1,295.21,296.18,295.18,close,0.030927835051517392,0.00010162257376100658,0.003285796551607423
2026-09-04,1,294.52,293.56,295.96,close,1.5000000000000295,0.004889311421974796,0.0032595409479830896
2026-09-08,-1,294.265,295.64,295.64,stop,-1.0,-0.004672658997842083,0.004672658997842081
2026-09-09,-1,293.27,294.155,290.67,close,2.9378531073446243,0.00886555051658866,0.0030176970027619293
2026-09-10,1,288.54,287.67,287.67,stop,-1.0,-0.0030151798710751354,0.003015179871075083
2026-09-11,-1,290.6,291.44,288.92,close,2.0000000000000675,0.00578114246386785,0.0028905712319338434
2026-09-14,1,288.039,287.36,287.36,stop,-1.0,-0.002357319668517044,0.002357319668517019
2026-09-15,-1,285.93,286.93,285.16,close,0.7699999999999818,0.0026929668100583726,0.0034973594935823454
2026-09-16,1,286.22,285.61,285.61,stop,-1.0,-0.0021312277269234237,0.0021312277269233933
2026-09-17,-1,287.19,288.29,285.4,close,1.6272727272727123,0.006232807549009456,0.0038302169295589077
2026-09-18,-1,284.06,285.27,284.09,close,-0.024793388429729935,-0.00010561149053001095,0.004259663451383439
2026-09-21,-1,285.16,286.35,286.35,stop,-1.0,-0.004173095805863447,0.004173095805863366
2026-09-22,1,287.89,286.86,286.86,stop,-1.0,-0.0035777553926845673,0.0035777553926846116
2026-09-23,-1,285.13,286.18,281.95,close,3.0285714285714023,0.01115280749131975,0.003682530775435806
2026-09-24,-1,280.87,281.73,281.73,stop,-1.0,-0.0030619147648378586,0.003061914764837874
2026-09-25,-1,281.82,282.37,282.37,stop,-1.0,-0.0019516003122561631,0.0019516003122560903
2026-09-28,-1,279.48,280.39,280.39,stop,-1.0,-0.0032560469443250195,0.003256046944325061
2026-09-29,-1,279.89,280.57,280.57,stop,-1.0,-0.0024295258851692036,0.002429525885169198
2026-09-30,-1,279.615,280.32,280.32,stop,-1.0,-0.002521323963306621,0.0025213239633066326
2026-10-01,-1,277.211,278.36,278.36,stop,-1.0,-0.004144857166562765,0.004144857166562658
2026-10-02,1,282.66,281.9,281.9,stop,-1.0,-0.0026887426590251895,0.0026887426590251457
