date,side,entry,stop,exit,how,R,ret,risk_pct
2021-10-06,1,355.09,353.83,353.83,stop,-1.0,-0.003548396181249802,0.0035483961812497987
2021-10-07,1,364.13,362.25,362.93,close,-0.638297872340421,-0.00329552632301644,0.005162991239392512
2021-10-08,-1,362.53,364.3166,361.1,close,0.8004030001119069,0.0039445011447326594,0.004928143877748107
2021-10-11,1,360.52,358.94,358.94,stop,-1.0,-0.004382558526572655,0.004382558526572685
2021-10-12,-1,358.5,360.33,357.15,close,0.7377049180328057,0.003765690376569153,0.005104602510460207
2021-10-13,1,360.0,358.82,358.82,stop,-1.0,-0.003277777777777824,0.0032777777777777965
2021-10-14,-1,363.08,363.86,363.86,stop,-1.0,-0.0021482868789248766,0.0021482868789248362
2021-10-15,-1,366.91,368.16,368.16,stop,-1.0,-0.003406830012809614,0.0034068300128096804
2021-10-18,-1,367.2,367.96,367.96,stop,-1.0,-0.002069716775599195,0.0020697167755991037
2021-10-20,-1,375.67,376.16,376.16,stop,-1.0,-0.0013043362525622104,0.0013043362525621133
2021-10-21,1,374.62,373.85,377.28,close,3.454545454545495,0.00710052853558274,0.0020554161550370557
2021-10-22,1,376.34,375.55,375.55,stop,-1.0,-0.0020991656480841003,0.0020991656480840826
2021-10-25,-1,375.28,376.24,376.24,stop,-1.0,-0.002558089959497023,0.002558089959497006
2021-10-26,1,381.08,379.7905,379.7905,stop,-1.0,-0.003383803925684825,0.003383803925684831
2021-10-27,-1,379.49,380.31,380.31,stop,-1.0,-0.002160794750849737,0.0021607947508498065
2021-10-28,-1,381.61,382.41,382.41,stop,-1.0,-0.002096381122087987,0.0020963811220880255
2021-10-29,1,381.6,380.7,386.08,close,4.977777777777546,0.011740041928721023,0.002358490566037825
2021-11-01,-1,385.91,386.83,386.83,stop,-1.0,-0.0023839755383379124,0.0023839755383378482
2021-11-02,1,387.33,386.75,389.11,close,3.0689655172415145,0.004595564505718741,0.0014974311310768185
2021-11-03,-1,388.8492,389.95,389.95,stop,-1.0,-0.0028309174867788833,0.002830917486778917
2021-11-04,1,394.51,393.92,398.26,close,6.3559322033901,0.009505462472434223,0.001495526095662911
2021-11-05,1,400.48,399.56,399.56,stop,-1.0,-0.0022972433080303833,0.0022972433080304033
2021-11-08,1,399.18,398.14,398.14,stop,-1.0,-0.0026053409489453783,0.002605340948945389
2021-11-09,-1,398.84,399.57,395.29,close,4.8630136986299535,0.008900812355831844,0.001830307892889425
2021-11-10,1,392.65,391.03,391.03,stop,-1.0,-0.0041258117916719295,0.004125811791671984
2021-11-11,-1,391.9,392.75,390.62,close,1.505882352941104,0.0032661393212553014,0.002168920643021237
2021-11-12,-1,391.265,391.96,391.96,stop,-1.0,-0.001776289726911351,0.001776289726911411
2021-11-15,1,396.07,395.25,395.25,stop,-1.0,-0.0020703411013204276,0.0020703411013204566
2021-11-16,1,394.964,393.66,397.5,close,1.94478527607366,0.006420838354888048,0.003301566725068547
2021-11-17,-1,397.19,397.92,397.92,stop,-1.0,-0.0018379113270727832,0.0018379113270727313
2021-11-18,1,399.81,398.65,398.65,stop,-1.0,-0.002901378154623546,0.0029013781546235085
2021-11-19,1,403.64,402.58,403.97,close,0.3113207547170191,0.0008175602021605055,0.002626102467545343
2021-11-22,1,406.63,405.57,405.57,stop,-1.0,-0.0026067924157096023,0.0026067924157096188
2021-11-24,-1,393.37,395.12,395.12,stop,-1.0,-0.004448737829524374,0.004448737829524366
2021-11-29,-1,395.37,396.88,396.88,stop,-1.0,-0.003819207324784246,0.0038192073247843563
2021-11-30,-1,398.0117,399.14,399.14,stop,-1.0,-0.0028348412873289153,0.0028348412873289088
2021-12-01,-1,396.94,398.66,398.66,stop,-1.0,-0.004333148586688207,0.004333148586688233
2021-12-02,1,387.03,385.0,385.0,stop,-1.0,-0.005245071441490223,0.005245071441490254
2021-12-03,-1,390.43,392.34,383.21,close,3.780104712041962,0.01849243142176582,0.004892042107419943
2021-12-06,-1,380.92,384.25,384.25,stop,-1.0,-0.008741993069410814,0.008741993069410857
2021-12-07,1,393.99,392.99,397.95,close,3.9599999999999795,0.010051016523261902,0.002538135485672225
2021-12-08,-1,396.27,398.21,398.21,stop,-1.0,-0.0048956519544753885,0.004895651954475479
2021-12-09,1,399.65,398.3,398.3,stop,-1.0,-0.003377955711247216,0.003377955711247256
2021-12-10,1,397.869,396.36,396.36,stop,-1.0,-0.003792705639293348,0.0037927056392933717
2021-12-13,-1,396.92,398.325,392.24,close,3.3309608540925963,0.011790789075884378,0.003539756122140413
2021-12-14,1,388.5,386.65,386.65,stop,-1.0,-0.004761904761904856,0.0047619047619048204
2021-12-15,-1,386.93,388.44,388.44,stop,-1.0,-0.0039025146667355237,0.003902514666735562
2021-12-17,-1,382.71,385.14,385.14,stop,-1.0,-0.006349455201066112,0.0063494552010661
2021-12-20,1,380.2,378.69,378.69,stop,-1.0,-0.003971593897948433,0.003971593897948425
2021-12-21,-1,383.78,384.9299,384.9299,stop,-1.0,-0.0029962478503309242,0.002996247850330925
2021-12-22,1,389.13,388.23,393.92,close,5.322222222222379,0.012309510960347492,0.00231285174620301
2021-12-23,1,395.17,394.14,397.0,close,1.776699029126147,0.004630918338942802,0.002606473163448717
2021-12-27,1,399.92,398.2194,403.41,close,2.052216864636006,0.008726745349069809,0.00425235047009404
2021-12-28,-1,403.32,404.58,401.71,close,1.2777777777777979,0.003991867499752111,0.0031240702171972403
2021-12-29,-1,401.72,402.95,402.95,stop,-1.0,-0.0030618341133126226,0.0030618341133126586
2021-12-30,1,402.14,401.01,401.01,stop,-1.0,-0.0028099666782712696,0.0028099666782712375
2021-12-31,1,400.9319,399.655,399.655,stop,-1.0,-0.003184830141976791,0.0031848301419767594
2022-01-03,1,400.68,399.0,399.0,stop,-1.0,-0.004192872117400381,0.004192872117400436
2022-01-04,-1,401.26,402.28,396.49,close,4.67647058823536,0.011887554204256578,0.002541992722922748
2022-01-05,-1,392.65,395.14,395.14,stop,-1.0,-0.00634152553164391,0.006341525531643981
2022-01-06,1,384.97,381.94,381.94,stop,-1.0,-0.007870743174792971,0.007870743174792917
2022-01-07,-1,382.68,384.94,384.94,stop,-1.0,-0.005905717570816371,0.005905717570816324
2022-01-10,-1,373.05,375.71,375.71,stop,-1.0,-0.00713041147299287,0.007130411472992811
2022-01-11,1,379.68,377.96,377.96,stop,-1.0,-0.004530130636325347,0.004530130636325398
2022-01-12,-1,388.16,389.75,389.75,stop,-1.0,-0.004096248969497118,0.00409624896949705
2022-01-14,1,376.74,374.86,380.06,close,1.7659574468085113,0.008812443595052288,0.004990178903222369
2022-01-18,-1,372.75,374.69,374.69,stop,-1.0,-0.005204560697518401,0.0052045606975184375
2022-01-20,1,370.99,369.53,369.53,stop,-1.0,-0.003935416048950202,0.003935416048950205
2022-01-21,-1,358.53,361.24,361.24,stop,-1.0,-0.0075586422335649495,0.0075586422335649365
2022-01-24,1,346.79,344.69,344.69,stop,-1.0,-0.006055537933619792,0.006055537933619835
2022-01-25,1,347.79,345.8,345.8,stop,-1.0,-0.005721843641277813,0.0057218436412778085
2022-01-26,-1,351.26,353.47,353.47,stop,-1.0,-0.006291635825314668,0.006291635825314686
2022-01-27,-1,348.03,349.77,349.77,stop,-1.0,-0.004999569002672288,0.00499956900267221
2022-01-28,-1,340.56,343.84,343.84,stop,-1.0,-0.009631195677707316,0.009631195677707226
2022-01-31,1,354.29,351.52,363.28,close,3.245487364620876,0.02537469304806783,0.007818453809026613
2022-02-01,-1,362.49,364.63,364.63,stop,-1.0,-0.005903611134100206,0.005903611134100213
2022-02-02,1,369.93,367.95,367.95,stop,-1.0,-0.00535236396074934,0.00535236396074938
2022-02-03,1,359.52,357.89,357.89,stop,-1.0,-0.004533822874944304,0.004533822874944358
2022-02-04,-1,352.48,355.1744,355.1744,stop,-1.0,-0.007644121652292224,0.007644121652292253
2022-02-07,1,359.07,357.74,357.74,stop,-1.0,-0.003704013145069185,0.0037040131450691623
2022-02-08,1,355.13,353.59,353.59,stop,-1.0,-0.004336440176836764,0.004336440176836709
2022-02-09,1,364.15,362.99,362.99,stop,-1.0,-0.0031855004805710907,0.003185500480571106
2022-02-10,1,360.75,359.32,359.32,stop,-1.0,-0.0039639639639640345,0.0039639639639639825
2022-02-11,-1,358.41,359.7,359.7,stop,-1.0,-0.0035992299322005206,0.0035992299322004507
2022-02-14,1,347.76,345.81,345.81,stop,-1.0,-0.005607315389924095,0.005607315389924053
2022-02-15,1,353.75,352.25,352.25,stop,-1.0,-0.004240282685512353,0.004240282685512367
2022-02-16,-1,352.82,353.95,353.95,stop,-1.0,-0.0032027662830904635,0.003202766283090515
2022-02-17,1,353.21,352.36,352.36,stop,-1.0,-0.0024065003822087982,0.002406500382208788
2022-02-18,-1,345.07,346.73,346.73,stop,-1.0,-0.004810618135450806,0.004810618135450851
2022-02-22,-1,338.21,339.79,339.79,stop,-1.0,-0.004671653706277201,0.004671653706277286
2022-02-24,1,322.29,318.26,340.65,close,4.55583126550864,0.05696732756213341,0.012504266343976013
2022-02-28,1,344.08,342.28,342.28,stop,-1.0,-0.005231341548477153,0.005231341548477131
2022-03-01,1,346.8,345.18,345.18,stop,-1.0,-0.004671280276816625,0.004671280276816622
2022-03-02,-1,341.98,343.58,343.58,stop,-1.0,-0.004678636177554152,0.004678636177554143
2022-03-03,-1,348.77,350.04,342.26,close,5.125984251968341,0.018665596238208515,0.003641368236947096
2022-03-04,1,340.99,339.83,339.83,stop,-1.0,-0.003401859292061382,0.0034018592920614242
2022-03-07,-1,336.75,338.48,324.83,close,6.890173410404561,0.03539717891610994,0.005137342242019356
2022-03-09,-1,330.4,332.1399,332.1399,stop,-1.0,-0.005266041162227619,0.005266041162227707
2022-03-10,-1,329.18,331.15,331.15,stop,-1.0,-0.005984567713712696,0.005984567713712773
2022-03-11,-1,333.19,334.64,324.339,close,6.10413793103453,0.026564422701761736,0.00435187130466097
2022-03-14,-1,322.44,324.08,324.08,stop,-1.0,-0.0050862175908694685,0.005086217590869577
2022-03-15,-1,320.8,322.17,322.17,stop,-1.0,-0.004270573566084845,0.004270573566084802
2022-03-16,1,333.09,332.01,332.01,stop,-1.0,-0.0032423669278572875,0.0032423669278572884
2022-03-17,1,338.7471,337.0406,344.36,close,3.2891297978318232,0.016569588344815367,0.005037681503398865
2022-03-18,1,343.2385,341.55,351.49,close,4.886881847793981,0.02404013535777616,0.0049193199480826785
2022-03-21,1,351.025,349.86,349.86,stop,-1.0,-0.0033188519336229128,0.003318851933622858
2022-03-22,1,351.61,350.2,356.96,close,3.79432624113466,0.015215721964676687,0.0040101248542419865
2022-03-23,-1,353.0,354.34,354.34,stop,-1.0,-0.003796033994334147,0.003796033994334207
2022-03-24,-1,352.92,353.89,353.89,stop,-1.0,-0.0027484982432277594,0.002748498243227843
2022-03-25,-1,359.09,360.18,360.18,stop,-1.0,-0.0030354507226602045,0.0030354507226601464
2022-03-28,1,360.865,359.26,359.26,stop,-1.0,-0.004447646626854929,0.0044476466268549685
2022-03-29,-1,368.63,370.72,370.72,stop,-1.0,-0.005669641646095069,0.005669641646095087
2022-03-31,-1,365.98,367.46,367.46,stop,-1.0,-0.004043936827148986,0.0040439368271489185
2022-04-01,-1,362.47,363.61,361.89,close,0.5087719298246034,0.0016001324247525428,0.003145087869340873
2022-04-04,1,363.33,362.44,369.27,close,6.674157303370886,0.016348773841961872,0.002449563757465627
2022-04-05,-1,367.6,368.54,361.13,close,6.882978723404301,0.017600652883569157,0.0025571273122959675
2022-04-06,-1,355.37,356.61,356.61,stop,-1.0,-0.0034893209893913646,0.003489320989391364
2022-04-07,1,354.1,352.09,352.09,stop,-1.0,-0.005676362609432495,0.005676362609432498
2022-04-08,-1,350.77,352.54,352.54,stop,-1.0,-0.005046041565698323,0.005046041565698431
2022-04-11,-1,343.75,345.27,345.27,stop,-1.0,-0.004421818181818082,0.004421818181818129
2022-04-12,-1,344.27,345.82,345.82,stop,-1.0,-0.004502280187062446,0.004502280187062513
2022-04-13,1,340.15,339.06,346.36,close,5.697247706422182,0.0182566514772895,0.0032044686167866385
2022-04-18,1,339.31,337.31,337.31,stop,-1.0,-0.00589431493324688,0.005894314933246884
2022-04-19,-1,337.47,339.2,339.2,stop,-1.0,-0.005126381604290575,0.005126381604290637
2022-04-20,-1,346.01,347.56,341.05,close,3.1999999999999633,0.0143348458137047,0.004479639316782785
2022-04-21,1,347.49,344.983,344.983,stop,-1.0,-0.00721459610348496,0.007214596103485006
2022-04-22,-1,333.85,335.56,325.4,close,4.941520467836343,0.025310768309121046,0.005122060805751024
2022-04-25,1,324.5,323.06,323.06,stop,-1.0,-0.004437596302003022,0.004437596302003075
2022-04-26,-1,325.66,327.66,316.91,close,4.375,0.02686851317324812,0.006141374439599582
2022-04-27,1,319.55,316.94,316.94,stop,-1.0,-0.00816773587857933,0.008167735878579295
2022-04-28,-1,321.47,323.505,323.505,stop,-1.0,-0.006330295206395498,0.00633029520639552
2022-04-29,1,325.31,322.21,322.21,stop,-1.0,-0.00952937198364645,0.009529371983646439
2022-05-02,-1,312.1,314.01,314.01,stop,-1.0,-0.006119833386734941,0.006119833386734918
2022-05-03,-1,316.79,318.67,318.67,stop,-1.0,-0.0059345307617033605,0.0059345307617033214
2022-05-04,-1,318.32,319.47,319.47,stop,-1.0,-0.0036127167630057855,0.0036127167630058874
2022-05-05,-1,323.42,325.25,313.39,close,5.480874316939954,0.031012305979840504,0.005658277162822287
2022-05-06,-1,309.07,311.73,311.73,stop,-1.0,-0.008606464554955284,0.008606464554955269
2022-05-09,1,304.72,302.77,302.77,stop,-1.0,-0.006399317406143523,0.006399317406143494
2022-05-10,-1,303.97,305.76,300.82,close,1.7597765363129039,0.010362864756390588,0.005888739020297936
2022-05-11,-1,296.8516,300.23,300.23,stop,-1.0,-0.011380770728539158,0.011380770728539104
2022-05-12,-1,286.07,289.42,289.42,stop,-1.0,-0.011710420526444665,0.011710420526444656
2022-05-13,-1,294.7,296.52,296.52,stop,-1.0,-0.006175771971496324,0.006175771971496414
2022-05-16,-1,298.78,300.67,300.67,stop,-1.0,-0.006325724613428063,0.006325724613428086
2022-05-17,1,305.13,303.63,303.63,stop,-1.0,-0.004915937469275433,0.004915937469275391
2022-05-19,1,291.08,289.26,289.26,stop,-1.0,-0.006252576611240901,0.006252576611240873
2022-05-20,-1,292.34,293.8,288.54,close,2.602739726027301,0.012998563316685918,0.0049941848532531865
2022-05-23,-1,288.81,290.19,290.19,stop,-1.0,-0.0047782279006960415,0.0047782279006959435
2022-05-24,-1,287.32,288.86,287.25,close,0.04545454545454042,0.0002436307949325034,0.005359877488514619
2022-05-25,1,287.6,285.5,291.36,close,1.7904761904761668,0.013073713490959538,0.007301808066759467
2022-05-26,1,292.21,290.15,299.31,close,3.44660194174758,0.02429759419595512,0.0070497245131925755
2022-05-27,1,304.06,302.42,309.2321,close,3.1537195121951482,0.017010129579688282,0.005393672301519392
2022-05-31,-1,306.735,309.35,309.35,stop,-1.0,-0.008525274259540083,0.008525274259540023
2022-06-01,1,312.06,310.43,310.43,stop,-1.0,-0.005223354483112175,0.005223354483112208
2022-06-02,1,305.35,303.4001,314.42,close,4.651520590799492,0.029703618798100573,0.006385786802030501
2022-06-03,-1,308.31,310.14,310.14,stop,-1.0,-0.005935584314488596,0.005935584314488612
2022-06-06,-1,310.59,311.79,311.79,stop,-1.0,-0.0038636144112818016,0.003863614411281901
2022-06-07,1,304.44,302.6886,309.95,close,3.1460545849035193,0.018098804362107535,0.005752857705951878
2022-06-08,1,309.39,307.95,307.95,stop,-1.0,-0.004654319790555639,0.004654319790555602
2022-06-09,-1,305.34,307.25,307.25,stop,-1.0,-0.006255321936202263,0.006255321936202349
2022-06-10,-1,292.09,294.87,288.68,close,1.2266187050359467,0.011674483891951026,0.00951761443390746
2022-06-13,1,281.79,279.64,279.64,stop,-1.0,-0.007629795237588444,0.007629795237588395
2022-06-14,-1,276.97,278.37,278.37,stop,-1.0,-0.005054699064880541,0.005054699064880591
2022-06-15,-1,278.92,280.2,280.2,stop,-1.0,-0.004589129499497968,0.0045891294994979655
2022-06-16,-1,274.3,276.06,271.64,close,1.5113636363636584,0.009697411593146299,0.00641633248268316
2022-06-17,1,274.4,272.03,272.03,stop,-1.0,-0.008637026239067036,0.008637026239067072
2022-06-21,1,279.93,278.64,281.19,close,0.976744186046489,0.004501125281320295,0.004608294930875649
2022-06-22,1,279.8448,277.91,280.66,close,0.42133553855696,0.0029130432296757824,0.006913832238440719
2022-06-23,-1,282.19,283.78,283.78,stop,-1.0,-0.005634501576951667,0.005634501576951611
2022-06-24,1,289.17,287.5001,294.99,close,3.485238637044045,0.020126569146176942,0.005774803748660099
2022-06-27,-1,294.15,296.5799,292.48,close,0.6872710811144233,0.005677375488696068,0.0082607513173552
2022-06-28,1,295.59,292.59,292.59,stop,-1.0,-0.010149193139145418,0.010149193139145439
2022-06-29,-1,281.22,283.9,283.9,stop,-1.0,-0.009529905412132722,0.009529905412132672
2022-06-30,-1,279.48,281.5196,281.5196,stop,-1.0,-0.007297838843566717,0.007297838843566649
2022-07-01,-1,278.37,280.25,280.25,stop,-1.0,-0.0067536013219815505,0.006753601321981519
2022-07-05,1,278.55,276.7501,287.02,close,4.705816989832656,0.030407467241069686,0.006461676539221096
2022-07-06,-1,286.83,288.7355,288.7355,stop,-1.0,-0.0066433078827179415,0.006643307882718048
2022-07-07,1,291.48,289.63,294.94,close,1.8702702702702363,0.011870454233566585,0.006346919171126742
2022-07-08,1,292.7989,291.33,291.33,stop,-1.0,-0.0050167538197719574,0.00501675381977193
2022-07-11,-1,291.88,293.11,288.98,close,2.357723577235719,0.009935589968480096,0.004214060572838215
2022-07-12,1,291.34,289.94,289.94,stop,-1.0,-0.0048053820278711745,0.004805382027871138
2022-07-13,1,282.37,280.02,285.62,close,1.3829787234042419,0.011509721287672248,0.008322413854163059
2022-07-14,-1,281.55,283.95,283.95,stop,-1.0,-0.008524240809802741,0.008524240809802797
2022-07-15,1,291.04,289.72,289.72,stop,-1.0,-0.004535459043430445,0.004535459043430432
2022-07-18,1,295.49,293.85,293.85,stop,-1.0,-0.005550103218383007,0.005550103218382978
2022-07-19,-1,292.651,293.7,293.7,stop,-1.0,-0.003584474339742405,0.0035844743397424857
2022-07-20,1,299.06,297.9329,303.02,close,3.513441575725343,0.01324149000200614,0.003768808934661889
2022-07-21,-1,302.49,304.17,304.17,stop,-1.0,-0.005553902608350647,0.005553902608350711
2022-07-25,-1,301.6,302.5,300.36,close,1.3777777777778226,0.004111405835543813,0.002984084880636529
2022-07-26,-1,297.25,298.79,294.35,close,1.8831168831168432,0.009756097560975507,0.005180824222035392
2022-07-27,1,299.6399,298.46,306.74,close,6.017543859648958,0.02369544242939603,0.003937726584477007
2022-07-28,-1,306.25,307.69,307.69,stop,-1.0,-0.004702040816326525,0.004702040816326523
2022-07-29,-1,310.61,311.79,311.79,stop,-1.0,-0.0037989762081065415,0.0037989762081066508
2022-08-01,1,313.9484,312.53,315.24,close,0.9106034968979123,0.004114051863299828,0.004517939890759181
2022-08-02,1,314.2,312.61,312.61,stop,-1.0,-0.005060471037555581,0.005060471037555618
2022-08-03,1,317.66,315.99,322.83,close,3.095808383233479,0.016275262859661188,0.005257193225461235
2022-08-04,1,323.33,322.21,322.21,stop,-1.0,-0.0034639532366312897,0.0034639532366313197
2022-08-05,1,320.7805,319.09,319.09,stop,-1.0,-0.005269958741257796,0.005269958741257784
2022-08-08,1,324.05,321.91,321.91,stop,-1.0,-0.006603919148279513,0.006603919148279544
2022-08-09,-1,317.2,319.03,317.04,close,0.0874316939890544,0.0005044136191676429,0.005769230769230719
2022-08-10,-1,323.55,325.05,325.05,stop,-1.0,-0.004636068613815381,0.004636068613815485
2022-08-11,1,328.615,327.47,327.47,stop,-1.0,-0.0034843205574912606,0.0034843205574912337
2022-08-12,-1,325.41,326.49,326.49,stop,-1.0,-0.0033188900156724266,0.003318890015672487
2022-08-15,1,331.0,329.4,333.1,close,1.3124999999999956,0.006344410876133022,0.004833836858006111
2022-08-16,-1,331.72,332.47,332.47,stop,-1.0,-0.0022609429639455225,0.002260942963945496
2022-08-17,1,329.64,328.92,328.92,stop,-1.0,-0.0021842009464869694,0.002184200946486987
2022-08-18,-1,327.16,328.6,328.6,stop,-1.0,-0.004401516077760181,0.00440151607776011
2022-08-19,-1,325.91,326.84,322.87,close,3.268817204301273,0.009327728514006983,0.0028535485256664414
2022-08-22,-1,317.39,318.74,314.47,close,2.1629629629628964,0.009200037808374417,0.004253442137433513
2022-08-23,1,315.17,313.95,313.95,stop,-1.0,-0.0038709268014088805,0.00387092680140885
2022-08-24,-1,313.13,314.33,314.33,stop,-1.0,-0.00383227413534315,0.003832274135343112
2022-08-25,-1,316.04,316.99,316.99,stop,-1.0,-0.0030059486140994185,0.003005948614099445
2022-08-26,1,320.51,319.52,319.52,stop,-1.0,-0.0030888271816792434,0.0030888271816792274
2022-08-29,1,306.2,304.013,304.013,stop,-1.0,-0.007142390594382819,0.007142390594382795
2022-08-30,-1,305.54,306.73,301.0,close,3.8151260504201927,0.014858938273221267,0.0038947437324081875
2022-08-31,-1,302.44,304.029,304.029,stop,-1.0,-0.0052539346647269,0.005253934664726884
2022-09-01,1,297.15,295.89,295.89,stop,-1.0,-0.004240282685512353,0.004240282685512338
2022-09-02,-1,300.27,302.61,302.61,stop,-1.0,-0.00779298631231895,0.00779298631231902
2022-09-06,-1,294.89,296.6,293.06,close,1.0701754385964592,0.006205703821763997,0.005798772423615709
2022-09-07,1,294.56,293.42,293.42,stop,-1.0,-0.003870179250407335,0.0038701792504073408
2022-09-08,-1,295.51,296.85,296.85,stop,-1.0,-0.004534533518324446,0.004534533518324361
2022-09-09,1,304.08,302.79,302.79,stop,-1.0,-0.0042423046566691935,0.004242304656669178
2022-09-12,1,309.33,308.28,308.28,stop,-1.0,-0.0033944331296673624,0.0033944331296673824
2022-09-13,-1,301.45,303.02,293.62,close,4.987261146496826,0.02597445679217114,0.00520816055730633
2022-09-14,-1,293.2,295.08,295.08,stop,-1.0,-0.0064120054570258045,0.006412005457025906
2022-09-15,1,294.51,293.53,293.53,stop,-1.0,-0.003327561033581228,0.0033275610335812647
2022-09-16,-1,286.25,287.78,287.78,stop,-1.0,-0.0053449781659387074,0.005344978165938769
2022-09-19,1,287.67,286.04,291.1,close,2.1042944785276174,0.011923384433552453,0.005666214759968003
2022-09-20,-1,288.35,289.22,289.22,stop,-1.0,-0.003017166637766522,0.0030171666377666185
2022-09-21,-1,289.0801,289.97,289.97,stop,-1.0,-0.003078385540893347,0.003078385540893377
2022-09-22,-1,281.73,282.94,282.94,stop,-1.0,-0.004294892272743267,0.004294892272743334
2022-09-23,-1,276.8,277.85,275.52,close,1.219047619047634,0.0046242774566475076,0.0037933526011561104
2022-09-26,1,276.94,274.75,274.75,stop,-1.0,-0.007907850075828726,0.007907850075828692
2022-09-27,1,279.28,277.61,277.61,stop,-1.0,-0.005979661987968954,0.0059796619879689174
2022-09-28,1,274.71,272.945,279.87,close,2.923512747875391,0.018783444359506518,0.006424957227621806
2022-09-29,-1,275.33,276.25,272.04,close,3.5760869565216375,0.011949297206987897,0.0033414448116805867
2022-09-30,-1,270.74,272.465,272.465,stop,-1.0,-0.006371426460811014,0.006371426460810984
2022-10-03,-1,268.04,269.65,269.65,stop,-1.0,-0.006006566184151518,0.006006566184151458
2022-10-04,1,280.21,278.99,282.17,close,1.6065573770492492,0.0069947539345491805,0.00435387744905596
2022-10-05,-1,278.12,279.62,279.62,stop,-1.0,-0.005393355386164256,0.005393355386164245
2022-10-06,1,282.61,280.95,280.95,stop,-1.0,-0.005873819043912154,0.005873819043912193
2022-10-07,1,275.09,273.8206,273.8206,stop,-1.0,-0.004614489803336896,0.004614489803336952
2022-10-10,-1,267.91,269.7,266.17,close,0.9720670391061701,0.006494718375573916,0.00668134821395231
2022-10-11,-1,264.05,265.32,265.32,stop,-1.0,-0.0048096951334972715,0.004809695133497375
2022-10-12,1,263.6,261.95,262.73,close,-0.5272727272727191,-0.0033004552352048355,0.006259484066767959
2022-10-13,1,255.63,254.26,269.33000000000004,target,10.0,0.05359308375386318,0.0053593083753863185
2022-10-14,-1,269.34,271.81,260.64,close,3.5222672064776894,0.03230118066384491,0.00917056508502275
2022-10-17,1,268.12,266.74,269.49,close,0.9927536231884123,0.00510965239445027,0.005146949127256435
2022-10-18,-1,275.9,277.21,271.68,close,3.2213740458014986,0.01529539688292847,0.00474809713664372
2022-10-19,1,271.46,269.65,269.65,stop,-1.0,-0.006667649009062138,0.006667649009062118
2022-10-20,-1,269.4001,270.82,270.82,stop,-1.0,-0.005270599379881391,0.0052705993798813884
2022-10-21,1,269.0,266.8236,275.47,close,2.9727991178092372,0.02405204460966548,0.008090706319702606
2022-10-24,1,275.99,274.23,274.23,stop,-1.0,-0.006377042646472653,0.006377042646472665
2022-10-25,1,280.79,279.41,284.26,close,2.514492753623175,0.01235798995690729,0.004914704939634586
2022-10-26,1,278.91,277.43,277.91,close,-0.6756756756756673,-0.0035853859667993593,0.005306371230863067
2022-10-27,-1,276.76,278.2795,272.83,close,2.5863770977295317,0.014200028905911322,0.005490316519728262
2022-10-28,1,274.48,272.06,281.21,close,2.780991735537156,0.02451909064412683,0.008816671524336985
2022-10-31,-1,278.09,279.76,277.92,close,0.10179640718560326,0.0006113128843179272,0.006005250098888907
2022-11-01,-1,281.03,282.07,275.04,close,5.759615384615225,0.02131445041454627,0.003700672526064906
2022-11-02,-1,273.64,275.32,275.32,stop,-1.0,-0.006139453296301722,0.006139453296301735
2022-11-03,-1,262.11,263.48,263.48,stop,-1.0,-0.005226813170043032,0.005226813170043129
2022-11-04,-1,263.91,266.39,266.39,stop,-1.0,-0.009397142965404726,0.009397142965404726
2022-11-07,-1,264.67,266.485,266.485,stop,-1.0,-0.006857596251936382,0.006857596251936365
2022-11-08,-1,268.01,269.29,269.29,stop,-1.0,-0.004775941196224043,0.004775941196224132
2022-11-09,1,267.77,266.59,266.59,stop,-1.0,-0.004406767001531198,0.004406767001531191
2022-11-10,-1,275.43,276.96,276.96,stop,-1.0,-0.0055549504411283035,0.005554950441128318
2022-11-11,-1,281.58,283.06,283.06,stop,-1.0,-0.005256055117551117,0.005256055117551027
2022-11-14,-1,285.31,286.46,286.46,stop,-1.0,-0.004030703445375039,0.004030703445375127
2022-11-15,-1,292.17,293.26,289.42,close,2.5229357798165717,0.00941232843892259,0.003730704726700123
2022-11-16,-1,286.68,287.735,287.735,stop,-1.0,-0.003680061392493439,0.003680061392493396
2022-11-17,1,281.79,280.72,284.82,close,2.831775700934572,0.010752688172043001,0.0037971539089392565
2022-11-18,-1,286.05,287.99,284.78,close,0.6546391752577526,0.004439783254675866,0.006782031113441698
2022-11-21,-1,282.96,284.44,284.44,stop,-1.0,-0.005230421260955742,0.005230421260955677
2022-11-22,-1,281.94,282.9,282.9,stop,-1.0,-0.003404979782932527,0.003404979782932466
2022-11-23,1,286.615,285.89,285.89,stop,-1.0,-0.002529525670324384,0.002529525670324382
2022-11-28,1,286.12,284.66,284.66,stop,-1.0,-0.005102754089193251,0.005102754089193274
2022-11-29,-1,282.39,283.1,283.1,stop,-1.0,-0.002514253337582817,0.0025142533375829045
2022-11-30,1,281.68,280.47,280.47,stop,-1.0,-0.004295654643567071,0.004295654643567096
2022-12-01,1,294.24,293.0698,293.0698,stop,-1.0,-0.00397702555736823,0.003977025557368211
2022-12-02,-1,288.49,290.23,290.23,stop,-1.0,-0.006031404901382986,0.006031404901383095
2022-12-05,1,291.07,290.19,290.19,stop,-1.0,-0.0030233277218538746,0.0030233277218538342
2022-12-06,-1,286.74,287.62,281.715,close,5.710227272727341,0.017524586733626446,0.0030689823533514523
2022-12-07,1,281.64,280.12,280.12,stop,-1.0,-0.005396960658997196,0.005396960658997237
2022-12-08,-1,280.7,282.1,282.1,stop,-1.0,-0.004987531172069959,0.004987531172069947
2022-12-09,1,283.2,281.59,282.09,close,-0.6894409937888225,-0.003919491525423813,0.005685028248587619
2022-12-12,-1,282.06,282.78,282.78,stop,-1.0,-0.002552648372686539,0.0025526483726865576
2022-12-13,-1,294.84,296.86,296.86,stop,-1.0,-0.006851173517840259,0.006851173517840316
2022-12-14,1,289.44,288.04,288.04,stop,-1.0,-0.004836926478717474,0.004836926478717445
2022-12-15,-1,280.99,283.01,276.92,close,2.0148514851485295,0.01448450122780165,0.00718886793124304
2022-12-16,1,276.94,275.7,275.7,stop,-1.0,-0.0044775041525240145,0.004477504152524046
2022-12-19,-1,272.23,273.96,269.84,close,1.3815028901734663,0.008779340998420593,0.006354920471659851
2022-12-20,-1,267.89,268.99,268.99,stop,-1.0,-0.004106162977341565,0.0041061629773415315
2022-12-22,-1,268.81,270.5149,266.81,close,1.1730893307525305,0.007440199397343861,0.006342397976265798
2022-12-23,-1,265.03,266.72,266.72,stop,-1.0,-0.006376636607176689,0.006376636607176752
2022-12-27,-1,265.78,266.85,263.54,close,2.0934579439250913,0.008428023177063593,0.004025886071186885
2022-12-28,1,264.99,262.22,262.22,stop,-1.0,-0.01045322464998677,0.010453224649986723
2022-12-29,1,263.62,262.25,266.51,close,2.1094890510948736,0.010962749412032347,0.005196874288748974
2022-12-30,-1,262.97,264.49,264.49,stop,-1.0,-0.005780127010685643,0.0057801270106855596
2023-01-03,1,269.23,267.56,267.56,stop,-1.0,-0.006202874865356867,0.006202874865356817
2023-01-04,1,266.82,264.88,264.88,stop,-1.0,-0.0072708192789145976,0.007270819278914616
2023-01-05,-1,262.4024,264.09,264.09,stop,-1.0,-0.006431343615759477,0.006431343615759516
2023-01-09,-1,270.83,271.91,271.91,stop,-1.0,-0.0039877413875863965,0.00398774138758646
2023-01-10,1,272.02,269.38,269.38,stop,-1.0,-0.009705168737592751,0.009705168737592775
2023-01-11,1,274.49,273.12,277.58,close,2.2554744525547186,0.011257240700936144,0.004991074356078562
2023-01-12,-1,276.86,278.76,278.76,stop,-1.0,-0.006862674275807112,0.006862674275807184
2023-01-13,1,277.28,276.37,276.37,stop,-1.0,-0.003281881130986597,0.003281881130986614
2023-01-17,-1,280.33,281.27,281.27,stop,-1.0,-0.0033531908821746725,0.003353190882174572
2023-01-18,-1,282.78,283.9,283.9,stop,-1.0,-0.003960676143998976,0.003960676143998885
2023-01-20,-1,275.85,276.79,276.79,stop,-1.0,-0.003407649084647524,0.003407649084647445
2023-01-23,1,283.77,282.73,289.0,close,5.028846153846347,0.018430419001304044,0.0036649399161291316
2023-01-24,1,287.8903,286.84,286.84,stop,-1.0,-0.003648264634133369,0.003648264634133382
2023-01-25,1,283.77,282.48,282.48,stop,-1.0,-0.00454593508827561,0.004545935088275588
2023-01-26,1,292.465,291.22,291.22,stop,-1.0,-0.004256919631408729,0.004256919631408708
2023-01-27,1,293.14,291.88,296.2,close,2.428571428571448,0.010438698232926313,0.004298287507675483
2023-01-30,-1,292.44,293.56,293.56,stop,-1.0,-0.003829845438380497,0.003829845438380538
2023-01-31,1,291.71,290.2,294.67,close,1.9602649006622876,0.010147063864797357,0.005176373795893151
2023-02-01,-1,293.4893,294.7012,294.7012,stop,-1.0,-0.004129281714869926,0.004129281714869868
2023-02-02,-1,307.43,308.77,308.77,stop,-1.0,-0.004358715805223845,0.004358715805223872
2023-02-03,1,306.51,304.54,306.18,close,-0.16751269035532437,-0.0010766369775863094,0.006427196502560995
2023-02-06,1,304.73,303.33,303.33,stop,-1.0,-0.004594230958553602,0.004594230958553585
2023-02-08,1,309.02,307.85,307.85,stop,-1.0,-0.0037861627079152083,0.003786162707915213
2023-02-09,-1,307.8,308.99,301.64,close,5.1764705882353255,0.020012995451592075,0.0038661468486029813
2023-02-10,1,300.57,299.33,299.33,stop,-1.0,-0.0041254948930365964,0.004125494893036594
2023-02-13,-1,300.29,301.35,301.35,stop,-1.0,-0.003529921076292908,0.0035299210762929243
2023-02-14,1,303.0,300.91,306.71,close,1.7751196172248918,0.012244224422442107,0.006897689768976815
2023-02-15,1,306.18,304.88,304.88,stop,-1.0,-0.004245868443399359,0.004245868443399345
2023-02-16,-1,304.32,305.16,305.16,stop,-1.0,-0.0027602523659306932,0.002760252365930704
2023-02-21,1,297.81,297.06,297.06,stop,-1.0,-0.0025183842046943017,0.0025183842046942683
2023-02-22,1,295.46,294.5399,294.5399,stop,-1.0,-0.0031141271238068757,0.0031141271238069143
2023-02-23,-1,297.33,298.13,296.83,close,0.6249999999999911,0.0016816332021659663,0.0026906131234655482
2023-02-24,1,292.4,291.36,291.36,stop,-1.0,-0.003556771545827564,0.0035567715458275093
2023-02-27,-1,294.73,295.38,295.38,stop,-1.0,-0.002205408339836401,0.0022054083398363833
2023-02-28,1,293.67,292.96,293.49,close,-0.25352112676056,-0.0006129328838492265,0.0024176797085164858
2023-03-01,-1,292.47,293.4306,293.4306,stop,-1.0,-0.0032844394296851487,0.0032844394296850936
2023-03-02,1,289.28,288.37,293.7,close,4.857142857143044,0.015279314159292179,0.0031457411504423683
2023-03-03,1,295.51,294.87,299.7,close,6.546875000000136,0.014178877195357265,0.002165747352035418
2023-03-06,-1,300.8618,301.81,301.81,stop,-1.0,-0.0031516131326740915,0.003151613132674157
2023-03-07,1,300.49,299.82,299.82,stop,-1.0,-0.002229691503877085,0.0022296915038770536
2023-03-08,-1,296.6,297.49,297.49,stop,-1.0,-0.0030006743088333288,0.0030006743088333994
2023-03-09,1,299.16,297.96,297.96,stop,-1.0,-0.0040112314480547084,0.004011231448054704
2023-03-10,-1,291.44,293.06,293.06,stop,-1.0,-0.005558605544880635,0.005558605544880609
2023-03-13,-1,286.345,287.86,287.86,stop,-1.0,-0.005290820513715877,0.005290820513715924
2023-03-14,1,294.98,294.21,294.21,stop,-1.0,-0.002610346464167246,0.002610346464167193
2023-03-16,-1,297.34,298.35,298.35,stop,-1.0,-0.003396784825452581,0.003396784825452505
2023-03-20,-1,303.19,304.5,304.5,stop,-1.0,-0.00432072297899011,0.00432072297899008
2023-03-21,1,308.85,307.92,307.92,stop,-1.0,-0.0030111704711025533,0.0030111704711024987
2023-03-22,1,310.39,309.74,309.74,stop,-1.0,-0.002094139630786973,0.0020941396307870013
2023-03-24,-1,308.32,309.73,309.73,stop,-1.0,-0.004573170731707377,0.004573170731707398
2023-03-27,-1,310.9,311.74,311.74,stop,-1.0,-0.002701833386941299,0.002701833386941241
2023-03-28,-1,306.88,308.2,307.11,close,-0.17424242424243894,-0.0007494786235662243,0.00430135557872782
2023-03-29,1,311.512,310.75,310.75,stop,-1.0,-0.002446133696294206,0.002446133696294205
2023-03-30,-1,314.71,315.51,315.51,stop,-1.0,-0.0025420228146548762,0.0025420228146547977
2023-03-31,1,316.69,315.6,320.89,close,3.85321100917439,0.013262180681423485,0.003441851653036013
2023-04-03,1,319.52,318.49,318.49,stop,-1.0,-0.0032235853780669954,0.0032235853780670154
2023-04-04,-1,320.3,320.87,320.87,stop,-1.0,-0.0017795816422103705,0.0017795816422104063
2023-04-05,-1,317.71,318.31,318.31,stop,-1.0,-0.0018885146832017252,0.0018885146832017337
2023-04-06,-1,313.17,314.27,314.27,stop,-1.0,-0.0035124692658938805,0.003512469265893814
2023-04-10,-1,314.46,315.24,315.24,stop,-1.0,-0.002480442663613802,0.0024804426636139084
2023-04-12,-1,317.34,318.42,313.04,close,3.9814814814812887,0.013550135501354865,0.003403289846852086
2023-04-13,1,315.5804,314.64,319.27,close,3.9234368353891336,0.011691473868465696,0.002979906229917989
2023-04-14,1,318.06,317.42,317.42,stop,-1.0,-0.0020121989561717735,0.0020121989561717487
2023-04-17,1,318.57,317.75,317.75,stop,-1.0,-0.002574002574002532,0.0025740025740025527
2023-04-18,-1,320.5595,321.11,321.11,stop,-1.0,-0.0017173098909875062,0.0017173098909874752
2023-04-19,1,317.31,316.28,318.74,close,1.3883495145630735,0.004506633891147471,0.0032460369985188916
2023-04-20,1,316.57,315.57,315.57,stop,-1.0,-0.003158859020121918,0.003158859020121932
2023-04-21,-1,315.5537,316.3,316.3,stop,-1.0,-0.002365049118422613,0.002365049118422694
2023-04-24,1,316.725,315.81,315.81,stop,-1.0,-0.0028889415107743455,0.0028889415107743953
2023-04-25,-1,314.13,314.82,314.82,stop,-1.0,-0.002196542832585191,0.0021965428325852283
2023-04-26,-1,312.54,313.61,313.61,stop,-1.0,-0.0034235617840916444,0.0034235617840916144
2023-04-27,1,315.81,315.05,320.4,close,6.039473684210566,0.014534055286406389,0.0024065102435008104
2023-04-28,-1,319.69,320.705,320.705,stop,-1.0,-0.00317495073352303,0.003174950733523058
2023-05-01,-1,321.9201,322.36,322.36,stop,-1.0,-0.0013664881441077803,0.001366488144107879
2023-05-03,1,319.94,319.475,319.475,stop,-1.0,-0.0014533975120334386,0.0014533975120334282
2023-05-04,-1,316.18,317.13,317.13,stop,-1.0,-0.0030046176228730737,0.0030046176228730108
2023-05-05,1,318.94,318.1,318.1,stop,-1.0,-0.002633724211450361,0.002633724211450351
2023-05-08,-1,322.2001,322.6399,322.6399,stop,-1.0,-0.0013649902653660728,0.001364990265366122
2023-05-09,-1,321.97,322.38,322.38,stop,-1.0,-0.0012734105662017825,0.0012734105662017211
2023-05-10,-1,324.0901,325.34,325.34,stop,-1.0,-0.0038566435691802514,0.003856643569180201
2023-05-11,-1,324.53,325.85,325.85,stop,-1.0,-0.004067420577450687,0.004067420577450622
2023-05-12,-1,326.63,327.17,325.03,close,2.9629629629628926,0.004898509016318275,0.001653246793007441
2023-05-15,-1,325.09,325.58,325.58,stop,-1.0,-0.0015072749084870107,0.0015072749084869086
2023-05-16,1,326.92,326.02,327.14,close,0.24444444444440233,0.0006729475100941684,0.002752967086749156
2023-05-17,-1,328.11,328.61,328.61,stop,-1.0,-0.0015238791868581458,0.0015238791868580658
2023-05-18,1,332.205,331.5,337.23,close,7.127659574468295,0.015126202194428284,0.0021221835914570345
2023-05-19,1,337.64,337.24,337.24,stop,-1.0,-0.0011846937566638571,0.001184693756663835
2023-05-22,1,337.23,336.24,337.66,close,0.43434343434343725,0.0012750941493935297,0.0029356818788364293
2023-05-23,1,336.7,335.7,335.7,stop,-1.0,-0.0029700029700029384,0.00297000297000297
2023-05-24,1,331.84,330.86,330.86,stop,-1.0,-0.0029532304725167213,0.0029532304725167595
2023-05-25,-1,337.53,339.42,339.42,stop,-1.0,-0.005599502266465439,0.005599502266465332
2023-05-26,1,341.44,340.66,349.2399999999997,target,10.0,0.022844423617618625,0.0022844423617618694
2023-05-30,1,353.19,351.89,351.89,stop,-1.0,-0.0036807384127524045,0.003680738412752375
2023-05-31,1,349.195,348.24,348.24,stop,-1.0,-0.00273486161027503,0.0027348616102750157
2023-06-01,-1,347.12,347.93,347.93,stop,-1.0,-0.0023334869785665013,0.0023334869785664966
2023-06-02,1,355.62,353.76,353.76,stop,-1.0,-0.0052303020077610896,0.005230302007761131
2023-06-05,1,355.37,354.43,354.43,stop,-1.0,-0.0026451304274418552,0.002645130427441815
2023-06-06,-1,353.2,354.32,354.32,stop,-1.0,-0.0031710079275197867,0.0031710079275198318
2023-06-07,1,357.08,355.13,355.13,stop,-1.0,-0.005460961129158726,0.0054609611291587005
2023-06-09,1,355.34,354.52,354.52,stop,-1.0,-0.002307649012213586,0.0023076490122136356
2023-06-12,-1,355.64,356.53,356.53,stop,-1.0,-0.002502530648970769,0.0025025306489708313
2023-06-14,-1,362.6,363.43,363.43,stop,-1.0,-0.0022890237175952066,0.002289023717595102
2023-06-15,1,365.0,363.98,370.26,close,5.156862745098122,0.014410958904109483,0.002794520547945156
2023-06-16,-1,370.96,372.85,367.88,close,1.629629629629584,0.008302781971102013,0.005094888936812711
2023-06-20,1,367.445,365.8,365.8,stop,-1.0,-0.004476860482521161,0.004476860482521145
2023-06-21,-1,365.18,366.18,362.02,close,3.160000000000025,0.008653266882085564,0.002738375595596692
2023-06-22,1,361.43,360.22,366.2,close,3.94214876033063,0.013197576294164737,0.0033478128544945896
2023-06-23,1,363.21,362.03,362.03,stop,-1.0,-0.0032488092288207593,0.0032488092288208113
2023-06-26,1,362.75,361.78,361.78,stop,-1.0,-0.00267401791867683,0.0026740179186768498
2023-06-27,1,359.7,358.77,358.77,stop,-1.0,-0.002585487906588857,0.002585487906588843
2023-06-28,1,362.93,361.9038,364.58,close,1.6078737088286394,0.004546331248449942,0.0028275425013088392
2023-06-29,1,364.85,363.37,363.37,stop,-1.0,-0.004056461559545088,0.004056461559545068
2023-06-30,1,368.0,367.23,369.42,close,1.8441558441559085,0.0038586956521740046,0.0020923913043477765
2023-07-05,1,369.8457,368.66,370.28,close,0.3662815214640733,0.0011742734875650473,0.003205931554699695
2023-07-06,-1,365.52,366.96,366.96,stop,-1.0,-0.003939592908732692,0.003939592908732758
2023-07-07,-1,366.71,367.72,367.72,stop,-1.0,-0.002754219955823478,0.002754219955823533
2023-07-10,-1,365.9,367.05,366.46,close,-0.48695652173911796,-0.0015304728067777607,0.0031429352282045207
2023-07-11,1,367.09,366.36,366.36,stop,-1.0,-0.001988613146639673,0.0019886131466396837
2023-07-12,1,372.66,371.93,371.93,stop,-1.0,-0.0019588901411474735,0.0019588901411474752
2023-07-13,1,376.53,375.46,379.16,close,2.4579439252337094,0.006984835205694262,0.0028417390380580387
2023-07-14,1,380.71,379.58,379.58,stop,-1.0,-0.00296813847810673,0.0029681384781066835
2023-07-17,1,380.67,379.75,379.75,stop,-1.0,-0.0024167914466598495,0.0024167914466598785
2023-07-18,-1,380.9,381.99,381.99,stop,-1.0,-0.0028616434759780596,0.0028616434759780305
2023-07-19,1,387.33,385.955,385.955,stop,-1.0,-0.003549944491777035,0.0035499444917770377
2023-07-20,1,383.86,382.54,382.54,stop,-1.0,-0.003438753712290965,0.0034387537122909217
2023-07-24,-1,376.54,377.58,376.24,close,0.2884615384615595,0.0007967281032560392,0.0027619907579539056
2023-07-25,1,377.83,376.93,378.8,close,1.0777777777778352,0.002567292168435653,0.0023820236614349767
2023-07-26,-1,376.51,378.21,378.21,stop,-1.0,-0.0045151523199915555,0.0045151523199914705
2023-07-27,1,383.76,382.7769,382.7769,stop,-1.0,-0.0025617573483426304,0.0025617573483426594
2023-07-28,1,381.13,380.22,383.48,close,2.5824175824176976,0.0061658751607063245,0.002387636764358534
2023-07-31,1,384.58,383.45,383.45,stop,-1.0,-0.0029382703208694627,0.0029382703208695083
2023-08-01,1,382.43,381.56,381.56,stop,-1.0,-0.002274926130272248,0.0022749261302722184
2023-08-02,-1,378.16,379.26,374.39,close,3.4272727272728685,0.009969325153374342,0.0029088216627881475
2023-08-03,1,372.78,371.77,373.78,close,0.990099009900999,0.0026825473469607175,0.0027093728204302565
2023-08-04,1,376.88,375.3985,375.3985,stop,-1.0,-0.003930959456590943,0.003930959456590911
2023-08-07,-1,373.41,374.85,374.85,stop,-1.0,-0.003856350927934349,0.0038563509279344356
2023-08-08,-1,371.96,372.66,371.94,close,0.028571428571400728,5.376922249700211e-05,0.0018819227873966165
2023-08-09,-1,371.7,372.45,367.87,close,5.106666666666645,0.010304008609093307,0.002017756255044391
2023-08-10,1,371.72,370.3214,370.3214,stop,-1.0,-0.0037625094156893413,0.0037625094156893478
2023-08-11,1,366.01,365.18,365.18,stop,-1.0,-0.0022676976038905616,0.0022676976038905608
2023-08-14,1,365.69,364.7,370.46,close,4.818181818181755,0.01304383494216399,0.0027072110257322026
2023-08-15,1,369.85,369.0449,369.0449,stop,-1.0,-0.0021768284439638297,0.002176828443963873
2023-08-16,1,366.13,365.2,365.2,stop,-1.0,-0.0025400813918553533,0.0025400813918553707
2023-08-17,-1,363.33,364.31,358.59,close,4.836734693877471,0.013045991247626176,0.0026972724520408944
2023-08-18,1,356.2799,355.02,355.02,stop,-1.0,-0.0035362646054408753,0.0035362646054408796
2023-08-21,1,360.58,359.55,359.55,stop,-1.0,-0.002856508957790105,0.0028565089577901512
2023-08-22,-1,365.86,366.56,363.37,close,3.557142857142928,0.006805882031378108,0.0019133001694636982
2023-08-23,1,365.27,364.36,369.17,close,4.285714285714473,0.010677033427327842,0.0024913077997097167
2023-08-24,-1,370.7,372.74,361.09,close,4.7107843137254495,0.025923927704343153,0.005503102239007339
2023-08-25,1,362.98,361.98,361.98,stop,-1.0,-0.0027549727257699663,0.002754972725770015
2023-08-28,1,367.41,366.1,366.1,stop,-1.0,-0.0035654990337770087,0.0035654990337769853
2023-08-29,1,367.44,366.231,374.73,close,6.029776674937966,0.01983997387328551,0.0032903331156107205
2023-08-31,1,378.43,376.87,377.89,close,-0.34615384615385875,-0.0014269481806411521,0.004122294744074207
2023-09-01,-1,379.86,380.83,377.67,close,2.257731958762953,0.0057652819459801385,0.0025535723687673626
2023-09-05,-1,376.26,377.15,377.15,stop,-1.0,-0.002365385637590922,0.002365385637590991
2023-09-06,-1,376.49,377.37,377.37,stop,-1.0,-0.0023373794788705826,0.0023373794788706086
2023-09-07,1,370.26,369.15,372.03,close,1.5945945945945585,0.004780424566520836,0.00299789337222496
2023-09-08,1,373.86,371.92,371.92,stop,-1.0,-0.005189108222329208,0.0051891082223292076
2023-09-11,-1,375.5,376.31,376.31,stop,-1.0,-0.002157123834886754,0.0021571238348868237
2023-09-12,1,375.8714,374.93,374.93,stop,-1.0,-0.002504580023912406,0.0025045800239124004
2023-09-13,1,374.27,372.78,372.78,stop,-1.0,-0.003981083175247813,0.00398108317524784
2023-09-14,-1,375.23,376.44,376.44,stop,-1.0,-0.0032246888575007127,0.0032246888575006784
2023-09-15,-1,375.11,376.32,370.66,close,3.677685950413276,0.011863186798539038,0.003225720455333048
2023-09-18,1,370.63,369.03,370.66,close,0.018750000000018207,8.094325877561204e-05,0.004316973801365304
2023-09-19,1,369.37,368.59,368.59,stop,-1.0,-0.002111703711725421,0.00211170371172545
2023-09-20,1,370.95,369.87,369.87,stop,-1.0,-0.002911443590780438,0.0029114435907803857
2023-09-21,1,361.43,360.5,360.5,stop,-1.0,-0.0025731123592397376,0.0025731123592397055
2023-09-22,-1,359.06,359.71,359.71,stop,-1.0,-0.001810282404054897,0.0018102824040549693
2023-09-25,1,357.21,355.93,359.65,close,1.9062500000000389,0.006830715825424827,0.00358332633464901
2023-09-26,1,357.33,356.49,356.49,stop,-1.0,-0.0023507681974644923,0.002350768197464459
2023-09-27,1,356.22,355.28,355.28,stop,-1.0,-0.002638818707540458,0.002638818707540437
2023-09-28,-1,353.3099,354.5,354.5,stop,-1.0,-0.0033684309440522586,0.003368430944052155
2023-09-29,-1,361.18,361.87,361.87,stop,-1.0,-0.0019104047843181426,0.0019104047843180622
2023-10-02,1,359.38,357.92,361.3,close,1.3150684931507142,0.005342534364739304,0.004062552173187099
2023-10-03,1,359.46,358.605,358.605,stop,-1.0,-0.002378567851777591,0.002378567851777559
2023-10-04,1,356.97,355.69,355.69,stop,-1.0,-0.00358573549598018,0.003585735495980137
2023-10-06,-1,355.645,357.2,357.2,stop,-1.0,-0.004372337583826491,0.004372337583826588
2023-10-09,-1,361.26,362.395,362.395,stop,-1.0,-0.0031417815423793183,0.0031417815423794245
2023-10-10,-1,366.62,367.34,367.34,stop,-1.0,-0.001963886312803309,0.001963886312803367
2023-10-11,1,371.18,369.88,369.88,stop,-1.0,-0.003502343876286451,0.0035023438762864685
2023-10-12,1,371.98,371.39,371.39,stop,-1.0,-0.0015861067799345374,0.0015861067799344906
2023-10-13,-1,370.26,371.16,365.25,close,5.566666666666445,0.013531032247609764,0.0024307243558581377
2023-10-16,1,368.04,366.47,369.48,close,0.9171974522293019,0.003912618193674611,0.0042658406694924276
2023-10-17,-1,365.18,365.86,365.86,stop,-1.0,-0.0018620954050057037,0.0018620954050057692
2023-10-18,1,367.21,365.54,365.54,stop,-1.0,-0.004547806432286583,0.004547806432286592
2023-10-19,-1,364.47,365.335,365.335,stop,-1.0,-0.0023733091886848356,0.0023733091886848088
2023-10-20,1,359.49,358.21,358.21,stop,-1.0,-0.0035605997385185217,0.0035605997385185387
2023-10-23,-1,352.58,353.9,353.9,stop,-1.0,-0.003743831187248192,0.003743831187248265
2023-10-24,1,358.395,357.15,357.15,stop,-1.0,-0.003473820784330117,0.0034738207843301515
2023-10-25,-1,354.95,356.88,350.3,close,2.409326424870446,0.013100436681222627,0.005437385547260197
2023-10-26,-1,348.38,350.07,343.64,close,2.80473372781066,0.01360583271140714,0.004851024743096612
2023-10-27,-1,346.38,347.455,347.455,stop,-1.0,-0.0031035279173161623,0.0031035279173162096
2023-10-30,1,348.6,347.11,347.11,stop,-1.0,-0.004274239816408509,0.004274239816408517
2023-10-31,-1,348.14,349.45,349.45,stop,-1.0,-0.003762854024243145,0.0037628540242431274
2023-11-01,1,352.36,351.62,357.09,close,6.391891891891761,0.013423771143148855,0.0021001248722897293
2023-11-02,1,361.96,361.14,361.14,stop,-1.0,-0.002265443695435909,0.0022654436954359413
2023-11-03,-1,364.53,365.47,365.47,stop,-1.0,-0.0025786629358353075,0.002578662935835335
2023-11-06,1,369.315,368.47,368.47,stop,-1.0,-0.002288019712169742,0.0022880197121697477
2023-11-07,-1,369.29,370.56,370.56,stop,-1.0,-0.0034390316553385425,0.0034390316553385733
2023-11-08,1,373.62,372.76,372.76,stop,-1.0,-0.0023018039719501227,0.002301803971950146
2023-11-09,-1,373.09,374.0,374.0,stop,-1.0,-0.0024390897638639775,0.0024390897638640143
2023-11-10,1,371.89,371.28,377.9900000000001,target,10.0,0.01640269972303665,0.0016402699723036748
2023-11-13,-1,376.31,377.02,377.02,stop,-1.0,-0.0018867423135180417,0.0018867423135180558
2023-11-14,1,384.24,383.18,385.29,close,0.9905660377358576,0.0027326670830731814,0.0027586924838642573
2023-11-15,1,387.47,386.73,386.73,stop,-1.0,-0.001909825276795618,0.0019098252767956463
2023-11-16,1,384.92,384.21,384.21,stop,-1.0,-0.0018445391250130339,0.0018445391250130842
2023-11-17,-1,384.95,385.44,385.44,stop,-1.0,-0.001272892583452423,0.0012728925834524201
2023-11-20,1,387.655,386.05,390.74,close,1.9221183800623742,0.007958107079748755,0.004140279372122019
2023-11-21,1,389.1,388.23,388.23,stop,-1.0,-0.002235929067077924,0.0022359290670778834
2023-11-22,1,392.44,390.57,390.57,stop,-1.0,-0.004765059626949397,0.004765059626949354
2023-11-27,-1,388.69,389.912,389.912,stop,-1.0,-0.003143893591293745,0.0031438935912937818
2023-11-28,-1,388.385,389.23,389.23,stop,-1.0,-0.002175676197587517,0.002175676197587516
2023-11-29,1,393.69,392.68,392.68,stop,-1.0,-0.0025654702938859852,0.0025654702938860295
2023-11-30,-1,389.61,390.55,388.83,close,0.8297872340425867,0.002002002002002068,0.00241266907933574
2023-12-01,-1,386.59,387.79,387.79,stop,-1.0,-0.0031040637367754087,0.0031040637367755128
2023-12-04,-1,385.57,386.42,386.42,stop,-1.0,-0.002204528360609137,0.0022045283606090278
2023-12-05,1,384.83,384.21,387.295,close,3.9758064516129252,0.006405425772419093,0.0016111010056388654
2023-12-06,-1,388.67,390.37,385.015,close,2.150000000000032,0.009403864460853728,0.0043738904469086595
2023-12-07,1,388.895,387.42,387.42,stop,-1.0,-0.003792797541752879,0.0037927975417528276
2023-12-08,1,389.6,388.4801,392.15,close,2.276989016876406,0.006545174537987641,0.002874486652977489
2023-12-11,1,393.2,391.53,395.53,close,1.3952095808383005,0.005925737538148512,0.004247202441505636
2023-12-12,-1,394.69,395.665,395.665,stop,-1.0,-0.0024702931414528617,0.0024702931414528435
2023-12-13,1,400.48,399.56,399.56,stop,-1.0,-0.0022972433080303833,0.0022972433080304033
2023-12-14,1,405.8694,404.76,404.76,stop,-1.0,-0.0027333915786703633,0.0027333915786703646
2023-12-15,1,404.93,403.8,403.8,stop,-1.0,-0.002790605783715705,0.002790605783715693
2023-12-18,1,405.5475,404.6,407.11,close,1.6490765171504116,0.0038528162545694578,0.002336347776770886
2023-12-19,1,408.36,407.345,409.15,close,0.778325123152684,0.0019345675384463412,0.002485551963953341
2023-12-20,1,408.55,407.97,407.97,stop,-1.0,-0.0014196548770040174,0.0014196548770039996
2023-12-21,-1,406.29,407.92,407.92,stop,-1.0,-0.004011912673213658,0.004011912673213703
2023-12-22,-1,408.89,409.52,409.52,stop,-1.0,-0.001540756682726352,0.0015407566827263946
2023-12-26,1,409.77,409.15,410.865,close,1.7661290322580956,0.002672230763599126,0.0015130439026771227
2023-12-27,1,411.655,410.94,410.94,stop,-1.0,-0.0017368913289039778,0.0017368913289039973
2023-12-28,-1,412.065,412.92,411.21,close,1.0,0.002074915365294361,0.0020749153652943543
2023-12-29,-1,411.111,411.55,411.55,stop,-1.0,-0.0010678381264428438,0.001067838126442789
2024-01-02,-1,405.05,406.09,402.57,close,2.3846153846154854,0.0061227009011233235,0.0025675842488580756
2024-01-03,1,400.28,399.26,399.26,stop,-1.0,-0.0025482162486258897,0.0025482162486259166
2024-01-04,1,397.29,396.1928,396.1928,stop,-1.0,-0.002761710589242239,0.0027617105892422246
2024-01-05,1,397.35,396.16,396.16,stop,-1.0,-0.0029948408204353294,0.0029948408204353784
2024-01-08,1,398.86,397.8399,405.01,close,6.028820703852461,0.015418943990372469,0.0025575389861104488
2024-01-09,-1,401.85,403.0,403.0,stop,-1.0,-0.002861764339927797,0.002861764339927777
2024-01-10,1,406.875,406.06,406.06,stop,-1.0,-0.002003072196620548,0.002003072196620578
2024-01-11,1,410.54,409.6,409.6,stop,-1.0,-0.0022896672675013496,0.002289667267501334
2024-01-12,1,410.52,409.62,409.62,stop,-1.0,-0.0021923414206371783,0.0021923414206371852
2024-01-17,-1,404.58,406.61,406.61,stop,-1.0,-0.0050175490632260455,0.005017549063226135
2024-01-18,1,411.7,410.49,410.49,stop,-1.0,-0.0029390332766576766,0.002939033276657711
2024-01-19,1,415.48,414.625,421.24,close,6.736842105263004,0.01386348320015407,0.0020578607875229088
2024-01-22,1,424.51,423.39,423.39,stop,-1.0,-0.002638335963817129,0.0026383359638171176
2024-01-23,-1,420.72,422.44,422.44,stop,-1.0,-0.004088229701464163,0.004088229701464086
2024-01-24,-1,426.62,427.54,427.54,stop,-1.0,-0.002156485865641544,0.002156485865641592
2024-01-25,-1,427.23,428.45,428.45,stop,-1.0,-0.0028556047094070447,0.0028556047094070417
2024-01-26,-1,423.9,424.76,424.76,stop,-1.0,-0.002028780372729466,0.0020287803727294497
2024-01-29,1,424.5,423.85,423.85,stop,-1.0,-0.0015312131919905658,0.0015312131919905235
2024-01-30,-1,426.94,427.68,425.21,close,2.3378378378378337,0.0040520916288003805,0.0017332646273481263
2024-01-31,-1,420.2,421.53,421.53,stop,-1.0,-0.003165159447881871,0.0031651594478819232
2024-02-01,1,419.47,418.5183,418.5183,stop,-1.0,-0.002268815409922076,0.002268815409922084
2024-02-02,1,424.11,422.79,429.145,close,3.814393939393935,0.011871920020749327,0.0031124000848836227
2024-02-05,-1,428.72,429.42,429.42,stop,-1.0,-0.001632767307333527,0.001632767307333431
2024-02-06,-1,429.1099,430.22,427.65,close,1.3151067471398477,0.003402158747677464,0.0025869829617075845
2024-02-07,-1,429.68,430.51,430.51,stop,-1.0,-0.0019316700800595665,0.0019316700800595422
2024-02-08,1,432.325,431.7001,431.7001,stop,-1.0,-0.0014454403515872238,0.0014454403515872741
2024-02-09,-1,433.34,433.985,433.985,stop,-1.0,-0.0014884386394056204,0.0014884386394056369
2024-02-12,1,437.42,436.3806,436.3806,stop,-1.0,-0.00237620593479948,0.0023762059347995075
2024-02-13,1,427.52,426.28,426.28,stop,-1.0,-0.002900449101796432,0.0029004491017964287
2024-02-14,-1,431.15,431.97,431.97,stop,-1.0,-0.001901890293401376,0.0019018902934014846
2024-02-15,-1,433.52,434.28,434.28,stop,-1.0,-0.0017530909761949154,0.001753090976194849
2024-02-16,-1,433.9377,434.99,430.59,close,3.1813171148912134,0.007714701903061227,0.002425002483075341
2024-02-20,-1,428.26,430.08,427.33,close,0.5109890109890166,0.0021715780133564344,0.004249754821837186
2024-02-21,-1,423.82,424.96,424.96,stop,-1.0,-0.002689821150488436,0.002689821150488383
2024-02-22,1,435.05,433.71,438.14,close,2.3059701492536577,0.007102631881392929,0.0030801057349730647
2024-02-23,1,440.5,439.47,439.47,stop,-1.0,-0.0023382519863790474,0.0023382519863790526
2024-02-26,-1,437.42,438.4,438.4,stop,-1.0,-0.002240409674911792,0.0022404096749118955
2024-02-27,-1,437.18,437.89,437.89,stop,-1.0,-0.001624045015782949,0.001624045015782926
2024-02-28,1,435.91,434.9,434.9,stop,-1.0,-0.002316992039641308,0.0023169920396413197
2024-02-29,1,439.09,437.98,437.98,stop,-1.0,-0.002527955544421312,0.002527955544421319
2024-03-01,1,441.07,439.84,445.67,close,3.739837398373947,0.01042918357630307,0.0027886729997506476
2024-03-04,-1,444.59,445.73,445.73,stop,-1.0,-0.0025641602375223727,0.002564160237522309
2024-03-05,-1,439.4904,440.95,436.05,close,2.3570841326391414,0.007828157338590325,0.0033211191871312007
2024-03-06,-1,440.02,440.83,440.83,stop,-1.0,-0.0018408254170265703,0.001840825417026504
2024-03-07,1,442.67,442.02,442.02,stop,-1.0,-0.0014683624370299686,0.0014683624370299187
2024-03-11,1,437.84,435.84,435.84,stop,-1.0,-0.004567878677142367,0.004567878677142335
2024-03-12,-1,438.6,440.4,440.4,stop,-1.0,-0.004103967168262557,0.00410396716826255
2024-03-13,-1,441.58,442.67,440.23,close,1.2385321100916757,0.00305720367770268,0.0024684088953304765
2024-03-14,1,441.71,440.56,440.56,stop,-1.0,-0.002603518145389505,0.0026035181453894574
2024-03-15,-1,435.62,436.78,436.78,stop,-1.0,-0.0026628713098570955,0.002662871309857142
2024-03-18,1,439.808,438.57,438.57,stop,-1.0,-0.002814864668218897,0.002814864668218858
2024-03-19,-1,434.52,435.69,435.69,stop,-1.0,-0.002692626346313176,0.00269262634631321
2024-03-20,-1,439.4,440.16,440.16,stop,-1.0,-0.0017296313154302467,0.0017296313154302407
2024-03-21,1,448.97,448.05,448.05,stop,-1.0,-0.002049134686059273,0.0020491346860592374
2024-03-25,-1,443.13,444.09,444.09,stop,-1.0,-0.002166407149143623,0.002166407149143546
2024-03-26,1,446.775,445.85,445.85,stop,-1.0,-0.0020703933747411307,0.002070393374741099
2024-03-27,-1,445.19,446.54,444.935,close,0.18888888888888233,0.0005727891462071755,0.003032413126979543
2024-03-28,1,444.9,443.76,443.76,stop,-1.0,-0.0025623735670936565,0.0025623735670936986
2024-04-01,1,446.19,444.55,444.55,stop,-1.0,-0.0036755642215199336,0.0036755642215199496
2024-04-02,-1,439.45,440.19,440.19,stop,-1.0,-0.0016839230856753318,0.0016839230856752966
2024-04-03,1,439.77,438.95,442.06,close,2.7926829268293165,0.005207267435250351,0.0018646110466834782
2024-04-05,-1,436.46,437.59,437.59,stop,-1.0,-0.0025890115932731828,0.002589011593273142
2024-04-08,-1,440.43,441.6,441.6,stop,-1.0,-0.0026564947891833945,0.0026564947891833343
2024-04-09,-1,442.02,443.24,442.26,close,-0.19672131147541289,-0.0005429618569294803,0.0027600561060586114
2024-04-10,1,437.69,436.54,436.54,stop,-1.0,-0.0026274303730950965,0.002627430373095061
2024-04-11,-1,439.31,440.48,440.48,stop,-1.0,-0.002663267396599167,0.0026632673965992486
2024-04-12,1,441.84,440.74,440.74,stop,-1.0,-0.0024895889914900993,0.002489588991490055
2024-04-15,-1,440.46,442.15,430.99,close,5.603550295857978,0.021500249738909294,0.0038368977886754706
2024-04-17,-1,432.32,433.12,425.8,close,8.149999999999862,0.015081421169504061,0.0018504811250925504
2024-04-18,-1,425.31,426.61,426.61,stop,-1.0,-0.0030565940137781134,0.0030565940137782122
2024-04-19,-1,421.06,422.24,422.24,stop,-1.0,-0.0028024509571082934,0.002802450957108267
2024-04-22,-1,416.78,417.75,417.75,stop,-1.0,-0.0023273669561880705,0.0023273669561879825
2024-04-23,1,421.6,420.42,420.42,stop,-1.0,-0.0027988614800759093,0.0027988614800759175
2024-04-24,1,428.6998,427.75,427.75,stop,-1.0,-0.002215536373004978,0.0022155363730050307
2024-04-25,1,419.38,418.14,424.38,close,4.0322580645161,0.011922361581381935,0.0029567456721827676
2024-04-26,1,428.58,426.92,431.05,close,1.4879518072289606,0.005763218068971954,0.003873255868215895
2024-04-29,-1,432.83,433.76,432.74,close,0.09677419354835949,0.00020793383083417272,0.0021486495852875423
2024-04-30,1,431.65,430.87,430.87,gap-stop,-1.0,-0.0018070195760453434,0.001807019576045344
2024-05-01,-1,422.33,423.52,423.52,stop,-1.0,-0.002817701797172889,0.002817701797172822
2024-05-02,-1,424.39,425.76,425.76,stop,-1.0,-0.003228162774806309,0.0032281627748062033
2024-05-03,1,434.63,433.49,433.49,stop,-1.0,-0.002622920645146465,0.002622920645146415
2024-05-06,1,437.36,436.52,440.325,close,3.5297619047617412,0.006779312237058743,0.0019206145966710075
2024-05-07,-1,440.38,441.2914,441.2914,stop,-1.0,-0.002069576275035123,0.0020695762750352303
2024-05-08,1,438.29,437.55,440.08,close,2.41891891891884,0.00408405393689093,0.0016883798398320954
2024-05-09,-1,440.03,440.76,440.76,stop,-1.0,-0.0016589777969684416,0.00165897779696843
2024-05-10,1,443.5,442.13,442.13,stop,-1.0,-0.0030890642615558628,0.0030890642615558164
2024-05-13,-1,443.0287,444.09,443.1,close,-0.06718175822105964,-0.00016093765482905198,0.002395555863536516
2024-05-14,1,443.11,442.46,445.97,close,4.39999999999979,0.006454379273769462,0.0014669043804022344
2024-05-15,-1,448.015,449.0,449.0,stop,-1.0,-0.00219858710087828,0.002198587100878349
2024-05-16,1,452.969,452.53,452.53,stop,-1.0,-0.0009691612450301035,0.0009691612450300603
2024-05-20,1,453.07,451.785,454.92,close,1.4396887159533607,0.004083254243273826,0.00283620632573326
2024-05-21,1,453.63,452.84,455.8,close,2.7468354430379236,0.0047836342393581255,0.0017415073958953783
2024-05-22,-1,455.9909,456.52,456.52,stop,-1.0,-0.0011603301732556748,0.0011603301732555874
2024-05-23,-1,459.38,460.58,453.64,close,4.7833333333333865,0.012495102094126853,0.0026122164656710973
2024-05-24,1,455.61,454.61,454.61,stop,-1.0,-0.002194859638726121,0.0021948596387261032
2024-05-28,-1,458.73,459.56,459.56,stop,-1.0,-0.0018093431866239573,0.0018093431866239053
2024-05-29,1,456.41,455.34,456.53,close,0.11214953271022626,0.00026292149602324955,0.0023443833395413115
2024-05-30,-1,454.36,455.64,451.55,close,2.1953125000000484,0.006184523285500454,0.002817149396953897
2024-05-31,1,452.095,451.12,451.12,stop,-1.0,-0.002156626372775694,0.0021566263727756836
2024-06-03,1,454.97,454.19,454.19,stop,-1.0,-0.001714398751566093,0.0017143987515661021
2024-06-04,-1,451.63,453.15,453.15,stop,-1.0,-0.0033655868742110684,0.0033655868742111504
2024-06-05,-1,457.33,458.07,458.07,stop,-1.0,-0.001618087595390616,0.001618087595390657
2024-06-06,1,464.5,463.82,463.82,stop,-1.0,-0.0014639397201291482,0.001463939720129186
2024-06-07,1,463.0,461.84,462.97,close,-0.025862068965493163,-6.479481641463725e-05,0.0025053995680346113
2024-06-10,1,462.5,461.53,464.81,close,2.3814432989690073,0.004994594594594615,0.002097297297297356
2024-06-11,1,464.2,463.28,463.28,stop,-1.0,-0.0019819043515726387,0.001981904351572632
2024-06-12,1,472.84,471.29,474.14,close,0.8387096774193867,0.0027493443871076106,0.0032780644615513803
2024-06-14,1,476.69,476.05,479.1708,close,3.8762500000000637,0.005204220772409673,0.0013425916213891341
2024-06-17,-1,478.98,479.82,479.82,stop,-1.0,-0.00175372666917184,0.0017537266691719383
2024-06-18,1,485.518,484.7708,484.7708,stop,-1.0,-0.0015389748680789683,0.001538974868078967
2024-06-20,1,486.59,485.27,485.27,stop,-1.0,-0.00271275611911459,0.002712756119114641
2024-06-24,-1,477.86,479.21,479.21,stop,-1.0,-0.0028250952161721354,0.002825095216172029
2024-06-25,-1,475.63,476.24,476.24,stop,-1.0,-0.0012825095136976827,0.0012825095136976509
2024-06-26,1,479.08,478.33,478.33,stop,-1.0,-0.0015655005427068769,0.0015655005427068548
2024-06-27,1,481.675,480.12,480.12,stop,-1.0,-0.003228317849172213,0.0032283178491721736
2024-06-28,1,482.49,481.67,481.67,stop,-1.0,-0.0016995170884370747,0.001699517088437052
2024-07-01,-1,479.0,480.4,480.4,stop,-1.0,-0.0029227557411273253,0.002922755741127301
2024-07-02,1,481.75,480.28,487.01,close,3.5782312925169344,0.010918526206538548,0.0030513751946030666
2024-07-05,1,492.76,491.88,491.88,stop,-1.0,-0.001785859241821619,0.0017858592418215672
2024-07-08,-1,496.142,496.83,496.83,stop,-1.0,-0.0013866997754674593,0.0013866997754674835
2024-07-10,-1,499.17,499.92,499.92,stop,-1.0,-0.0015024941402728142,0.0015024941402728528
2024-07-11,-1,502.435,503.28,493.9850000000003,target,10.0,0.01681809587309746,0.0016818095873097423
2024-07-12,-1,492.12,493.16,493.16,stop,-1.0,-0.0021133056977973297,0.0021133056977973266
2024-07-15,1,497.34,496.4,496.4,stop,-1.0,-0.0018900550930952553,0.0018900550930952623
2024-07-16,1,498.16,497.19,497.19,stop,-1.0,-0.001947165569295084,0.0019471655692950604
2024-07-18,-1,484.34,485.71,479.53,close,3.510948905109479,0.009931040178387085,0.002828591485320239
2024-07-19,1,480.06,478.34,478.34,stop,-1.0,-0.0035828854726492887,0.003582885472649309
2024-07-22,1,481.27,479.44,479.44,stop,-1.0,-0.003802439379142597,0.003802439379142652
2024-07-23,1,481.955,480.87,480.87,stop,-1.0,-0.0022512475231090123,0.0022512475231089616
2024-07-24,-1,472.43,474.19,463.33,close,5.170454545454585,0.019262112905615747,0.0037254196388882815
2024-07-25,-1,461.81,463.95,463.95,stop,-1.0,-0.004633940365085243,0.004633940365085179
2024-07-26,-1,460.8932,462.71,462.71,stop,-1.0,-0.003941911054448299,0.00394191105444819
2024-07-29,1,465.9,464.2,464.2,stop,-1.0,-0.0036488516849109143,0.003648851684910901
2024-07-30,1,466.09,465.07,465.07,stop,-1.0,-0.00218841854577434,0.0021884185457743824
2024-07-31,1,468.348,466.41,471.04,close,1.3890608875129122,0.005747862700385298,0.0041379487048092195
2024-08-02,1,450.98,448.285,448.285,stop,-1.0,-0.0059758747616301955,0.005975874761630212
2024-08-05,1,428.29,423.45,435.75,close,1.5413223140495724,0.017418104555324554,0.01130075416189972
2024-08-06,-1,437.0,439.54,439.54,stop,-1.0,-0.0058123569794050756,0.005812356979405081
2024-08-07,1,448.12,446.15,446.15,stop,-1.0,-0.0043961438900295136,0.004396143890029517
2024-08-08,-1,439.8,441.43,441.43,stop,-1.0,-0.0037062301045929225,0.003706230104592986
2024-08-13,1,457.4013,455.68,462.6,close,3.0202172776390377,0.011365730705181765,0.0037632162392192267
2024-08-14,-1,462.76,464.43,464.43,stop,-1.0,-0.0036087820900683187,0.0036087820900683205
2024-08-15,1,469.72,468.38,474.49,close,3.5597014925372155,0.010154985949075934,0.0028527633483778248
2024-08-16,1,472.89,471.65,475.02,close,1.7177419354838548,0.00450421874008744,0.002622174290004037
2024-08-19,-1,474.68,475.38,475.38,stop,-1.0,-0.0014746776775933501,0.001474677677593302
2024-08-20,1,481.5,480.33,480.33,stop,-1.0,-0.002429906542056104,0.002429906542056108
2024-08-22,-1,484.6,485.54,475.20000000000005,target,10.0,0.019397441188609088,0.0019397441188609115
2024-08-23,1,479.42,478.02,478.02,stop,-1.0,-0.002920195235910139,0.002920195235910129
2024-08-26,-1,478.97,480.38,475.33,close,2.5815602836880323,0.0075996408960896655,0.002943816940518129
2024-08-27,-1,473.0,474.06,474.06,stop,-1.0,-0.002241014799154284,0.002241014799154339
2024-08-28,-1,476.17,477.02,471.28,close,5.75294117647087,0.010269441585988304,0.0017850767583005352
2024-08-29,1,475.49,472.78,472.78,stop,-1.0,-0.005699383793560386,0.005699383793560404
2024-08-30,-1,474.03,475.45,475.45,stop,-1.0,-0.0029955909963503835,0.002995590996350476
2024-09-03,-1,471.44,473.33,461.84,close,5.079365079365128,0.02036314271169193,0.004008993721364301
2024-09-04,1,459.9188,458.24,458.24,stop,-1.0,-0.0036502095587307437,0.0036502095587307303
2024-09-05,1,460.46,458.97,458.97,stop,-1.0,-0.0032358945402423123,0.003235894540242263
2024-09-06,-1,459.27,461.22,448.87,close,5.333333333333197,0.02264463169812958,0.0042458684433994065
2024-09-09,1,453.9146,452.465,452.465,stop,-1.0,-0.003193552267320876,0.00319355226732084
2024-09-10,-1,456.01,457.82,457.82,stop,-1.0,-0.003969211201508838,0.003969211201508744
2024-09-11,-1,458.45,459.94,459.94,stop,-1.0,-0.0032500817973606377,0.003250081797360692
2024-09-12,1,469.14,467.43,467.43,stop,-1.0,-0.003644967387133824,0.0036449673871338613
2024-09-13,1,473.45,472.25,475.34,close,1.5750000000000035,0.003991973809272409,0.00253458654556973
2024-09-16,-1,470.9,473.28,473.28,stop,-1.0,-0.005054151624548808,0.005054151624548727
2024-09-17,-1,475.69,477.05,477.05,stop,-1.0,-0.0028590048140595403,0.0028590048140596054
2024-09-18,-1,473.7,474.8299,474.8299,stop,-1.0,-0.002385264935613307,0.0023852649356133006
2024-09-19,-1,481.87,482.75,482.75,stop,-1.0,-0.0018262186896880195,0.0018262186896880806
2024-09-20,1,483.44,482.4196,482.4196,stop,-1.0,-0.0021107066026807564,0.0021107066026807776
2024-09-23,-1,481.93,483.14,483.14,stop,-1.0,-0.0025107380739941565,0.002510738073994106
2024-09-24,-1,483.69,484.89,484.89,stop,-1.0,-0.0024809278670221424,0.002480927867022243
2024-09-25,1,485.99,484.68,484.68,stop,-1.0,-0.0026955287145825624,0.0026955287145826092
2024-09-26,-1,491.99,493.7,489.44,close,1.491228070175463,0.005183032175450797,0.0034756804000080884
2024-09-27,-1,489.585,490.64,486.78,close,2.6587677725118377,0.005729342197984044,0.0021548862812382054
2024-09-30,1,487.12,485.53,485.53,stop,-1.0,-0.00326408277221224,0.0032640827722122514
2024-10-01,-1,485.55,488.0,481.17,close,1.7877551020408227,0.009020698177324649,0.0050458243229327335
2024-10-02,-1,479.61,480.92,480.92,stop,-1.0,-0.0027313859177249267,0.0027313859177248226
2024-10-03,1,481.36,479.37,479.37,stop,-1.0,-0.0041341199933522255,0.004134119993352187
2024-10-04,1,487.64,486.45,486.45,stop,-1.0,-0.002440324829792506,0.0024403248297924654
2024-10-07,1,485.95,484.8809,484.8809,stop,-1.0,-0.0022000205782487514,0.002200020578248774
2024-10-09,-1,488.3,489.17,489.17,stop,-1.0,-0.00178169158304331,0.0017816915830432204
2024-10-10,-1,490.435,491.6,491.6,stop,-1.0,-0.00237544220946706,0.0023754422094671474
2024-10-11,-1,490.255,490.92,490.92,stop,-1.0,-0.0013564369562779621,0.001356436956277897
2024-10-14,1,496.6,495.54,495.54,stop,-1.0,-0.002134514699959733,0.0021345146999597305
2024-10-15,1,498.12,497.191,497.191,stop,-1.0,-0.0018650124468000406,0.001865012446800029
2024-10-16,-1,489.8549,491.23,491.23,stop,-1.0,-0.002807157793052628,0.0028071577930526607
2024-10-17,-1,493.99,496.49,491.35,close,1.0559999999999945,0.00534423773760595,0.005060831190914796
2024-10-18,1,494.12,493.3,493.3,stop,-1.0,-0.001659515907067144,0.0016595159070670953
2024-10-21,1,494.09,493.12,493.12,stop,-1.0,-0.0019632050840939774,0.0019632050840939315
2024-10-22,1,493.1801,491.97,496.03,close,2.355094620279397,0.005778619210304647,0.0024536675344361105
2024-10-23,-1,492.95,494.25,488.37,close,3.52307692307688,0.009291003144335064,0.0026371842986104297
2024-10-24,-1,490.65,492.19,492.19,stop,-1.0,-0.0031386935697543805,0.0031386935697544495
2024-10-25,1,496.45,495.12,495.12,stop,-1.0,-0.002679021049451058,0.002679021049451071
2024-10-28,-1,497.04,498.52,495.4,close,1.1081081081081663,0.003299533236761687,0.00297762755512627
2024-10-29,-1,493.9301,496.08,496.08,stop,-1.0,-0.004352640181272571,0.004352640181272618
2024-10-30,-1,498.35,499.6,499.6,stop,-1.0,-0.0025082773151399174,0.0025082773151399616
2024-10-31,-1,489.65,492.43,483.9,close,2.068345323740985,0.01174308179311756,0.005677524762585581
2024-11-01,1,487.0,485.2,487.4,close,0.2222222222222082,0.000821355236139576,0.0036960985626283602
2024-11-04,-1,485.0,487.32,487.32,stop,-1.0,-0.0047835051546392116,0.004783505154639161
2024-11-05,1,489.12,487.52,492.25,close,1.9562499999999694,0.006399247628393834,0.003271180896303612
2024-11-06,1,502.0899,500.2708,500.2708,stop,-1.0,-0.003623056349072118,0.003623056349072132
2024-11-07,1,509.44,508.34,513.6,close,3.7818181818181262,0.00816582914572872,0.002159233668341753
2024-11-08,-1,513.02,514.156,514.156,stop,-1.0,-0.0022143386222759354,0.0022143386222758707
2024-11-11,-1,514.82,515.58,513.83,close,1.302631578947396,0.001923002214366254,0.0014762441241598827
2024-11-12,1,513.91,512.93,512.93,stop,-1.0,-0.001906948687513399,0.0019069486875134133
2024-11-14,1,512.7226,511.9099,511.9099,stop,-1.0,-0.0015850676369640881,0.0015850676369640491
2024-11-15,-1,502.3599,503.33,496.46,close,6.081744150087609,0.011744368927535831,0.001931085661893002
2024-11-18,1,498.15,497.2599,497.2599,stop,-1.0,-0.0017868112014453041,0.00178681120144527
2024-11-20,-1,502.2018,503.21,503.21,stop,-1.0,-0.002007559510937673,0.002007559510937611
2024-11-21,-1,503.98,506.96,504.98,close,-0.33557046979866206,-0.0019842057224492837,0.005912933052898848
2024-11-22,1,505.29,504.05,504.05,stop,-1.0,-0.0024540362959885043,0.00245403629598846
2024-11-25,1,510.05,508.49,508.49,stop,-1.0,-0.0030585236741496047,0.0030585236741495977
2024-11-26,1,509.45,508.08,508.08,stop,-1.0,-0.002689174600058908,0.002689174600058896
2024-11-27,-1,506.58,508.24,505.28,close,0.783132530120477,0.0025662284338110464,0.0032768763077895397
2024-12-02,1,512.92,510.62,515.3,close,1.0347826086956706,0.0046400998206348465,0.004484130078764631
2024-12-03,1,514.64,513.37,516.91,close,1.7874015748031609,0.004410850303124381,0.002467744442717204
2024-12-04,-1,519.88,520.77,520.77,stop,-1.0,-0.0017119335231206012,0.001711933523120694
2024-12-05,1,523.64,522.88,522.88,stop,-1.0,-0.0014513788098693414,0.0014513788098693586
2024-12-06,1,523.46,522.35,526.51,close,2.747747747747673,0.005826615214151953,0.002120505864822553
2024-12-09,1,526.23,524.75,524.75,stop,-1.0,-0.002812458430724196,0.0028124584307242426
2024-12-10,1,523.62,522.8,522.8,stop,-1.0,-0.0015660211603836238,0.0015660211603835798
2024-12-11,1,525.69,524.59,529.94,close,3.863636363636284,0.008084612604386532,0.002092487968194226
2024-12-12,-1,526.7611,527.75,527.75,stop,-1.0,-0.001877321616952976,0.001877321616953006
2024-12-13,1,531.0,530.29,530.29,stop,-1.0,-0.001337099811676179,0.0013370998116761514
2024-12-16,1,533.995,533.0,538.2,close,4.226130653266353,0.007874605567467885,0.0018633133269038184
2024-12-17,-1,535.2001,536.44,536.44,stop,-1.0,-0.0023167036030076193,0.002316703603007612
2024-12-18,-1,533.77,535.67,535.67,stop,-1.0,-0.003559585589298697,0.0035595855892987193
2024-12-19,-1,520.39,521.7599,514.17,close,4.54047740710993,0.01195257403101524,0.002632448740367858
2024-12-20,1,510.75,509.81,509.81,stop,-1.0,-0.0018404307391091113,0.0018404307391091488
2024-12-23,1,520.7783,519.25,519.25,stop,-1.0,-0.002934646086444004,0.002934646086443972
2024-12-26,1,529.0299,528.2,528.2,stop,-1.0,-0.0015687204069183558,0.001568720406918309
2024-12-27,-1,524.26,526.45,522.57,close,0.7716894977168488,0.0032235913478043665,0.00417731659863437
2024-12-30,-1,513.88,515.71,515.71,stop,-1.0,-0.0035611426792248047,0.0035611426792248016
2024-12-31,-1,516.36,517.66,511.21,close,3.9615384615386264,0.00997366178635073,0.0025176233635447257
2025-01-02,-1,512.39,514.92,514.92,stop,-1.0,-0.004937645153106018,0.004937645153105979
2025-01-03,1,514.96,512.96,512.96,stop,-1.0,-0.003883796799751482,0.0038837967997514366
2025-01-06,1,525.29,523.76,523.76,stop,-1.0,-0.0029126768070969478,0.0029126768070969803
2025-01-07,-1,524.57,525.99,515.15,close,6.6338028169016505,0.01795756524391423,0.002706979049507137
2025-01-10,-1,509.63,511.58,507.21,close,1.2410256410256564,0.004748543060651866,0.003826305358789688
2025-01-13,-1,500.69,501.69,501.69,stop,-1.0,-0.001997243803551152,0.0019972438035510995
2025-01-14,1,509.02,507.5,507.5,stop,-1.0,-0.0029861302109935872,0.0029861302109936384
2025-01-15,-1,512.37,513.84,513.84,stop,-1.0,-0.0028690204344516967,0.002869020434451719
2025-01-16,-1,516.84,519.0599,513.07,close,1.6982746970584648,0.007294327064468642,0.0042951396950699225
2025-01-17,-1,520.51,523.05,523.05,stop,-1.0,-0.004879829398090285,0.004879829398090264
2025-01-21,-1,523.87,524.69,524.69,stop,-1.0,-0.0015652738274762878,0.0015652738274763778
2025-01-22,1,531.1994,529.26,531.51,close,0.16015262452306164,0.0005847145158672795,0.003650983039513934
2025-01-23,1,529.29,528.45,532.72,close,4.083333333333807,0.006480379376145429,0.0015870316839538216
2025-01-24,-1,532.15,533.1725,533.1725,stop,-1.0,-0.0019214507187823582,0.0019214507187823666
2025-01-27,1,514.5,510.53,510.53,stop,-1.0,-0.007716229348882497,0.0077162293488824635
2025-01-28,-1,513.7458,515.63,515.63,stop,-1.0,-0.003667572562150223,0.0036675725621503168
2025-01-29,-1,520.84,522.59,520.78,close,0.034285714285748066,0.00011519852545893716,0.0033599569925504952
2025-01-30,-1,522.95,524.16,524.16,stop,-1.0,-0.002313796730088802,0.0023137967300887706
2025-01-31,-1,526.74,528.4599,528.4599,stop,-1.0,-0.0032651782663173368,0.003265178266317232
2025-02-03,1,514.42,512.57,512.57,stop,-1.0,-0.003596283192721761,0.003596283192721724
2025-02-04,1,519.665,518.23,524.54,close,3.397212543554136,0.009381043556906832,0.0027613943598278614
2025-02-05,1,522.07,521.04,521.04,stop,-1.0,-0.0019729155094145856,0.0019729155094146116
2025-02-06,1,527.42,526.4,526.4,stop,-1.0,-0.0019339425884493666,0.0019339425884493987
2025-02-07,1,531.76,529.79,529.79,stop,-1.0,-0.003704678802467276,0.00370467880246733
2025-02-10,1,527.62,526.75,529.215,close,1.833333333333355,0.0030230089837384178,0.0016489139911299885
2025-02-11,1,527.73,525.83,527.95,close,0.11578947368422628,0.00041687984385951893,0.00360032592424152
2025-02-12,1,523.35,521.95,528.32,close,3.550000000000077,0.009496512849909378,0.0026750740422279108
2025-02-14,-1,535.8,536.83,536.83,stop,-1.0,-0.0019223590892125664,0.001922359089212554
2025-02-18,-1,538.93,540.0,539.32,close,-0.3644859813084877,-0.0007236561334498237,0.0019854155456182623
2025-02-19,1,538.67,537.76,537.76,stop,-1.0,-0.0016893459817698409,0.0016893459817698558
2025-02-20,-1,537.831,539.1,537.19,close,0.5051221434199842,0.0011918241975638066,0.0023594772335547884
2025-02-21,-1,537.1,538.4,526.1,close,8.461538461538758,0.020480357475330502,0.0024204058834480626
2025-02-24,-1,527.4005,529.069,519.83,close,4.537308960143811,0.01435436636863241,0.003163629916922708
2025-02-28,1,500.1701,496.93,508.22,close,2.4844603561618706,0.016094324710733465,0.006477996185697594
2025-03-03,-1,510.7,513.04,497.32,close,5.717948717948777,0.02619933424711185,0.00458194634814955
2025-03-04,1,494.7,492.23,492.23,stop,-1.0,-0.00499292500505355,0.0049929250050535084
2025-03-05,-1,495.29,496.83,496.83,stop,-1.0,-0.0031092895071573867,0.0031092895071573494
2025-03-07,1,488.78,486.92,486.92,stop,-1.0,-0.0038053930193542307,0.0038053930193542224
2025-03-10,1,483.86,481.19,481.19,stop,-1.0,-0.005518125077501823,0.005518125077501789
2025-03-11,1,473.3,471.4915,471.4915,stop,-1.0,-0.0038210437354744275,0.003821043735474409
2025-03-13,-1,474.73,476.2801,468.39,close,4.09005870589,0.013354959661281196,0.00326522444336778
2025-03-14,1,475.72,473.4608,473.4608,stop,-1.0,-0.004749012023879673,0.004749012023879637
2025-03-17,1,481.0,479.18,479.18,stop,-1.0,-0.003783783783783745,0.0037837837837837694
2025-03-18,-1,477.9798,479.61,474.73,close,1.993497730339829,0.006799032092988044,0.0034106043811893347
2025-03-19,-1,476.3201,477.46,477.46,stop,-1.0,-0.0023931385637514513,0.0023931385637514656
2025-03-20,1,478.975,476.18,479.29,close,0.1127012522361345,0.000657654366094329,0.005835377629312627
2025-03-21,-1,473.3,475.4,475.4,stop,-1.0,-0.004436932178322417,0.004436932178322345
2025-03-24,1,488.2,487.12,490.45,close,2.083333333333364,0.004608766898811956,0.0022122081114297094
2025-03-25,-1,491.02,491.84,491.84,stop,-1.0,-0.0016699930756385317,0.001669993075638453
2025-03-26,1,492.81,491.69,491.69,stop,-1.0,-0.0022726811550090043,0.002272681155009039
2025-03-27,-1,481.17,483.4,483.4,stop,-1.0,-0.0046345366502482666,0.004634536650248273
2025-03-28,1,479.9,478.07,478.07,stop,-1.0,-0.0038132944363408194,0.0038132944363408715
2025-03-31,-1,458.24,462.52,462.52,stop,-1.0,-0.009340083798882626,0.009340083798882622
2025-04-01,-1,466.5,468.5392,468.5392,stop,-1.0,-0.004371275455519852,0.004371275455519815
2025-04-02,1,468.3,465.86,476.15,close,3.217213114754087,0.016762758915225273,0.0052103352551782995
2025-04-03,1,459.69,456.11,456.11,stop,-1.0,-0.00778785703408813,0.0077878570340881555
2025-04-04,-1,436.71,440.37,423.2012,close,3.690928961748611,0.03093311350781991,0.008380847702136486
2025-04-07,-1,406.74,410.0,410.0,stop,-1.0,-0.008014948124108745,0.008014948124108745
2025-04-08,-1,437.2248,439.44,439.44,stop,-1.0,-0.005066501259763712,0.005066501259763814
2025-04-09,1,419.27,415.43,457.66999999999973,target,10.0,0.09158775967753408,0.009158775967753417
2025-04-10,-1,452.44,455.59,446.19,close,1.9841269841269984,0.013813986384935029,0.0069622491380072
2025-04-11,1,446.2797,443.21,443.21,stop,-1.0,-0.0068784217610615705,0.006878421761061531
2025-04-14,-1,463.0763,465.05,457.41,close,2.870902366114382,0.012236212477295783,0.004262148591927525
2025-04-15,1,459.91,458.14,458.14,stop,-1.0,-0.003848579069818059,0.003848579069818092
2025-04-16,1,450.81,448.72,448.72,stop,-1.0,-0.004636099465406662,0.004636099465406657
2025-04-17,-1,444.98,447.37,447.37,stop,-1.0,-0.005371027911366788,0.005371027911366772
2025-04-21,-1,438.08,439.08,428.08,target,10.0,0.02282688093498908,0.0022826880934989045
2025-04-22,-1,437.74,439.03,439.03,stop,-1.0,-0.0029469548133593815,0.0029469548133594452
2025-04-25,1,467.65,465.89,465.89,stop,-1.0,-0.0037634983427776714,0.003763498342777699
2025-04-28,-1,471.59,473.62,473.62,stop,-1.0,-0.0043045866112514375,0.004304586611251362
2025-04-29,-1,469.75,471.21,471.21,stop,-1.0,-0.0031080361894624264,0.0031080361894624364
2025-05-01,-1,482.05,483.89,483.89,stop,-1.0,-0.003817031428275053,0.0038170314282750233
2025-05-02,-1,486.13,487.64,487.64,stop,-1.0,-0.0031061650175878697,0.0031061650175878692
2025-05-05,1,485.29,484.24,484.24,stop,-1.0,-0.0021636547219189284,0.002163654721918876
2025-05-06,1,480.72,479.16,479.16,stop,-1.0,-0.0032451323015476596,0.003245132301547683
2025-05-07,1,482.6188,481.3,481.3,stop,-1.0,-0.0027325914365541326,0.002732591436554088
2025-05-08,-1,487.27,488.74,488.74,stop,-1.0,-0.0030168079298951156,0.0030168079298951863
2025-05-09,1,491.08,490.2,490.2,stop,-1.0,-0.001791968722000492,0.0017919687220004795
2025-05-12,-1,504.18,507.06,507.06,stop,-1.0,-0.005712245626561918,0.005712245626561933
2025-05-13,1,510.0,508.42,515.58,close,3.5316455696203146,0.010941176470588232,0.003098039215686243
2025-05-14,1,518.7,516.69,516.69,stop,-1.0,-0.0038750722961249373,0.00387507229612491
2025-05-15,1,517.36,516.01,516.01,stop,-1.0,-0.002609401577238324,0.0026094015772383304
2025-05-16,-1,519.47,520.72,520.72,stop,-1.0,-0.002406298727549272,0.002406298727549233
2025-05-19,1,515.75,514.24,522.03,close,4.158940397351,0.012176442074648408,0.002927775084827903
2025-05-20,-1,519.32,520.05,520.05,stop,-1.0,-0.0014056843564660415,0.001405684356465964
2025-05-21,1,517.8594,516.21,516.21,stop,-1.0,-0.0031850343935052594,0.003185034393505291
2025-05-22,-1,512.47,514.86,514.86,stop,-1.0,-0.004663687630495517,0.004663687630495417
2025-05-23,1,507.99,505.58,509.2865,close,0.5379668049792394,0.0025522155947952374,0.004744187877714178
2025-05-27,-1,515.31,516.8,516.8,stop,-1.0,-0.002891463390968463,0.0028914633909685613
2025-05-28,1,522.71,521.85,521.85,stop,-1.0,-0.001645271756805955,0.0016452717568059031
2025-05-29,-1,524.02,526.48,519.96,close,1.650406504064994,0.007747795885653108,0.004694477310026405
2025-05-30,-1,518.14,519.66,519.66,stop,-1.0,-0.0029335700775852125,0.0029335700775851735
2025-06-02,1,520.2901,517.22,517.22,stop,-1.0,-0.005900746525832501,0.005900746525832463
2025-06-03,-1,522.95,524.77,524.77,stop,-1.0,-0.0034802562386460068,0.00348025623864602
2025-06-04,1,528.78,527.84,527.84,stop,-1.0,-0.0017776769166759632,0.0017776769166760107
2025-06-05,-1,528.97,530.85,530.85,stop,-1.0,-0.003554076790744265,0.003554076790744268
2025-06-06,1,530.56,529.3,529.3,stop,-1.0,-0.002374849215922792,0.0023748492159227814
2025-06-09,-1,529.66,530.55,530.55,stop,-1.0,-0.0016803232262205814,0.0016803232262205686
2025-06-10,1,531.86,530.75,530.75,stop,-1.0,-0.0020870153799872337,0.0020870153799872402
2025-06-11,-1,534.33,535.81,535.81,stop,-1.0,-0.0027698238916022966,0.002769823891602389
2025-06-12,1,532.11,530.84,533.66,close,1.2204724409448635,0.0029129315367122377,0.0023867245494352328
2025-06-13,1,530.01,527.25,527.25,stop,-1.0,-0.005207448916058177,0.00520744891605817
2025-06-16,1,532.48,530.45,534.27,close,0.8817733990147723,0.0033616286057691624,0.0038123497596153333
2025-06-17,-1,531.49,532.78,532.78,stop,-1.0,-0.002427138798472228,0.002427138798472151
2025-06-18,1,530.15,528.48,528.48,stop,-1.0,-0.003150051872111592,0.0031500518721115896
2025-06-20,1,532.83,531.4,531.4,stop,-1.0,-0.002683782820036562,0.0026837828200365287
2025-06-23,1,526.84,524.16,524.16,stop,-1.0,-0.005086933414319428,0.005086933414319458
2025-06-24,1,537.56,536.27,539.735,close,1.6860465116280074,0.004046059974700533,0.0023997321229257454
2025-06-25,1,542.785,541.94,541.94,stop,-1.0,-0.0015567858360122644,0.0015567858360122583
2025-06-26,-1,542.5,543.7,543.7,stop,-1.0,-0.0022119815668204534,0.00221198156682036
2025-06-27,1,547.74,546.74,546.74,stop,-1.0,-0.0018256837185526287,0.0018256837185525979
2025-06-30,-1,549.94,551.31,551.31,stop,-1.0,-0.0024911808560932336,0.0024911808560931933
2025-07-01,-1,549.5,550.15,550.15,stop,-1.0,-0.0011828935395814533,0.0011828935395813962
2025-07-02,1,547.045,546.12,550.81,close,4.070270270270456,0.006882431975431702,0.0016909029421710363
2025-07-07,1,554.27,552.49,552.49,stop,-1.0,-0.0032114312519169186,0.0032114312519168865
2025-07-08,-1,552.5,553.55,553.55,stop,-1.0,-0.0019004524886876428,0.0019004524886877005
2025-07-09,1,555.6853,554.47,554.47,stop,-1.0,-0.002187029241190963,0.002187029241190934
2025-07-10,-1,555.69,557.3,555.47,close,0.1366459627329447,0.0003959041911857364,0.0028972988536772296
2025-07-11,-1,553.18,554.33,554.33,stop,-1.0,-0.0020788893307785994,0.002078889330778573
2025-07-14,-1,553.52,554.87,554.87,stop,-1.0,-0.0024389362624657185,0.0024389362624657154
2025-07-15,-1,559.341,560.8,556.7,close,1.8101439342015488,0.00472162777268248,0.002608426702136883
2025-07-16,-1,556.02,557.67,557.67,stop,-1.0,-0.002967519153987297,0.002967519153987226
2025-07-17,1,558.425,557.21,561.8,close,2.777777777777965,0.006043783856381824,0.0021757621882972974
2025-07-18,-1,562.35,563.32,561.26,close,1.1237113402061867,0.001938294656352868,0.0017249044189562145
2025-07-21,1,563.17,562.06,564.16,close,0.8918918918918891,0.0017579061384662698,0.001970985670401502
2025-07-22,-1,562.718,564.35,561.29,close,0.8749999999999651,0.002537683173454597,0.0029002093410910295
2025-07-23,-1,560.45,562.37,562.37,stop,-1.0,-0.0034258185386741857,0.003425818538674206
2025-07-24,-1,564.39,565.72,565.72,stop,-1.0,-0.002356526515352897,0.0023565265153529316
2025-07-28,1,568.38,567.54,567.54,stop,-1.0,-0.0014778845138816443,0.0014778845138816142
2025-07-29,1,571.73,570.71,570.71,stop,-1.0,-0.0017840589089255232,0.00178405890892551
2025-07-30,1,568.27,567.27,567.27,stop,-1.0,-0.0017597268903866148,0.001759726890386612
2025-07-31,-1,572.28,574.63,565.0,close,3.09787234042549,0.01272104564199339,0.0041063814915775895
2025-08-01,-1,556.76,559.02,553.85,close,1.2876106194690176,0.005226668582513083,0.004059199655147624
2025-08-04,1,559.95,558.95,564.1,close,4.149999999999977,0.007411376015715732,0.001785873738726672
2025-08-05,1,565.615,564.315,564.315,stop,-1.0,-0.0022983831758350837,0.0022983831758350724
2025-08-07,1,572.34,571.2,571.2,stop,-1.0,-0.0019918230422475425,0.001991823042247591
2025-08-08,1,571.23,570.15,574.55,close,3.0740740740738985,0.005812019676837643,0.0018906570033087214
2025-08-11,1,575.04,573.83,573.83,stop,-1.0,-0.002104201446855747,0.0021042014468557364
2025-08-12,1,576.33,574.61,574.61,stop,-1.0,-0.0029844012978675893,0.0029844012978675885
2025-08-13,1,583.2956,582.38,582.38,stop,-1.0,-0.0015697015372652112,0.0015697015372652225
2025-08-14,1,579.41,577.91,579.86,close,0.3000000000000303,0.0007766521116308045,0.0025888403721026562
2025-08-15,-1,578.38,579.84,577.23,close,0.7876712328766772,0.001988312182302221,0.002524291987966452
2025-08-18,1,577.58,576.41,576.41,stop,-1.0,-0.0020256934104367907,0.002025693410436775
2025-08-19,-1,574.03,576.56,569.28,close,1.8774703557312455,0.008274828841698167,0.004407435151472872
2025-08-20,-1,566.75,568.45,565.85,close,0.5294117647058548,0.0015880017644464006,0.002999558888398845
2025-08-21,1,564.66,562.88,562.88,stop,-1.0,-0.0031523394609145328,0.0031523394609144846
2025-08-22,1,564.85,563.27,571.99,close,4.518987341772026,0.012640524032929035,0.0027972027972028696
2025-08-25,1,570.92,569.16,570.35,close,-0.3238636363636019,-0.0009983885658234604,0.003082743641841223
2025-08-26,-1,569.76,570.9,570.9,stop,-1.0,-0.00200084245998311,0.0020008424599831267
2025-08-27,1,572.06,571.22,571.22,stop,-1.0,-0.0014683774429253837,0.0014683774429254243
2025-08-28,-1,573.84,576.53,576.53,stop,-1.0,-0.004687717830754057,0.004687717830754114
2025-08-29,-1,574.14,575.03,570.31,close,4.3033707865169655,0.006670846831783206,0.0015501445640435892
2025-09-02,1,561.36,559.535,565.62,close,2.3342465753424024,0.00758871312526721,0.0032510332050734742
2025-09-03,-1,568.21,569.6,569.6,stop,-1.0,-0.0024462786645782497,0.002446278664578213
2025-09-04,1,572.05,570.18,570.18,stop,-1.0,-0.00326894502228825,0.00326894502228827
2025-09-05,-1,579.78,581.12,576.03,close,2.7985074626865005,0.006467970609541518,0.0023112214978095688
2025-09-08,1,579.22,578.07,578.07,stop,-1.0,-0.0019854286799488863,0.0019854286799488577
2025-09-09,-1,579.38,580.2,580.2,stop,-1.0,-0.0014153060167765297,0.0014153060167766407
2025-09-10,-1,582.11,583.77,580.7,close,0.8493975903614429,0.002422222603975177,0.002851694696878542
2025-09-11,-1,583.015,583.73,583.73,stop,-1.0,-0.0012263835407322343,0.001226383540732283
2025-09-12,-1,584.69,585.57,585.57,stop,-1.0,-0.0015050710632984465,0.001505071063298492
2025-09-15,1,589.34,588.295,591.7,close,2.2583732057414827,0.004004479587335075,0.001773169986764979
2025-09-16,-1,591.87,592.86,591.17,close,0.7070707070707465,0.0011826921452346983,0.001672664605403229
2025-09-17,-1,590.48,591.57,591.57,stop,-1.0,-0.0018459558325429892,0.0018459558325430697
2025-09-18,1,595.61,594.32,594.32,stop,-1.0,-0.002165846778932501,0.002165846778932462
2025-09-19,-1,596.72,597.65,597.65,stop,-1.0,-0.0015585199088348212,0.0015585199088348806
2025-09-22,1,598.75,597.72,602.24,close,3.388349514563205,0.005828810020876762,0.0017202505219206226
2025-09-23,-1,602.01,602.57,598.14,close,6.910714285713564,0.006428464643444487,0.0009302171060282373
2025-09-24,-1,598.22,599.9,596.06,close,1.2857142857143726,0.003610711778275655,0.0028083313831031224
2025-09-25,-1,590.78,592.23,592.23,stop,-1.0,-0.0024543823419886923,0.0024543823419886346
2025-09-26,1,595.45,592.96,592.96,stop,-1.0,-0.004181711310773384,0.0041817113107733795
2025-09-29,1,599.99,599.045,599.045,stop,-1.0,-0.0015750262504375945,0.0015750262504375906
2025-09-30,-1,596.94,598.67,598.67,stop,-1.0,-0.0028981137132708668,0.0028981137132708555
2025-10-01,1,598.91,596.7,596.7,stop,-1.0,-0.0036900369003688427,0.0036900369003688748
2025-10-02,-1,605.83,607.16,605.7,close,0.09774436090225756,0.0002145816483172247,0.002195335325091077
2025-10-03,-1,606.24,607.25,607.25,stop,-1.0,-0.0016660068619689383,0.0016660068619688423
2025-10-06,-1,607.04,608.6188,608.6188,stop,-1.0,-0.002600817079599471,0.0026008170795993693
2025-10-07,1,609.3,608.58,608.58,stop,-1.0,-0.0011816838995567513,0.0011816838995567268
2025-10-08,1,606.69,605.26,611.45,close,3.328671328671174,0.007845852082612126,0.0023570522012890662
2025-10-09,-1,610.72,611.61,610.7,close,0.02247191011233946,3.2748231595491895e-05,0.0014572963059994537
2025-10-10,1,612.21,610.96,610.96,stop,-1.0,-0.002041783048300383,0.00204178304830042
2025-10-13,-1,598.06,600.11,600.11,stop,-1.0,-0.0034277497241079757,0.0034277497241080633
2025-10-14,-1,593.36,595.33,595.33,stop,-1.0,-0.003320075502224684,0.003320075502224665
2025-10-15,-1,602.71,604.04,604.04,stop,-1.0,-0.002206699739509821,0.0022066997395097593
2025-10-16,-1,605.02,606.55,606.55,stop,-1.0,-0.0025288420217512986,0.002528842021751302
2025-10-17,1,599.27,597.08,597.08,stop,-1.0,-0.003654446242928766,0.003654446242928798
2025-10-20,1,609.13,607.065,611.55,close,1.1719128329297959,0.00397287935251911,0.003390080935104068
2025-10-21,-1,610.55,611.72,611.72,stop,-1.0,-0.0019163049709278734,0.0019163049709279712
2025-10-22,-1,608.8,610.95,610.95,stop,-1.0,-0.003531537450722988,0.003531537450722883
2025-10-23,1,605.57,604.52,610.6,close,4.790476190475854,0.00830622388823743,0.0017339035949602327
2025-10-24,1,616.65,615.13,617.02,close,0.24342105263158484,0.0006000162166546197,0.0024649314846346905
2025-10-27,-1,624.48,625.53,625.53,stop,-1.0,-0.00168139892390462,0.0016813989239046158
2025-10-28,-1,630.285,631.36,631.36,stop,-1.0,-0.001705577635514155,0.0017055776355141652
2025-10-29,-1,635.55,636.22,636.22,stop,-1.0,-0.0010542050192747787,0.0010542050192747586
2025-10-30,-1,630.17,632.19,632.19,stop,-1.0,-0.0032054842344131362,0.003205484234413088
2025-10-31,-1,632.89,634.2,629.19,close,2.824427480915851,0.005846197601478864,0.0020698699616047956
2025-11-03,-1,634.88,635.82,632.11,close,2.9468085106381077,0.004363029233870885,0.0014805947580646022
2025-11-04,1,623.6199,621.3687,621.3687,stop,-1.0,-0.0036098912173906372,0.0036098912173906567
2025-11-05,-1,617.51,619.33,619.33,stop,-1.0,-0.0029473206911629912,0.0029473206911629773
2025-11-06,-1,620.78,622.04,611.7,close,7.2063492063492,0.014626759882728102,0.0020297045652243806
2025-11-07,-1,606.79,608.33,608.33,stop,-1.0,-0.002537945582491652,0.002537945582491599
2025-11-10,1,620.17,618.56,618.56,stop,-1.0,-0.0025960623699953222,0.002596062369995346
2025-11-11,1,621.31,620.35,620.35,stop,-1.0,-0.0015451224026652444,0.0015451224026652118
2025-11-12,-1,622.33,624.86,621.04,close,0.5098814229249372,0.0020728552375750553,0.004065367248887202
2025-11-13,-1,616.34,618.12,608.41,close,4.455056179775385,0.012866275107895064,0.0028880163546094245
2025-11-14,1,600.43,597.17,608.82,close,2.5736196319018783,0.013973319121296512,0.005429442233066288
2025-11-17,1,608.72,605.24,605.24,stop,-1.0,-0.005716914180575627,0.005716914180575664
2025-11-18,-1,598.29,602.31,596.33,close,0.4875621890547093,0.003276003276003192,0.006719149576292403
2025-11-19,1,598.05,596.14,596.14,stop,-1.0,-0.00319371290025916,0.0031937129002591225
2025-11-20,-1,610.21,612.38,612.38,stop,-1.0,-0.003556152799855772,0.00355615279985572
2025-11-21,-1,586.44,589.35,589.35,stop,-1.0,-0.004962144464906837,0.004962144464906841
2025-11-24,1,599.18,595.16,605.31,close,1.524875621890553,0.010230648553022359,0.006709169197903772
2025-11-25,-1,602.55,604.07,604.07,stop,-1.0,-0.0025226122313501964,0.002522612231350254
2025-11-26,-1,612.17,613.66,613.66,stop,-1.0,-0.002433964421647561,0.0024339644216475964
2025-12-01,1,614.69,613.13,613.13,stop,-1.0,-0.002537864614683971,0.0025378646146839204
2025-12-02,1,620.3,618.98,618.98,stop,-1.0,-0.002128002579396937,0.0021280025793969635
2025-12-03,-1,618.71,620.65,620.65,stop,-1.0,-0.003135556237978898,0.003135556237978925
2025-12-04,-1,621.28,624.94,622.86,close,-0.4316939890710398,-0.0025431367499357815,0.005891063610610485
2025-12-05,1,626.67,624.35,624.35,stop,-1.0,-0.0037021079675106927,0.0037021079675107096
2025-12-08,-1,626.87,628.84,624.18,close,1.365482233502547,0.004291160846746633,0.0031425973487326357
2025-12-09,1,623.52,621.62,621.62,stop,-1.0,-0.003047215807031045,0.003047215807031013
2025-12-10,-1,622.92,624.22,624.22,stop,-1.0,-0.0020869453541387806,0.002086945354138683
2025-12-11,-1,621.92,623.97,623.97,stop,-1.0,-0.003296243889889583,0.003296243889889485
2025-12-12,1,622.76,621.3,621.3,stop,-1.0,-0.00234440233797939,0.0023444023379793765
2025-12-15,-1,616.14,618.42,610.49,close,2.4780701754386163,0.009169993832570444,0.0037004576881877055
2025-12-16,1,610.3,607.73,607.73,stop,-1.0,-0.004211043748975851,0.00421104374897581
2025-12-17,-1,612.37,613.65,600.36,close,9.382812500000194,0.019612325881411596,0.0020902395610496475
2025-12-18,-1,609.25,610.95,610.95,stop,-1.0,-0.0027903159622486573,0.002790315962248741
2025-12-19,1,614.33,611.87,617.24,close,1.1829268292682622,0.004736867807204614,0.004004362476193636
2025-12-22,-1,619.28,621.65,619.16,close,0.05063291139240689,0.0001937734142876124,0.0038270249321793125
2025-12-23,1,620.41,618.05,618.05,stop,-1.0,-0.003803936106768102,0.0038039361067681273
2025-12-26,1,624.95,623.86,623.86,stop,-1.0,-0.0017441395311625918,0.0017441395311625439
2025-12-29,1,620.565,619.11,619.11,stop,-1.0,-0.0023446375480409287,0.002344637548040964
2025-12-30,-1,619.73,620.8,620.8,stop,-1.0,-0.0017265583399221907,0.0017265583399221215
2025-12-31,-1,618.978,619.96,614.28,close,4.784114052952724,0.00758993049833756,0.0015864861109766175
2026-01-02,-1,619.305,621.18,621.18,stop,-1.0,-0.003027587376171592,0.0030275873761716767
2026-01-05,-1,617.79,619.98,619.98,stop,-1.0,-0.0035448938959841136,0.003544893895984161
2026-01-06,-1,619.115,620.16,620.16,stop,-1.0,-0.0016878932023935977,0.0016878932023936734
2026-01-07,1,623.8,622.56,624.06,close,0.20967741935482984,0.00041680025649237784,0.001987816607887158
2026-01-08,-1,620.77,623.42,620.43,close,0.12830188679246593,0.0005477068801650331,0.004268891860109183
2026-01-09,1,621.41,619.84,619.84,stop,-1.0,-0.0025265122865739675,0.0025265122865739792
2026-01-12,1,625.04,622.26,627.19,close,0.773381294964069,0.0034397798540894975,0.004447715346217799
2026-01-13,1,628.14,626.79,626.79,stop,-1.0,-0.0021492024071066984,0.0021492024071067322
2026-01-14,1,623.42,620.53,620.53,stop,-1.0,-0.004635719097879409,0.004635719097879418
2026-01-15,-1,625.59,627.13,627.13,stop,-1.0,-0.00246167617768811,0.002461676177688204
2026-01-16,-1,624.73,626.08,621.04,close,2.7333333333333276,0.005906551630304402,0.002160933523282094
2026-01-20,1,613.05,610.32,610.32,stop,-1.0,-0.004453144115488028,0.004453144115487978
2026-01-21,-1,608.39,610.14,610.14,stop,-1.0,-0.0028764443860023192,0.0028764443860024
2026-01-22,-1,620.815,622.46,620.78,close,0.021276595744730845,5.6377503765303594e-05,0.0026497426769649278
2026-01-23,-1,619.19,620.8,620.8,stop,-1.0,-0.0026001711913949954,0.002600171191395048
2026-01-26,1,623.84,622.12,625.48,close,0.9534883720930002,0.00262887919979482,0.0027571172095409513
2026-01-27,-1,628.25,629.62,629.62,stop,-1.0,-0.0021806605650616095,0.0021806605650616863
2026-01-28,-1,634.93,636.32,636.32,stop,-1.0,-0.0021892177090390152,0.0021892177090389493
2026-01-29,-1,631.48,633.67,629.36,close,0.9680365296803936,0.0033571926268448626,0.0034680433267877697
2026-01-30,1,627.69,625.2,625.2,stop,-1.0,-0.003966926348993982,0.003966926348993944
2026-02-02,1,621.77,618.66,626.24,close,1.4372990353697774,0.007189153545523297,0.005001849558518445
2026-02-03,-1,625.96,628.7,628.7,stop,-1.0,-0.0043772765032910055,0.0043772765032909595
2026-02-04,1,615.07,611.29,611.29,stop,-1.0,-0.006145641959451886,0.00614564195945191
2026-02-05,1,601.26,597.35,597.35,stop,-1.0,-0.006503010344942273,0.006503010344942235
2026-02-06,1,603.24,598.77,609.63,close,1.4295302013422702,0.010592798886015498,0.007409986075193998
2026-02-09,1,607.92,605.07,614.33,close,2.2491228070176446,0.010544150546124564,0.004688116857481098
2026-02-10,-1,614.63,616.14,616.14,stop,-1.0,-0.0024567626051446023,0.0024567626051445438
2026-02-11,-1,615.17,617.52,613.0,close,0.9234042553191226,0.003527480208722733,0.0038200822536860104
2026-02-12,1,615.4699,614.05,614.05,stop,-1.0,-0.0023070177761741473,0.0023070177761741035
2026-02-13,-1,599.16,601.8,601.8,stop,-1.0,-0.004406168636090557,0.004406168636090504
2026-02-17,1,600.86,597.11,597.11,stop,-1.0,-0.006241054488566378,0.006241054488566388
2026-02-18,1,602.71,600.72,605.7,close,1.502512562814068,0.004960926482056038,0.0033017537455824674
2026-02-19,-1,602.35,603.97,603.97,stop,-1.0,-0.0026894662571594896,0.002689466257159466
2026-02-20,1,602.64,599.23,608.79,close,1.8035190615835879,0.010205097570688881,0.005658436213991717
2026-02-23,-1,606.34,608.01,601.46,close,2.9221556886228233,0.008048289738430525,0.00275423029983171
2026-02-24,-1,600.09,602.87,602.87,stop,-1.0,-0.004632638437567671,0.004632638437567653
2026-02-25,1,613.08,611.0,616.52,close,1.653846153846093,0.005611013244601004,0.003392705682782085
2026-02-26,-1,613.47,615.59,609.26,close,1.9858490566037865,0.006862601268195712,0.0034557517074999666
2026-02-27,1,605.14,602.73,602.73,stop,-1.0,-0.003982549492679288,0.003982549492679327
2026-03-02,1,603.87,597.99,608.08,close,0.7159863945578299,0.0069716992067829775,0.009737195091658794
2026-03-04,1,606.91,603.72,603.72,stop,-1.0,-0.00525613352885923,0.005256133528859207
2026-03-05,1,610.03,607.37,607.37,stop,-1.0,-0.004360441289772532,0.004360441289772582
2026-03-06,-1,599.59,601.48,601.48,stop,-1.0,-0.0031521539718808445,0.0031521539718807625
2026-03-09,-1,594.03,596.47,596.47,stop,-1.0,-0.004107536656397848,0.004107536656397917
2026-03-10,-1,607.78,609.97,609.97,stop,-1.0,-0.0036032775017276197,0.0036032775017276887
2026-03-11,1,610.51,608.95,608.95,stop,-1.0,-0.0025552407003979205,0.0025552407003979387
2026-03-12,1,604.02,601.95,601.95,stop,-1.0,-0.0034270388397734663,0.003427038839773412
2026-03-13,-1,599.56,601.1,601.1,stop,-1.0,-0.0025685502701982,0.0025685502701982745
2026-03-16,1,601.24,599.23,599.23,stop,-1.0,-0.0033430909453795454,0.0033430909453795337
2026-03-17,1,604.92,602.28,602.28,stop,-1.0,-0.004364213449712384,0.004364213449712336
2026-03-18,1,602.29,600.93,600.93,stop,-1.0,-0.002258048448421923,0.0022580484484218794
2026-03-19,-1,587.11,589.54,589.54,stop,-1.0,-0.0041389177496549134,0.0041389177496550045
2026-03-20,-1,588.66,591.17,582.11,close,2.6095617529880393,0.011126966330309407,0.004263921448714013
2026-03-23,1,591.0,589.001,589.001,stop,-1.0,-0.0033824027072758556,0.003382402707275844
2026-03-24,-1,584.15,586.28,586.28,stop,-1.0,-0.0036463237182231545,0.0036463237182230517
2026-03-25,1,590.2399,589.0,589.0,stop,-1.0,-0.002100671269427923,0.002100671269427963
2026-03-26,-1,581.0,582.62,582.62,stop,-1.0,-0.002788296041308147,0.002788296041308097
2026-03-27,-1,568.46,571.02,562.5,close,2.328125000000064,0.010484466805052328,0.004503395137740466
2026-03-30,-1,566.13,568.05,558.29,close,4.083333333333437,0.013848409375938453,0.003391447194107288
2026-03-31,1,566.135,564.23,564.23,stop,-1.0,-0.0033649217942716136,0.003364921794271636
2026-04-01,1,583.3,580.42,584.26,close,0.33333333333334647,0.0016458083319046413,0.004937424995714033
2026-04-02,-1,573.91,575.2888,575.2888,stop,-1.0,-0.002402467285811394,0.002402467285811485
2026-04-07,-1,584.55,587.06,587.06,stop,-1.0,-0.004293901291591906,0.004293901291591807
2026-04-08,-1,607.07,609.9,605.89,close,0.4169611307420827,0.001943762663284443,0.004661735878893582
2026-04-09,1,606.42,604.47,604.47,stop,-1.0,-0.0032155931532600324,0.0032155931532600046
2026-04-10,-1,611.71,613.11,613.11,stop,-1.0,-0.0022886661980350276,0.0022886661980349794
2026-04-13,-1,609.01,609.96,609.96,stop,-1.0,-0.001559908704290569,0.0015599087042906447
2026-04-14,1,621.92,620.1,628.57,close,3.653846153846332,0.010692693594031466,0.002926421404682172
2026-04-15,1,629.53,628.44,628.44,stop,-1.0,-0.0017314504471588332,0.0017314504471588616
2026-04-16,-1,637.49,639.58,639.58,stop,-1.0,-0.003278482799730309,0.0032784827997302418
2026-04-17,1,646.27,644.07,648.73,close,1.1181818181818695,0.003806458600894347,0.0034041499682794063
2026-04-20,-1,646.845,648.76,646.8,close,0.02349869451700972,6.956844375405336e-05,0.0029605237730831397
2026-04-21,1,649.1,646.0,646.0,stop,-1.0,-0.004775843475581576,0.004775843475581609
2026-04-22,-1,648.5465,650.46,650.46,stop,-1.0,-0.0029504438000975686,0.002950443800097601
2026-04-23,1,653.62,652.31,652.31,stop,-1.0,-0.002004222637006281,0.002004222637006302
2026-04-24,1,659.34,657.72,657.72,stop,-1.0,-0.002457002457002422,0.002457002457002464
2026-04-27,-1,662.31,663.95,663.95,stop,-1.0,-0.0024761818483793885,0.002476181848379309
2026-04-28,1,657.48,655.275,655.275,stop,-1.0,-0.0033537141814200533,0.0033537141814200294
2026-04-29,-1,656.76,658.84,658.84,stop,-1.0,-0.003167062549485511,0.0031670625494854146
2026-04-30,-1,661.91,665.415,665.415,stop,-1.0,-0.005295281835899113,0.0052952818358991335
2026-05-01,1,671.89,668.8,674.16,close,0.7346278317151969,0.003378529223533544,0.004598967092827743
2026-05-04,-1,673.5725,675.1146,675.1146,stop,-1.0,-0.002289434322214845,0.002289434322214765
2026-05-05,1,678.96,677.51,681.53,close,1.7724137931033488,0.003785200895487062,0.002135619182278846
2026-05-06,1,689.16,686.48,695.575,close,2.393656716417984,0.009308433455220921,0.0038887921527656134
2026-05-07,1,697.03,695.92,695.92,stop,-1.0,-0.0015924709122993042,0.0015924709122993469
2026-05-08,1,702.11,699.5,711.11,close,3.4482758620689475,0.012818504222984917,0.00371736622466567
2026-05-11,-1,709.77,713.5,713.5,stop,-1.0,-0.0052552235231131394,0.005255223523113147
2026-05-13,-1,708.25,709.97,709.97,stop,-1.0,-0.002428521002470818,0.0024285210024709175
2026-05-14,1,716.47,714.22,719.73,close,1.448888888888885,0.004550085837508933,0.0031403966669923374
2026-05-15,-1,708.0,710.42,710.42,stop,-1.0,-0.00341807909604519,0.00341807909604514
2026-05-18,-1,710.1,712.07,705.71,close,2.2284263959390485,0.006182227855231592,0.0027742571468807593
2026-05-19,1,703.43,699.81,699.81,stop,-1.0,-0.005146212131981853,0.005146212131981867
2026-05-20,-1,705.24,707.29,707.29,stop,-1.0,-0.002906811865464265,0.0029068118654641747
2026-05-21,1,710.21,707.94,707.94,stop,-1.0,-0.003196237732501661,0.0031962377325016286
2026-05-22,1,719.9588,717.41,717.41,stop,-1.0,-0.003540202578258711,0.003540202578258684
2026-05-26,-1,724.51,726.77,726.77,stop,-1.0,-0.003119349629404633,0.0031193496294046885
2026-05-27,-1,731.16,733.32,729.49,close,0.7731481481481,0.002284041796597136,0.0029542097488922834
2026-05-28,-1,728.57,731.12,731.12,stop,-1.0,-0.00350000686275842,0.0035000068627584918
2026-05-29,1,738.91,737.43,737.43,stop,-1.0,-0.0020029502916458775,0.002002950291645827
2026-06-01,1,738.99,736.29,736.29,stop,-1.0,-0.003653635367190433,0.003653635367190416
2026-06-02,-1,740.33,742.69,742.69,stop,-1.0,-0.0031877676171436775,0.0031877676171437243
2026-06-03,-1,746.34,748.65,744.24,close,0.9090909090909404,0.002813731007315745,0.0030951041080471975
2026-06-04,1,737.56,734.07,734.07,stop,-1.0,-0.004731818428331147,0.004731818428331113
2026-06-05,-1,729.13,731.69,705.26,close,9.324218749999787,0.03273764623592501,0.0035110336976945937
2026-06-08,-1,715.1,719.21,719.21,stop,-1.0,-0.0057474479093833075,0.005747447909383322
2026-06-09,1,723.11,720.49,720.49,stop,-1.0,-0.0036232385114297605,0.0036232385114298026
2026-06-11,-1,697.35,700.38,700.38,stop,-1.0,-0.004345020434501912,0.0043450204345020045
2026-06-12,-1,713.08,717.76,717.76,stop,-1.0,-0.006563078476468309,0.006563078476468208
2026-06-15,1,739.5,737.38,743.84,close,2.0471698113207655,0.005868830290737037,0.0028668018931710675
2026-06-16,1,742.5,740.82,740.82,stop,-1.0,-0.0022626262626261884,0.0022626262626261953
2026-06-17,-1,732.67,735.27,735.27,stop,-1.0,-0.00354866447377411,0.003548664473774036
2026-06-18,-1,734.565,737.65,737.65,stop,-1.0,-0.004199764486464641,0.004199764486464673
2026-06-22,1,744.02,740.43,740.43,stop,-1.0,-0.004825139109163823,0.004825139109163775
2026-06-23,1,717.01,713.28,713.28,stop,-1.0,-0.005202158965704862,0.005202158965704827
2026-06-24,1,718.47,713.55,713.55,stop,-1.0,-0.006847885089147909,0.006847885089147874
2026-06-25,-1,723.15,726.83,716.26,close,1.8722826086956161,0.009527760492290649,0.005088847403719925
2026-06-26,1,707.39,702.81,705.84,close,-0.3384279475982403,-0.002191153394874079,0.006474504870015184
2026-06-29,1,716.96,711.88,711.88,stop,-1.0,-0.007085471992858805,0.007085471992858794
2026-06-30,1,727.58,723.91,735.76,close,2.228882833787408,0.011242749938151109,0.005044118859781842
2026-07-01,-1,725.98,729.71,729.71,stop,-1.0,-0.0051378825862971045,0.005137882586297168
2026-07-02,1,727.02,723.871,723.871,stop,-1.0,-0.00433138015460377,0.004331380154603726
2026-07-06,1,722.29,718.45,722.63,close,0.08854166666667684,0.0004707250550333164,0.005316424150964181
2026-07-07,-1,712.22,716.35,709.495,close,0.659806295399522,0.003826064979921995,0.005798770042964246
2026-07-08,1,707.92,704.94,704.94,stop,-1.0,-0.0042095151994574476,0.004209515199457431
2026-07-09,1,719.17,716.5,716.5,stop,-1.0,-0.003712613151271582,0.0037126131512715483
2026-07-10,1,722.81,720.22,720.22,stop,-1.0,-0.003583237641980541,0.0035832376419804904
2026-07-13,-1,715.925,718.43,718.43,stop,-1.0,-0.0034989698641616496,0.003498969864161743
2026-07-14,-1,717.2526,720.286,720.286,stop,-1.0,-0.004229193452906177,0.004229193452906152
2026-07-15,-1,722.78,724.36,717.7,close,3.215189873417592,0.007028418052519303,0.00218600403995689
2026-07-16,-1,711.2,713.599,706.02,close,2.1592330137557574,0.0072834645669291875,0.003373172103487065
2026-07-17,-1,690.0,693.54,693.54,stop,-1.0,-0.005130434782608662,0.0051304347826086425
2026-07-20,1,704.44,701.78,701.78,stop,-1.0,-0.0037760490602465335,0.0037760490602465526
2026-07-21,-1,704.45,707.13,707.13,stop,-1.0,-0.0038043864007379913,0.003804386400738093
2026-07-22,1,705.35,703.62,705.22,close,-0.07514450867051681,-0.0001843056638548557,0.002452683065144989
2026-07-23,1,695.83,693.21,693.21,stop,-1.0,-0.0037652874983832296,0.0037652874983832322
2026-07-24,1,692.05,689.51,689.51,stop,-1.0,-0.0036702550393756805,0.0036702550393757152
2026-07-27,-1,689.19,692.3,682.06,close,2.292604501607826,0.010345478024928023,0.004512543710732743
2026-07-28,-1,674.34,677.32,677.32,stop,-1.0,-0.0044191357475458215,0.0044191357475457755
2026-07-29,1,677.16,673.62,673.62,stop,-1.0,-0.00522771575403147,0.00522771575403149
2026-07-30,1,675.18,673.3,683.6,close,4.478723404255368,0.01247074854112995,0.0027844426671406078
2026-07-31,1,695.3399,691.25,691.25,stop,-1.0,-0.005881871585392884,0.005881871585392905
2026-08-03,1,688.7,685.82,700.06,close,3.9444444444444158,0.016494845360824684,0.0041817917816175335
2026-08-04,1,711.8,707.53,723.68,close,2.7822014051522355,0.01669008148356288,0.005998876088788961
2026-08-06,1,711.65,708.5,714.57,close,0.9269841269841568,0.004103140588772591,0.004426333169395036
2026-08-07,1,722.545,719.5,719.5,stop,-1.0,-0.004214270391463493,0.004214270391463451
2026-08-10,-1,720.75,723.25,723.25,stop,-1.0,-0.003468609087755814,0.00346860908775581
2026-08-11,-1,720.59,723.35,718.33,close,0.8188405797101443,0.0031363188498313432,0.0038301947015639834
2026-08-12,-1,724.26,727.25,723.66,close,0.20066889632107723,0.0008284317786431128,0.004128351696904439
2026-08-13,1,726.02,724.03,732.06,close,3.0351758793969528,0.00831933004600427,0.002740971323104059
2026-08-14,-1,732.58,734.09,734.09,stop,-1.0,-0.0020612083321958075,0.002061208332195789
2026-08-17,-1,732.27,734.08,734.08,stop,-1.0,-0.0024717658787061225,0.0024717658787060228
2026-08-18,1,721.77,718.79,718.79,stop,-1.0,-0.004128739072003618,0.004128739072003573
2026-08-19,-1,719.26,721.4999,716.13,close,1.397383811777288,0.004351694797430694,0.0031141728999249706
2026-08-20,1,714.06,711.7632,711.7632,stop,-1.0,-0.0032165364255104523,0.0032165364255104085
2026-08-21,-1,712.54,715.39,715.39,stop,-1.0,-0.0039997754512026695,0.003999775451202772
2026-08-24,-1,706.0,709.79,706.28,close,-0.07387862796833124,-0.00039660056657209175,0.0053682719546741696
2026-08-25,1,713.13,710.76,710.76,stop,-1.0,-0.0033233772243490556,0.003323377224349003
2026-08-26,1,710.97,708.37,708.37,stop,-1.0,-0.003656975681111785,0.0036569756811117523
2026-08-27,-1,715.24,718.47,718.47,stop,-1.0,-0.004515966668530824,0.004515966668530868
2026-08-28,1,719.99,718.1762,718.1762,stop,-1.0,-0.002519201655578618,0.00251920165557857
2026-08-31,-1,714.63,717.001,717.001,stop,-1.0,-0.003317800820004768,0.003317800820004731
2026-09-02,-1,705.75,707.14,707.14,stop,-1.0,-0.001969535954658097,0.0019695359546581456
2026-09-04,1,720.48,718.525,718.525,stop,-1.0,-0.002713468798578811,0.0027134687985787822
2026-09-08,-1,719.15,721.886,718.3806,close,0.2812134502924055,0.001069874156990891,0.0038044914134742268
2026-09-09,1,717.4074,715.48,715.48,stop,-1.0,-0.0026866185099290174,0.0026866185099289944
2026-09-10,1,708.44,706.855,708.63,close,0.11987381703466027,0.00026819490711971206,0.002237310146236853
2026-09-11,1,715.84,713.93,713.93,stop,-1.0,-0.0026681940098347567,0.0026681940098347142
2026-09-14,1,703.99,702.74,709.16,close,4.135999999999967,0.007343854316112397,0.001775593403315388
2026-09-15,1,708.855,707.56,707.56,stop,-1.0,-0.0018268898434801173,0.0018268898434800809
2026-09-16,-1,707.86,708.8,708.8,stop,-1.0,-0.0013279462040516332,0.0013279462040515651
2026-09-17,-1,714.06,716.37,716.37,stop,-1.0,-0.003235022267036536,0.0032350222670364664
2026-09-18,-1,718.5,719.48,719.48,stop,-1.0,-0.0013639526791928702,0.001363952679192788
2026-09-21,1,728.85,727.81,739.2500000000008,target,10.0,0.014269053989162117,0.0014269053989162067
2026-09-22,1,743.45,740.93,747.465,close,1.5932539682539024,0.005400497679736382,0.003389602528751221
2026-09-23,-1,745.085,747.13,741.17,close,1.9144254278729367,0.005254434057859303,0.002744653294590495
2026-09-24,1,736.02,734.62,741.06,close,3.6000000000000325,0.00684764000978233,0.0019021222249395089
2026-09-25,1,743.69,741.66,741.66,stop,-1.0,-0.0027296319703102867,0.0027296319703103257
2026-09-28,-1,739.4147,741.42,736.53,close,1.438537874632315,0.0039013289835867493,0.002712009918114855
2026-09-29,-1,737.67,740.5799,737.98,close,-0.10653287054540013,-0.0004202421136823009,0.003944717827754949
2026-09-30,1,742.7493,739.76,739.76,stop,-1.0,-0.004024641961964726,0.004024641961964767
2026-10-01,-1,741.04,743.925,743.925,stop,-1.0,-0.0038931771564287843,0.0038931771564287908
2026-10-02,1,751.49,749.1,749.1,stop,-1.0,-0.0031803483745624916,0.0031803483745625177
