date,side,entry,stop,exit,how,R,ret,risk_pct
2021-10-05,1,354.27,353.68,353.68,stop,-1.0,-0.0016653964490359607,0.0016653964490359755
2021-10-06,1,354.94,353.83,353.83,stop,-1.0,-0.003127289119287835,0.0031272891192878054
2021-10-07,1,364.07,362.25,362.93,close,-0.6263736263736213,-0.003131265965336305,0.004999038646414132
2021-10-08,-1,362.53,364.3166,361.1,close,0.8004030001119069,0.0039445011447326594,0.004928143877748107
2021-10-11,1,360.22,358.94,358.94,stop,-1.0,-0.0035533840430849173,0.0035533840430848635
2021-10-12,1,360.0,358.5,358.5,stop,-1.0,-0.004166666666666652,0.004166666666666667
2021-10-13,1,359.59,358.82,358.82,stop,-1.0,-0.0021413276231262435,0.0021413276231262877
2021-10-14,-1,363.21,363.86,363.86,stop,-1.0,-0.001789598304011486,0.0017895983040115474
2021-10-15,-1,367.01,368.16,368.16,stop,-1.0,-0.003133429606822835,0.003133429606822795
2021-10-18,-1,367.24,367.96,367.96,stop,-1.0,-0.0019605707439276365,0.001960570743927596
2021-10-19,-1,373.37,373.91,373.91,stop,-1.0,-0.0014462865254305513,0.0014462865254305929
2021-10-20,-1,375.7501,376.16,376.16,stop,-1.0,-0.0010908846065511568,0.0010908846065511364
2021-10-21,1,374.28,373.85,377.28,close,6.976744186047323,0.008015389547932017,0.001148872501870124
2021-10-22,1,376.295,375.55,375.55,stop,-1.0,-0.001979829654925047,0.001979829654925004
2021-10-25,1,376.04,375.28,375.28,stop,-1.0,-0.0020210615891927963,0.002021061589192766
2021-10-26,1,380.8901,379.7905,379.7905,stop,-1.0,-0.0028869219756565423,0.0028869219756565197
2021-10-27,1,379.69,379.49,379.49,stop,-1.0,-0.0005267455029102086,0.000526745502910239
2021-10-28,-1,381.92,382.41,382.41,stop,-1.0,-0.0012829912023459844,0.0012829912023460649
2021-10-29,1,381.36,380.7,386.08,close,7.151515151514836,0.012376756870148942,0.001730648206419197
2021-11-01,-1,386.12,386.83,386.83,stop,-1.0,-0.0018388065886252303,0.0018388065886252448
2021-11-02,1,387.02,386.75,389.11,close,7.74074074074138,0.005400237713813372,0.0006976383649423333
2021-11-03,-1,389.26,389.95,389.95,stop,-1.0,-0.0017725941530082334,0.0017725941530082664
2021-11-04,-1,394.285,394.51,394.51,stop,-1.0,-0.0005706532077049964,0.0005706532077049999
2021-11-05,1,400.2,399.56,399.56,stop,-1.0,-0.0015992003998001048,0.001599200399800066
2021-11-08,1,399.1121,398.14,398.14,stop,-1.0,-0.002435656548623877,0.002435656548623837
2021-11-09,-1,398.9,399.57,395.29,close,5.388059701492345,0.009049887189771733,0.0016796189521183654
2021-11-10,-1,391.62,392.65,392.65,stop,-1.0,-0.0026301006077318334,0.0026301006077319154
2021-11-11,-1,392.2,392.75,390.62,close,2.872727272727184,0.00402855685874548,0.0014023457419684124
2021-11-12,-1,391.48,391.96,391.96,stop,-1.0,-0.0012261162766935563,0.0012261162766934743
2021-11-15,1,395.95,395.25,395.25,stop,-1.0,-0.0017678999873721457,0.0017678999873721143
2021-11-16,1,394.86,393.66,397.5,close,2.2000000000000095,0.006685913994833648,0.0030390518158334313
2021-11-17,-1,397.55,397.92,397.92,stop,-1.0,-0.0009307005408125679,0.0009307005408124878
2021-11-18,-1,398.86,399.81,399.81,stop,-1.0,-0.0023817880960737003,0.002381788096073782
2021-11-19,-1,402.93,403.64,403.64,stop,-1.0,-0.001762092671183435,0.0017620926711835294
2021-11-22,1,406.36,405.57,405.57,stop,-1.0,-0.0019440889851364274,0.0019440889851363827
2021-11-23,-1,397.0,398.45,398.45,stop,-1.0,-0.003652392947103289,0.003652392947103246
2021-11-24,-1,393.67,395.12,395.12,stop,-1.0,-0.0036832880331241213,0.0036832880331241612
2021-11-29,-1,395.67,396.88,396.88,stop,-1.0,-0.003058103975535076,0.003058103975535116
2021-11-30,1,398.91,398.0117,398.0117,stop,-1.0,-0.0022518863904138486,0.002251886390413893
2021-12-01,-1,397.02,398.66,398.66,stop,-1.0,-0.004130774268298998,0.004130774268298935
2021-12-02,1,386.23,385.0,385.0,stop,-1.0,-0.0031846309194003553,0.0031846309194004043
2021-12-03,1,391.43,390.43,390.43,stop,-1.0,-0.0025547352016963565,0.0025547352016963443
2021-12-06,-1,380.99,384.25,384.25,stop,-1.0,-0.008556655030315774,0.008556655030315732
2021-12-07,1,393.9,392.99,397.95,close,4.450549450549619,0.010281797410510274,0.0023102310231022296
2021-12-08,-1,397.3,398.21,398.21,stop,-1.0,-0.002290460609111422,0.0022904606091114226
2021-12-09,1,399.63,398.3,398.3,stop,-1.0,-0.0033280784725870927,0.0033280784725871035
2021-12-10,1,397.65,396.36,396.36,stop,-1.0,-0.003244058845718545,0.0032440588457185054
2021-12-13,-1,397.05,398.325,392.24,close,3.7725490196079123,0.012114343281702578,0.003211182470721514
2021-12-14,1,387.81,386.65,386.65,stop,-1.0,-0.002991155462726658,0.0029911554627266575
2021-12-15,-1,387.1,388.44,388.44,stop,-1.0,-0.003461637819684782,0.003461637819684771
2021-12-16,-1,397.71,398.26,398.26,stop,-1.0,-0.0013829172009756086,0.001382917200975614
2021-12-17,1,384.6,382.71,382.71,stop,-1.0,-0.00491419656786285,0.004914196567862826
2021-12-20,-1,379.54,380.2,380.2,stop,-1.0,-0.0017389471465456552,0.0017389471465457346
2021-12-21,1,383.84,383.78,383.78,stop,-1.0,-0.00015631513130476282,0.00015631513130471623
2021-12-22,-1,388.59,389.13,389.13,stop,-1.0,-0.0013896394657608724,0.0013896394657608804
2021-12-23,1,394.98,394.14,397.0,close,2.404761904761792,0.005114182996607486,0.0021266899589853457
2021-12-27,1,399.91,398.2194,403.41,close,2.0702709097361667,0.00875196919306842,0.0042274511765147595
2021-12-28,-1,403.64,404.58,401.71,close,2.0531914893617143,0.004781488455058991,0.0023288078485779354
2021-12-29,1,402.36,401.72,401.72,stop,-1.0,-0.0015906153693209246,0.0015906153693209721
2021-12-30,1,402.12,401.01,401.01,stop,-1.0,-0.0027603700387943686,0.0027603700387944237
2021-12-31,1,400.83,399.655,399.655,stop,-1.0,-0.0029314173090836393,0.00293141730908368
2022-01-03,1,400.44,399.0,399.0,stop,-1.0,-0.003596044351213634,0.0035960443512136593
2022-01-04,-1,401.67,402.28,395.57000000000045,target,10.0,0.015186595961858118,0.001518659596185816
2022-01-05,-1,392.69,395.14,395.14,stop,-1.0,-0.006239018054954304,0.006239018054954261
2022-01-06,1,384.86,381.94,381.94,stop,-1.0,-0.007587174556981768,0.0075871745569818004
2022-01-07,-1,382.82,384.94,384.94,stop,-1.0,-0.005537850687006962,0.00553785068700696
2022-01-10,-1,373.54,375.71,375.71,stop,-1.0,-0.005809284146276017,0.005809284146276059
2022-01-11,-1,378.59,379.68,379.68,stop,-1.0,-0.0028791040439526405,0.0028791040439526453
2022-01-12,1,389.58,388.16,388.16,stop,-1.0,-0.0036449509728424534,0.0036449509728424434
2022-01-13,-1,388.69,389.16,389.16,stop,-1.0,-0.0012091898428054915,0.0012091898428053906
2022-01-14,1,376.01,374.86,380.06,close,3.521739130434862,0.01077099013324112,0.003058429297093102
2022-01-18,-1,372.79,374.69,374.69,stop,-1.0,-0.005096703237747802,0.005096703237747732
2022-01-19,-1,372.1,373.32,373.32,stop,-1.0,-0.003278688524590123,0.003278688524590084
2022-01-20,1,370.48,369.53,369.53,stop,-1.0,-0.0025642409846686753,0.0025642409846686606
2022-01-21,1,360.96,358.53,358.53,stop,-1.0,-0.006732047872340496,0.006732047872340445
2022-01-24,-1,345.83,346.79,346.79,stop,-1.0,-0.0027759303704133487,0.002775930370413314
2022-01-25,1,346.69,345.8,345.8,stop,-1.0,-0.0025671349043814295,0.0025671349043813966
2022-01-26,-1,351.58,353.47,353.47,stop,-1.0,-0.005375732407986833,0.005375732407986926
2022-01-27,-1,348.03,349.77,349.77,stop,-1.0,-0.004999569002672288,0.00499956900267221
2022-01-28,-1,340.635,343.84,343.84,stop,-1.0,-0.009408898087395645,0.009408898087395553
2022-01-31,1,354.05,351.52,363.28,close,3.64822134387346,0.026069764157604647,0.007145883349809432
2022-02-01,-1,363.43,364.63,364.63,stop,-1.0,-0.003301873813388978,0.003301873813389067
2022-02-02,-1,368.81,369.93,369.93,stop,-1.0,-0.0030367940131774684,0.003036794013177529
2022-02-03,1,358.69,357.89,357.89,stop,-1.0,-0.0022303381750258255,0.00223033817502582
2022-02-04,-1,352.69,355.1744,355.1744,stop,-1.0,-0.007044146417533703,0.007044146417533793
2022-02-07,-1,357.9609,359.07,359.07,stop,-1.0,-0.0030983830915611854,0.0030983830915611516
2022-02-08,-1,353.85,355.13,355.13,stop,-1.0,-0.00361735198530444,0.00361735198530443
2022-02-09,-1,363.47,364.15,364.15,stop,-1.0,-0.0018708559165816485,0.0018708559165816984
2022-02-10,1,360.67,359.32,359.32,stop,-1.0,-0.00374303379820895,0.003743033798208952
2022-02-11,1,358.84,358.41,358.41,stop,-1.0,-0.001198305651543774,0.0011983056515437243
2022-02-14,1,347.07,345.81,345.81,stop,-1.0,-0.003630391563661517,0.003630391563661483
2022-02-15,1,353.62,352.25,352.25,stop,-1.0,-0.00387421525931797,0.0038742152593179246
2022-02-16,-1,353.39,353.95,353.95,stop,-1.0,-0.001584651518152791,0.0015846515181527556
2022-02-17,1,352.87,352.36,352.36,stop,-1.0,-0.001445291467112475,0.0014452914671125086
2022-02-18,-1,345.07,346.73,346.73,stop,-1.0,-0.004810618135450806,0.004810618135450851
2022-02-22,1,338.67,338.21,338.21,stop,-1.0,-0.0013582543478903863,0.001358254347890384
2022-02-23,1,341.66,340.86,340.86,stop,-1.0,-0.002341509102616657,0.0023415091026166694
2022-02-24,1,321.65,318.26,340.65,close,5.604719764011822,0.059070418156381255,0.010539406186849018
2022-02-25,-1,341.23,341.49,341.49,stop,-1.0,-0.0007619494182808939,0.0007619494182808982
2022-02-28,1,343.79,342.28,342.28,stop,-1.0,-0.004392216178481179,0.004392216178481188
2022-03-01,1,346.725,345.18,345.18,stop,-1.0,-0.004455980964741535,0.004455980964741556
2022-03-02,-1,342.08,343.58,343.58,stop,-1.0,-0.004384939195509752,0.004384939195509823
2022-03-03,-1,349.22,350.04,341.0200000000001,target,10.0,0.023480900292079276,0.0023480900292079296
2022-03-04,1,340.24,339.83,339.83,stop,-1.0,-0.0012050317422995782,0.0012050317422996268
2022-03-07,-1,336.85,338.48,324.83,close,7.3742331288344,0.03568353866706264,0.004838949087130757
2022-03-08,-1,322.88,324.71,324.71,stop,-1.0,-0.005667740336967153,0.005667740336967245
2022-03-09,-1,330.63,332.1399,332.1399,stop,-1.0,-0.004566736230832147,0.0045667362308320966
2022-03-10,-1,329.99,331.15,331.15,stop,-1.0,-0.0035152580381223597,0.003515258038122271
2022-03-11,-1,333.45,334.64,324.339,close,7.65630252100841,0.027323436797121015,0.003568750937171983
2022-03-14,-1,322.75,324.08,324.08,stop,-1.0,-0.004120836560805419,0.004120836560805528
2022-03-15,1,321.47,320.8,320.8,stop,-1.0,-0.0020841758173391067,0.002084175817339148
2022-03-16,1,332.88,332.01,332.01,stop,-1.0,-0.0026135544340303296,0.002613554434030295
2022-03-17,1,338.43,337.0406,344.36,close,4.268029365193542,0.01752208728540605,0.004105428005791518
2022-03-18,-1,341.97,343.2385,343.2385,stop,-1.0,-0.0037093897125477504,0.003709389712547768
2022-03-21,1,350.93,349.86,349.86,stop,-1.0,-0.0030490411193114797,0.003049041119311524
2022-03-22,1,351.28,350.2,356.96,close,5.259259259259343,0.01616943748576638,0.003074470507856935
2022-03-23,-1,353.36,354.34,354.34,stop,-1.0,-0.0027733755942946914,0.0027733755942946606
2022-03-24,-1,353.1999,353.89,353.89,stop,-1.0,-0.0019538510628116512,0.0019538510628116616
2022-03-25,-1,359.1,360.18,360.18,stop,-1.0,-0.003007518796992459,0.0030075187969924367
2022-03-28,1,360.54,359.26,359.26,stop,-1.0,-0.003550230210240257,0.003550230210240277
2022-03-29,1,370.3,368.63,368.63,stop,-1.0,-0.004509856872805917,0.004509856872805876
2022-03-30,1,369.96,369.275,369.275,stop,-1.0,-0.0018515515190831167,0.0018515515190831503
2022-03-31,-1,366.05,367.46,367.46,stop,-1.0,-0.0038519327960659933,0.003851932796066024
2022-04-01,-1,362.49,363.61,361.89,close,0.5357142857143038,0.0016552180749814793,0.0030897404066319197
2022-04-04,1,363.07,362.44,369.27,close,9.841269841269895,0.01707659679951523,0.0017352025780152463
2022-04-05,1,367.89,367.6,367.6,stop,-1.0,-0.0007882791051672111,0.0007882791051672066
2022-04-06,-1,355.57,356.61,356.61,stop,-1.0,-0.0029248811767021987,0.0029248811767022542
2022-04-07,1,354.02,352.09,352.09,stop,-1.0,-0.005451669397209202,0.005451669397209217
2022-04-08,-1,351.07,352.54,352.54,stop,-1.0,-0.004187199134075836,0.004187199134075903
2022-04-11,-1,343.96,345.27,345.27,stop,-1.0,-0.0038085823933016183,0.0038085823933015537
2022-04-12,-1,344.81,345.82,345.82,stop,-1.0,-0.0029291493866185903,0.0029291493866186913
2022-04-13,-1,339.73,340.15,340.15,stop,-1.0,-0.0012362758661288442,0.0012362758661288642
2022-04-14,1,346.51,345.76,345.76,stop,-1.0,-0.0021644396987099412,0.002164439698709994
2022-04-18,1,338.82,337.31,337.31,stop,-1.0,-0.0044566436455935055,0.004456643645593504
2022-04-19,1,338.73,337.47,337.47,stop,-1.0,-0.0037197768133911957,0.0037197768133911697
2022-04-20,-1,346.22,347.56,341.05,close,3.8582089552239647,0.014932701750332233,0.0038703714401247037
2022-04-21,1,347.33,344.983,344.983,stop,-1.0,-0.0067572625457057445,0.006757262545705756
2022-04-22,1,334.85,333.85,333.85,stop,-1.0,-0.00298641182619086,0.0029864118261908315
2022-04-25,1,323.92,323.06,323.06,stop,-1.0,-0.0026549765374166423,0.0026549765374166883
2022-04-26,-1,325.81,327.66,316.91,close,4.8108108108107395,0.027316534176360374,0.00567815598047949
2022-04-27,1,319.0,316.94,316.94,stop,-1.0,-0.006457680250783748,0.006457680250783706
2022-04-28,1,321.97,321.47,321.47,stop,-1.0,-0.0015529397148802415,0.0015529397148802682
2022-04-29,1,324.89,322.21,322.21,stop,-1.0,-0.008248945797039053,0.008248945797039019
2022-05-02,-1,312.32,314.01,314.01,stop,-1.0,-0.005411116803278659,0.005411116803278681
2022-05-03,-1,318.14,318.67,318.67,stop,-1.0,-0.001665933236939754,0.001665933236939805
2022-05-04,-1,318.51,319.47,319.47,stop,-1.0,-0.003014034096260776,0.0030140340962608284
2022-05-05,-1,324.1,325.25,312.60000000000025,target,10.0,0.035482875655661106,0.003548287565566113
2022-05-06,-1,309.1,311.73,311.73,stop,-1.0,-0.008508573277256515,0.008508573277256536
2022-05-09,1,304.04,302.77,302.77,stop,-1.0,-0.004177081962899787,0.004177081962899745
2022-05-10,-1,304.03,305.76,300.82,close,1.8554913294797375,0.010558168601782603,0.005690227938032491
2022-05-11,-1,297.31,300.23,300.23,stop,-1.0,-0.00982139854024422,0.009821398540244244
2022-05-12,-1,286.16,289.42,289.42,stop,-1.0,-0.011392228124126325,0.01139222812412633
2022-05-13,-1,294.73,296.52,296.52,stop,-1.0,-0.006073355274318848,0.006073355274318745
2022-05-16,-1,299.28,300.67,300.67,stop,-1.0,-0.004644480085538749,0.004644480085538771
2022-05-17,1,304.81,303.63,303.63,stop,-1.0,-0.003871264066139579,0.003871264066139585
2022-05-18,1,301.6653,301.07,301.07,stop,-1.0,-0.0019733791059164396,0.0019733791059164205
2022-05-19,1,290.57,289.26,289.26,stop,-1.0,-0.004508380080531338,0.004508380080531377
2022-05-20,-1,292.52,293.8,288.54,close,3.109374999999898,0.013605907288390395,0.004375769178175952
2022-05-23,-1,289.78,290.19,290.19,stop,-1.0,-0.0014148664504107789,0.0014148664504107429
2022-05-24,-1,287.56,288.86,287.25,close,0.23846153846153811,0.0010780358881624652,0.004520795660036206
2022-05-25,1,287.24,285.5,291.36,close,2.367816091954013,0.014343406210834075,0.006057652137585326
2022-05-26,1,292.1685,290.15,299.31,close,3.5380232846172635,0.024443086780402412,0.0069086845433372086
2022-05-27,1,303.5,302.42,309.2321,close,5.307500000000081,0.01888665568369019,0.0035584843492585966
2022-05-31,-1,306.74,309.35,309.35,stop,-1.0,-0.008508834843841795,0.008508834843841734
2022-06-01,1,311.82,310.43,310.43,stop,-1.0,-0.004457699955102257,0.004457699955102259
2022-06-02,1,305.02,303.4001,314.42,close,5.802827335020798,0.030817651301554116,0.005310799291849626
2022-06-03,1,309.84,308.31,308.31,stop,-1.0,-0.0049380325329201336,0.004938032532920129
2022-06-06,-1,310.71,311.79,311.79,stop,-1.0,-0.003475910012552097,0.0034759100125520293
2022-06-07,1,304.35,302.6886,309.95,close,3.3706512579751515,0.018399868572367195,0.0054588467225234584
2022-06-08,-1,308.81,309.39,309.39,stop,-1.0,-0.0018781775201579531,0.0018781775201579744
2022-06-09,1,306.955,305.34,305.34,stop,-1.0,-0.005261357527976407,0.005261357527976443
2022-06-10,-1,292.29,294.87,288.68,close,1.3992248062015642,0.012350747545246232,0.00882685004618695
2022-06-13,1,281.21,279.64,279.64,stop,-1.0,-0.005583016251200168,0.005583016251200147
2022-06-14,-1,277.17,278.37,278.37,stop,-1.0,-0.004329472886676067,0.004329472886676006
2022-06-15,1,279.63,278.92,278.92,stop,-1.0,-0.002539069484676082,0.0025390694846761062
2022-06-16,-1,274.49,276.06,271.64,close,1.8152866242038441,0.01038289190863062,0.0057196983496666295
2022-06-17,1,274.01,272.03,272.03,stop,-1.0,-0.0072260136491369975,0.007226013649136959
2022-06-21,1,279.89,278.64,281.19,close,1.0400000000000091,0.004644681839294007,0.004466040230090393
2022-06-22,1,279.2625,277.91,280.66,close,1.0332717190388716,0.005004252271608278,0.004843113558032187
2022-06-23,-1,282.41,283.78,283.78,stop,-1.0,-0.004851103006267232,0.004851103006267298
2022-06-24,1,289.11,287.5001,294.99,close,3.6524007702340855,0.020338279547577054,0.0055684687489192305
2022-06-27,-1,294.15,296.5799,292.48,close,0.6872710811144233,0.005677375488696068,0.0082607513173552
2022-06-28,1,294.98,292.59,292.59,stop,-1.0,-0.008102244219947208,0.008102244219947262
2022-06-29,-1,281.51,283.9,283.9,stop,-1.0,-0.008489929309793531,0.008489929309793564
2022-06-30,-1,279.96,281.5196,281.5196,stop,-1.0,-0.005570795827975594,0.005570795827975589
2022-07-01,-1,278.56,280.25,280.25,stop,-1.0,-0.006066915565766884,0.006066915565766793
2022-07-05,-1,277.34,278.55,278.55,stop,-1.0,-0.004362875892406581,0.004362875892406564
2022-07-06,1,287.82,286.83,286.83,stop,-1.0,-0.0034396497811132187,0.0034396497811132274
2022-07-07,1,291.41,289.63,294.94,close,1.983146067415682,0.012113517037850352,0.006108232387358119
2022-07-08,1,292.55,291.33,291.33,stop,-1.0,-0.0041702273115707955,0.004170227311570765
2022-07-11,-1,291.88,293.11,288.98,close,2.357723577235719,0.009935589968480096,0.004214060572838215
2022-07-12,1,290.49,289.94,289.94,stop,-1.0,-0.0018933526111054588,0.0018933526111054129
2022-07-13,1,281.4,280.02,285.62,close,3.0579710144927836,0.014996446339730074,0.004904051172707874
2022-07-14,-1,281.81,283.95,283.95,stop,-1.0,-0.007593768851353655,0.0075937688513537
2022-07-15,1,290.51,289.72,289.72,stop,-1.0,-0.0027193556159855747,0.0027193556159855552
2022-07-18,1,295.015,293.85,293.85,stop,-1.0,-0.0039489517482160785,0.003948951748216069
2022-07-19,-1,292.67,293.7,293.7,stop,-1.0,-0.0035193221033928968,0.0035193221033928065
2022-07-20,1,298.9,297.9329,303.02,close,4.260159238962028,0.013783874205419933,0.003235530277684709
2022-07-21,-1,302.54,304.17,304.17,stop,-1.0,-0.005387717326634567,0.005387717326634479
2022-07-22,-1,306.03,306.61,306.61,stop,-1.0,-0.0018952390288535792,0.0018952390288535144
2022-07-25,-1,301.76,302.5,300.36,close,1.891891891891838,0.0046394485683987075,0.002452279957582215
2022-07-26,-1,297.35,298.79,294.35,close,2.0833333333333366,0.010089120564990783,0.004842777871195553
2022-07-27,-1,298.78,299.6399,299.6399,stop,-1.0,-0.002878037351897955,0.002878037351897847
2022-07-28,1,306.84,306.25,306.25,stop,-1.0,-0.0019228262286532516,0.0019228262286532885
2022-07-29,-1,310.64,311.79,311.79,stop,-1.0,-0.0037020345094000984,0.0037020345094000585
2022-08-01,-1,313.29,313.9484,313.9484,stop,-1.0,-0.0021015672380222394,0.00210156723802219
2022-08-02,1,313.92,312.61,312.61,stop,-1.0,-0.004173037716615702,0.004173037716615705
2022-08-03,1,317.225,315.99,322.83,close,4.538461538461457,0.017668847032862978,0.0038931357869020837
2022-08-04,1,323.1201,322.21,322.21,stop,-1.0,-0.0028165997720351887,0.0028165997720352278
2022-08-05,1,320.68,319.09,319.09,stop,-1.0,-0.004958213795684285,0.004958213795684271
2022-08-08,1,323.76,321.91,321.91,stop,-1.0,-0.005714109216703678,0.005714109216703626
2022-08-09,-1,317.38,319.03,317.04,close,0.20606060606059373,0.0010712710315708973,0.005198815300270897
2022-08-10,-1,323.68,325.05,325.05,stop,-1.0,-0.004232575383094517,0.004232575383094428
2022-08-11,-1,327.54,328.615,328.615,stop,-1.0,-0.0032820418880137314,0.003282041888013643
2022-08-12,-1,325.79,326.49,326.49,stop,-1.0,-0.002148623346327261,0.0021486233463273536
2022-08-15,1,331.0,329.4,333.1,close,1.3124999999999956,0.006344410876133022,0.004833836858006111
2022-08-16,-1,331.97,332.47,332.47,stop,-1.0,-0.0015061601951984471,0.0015061601951983613
2022-08-17,1,329.12,328.92,328.92,stop,-1.0,-0.0006076810889644735,0.0006076810889644768
2022-08-18,-1,327.325,328.6,328.6,stop,-1.0,-0.0038952111815475643,0.003895211181547496
2022-08-19,-1,326.12,326.84,322.87,close,4.513888888889074,0.009965656813442858,0.0022077762786703375
2022-08-22,-1,317.41,318.74,314.47,close,2.2105263157894983,0.009262468101194021,0.004190164141016301
2022-08-23,1,314.94,313.95,313.95,stop,-1.0,-0.0031434558963612247,0.0031434558963612407
2022-08-24,-1,313.15,314.33,314.33,stop,-1.0,-0.0037681622225771427,0.0037681622225770616
2022-08-25,-1,316.05,316.99,316.99,stop,-1.0,-0.0029742129409904283,0.0029742129409903425
2022-08-26,1,320.46,319.52,319.52,stop,-1.0,-0.002933283405105125,0.0029332834051051544
2022-08-29,1,306.2,304.013,304.013,stop,-1.0,-0.007142390594382819,0.007142390594382795
2022-08-30,-1,306.13,306.73,300.12999999999977,target,10.0,0.019599516545259266,0.0019599516545259293
2022-08-31,-1,302.46,304.029,304.029,stop,-1.0,-0.0051874628049990434,0.005187462804999064
2022-09-01,-1,296.16,297.15,297.15,stop,-1.0,-0.0033427876823337588,0.003342787682333712
2022-09-02,-1,300.34,302.61,302.61,stop,-1.0,-0.007558100819071933,0.007558100819071848
2022-09-06,-1,295.07,296.6,293.06,close,1.3137254901960471,0.006811942928796499,0.005185210289084047
2022-09-07,1,294.51,293.42,293.42,stop,-1.0,-0.0037010627822483544,0.0037010627822483956
2022-09-08,-1,295.74,296.85,296.85,stop,-1.0,-0.0037532968147697687,0.003753296814769776
2022-09-09,1,304.03,302.79,302.79,stop,-1.0,-0.004078544880439239,0.0040785448804392735
2022-09-12,1,309.16,308.28,308.28,stop,-1.0,-0.0028464225643681784,0.0028464225643681338
2022-09-13,1,302.01,301.45,301.45,stop,-1.0,-0.0018542432369789141,0.0018542432369789157
2022-09-14,-1,293.25,295.08,295.08,stop,-1.0,-0.006240409207161068,0.006240409207161071
2022-09-15,1,294.36,293.53,293.53,stop,-1.0,-0.0028196765864928475,0.0028196765864928687
2022-09-16,-1,286.72,287.78,287.78,stop,-1.0,-0.0036969866071425717,0.0036969866071426666
2022-09-19,1,287.54,286.04,291.1,close,2.373333333333335,0.012380886137580926,0.005216665507407665
2022-09-20,1,289.06,288.35,288.35,stop,-1.0,-0.002456237459350974,0.002456237459350929
2022-09-21,-1,289.12,289.97,289.97,stop,-1.0,-0.0029399557277256516,0.0029399557277255905
2022-09-22,1,282.2399,281.73,281.73,stop,-1.0,-0.0018066191208258031,0.0018066191208257912
2022-09-23,1,277.72,276.8,276.8,stop,-1.0,-0.003312689039320249,0.0033126890393202356
2022-09-26,1,276.63,274.75,274.75,stop,-1.0,-0.006796081408379395,0.006796081408379407
2022-09-27,1,279.27,277.61,277.61,stop,-1.0,-0.005944068464210139,0.005944068464210149
2022-09-28,-1,273.31,274.71,274.71,stop,-1.0,-0.005122388496578978,0.005122388496578893
2022-09-29,-1,275.55,276.25,272.04,close,5.014285714285783,0.012738160043549218,0.0025403737978587863
2022-09-30,1,272.11,270.74,270.74,stop,-1.0,-0.005034728602403504,0.005034728602403457
2022-10-03,-1,268.55,269.65,269.65,stop,-1.0,-0.004096071495065967,0.004096071495065969
2022-10-04,1,280.03,278.99,282.17,close,2.057692307692421,0.0076420383530337865,0.0037138877977358274
2022-10-05,1,279.35,278.12,278.12,stop,-1.0,-0.004403078575264119,0.00440307857526407
2022-10-06,1,282.5,280.95,280.95,stop,-1.0,-0.005486725663716885,0.0054867256637168545
2022-10-07,-1,274.64,275.09,275.09,stop,-1.0,-0.001638508593067245,0.0016385085930672467
2022-10-10,-1,268.2,269.7,266.17,close,1.353333333333315,0.007568978374347446,0.005592841163310962
2022-10-11,-1,264.16,265.32,265.32,stop,-1.0,-0.004391278013325062,0.004391278013325136
2022-10-12,-1,262.575,263.6,263.6,stop,-1.0,-0.0039036465771684625,0.003903646577168558
2022-10-13,1,255.59,254.26,268.8900000000001,target,9.999999999999979,0.052036464650417,0.005203646465041717
2022-10-14,-1,269.83,271.81,260.64,close,4.6414141414140975,0.03405848126598232,0.007337953526294402
2022-10-17,1,267.73,266.74,269.49,close,1.7777777777777524,0.006573787024240829,0.003697755201135506
2022-10-18,-1,275.9,277.21,271.68,close,3.2213740458014986,0.01529539688292847,0.00474809713664372
2022-10-19,1,271.435,269.65,269.65,stop,-1.0,-0.00657616003831496,0.006576160038314974
2022-10-20,1,270.405,269.4001,269.4001,stop,-1.0,-0.0037162774356981343,0.0037162774356981707
2022-10-21,-1,267.65,269.0,269.0,stop,-1.0,-0.00504390061647686,0.0050439006164768275
2022-10-24,-1,274.72,275.99,275.99,stop,-1.0,-0.00462288875946415,0.004622888759464115
2022-10-25,1,280.37,279.41,284.26,close,4.052083333333406,0.013874522951813573,0.0034240467953061296
2022-10-26,1,278.52,277.43,277.91,close,-0.559633027522909,-0.002190147924744923,0.00391354301306899
2022-10-27,1,277.61,276.76,276.76,stop,-1.0,-0.0030618493570117034,0.003061849357011717
2022-10-28,1,273.95,272.06,281.21,close,3.841269841269864,0.026501186347873684,0.0068990691732067405
2022-10-31,-1,278.89,279.76,277.92,close,1.1149425287355923,0.0034780737925346195,0.0031195094840259763
2022-11-01,1,281.56,281.03,281.03,stop,-1.0,-0.0018823696547806135,0.0018823696547806135
2022-11-02,-1,274.03,275.32,275.32,stop,-1.0,-0.004707513775864092,0.004707513775864032
2022-11-03,-1,263.03,263.48,263.48,stop,-1.0,-0.0017108314640916777,0.0017108314640917215
2022-11-04,-1,263.95,266.39,266.39,stop,-1.0,-0.009244175033150226,0.00924417503315021
2022-11-07,-1,265.06,266.485,266.485,stop,-1.0,-0.0053761412510375806,0.005376141251037544
2022-11-08,-1,268.4,269.29,269.29,stop,-1.0,-0.003315946348733334,0.003315946348733395
2022-11-09,-1,266.94,267.77,267.77,stop,-1.0,-0.003109312954221899,0.003109312954221863
2022-11-10,-1,275.62,276.96,276.96,stop,-1.0,-0.004861766199840245,0.004861766199840269
2022-11-11,-1,281.6899,283.06,283.06,stop,-1.0,-0.004863859158599437,0.0048638591585995075
2022-11-14,-1,285.43,286.46,286.46,stop,-1.0,-0.003608590547594659,0.0036085905475947613
2022-11-15,1,292.2,292.17,292.17,stop,-1.0,-0.00010266940451730822,0.00010266940451736042
2022-11-16,1,287.62,286.68,286.68,stop,-1.0,-0.0032682010986718746,0.0032682010986718507
2022-11-17,1,281.65,280.72,284.82,close,3.4086021505378348,0.011255103852298998,0.0033019705308004617
2022-11-18,-1,286.25,287.99,284.78,close,0.8448275862069078,0.005135371179039394,0.006078602620087368
2022-11-21,-1,283.13,284.44,284.44,stop,-1.0,-0.004626849856956161,0.004626849856956177
2022-11-22,-1,282.05,282.9,282.9,stop,-1.0,-0.0030136500620456808,0.0030136500620456157
2022-11-23,1,286.44,285.89,285.89,stop,-1.0,-0.0019201228878649168,0.001920122887864863
2022-11-28,1,285.98,284.66,284.66,stop,-1.0,-0.004615707392125246,0.004615707392125299
2022-11-29,-1,282.88,283.1,283.1,stop,-1.0,-0.0007777149321268606,0.0007777149321267933
2022-11-30,1,281.63,280.47,280.47,stop,-1.0,-0.004118879380747731,0.004118879380747677
2022-12-01,1,294.175,293.0698,293.0698,stop,-1.0,-0.0037569473952580035,0.003756947395258009
2022-12-02,1,289.88,288.49,288.49,stop,-1.0,-0.004795087622464389,0.004795087622464421
2022-12-05,1,290.98,290.19,290.19,stop,-1.0,-0.002714963227713363,0.002714963227713315
2022-12-06,-1,286.76,287.62,281.715,close,5.8662790697673675,0.017593109220253922,0.002999023573720232
2022-12-07,1,281.56,280.12,280.12,stop,-1.0,-0.0051143628356300486,0.005114362835630053
2022-12-08,-1,280.75,282.1,282.1,stop,-1.0,-0.004808548530721435,0.004808548530721363
2022-12-09,-1,282.605,283.2,283.2,stop,-1.0,-0.0021054121476971055,0.0021054121476972113
2022-12-12,1,282.3,282.06,282.06,stop,-1.0,-0.0008501594048884176,0.0008501594048884488
2022-12-13,-1,294.84,296.86,296.86,stop,-1.0,-0.006851173517840259,0.006851173517840316
2022-12-14,1,289.43,288.04,288.04,stop,-1.0,-0.004802542929205678,0.0048025429292056325
2022-12-15,-1,281.24,283.01,276.92,close,2.440677966101716,0.015360546152752064,0.006293557104252531
2022-12-16,1,276.56,275.7,275.7,stop,-1.0,-0.003109632629447523,0.0031096326294475472
2022-12-19,-1,272.41,273.96,269.84,close,1.6580645161291132,0.009434308578980422,0.005689952644910078
2022-12-20,-1,268.44,268.99,268.99,stop,-1.0,-0.0020488749813738494,0.002048874981373906
2022-12-21,-1,269.855,270.9,270.9,stop,-1.0,-0.0038724500194546874,0.0038724500194547407
2022-12-22,-1,268.92,270.5149,266.81,close,1.3229669571760108,0.007846199613267935,0.0059307600773464055
2022-12-23,-1,265.26,266.72,266.72,stop,-1.0,-0.005504033778179984,0.005504033778180036
2022-12-27,-1,265.94,266.85,263.54,close,2.63736263736254,0.009024592013236021,0.0034218244716854368
2022-12-28,1,264.985,262.22,262.22,stop,-1.0,-0.010434552899220684,0.010434552899220658
2022-12-29,1,263.21,262.25,266.51,close,3.4375000000000853,0.012537517571520773,0.003647277838987803
2022-12-30,1,264.29,262.97,262.97,stop,-1.0,-0.0049945136024820425,0.004994513602482095
2023-01-03,-1,268.58,269.23,269.23,stop,-1.0,-0.002420135527589684,0.002420135527589672
2023-01-04,-1,265.405,266.82,266.82,stop,-1.0,-0.005331474538912362,0.005331474538912306
2023-01-05,-1,262.87,264.09,264.09,stop,-1.0,-0.0046410773386083015,0.004641077338608325
2023-01-06,1,264.15,262.41,262.41,stop,-1.0,-0.006587166382736931,0.006587166382736901
2023-01-09,1,271.3,270.83,270.83,stop,-1.0,-0.001732399557685338,0.0017323995576853197
2023-01-10,1,271.88,269.38,269.38,stop,-1.0,-0.009195233191113705,0.009195233191113726
2023-01-11,-1,273.7,274.49,274.49,stop,-1.0,-0.0028863719400804566,0.002886371940080455
2023-01-12,-1,276.86,278.76,278.76,stop,-1.0,-0.006862674275807112,0.006862674275807184
2023-01-13,1,277.1803,276.37,276.37,stop,-1.0,-0.002923367930549148,0.0029233679305491187
2023-01-17,-1,280.59,281.27,281.27,stop,-1.0,-0.002423464841940115,0.002423464841940222
2023-01-18,1,283.37,282.78,282.78,stop,-1.0,-0.002082083495077214,0.00208208349507722
2023-01-19,1,276.84,276.0004,276.0004,stop,-1.0,-0.0030327987285072577,0.0030327987285073033
2023-01-20,-1,276.0,276.79,276.79,stop,-1.0,-0.0028623188405798583,0.002862318840579784
2023-01-23,-1,283.23,283.77,283.77,stop,-1.0,-0.0019065776930409228,0.0019065776930408628
2023-01-24,1,287.61,286.84,286.84,stop,-1.0,-0.0026772365355864913,0.0026772365355865187
2023-01-25,-1,283.16,283.77,283.77,stop,-1.0,-0.00215425907614053,0.002154259076140545
2023-01-26,1,291.68,291.22,291.22,stop,-1.0,-0.0015770707624793712,0.0015770707624793592
2023-01-27,1,292.8701,291.88,296.2,close,3.3631956368044267,0.011369887195722628,0.0033806796938300773
2023-01-30,-1,292.6399,293.56,293.56,stop,-1.0,-0.0031441372143716784,0.0031441372143716246
2023-01-31,1,291.55,290.2,294.67,close,2.3111111111110754,0.010701423426513479,0.00463042359801071
2023-02-01,-1,293.63,294.7012,294.7012,stop,-1.0,-0.0036481285972140842,0.0036481285972141
2023-02-02,1,308.29,307.43,307.43,stop,-1.0,-0.0027895812384444163,0.002789581238444366
2023-02-03,1,306.18,304.54,306.18,close,0.0,0.0,0.005356326343980621
2023-02-06,1,304.68,303.33,303.33,stop,-1.0,-0.0044308782985428286,0.004430878298542808
2023-02-07,1,303.49,303.24,303.24,stop,-1.0,-0.0008237503706877147,0.0008237503706876668
2023-02-08,-1,308.46,309.02,309.02,stop,-1.0,-0.0018154704013486622,0.0018154704013486427
2023-02-09,-1,308.14,308.99,301.64,close,7.647058823529207,0.021094307782176913,0.00275848640228475
2023-02-10,1,300.31,299.33,299.33,stop,-1.0,-0.0032632945955846093,0.003263294595584623
2023-02-13,-1,300.41,301.35,301.35,stop,-1.0,-0.0031290569554942582,0.0031290569554941502
2023-02-14,-1,302.24,303.0,303.0,stop,-1.0,-0.0025145579671783658,0.002514557967178371
2023-02-15,1,305.85,304.88,304.88,stop,-1.0,-0.003171489292136731,0.0031714892921367575
2023-02-16,1,304.91,304.32,304.32,stop,-1.0,-0.0019349972122922887,0.001934997212292256
2023-02-17,1,301.755,300.71,300.71,stop,-1.0,-0.003463074348395323,0.003463074348395274
2023-02-21,1,297.74,297.06,297.06,stop,-1.0,-0.0022838718344865283,0.0022838718344864875
2023-02-22,1,295.06,294.5399,294.5399,stop,-1.0,-0.0017626923337626943,0.0017626923337626704
2023-02-23,-1,297.4,298.13,296.83,close,0.7808219178081903,0.0019166106254202564,0.002454606590450633
2023-02-24,1,292.33,291.36,291.36,stop,-1.0,-0.0033181678240343793,0.0033181678240343806
2023-02-27,-1,294.97,295.38,295.38,stop,-1.0,-0.0013899718615451029,0.0013899718615451339
2023-02-28,-1,293.21,293.67,293.67,stop,-1.0,-0.0015688414446983767,0.0015688414446984632
2023-03-01,-1,292.57,293.4306,293.4306,stop,-1.0,-0.0029415182691323594,0.0029415182691322882
2023-03-02,1,289.21,288.37,293.7,close,5.345238095238265,0.015525051001002765,0.0029044638843745895
2023-03-03,-1,295.12,295.51,295.51,stop,-1.0,-0.0013214963404715174,0.0013214963404716263
2023-03-06,1,301.34,300.8618,300.8618,stop,-1.0,-0.0015869117939867339,0.0015869117939867209
2023-03-07,1,300.49,299.82,299.82,stop,-1.0,-0.002229691503877085,0.0022296915038770536
2023-03-08,-1,296.6,297.49,297.49,stop,-1.0,-0.0030006743088333288,0.0030006743088333994
2023-03-09,1,299.11,297.96,297.96,stop,-1.0,-0.0038447393935342467,0.0038447393935342653
2023-03-10,-1,291.48,293.06,293.06,stop,-1.0,-0.005420612048854023,0.005420612048854069
2023-03-13,1,286.94,286.345,286.345,stop,-1.0,-0.0020736042378196595,0.0020736042378196504
2023-03-14,1,294.53,294.21,297.7299999999999,target,10.0,0.010864767595830438,0.0010864767595830415
2023-03-15,1,295.71,294.38,294.38,stop,-1.0,-0.004497649724392039,0.004497649724392087
2023-03-16,-1,297.78,298.35,298.35,stop,-1.0,-0.0019141648196656647,0.001914164819665693
2023-03-17,-1,306.76,307.4,307.4,stop,-1.0,-0.0020863215543094338,0.0020863215543095136
2023-03-20,-1,303.21,304.5,304.5,stop,-1.0,-0.004254477095082754,0.0042544770950826835
2023-03-21,1,308.72,307.92,307.92,stop,-1.0,-0.002591344908007276,0.0025913449080072924
2023-03-22,-1,310.02,310.39,310.39,stop,-1.0,-0.0011934713889427684,0.0011934713889426637
2023-03-23,1,310.28,309.83,309.83,stop,-1.0,-0.0014503029521721889,0.001450302952172195
2023-03-24,-1,308.71,309.73,309.73,stop,-1.0,-0.0033040717825791877,0.003304071782579245
2023-03-27,-1,311.475,311.74,311.74,stop,-1.0,-0.0008507905931454118,0.0008507905931454734
2023-03-28,-1,307.3,308.2,307.11,close,0.2111111111111139,0.0006182883176049092,0.002928734136023356
2023-03-29,1,311.28,310.75,310.75,stop,-1.0,-0.0017026471344127048,0.0017026471344126599
2023-03-30,-1,315.15,315.51,315.51,stop,-1.0,-0.0011423131841981071,0.0011423131841980442
2023-03-31,1,316.68,315.6,320.89,close,3.8981481481481866,0.013294177087280534,0.003410382720727498
2023-04-03,1,319.46,318.49,318.49,stop,-1.0,-0.003036373880923926,0.003036373880923967
2023-04-04,-1,320.42,320.87,320.87,stop,-1.0,-0.0014044067161849139,0.0014044067161849715
2023-04-05,-1,317.83,318.31,318.31,stop,-1.0,-0.0015102413239782564,0.0015102413239782846
2023-04-06,-1,313.2,314.27,314.27,stop,-1.0,-0.0034163473818646928,0.0034163473818646017
2023-04-10,-1,314.66,315.24,315.24,stop,-1.0,-0.0018432593910886474,0.0018432593910887435
2023-04-11,-1,317.61,317.88,317.88,stop,-1.0,-0.0008500991782374179,0.0008500991782374038
2023-04-12,-1,317.66,318.42,313.04,close,6.078947368421131,0.014543851917144135,0.0023924951205691334
2023-04-13,1,315.56,314.64,319.27,close,4.0326086956520815,0.011756876663708837,0.002915451895043782
2023-04-14,1,317.93,317.42,317.42,stop,-1.0,-0.0016041266945553412,0.0016041266945553767
2023-04-17,1,318.54,317.75,317.75,stop,-1.0,-0.002480065297921885,0.002480065297921832
2023-04-18,-1,320.645,321.11,321.11,stop,-1.0,-0.001450201936721296,0.0014502019367213955
2023-04-19,1,317.19,316.28,318.74,close,1.703296703296669,0.004886660991834546,0.002868942904883587
2023-04-20,1,316.55,315.57,315.57,stop,-1.0,-0.00309587742852635,0.0030958774285263567
2023-04-21,-1,315.76,316.3,316.3,stop,-1.0,-0.0017101596148973996,0.0017101596148974554
2023-04-24,1,316.72,315.81,315.81,stop,-1.0,-0.002873200303106893,0.002873200303106924
2023-04-25,1,314.37,314.13,314.13,stop,-1.0,-0.000763431625155131,0.0007634316251551009
2023-04-26,-1,312.58,313.61,313.61,stop,-1.0,-0.0032951564399514854,0.0032951564399514672
2023-04-27,-1,315.32,315.81,315.81,stop,-1.0,-0.0015539769123429359,0.0015539769123430454
2023-04-28,-1,319.76,320.705,320.705,stop,-1.0,-0.0029553415061296384,0.002955341506129576
2023-05-01,1,322.1201,321.9201,321.9201,stop,-1.0,-0.0006208864333520081,0.0006208864333519972
2023-05-02,1,322.28,321.74,321.74,stop,-1.0,-0.001675561623432964,0.001675561623432927
2023-05-03,1,319.93,319.475,319.475,stop,-1.0,-0.001422186103209988,0.0014221861032100275
2023-05-04,-1,316.81,317.13,317.13,stop,-1.0,-0.0010100691266057282,0.0010100691266058306
2023-05-05,1,318.84,318.1,318.1,stop,-1.0,-0.002320913310751349,0.0023209133107513244
2023-05-08,-1,322.26,322.6399,322.6399,stop,-1.0,-0.0011788617886179242,0.00117886178861795
2023-05-09,1,322.06,321.97,321.97,stop,-1.0,-0.00027945103396875837,0.000279451033968748
2023-05-10,1,325.09,324.0901,324.0901,stop,-1.0,-0.0030757636346856465,0.003075763634685682
2023-05-11,-1,324.63,325.85,325.85,stop,-1.0,-0.0037581246341991115,0.0037581246341990182
2023-05-12,1,327.01,326.63,326.63,stop,-1.0,-0.0011620439741903965,0.0011620439741903779
2023-05-15,-1,325.29,325.58,325.58,stop,-1.0,-0.0008915121891235334,0.0008915121891234394
2023-05-16,1,326.8,326.02,327.14,close,0.43589743589738733,0.0010403916768664256,0.0023867809057528445
2023-05-17,-1,328.17,328.61,328.61,stop,-1.0,-0.0013407685041288975,0.0013407685041289506
2023-05-18,1,332.07,331.5,337.23,close,9.052631578947521,0.015538892402204407,0.0017165055560574372
2023-05-19,1,337.56,337.24,337.24,stop,-1.0,-0.0009479796184381772,0.0009479796184381833
2023-05-22,1,337.22,336.24,337.66,close,0.44897959183672403,0.001304786192989793,0.00290611470256811
2023-05-23,1,336.45,335.7,335.7,stop,-1.0,-0.0022291573785109264,0.002229157378510923
2023-05-24,1,331.83,330.86,330.86,stop,-1.0,-0.002923183557845821,0.002923183557845796
2023-05-25,-1,337.76,339.42,339.42,stop,-1.0,-0.004914732354334594,0.004914732354334513
2023-05-26,1,341.01,340.66,344.50999999999965,target,10.0,0.010263628632590338,0.001026362863259042
2023-05-30,1,352.82,351.89,351.89,stop,-1.0,-0.0026359049940479773,0.002635904994047976
2023-05-31,1,348.95,348.24,348.24,stop,-1.0,-0.0020346754549361856,0.0020346754549361787
2023-06-01,-1,347.22,347.93,347.93,stop,-1.0,-0.0020448130868035985,0.0020448130868036965
2023-06-02,1,355.62,353.76,353.76,stop,-1.0,-0.0052303020077610896,0.005230302007761131
2023-06-05,1,355.35,354.43,354.43,stop,-1.0,-0.0025889967637541256,0.00258899676375409
2023-06-06,-1,353.29,354.32,354.32,stop,-1.0,-0.002915451895043608,0.0029154518950436545
2023-06-07,1,357.0,355.13,355.13,stop,-1.0,-0.005238095238095264,0.005238095238095251
2023-06-08,-1,349.09,350.0,350.0,stop,-1.0,-0.002606777621816825,0.0026067776218167953
2023-06-09,1,355.29,354.52,354.52,stop,-1.0,-0.0021672436601087863,0.0021672436601087525
2023-06-12,-1,356.08,356.53,356.53,stop,-1.0,-0.00126376095259495,0.0012637609525948906
2023-06-13,1,363.555,362.79,362.79,stop,-1.0,-0.002104220819408309,0.002104220819408305
2023-06-14,-1,362.85,363.43,363.43,stop,-1.0,-0.0015984566625326657,0.001598456662532683
2023-06-15,-1,364.3,365.0,365.0,stop,-1.0,-0.0019214932747735336,0.001921493274773507
2023-06-16,-1,371.14,372.85,367.88,close,1.9064327485379657,0.00878374737295895,0.004607425769251594
2023-06-20,1,367.36,365.8,365.8,stop,-1.0,-0.004246515679442564,0.004246515679442515
2023-06-21,-1,365.57,366.18,362.02,close,5.8196721311474295,0.009710862488716332,0.0016686270755259284
2023-06-22,1,361.2999,360.22,366.2,close,4.53754977312735,0.013562417260563953,0.0029889296952475006
2023-06-23,1,363.21,362.03,362.03,stop,-1.0,-0.0032488092288207593,0.0032488092288208113
2023-06-26,1,362.75,361.78,361.78,stop,-1.0,-0.00267401791867683,0.0026740179186768498
2023-06-27,1,359.69,358.77,358.77,stop,-1.0,-0.00255775806944869,0.002557758069448736
2023-06-28,1,362.89,361.9038,364.58,close,1.7136483471912427,0.004657058612802745,0.0027176279313290436
2023-06-29,1,364.81,363.37,363.37,stop,-1.0,-0.003947260217647575,0.0039472602176475365
2023-06-30,1,367.76,367.23,369.42,close,3.1320754716983217,0.004513813356537,0.0014411572764845898
2023-07-05,1,369.6,368.66,370.28,close,0.7234042553190975,0.0018398268398267525,0.002543290043290037
2023-07-06,-1,365.65,366.96,366.96,stop,-1.0,-0.0035826610146314497,0.003582661014631485
2023-07-07,-1,367.2,367.72,367.72,stop,-1.0,-0.0014161220043573675,0.0014161220043574039
2023-07-10,1,366.3,365.9,365.9,stop,-1.0,-0.001092001092001138,0.001092001092001185
2023-07-11,1,367.09,366.36,366.36,stop,-1.0,-0.001988613146639673,0.0019886131466396837
2023-07-12,1,372.39,371.93,371.93,stop,-1.0,-0.00123526410483632,0.0012352641048362725
2023-07-13,1,376.34,375.46,379.16,close,3.204545454545528,0.007493224212148819,0.0023383111016633774
2023-07-14,1,380.51,379.58,379.58,stop,-1.0,-0.0024440881974192585,0.002444088197419271
2023-07-17,1,380.32,379.75,379.75,stop,-1.0,-0.001498737904922165,0.0014987379049221528
2023-07-18,-1,380.98,381.99,381.99,stop,-1.0,-0.002651057798309653,0.0026510577983095986
2023-07-19,-1,386.15,387.33,387.33,stop,-1.0,-0.00305580732875832,0.0030558073287582726
2023-07-20,1,383.48,382.54,382.54,stop,-1.0,-0.002451236048816141,0.002451236048816099
2023-07-21,1,379.62,378.41,378.41,stop,-1.0,-0.003187397924239943,0.0031873979242399756
2023-07-24,1,377.31,376.54,376.54,stop,-1.0,-0.00204076223794758,0.0020407622379475282
2023-07-25,1,377.74,376.93,378.8,close,1.3086419753086411,0.0028061629692381906,0.002144332080266856
2023-07-26,-1,376.7,378.21,378.21,stop,-1.0,-0.004008494823466879,0.004008494823466926
2023-07-27,1,383.5,382.7769,382.7769,stop,-1.0,-0.0018855280312907174,0.001885528031290712
2023-07-28,1,380.96,380.22,383.48,close,3.4054054054056775,0.006614867702646077,0.0019424611507768592
2023-07-31,-1,383.56,384.58,384.58,stop,-1.0,-0.002659297111273329,0.0026592971112732867
2023-08-01,-1,382.26,382.43,382.43,stop,-1.0,-0.00044472348663227024,0.00044472348663217683
2023-08-02,-1,378.23,379.26,374.39,close,3.728155339805955,0.01015255267958659,0.002723210744784847
2023-08-03,1,372.17,371.77,373.78,close,4.024999999999549,0.004325980062874324,0.0010747776553726364
2023-08-04,1,376.785,375.3985,375.3985,stop,-1.0,-0.003679817402497454,0.0036798174024974778
2023-08-07,-1,373.6,374.85,374.85,stop,-1.0,-0.0033458244111348456,0.0033458244111349033
2023-08-08,-1,372.2899,372.66,371.94,close,0.9454201567142845,0.0009398589647475752,0.0009941177560821184
2023-08-09,-1,372.11,372.45,368.71000000000026,target,10.0,0.009137083120581924,0.0009137083120581951
2023-08-10,1,371.41,370.3214,370.3214,stop,-1.0,-0.0029309927034814054,0.0029309927034814414
2023-08-11,-1,365.73,366.01,366.01,stop,-1.0,-0.0007655921034641633,0.0007655921034642296
2023-08-15,1,369.6,369.0449,369.0449,stop,-1.0,-0.001501893939394039,0.0015018939393940437
2023-08-16,-1,365.41,366.13,366.13,stop,-1.0,-0.001970389425576702,0.0019703894255766684
2023-08-17,-1,363.34,364.31,358.59,close,4.896907216494708,0.013073154621016103,0.002669675785765474
2023-08-18,1,355.62,355.02,355.02,stop,-1.0,-0.001687194196052011,0.0016871941960520296
2023-08-21,1,360.55,359.55,359.55,stop,-1.0,-0.002773540424351739,0.002773540424351685
2023-08-22,-1,366.215,366.56,362.7649999999997,target,10.0,0.00942069549308544,0.000942069549308541
2023-08-23,1,364.94,364.36,369.17,close,7.293103448276094,0.011590946456951912,0.0015893023510713655
2023-08-24,-1,370.74,372.74,361.09,close,4.825000000000017,0.0260290230350112,0.005394616173059287
2023-08-25,1,362.72,361.98,361.98,stop,-1.0,-0.0020401411557123827,0.00204014115571242
2023-08-28,1,367.155,366.1,366.1,stop,-1.0,-0.0028734458198852453,0.0028734458198851984
2023-08-29,1,367.43,366.231,374.73,close,6.088407005838145,0.019867729907737663,0.0032632065971750055
2023-08-30,1,375.41,374.78,374.78,stop,-1.0,-0.001678165206041582,0.001678165206041534
2023-08-31,1,377.53,376.87,377.89,close,0.5454545454545925,0.0009535666039786062,0.0017482054406271507
2023-09-01,-1,380.03,380.83,377.67,close,2.9499999999999043,0.006210036049785428,0.002105096966029028
2023-09-05,-1,376.35,377.15,377.15,stop,-1.0,-0.002125680882157477,0.002125680882157445
2023-09-06,-1,376.6,377.37,377.37,stop,-1.0,-0.0020446096654274104,0.0020446096654274607
2023-09-07,-1,369.82,370.26,370.26,stop,-1.0,-0.0011897679952408424,0.0011897679952409218
2023-09-08,1,373.63,371.92,371.92,stop,-1.0,-0.004576720284773628,0.004576720284773652
2023-09-11,1,375.91,375.5,375.5,stop,-1.0,-0.0010906866005161442,0.0010906866005161474
2023-09-12,1,375.61,374.93,374.93,stop,-1.0,-0.0018103884348127375,0.0018103884348127227
2023-09-13,1,373.46,372.78,372.78,stop,-1.0,-0.0018208107963370024,0.0018208107963369755
2023-09-14,-1,375.39,376.44,376.44,stop,-1.0,-0.0027970910253336534,0.0027970910253336833
2023-09-15,-1,375.32,376.32,370.66,close,4.659999999999968,0.012416071618885138,0.0026643930512629224
2023-09-18,1,370.54,369.03,370.66,close,0.07947019867549719,0.0003238516759325183,0.00407513358881645
2023-09-20,-1,370.24,370.95,370.95,stop,-1.0,-0.0019176750216074456,0.0019176750216075506
2023-09-21,1,361.03,360.5,360.5,stop,-1.0,-0.001468022048029205,0.0014680220480291742
2023-09-22,-1,359.2,359.71,359.71,stop,-1.0,-0.0014198218262806428,0.0014198218262805983
2023-09-25,-1,356.3703,357.21,357.21,stop,-1.0,-0.0023562569608073236,0.002356256960807322
2023-09-26,-1,356.89,357.33,357.33,stop,-1.0,-0.0012328728739947614,0.001232872873994782
2023-09-27,1,355.64,355.28,355.28,stop,-1.0,-0.0010122595883478303,0.0010122595883478057
2023-09-28,1,354.43,353.3099,353.3099,stop,-1.0,-0.0031602855288772602,0.0031602855288772945
2023-09-29,1,361.57,361.18,361.18,stop,-1.0,-0.0010786293110600642,0.0010786293110600614
2023-10-02,1,359.38,357.92,361.3,close,1.3150684931507142,0.005342534364739304,0.004062552173187099
2023-10-03,1,359.38,358.605,358.605,stop,-1.0,-0.002156491735767041,0.0021564917357670913
2023-10-04,1,356.815,355.69,355.69,stop,-1.0,-0.0031528943570197088,0.0031528943570197443
2023-10-05,1,359.89,359.26,359.26,stop,-1.0,-0.0017505348856594605,0.0017505348856594945
2023-10-06,1,356.37,355.645,355.645,stop,-1.0,-0.0020344024468951227,0.002034402446895145
2023-10-09,-1,361.44,362.395,362.395,stop,-1.0,-0.0026422089420097272,0.0026422089420096947
2023-10-10,1,366.94,366.62,366.62,stop,-1.0,-0.0008720771788303106,0.000872077178830308
2023-10-11,1,370.98,369.88,369.88,stop,-1.0,-0.0029651194134455716,0.00296511941344553
2023-10-12,-1,371.6558,371.98,371.98,stop,-1.0,-0.0008723124998990528,0.0008723124998991511
2023-10-13,-1,370.3,371.16,365.25,close,5.872093023255734,0.013637591142317107,0.0023224412638401665
2023-10-16,1,368.04,366.47,369.48,close,0.9171974522293019,0.003912618193674611,0.0042658406694924276
2023-10-17,-1,365.49,365.86,365.86,stop,-1.0,-0.0010123395988945738,0.001012339598894647
2023-10-18,1,367.12,365.54,365.54,stop,-1.0,-0.004303769884506425,0.004303769884506385
2023-10-19,-1,364.57,365.335,365.335,stop,-1.0,-0.002098362454398206,0.002098362454398295
2023-10-20,-1,358.44,359.49,359.49,stop,-1.0,-0.0029293605624372,0.0029293605624372597
2023-10-23,-1,352.73,353.9,353.9,stop,-1.0,-0.0033169846624896415,0.003316984662489607
2023-10-24,1,358.35,357.15,357.15,stop,-1.0,-0.00334868145667655,0.0033486814566765603
2023-10-25,-1,355.03,356.88,350.3,close,2.5567567567567044,0.013322817790045849,0.005210827254034935
2023-10-26,1,349.3,348.38,348.38,stop,-1.0,-0.002633839106785052,0.002633839106785044
2023-10-27,1,346.875,346.38,346.38,stop,-1.0,-0.001427027027027017,0.00142702702702704
2023-10-30,1,348.59,347.11,347.11,stop,-1.0,-0.004245675435325058,0.004245675435325056
2023-10-31,-1,348.25,349.45,349.45,stop,-1.0,-0.0034458004307249546,0.0034458004307250214
2023-11-01,1,352.19,351.62,357.09,close,8.596491228070239,0.013912944717340059,0.0016184445895681115
2023-11-02,-1,361.36,361.96,361.96,stop,-1.0,-0.0016603940668584727,0.00166039406685844
2023-11-03,1,364.89,364.53,364.53,stop,-1.0,-0.0009865987009783916,0.0009865987009784144
2023-11-06,1,368.77,368.47,368.47,stop,-1.0,-0.0008135151991754963,0.0008135151991755146
2023-11-07,-1,369.37,370.56,370.56,stop,-1.0,-0.003221701816606748,0.003221701816606648
2023-11-08,1,373.62,372.76,372.76,stop,-1.0,-0.0023018039719501227,0.002301803971950146
2023-11-09,-1,373.18,374.0,374.0,stop,-1.0,-0.0021973310466798512,0.002197331046679868
2023-11-10,-1,371.64,371.89,371.89,stop,-1.0,-0.0006726940049510688,0.0006726940049510279
2023-11-13,-1,376.3444,377.02,377.02,stop,-1.0,-0.0017951642166058601,0.0017951642166057855
2023-11-14,1,383.91,383.18,385.29,close,1.8904109589040563,0.003594592482613068,0.0019014873277591574
2023-11-15,1,387.41,386.73,386.73,stop,-1.0,-0.0017552463798043982,0.0017552463798043592
2023-11-16,-1,384.74,384.92,384.92,stop,-1.0,-0.0004678484171127817,0.00046784841711287314
2023-11-17,1,385.25,384.95,384.95,stop,-1.0,-0.0007787151200518982,0.0007787151200519439
2023-11-20,1,387.63,386.05,390.74,close,1.9683544303797753,0.008023114825993938,0.004076051905167258
2023-11-21,-1,388.88,389.1,389.1,stop,-1.0,-0.0005657272166221805,0.0005657272166221644
2023-11-22,1,392.2097,390.57,390.57,stop,-1.0,-0.0041806717171961605,0.004180671717196196
2023-11-27,-1,388.72,389.912,389.912,stop,-1.0,-0.0030664745832473805,0.0030664745832474543
2023-11-28,1,389.0,388.385,388.385,stop,-1.0,-0.0015809768637532473,0.0015809768637532367
2023-11-29,1,393.67,392.68,392.68,stop,-1.0,-0.002514796657098639,0.0025147966570986083
2023-11-30,1,390.28,389.61,389.61,stop,-1.0,-0.001716716203751023,0.0017167162037510482
2023-12-01,-1,386.76,387.79,387.79,stop,-1.0,-0.002663150274071935,0.0026631502740718524
2023-12-04,1,386.4,385.57,385.57,stop,-1.0,-0.002148033126293969,0.0021480331262939546
2023-12-05,-1,384.34,384.83,384.83,stop,-1.0,-0.0012749128375917351,0.0012749128375917395
2023-12-06,-1,388.67,390.37,385.015,close,2.150000000000032,0.009403864460853728,0.0043738904469086595
2023-12-07,1,388.79,387.42,387.42,stop,-1.0,-0.003523753182952283,0.003523753182952248
2023-12-08,1,388.99,388.4801,392.15,close,6.197293586977581,0.008123602149155529,0.0013108306126121906
2023-12-11,1,392.55,391.53,395.53,close,2.921568627450832,0.0075913896318939855,0.0025983951089034226
2023-12-12,-1,394.85,395.665,395.665,stop,-1.0,-0.0020640749651765766,0.0020640749651766434
2023-12-13,1,400.47,399.56,399.56,stop,-1.0,-0.0022723300122357015,0.0022723300122356855
2023-12-14,1,405.57,404.76,404.76,stop,-1.0,-0.0019971891412087217,0.001997189141208675
2023-12-15,1,404.32,403.8,403.8,stop,-1.0,-0.0012861100118717328,0.0012861100118717397
2023-12-18,1,405.38,404.6,407.11,close,2.217948717948819,0.004267600769648272,0.0019241205782228347
2023-12-19,1,408.04,407.345,409.15,close,1.5971223021582268,0.002720321537104109,0.0017032643858445082
2023-12-20,1,408.48,407.97,407.97,stop,-1.0,-0.0012485311398354737,0.0012485311398354652
2023-12-21,1,407.3,406.29,406.29,stop,-1.0,-0.002479744659955818,0.0024797446599557843
2023-12-22,-1,408.97,409.52,409.52,stop,-1.0,-0.0013448419199451056,0.0013448419199451169
2023-12-26,1,409.76,409.15,410.865,close,1.8114754098360548,0.0026967005076141692,0.0014886762983210018
2023-12-27,1,411.41,410.94,410.94,stop,-1.0,-0.0011424126783501354,0.0011424126783501306
2023-12-28,-1,412.2,412.92,411.21,close,1.3749999999999605,0.0024017467248907964,0.0017467248908297605
2024-01-02,-1,405.09,406.09,402.57,close,2.519999999999982,0.0062208398133747345,0.0024685872275296847
2024-01-03,1,399.98,399.26,399.26,stop,-1.0,-0.001800090004500321,0.0018000900045002932
2024-01-04,1,397.09,396.1928,396.1928,stop,-1.0,-0.002259437407136966,0.002259437407136916
2024-01-05,1,397.33,396.16,396.16,stop,-1.0,-0.002944655575969457,0.0029446555759694943
2024-01-08,1,398.8,397.8399,405.01,close,6.468076242058022,0.015571715145436205,0.0024074724172517834
2024-01-09,1,402.92,401.85,401.85,stop,-1.0,-0.002655614017671004,0.0026556140176709846
2024-01-10,1,406.49,406.06,406.06,stop,-1.0,-0.0010578366011464446,0.0010578366011464164
2024-01-11,1,410.54,409.6,409.6,stop,-1.0,-0.0022896672675013496,0.002289667267501334
2024-01-12,-1,410.01,410.52,410.52,stop,-1.0,-0.0012438721006804432,0.001243872100680449
2024-01-16,1,408.52,408.035,408.035,stop,-1.0,-0.0011872123763829734,0.0011872123763829354
2024-01-17,-1,404.64,406.61,406.61,stop,-1.0,-0.004868525108738808,0.0048685251087387
2024-01-18,1,411.3189,410.49,410.49,stop,-1.0,-0.0020152246833295973,0.0020152246833295916
2024-01-19,-1,415.19,415.48,415.48,stop,-1.0,-0.0006984753968062307,0.0006984753968063308
2024-01-22,1,424.46,423.39,423.39,stop,-1.0,-0.0025208500212033913,0.0025208500212033956
2024-01-23,-1,420.82,422.44,422.44,stop,-1.0,-0.003849626918872584,0.003849626918872688
2024-01-24,-1,426.67,427.54,427.54,stop,-1.0,-0.002039046569948688,0.002039046569948683
2024-01-25,-1,427.891,428.45,428.45,stop,-1.0,-0.0013064074729312036,0.0013064074729311182
2024-01-26,1,424.63,423.9,423.9,stop,-1.0,-0.0017191437251254937,0.0017191437251254462
2024-01-29,1,424.41,423.85,423.85,stop,-1.0,-0.0013194788058716878,0.001319478805871686
2024-01-30,1,427.28,426.94,426.94,stop,-1.0,-0.000795731136491229,0.0007957311364912352
2024-01-31,1,421.25,420.2,420.2,stop,-1.0,-0.0024925816023738667,0.0024925816023739144
2024-02-01,1,419.47,418.5183,418.5183,stop,-1.0,-0.002268815409922076,0.002268815409922084
2024-02-02,1,423.97,422.79,429.145,close,4.385593220338919,0.012206052315022253,0.0027832157935703157
2024-02-05,1,429.31,428.72,428.72,stop,-1.0,-0.0013742982926090441,0.001374298292609012
2024-02-06,-1,429.32,430.22,427.65,close,1.855555555555503,0.003889872356284352,0.0020963383956024272
2024-02-07,-1,429.88,430.51,430.51,stop,-1.0,-0.0014655252628641424,0.0014655252628640446
2024-02-08,-1,431.89,432.325,432.325,stop,-1.0,-0.0010072009076385058,0.0010072009076385244
2024-02-09,-1,433.66,433.985,433.985,stop,-1.0,-0.0007494350412764472,0.0007494350412765499
2024-02-12,1,437.31,436.3806,436.3806,stop,-1.0,-0.002125265829731715,0.0021252658297317394
2024-02-13,-1,427.28,427.52,427.52,stop,-1.0,-0.000561692566934946,0.0005616925669350522
2024-02-14,-1,431.23,431.97,431.97,stop,-1.0,-0.001716021612596652,0.0017160216125965471
2024-02-15,-1,433.6,434.28,434.28,stop,-1.0,-0.0015682656826567776,0.0015682656826567112
2024-02-16,-1,434.45,434.99,430.59,close,7.148148148147903,0.008884796869605305,0.0012429508574059627
2024-02-20,1,429.075,428.26,428.26,stop,-1.0,-0.0018994348307405096,0.0018994348307405412
2024-02-21,1,424.76,423.82,423.82,stop,-1.0,-0.002213014408136371,0.0022130144081363543
2024-02-22,-1,433.86,435.05,435.05,stop,-1.0,-0.0027428202646013755,0.002742820264601479
2024-02-23,1,440.38,439.47,439.47,stop,-1.0,-0.0020663972024159705,0.002066397202416023
2024-02-26,-1,437.62,438.4,438.4,stop,-1.0,-0.0017823682647044592,0.0017823682647044759
2024-02-27,-1,437.56,437.89,437.89,stop,-1.0,-0.000754182283572602,0.0007541822835725022
2024-02-28,1,435.5077,434.9,434.9,stop,-1.0,-0.001395382905973963,0.0013953829059739301
2024-02-29,1,438.93,437.98,437.98,stop,-1.0,-0.002164354225047238,0.002164354225047248
2024-03-01,1,440.78,439.84,445.67,close,5.2021276595745265,0.011093969780843205,0.0021325831480557144
2024-03-04,-1,445.09,445.73,445.73,stop,-1.0,-0.0014379114336426913,0.0014379114336427311
2024-03-05,-1,439.52,440.95,436.05,close,2.4265734265733943,0.00789497633782299,0.003253549326538057
2024-03-06,-1,440.11,440.83,440.83,stop,-1.0,-0.0016359546477016096,0.0016359546477016436
2024-03-07,1,442.59,442.02,442.02,stop,-1.0,-0.0012878736528163515,0.001287873652816361
2024-03-08,1,446.43,445.227,445.227,stop,-1.0,-0.0026947113769236752,0.002694711376923664
2024-03-11,-1,435.98,437.84,437.84,stop,-1.0,-0.004266250745446953,0.0042662507454469395
2024-03-12,-1,438.61,440.4,440.4,stop,-1.0,-0.0040810743029113805,0.0040810743029113875
2024-03-13,-1,441.79,442.67,440.23,close,1.7727272727272845,0.0035310894316303854,0.001991896602458171
2024-03-14,-1,441.49,441.71,441.71,stop,-1.0,-0.0004983125325601634,0.000498312532560127
2024-03-15,1,436.15,435.62,435.62,stop,-1.0,-0.001215178264358574,0.0012151782643585298
2024-03-18,1,439.54,438.57,438.57,stop,-1.0,-0.0022068526186468373,0.002206852618646829
2024-03-19,-1,435.13,435.69,435.69,stop,-1.0,-0.0012869717096040123,0.0012869717096040316
2024-03-20,-1,439.46,440.16,440.16,stop,-1.0,-0.0015928639694171576,0.0015928639694171153
2024-03-21,-1,448.15,448.97,448.97,stop,-1.0,-0.0018297445051880246,0.0018297445051881067
2024-03-22,-1,444.98,445.52,445.52,stop,-1.0,-0.0012135376870869852,0.0012135376870869782
2024-03-25,1,443.87,443.13,443.13,stop,-1.0,-0.0016671547975758427,0.0016671547975758872
2024-03-26,1,446.76,445.85,445.85,stop,-1.0,-0.00203688781448641,0.002036887814486454
2024-03-27,-1,445.31,446.54,444.935,close,0.3048780487804833,0.0008421099907929275,0.0027621207698008536
2024-03-28,-1,444.24,444.9,444.9,stop,-1.0,-0.0014856834143706088,0.0014856834143705388
2024-04-01,1,446.16,444.55,444.55,stop,-1.0,-0.0036085709162632096,0.0036085709162632543
2024-04-02,-1,439.61,440.19,440.19,stop,-1.0,-0.0013193512431473042,0.0013193512431472988
2024-04-03,1,439.7,438.95,442.06,close,3.1466666666666847,0.0053672958835571105,0.0017057084375710712
2024-04-04,1,446.54,446.05,446.05,stop,-1.0,-0.001097326107403651,0.0010973261074036123
2024-04-05,-1,436.58,437.59,437.59,stop,-1.0,-0.0023134362545238485,0.002313436254523778
2024-04-08,-1,440.5,441.6,441.6,stop,-1.0,-0.0024971623155505274,0.0024971623155505625
2024-04-09,-1,442.03,443.24,442.26,close,-0.1900826446281085,-0.0005203266746600654,0.002737370766690126
2024-04-10,1,437.36,436.54,436.54,stop,-1.0,-0.0018748856777025535,0.0018748856777025635
2024-04-11,1,440.32,439.31,439.31,stop,-1.0,-0.002293786337209336,0.0022937863372092817
2024-04-12,1,441.325,440.74,440.74,stop,-1.0,-0.0013255537302441223,0.0013255537302441047
2024-04-15,-1,440.49,442.15,430.99,close,5.72289156626517,0.021566891416377243,0.0037685305001247888
2024-04-16,1,431.19,430.36,430.36,stop,-1.0,-0.0019249054940977395,0.0019249054940976926
2024-04-17,-1,432.4,433.12,425.1999999999997,target,10.0,0.01665124884366387,0.0016651248843663907
2024-04-18,-1,425.5,426.61,426.61,stop,-1.0,-0.002608695652174031,0.002608695652173945
2024-04-19,-1,421.72,422.24,422.24,stop,-1.0,-0.0012330456226878894,0.0012330456226879963
2024-04-22,-1,416.86,417.75,417.75,stop,-1.0,-0.0021350093556589123,0.0021350093556589413
2024-04-23,-1,420.72,421.6,421.6,stop,-1.0,-0.002091652405400213,0.0020916524054002553
2024-04-24,1,428.27,427.75,427.75,stop,-1.0,-0.0012141873117424984,0.0012141873117425498
2024-04-25,-1,418.29,419.38,419.38,stop,-1.0,-0.002605847617681345,0.002605847617681453
2024-04-26,1,428.54,426.92,431.05,close,1.5493827160493727,0.005857096187053656,0.0037802772203295015
2024-04-29,1,433.5,432.83,432.83,stop,-1.0,-0.0015455594002307116,0.0015455594002307172
2024-04-30,1,431.54,430.87,430.87,gap-stop,-1.0,-0.0015525791351902463,0.0015525791351902857
2024-05-01,-1,422.72,423.52,423.52,stop,-1.0,-0.0018925056775169757,0.0018925056775169248
2024-05-02,-1,424.4,425.76,425.76,stop,-1.0,-0.003204524033930234,0.003204524033930287
2024-05-03,-1,433.94,434.63,434.63,stop,-1.0,-0.001590081578098257,0.0015900815780983493
2024-05-06,-1,437.16,437.36,437.36,stop,-1.0,-0.0004574983987555292,0.00045749839875557834
2024-05-07,1,441.06,440.38,440.38,stop,-1.0,-0.0015417403527865359,0.0015417403527864845
2024-05-08,1,438.0912,437.55,440.08,close,3.6747967479673993,0.004539694018049101,0.0012353592128762309
2024-05-09,-1,440.18,440.76,440.76,stop,-1.0,-0.0013176427824981296,0.001317642782498033
2024-05-10,1,443.48,442.13,442.13,stop,-1.0,-0.0030441057093893997,0.003044105709389426
2024-05-13,-1,443.06,444.09,443.1,close,-0.038834951456331576,-9.028122601906219e-05,0.002324741569990459
2024-05-14,1,442.97,442.46,445.97,close,5.8823529411759194,0.0067724676614668855,0.0011513195024494835
2024-05-15,1,448.73,448.015,448.015,stop,-1.0,-0.0015933857776392335,0.0015933857776391858
2024-05-16,1,452.82,452.53,452.53,stop,-1.0,-0.0006404310763659105,0.0006404310763659301
2024-05-17,-1,451.85,452.38,452.38,stop,-1.0,-0.0011729556268673669,0.0011729556268672628
2024-05-20,1,453.05,451.785,454.92,close,1.4782608695652368,0.004127579737335907,0.0027921862929036227
2024-05-21,1,453.6,452.84,455.8,close,2.8947368421050665,0.004850088183421475,0.0016754850088184473
2024-05-22,1,456.3,455.9909,455.9909,stop,-1.0,-0.0006774052158667887,0.0006774052158667561
2024-05-23,-1,459.46,460.58,453.64,close,5.1964285714285445,0.012667043921124832,0.002437644191006844
2024-05-24,1,455.57,454.61,454.61,stop,-1.0,-0.0021072502579185803,0.0021072502579186064
2024-05-28,-1,458.9112,459.56,459.56,stop,-1.0,-0.0014137811411010226,0.0014137811411009237
2024-05-29,1,456.21,455.34,456.53,close,0.3678160919540132,0.0007014313583657561,0.0019070165055566615
2024-05-30,-1,454.42,455.64,451.55,close,2.3524590163935035,0.006315743145108077,0.0026847409885127644
2024-05-31,-1,451.16,452.095,452.095,stop,-1.0,-0.002072435499601122,0.0020724354996010334
2024-06-03,1,454.7,454.19,454.19,stop,-1.0,-0.0011216186496590952,0.0011216186496590958
2024-06-04,-1,451.78,453.15,453.15,stop,-1.0,-0.0030324494222850884,0.0030324494222851934
2024-06-05,-1,457.61,458.07,458.07,stop,-1.0,-0.0010052227879635556,0.001005222787963505
2024-06-06,-1,464.23,464.5,464.5,stop,-1.0,-0.0005816082545289092,0.0005816082545289658
2024-06-07,-1,461.93,463.0,463.0,stop,-1.0,-0.0023163682809084207,0.002316368280908348
2024-06-10,1,462.3629,461.53,464.81,close,2.938047784847911,0.005292595924110577,0.0018013988579102084
2024-06-11,1,464.04,463.28,463.28,stop,-1.0,-0.0016377898457030637,0.0016377898457030594
2024-06-12,1,472.8,471.29,474.14,close,0.8874172185430351,0.0028341793570219043,0.0031937394247038725
2024-06-13,-1,477.64,477.9704,477.9704,stop,-1.0,-0.000691734360606322,0.0006917343606063089
2024-06-14,1,476.69,476.05,479.1708,close,3.8762500000000637,0.005204220772409673,0.0013425916213891341
2024-06-17,-1,479.0,479.82,479.82,stop,-1.0,-0.0017118997912317635,0.0017118997912317186
2024-06-18,1,485.395,484.7708,484.7708,stop,-1.0,-0.0012859629786049487,0.001285962978604999
2024-06-20,-1,485.34,486.59,486.59,stop,-1.0,-0.00257551407260892,0.002575514072608893
2024-06-21,1,481.26,480.38,480.38,stop,-1.0,-0.0018285334330715441,0.0018285334330715112
2024-06-24,1,479.06,477.86,477.86,stop,-1.0,-0.002504905439819627,0.002504905439819623
2024-06-25,-1,475.72,476.24,476.24,stop,-1.0,-0.0010930799630033405,0.001093079963003409
2024-06-26,-1,478.35,479.08,479.08,stop,-1.0,-0.001526079230688815,0.0015260792306887453
2024-06-27,1,481.54,480.12,480.12,stop,-1.0,-0.0029488723678199324,0.002948872367819944
2024-06-28,-1,481.75,482.49,482.49,stop,-1.0,-0.0015360664244941091,0.001536066424494051
2024-07-01,-1,479.12,480.4,480.4,stop,-1.0,-0.0026715645349806305,0.002671564534980741
2024-07-02,1,481.39,480.28,487.01,close,5.063063063063005,0.01167452585221973,0.0023058227217017673
2024-07-05,1,492.38,491.88,491.88,stop,-1.0,-0.0010154758519842488,0.0010154758519842397
2024-07-08,-1,496.38,496.83,496.83,stop,-1.0,-0.0009065635198839406,0.000906563519883937
2024-07-09,1,499.82,498.81,498.81,stop,-1.0,-0.002020727461886307,0.002020727461886261
2024-07-10,-1,499.29,499.92,499.92,stop,-1.0,-0.0012617917442767634,0.001261791744276864
2024-07-11,-1,502.95,503.28,499.65000000000015,target,10.0,0.006561288398448828,0.0006561288398448834
2024-07-12,-1,492.41,493.16,493.16,stop,-1.0,-0.0015231209764221543,0.0015231209764220873
2024-07-15,1,496.9918,496.4,496.4,stop,-1.0,-0.0011907641132108404,0.0011907641132107908
2024-07-16,1,498.0,497.19,497.19,stop,-1.0,-0.001626506024096419,0.00162650602409639
2024-07-17,-1,487.655,488.4399,488.4399,stop,-1.0,-0.0016095395310209426,0.001609539531021009
2024-07-18,-1,484.48,485.71,479.53,close,4.0243902439026025,0.010217140026420157,0.0025388044914133943
2024-07-19,1,479.77,478.34,478.34,stop,-1.0,-0.002980594868374431,0.0029805948683744436
2024-07-22,-1,480.11,481.27,481.27,stop,-1.0,-0.0024161129741100407,0.0024161129741100333
2024-07-23,1,481.94,480.87,480.87,stop,-1.0,-0.002220193385068625,0.0022201933850686667
2024-07-24,-1,472.45,474.19,463.33,close,5.2413793103448025,0.019303630013758122,0.003682929410519651
2024-07-25,-1,462.29,463.95,463.95,stop,-1.0,-0.0035908196153928706,0.0035908196153928663
2024-07-26,-1,461.1,462.71,462.71,stop,-1.0,-0.0034916504012143523,0.003491650401214393
2024-07-29,-1,465.11,465.9,465.9,stop,-1.0,-0.001698522930059454,0.0016985229300594776
2024-07-30,-1,465.63,466.09,466.09,stop,-1.0,-0.0009879088546700387,0.000987908854669973
2024-07-31,-1,466.42,468.348,468.348,stop,-1.0,-0.004133613481411613,0.004133613481411598
2024-08-01,1,472.57,471.5,471.5,stop,-1.0,-0.0022642148253169125,0.00226421482531687
2024-08-02,-1,448.29,450.98,450.98,stop,-1.0,-0.006000579981708221,0.006000579981708264
2024-08-05,1,427.57,423.45,435.75,close,1.985436893203883,0.0191313703019389,0.009635849100732055
2024-08-06,1,438.07,437.0,437.0,stop,-1.0,-0.00244253201543132,0.0024425320154313084
2024-08-07,1,447.44,446.15,446.15,stop,-1.0,-0.002883068120865362,0.002883068120865413
2024-08-08,-1,440.74,441.43,441.43,stop,-1.0,-0.0015655488496619796,0.001565548849661927
2024-08-09,1,447.79,446.73,446.73,stop,-1.0,-0.0023671810446861397,0.00236718104468613
2024-08-12,1,452.05,451.2,451.2,stop,-1.0,-0.0018803229731224613,0.0018803229731224926
2024-08-13,1,456.79,455.68,462.6,close,5.234234234234172,0.012719192626808873,0.0024300006567569642
2024-08-14,-1,462.81,464.43,464.43,stop,-1.0,-0.003500356517793568,0.0035003565177934887
2024-08-15,1,469.04,468.38,474.49,close,8.257575757575427,0.011619478082892654,0.001407129455909997
2024-08-16,1,472.86,471.65,475.02,close,1.7851239669420689,0.004567948229919905,0.002558896925094185
2024-08-19,-1,474.8,475.38,475.38,stop,-1.0,-0.0012215669755686331,0.0012215669755686269
2024-08-20,1,481.48,480.33,480.33,stop,-1.0,-0.0023884688875966953,0.002388468887596648
2024-08-21,-1,480.51,481.16,481.16,stop,-1.0,-0.0013527293916881789,0.0013527293916880691
2024-08-22,1,484.94,484.6,484.6,stop,-1.0,-0.0007011176640409067,0.0007011176640408607
2024-08-23,-1,478.16,479.42,479.42,stop,-1.0,-0.002635101221348579,0.0026351012213484833
2024-08-26,1,480.18,478.97,478.97,stop,-1.0,-0.0025198883751925694,0.0025198883751925936
2024-08-27,-1,473.57,474.06,474.06,stop,-1.0,-0.0010346939206453687,0.0010346939206453303
2024-08-28,1,476.35,476.17,476.17,stop,-1.0,-0.00037787341240680394,0.000377873412406858
2024-08-29,1,475.48,472.78,472.78,stop,-1.0,-0.005678472280642777,0.005678472280642814
2024-08-30,-1,474.57,475.45,475.45,stop,-1.0,-0.001854310217670685,0.001854310217670724
2024-09-03,-1,471.84,473.33,461.84,close,6.711409395973114,0.02119362495761279,0.003157850118684319
2024-09-04,1,459.78,458.24,458.24,stop,-1.0,-0.0033494279872982036,0.003349427987298194
2024-09-05,1,459.68,458.97,458.97,stop,-1.0,-0.0015445527323354469,0.0015445527323354933
2024-09-06,-1,460.02,461.22,448.87,close,9.291666666666295,0.024238076605364922,0.002608582235555075
2024-09-09,1,453.665,452.465,452.465,stop,-1.0,-0.0026451236044218174,0.002645123604421865
2024-09-10,1,456.74,456.01,456.01,stop,-1.0,-0.001598283487323271,0.0015982834873232434
2024-09-11,-1,458.51,459.94,459.94,stop,-1.0,-0.00311879784519431,0.003118797845194231
2024-09-12,1,468.84,467.43,467.43,stop,-1.0,-0.003007422574865526,0.003007422574865558
2024-09-13,1,473.39,472.25,475.34,close,1.710526315789484,0.004119225163184748,0.0024081624030925586
2024-09-16,-1,470.97,473.28,473.28,stop,-1.0,-0.004904771004522468,0.0049047710045224645
2024-09-17,-1,475.73,477.05,477.05,stop,-1.0,-0.0027746831185755383,0.002774683118575648
2024-09-18,-1,473.93,474.8299,474.8299,stop,-1.0,-0.00189880362078787,0.001898803620787885
2024-09-19,-1,481.91,482.75,482.75,stop,-1.0,-0.00174306405760416,0.0017430640576040649
2024-09-20,1,483.02,482.4196,482.4196,stop,-1.0,-0.0012430127116889178,0.001243012711688914
2024-09-23,-1,482.38,483.14,483.14,stop,-1.0,-0.0015755213731911688,0.0015755213731912412
2024-09-24,-1,484.07,484.89,484.89,stop,-1.0,-0.0016939698803892789,0.0016939698803891858
2024-09-25,1,485.79,484.68,484.68,stop,-1.0,-0.0022849379361452593,0.002284937936145276
2024-09-26,-1,492.08,493.7,489.44,close,1.6296296296296167,0.005364981303852989,0.0032921476182734607
2024-09-27,-1,490.04,490.64,486.78,close,5.433333333333722,0.0066525181617828055,0.0012243898457268098
2024-09-30,1,486.92,485.53,485.53,stop,-1.0,-0.002854678386593368,0.0028546783865933687
2024-10-01,-1,485.86,488.0,481.17,close,2.1915887850467417,0.009652986457004076,0.004404560984645755
2024-10-02,1,480.42,479.61,479.61,stop,-1.0,-0.0016860247283626562,0.0016860247283626874
2024-10-03,1,481.31,479.37,479.37,stop,-1.0,-0.004030666306538366,0.004030666306538401
2024-10-04,-1,487.16,487.64,487.64,stop,-1.0,-0.0009853025699975149,0.0009853025699974574
2024-10-07,1,485.7997,484.8809,484.8809,stop,-1.0,-0.0018913144656119707,0.0018913144656120128
2024-10-08,-1,483.94,484.68,484.68,stop,-1.0,-0.0015291151795677749,0.0015291151795677339
2024-10-09,-1,488.4,489.17,489.17,stop,-1.0,-0.001576576576576727,0.0015765765765766559
2024-10-10,1,491.22,490.435,490.435,stop,-1.0,-0.0015980619681609243,0.0015980619681609564
2024-10-11,1,490.82,490.255,490.255,stop,-1.0,-0.001151134835581269,0.0011511348355812676
2024-10-14,1,496.52,495.54,495.54,stop,-1.0,-0.001973737210988369,0.0019737372109884022
2024-10-15,1,497.96,497.191,497.191,stop,-1.0,-0.001544300747047922,0.0015443007470479666
2024-10-16,-1,489.91,491.23,491.23,stop,-1.0,-0.002694372435753545,0.002694372435753492
2024-10-17,-1,494.19,496.49,491.35,close,1.2347826086956353,0.0057467775551912625,0.004654080414415531
2024-10-18,-1,493.4,494.12,494.12,stop,-1.0,-0.0014592622618565532,0.0014592622618565612
2024-10-21,1,493.65,493.12,493.12,stop,-1.0,-0.0010736351666159605,0.0010736351666159683
2024-10-22,-1,492.71,493.1801,493.1801,stop,-1.0,-0.0009541109374682222,0.0009541109374682921
2024-10-23,-1,493.19,494.25,488.37,close,4.547169811320739,0.009773109754861231,0.002149273099616785
2024-10-24,-1,491.0019,492.19,492.19,stop,-1.0,-0.0024197462372346212,0.0024197462372345605
2024-10-25,1,496.19,495.12,495.12,stop,-1.0,-0.002156432011930942,0.0021564320119308996
2024-10-28,-1,497.51,498.52,495.4,close,2.0891089108911216,0.004241120781491858,0.0020301099475387246
2024-10-29,-1,494.05,496.08,496.08,stop,-1.0,-0.004108895860742701,0.004108895860742785
2024-10-30,-1,498.37,499.6,499.6,stop,-1.0,-0.0024680458294039642,0.002468045829403893
2024-10-31,-1,490.38,492.43,483.9,close,3.160975609756089,0.013214242016395539,0.004180431502100435
2024-11-01,1,486.5423,485.2,487.4,close,0.6389778737986672,0.0017628477523947694,0.0027588557048380436
2024-11-04,-1,485.11,487.32,487.32,stop,-1.0,-0.004555667786687589,0.004555667786687513
2024-11-05,1,489.03,487.52,492.25,close,2.1324503311258587,0.0065844631208720195,0.0030877451281107315
2024-11-06,1,501.43,500.2708,500.2708,stop,-1.0,-0.002311788285503491,0.002311788285503457
2024-11-07,1,509.21,508.34,513.6,close,5.045977011494276,0.008621197541289538,0.001708528897704296
2024-11-08,1,513.67,513.02,513.02,stop,-1.0,-0.0012654038585083738,0.0012654038585083367
2024-11-11,-1,515.02,515.58,513.83,close,2.12499999999967,0.0023105898800045432,0.0010873364141199549
2024-11-12,-1,513.69,513.91,513.91,stop,-1.0,-0.00042827386166743864,0.00042827386166737445
2024-11-13,1,512.73,512.2343,512.2343,stop,-1.0,-0.0009667856376651685,0.0009667856376651575
2024-11-14,1,512.52,511.9099,511.9099,stop,-1.0,-0.0011903925700460505,0.0011903925700460247
2024-11-15,-1,502.3599,503.33,496.46,close,6.081744150087609,0.011744368927535831,0.001931085661893002
2024-11-18,-1,497.45,498.15,498.15,stop,-1.0,-0.0014071766006633624,0.0014071766006633604
2024-11-19,1,497.51,497.17,497.17,stop,-1.0,-0.0006834033486763369,0.0006834033486763583
2024-11-20,-1,502.43,503.21,503.21,stop,-1.0,-0.001552455068367653,0.0015524550683676786
2024-11-21,-1,504.31,506.96,504.98,close,-0.25283018867925344,-0.0013285479169558023,0.0052547044476611154
2024-11-22,1,505.23,504.05,504.05,stop,-1.0,-0.00233556993844386,0.0023355699384438903
2024-11-25,-1,509.6,510.05,510.05,stop,-1.0,-0.0008830455259025705,0.0008830455259026465
2024-11-26,1,509.38,508.08,508.08,stop,-1.0,-0.0025521221877576883,0.0025521221877576887
2024-11-27,-1,507.01,508.24,505.28,close,1.4065040650406444,0.0034121614958285695,0.002425987653103525
2024-12-02,1,512.74,510.62,515.3,close,1.2075471698112925,0.004992783867066919,0.004134649139914975
2024-12-03,1,514.402,513.37,516.91,close,2.4302325581393696,0.004875564247417197,0.0020062130396072313
2024-12-04,-1,520.09,520.77,520.77,stop,-1.0,-0.0013074660154972495,0.0013074660154972215
2024-12-05,1,523.4,522.88,522.88,stop,-1.0,-0.0009935040122277528,0.000993504012227707
2024-12-06,1,523.211,522.35,526.51,close,3.831591173054607,0.006305295569091651,0.00164560760381565
2024-12-09,-1,525.0,526.23,526.23,stop,-1.0,-0.002342857142857202,0.0023428571428571773
2024-12-10,-1,523.51,523.62,523.62,stop,-1.0,-0.0002101201505224637,0.00021012015052246117
2024-12-11,1,525.43,524.59,529.94,close,5.369047619048267,0.008583445939516432,0.0015986905962733727
2024-12-12,-1,527.28,527.75,527.75,stop,-1.0,-0.00089136701562742,0.0008913670156274224
2024-12-13,1,530.965,530.29,530.29,stop,-1.0,-0.0012712702343846694,0.0012712702343846923
2024-12-16,1,533.72,533.0,538.2,close,6.222222222222012,0.008393914412051284,0.0013490219590797184
2024-12-17,-1,535.44,536.44,536.44,stop,-1.0,-0.0018676228895861957,0.0018676228895861346
2024-12-18,-1,534.0,535.67,535.67,stop,-1.0,-0.0031273408239700373,0.003127340823969961
2024-12-19,-1,521.16,521.7599,515.1609999999995,target,10.0,0.011510860388365352,0.0011510860388365335
2024-12-20,-1,510.34,510.75,510.75,stop,-1.0,-0.0008033859779754682,0.0008033859779755164
2024-12-23,1,520.07,519.25,519.25,stop,-1.0,-0.0015767108273887498,0.0015767108273887168
2024-12-26,1,528.85,528.2,528.2,stop,-1.0,-0.0012290819703129063,0.0012290819703129
2024-12-27,-1,524.37,526.45,522.57,close,0.8653846153845764,0.0034326906573601823,0.003966664759616379
2024-12-30,-1,514.07,515.71,515.71,stop,-1.0,-0.003190227011885538,0.003190227011885514
2024-12-31,1,517.08,516.36,516.36,stop,-1.0,-0.001392434439545176,0.0013924344395451907
2025-01-02,-1,512.44,514.92,514.92,stop,-1.0,-0.004839590976504438,0.0048395909765043795
2025-01-03,1,514.22,512.96,512.96,stop,-1.0,-0.0024503130955622066,0.002450313095562193
2025-01-06,1,525.12,523.76,523.76,stop,-1.0,-0.002589884216940952,0.0025898842169409155
2025-01-07,-1,524.59,525.99,515.15,close,6.742857142857291,0.017995005623439364,0.002668750833984592
2025-01-08,1,515.42,514.19,514.19,stop,-1.0,-0.0023864033215628133,0.002386403321562812
2025-01-10,-1,510.77,511.58,507.21,close,4.395061728395052,0.006969869021281605,0.0015858409851792438
2025-01-14,-1,508.8,509.02,509.02,stop,-1.0,-0.00043238993710681406,0.00043238993710686014
2025-01-15,1,513.4,512.37,512.37,stop,-1.0,-0.0020062329567588355,0.0020062329567588095
2025-01-16,-1,517.38,519.0599,513.07,close,2.565628906482534,0.008330434110324969,0.003246936487687918
2025-01-17,-1,520.72,523.05,523.05,stop,-1.0,-0.004474573667229809,0.004474573667229849
2025-01-21,-1,524.03,524.69,524.69,stop,-1.0,-0.001259469877678887,0.001259469877678915
2025-01-22,1,530.67,529.26,531.51,close,0.5957446808510999,0.001582904629995996,0.0026570184860647264
2025-01-23,1,529.22,528.45,532.72,close,4.545454545454652,0.006613506670193781,0.001454971467442617
2025-01-24,-1,532.37,533.1725,533.1725,stop,-1.0,-0.0015074102597818495,0.0015074102597817478
2025-01-27,1,513.67,510.53,510.53,stop,-1.0,-0.006112874024178927,0.006112874024178922
2025-01-28,-1,514.18,515.63,515.63,stop,-1.0,-0.002820024116068298,0.002820024116068392
2025-01-29,-1,520.95,522.59,520.78,close,0.10365853658541108,0.0003263269027738991,0.0031480948267587796
2025-01-30,-1,523.01,524.16,524.16,stop,-1.0,-0.0021988107301962323,0.00219881073019632
2025-01-31,1,527.82,526.74,526.74,stop,-1.0,-0.0020461520973059644,0.002046152097305977
2025-02-03,1,513.7,512.57,512.57,stop,-1.0,-0.0021997274673933864,0.002199727467393411
2025-02-04,1,519.3,518.23,524.54,close,4.897196261682543,0.010090506450991743,0.0020604660119390265
2025-02-05,-1,521.68,522.07,522.07,stop,-1.0,-0.0007475847262692348,0.000747584726269169
2025-02-06,-1,526.96,527.42,527.42,stop,-1.0,-0.0008729315318050102,0.0008729315318049238
2025-02-07,1,531.58,529.79,529.79,stop,-1.0,-0.003367320064712853,0.0033673200647128883
2025-02-10,-1,526.93,527.62,527.62,stop,-1.0,-0.0013094718463553257,0.001309471846355407
2025-02-11,1,527.64,525.83,527.95,close,0.17127071823208204,0.0005875217951634149,0.003430369191115051
2025-02-12,1,523.25,521.95,528.32,close,3.900000000000175,0.009689440993788878,0.002484472049689354
2025-02-13,1,531.65,529.87,529.87,stop,-1.0,-0.003348067337534011,0.003348067337534041
2025-02-14,1,536.23,535.8,535.8,stop,-1.0,-0.0008018947093598738,0.0008018947093599083
2025-02-18,-1,539.61,540.0,539.32,close,0.7435897435896763,0.0005374251774429295,0.0007227442041474146
2025-02-19,-1,538.33,538.67,538.67,stop,-1.0,-0.0006315828580980565,0.0006315828580980404
2025-02-20,-1,537.91,539.1,537.19,close,0.6050420168066223,0.0013385138777860517,0.0022122659924523704
2025-02-21,-1,537.56,538.4,529.1599999999996,target,10.0,0.01562616266091288,0.0015626162660912863
2025-02-24,-1,527.54,529.069,519.83,close,5.0425114453891045,0.014615005497213285,0.0028983584183189834
2025-02-25,-1,518.13,519.24,519.24,stop,-1.0,-0.0021423194951073476,0.0021423194951074318
2025-02-26,-1,514.84,515.62,515.62,stop,-1.0,-0.00151503379690765,0.001515033796907724
2025-02-27,1,518.26,517.7,517.7,stop,-1.0,-0.001080538725735991,0.0010805387257360117
2025-02-28,-1,497.07,500.1701,500.1701,stop,-1.0,-0.006236747339408932,0.0062367473394089315
2025-03-03,1,512.31,510.7,510.7,stop,-1.0,-0.003142628486658361,0.0031426284866583843
2025-03-04,-1,493.45,494.7,494.7,stop,-1.0,-0.002533184719829773,0.00253318471982977
2025-03-05,-1,496.08,496.83,496.83,stop,-1.0,-0.0015118529269473324,0.0015118529269472667
2025-03-06,-1,492.87,493.73,493.73,stop,-1.0,-0.0017448820175705038,0.0017448820175705838
2025-03-07,1,488.75,486.92,486.92,stop,-1.0,-0.003744245524296641,0.0037442455242966428
2025-03-10,-1,481.9,483.86,483.86,stop,-1.0,-0.004067233865947317,0.004067233865947368
2025-03-12,1,480.1091,478.54,478.54,stop,-1.0,-0.0032682154951864106,0.0032682154951863894
2025-03-13,-1,476.04,476.2801,473.6390000000002,target,10.0,0.005043693807242788,0.0005043693807242752
2025-03-14,1,475.55,473.4608,473.4608,stop,-1.0,-0.004393228892860868,0.004393228892860909
2025-03-17,1,480.93,479.18,479.18,stop,-1.0,-0.0036387831909009405,0.0036387831909009626
2025-03-18,-1,478.12,479.61,474.73,close,2.2751677852348764,0.007090270225048045,0.0031163724587969736
2025-03-19,-1,476.42,477.46,477.46,stop,-1.0,-0.002182947819151071,0.0021829478191510926
2025-03-20,1,478.79,476.18,479.29,close,0.19157088122605265,0.0010442991708263794,0.005451241671714141
2025-03-21,-1,474.03,475.4,475.4,stop,-1.0,-0.002890112440141035,0.002890112440140929
2025-03-24,-1,487.24,488.2,488.2,stop,-1.0,-0.0019702815860767053,0.0019702815860766346
2025-03-25,1,491.35,491.02,491.02,stop,-1.0,-0.0006716190088532636,0.0006716190088532429
2025-03-26,-1,492.05,492.81,492.81,stop,-1.0,-0.001544558479829261,0.0015445584798292672
2025-03-27,-1,481.68,483.4,483.4,stop,-1.0,-0.003570835409400397,0.0035708354094003704
2025-03-28,-1,478.7,479.9,479.9,stop,-1.0,-0.0025067892208063824,0.002506789220806327
2025-03-31,-1,458.7,462.52,462.52,stop,-1.0,-0.008327883148027126,0.008327883148027019
2025-04-01,-1,467.0,468.5392,468.5392,stop,-1.0,-0.0032959314775160564,0.003295931477516047
2025-04-02,1,468.27,465.86,476.15,close,3.269709543568506,0.0168278984346637,0.005146603455271463
2025-04-03,1,459.52,456.11,456.11,stop,-1.0,-0.007420786908077903,0.007420786908077926
2025-04-04,1,438.31,436.71,436.71,stop,-1.0,-0.0036503844311104316,0.0036503844311104533
2025-04-07,-1,408.0,410.0,410.0,stop,-1.0,-0.004901960784313708,0.004901960784313725
2025-04-08,1,438.67,437.2248,437.2248,stop,-1.0,-0.00329450384115626,0.0032945038411562218
2025-04-09,1,417.09,415.43,433.68999999999966,target,10.0,0.0397995636433377,0.003979956364333761
2025-04-10,1,454.38,452.44,452.44,stop,-1.0,-0.004269554117698804,0.004269554117698838
2025-04-11,1,444.64,443.21,443.21,stop,-1.0,-0.0032160849226340327,0.0032160849226340565
2025-04-14,-1,463.36,465.05,457.41,close,3.520710059171596,0.012840987569060713,0.003647272099447509
2025-04-15,1,459.2759,458.14,458.14,stop,-1.0,-0.0024732410300649654,0.002473241030064918
2025-04-16,1,449.99,448.72,448.72,stop,-1.0,-0.0028222849396652983,0.0028222849396652852
2025-04-17,-1,445.03,447.37,447.37,stop,-1.0,-0.005258072489495058,0.005258072489495162
2025-04-21,1,438.76,438.08,438.08,stop,-1.0,-0.001549822226274089,0.0015498222262740606
2025-04-22,-1,437.86,439.03,439.03,stop,-1.0,-0.0026720869684373483,0.0026720869684373066
2025-04-23,1,459.121,458.0,458.0,stop,-1.0,-0.0024416221431822205,0.002441622143182257
2025-04-24,1,456.75,455.8701,455.8701,stop,-1.0,-0.0019264367816091976,0.0019264367816092403
2025-04-25,1,467.62,465.89,465.89,stop,-1.0,-0.0036995851332278784,0.0036995851332278736
2025-04-28,-1,471.83,473.62,473.62,stop,-1.0,-0.003793739270500085,0.0037937392705000117
2025-04-29,1,470.6412,469.75,469.75,stop,-1.0,-0.001893586876797082,0.001893586876797072
2025-04-30,-1,467.0,467.21,467.21,stop,-1.0,-0.00044967880085655665,0.0004496788008564872
2025-05-01,-1,482.64,483.89,483.89,stop,-1.0,-0.0025899220951433044,0.002589922095143378
2025-05-02,-1,486.45,487.64,487.64,stop,-1.0,-0.002446294583204889,0.0024462945832048467
2025-05-05,1,485.19,484.24,484.24,stop,-1.0,-0.0019579958366825467,0.0019579958366825133
2025-05-06,1,480.52,479.16,479.16,stop,-1.0,-0.0028302672105218196,0.0028302672105218448
2025-05-07,-1,482.09,482.6188,482.6188,stop,-1.0,-0.0010968906220831798,0.0010968906220831102
2025-05-08,-1,487.3,488.74,488.74,stop,-1.0,-0.002955058485532458,0.0029550584855325213
2025-05-09,1,491.07,490.2,490.2,stop,-1.0,-0.0017716415175026423,0.0017716415175026057
2025-05-12,-1,504.24,507.06,507.06,stop,-1.0,-0.0055925749643026545,0.0055925749643027
2025-05-13,1,510.0,508.42,515.58,close,3.5316455696203146,0.010941176470588232,0.003098039215686243
2025-05-14,1,518.7,516.69,516.69,stop,-1.0,-0.0038750722961249373,0.00387507229612491
2025-05-15,1,517.22,516.01,516.01,stop,-1.0,-0.0023394300297746584,0.002339430029774634
2025-05-16,-1,519.72,520.72,520.72,stop,-1.0,-0.0019241129839144833,0.0019241129839144154
2025-05-19,1,515.37,514.24,522.03,close,5.893805309734509,0.012922754525874547,0.0021925994916273655
2025-05-20,1,519.65,519.32,519.32,stop,-1.0,-0.0006350428172807732,0.0006350428172807221
2025-05-21,1,517.24,516.21,516.21,stop,-1.0,-0.0019913386435697067,0.0019913386435696633
2025-05-22,-1,512.52,514.86,514.86,stop,-1.0,-0.004565675485834753,0.004565675485834761
2025-05-23,1,507.62,505.58,509.2865,close,0.8169117647058668,0.0032829675741696818,0.004018754186202318
2025-05-27,-1,515.59,516.8,516.8,stop,-1.0,-0.002346825966368371,0.002346825966368476
2025-05-28,1,522.71,521.85,521.85,stop,-1.0,-0.001645271756805955,0.0016452717568059031
2025-05-29,-1,524.81,526.48,519.96,close,2.904191616766286,0.009241439759150705,0.003182103999542831
2025-05-30,-1,518.48,519.66,519.66,stop,-1.0,-0.002275883351334551,0.002275883351334574
2025-06-02,1,520.092,517.22,517.22,stop,-1.0,-0.005522099936165037,0.005522099936165058
2025-06-03,-1,523.23,524.77,524.77,stop,-1.0,-0.0029432563117557375,0.002943256311755755
2025-06-04,1,528.73,527.84,527.84,stop,-1.0,-0.0016832788001437393,0.0016832788001437148
2025-06-05,-1,529.92,530.85,530.85,stop,-1.0,-0.0017549818840580933,0.0017549818840580913
2025-06-06,-1,529.55,530.56,530.56,stop,-1.0,-0.0019072797658388208,0.001907279765838903
2025-06-09,-1,529.69,530.55,530.55,stop,-1.0,-0.0016235911570916528,0.0016235911570916949
2025-06-10,-1,530.9,531.86,531.86,stop,-1.0,-0.0018082501412695073,0.001808250141269611
2025-06-11,-1,534.55,535.81,535.81,stop,-1.0,-0.0023571228135814692,0.0023571228135815005
2025-06-12,1,531.47,530.84,533.66,close,3.4761904761904074,0.004120646508739778,0.0011853914614183216
2025-06-13,1,529.63,527.25,527.25,stop,-1.0,-0.004493703151256523,0.004493703151256529
2025-06-16,1,531.78,530.45,534.27,close,1.8721804511279287,0.004682387453458281,0.0025010342622887797
2025-06-17,1,532.19,531.49,531.49,stop,-1.0,-0.0013153197166426711,0.0013153197166426377
2025-06-18,-1,528.6,530.15,530.15,stop,-1.0,-0.002932273931138818,0.002932273931138771
2025-06-20,1,532.64,531.4,531.4,stop,-1.0,-0.002328026434364694,0.0023280264343646913
2025-06-23,-1,524.75,526.84,526.84,stop,-1.0,-0.00398284897570278,0.003982848975702776
2025-06-24,1,537.1,536.27,539.735,close,3.1746987951805554,0.004905976540681367,0.0015453360640477396
2025-06-25,1,542.51,541.94,541.94,stop,-1.0,-0.0010506718770160184,0.0010506718770159746
2025-06-26,-1,542.95,543.7,543.7,stop,-1.0,-0.0013813426650703953,0.0013813426650704484
2025-06-27,1,547.49,546.74,546.74,stop,-1.0,-0.0013698880344846787,0.001369888034484648
2025-06-30,-1,550.15,551.31,551.31,stop,-1.0,-0.0021085158593110442,0.002108515859311039
2025-07-01,-1,549.73,550.15,550.15,stop,-1.0,-0.0007640114237896789,0.000764011423789786
2025-07-02,1,546.54,546.12,550.7399999999996,target,10.0,0.007684707432209059,0.0007684707432209154
2025-07-07,-1,553.13,554.27,554.27,stop,-1.0,-0.002060998318659246,0.002060998318659242
2025-07-08,-1,552.57,553.55,553.55,stop,-1.0,-0.0017735309553539302,0.0017735309553538999
2025-07-09,1,555.59,554.47,554.47,stop,-1.0,-0.002015875015749069,0.0020158750157490317
2025-07-10,-1,555.95,557.3,555.47,close,0.355555555555593,0.0008633869952333617,0.0024282759240937296
2025-07-11,1,553.6625,553.18,553.18,stop,-1.0,-0.00087146953243189,0.0008714695324318926
2025-07-14,-1,553.83,554.87,554.87,stop,-1.0,-0.001877832547893643,0.0018778325478936923
2025-07-15,-1,559.35,560.8,556.7,close,1.827586206896622,0.004737641905783407,0.0025922946276927357
2025-07-16,-1,556.17,557.67,557.67,stop,-1.0,-0.002697017099088317,0.0026970170990884084
2025-07-17,-1,557.65,558.425,558.425,stop,-1.0,-0.0013897606025283782,0.001389760602528427
2025-07-18,-1,562.91,563.32,561.26,close,4.02439024390158,0.002931196816542525,0.0007283579968380058
2025-07-21,1,563.15,562.06,564.16,close,0.9266055045871205,0.0017934830862114115,0.001935541152446119
2025-07-22,-1,562.96,564.35,561.29,close,1.2014388489209273,0.0029664629813842547,0.002469091942589147
2025-07-23,-1,561.33,562.37,562.37,stop,-1.0,-0.0018527425934833364,0.0018527425934832694
2025-07-24,-1,564.98,565.72,565.72,stop,-1.0,-0.0013097808771991293,0.0013097808771992089
2025-07-25,1,565.07,564.56,564.56,stop,-1.0,-0.0009025430477641594,0.0009025430477641789
2025-07-28,1,568.27,567.54,567.54,stop,-1.0,-0.0012846006299822577,0.0012846006299822587
2025-07-29,1,571.61,570.71,570.71,stop,-1.0,-0.0015745000962194,0.0015745000962194104
2025-07-30,-1,568.15,568.27,568.27,stop,-1.0,-0.00021121182786232318,0.0002112118278623683
2025-07-31,-1,572.85,574.63,565.0,close,4.410112359550642,0.013703412760757705,0.003107270664222698
2025-08-01,-1,557.03,559.02,553.85,close,1.5979899497487113,0.0057088487155089185,0.0035725185358059875
2025-08-04,1,559.93,558.95,564.1,close,4.255102040816816,0.007447359491365102,0.001750218777346998
2025-08-05,-1,564.44,565.615,565.615,stop,-1.0,-0.0020817093047975632,0.002081709304797595
2025-08-06,1,562.34,560.75,560.75,stop,-1.0,-0.0028274709250631913,0.0028274709250631857
2025-08-07,1,571.96,571.2,571.2,stop,-1.0,-0.0013287642492482155,0.0013287642492481831
2025-08-08,1,570.55,570.15,574.5499999999997,target,10.0,0.007010779072823992,0.000701077907282407
2025-08-11,-1,573.97,575.04,575.04,stop,-1.0,-0.00186420893078032,0.0018642089307802435
2025-08-12,1,576.29,574.61,574.61,stop,-1.0,-0.0029151989449754945,0.0029151989449755335
2025-08-13,1,583.1,582.38,582.38,stop,-1.0,-0.001234779626136162,0.0012347796261362154
2025-08-14,1,579.39,577.91,579.86,close,0.3175675675675821,0.0008111979840867978,0.002554410673294358
2025-08-15,-1,578.55,579.84,577.23,close,1.0232558139533776,0.00228156598392526,0.002229712211563525
2025-08-18,1,577.56,576.41,576.41,stop,-1.0,-0.001991135120160692,0.001991135120160637
2025-08-19,-1,574.1,576.56,569.28,close,1.9593495934960168,0.008395749869360869,0.0042849677756487065
2025-08-20,-1,566.98,568.45,565.85,close,0.7687074829931799,0.0019930156266534382,0.0025926840452926508
2025-08-21,-1,563.91,564.66,564.66,stop,-1.0,-0.0013299994680002758,0.001329999468000213
2025-08-22,-1,563.95,564.85,564.85,stop,-1.0,-0.0015958861601206298,0.0015958861601205376
2025-08-25,-1,569.76,570.92,570.92,stop,-1.0,-0.0020359449592810552,0.002035944959281045
2025-08-26,1,570.59,569.76,569.76,stop,-1.0,-0.0014546346763876228,0.0014546346763876705
2025-08-27,1,571.94,571.22,571.22,stop,-1.0,-0.0012588733083890302,0.0012588733083890395
2025-08-28,1,576.2,573.84,573.84,stop,-1.0,-0.004095800069420341,0.004095800069420364
2025-08-29,-1,574.33,575.03,570.31,close,5.742857142857839,0.0069994602406283635,0.0012188114846863854
2025-09-02,-1,560.89,561.36,561.36,stop,-1.0,-0.0008379539660183788,0.0008379539660183411
2025-09-03,-1,568.69,569.6,569.6,stop,-1.0,-0.001600168809017255,0.001600168809017159
2025-09-04,1,572.04,570.18,570.18,stop,-1.0,-0.003251520872666225,0.003251520872666271
2025-09-05,-1,579.835,581.12,576.03,close,2.961089494163547,0.006562211663662998,0.0022161476971896627
2025-09-08,1,579.21,578.07,578.07,stop,-1.0,-0.0019681980628787343,0.001968198062878725
2025-09-09,1,579.85,579.38,579.38,stop,-1.0,-0.0008105544537381215,0.0008105544537380827
2025-09-10,-1,582.84,583.77,580.7,close,2.3010752688173133,0.0036716766179397675,0.0015956351657400829
2025-09-11,1,583.44,583.015,583.015,stop,-1.0,-0.0007284382284383772,0.0007284382284383453
2025-09-12,-1,584.88,585.57,585.57,stop,-1.0,-0.0011797291752155825,0.001179729175215522
2025-09-15,1,589.01,588.295,591.7,close,3.762237762237671,0.0045669852803857935,0.001213901291998492
2025-09-16,-1,592.11,592.86,591.17,close,1.253333333333406,0.0015875428552127868,0.0012666565334143994
2025-09-17,-1,590.6,591.57,591.57,stop,-1.0,-0.0016423975618016229,0.0016423975618016038
2025-09-18,1,595.36,594.32,594.32,stop,-1.0,-0.001746842246707847,0.001746842246707813
2025-09-19,-1,596.9,597.65,597.65,stop,-1.0,-0.0012564918746857945,0.001256491874685877
2025-09-22,1,598.59,597.72,602.24,close,4.195402298850527,0.0060976628410096545,0.0014534155264872525
2025-09-23,-1,602.13,602.57,597.7299999999994,target,10.0,0.007307392091409737,0.0007307392091409739
2025-09-24,-1,598.51,599.9,596.06,close,1.762589928057604,0.004093498855491262,0.002322434044543928
2025-09-25,-1,590.82,592.23,592.23,stop,-1.0,-0.0023865136589824587,0.002386513658982377
2025-09-26,1,595.28,592.96,592.96,stop,-1.0,-0.0038973256282757163,0.0038973256282756625
2025-09-29,1,599.6,599.045,599.045,stop,-1.0,-0.0009256170780521655,0.0009256170780521408
2025-09-30,-1,597.06,598.67,598.67,stop,-1.0,-0.0026965464107460146,0.0026965464107460116
2025-10-01,1,598.425,596.7,596.7,stop,-1.0,-0.0028825667376862762,0.002882566737686275
2025-10-02,-1,605.915,607.16,605.7,close,0.17269076305214245,0.00035483524916846143,0.0020547436521624394
2025-10-03,1,606.83,606.24,606.24,stop,-1.0,-0.0009722657086829178,0.0009722657086828796
2025-10-06,-1,607.18,608.6188,608.6188,stop,-1.0,-0.0023696432688824487,0.002369643268882399
2025-10-07,1,609.1,608.58,608.58,stop,-1.0,-0.000853718601214859,0.0008537186012148773
2025-10-08,1,606.42,605.26,611.45,close,4.336206896551918,0.008294581313281313,0.0019128656706572478
2025-10-09,-1,610.98,611.61,610.7,close,0.44444444444440434,0.0004582801401027403,0.0010311303152312603
2025-10-10,1,611.775,610.96,610.96,stop,-1.0,-0.0013321891218175397,0.001332189121817565
2025-10-13,-1,598.07,600.11,600.11,stop,-1.0,-0.003410971959803888,0.003410971959803975
2025-10-14,-1,593.4,595.33,595.33,stop,-1.0,-0.0032524435456691148,0.0032524435456691334
2025-10-15,-1,603.04,604.04,604.04,stop,-1.0,-0.0016582647917220417,0.0016582647917219424
2025-10-16,1,606.18,605.02,605.02,stop,-1.0,-0.001913623016265742,0.0019136230162657432
2025-10-17,1,598.96,597.08,597.08,stop,-1.0,-0.003138773874716172,0.0031387738747161668
2025-10-20,1,608.77,607.065,611.55,close,1.6304985337243938,0.004566585081393626,0.0028007293394877
2025-10-21,-1,611.11,611.72,611.72,stop,-1.0,-0.000998183633061256,0.0009981836330611733
2025-10-22,-1,608.9,610.95,610.95,stop,-1.0,-0.0033667268845460896,0.0033667268845460146
2025-10-23,1,605.3,604.52,610.6,close,6.79487179487212,0.008755988765901224,0.0012886172146042835
2025-10-24,1,616.57,615.13,617.02,close,0.31249999999994077,0.000729844137729696,0.0023355012407351226
2025-10-27,1,624.69,624.48,624.48,stop,-1.0,-0.00033616673870240366,0.0003361667387024546
2025-10-28,1,630.78,630.285,630.285,stop,-1.0,-0.0007847426995148954,0.0007847426995148935
2025-10-29,1,635.88,635.55,635.55,stop,-1.0,-0.000518965842611907,0.0005189658426118779
2025-10-30,-1,630.17,632.19,632.19,stop,-1.0,-0.0032054842344131362,0.003205484234413088
2025-10-31,-1,633.24,634.2,629.19,close,4.218749999999793,0.0063956793632745645,0.0015160128861095893
2025-11-03,-1,635.08,635.82,632.11,close,4.013513513513501,0.0046765761793789995,0.001165207532909254
2025-11-04,-1,621.69,623.6199,623.6199,stop,-1.0,-0.0031042802683007853,0.003104280268300881
2025-11-05,-1,617.54,619.33,619.33,stop,-1.0,-0.0028985976616899833,0.002898597661690056
2025-11-06,-1,621.14,622.04,612.1400000000002,target,10.0,0.014489487072157248,0.001448948707215728
2025-11-07,-1,607.12,608.33,608.33,stop,-1.0,-0.0019930162076691182,0.0019930162076690545
2025-11-10,1,619.67,618.56,618.56,stop,-1.0,-0.001791276001742892,0.0017912760017428852
2025-11-11,1,620.88,620.35,620.35,stop,-1.0,-0.0008536271099084392,0.000853627109908473
2025-11-12,-1,622.43,624.86,621.04,close,0.5720164609053292,0.0022331828478704407,0.0039040534678599424
2025-11-13,-1,616.52,618.12,608.41,close,5.068749999999937,0.013154479984428757,0.0025952118341660006
2025-11-14,-1,597.62,600.43,600.43,stop,-1.0,-0.00470198453866999,0.0047019845386699665
2025-11-17,1,608.62,605.24,605.24,stop,-1.0,-0.005553547369458789,0.005553547369458768
2025-11-18,1,600.22,598.29,598.29,stop,-1.0,-0.0032154876545267275,0.0032154876545267795
2025-11-19,1,597.55,596.14,596.14,stop,-1.0,-0.0023596351769725743,0.002359635176972585
2025-11-20,-1,611.15,612.38,612.38,stop,-1.0,-0.002012599198232934,0.0020125991982328697
2025-11-21,1,588.1,586.44,586.44,stop,-1.0,-0.0028226492093180733,0.002822649209318089
2025-11-24,1,599.13,595.16,605.31,close,1.556675062972269,0.010314956687196286,0.0066262747650760725
2025-11-25,-1,603.4,604.07,604.07,stop,-1.0,-0.0011103745442493373,0.0011103745442493749
2025-11-26,1,612.95,612.17,612.17,stop,-1.0,-0.0012725344644751724,0.0012725344644752203
2025-12-01,1,614.69,613.13,613.13,stop,-1.0,-0.002537864614683971,0.0025378646146839204
2025-12-02,1,620.285,618.98,618.98,stop,-1.0,-0.002103871607406216,0.0021038716074061924
2025-12-03,-1,619.1,620.65,620.65,stop,-1.0,-0.002503634307866154,0.0025036343078661837
2025-12-04,-1,621.45,624.94,622.86,close,-0.4040114613180414,-0.0022688872797489434,0.005615898302357404
2025-12-05,1,626.27,624.35,624.35,stop,-1.0,-0.0030657703546392856,0.0030657703546393077
2025-12-08,1,628.1,626.87,626.87,stop,-1.0,-0.0019582868969909573,0.001958286896990954
2025-12-09,-1,622.13,623.52,623.52,stop,-1.0,-0.0022342597206370662,0.002234259720637144
2025-12-10,-1,623.1,624.22,624.22,stop,-1.0,-0.0017974642914460048,0.001797464291446003
2025-12-11,-1,622.16,623.97,623.97,stop,-1.0,-0.002909219493377968,0.0029092194933780045
2025-12-12,1,622.44,621.3,621.3,stop,-1.0,-0.001831501831502047,0.0018315018315019922
2025-12-15,-1,616.2,618.42,610.49,close,2.5720720720721886,0.00926647192469987,0.0036027263875363738
2025-12-16,1,609.52,607.73,607.73,stop,-1.0,-0.0029367371046068458,0.002936737104606844
2025-12-17,-1,612.53,613.65,601.3299999999999,target,10.0,0.018284818702757444,0.001828481870275749
2025-12-18,-1,609.53,610.95,610.95,stop,-1.0,-0.0023296638393517366,0.002329663839351751
2025-12-19,1,614.15,611.87,617.24,close,1.355263157894767,0.005031344134169169,0.0037124480989985716
2025-12-22,-1,619.59,621.65,619.16,close,0.20873786407770634,0.0006940073274263048,0.0033247792895300847
2025-12-23,1,619.64,618.05,618.05,stop,-1.0,-0.0025660060680395835,0.0025660060680395584
2025-12-26,1,624.71,623.86,623.86,stop,-1.0,-0.0013606313329385111,0.0013606313329385198
2025-12-29,1,620.45,619.11,619.11,stop,-1.0,-0.002159722781851947,0.002159722781851933
2025-12-30,1,620.52,619.73,619.73,stop,-1.0,-0.0012731257654869932,0.0012731257654869522
2025-12-31,-1,619.31,619.96,614.28,close,7.738461538460414,0.00812194216143769,0.0010495551500865335
2026-01-02,-1,619.9,621.18,621.18,stop,-1.0,-0.0020648491692207838,0.002064849169220798
2026-01-05,-1,617.97,619.98,619.98,stop,-1.0,-0.003252585076945369,0.003252585076945468
2026-01-06,1,619.5,619.115,619.115,stop,-1.0,-0.000621468926553681,0.0006214689265536576
2026-01-07,1,623.79,622.56,624.06,close,0.21951219512193318,0.0004328379743181454,0.0019718174385610836
2026-01-08,-1,621.09,623.42,620.43,close,0.28326180257515127,0.0010626479254215448,0.0037514691912604084
2026-01-09,-1,620.5,621.41,621.41,stop,-1.0,-0.0014665592264302418,0.0014665592264302468
2026-01-12,1,624.93,622.26,627.19,close,0.8464419475655952,0.0036164050373643786,0.004272478517593906
2026-01-13,1,628.065,626.79,626.79,stop,-1.0,-0.002030044660982666,0.002030044660982686
2026-01-14,1,623.19,620.53,620.53,stop,-1.0,-0.0042683611739599,0.0042683611739599185
2026-01-15,-1,625.76,627.13,627.13,stop,-1.0,-0.0021893377652775214,0.00218933776527743
2026-01-16,-1,625.45,626.08,619.1500000000001,target,10.0,0.010072747621712286,0.0010072747621712294
2026-01-20,1,613.04,610.32,610.32,stop,-1.0,-0.004436904606550773,0.0044369046065508184
2026-01-21,-1,608.71,610.14,610.14,stop,-1.0,-0.002349230339570463,0.002349230339570485
2026-01-22,-1,620.86,622.46,620.78,close,0.05000000000002487,0.00012885352575464637,0.002577070515092006
2026-01-23,-1,619.34,620.8,620.8,stop,-1.0,-0.002357348144799154,0.0023573481447991774
2026-01-26,1,623.7,622.12,625.48,close,1.1265822784809663,0.002853936187269479,0.002533269199935932
2026-01-27,-1,628.43,629.62,629.62,stop,-1.0,-0.0018936078799549616,0.001893607879954895
2026-01-28,-1,635.36,636.32,636.32,stop,-1.0,-0.0015109544195417435,0.0015109544195417344
2026-01-29,-1,631.82,633.67,629.36,close,1.3297297297298147,0.0038935139754994186,0.0029280491279160344
2026-01-30,1,627.065,625.2,625.2,stop,-1.0,-0.0029741733313133345,0.002974173331313355
2026-02-02,1,621.03,618.66,626.24,close,2.198312236286931,0.008389288762217673,0.003816240761315886
2026-02-03,-1,626.86,628.7,628.7,stop,-1.0,-0.002935264652394576,0.0029352646523945246
2026-02-04,-1,612.62,615.07,615.07,stop,-1.0,-0.003999216480036649,0.003999216480036639
2026-02-05,1,601.25,597.35,597.35,stop,-1.0,-0.00648648648648642,0.006486486486486449
2026-02-06,1,602.54,598.77,609.63,close,1.8806366047745533,0.011766853652869669,0.006256846018521562
2026-02-09,-1,607.19,607.92,607.92,stop,-1.0,-0.00120225958925535,0.001202259589255265
2026-02-10,-1,615.02,616.14,616.14,stop,-1.0,-0.0018210789893011725,0.0018210789893011684
2026-02-11,-1,615.63,617.52,613.0,close,1.3915343915343992,0.004272046521449524,0.0030700258272013813
2026-02-12,1,614.97,614.05,614.05,stop,-1.0,-0.0014960079353465439,0.001496007935346558
2026-02-13,-1,599.85,601.8,601.8,stop,-1.0,-0.0032508127031756207,0.00325081270317568
2026-02-17,1,600.79,597.11,597.11,stop,-1.0,-0.006125268396611094,0.006125268396611046
2026-02-18,-1,601.15,602.71,602.71,stop,-1.0,-0.002595026199783801,0.0025950261997838464
2026-02-19,1,602.8,602.35,602.35,stop,-1.0,-0.0007465162574650241,0.0007465162574650495
2026-02-20,1,602.28,599.23,608.79,close,2.1344262295082257,0.010808926080892567,0.00506408979212319
2026-02-23,1,607.15,606.34,606.34,stop,-1.0,-0.001334101951741662,0.0013341019517416543
2026-02-24,-1,600.78,602.87,602.87,stop,-1.0,-0.0034788108791903305,0.003478810879190439
2026-02-25,1,612.55,611.0,616.52,close,2.5612903225807377,0.006481103583380943,0.00253040568116881
2026-02-26,-1,613.875,615.59,609.26,close,2.69096209912532,0.007517817145184291,0.0027937283648951853
2026-02-27,1,604.59,602.73,602.73,stop,-1.0,-0.0030764650424254247,0.0030764650424254677
2026-03-02,1,603.5,597.99,608.08,close,0.8312159709618963,0.007589063794531947,0.009130074565037267
2026-03-03,-1,596.2,598.56,598.56,stop,-1.0,-0.003958403220395645,0.003958403220395672
2026-03-04,1,606.8,603.72,603.72,stop,-1.0,-0.005075807514831832,0.005075807514831786
2026-03-05,1,609.99,607.37,607.37,stop,-1.0,-0.004295152379547251,0.004295152379547213
2026-03-06,1,600.84,599.59,599.59,stop,-1.0,-0.002080420744291378,0.0020804207442913255
2026-03-09,1,595.31,594.03,594.03,stop,-1.0,-0.002150140263056155,0.002150140263056177
2026-03-10,1,608.62,607.78,607.78,stop,-1.0,-0.0013801715356052124,0.0013801715356051918
2026-03-11,1,609.94,608.95,608.95,stop,-1.0,-0.001623110469882283,0.0016231104698822983
2026-03-12,1,603.63,601.95,601.95,stop,-1.0,-0.0027831618706822825,0.002783161870682289
2026-03-13,1,600.12,599.56,599.56,stop,-1.0,-0.0009331467039925823,0.0009331467039926333
2026-03-16,1,600.85,599.23,599.23,stop,-1.0,-0.0026961804110843257,0.002696180411084305
2026-03-17,1,604.53,602.28,602.28,stop,-1.0,-0.0037218996575851815,0.003721899657585232
2026-03-18,1,601.88,600.93,600.93,stop,-1.0,-0.001578387718482177,0.001578387718482165
2026-03-19,-1,587.8,589.54,589.54,stop,-1.0,-0.002960190541000385,0.0029601905410003558
2026-03-20,-1,589.06,591.17,582.11,close,3.293838862559188,0.01179845856109718,0.0035819780667504394
2026-03-23,-1,590.11,591.0,591.0,stop,-1.0,-0.0015081933876734954,0.0015081933876734614
2026-03-24,1,585.9799,584.15,584.15,stop,-1.0,-0.003122803358954873,0.003122803358954916
2026-03-25,1,589.94,589.0,589.0,stop,-1.0,-0.0015933823778689904,0.0015933823778690281
2026-03-26,-1,581.79,582.62,582.62,stop,-1.0,-0.0014266316024682535,0.001426631602468315
2026-03-27,-1,568.64,571.02,562.5,close,2.5798319327731085,0.010797692740573961,0.004185424873382097
2026-03-30,-1,566.29,568.05,558.29,close,4.545454545454569,0.014127037383672714,0.003107948224407973
2026-03-31,1,566.1,564.23,564.23,stop,-1.0,-0.0033033033033033066,0.0033033033033033113
2026-04-01,1,583.14,580.42,584.26,close,0.4117647058823505,0.0019206365538293468,0.004664403059299701
2026-04-02,1,574.56,573.91,573.91,stop,-1.0,-0.0011313004734057053,0.001131300473405697
2026-04-06,1,588.34,586.13,586.13,stop,-1.0,-0.0037563313730156755,0.0037563313730156647
2026-04-07,-1,585.13,587.06,587.06,stop,-1.0,-0.0032984123186299286,0.0032984123186299624
2026-04-08,-1,607.75,609.9,605.89,close,0.865116279069783,0.003060468942821859,0.0035376388317564416
2026-04-09,-1,604.635,606.42,606.42,stop,-1.0,-0.002952194299039812,0.002952194299039864
2026-04-10,1,612.32,611.71,611.71,stop,-1.0,-0.0009962111314345545,0.0009962111314345662
2026-04-13,1,609.59,609.01,609.01,stop,-1.0,-0.000951459177479963,0.0009514591774800127
2026-04-14,1,621.72,620.1,628.57,close,4.228395061728397,0.011017821527375737,0.0026056745801968802
2026-04-15,-1,629.06,629.53,629.53,stop,-1.0,-0.0007471465361015284,0.0007471465361015282
2026-04-16,-1,638.16,639.58,639.58,stop,-1.0,-0.002225147298483332,0.002225147298483253
2026-04-17,-1,645.03,646.27,646.27,stop,-1.0,-0.0019223912066106408,0.0019223912066105595
2026-04-20,1,648.37,646.845,646.845,stop,-1.0,-0.0023520520690346602,0.002352052069034621
2026-04-21,-1,647.23,649.09,649.09,stop,-1.0,-0.0028737852077314052,0.0028737852077314304
2026-04-22,-1,648.81,650.46,650.46,stop,-1.0,-0.0025431173995469347,0.0025431173995470032
2026-04-23,-1,653.27,653.62,653.62,stop,-1.0,-0.0005357662222358339,0.0005357662222358638
2026-04-24,1,658.78,657.72,657.72,stop,-1.0,-0.0016090348826618417,0.0016090348826618074
2026-04-27,-1,662.43,663.95,663.95,stop,-1.0,-0.002294582069048978,0.0022945820690489496
2026-04-28,-1,656.97,657.48,657.48,stop,-1.0,-0.0007762911548472307,0.0007762911548472394
2026-04-29,-1,657.15,658.84,658.84,stop,-1.0,-0.0025717111770524603,0.0025717111770525063
2026-04-30,-1,661.965,665.415,665.415,stop,-1.0,-0.005211755908544946,0.0052117559085449105
2026-05-01,1,671.6,668.8,674.16,close,0.9142857142856725,0.0038117927337699697,0.00416914830256115
2026-05-04,-1,673.97,675.1146,675.1146,stop,-1.0,-0.001698295176343123,0.001698295176343114
2026-05-05,1,678.83,677.51,681.53,close,2.045454545454416,0.0039774317575826945,0.001944522192596158
2026-05-06,1,689.1,686.48,695.575,close,2.471374045801531,0.009396314032796393,0.0038020606588303647
2026-05-07,1,696.82,695.92,695.92,stop,-1.0,-0.001291581757125404,0.0012915817571253565
2026-05-08,1,701.94,699.5,711.11,close,3.7581967213113745,0.013063794626321235,0.0034760805766875435
2026-05-11,1,713.27,709.77,709.77,stop,-1.0,-0.004906977722321182,0.004906977722321141
2026-05-12,-1,707.8236,708.52,708.52,stop,-1.0,-0.000983860950666049,0.0009838609506661348
2026-05-13,-1,709.32,709.97,709.97,stop,-1.0,-0.0009163706084700518,0.0009163706084700519
2026-05-14,1,716.4201,714.22,719.73,close,1.504431616744666,0.004620054629957959,0.003070963531034403
2026-05-15,-1,709.55,710.42,710.42,stop,-1.0,-0.0012261292368402898,0.0012261292368402573
2026-05-18,-1,710.32,712.07,705.71,close,2.634285714285722,0.006490032661335743,0.002463678342155648
2026-05-19,1,702.43,699.81,699.81,stop,-1.0,-0.003729909030081302,0.003729909030081296
2026-05-20,1,706.77,705.24,705.24,stop,-1.0,-0.0021647777919265865,0.002164777791926614
2026-05-21,1,710.21,707.94,707.94,stop,-1.0,-0.003196237732501661,0.0031962377325016286
2026-05-22,1,719.75,717.41,717.41,stop,-1.0,-0.00325112886418899,0.003251128864188999
2026-05-26,-1,724.705,726.77,726.77,stop,-1.0,-0.0028494352874617324,0.0028494352874617133
2026-05-27,-1,731.84,733.32,729.49,close,1.5878378378378337,0.003211084390030594,0.0020222999562746202
2026-05-28,-1,728.68,731.12,731.12,stop,-1.0,-0.0033485206126147027,0.003348520612614666
2026-05-29,-1,737.65,738.91,738.91,stop,-1.0,-0.001708127160577444,0.0017081271605774973
2026-06-01,1,737.98,736.29,736.29,stop,-1.0,-0.002290034960297116,0.0022900349602971008
2026-06-02,-1,740.55,742.69,742.69,stop,-1.0,-0.00288974410910825,0.0028897441091082308
2026-06-03,-1,746.39,748.65,744.24,close,0.9513274336283124,0.0028805316255576807,0.003027907662214112
2026-06-04,1,737.32,734.07,734.07,stop,-1.0,-0.0044078554765909495,0.0044078554765908965
2026-06-05,1,730.28,729.13,729.13,stop,-1.0,-0.0015747384564823719,0.001574738456482414
2026-06-08,-1,715.16,719.21,719.21,stop,-1.0,-0.00566306840427333,0.005663068404273265
2026-06-09,-1,721.0,723.11,723.11,stop,-1.0,-0.0029264909847435128,0.002926490984743431
2026-06-10,-1,699.87,704.025,704.025,stop,-1.0,-0.00593681683741254,0.005936816837412624
2026-06-11,-1,697.73,700.38,700.38,stop,-1.0,-0.0037980307568830085,0.0037980307568830024
2026-06-12,-1,713.8675,717.76,717.76,stop,-1.0,-0.005452692551489058,0.005452692551488955
2026-06-15,1,738.64,737.38,743.84,close,4.126984126984193,0.007039965341709253,0.0017058377558756511
2026-06-16,-1,741.85,742.5,742.5,stop,-1.0,-0.0008761879086067736,0.0008761879086068306
2026-06-17,-1,733.17,735.27,735.27,stop,-1.0,-0.0028642743156430672,0.0028642743156430607
2026-06-18,-1,734.63,737.65,737.65,stop,-1.0,-0.004110912976600378,0.004110912976600441
2026-06-22,-1,741.15,744.02,744.02,stop,-1.0,-0.0038723605208121903,0.0038723605208122575
2026-06-23,1,716.78,713.28,713.28,stop,-1.0,-0.004882948742989446,0.0048829487429894805
2026-06-24,1,717.71,713.55,713.55,stop,-1.0,-0.0057962129550933605,0.005796212955093397
2026-06-25,-1,723.56,726.83,716.26,close,2.232415902140594,0.010089004367294985,0.0045193211343911984
2026-06-26,-1,704.05,707.39,707.39,stop,-1.0,-0.004743981251331686,0.004743981251331627
2026-06-29,1,716.8,711.88,711.88,stop,-1.0,-0.006863839285714213,0.006863839285714229
2026-06-30,1,727.42,723.91,735.76,close,2.376068376068391,0.01146517830139393,0.004825272882241334
2026-07-01,-1,726.23,729.71,729.71,stop,-1.0,-0.004791870344105886,0.004791870344105886
2026-07-02,1,726.945,723.871,723.871,stop,-1.0,-0.00422865553790186,0.0042286555379018615
2026-07-06,1,722.02,718.45,722.63,close,0.17086834733894243,0.0008448519431594192,0.004944461372261068
2026-07-07,-1,712.645,716.35,709.495,close,0.8502024291497821,0.004420153091651446,0.005198941969704469
2026-07-08,1,707.42,704.94,704.94,stop,-1.0,-0.0035056967572303366,0.0035056967572303648
2026-07-09,1,719.03,716.5,716.5,stop,-1.0,-0.003518629264425699,0.003518629264425647
2026-07-10,1,722.38,720.22,720.22,stop,-1.0,-0.002990116005426424,0.002990116005426463
2026-07-13,-1,716.26,718.43,718.43,stop,-1.0,-0.00302962611342239,0.003029626113422443
2026-07-14,-1,717.33,720.286,720.286,stop,-1.0,-0.004120836992736798,0.004120836992736821
2026-07-15,-1,723.79,724.36,718.0899999999995,target,10.0,0.00787521242349365,0.0007875212423493693
2026-07-16,-1,711.36,713.599,706.02,close,2.3849933005805957,0.007506747638326594,0.0031474921277553315
2026-07-17,-1,690.31,693.54,693.54,stop,-1.0,-0.00467905723515516,0.004679057235155247
2026-07-20,1,704.44,701.78,701.78,stop,-1.0,-0.0037760490602465335,0.0037760490602465526
2026-07-21,-1,704.72,707.13,707.13,stop,-1.0,-0.0034197979339312123,0.0034197979339311616
2026-07-22,1,705.1,703.62,705.22,close,0.08108108108108315,0.00017018862572681925,0.002098993050631142
2026-07-23,1,695.71,693.21,693.21,stop,-1.0,-0.003593451294361172,0.0035934512943611562
2026-07-24,1,691.97,689.51,689.51,stop,-1.0,-0.0035550674162174722,0.0035550674162175186
2026-07-27,-1,690.44,692.3,682.06,close,4.505376344086322,0.012137187880192468,0.00269393430276331
2026-07-28,-1,674.45,677.32,677.32,stop,-1.0,-0.004255319148936287,0.004255319148936176
2026-07-29,1,676.56,673.62,673.62,stop,-1.0,-0.004345512593117995,0.00434551259311804
2026-07-30,-1,674.63,675.18,675.18,stop,-1.0,-0.0008152616990053652,0.0008152616990053133
2026-07-31,1,694.69,691.25,691.25,stop,-1.0,-0.004951849026184396,0.00495184902618442
2026-08-03,-1,687.41,688.7,688.7,stop,-1.0,-0.0018766093015814,0.0018766093015814105
2026-08-04,1,711.77,707.53,723.68,close,2.8089622641509298,0.01673293339140458,0.005956980485269131
2026-08-05,1,727.06,725.225,725.225,stop,-1.0,-0.0025238632299946495,0.0025238632299946673
2026-08-06,1,710.95,708.5,714.57,close,1.4775510204081377,0.005091778606090447,0.003446093255503264
2026-08-07,1,722.36,719.5,719.5,stop,-1.0,-0.003959244697934516,0.003959244697934567
2026-08-10,-1,720.8,723.25,723.25,stop,-1.0,-0.003399001109877897,0.0033990011098779765
2026-08-11,-1,720.77,723.35,718.33,close,0.9457364341084892,0.003385268532264063,0.0035795052513284973
2026-08-12,-1,724.26,727.25,723.66,close,0.20066889632107723,0.0008284317786431128,0.004128351696904439
2026-08-13,1,725.97,724.03,732.06,close,3.139175257731828,0.008388776395718667,0.002672286733611657
2026-08-14,-1,732.63,734.09,734.09,stop,-1.0,-0.001992820386825578,0.001992820386825596
2026-08-17,-1,732.41,734.08,734.08,stop,-1.0,-0.0022801436353956372,0.002280143635395575
2026-08-18,-1,720.06,721.77,721.77,stop,-1.0,-0.002374802099825102,0.0023748020998250654
2026-08-19,-1,719.8,721.4999,716.13,close,2.158950526501445,0.005098638510697362,0.002361628230064005
2026-08-20,1,713.37,711.7632,711.7632,stop,-1.0,-0.0022524075865260063,0.002252407586525956
2026-08-21,-1,712.66,715.39,715.39,stop,-1.0,-0.003830718715797099,0.00383071871579718
2026-08-24,-1,706.66,709.79,706.28,close,0.12140575079872076,0.00053774092208414,0.004429287068745925
2026-08-25,1,713.09,710.76,710.76,stop,-1.0,-0.003267469744352103,0.0032674697443521024
2026-08-26,1,710.35,708.37,708.37,stop,-1.0,-0.0027873583444780747,0.0027873583444781
2026-08-27,-1,715.51,718.47,718.47,stop,-1.0,-0.004136909337395744,0.004136909337395755
2026-08-28,-1,719.22,719.99,719.99,stop,-1.0,-0.0010706042657322445,0.0010706042657322957
2026-08-31,1,715.76,714.63,714.63,stop,-1.0,-0.0015787414775902953,0.0015787414775902473
2026-09-01,-1,707.05,707.7,707.7,stop,-1.0,-0.0009193126370130589,0.0009193126370130698
2026-09-02,-1,706.73,707.14,707.14,stop,-1.0,-0.0005801366858630974,0.0005801366858630144
2026-09-03,1,710.94,710.18,710.18,stop,-1.0,-0.0010690072298648046,0.0010690072298648332
2026-09-04,1,720.47,718.525,718.525,stop,-1.0,-0.0026996266326149154,0.0026996266326148903
2026-09-08,-1,719.85,721.886,718.3806,close,0.7217092337917997,0.002041258595540829,0.002828367020907056
2026-09-09,1,716.91,715.48,715.48,stop,-1.0,-0.0019946715766273604,0.001994671576627401
2026-09-10,1,707.78,706.855,708.63,close,0.9189189189189887,0.0012009381446211886,0.0013069032750288995
2026-09-11,-1,715.68,715.84,715.84,stop,-1.0,-0.00022356360384545582,0.00022356360384540838
2026-09-14,1,703.32,702.74,709.1200000000005,target,10.0,0.008246601831314981,0.0008246601831314919
2026-09-15,-1,707.885,708.855,708.855,stop,-1.0,-0.0013702790707530443,0.0013702790707530563
2026-09-16,1,708.44,707.86,707.86,stop,-1.0,-0.0008187002427870738,0.0008187002427870263
2026-09-17,-1,714.11,716.37,716.37,stop,-1.0,-0.0031647785355197744,0.003164778535519725
2026-09-18,-1,718.735,719.48,719.48,stop,-1.0,-0.0010365433713399597,0.00103654337133993
2026-09-21,1,728.66,727.81,737.1600000000002,target,10.0,0.01166524853841322,0.001166524853841329
2026-09-22,1,743.45,740.93,747.465,close,1.5932539682539024,0.005400497679736382,0.003389602528751221
2026-09-23,-1,745.09,747.13,741.17,close,1.9215686274510504,0.005261109396180408,0.002737924277603999
2026-09-24,1,735.79,734.62,741.06,close,4.504273504273646,0.007162369697875759,0.0015901276179344094
2026-09-25,1,743.595,741.66,741.66,stop,-1.0,-0.002602222984285918,0.00260222298428588
2026-09-28,-1,739.49,741.42,736.53,close,1.5336787564767425,0.004002758657994043,0.0026099068276784674
2026-09-29,-1,737.84,740.5799,737.98,close,-0.05109675535603139,-0.00018974303372010226,0.0037134067006395974
2026-09-30,1,741.77,739.76,739.76,stop,-1.0,-0.002709734823462817,0.0027097348234627863
2026-10-01,1,742.77,741.04,741.04,stop,-1.0,-0.002329119377465494,0.002329119377465458
2026-10-02,-1,751.21,751.49,751.49,stop,-1.0,-0.00037273199238563315,0.00037273199238558154
