date,side,entry,stop,exit,how,R,ret,risk_pct
2021-10-06,1,261.2667,258.4067,258.4067,stop,-1.0,-0.010946668672280113,0.01094666867228014
2021-10-07,1,262.5717,261.1267,261.1267,stop,-1.0,-0.005503258728949079,0.005503258728949057
2021-10-08,-1,263.5405,265.46,261.8385,close,0.8866892419901141,0.006458210407887965,0.00728351050407801
2021-10-11,1,263.65,261.8333,263.89,close,0.1321076677492229,0.0009102977432202675,0.0068905746254502905
2021-10-12,1,268.0,265.5233,268.5767,close,0.23285016352405138,0.0021518656716419393,0.009241417910447738
2021-10-13,-1,269.0333,270.5967,270.5967,stop,-1.0,-0.005811176534652018,0.005811176534652036
2021-10-14,1,272.3133,271.1167,272.67,close,0.29809460137052946,0.0013098882794193578,0.004394203294514246
2021-10-15,1,275.3333,274.1167,281.0233,close,4.676968601019124,0.020665862066084895,0.004418644602741579
2021-10-18,1,287.3167,283.8233,290.0367,close,0.7786110952080965,0.009466905334775122,0.01215870849136165
2021-10-19,-1,290.25,292.65,288.0533,close,0.9152916666666842,0.007568303186907932,0.00826873385012912
2021-10-20,-1,287.2033,288.5833,288.5833,stop,-1.0,-0.00480495871739639,0.004804958717396337
2021-10-21,1,289.7333,285.1682,297.8667,close,1.7816477185603916,0.028072023478143526,0.015756214422021814
2021-10-22,1,300.8133,296.9867,303.1667,close,0.6150107144723618,0.007823457273996803,0.012720847116799827
2021-10-25,1,320.5033,315.2333,315.2333,stop,-1.0,-0.016442888419557766,0.016442888419557735
2021-10-26,-1,341.0,349.6667,349.6667,stop,-1.0,-0.025415542521994183,0.02541554252199411
2021-10-27,-1,345.6567,349.6667,349.6667,stop,-1.0,-0.011601105952813828,0.011601105952813849
2021-10-28,-1,354.0,360.3333,359.03,close,-0.7942147063931861,-0.01420903954802255,0.01789067796610172
2021-10-29,1,361.5633,357.735,371.3933,close,2.5677193532377167,0.027187493863453538,0.010588187462610317
2021-11-01,-1,377.065,383.3333,383.3333,stop,-1.0,-0.016623924257090916,0.016623924257090982
2021-11-02,1,388.51,382.0,390.6167,close,0.32360983102918467,0.005422511647061867,0.016756325448508382
2021-11-03,-1,392.0859,396.9667,396.9667,stop,-1.0,-0.01244829258078406,0.012448292580784013
2021-11-04,-1,408.7922,413.1633,413.1633,stop,-1.0,-0.01069271869668742,0.010692718696687493
2021-11-05,-1,408.3333,411.6667,411.6667,stop,-1.0,-0.008163429237830977,0.008163429237830916
2021-11-08,1,389.0,377.6667,387.5767,close,-0.12558566348724398,-0.0036588688946015413,0.029134447300771228
2021-11-09,-1,385.5833,391.5,341.17,close,7.5064309496848,0.11518470846636764,0.015344803574221164
2021-11-10,1,339.0,329.1033,355.9567,close,1.7133691028322566,0.05001976401179942,0.029193805309734543
2021-11-11,-1,359.2833,368.3233,354.5033,close,0.5287610619468984,0.013304264350722628,0.025161202872496496
2021-11-12,-1,347.6667,351.5,344.5,close,0.826102835676828,0.009108436327091463,0.011025789930413261
2021-11-15,-1,334.375,341.1867,341.1867,stop,-1.0,-0.02037143925233642,0.02037143925233637
2021-11-16,1,341.8333,334.06,351.5133,close,1.2452883588694634,0.028317896471759862,0.022740031471480415
2021-11-17,1,356.3333,351.8333,363.1333,close,1.5111111111111137,0.01908325716400916,0.012628626064417779
2021-11-18,1,368.98,363.3333,363.3333,stop,-1.0,-0.015303539487235063,0.015303539487235106
2021-11-19,1,368.0833,364.2333,379.04,close,2.84589610389609,0.02976690330694165,0.010459588902838088
2021-11-22,1,392.16,385.5167,385.5167,stop,-1.0,-0.01694027947776422,0.016940279477764202
2021-11-24,-1,354.4067,361.5766,361.5766,stop,-1.0,-0.020230712342627744,0.02023071234262779
2021-11-29,1,372.93,366.73,378.9933,close,0.9779516129032227,0.016258547180435956,0.016625103906899388
2021-11-30,1,386.07,381.3347,381.3347,stop,-1.0,-0.012265392286372911,0.012265392286372925
2021-12-01,-1,386.0,390.9466,364.74,close,4.297901588970209,0.05507772020725388,0.012815025906735724
2021-12-02,1,368.8967,362.1267,362.1267,stop,-1.0,-0.018352021040036415,0.018352021040036363
2021-12-03,-1,359.1533,363.5251,338.38,close,4.751658355825969,0.057839646746946194,0.01217251797491491
2021-12-06,-1,325.0133,334.34,334.34,stop,-1.0,-0.028696364118022233,0.028696364118022122
2021-12-07,-1,344.04,349.5833,349.5833,stop,-1.0,-0.016112370654574937,0.016112370654575013
2021-12-08,-1,347.1633,351.67,351.67,stop,-1.0,-0.012981498908438915,0.012981498908438834
2021-12-09,-1,351.5,354.1633,334.4733,close,6.393083768257445,0.0484401137980085,0.007576955903271672
2021-12-10,-1,332.1667,337.6029,337.6029,stop,-1.0,-0.016365878939700984,0.016365878939701015
2021-12-13,-1,328.4,335.0,321.9933,close,0.970712121212118,0.019508830694275225,0.02009744214372723
2021-12-14,1,317.3533,310.1867,310.1867,stop,-1.0,-0.022582402640842325,0.022582402640842294
2021-12-15,1,318.96,316.1667,316.1667,stop,-1.0,-0.008757524454476973,0.008757524454477012
2021-12-16,-1,327.94,331.66,308.9067,close,5.1164784946236175,0.05803897054339202,0.011343538452155966
2021-12-17,1,310.1633,303.0134,310.3867,close,0.031245192240454606,0.0007202657438840632,0.023052050323168483
2021-12-20,1,304.5483,299.3333,299.3333,stop,-1.0,-0.017123720605237258,0.017123720605237248
2021-12-21,1,306.5,303.55,303.55,stop,-1.0,-0.00962479608482869,0.009624796084828673
2021-12-22,1,325.3333,319.0167,336.21,close,1.7219231865243931,0.03343248293365586,0.019415780677846363
2021-12-23,-1,333.6167,338.1633,338.1633,stop,-1.0,-0.01362821465472197,0.013628214654722057
2021-12-27,1,361.3139,356.9051,364.6067,close,0.7468698965704978,0.009113405268936559,0.012202132273350085
2021-12-28,-1,366.1834,373.0,362.95,close,0.4743420473549893,0.008830001578444047,0.018615262188291425
2021-12-29,-1,362.21,368.0,361.8534,close,0.06158894645940524,0.0009845117473288312,0.01598520195466724
2021-12-30,-1,353.3333,357.9267,357.9267,stop,-1.0,-0.013000189905678194,0.013000189905678219
2021-12-31,-1,356.6667,360.6666,352.3867,close,1.070026750668753,0.01199999887850467,0.011214671849096159
2022-01-03,1,383.3333,378.68,399.8833,close,3.556615735069737,0.04317391679773186,0.012139044533829963
2022-01-04,1,398.59,392.7,392.7,stop,-1.0,-0.014777089239569441,0.01477708923956945
2022-01-05,-1,377.4933,384.3049,384.3049,stop,-1.0,-0.018044293766273478,0.018044293766273464
2022-01-07,-1,352.2,360.1233,360.1233,stop,-1.0,-0.022496592844974295,0.0224965928449744
2022-01-10,-1,327.5,335.79,335.79,stop,-1.0,-0.025312977099236633,0.025312977099236703
2022-01-11,-1,347.44,354.2,354.2,stop,-1.0,-0.019456596822472916,0.01945659682247292
2022-01-12,-1,359.0334,362.96,362.96,stop,-1.0,-0.010936586958204986,0.010936586958205026
2022-01-13,-1,366.6667,370.0,370.0,stop,-1.0,-0.00909081735538031,0.009090817355380263
2022-01-14,1,343.1646,337.7929,349.9633,close,1.2656514697395527,0.019811775457025504,0.01565342112793695
2022-01-18,-1,341.0,344.0,344.0,stop,-1.0,-0.008797653958944274,0.008797653958944282
2022-01-19,-1,346.5033,351.5566,331.8833,close,2.8931589258504475,0.04219296035564457,0.014583699491462213
2022-01-20,1,337.1667,334.2167,334.2167,stop,-1.0,-0.00874938124079272,0.008749381240792727
2022-01-21,-1,330.9067,334.85,314.3233,close,4.205462429944435,0.0501150324245474,0.01191665203515076
2022-01-24,-1,300.3486,305.3033,305.3033,stop,-1.0,-0.016496497736297133,0.0164964977362971
2022-01-25,1,307.5,303.1667,303.1667,stop,-1.0,-0.014092032520325204,0.01409203252032523
2022-01-26,-1,313.57,318.9833,318.9833,stop,-1.0,-0.01726344994738005,0.017263449947380147
2022-01-27,-1,300.5167,311.7967,276.42,close,2.136232269503551,0.08018422936229497,0.0375353516127389
2022-01-28,-1,273.8666,279.7733,279.7733,stop,-1.0,-0.021567799797419518,0.021567799797419622
2022-01-31,1,293.2433,287.35,312.0467,close,3.190640218553299,0.06412218113764245,0.02009696385220039
2022-02-01,-1,307.0733,311.7633,311.7633,stop,-1.0,-0.01527322629482919,0.015273226294829271
2022-02-02,1,309.5023,305.7067,305.7067,stop,-1.0,-0.012263559915386635,0.012263559915386668
2022-02-03,1,299.32,293.5067,297.2011,close,-0.3644917688748228,-0.007079045837231068,0.01942168916210066
2022-02-04,-1,293.9233,301.0,301.0,stop,-1.0,-0.02407668939481833,0.024076689394818367
2022-02-07,1,309.6888,306.1133,306.1133,stop,-1.0,-0.011545461120970546,0.011545461120970579
2022-02-08,1,303.3133,298.2667,307.2233,close,0.774779059168541,0.012890961260188627,0.0166382417124472
2022-02-09,1,314.1167,310.5167,310.5167,stop,-1.0,-0.011460708711125367,0.011460708711125407
2022-02-10,1,306.414,301.9933,301.9933,stop,-1.0,-0.014427212855809501,0.014427212855809496
2022-02-11,-1,301.9133,305.32,286.4433,close,4.541051457422129,0.05123987581865386,0.011283702970356062
2022-02-14,1,288.2,284.3833,291.9267,close,0.9764194199177363,0.012930950728660573,0.013243233865371162
2022-02-15,1,302.0567,297.7925,307.42,close,1.257750574550933,0.017755937875240102,0.014117217065537563
2022-02-16,-1,303.75,305.8867,305.8867,stop,-1.0,-0.0070344032921811905,0.007034403292181132
2022-02-17,1,305.0,302.9,302.9,stop,-1.0,-0.006885245901639414,0.006885245901639418
2022-02-18,-1,290.8633,295.6233,285.66,close,1.0931302521008333,0.017889159615530614,0.01636507596523862
2022-02-22,-1,277.0567,281.6633,281.6633,stop,-1.0,-0.016626921492965296,0.016626921492965213
2022-02-23,-1,275.3667,278.4332,254.6633,close,6.751475623675153,0.07518483534864595,0.011136059661535034
2022-02-24,1,243.2666,233.3333,266.7833,close,2.3674609646341076,0.096670484151955,0.040832979126604316
2022-02-25,-1,267.6233,273.1667,269.9567,close,-0.42093300140708445,-0.008718971778615803,0.020713443112016106
2022-02-28,1,276.5833,271.5692,290.38,close,2.7515805428691147,0.0498826212573209,0.01812871565275266
2022-03-01,-1,286.3765,292.2183,292.2183,stop,-1.0,-0.020399020170998483,0.02039902017099859
2022-03-02,1,293.3,289.4334,289.4334,stop,-1.0,-0.013183088987384961,0.013183088987384947
2022-03-03,1,295.11,291.4167,291.4167,stop,-1.0,-0.01251499440886461,0.012514994408864565
2022-03-04,1,283.3,279.6667,279.6667,stop,-1.0,-0.01282492057889173,0.012824920578891704
2022-03-07,-1,284.6667,288.1533,288.1533,stop,-1.0,-0.01224800793348857,0.012248007933488568
2022-03-08,1,266.3267,260.7233,274.7333,close,1.500267694613973,0.031564991418434385,0.02103957282540587
2022-03-09,-1,279.0,282.8267,282.8267,stop,-1.0,-0.013715770609319167,0.013715770609319056
2022-03-10,-1,280.7,284.8167,279.4267,close,0.30930113926202896,0.004536159600997514,0.014665835411471454
2022-03-11,-1,278.04,281.2673,265.1033,close,4.0085210547517125,0.0465281973816718,0.011607322687382954
2022-03-14,-1,253.6667,262.3333,262.3333,stop,-1.0,-0.03416530431467746,0.034165304314677555
2022-03-15,-1,257.4058,261.2822,261.2822,stop,-1.0,-0.015059489724007724,0.015059489724007733
2022-03-16,1,271.1267,268.0,268.0,stop,-1.0,-0.011532246731878582,0.011532246731878594
2022-03-17,1,279.2466,275.2393,290.6433,close,2.8439847278716464,0.04081231427705845,0.01435039853663388
2022-03-18,1,292.83,289.13,301.7967,close,2.4234324324324406,0.030620838028890596,0.012635317419663247
2022-03-21,1,309.6667,303.1667,303.1667,stop,-1.0,-0.020990309904164728,0.020990309904164704
2022-03-22,1,311.6667,308.1667,308.1667,stop,-1.0,-0.011229945323000479,0.011229945323000501
2022-03-23,1,329.8,325.4667,332.91,close,0.717697828444836,0.009429957550030288,0.013139175257731985
2022-03-24,1,341.0,335.2503,335.2503,stop,-1.0,-0.016861290322580658,0.0168612903225807
2022-03-25,1,338.8333,334.7267,334.7267,stop,-1.0,-0.012119824114099842,0.012119824114099807
2022-03-28,1,356.6667,351.2,363.9467,close,1.3316991969561207,0.020411213045681054,0.015327194829234137
2022-03-29,-1,367.1883,371.59,366.6087,close,0.1316763977554205,0.0015784816673081181,0.011987582393011837
2022-03-30,-1,362.61,365.6667,365.6667,stop,-1.0,-0.008429717878712495,0.008429717878712606
2022-03-31,-1,360.8402,365.0,365.0,stop,-1.0,-0.011528094707851322,0.01152809470785134
2022-04-01,-1,359.8367,362.2267,362.2267,stop,-1.0,-0.006641901729312227,0.006641901729312175
2022-04-04,-1,359.2467,364.55,364.55,stop,-1.0,-0.014762278957607844,0.014762278957607783
2022-04-05,1,381.19,378.4167,378.4167,stop,-1.0,-0.007275374485164909,0.007275374485164895
2022-04-06,-1,354.6917,359.6667,348.5133,close,1.2418894472361914,0.017419071266680408,0.01402626562730384
2022-04-07,1,353.9567,348.8367,348.8367,stop,-1.0,-0.01446504614830002,0.014465046148300072
2022-04-08,-1,345.1933,349.48,341.83,close,0.7845895444047964,0.009743236615542772,0.012418259566451597
2022-04-11,1,329.8507,325.3333,325.3333,stop,-1.0,-0.013695286988931632,0.013695286988931686
2022-04-12,1,334.4767,331.5533,331.5533,stop,-1.0,-0.008740220170792234,0.008740220170792212
2022-04-13,1,327.5407,324.3657,340.8533,close,4.192944881889741,0.040644109266420925,0.009693451836672546
2022-04-14,1,337.2333,332.6767,332.6767,stop,-1.0,-0.013511714293932386,0.01351171429393243
2022-04-18,-1,326.7548,332.0,332.0,stop,-1.0,-0.016052403820846717,0.016052403820846738
2022-04-19,-1,333.0776,337.0131,337.0131,stop,-1.0,-0.01181556490139224,0.011815564901392319
2022-04-20,-1,341.5633,344.6667,325.6633,close,5.123413030869438,0.046550668646192506,0.009085870759534074
2022-04-21,1,359.9667,353.9667,353.9667,stop,-1.0,-0.01666820847595074,0.016668208475950692
2022-04-22,-1,334.44,339.6933,339.6933,stop,-1.0,-0.015707750269106535,0.01570775026910664
2022-04-25,1,328.6667,325.1,332.7633,close,1.1485687049653908,0.012464298938712037,0.010852027296954541
2022-04-26,-1,329.2533,333.3333,292.1233,close,9.10049019607848,0.11277031999375575,0.012391675345395122
2022-04-27,1,304.7981,297.4567,297.4567,stop,-1.0,-0.024086108148311802,0.024086108148311833
2022-04-28,-1,294.8333,300.0,292.5,close,0.4516035380416924,0.00791396358552443,0.017524139912282608
2022-04-29,1,304.77,296.6967,296.6967,stop,-1.0,-0.02648981198936895,0.026489811989368905
2022-05-02,-1,285.09,290.25,290.25,stop,-1.0,-0.018099547511312375,0.018099547511312306
2022-05-03,-1,297.1933,302.0,302.0,stop,-1.0,-0.016173648598403645,0.016173648598403725
2022-05-04,1,303.5167,300.9333,300.9333,stop,-1.0,-0.008511558013117648,0.008511558013117697
2022-05-05,-1,312.3867,315.2,291.0933,close,7.568833753954519,0.0681635933924204,0.009005825151967
2022-05-06,-1,285.43,295.8267,295.8267,stop,-1.0,-0.0364246925691063,0.03642469256910629
2022-05-09,1,280.2633,274.0033,274.0033,stop,-1.0,-0.02233613890937558,0.022336138909375542
2022-05-10,-1,271.6667,275.12,266.6867,close,1.442098861958127,0.018331286094320776,0.012711532182634136
2022-05-11,-1,260.7072,265.6667,265.6667,stop,-1.0,-0.01902325674166261,0.019023256741662643
2022-05-12,-1,232.59,238.9533,238.9533,stop,-1.0,-0.027358441893460705,0.027358441893460636
2022-05-13,-1,251.5433,258.0383,258.0383,stop,-1.0,-0.025820604245869516,0.02582060424586942
2022-05-16,-1,250.9246,256.3433,256.3433,stop,-1.0,-0.021594933298688224,0.021594933298688137
2022-05-17,-1,247.8816,251.2967,251.2967,stop,-1.0,-0.013777141990369612,0.013777141990369578
2022-05-18,1,249.5,246.3733,246.3733,stop,-1.0,-0.012531863727454962,0.012531863727454908
2022-05-20,-1,237.1,240.5273,221.2967,close,4.611005747964869,0.06665246731336993,0.014455082243779007
2022-05-23,-1,215.0,219.3367,219.3367,stop,-1.0,-0.020170697674418703,0.02017069767441864
2022-05-24,-1,214.1134,217.9733,209.3967,close,1.2219746625560313,0.02202898090451133,0.01802736307022345
2022-05-25,1,211.5467,207.67,219.56,close,2.0670415559625495,0.03787957930802044,0.01832550448671617
2022-05-26,1,222.6667,217.8867,235.85,close,2.7580125523012553,0.05920642826251066,0.021467062654631344
2022-05-27,1,245.9967,240.177,253.22,close,1.2411808168805918,0.029363402029376706,0.023657634431681448
2022-05-31,-1,255.1333,259.6,252.67,close,0.5514809590973171,0.009654952920688964,0.01750731872319306
2022-06-01,1,256.42,251.72,251.72,stop,-1.0,-0.018329303486467552,0.01832930348646758
2022-06-02,1,245.4467,242.0667,258.2967,close,3.8017751479289976,0.05235352522563952,0.013770810526277174
2022-06-03,-1,242.0567,247.7966,234.5133,close,1.3142040802104586,0.031163772785467336,0.023713039135045653
2022-06-06,-1,240.8833,244.8667,238.3267,close,0.6418135261334518,0.010613438125432584,0.016536638280860556
2022-06-07,1,234.4967,230.0933,238.8667,close,0.9924149520824816,0.018635656706469605,0.018778089414477922
2022-06-08,1,241.8667,239.1767,241.8433,close,-0.008698884758367819,-9.674750596100345e-05,0.011121828676704968
2022-06-09,-1,246.3333,249.5833,249.5833,stop,-1.0,-0.013193506521448795,0.013193506521448784
2022-06-10,1,237.1167,231.58,231.58,stop,-1.0,-0.023350105665269405,0.023350105665269447
2022-06-13,-1,222.3367,226.6333,215.7333,close,1.5368896336638316,0.02970000004497675,0.01932474485768649
2022-06-14,-1,216.2567,218.9583,218.9583,stop,-1.0,-0.012492560924123985,0.01249256092412403
2022-06-15,1,222.62,218.15,233.0,close,2.322147651006711,0.046626538496091996,0.020079058485311288
2022-06-16,-1,221.4667,225.1667,213.1467,close,2.2486486486486537,0.03756772462857849,0.016706800616074508
2022-06-17,1,216.4667,213.3333,213.3333,stop,-1.0,-0.014475205655188561,0.014475205655188509
2022-06-21,1,228.21,224.3333,237.0,close,2.267392369799054,0.03851715525174182,0.016987423863984923
2022-06-22,1,238.1633,233.8267,236.0233,close,-0.49347415025595726,-0.008985431424572865,0.018208514913926725
2022-06-23,-1,235.7367,239.3167,235.05,close,0.19181564245810193,0.0029129957278607455,0.015186434695997628
2022-06-24,1,239.9167,236.0867,245.63,close,1.4917232375979184,0.023813681998793745,0.01596387412797852
2022-06-27,-1,247.3733,252.07,244.8767,close,0.5315647156514158,0.010092439240613316,0.018986285100291714
2022-06-28,1,248.2333,244.0,244.0,stop,-1.0,-0.0170537151945368,0.017053715194536807
2022-06-29,-1,226.77,231.1733,228.4667,close,-0.3853246428814735,-0.007482030250915095,0.019417471446840417
2022-07-01,-1,225.75,228.9467,228.9467,stop,-1.0,-0.014160354374307849,0.014160354374307831
2022-07-05,-1,219.35,224.1333,224.1333,stop,-1.0,-0.021806701618418023,0.02180670161841804
2022-07-06,-1,230.6667,234.5633,231.66,close,-0.2549145408817952,-0.004306213250547142,0.016892772125321975
2022-07-07,1,236.0866,232.21,244.49,close,2.167724294484861,0.03559456572291686,0.01642024579116306
2022-07-08,1,244.1866,241.1614,250.69,close,2.1497421658072104,0.026632911060639586,0.01238888620423894
2022-07-11,-1,249.4033,253.0633,234.365,close,4.108825136612023,0.06029711715923558,0.014675026352899086
2022-07-12,1,238.93,235.6767,235.6767,stop,-1.0,-0.013616121876700249,0.013616121876700272
2022-07-13,1,227.9997,225.0333,236.86,close,2.986886461704438,0.03886101604519676,0.013010543434925543
2022-07-14,-1,231.62,236.83,236.83,stop,-1.0,-0.022493739746136,0.022493739746135947
2022-07-15,1,242.81,239.55,239.55,stop,-1.0,-0.013426135661628424,0.013426135661628397
2022-07-18,1,247.8667,243.7667,243.7667,stop,-1.0,-0.01654114893206715,0.016541148932067207
2022-07-19,-1,244.1227,246.86,246.86,stop,-1.0,-0.011212804053043923,0.011212804053043837
2022-07-20,1,250.0,246.5,246.5,stop,-1.0,-0.014000000000000012,0.014
2022-07-21,1,259.9667,254.8667,271.7367,close,2.307843137254901,0.045275029455695615,0.019617897215297168
2022-07-25,-1,270.4207,274.1467,268.3867,close,0.5458937198067613,0.007521613545116934,0.013778531007426573
2022-07-26,-1,264.6733,267.31,258.7817,close,2.2344597413433234,0.02225989550135954,0.009962092889611529
2022-07-27,-1,262.0,265.2167,265.2167,stop,-1.0,-0.012277480916030648,0.012277480916030545
2022-07-28,1,282.8767,279.1667,279.1667,stop,-1.0,-0.013115254808897414,0.013115254808897431
2022-08-01,1,304.1333,298.72,298.72,stop,-1.0,-0.017799103222172596,0.01779910322217262
2022-08-02,1,297.25,292.6667,300.5567,close,0.7214670652150136,0.011124306139613127,0.015419007569386066
2022-08-03,1,308.9633,303.3333,303.3333,stop,-1.0,-0.018222228983183375,0.018222228983183424
2022-08-04,1,313.0433,308.8833,308.8833,stop,-1.0,-0.013288896456177035,0.013288896456177047
2022-08-05,1,304.1504,301.1,301.1,stop,-1.0,-0.010029248687491332,0.010029248687491346
2022-08-08,1,296.8333,292.75,292.75,stop,-1.0,-0.013756205924335352,0.013756205924335336
2022-08-09,-1,285.1867,292.3967,283.3,close,0.26167822468792684,0.006615666158344524,0.025281683893393476
2022-08-10,-1,291.89,297.51,294.2833,close,-0.42585409252669193,-0.008199321662269998,0.019253828497036572
2022-08-11,-1,294.3667,298.2367,286.7167,close,1.9767441860465034,0.02598799388653672,0.013146867495542142
2022-08-12,-1,286.22,289.5233,289.5233,stop,-1.0,-0.011541122213681643,0.011541122213681709
2022-08-15,1,306.6667,301.23,309.28,close,0.4806776169367436,0.008521629508518425,0.017728367638220822
2022-08-16,1,312.6667,309.8567,309.8567,stop,-1.0,-0.008987205864903425,0.008987205864903433
2022-08-17,1,304.83,301.8367,301.8367,stop,-1.0,-0.009819571564478435,0.009819571564478486
2022-08-18,-1,302.7034,306.1333,306.1333,stop,-1.0,-0.011330893541334541,0.011330893541334626
2022-08-19,-1,297.8484,300.36,296.67,close,0.46918299092212795,0.0039563751223776755,0.008432477730281536
2022-08-22,-1,290.0333,292.4,289.99,close,0.018295516964544838,0.00014929320184953188,0.008160097478461888
2022-08-23,-1,290.6267,292.23,292.23,stop,-1.0,-0.005516698913073048,0.00551669891307299
2022-08-24,1,299.4033,297.0167,297.0167,stop,-1.0,-0.007971188026317688,0.007971188026317636
2022-08-25,-1,298.1,302.96,296.11,close,0.4094650205761372,0.006675612210667592,0.01630325394163018
2022-08-26,-1,296.53,298.9,298.9,stop,-1.0,-0.00799244595825055,0.007992445958250447
2022-08-29,1,284.4,281.95,281.95,stop,-1.0,-0.008614627285513321,0.008614627285513323
2022-08-30,-1,286.06,288.48,277.7288,close,3.4426446280991607,0.029123960008389904,0.008459763685940069
2022-08-31,-1,277.49,281.25,275.48,close,0.5345744680851052,0.007243504270424084,0.01355003783920138
2022-09-01,1,275.0,270.8061,270.8061,stop,-1.0,-0.015250545454545406,0.0152505454545454
2022-09-02,-1,278.064,282.35,270.25,close,1.823145123658427,0.028101444271822373,0.015413717705276487
2022-09-07,1,275.6161,272.27,283.73,close,2.424882699261802,0.029439136538105037,0.01214043736922493
2022-09-08,1,281.58,279.76,289.3,close,4.241758241758273,0.027416719937495726,0.006463527239150484
2022-09-09,1,293.9,291.245,299.71,close,2.1883239171374997,0.019768628785301168,0.009033684926845774
2022-09-12,1,303.44,300.4,304.52,close,0.35526315789472923,0.003559187977853817,0.010018455048774124
2022-09-13,1,295.97,292.0673,292.0673,stop,-1.0,-0.013186133729770066,0.013186133729770039
2022-09-15,1,303.82,300.7247,303.67,close,-0.048460569250145975,-0.0004937133829240326,0.01018794022776647
2022-09-16,-1,297.75,300.6,300.6,stop,-1.0,-0.009571788413098359,0.009571788413098314
2022-09-19,1,302.36,297.8,309.2,close,1.4999999999999938,0.022622039952374662,0.015081359968249775
2022-09-20,-1,306.03,309.3591,309.3591,stop,-1.0,-0.010878345260268762,0.010878345260268731
2022-09-21,-1,307.65,310.48,310.48,stop,-1.0,-0.009198764830164352,0.009198764830164281
2022-09-22,-1,298.04,301.29,288.49,close,2.938461538461542,0.03204267883505574,0.010904576566903771
2022-09-23,-1,281.5,284.5,275.36,close,2.046666666666662,0.02181172291296618,0.010657193605683837
2022-09-26,1,273.82,270.31,276.05,close,0.6353276353276421,0.008144036228179052,0.012818639982470204
2022-09-27,1,286.99,283.27,283.27,stop,-1.0,-0.012962124115822982,0.012962124115822945
2022-09-28,-1,278.66,283.14,283.14,stop,-1.0,-0.016076939639704246,0.01607693963970416
2022-09-29,-1,281.77,283.65,268.28,close,7.175531914893639,0.04787592717464606,0.0066721084572523535
2022-10-03,-1,246.74,255.16,242.34,close,0.5225653206650845,0.017832536272999966,0.03412498986787706
2022-10-04,1,252.2,248.84,248.84,stop,-1.0,-0.013322759714512244,0.013322759714512234
2022-10-05,-1,243.15,246.6697,240.71,close,0.6932409012131708,0.010034957844951675,0.014475426691342793
2022-10-06,1,243.32,239.36,239.36,stop,-1.0,-0.016274864376130127,0.016274864376130117
2022-10-07,-1,230.84,234.5715,223.08,close,2.0795926571084085,0.03361635765032056,0.016164876104661163
2022-10-10,-1,220.44,225.5,225.5,stop,-1.0,-0.022954091816367317,0.022954091816367275
2022-10-12,1,216.3655,211.51,217.23,close,0.1780455153949112,0.003995553819809539,0.022441193258629526
2022-10-13,1,210.35,206.22,221.7,close,2.748184019370462,0.05395768956501068,0.01963394342762061
2022-10-14,-1,222.3866,226.26,205.07,close,4.470645944131765,0.07786710170486888,0.01741741633713544
2022-10-17,1,213.3,209.45,219.49,close,1.6077922077921978,0.02902015939990621,0.018049695264885243
2022-10-18,-1,224.92,229.82,220.1801,close,0.9673265306122392,0.021073715098701706,0.02178552374177488
2022-10-19,1,221.7258,218.0,218.0,stop,-1.0,-0.01680363764613768,0.016803637646137674
2022-10-20,-1,205.55,209.67,209.67,stop,-1.0,-0.020043784967161082,0.02004378496716116
2022-10-21,1,207.7,203.8,214.5,close,1.7435897435897567,0.03273952816562353,0.018777082330283953
2022-10-24,-1,202.8,206.78,206.78,stop,-1.0,-0.019625246548323316,0.01962524654832342
2022-10-25,1,214.05,210.0,222.411,close,2.0644444444444363,0.03906096706377005,0.018920812894183653
2022-10-26,1,222.17,218.2,224.6,close,0.6120906801007575,0.010937570329027313,0.017869199261826525
2022-10-27,-1,228.2,233.81,225.0938,close,0.5536898395721914,0.013611744084136679,0.02458369851007894
2022-10-28,1,227.2202,223.7109,223.7109,stop,-1.0,-0.015444489530420213,0.015444489530420253
2022-10-31,1,227.81,224.8,224.8,stop,-1.0,-0.013212765023484452,0.013212765023484443
2022-11-01,1,236.5,234.03,234.03,stop,-1.0,-0.010443974630021113,0.010443974630021138
2022-11-02,1,226.4999,223.4,223.4,stop,-1.0,-0.01368609875765947,0.013686098757659457
2022-11-03,1,216.12,210.14,215.36,close,-0.12709030100334257,-0.0035165648713677555,0.027669813066814816
2022-11-04,-1,219.47,223.8,207.53,close,2.757505773672047,0.05440379095092718,0.019729347974666297
2022-11-07,-1,204.62,208.9,197.06,close,1.766355140186916,0.036946535040563,0.020916821425080643
2022-11-08,-1,188.02,194.1,194.1,stop,-1.0,-0.03233698542708208,0.03233698542708214
2022-11-09,1,190.775,187.17,187.17,stop,-1.0,-0.018896605949417,0.018896605949416948
2022-11-10,-1,185.01,190.15,190.15,stop,-1.0,-0.027782282038808725,0.027782282038808795
2022-11-11,1,186.99,182.59,195.92,close,2.029545454545447,0.04775656452216692,0.02353067008930962
2022-11-14,-1,190.51,194.85,194.85,stop,-1.0,-0.02278095638024258,0.022780956380242526
2022-11-15,1,197.75,194.41,194.41,stop,-1.0,-0.016890012642225005,0.01689001264222505
2022-11-16,1,192.39,189.92,189.92,stop,-1.0,-0.012838505119808663,0.012838505119808717
2022-11-17,-1,182.9,186.16,183.18,close,-0.08588957055214783,-0.0015308911973757056,0.017823947512301753
2022-11-18,-1,181.8301,185.19,180.2,close,0.4851632489062156,0.008964962346718175,0.0184782387514499
2022-11-21,-1,173.33,176.77,167.86,close,1.5901162790697683,0.031558299198061524,0.01984653551029826
2022-11-22,-1,167.9,170.77,170.77,stop,-1.0,-0.01709350804050036,0.017093508040500326
2022-11-23,1,174.19,172.5,183.29,close,5.384615384615389,0.05224180492565589,0.009702049486193224
2022-11-28,1,181.865,179.0,182.92,close,0.3682373472949302,0.005801006240892859,0.01575344348830181
2022-11-29,-1,183.11,185.75,185.75,stop,-1.0,-0.014417563213368956,0.014417563213368938
2022-11-30,1,184.5,182.43,182.43,stop,-1.0,-0.011219512195121961,0.011219512195121914
2022-12-01,1,198.0,195.1,195.1,stop,-1.0,-0.014646464646464685,0.014646464646464675
2022-12-02,1,194.6,191.6,191.6,stop,-1.0,-0.01541623843782114,0.015416238437821172
2022-12-05,1,190.5,188.3603,188.3603,stop,-1.0,-0.011232020997375303,0.011232020997375353
2022-12-06,-1,180.09,183.65,179.81,close,0.0786516853932587,0.0015547781664723148,0.01976789383086236
2022-12-07,1,177.77,174.88,174.88,stop,-1.0,-0.016256961242054446,0.016256961242054422
2022-12-08,-1,171.6,173.75,173.75,stop,-1.0,-0.012529137529137646,0.012529137529137563
2022-12-09,1,175.6,173.36,179.03,close,1.5312500000000162,0.01953302961275627,0.01275626423690194
2022-12-12,-1,173.91,177.37,167.73,close,1.7861271676300556,0.03553562187338277,0.019895348168592997
2022-12-13,-1,172.78,175.05,160.98,close,5.198237885462537,0.06829494154416027,0.013138094686885116
2022-12-15,1,156.94,153.28,157.71,close,0.21038251366120517,0.004906333630686932,0.023321014400407777
2022-12-16,-1,157.44,160.99,150.19,close,2.042253521126754,0.04604928861788615,0.02254827235772365
2022-12-19,-1,150.5,154.13,154.13,stop,-1.0,-0.02411960132890356,0.024119601328903624
2022-12-21,-1,137.29,139.6,139.6,stop,-1.0,-0.016825697428800357,0.016825697428800367
2022-12-22,-1,134.71,136.63,125.345,close,4.877604166666703,0.06951970900452831,0.014252839432855671
2022-12-23,-1,123.3201,126.6,126.6,stop,-1.0,-0.02659663753110797,0.02659663753110805
2022-12-27,-1,117.08,119.67,109.1,close,3.0810810810810785,0.06815852408609502,0.02212162623846945
2022-12-28,1,112.98,108.24,112.71,close,-0.05696202531645775,-0.0023898035050452515,0.04195432819968144
2022-12-29,1,120.6,117.495,121.83,close,0.3961352657004857,0.010199004975124382,0.025746268656716333
2022-12-30,1,123.0,119.75,123.24,close,0.07384615384615227,0.0019512195121951237,0.026422764227642278
2023-01-03,-1,115.33,118.8,108.055,close,2.096541786743514,0.06307985779935832,0.030087574785398412
2023-01-04,1,109.77,107.52,113.64,close,1.720000000000002,0.035255534298988866,0.02049740366220279
2023-01-05,-1,108.8,111.33,111.33,stop,-1.0,-0.02325367647058818,0.023253676470588246
2023-01-09,-1,117.73,120.4,120.4,stop,-1.0,-0.022679011297035645,0.022679011297035603
2023-01-10,-1,120.3,122.76,118.85,close,0.5894308943089424,0.012053200332502123,0.020448877805486352
2023-01-11,1,122.5,120.51,120.51,stop,-1.0,-0.016244897959183602,0.016244897959183633
2023-01-12,-1,120.25,122.92,122.92,stop,-1.0,-0.022203742203742216,0.02220374220374222
2023-01-18,-1,134.41,136.68,128.75,close,2.493392070484569,0.04210996205639461,0.01688862435830675
2023-01-19,1,128.61,126.82,126.82,stop,-1.0,-0.013918046808179874,0.013918046808179926
2023-01-20,-1,127.43,129.05,129.05,stop,-1.0,-0.01271286196343091,0.012712861963430938
2023-01-23,1,136.63,134.27,143.74,close,3.0127118644068043,0.052038351752909495,0.01727292688282211
2023-01-24,1,144.13,141.77,141.77,stop,-1.0,-0.016374106709220793,0.01637410670922074
2023-01-25,1,142.13,140.12,140.12,stop,-1.0,-0.0141419826919017,0.014141982691901717
2023-01-26,-1,157.59,161.42,160.265,close,-0.6984334203655337,-0.016974427311377438,0.024303572561710667
2023-01-27,1,164.0,161.17,177.865,close,4.899293286219063,0.08454268292682943,0.017256097560975688
2023-01-30,-1,175.3101,179.77,166.7,close,1.9305589811430768,0.04911354223173692,0.02544006306539101
2023-01-31,1,169.38,162.78,173.29,close,0.5924242424242424,0.023084189396622934,0.03896563939071906
2023-02-01,1,174.9,171.21,171.21,stop,-1.0,-0.021097770154373863,0.021097770154373915
2023-02-02,1,187.97,185.0955,185.0955,stop,-1.0,-0.0152923338830665,0.01529233388306651
2023-02-03,1,189.64,183.69,189.98,close,0.05714285714285783,0.0017928707023835422,0.03137523729171055
2023-02-06,-1,192.6363,198.17,194.81,close,-0.3928113197318257,-0.011283958423204732,0.02872615389726641
2023-02-07,-1,195.0,197.25,197.25,stop,-1.0,-0.011538461538461497,0.011538461538461539
2023-02-08,1,196.3899,194.31,201.3,close,2.3607384970431164,0.02500179489882126,0.010590666831644648
2023-02-09,1,208.12,205.5301,205.5301,stop,-1.0,-0.012444262925235483,0.012444262925235441
2023-02-10,1,204.99,201.55,201.55,stop,-1.0,-0.016781306405190488,0.016781306405190485
2023-02-13,-1,190.48,194.98,194.98,stop,-1.0,-0.023624527509449766,0.02362452750944981
2023-02-14,1,193.87,189.44,209.28,close,3.4785553047404,0.07948625367514306,0.022850363645742028
2023-02-15,-1,210.5,213.98,213.98,stop,-1.0,-0.016532066508313514,0.01653206650831349
2023-02-16,-1,209.36,211.97,211.97,stop,-1.0,-0.012466564768819133,0.012466564768819187
2023-02-17,1,204.55,199.56,199.56,stop,-1.0,-0.02439501344414574,0.024395013444145727
2023-02-21,1,206.83,203.71,203.71,stop,-1.0,-0.015084852294154683,0.015084852294154641
2023-02-22,-1,197.1,199.9,199.9,stop,-1.0,-0.014205986808726534,0.014205986808726593
2023-02-23,-1,203.18,205.14,201.99,close,0.6071428571428623,0.00585687567673987,0.00964661876168904
2023-02-24,-1,195.955,197.44,197.44,stop,-1.0,-0.007578270521293007,0.007578270521293078
2023-02-27,1,204.3898,201.26,207.6,close,1.0256885423988653,0.01570626322839974,0.015312897218941537
2023-02-28,-1,208.72,211.23,205.74,close,1.1872509960159365,0.014277500958221445,0.01202568033729394
2023-03-01,-1,203.92,207.2,202.75,close,0.3567073170731668,0.005737544134954864,0.0160847391133778
2023-03-02,1,189.29,186.01,190.87,close,0.4817073170731744,0.008346980823075834,0.01732790955676476
2023-03-03,-1,193.28,194.99,194.99,stop,-1.0,-0.0088472682119205,0.008847268211920572
2023-03-06,-1,196.33,198.6,193.8299,close,1.10136563876653,0.012734172057250581,0.01156216574135375
2023-03-07,1,192.2439,190.32,190.32,stop,-1.0,-0.010007599720979421,0.01000759972097946
2023-03-08,-1,183.5156,186.5,182.05,close,0.4910869856587582,0.00798624204154852,0.01626237769432132
2023-03-09,1,182.57,180.0,180.0,stop,-1.0,-0.014076792463164733,0.014076792463164777
2023-03-10,-1,172.68,176.0,176.0,stop,-1.0,-0.019226314570303327,0.01922631457030341
2023-03-13,-1,165.8,168.85,168.85,stop,-1.0,-0.018395657418576405,0.018395657418576496
2023-03-14,1,181.2,177.1401,183.24,close,0.5024754304293261,0.011258278145695577,0.022405629139072843
2023-03-15,-1,179.2,182.0,182.0,stop,-1.0,-0.015625,0.015625000000000066
2023-03-16,-1,179.52,181.3499,181.3499,stop,-1.0,-0.010193293226381295,0.010193293226381354
2023-03-17,-1,183.89,186.2199,180.1,close,1.626679256620446,0.020610147370710763,0.012670074501060467
2023-03-20,-1,177.12,179.68,179.68,stop,-1.0,-0.014453477868112019,0.014453477868112028
2023-03-21,1,190.22,188.04,197.615,close,3.3922018348623793,0.03887603827147523,0.011460414257175937
2023-03-22,-1,197.82,200.66,191.0,close,2.40140845070422,0.03447578606814272,0.01435648569406533
2023-03-23,1,197.52,195.1038,195.1038,stop,-1.0,-0.012232685297691392,0.01223268529769139
2023-03-24,-1,190.2301,192.36,190.42,close,-0.08915911545142616,-0.0009982647330784022,0.01119644052124254
2023-03-27,1,196.3,194.08,194.08,stop,-1.0,-0.011309220580743795,0.011309220580743753
2023-03-28,-1,189.888,192.35,189.205,close,0.27741673436230535,0.003596857094708472,0.012965537580047128
2023-03-29,1,194.39,192.6203,192.6203,stop,-1.0,-0.009103863367457166,0.009103863367457176
2023-03-30,-1,195.1,196.78,196.78,stop,-1.0,-0.008610968733982594,0.008610968733982607
2023-03-31,1,198.57,197.2,207.45,close,6.4817518248174935,0.04471974618522423,0.006899330211008735
2023-04-03,-1,199.02,202.6897,194.75,close,1.1635828541842757,0.02145513013767464,0.018438850366797193
2023-04-04,-1,196.47,198.7446,192.68,close,1.6662270289281653,0.019290476917595556,0.011577340051916284
2023-04-05,-1,189.32,190.68,185.5,close,2.8088235294117316,0.020177477287132817,0.007183604479188747
2023-04-06,-1,180.2,183.8199,183.8199,stop,-1.0,-0.02008823529411763,0.020088235294117657
2023-04-10,-1,177.27,180.68,180.68,stop,-1.0,-0.019236193377333954,0.01923619337733399
2023-04-11,1,188.07,185.78,185.78,stop,-1.0,-0.012176317328654207,0.012176317328654183
2023-04-12,-1,189.6,191.5846,180.55,close,4.560112869091999,0.04773206751054848,0.010467299578059074
2023-04-14,1,184.2499,182.2,182.2,stop,-1.0,-0.011125650543094001,0.011125650543093961
2023-04-17,1,187.17,185.51,185.51,stop,-1.0,-0.008868942672436764,0.008868942672436805
2023-04-18,-1,186.3,187.6,187.6,stop,-1.0,-0.006977992485238671,0.00697799248523877
2023-04-19,1,179.68,177.65,180.54,close,0.4236453201970368,0.004786286731967904,0.011297862867319685
2023-04-20,1,167.85,165.01,165.01,stop,-1.0,-0.01691986893059283,0.016919868930592812
2023-04-21,-1,162.5,165.37,165.37,stop,-1.0,-0.017661538461538395,0.01766153846153849
2023-04-24,1,165.2,162.72,162.72,stop,-1.0,-0.015012106537530157,0.015012106537530205
2023-04-25,-1,159.43,160.67,160.67,stop,-1.0,-0.007777708085052959,0.00777770808505288
2023-04-26,-1,158.8,160.67,153.64,close,2.7593582887701023,0.03249370277078101,0.011775818639798338
2023-04-27,1,154.81,152.37,160.15,close,2.188524590163938,0.03449389574316908,0.01576125573283378
2023-04-28,-1,158.34,161.66,161.66,stop,-1.0,-0.02096753820891739,0.020967538208917474
2023-05-01,-1,160.94,163.24,163.24,stop,-1.0,-0.014291040139182476,0.014291040139182375
2023-05-02,1,164.44,161.83,161.83,stop,-1.0,-0.015872050595961973,0.015872050595961962
2023-05-03,1,161.69,159.91,160.6082,close,-0.6077528089887564,-0.006690580740923879,0.011008720390871429
2023-05-04,1,162.86,161.0,161.0,stop,-1.0,-0.011420852265749848,0.011420852265749806
2023-05-05,1,164.98,163.51,170.07,close,3.4625850340136104,0.030852224512062154,0.008910170929809667
2023-05-08,-1,171.03,173.8,171.85,close,-0.29602888086642243,-0.0047944805004969115,0.016195989007776475
2023-05-09,-1,168.3,169.82,169.14,close,-0.5526315789473586,-0.004991087344028422,0.009031491384432452
2023-05-10,-1,171.72,173.87,173.87,stop,-1.0,-0.012520382017237486,0.012520382017237396
2023-05-11,1,168.78,166.79,172.05,close,1.6432160804020077,0.019374333451830816,0.011790496504325211
2023-05-12,1,176.7299,174.6,174.6,stop,-1.0,-0.012051724128175234,0.012051724128175212
2023-05-15,1,168.88,166.73,166.73,stop,-1.0,-0.012730933207010908,0.012730933207010929
2023-05-16,1,166.93,165.12,165.12,stop,-1.0,-0.010842868268136407,0.010842868268136357
2023-05-17,1,168.47,167.185,173.85,close,4.1867704280155715,0.03193446904493369,0.007627470766308522
2023-05-18,-1,173.24,174.8,174.8,stop,-1.0,-0.009004848764719409,0.009004848764719476
2023-05-19,1,178.43,176.31,180.13,close,0.8018867924528231,0.009527545816286453,0.011881410076780835
2023-05-22,1,182.94,180.11,188.93,close,2.116607773851605,0.03274297583907293,0.015469552858860742
2023-05-23,1,188.16,186.065,186.065,stop,-1.0,-0.011134141156462607,0.01113414115646258
2023-05-24,1,182.8,181.26,181.26,stop,-1.0,-0.008424507658643443,0.008424507658643438
2023-05-25,-1,184.58,186.78,184.44,close,0.06363636363637068,0.0007584787084191635,0.011918951132300295
2023-05-26,1,186.97,184.53,193.16,close,2.5368852459016407,0.03310691554794887,0.013050221960742353
2023-05-30,1,202.0,198.5879,198.5879,stop,-1.0,-0.01689158415841585,0.01689158415841589
2023-05-31,1,202.34,198.17,198.17,stop,-1.0,-0.020608876149056155,0.020608876149056123
2023-06-01,-1,202.06,205.99,205.99,stop,-1.0,-0.019449668415322252,0.019449668415322214
2023-06-02,1,212.58,209.752,213.985,close,0.4968175388967467,0.0066092765076677384,0.013303227020415857
2023-06-05,1,221.0,217.45,217.45,stop,-1.0,-0.016063348416289647,0.016063348416289643
2023-06-06,-1,213.82,216.86,216.86,stop,-1.0,-0.014217566177158414,0.014217566177158454
2023-06-08,1,225.92,223.01,234.83,close,3.061855670103105,0.03943873937677056,0.01288066572237959
2023-06-09,-1,246.31,249.5,249.5,stop,-1.0,-0.01295115910844058,0.012951159108440575
2023-06-12,-1,247.45,249.48,249.48,stop,-1.0,-0.008203677510608243,0.008203677510608208
2023-06-13,1,255.4099,252.57,252.57,stop,-1.0,-0.011118989514501965,0.011118989514501984
2023-06-14,-1,256.6,260.56,260.56,stop,-1.0,-0.01543257989088076,0.015432579890880668
2023-06-15,1,251.63,247.29,255.81,close,0.9631336405529962,0.01661169176966193,0.017247546000079494
2023-06-16,-1,257.3,260.8,260.8,stop,-1.0,-0.013602798289933826,0.013602798289933929
2023-06-20,1,264.94,261.12,274.46,close,2.4921465968586385,0.035932663999395986,0.014418358873707229
2023-06-21,1,276.97,273.25,273.25,stop,-1.0,-0.013431057515254419,0.013431057515254457
2023-06-22,1,254.8,248.25,264.59,close,1.49465648854961,0.03842229199372049,0.02570643642072218
2023-06-23,-1,258.89,262.02,262.02,stop,-1.0,-0.012090076866622779,0.012090076866622872
2023-06-26,1,254.75,250.0,250.0,stop,-1.0,-0.018645731108930308,0.018645731108930325
2023-06-27,1,244.9584,240.85,250.2,close,1.2758251387401311,0.021397918993592224,0.016771827379669434
2023-06-28,1,251.61,248.89,256.4,close,1.7610294117646748,0.01903739914947722,0.01081038114542358
2023-06-29,1,260.6599,257.42,257.42,stop,-1.0,-0.012429606548609806,0.012429606548609806
2023-06-30,1,261.82,259.89,261.68,close,-0.07253886010361962,-0.0005347185088991901,0.007371476586968172
2023-07-05,1,280.43,278.0,278.0,stop,-1.0,-0.008665264058766886,0.008665264058766917
2023-07-06,-1,277.88,279.97,276.5599,close,0.6316267942583483,0.0047506117748666865,0.007521232186555462
2023-07-07,-1,277.98,280.78,274.43,close,1.2678571428571674,0.012770702928268207,0.010072667098352235
2023-07-10,-1,274.12,277.52,269.5,close,1.3588235294117752,0.016853932584269704,0.0124033270100685
2023-07-11,1,269.51,267.23,267.23,stop,-1.0,-0.0084597974101146,0.008459797410114551
2023-07-12,-1,274.01,276.52,272.0,close,0.8007968127490033,0.007335498704426846,0.009160249625926029
2023-07-13,-1,273.33,274.97,274.97,stop,-1.0,-0.0060000731716240985,0.0060000731716242026
2023-07-14,1,277.86,276.31,281.39,close,2.2774193548386754,0.012704239545094476,0.00557834880875265
2023-07-17,1,290.45,286.04,286.04,stop,-1.0,-0.015183336202444386,0.015183336202444374
2023-07-18,-1,287.026,290.52,290.52,stop,-1.0,-0.01217311323712833,0.012173113237128243
2023-07-19,-1,294.79,296.8399,296.8399,stop,-1.0,-0.006953763696190496,0.006953763696190439
2023-07-20,-1,276.6,280.93,262.92,close,3.1593533487298053,0.04945770065075927,0.015654374548083817
2023-07-21,-1,264.02,268.0,259.95,close,1.0226130653266268,0.015415498825846474,0.015074615559427386
2023-07-24,1,257.88,254.12,269.13,close,2.992021276595752,0.043624941833410924,0.014580425003877738
2023-07-25,-1,270.27,272.9,265.23,close,1.916349809885921,0.01864801864801846,0.009731009731009715
2023-07-26,1,264.2346,261.75,264.465,close,0.09273122434193616,0.0008719524240956567,0.009403007781721245
2023-07-27,1,268.99,267.01,267.01,stop,-1.0,-0.0073608684337708175,0.007360868433770839
2023-07-28,1,260.0,258.2312,266.54,close,3.6974219810040845,0.025153846153846304,0.006803076923076919
2023-07-31,-1,266.96,269.08,267.49,close,-0.25000000000001343,-0.001985316152232741,0.007941264608930194
2023-08-01,-1,263.86,266.47,261.0818,close,1.0644444444444492,0.010529068445387813,0.009891609186689963
2023-08-02,1,256.72,254.0301,254.0301,stop,-1.0,-0.010477952633219156,0.01047795263321916
2023-08-03,1,253.8499,252.0,259.3,close,2.9461592518514768,0.021469774067273795,0.007287377304462168
2023-08-04,1,263.25,260.86,260.86,stop,-1.0,-0.00907882241215574,0.009078822412155694
2023-08-07,-1,250.25,253.6511,251.41,close,-0.3410661256652236,-0.004635364635364514,0.013590809190809246
2023-08-08,-1,247.17,249.2,249.2,stop,-1.0,-0.008212970829793331,0.008212970829793265
2023-08-09,-1,248.4131,251.1,242.19,close,2.31608917339684,0.025051416370553636,0.010816257274676774
2023-08-10,1,246.56,244.53,244.53,stop,-1.0,-0.008233290071382182,0.008233290071382224
2023-08-11,1,242.6,240.1,240.1,stop,-1.0,-0.0103050288540808,0.010305028854080791
2023-08-14,1,236.04,233.75,239.76,close,1.6244541484716208,0.015760040671072728,0.009701745466869988
2023-08-15,-1,238.57,240.5,232.945,close,2.914507772020715,0.02357798549691914,0.008089868801609619
2023-08-16,1,230.39,227.45,227.45,stop,-1.0,-0.012760970528234772,0.012760970528234723
2023-08-17,-1,223.6501,226.74,219.19,close,1.4434447716754624,0.019942311673457835,0.0138157774130215
2023-08-18,1,217.2,213.5,213.5,stop,-1.0,-0.017034990791896854,0.01703499079189682
2023-08-21,1,222.54,220.58,231.27,close,4.454081632653117,0.03922890266918322,0.008807405410263232
2023-08-22,-1,238.13,240.82,233.19,close,1.8364312267658,0.020744971234199827,0.011296350732793004
2023-08-23,1,232.405,229.29,236.8425,close,1.4245585874799316,0.01909382328263165,0.013403326090230455
2023-08-24,-1,235.32,238.92,230.01,close,1.475000000000003,0.022565017848036772,0.015298317185109614
2023-08-25,1,234.1335,230.93,230.93,stop,-1.0,-0.013682364975537431,0.013682364975537422
2023-08-28,-1,241.33,244.38,238.89,close,0.800000000000013,0.01011063688724989,0.01263829610906221
2023-08-29,1,240.3192,237.77,257.18,close,6.614153459909035,0.0701600205060604,0.010607558613710369
2023-08-30,-1,253.41,255.45,255.45,stop,-1.0,-0.008050195335622012,0.008050195335622084
2023-08-31,1,258.33,255.12,255.12,stop,-1.0,-0.012425966786668186,0.012425966786668137
2023-09-01,-1,256.24,259.0794,244.99,close,3.962104670000688,0.04390415235716516,0.011081017795816469
2023-09-05,1,248.52,244.86,256.49,close,2.177595628415302,0.032069853532914916,0.014727184934814085
2023-09-06,-1,252.36,255.39,251.99,close,0.12211221122112471,0.0014661594547471513,0.012006657156443067
2023-09-07,1,245.0999,243.265,251.49,close,3.482533108071286,0.026071410065854783,0.007486335163743456
2023-09-08,1,255.89,250.31,250.31,stop,-1.0,-0.021806244870842928,0.02180624487084288
2023-09-11,1,264.87,260.61,273.645,close,2.0598591549295766,0.033129459734964284,0.01608336164911085
2023-09-12,-1,269.2,272.585,272.585,stop,-1.0,-0.012574294205051961,0.012574294205051973
2023-09-13,1,272.58,268.61,268.61,stop,-1.0,-0.014564531513683976,0.014564531513683948
2023-09-14,1,272.75,270.42,276.02,close,1.4034334763948515,0.011989000916590165,0.00854262144821259
2023-09-15,-1,276.03,278.98,274.42,close,0.5457627118643837,0.005832699344273995,0.010687244140129861
2023-09-18,-1,268.03,271.44,265.2,close,0.8299120234603998,0.010558519568704905,0.012722456441443217
2023-09-19,-1,263.08,267.85,266.4944,close,-0.7158071278825939,-0.01297856165424971,0.018131366884597988
2023-09-20,1,267.62,265.3101,265.3101,stop,-1.0,-0.008631268216127475,0.008631268216127447
2023-09-21,-1,256.33,260.3899,260.3899,stop,-1.0,-0.015838567471618825,0.015838567471618725
2023-09-22,-1,255.5,257.7888,244.74,close,4.701153442852186,0.04211350293542071,0.008958121330723995
2023-09-25,-1,238.6909,243.65,243.65,stop,-1.0,-0.02077624241225795,0.020776242412257888
2023-09-26,1,245.11,241.6601,244.13,close,-0.2840662048175351,-0.0039982048876016085,0.014074905144628997
2023-09-27,-1,242.07,245.19,245.19,stop,-1.0,-0.012888833808402556,0.012888833808402547
2023-09-28,1,241.9199,238.65,246.37,close,1.3609284687605072,0.01839493154552385,0.013516457306736679
2023-09-29,1,251.63,248.6,248.6,stop,-1.0,-0.012041489488534785,0.012041489488534758
2023-10-03,-1,246.66,249.02,249.02,stop,-1.0,-0.009567826157463877,0.009567826157463771
2023-10-04,1,250.34,247.6,261.26,close,3.9854014598539966,0.043620675880801985,0.010945114644084082
2023-10-05,1,262.98,258.72,258.72,stop,-1.0,-0.01619895049053155,0.016198950490531563
2023-10-06,-1,253.33,255.08,255.08,stop,-1.0,-0.006907985631389835,0.006907985631389887
2023-10-09,-1,253.75,256.62,256.62,stop,-1.0,-0.011310344827586194,0.011310344827586225
2023-10-10,1,260.91,257.65,263.56,close,0.8128834355828032,0.010156759035682805,0.012494729983519403
2023-10-11,1,268.2249,266.05,266.05,stop,-1.0,-0.008108494028704949,0.00810849402870494
2023-10-12,-1,262.8,265.41,258.904,close,1.4927203065134078,0.01482496194824967,0.00993150684931512
2023-10-13,-1,257.25,259.6,251.13,close,2.604255319148913,0.02379008746355682,0.009135082604470449
2023-10-16,1,253.64,248.48,253.88,close,0.04651162790697854,0.0009462229932186705,0.020343794354202794
2023-10-17,-1,248.91,251.4,251.4,stop,-1.0,-0.010003615764734297,0.010003615764734278
2023-10-18,1,254.56,251.28,251.28,stop,-1.0,-0.012884978001257097,0.012884978001257076
2023-10-19,-1,224.32,230.61,220.1,close,0.6709062003179627,0.018812410841654748,0.028040299572040035
2023-10-20,1,217.84,214.0905,214.0905,stop,-1.0,-0.017212174072714026,0.017212174072713974
2023-10-23,-1,206.0101,210.48,210.48,stop,-1.0,-0.021697479880840698,0.021697479880840774
2023-10-24,1,218.3,214.8214,214.8214,stop,-1.0,-0.01593495190105365,0.015934951901053596
2023-10-26,-1,211.06,214.8,205.67,close,1.4411764705882357,0.02553776177390321,0.017720079598218558
2023-10-30,1,209.86,207.55,207.55,stop,-1.0,-0.01100733822548372,0.011007338225483667
2023-10-31,-1,195.15,198.14,198.14,stop,-1.0,-0.015321547527542778,0.015321547527542816
2023-11-01,-1,201.84,204.73,204.73,stop,-1.0,-0.014318271898533519,0.014318271898533423
2023-11-03,-1,220.6001,222.88,222.88,stop,-1.0,-0.010334990781962539,0.010334990781962464
2023-11-06,1,224.98,222.72,222.72,stop,-1.0,-0.010045337363321138,0.010045337363321144
2023-11-07,-1,217.9022,220.9598,220.9598,stop,-1.0,-0.014031983155746053,0.014031983155746055
2023-11-08,-1,220.95,224.15,222.1,close,-0.3593749999999999,-0.005204797465489852,0.014482914686580752
2023-11-09,-1,218.42,220.8,209.94,close,3.5630252100839934,0.038824283490522804,0.010896438055123267
2023-11-10,1,211.16,208.28,208.28,stop,-1.0,-0.013638946770221594,0.013638946770221611
2023-11-13,-1,213.9015,217.44,217.44,stop,-1.0,-0.0165426609911572,0.01654266099115714
2023-11-14,1,235.39,231.35,231.35,stop,-1.0,-0.017163006075024412,0.017163006075024394
2023-11-15,1,239.8899,236.45,242.925,close,0.8823221605279165,0.012652054129832058,0.014339494909956703
2023-11-16,-1,238.68,240.42,240.42,stop,-1.0,-0.007290095525389617,0.007290095525389562
2023-11-17,-1,228.65,232.11,232.11,stop,-1.0,-0.01513229827246887,0.015132298272468873
2023-11-21,1,237.15,233.34,241.24,close,1.0734908136482941,0.017246468479864996,0.016065781151170154
2023-11-22,-1,240.58,244.01,234.2101,close,1.8571137026239188,0.026477263280405672,0.01425721173829902
2023-11-27,-1,233.14,237.8,237.8,stop,-1.0,-0.01998799004889773,0.019987990048897765
2023-11-28,1,238.6,235.67,235.67,stop,-1.0,-0.012279966471081316,0.012279966471081337
2023-11-29,1,252.14,247.72,247.72,stop,-1.0,-0.017529943682081384,0.017529943682081335
2023-11-30,-1,241.66,245.22,240.0499,close,0.4522752808988729,0.006662666556318753,0.014731440867334281
2023-12-01,-1,231.91,235.76,235.76,stop,-1.0,-0.016601267733172387,0.016601267733172328
2023-12-05,1,237.13,233.7,238.85,close,0.5014577259475206,0.007253405305106986,0.014464639649137632
2023-12-06,1,245.0899,242.29,242.29,stop,-1.0,-0.01142397136724116,0.011423971367241196
2023-12-07,-1,239.84,242.7,242.7,stop,-1.0,-0.011924616410940558,0.011924616410940565
2023-12-08,1,242.2,239.2701,243.77,close,0.5358544660227431,0.006482246077621934,0.012097027250206338
2023-12-11,-1,241.0301,243.441,239.6238,close,0.5833091376664387,0.005834540997161852,0.010002485166790363
2023-12-12,-1,235.02,238.99,236.93,close,-0.48110831234256857,-0.008126967917623906,0.016892179388988165
2023-12-13,1,236.84,234.0,234.0,stop,-1.0,-0.011991217699712897,0.0119912176997129
2023-12-14,1,244.6,240.79,251.1401,close,1.716561679790024,0.02673793949304981,0.015576451349141466
2023-12-15,1,252.34,248.3,253.34,close,0.24752475247524802,0.003962907188713727,0.016010145042403074
2023-12-18,1,256.0555,252.56,252.56,stop,-1.0,-0.013651337307732048,0.013651337307732084
2023-12-19,1,255.53,253.01,257.195,close,0.6607142857142799,0.006515868978202111,0.00986185575079251
2023-12-20,1,256.63,254.8701,254.8701,stop,-1.0,-0.006857732922885051,0.006857732922885039
2023-12-21,-1,251.57,253.95,253.95,stop,-1.0,-0.009460587510434548,0.009460587510434453
2023-12-22,-1,255.95,258.0,258.0,stop,-1.0,-0.008009376831412451,0.00800937683141243
2023-12-26,-1,254.05,255.48,255.48,stop,-1.0,-0.005628813225742935,0.005628813225742879
2023-12-27,1,260.53,257.52,261.55,close,0.3388704318937016,0.003915096150155506,0.011553371972517526
2023-12-28,-1,263.15,265.13,253.19,close,5.030303030302973,0.0378491354740641,0.0075242257267718726
2023-12-29,-1,252.01,255.19,248.49,close,1.1069182389937027,0.013967699694456548,0.012618546883060223
2024-01-02,-1,245.01,250.9,250.9,stop,-1.0,-0.024039835108771168,0.024039835108771133
2024-01-03,-1,241.3,245.68,238.42,close,0.6575342465753486,0.011935350186489946,0.018151678408619955
2024-01-04,1,240.9,238.45,238.45,stop,-1.0,-0.010170195101702029,0.010170195101702022
2024-01-05,-1,235.59,237.57,237.57,stop,-1.0,-0.00840443142747982,0.0084044314274799
2024-01-08,1,238.04,235.3,240.38,close,0.8540145985401533,0.009830280625104937,0.011510670475550247
2024-01-09,-1,237.39,238.9646,234.8742,close,1.5977391083449628,0.010597750537090778,0.006632966847803209
2024-01-10,-1,233.21,235.5,233.89,close,-0.2969432314410396,-0.002915826937095245,0.009819476008747446
2024-01-11,-1,228.16,230.93,227.3053,close,0.30855595667870217,0.0037460553997195056,0.012140603085554043
2024-01-12,1,223.41,219.6,219.6,stop,-1.0,-0.017053847186786597,0.017053847186786635
2024-01-16,-1,212.28,215.42,215.42,stop,-1.0,-0.014791784435650879,0.014791784435650962
2024-01-17,-1,212.65,215.38,215.38,stop,-1.0,-0.012837996708205957,0.012837996708205924
2024-01-18,-1,215.55,217.45,211.8,close,1.9736842105263395,0.01739735560194855,0.008814660171653802
2024-01-19,1,212.0,209.12,209.12,stop,-1.0,-0.013584905660377289,0.013584905660377337
2024-01-22,1,214.75,210.11,210.11,stop,-1.0,-0.021606519208381747,0.021606519208381775
2024-01-23,1,213.76,211.2206,211.2206,stop,-1.0,-0.011879678143712602,0.011879678143712578
2024-01-24,1,212.36,209.47,209.47,stop,-1.0,-0.013608965906950488,0.013608965906950531
2024-01-25,-1,187.77,193.0,182.54,close,1.0000000000000053,0.02785322468978013,0.027853224689779993
2024-01-26,1,186.3,184.1,184.1,stop,-1.0,-0.01180891035963505,0.011808910359635088
2024-01-30,-1,193.2653,195.51,195.51,stop,-1.0,-0.01161460438061046,0.011614604380610459
2024-01-31,1,189.15,185.8459,187.22,close,-0.5841227565751653,-0.010203542162305124,0.01746814697330164
2024-02-01,1,189.5367,187.76,187.76,stop,-1.0,-0.009373910171486588,0.009373910171486605
2024-02-02,-1,184.21,186.38,186.38,stop,-1.0,-0.011780033657238898,0.011780033657238953
2024-02-05,-1,183.362,184.68,181.03,close,1.7693474962063522,0.012718011365495552,0.007187966972437103
2024-02-06,1,181.04,177.11,185.1,close,1.033078880407131,0.02242598320813083,0.021707909854175755
2024-02-08,-1,186.79,189.0,189.0,stop,-1.0,-0.011831468494030828,0.011831468494030772
2024-02-09,1,192.35,189.48,193.57,close,0.42508710801393623,0.006342604626982107,0.014920717442162749
2024-02-12,1,193.6,191.43,191.43,stop,-1.0,-0.011208677685950352,0.011208677685950349
2024-02-13,1,185.14,183.25,183.25,stop,-1.0,-0.010208490871772669,0.010208490871772639
2024-02-15,1,192.8,188.8595,200.49,close,1.9515289937825073,0.03988589211618265,0.020438278008298828
2024-02-16,1,202.43,198.4349,198.4349,stop,-1.0,-0.019735711110013376,0.019735711110013376
2024-02-20,1,198.43,195.29,195.29,stop,-1.0,-0.015824220128004884,0.015824220128004912
2024-02-21,1,196.1099,192.7,192.7,stop,-1.0,-0.01738769944811569,0.017387699448115683
2024-02-22,-1,191.3801,194.3,194.3,stop,-1.0,-0.01525707218253114,0.01525707218253106
2024-02-23,-1,194.61,197.57,191.92,close,0.9087837837837989,0.013822516828528975,0.015209906993474022
2024-02-26,1,195.17,192.0,199.35,close,1.3186119873817108,0.02141722600809559,0.01624225034585227
2024-02-27,-1,203.1,205.6,199.72,close,1.351999999999998,0.01664204825209259,0.012309207287050714
2024-02-28,1,201.3499,199.56,199.56,stop,-1.0,-0.00888950031760627,0.00888950031760626
2024-02-29,-1,203.44,205.28,201.75,close,0.9184782608695623,0.008307117577664114,0.009044435705859239
2024-03-01,-1,199.78,201.46,201.46,stop,-1.0,-0.008409250175192673,0.008409250175192746
2024-03-04,-1,195.7,199.75,188.13,close,1.869135802469129,0.0386816555952989,0.020694941236586672
2024-03-05,-1,181.71,183.57,183.57,stop,-1.0,-0.010236090473831894,0.010236090473831849
2024-03-06,-1,178.67,181.576,176.5,close,0.746730901582926,0.01214529579672019,0.016264621928695395
2024-03-07,1,178.29,173.7,178.57,close,0.061002178649237675,0.0015704750687082214,0.02574457344775368
2024-03-08,-1,180.05,182.73,175.34,close,1.7574626865671814,0.02615940016662044,0.014884754234934619
2024-03-11,1,177.51,174.8,177.83,close,0.11808118081181698,0.001802715339980887,0.015266745535462676
2024-03-12,-1,175.04,177.96,177.96,stop,-1.0,-0.01668190127970748,0.016681901279707586
2024-03-13,-1,172.6,176.05,169.5,close,0.898550724637675,0.017960602549246807,0.019988412514484456
2024-03-14,1,171.09,167.2,167.2,stop,-1.0,-0.022736571395172267,0.02273657139517222
2024-03-15,-1,162.55,165.1845,163.59,close,-0.3947618143860281,-0.0063980313749614215,0.01620732082436175
2024-03-18,-1,167.5572,170.2,170.2,stop,-1.0,-0.01577252424843567,0.015772524248435723
2024-03-19,-1,170.12,172.82,171.31,close,-0.44074074074074177,-0.0069950623089583,0.015871149776628197
2024-03-21,-1,174.9,178.18,172.77,close,0.6493902439024374,0.01217838765008572,0.018753573470554608
2024-03-22,1,168.15,166.3,170.78,close,1.4216216216216235,0.015640796907522958,0.01100208147487359
2024-03-25,1,174.18,168.73,172.64,close,-0.2825688073394524,-0.008841428407394769,0.03128947066253311
2024-03-26,1,179.8199,177.6301,177.6301,stop,-1.0,-0.012177740061027675,0.012177740061027679
2024-03-27,-1,178.581,181.577,181.577,stop,-1.0,-0.01677670076883886,0.016776700768838842
2024-03-28,-1,176.45,179.57,175.79,close,0.21153846153846015,0.0037404363842448163,0.017682062907339216
2024-04-01,-1,174.19,176.75,175.12,close,-0.36328125000000233,-0.005338997646248345,0.01469659567139332
2024-04-02,-1,163.78,166.6391,166.6391,stop,-1.0,-0.017456954451092965,0.017456954451093003
2024-04-03,-1,163.98,166.48,166.48,stop,-1.0,-0.015245761678253533,0.015245761678253446
2024-04-04,-1,168.52,170.74,170.74,stop,-1.0,-0.013173510562544566,0.013173510562544498
2024-04-05,-1,168.28,169.85,169.85,stop,-1.0,-0.00932968861421446,0.009329688614214364
2024-04-08,1,170.72,167.79,172.99,close,0.7747440273037559,0.013296626054358107,0.01716260543580135
2024-04-09,-1,172.29,174.0391,174.0391,stop,-1.0,-0.01015206918567535,0.010152069185675306
2024-04-10,-1,172.68,174.93,171.79,close,0.3955555555555621,0.005154042158906691,0.013029881862404447
2024-04-11,-1,171.81,174.1699,174.1699,stop,-1.0,-0.013735521797334282,0.013735521797334324
2024-04-12,1,173.08,171.7071,171.7071,stop,-1.0,-0.007932170094753999,0.00793217009475396
2024-04-15,-1,168.36,170.69,161.46,close,2.9613733905579624,0.040983606557377095,0.013839391779519981
2024-04-16,-1,155.42,157.8,157.8,stop,-1.0,-0.015313344485909264,0.015313344485909304
2024-04-17,-1,155.82,157.71,157.71,stop,-1.0,-0.0121293800539084,0.012129380053908451
2024-04-18,-1,151.1,152.1,152.1,stop,-1.0,-0.006618133686300487,0.0066181336863004635
2024-04-19,-1,148.35,150.94,147.01,close,0.517374517374518,0.009032692955847632,0.017458712504213034
2024-04-22,1,141.35,138.8025,142.03,close,0.2669283611383752,0.004810753448885707,0.01802263883975936
2024-04-23,-1,141.79,144.0,144.0,stop,-1.0,-0.015586430636857385,0.015586430636857381
2024-04-24,-1,159.77,164.63,164.63,stop,-1.0,-0.030418726919947403,0.03041872691994733
2024-04-25,1,161.55,158.36,170.31,close,2.7460815047021936,0.05422469823584031,0.019746208604147306
2024-04-29,1,188.49,185.39,185.39,stop,-1.0,-0.016446495835322983,0.016446495835322948
2024-04-30,1,189.94,186.7731,186.7731,stop,-1.0,-0.016673159945245875,0.016673159945245857
2024-05-01,-1,180.62,184.11,184.11,stop,-1.0,-0.019322334182261258,0.01932233418226115
2024-05-02,-1,182.2874,184.6,180.02,close,0.9804548992475903,0.01243859970573924,0.01268655979513671
2024-05-03,1,182.99,181.4395,181.4395,stop,-1.0,-0.008473140608776464,0.008473140608776433
2024-05-06,1,185.43,183.3285,183.3285,stop,-1.0,-0.011333117618508415,0.011333117618508417
2024-05-07,-1,180.15,183.26,177.81,close,0.7524115755627057,0.01298917568692759,0.01726339161809595
2024-05-08,1,171.98,170.15,174.78,close,1.5300546448087626,0.016280962902663232,0.010640772182811863
2024-05-09,-1,173.784,175.62,171.96,close,0.9934640522875661,0.010495787874602813,0.010564839110620153
2024-05-10,-1,171.41,173.0599,168.46,close,1.787987150736399,0.017210197771425184,0.00962545942477103
2024-05-13,1,170.55,169.0,171.92,close,0.8838709677419136,0.008032834945763456,0.009088243916740025
2024-05-14,1,177.18,174.07,177.61,close,0.1382636655948569,0.0024269104865108915,0.017552771193136998
2024-05-15,-1,176.1,180.0,174.0899,close,0.5154102564102542,0.011414537194775698,0.022146507666098842
2024-05-16,-1,171.66,174.24,174.24,stop,-1.0,-0.015029709891646315,0.015029709891646351
2024-05-20,-1,175.42,177.754,174.97,close,0.19280205655526478,0.0025652719188232753,0.013305210352297363
2024-05-21,1,178.53,174.71,186.69,close,2.136125654450265,0.04570660393211212,0.021396964095670157
2024-05-22,-1,181.87,183.8,180.196,close,0.8673575129533683,0.009204376752625532,0.010611975586957754
2024-05-23,-1,179.46,181.9,173.74,close,2.344262295081969,0.03187339797169286,0.013596344589323513
2024-05-24,1,175.81,173.73,179.34,close,1.697115384615375,0.02007849382856497,0.011830953870655893
2024-05-28,-1,173.78,176.4,176.4,stop,-1.0,-0.015076533548164406,0.015076533548164371
2024-05-29,1,175.98,173.93,176.21,close,0.11219512195122931,0.0013069667007614694,0.011649051028525873
2024-05-30,1,179.08,177.22,177.22,stop,-1.0,-0.010386419477328657,0.010386419477328645
2024-05-31,1,178.75,176.8584,176.8584,stop,-1.0,-0.010582377622377681,0.010582377622377685
2024-06-03,1,181.45,177.25,177.25,stop,-1.0,-0.023146872416643594,0.023146872416643642
2024-06-04,1,176.68,174.42,174.42,stop,-1.0,-0.012791487434910653,0.012791487434910681
2024-06-05,-1,172.761,175.35,175.35,stop,-1.0,-0.014986021150606987,0.0149860211506069
2024-06-06,-1,174.27,176.92,176.92,stop,-1.0,-0.015206289091639347,0.015206289091639279
2024-06-07,1,178.8252,175.94,175.94,stop,-1.0,-0.016134191377948914,0.016134191377948956
2024-06-10,1,177.7299,175.6207,175.6207,stop,-1.0,-0.011867446051564645,0.01186744605156469
2024-06-11,-1,171.76,174.75,170.58,close,0.3946488294314297,0.0068700512342803055,0.017408011178388503
2024-06-12,1,172.77,169.8,177.19,close,1.4882154882154845,0.02558314522197125,0.017190484459107477
2024-06-13,1,188.58,185.77,185.77,stop,-1.0,-0.014900837840704173,0.014900837840704222
2024-06-14,-1,182.51,186.0,177.965,close,1.3022922636103083,0.0249027450550654,0.01912223987726705
2024-06-17,1,180.3,177.0,187.52,close,2.18787878787878,0.04004437049362175,0.01830282861896845
2024-06-18,-1,184.55,187.2,184.881,close,-0.12490566037735536,-0.0017935518829583774,0.014359252235166497
2024-06-20,-1,182.01,185.21,181.52,close,0.15312499999999316,0.002692159771440994,0.017581451568595228
2024-06-21,-1,181.6,183.9189,183.9189,stop,-1.0,-0.012769273127753333,0.012769273127753378
2024-06-24,1,187.0,184.3,184.3,stop,-1.0,-0.01443850267379676,0.01443850267379673
2024-06-25,-1,183.2701,184.7491,184.7491,stop,-1.0,-0.008070056163007377,0.008070056163007412
2024-06-26,1,190.74,186.36,196.4,close,1.292237442922375,0.02967390164621997,0.022963195973576572
2024-06-27,-1,194.7,195.87,195.87,stop,-1.0,-0.006009244992295937,0.006009244992295922
2024-06-28,1,201.18,198.58,198.58,stop,-1.0,-0.012923749875733193,0.012923749875733146
2024-07-01,1,203.78,200.85,209.8601,close,2.0751194539249056,0.029836588477770043,0.014378251055059412
2024-07-02,1,221.5,218.06,231.24,close,2.831395348837214,0.043972911963882755,0.015530474040632044
2024-07-05,-1,244.68,252.37,251.42,close,-0.8764629388816623,-0.027546182769331296,0.031428804969756405
2024-07-08,-1,245.9,249.27,249.27,stop,-1.0,-0.013704758031720221,0.01370475803172023
2024-07-09,1,254.8,250.3,262.4099,close,1.6910888888888849,0.02986616954474086,0.017660910518053373
2024-07-10,-1,261.46,264.49,264.49,stop,-1.0,-0.011588770748871768,0.011588770748871834
2024-07-11,1,266.38,262.63,262.63,stop,-1.0,-0.014077633455965133,0.014077633455965162
2024-07-12,1,236.93,233.0912,248.33,close,2.9696780243826053,0.04811547714514841,0.016202253830245306
2024-07-15,1,257.3,252.86,252.86,stop,-1.0,-0.017256121259230484,0.01725612125923046
2024-07-16,-1,253.9,258.62,256.43,close,-0.5360169491525427,-0.009964552973611651,0.01858999606144151
2024-07-17,1,255.4299,252.0,252.0,stop,-1.0,-0.013427950290862634,0.013427950290862595
2024-07-18,1,252.65,249.7,249.7,stop,-1.0,-0.011676231941420978,0.011676231941421006
2024-07-19,-1,246.58,249.01,239.19,close,3.0411522633745185,0.029969989455754797,0.009854813853516012
2024-07-22,1,247.2,243.75,251.69,close,1.3014492753623257,0.018163430420712112,0.013956310679611604
2024-07-23,-1,251.7822,255.7594,246.35,close,1.3658352609876245,0.02157499616732239,0.015796192105716807
2024-07-24,-1,221.0,225.99,215.5,close,1.1022044088176333,0.02488687782805432,0.022579185520362033
2024-07-25,1,220.94,216.231,220.25,close,-0.1465279252495216,-0.0031230198243866747,0.02131347877251744
2024-07-26,-1,218.02,222.2799,219.96,close,-0.45540975140261586,-0.00889826621410883,0.01953903311622781
2024-07-29,1,228.9,224.7,232.125,close,0.7678571428571384,0.014089121887286948,0.018348623853211083
2024-07-30,-1,228.41,232.41,222.68,close,1.4324999999999974,0.025086467317542938,0.017512368109977673
2024-07-31,1,230.0,226.7875,232.1,close,0.6536964980544718,0.009130434782608665,0.013967391304347852
2024-08-01,-1,226.77,230.4,230.4,stop,-1.0,-0.016007408387352706,0.016007408387352803
2024-08-02,1,215.03,212.44,212.44,stop,-1.0,-0.012044830953820362,0.012044830953820413
2024-08-05,1,188.23,182.0,198.87,close,1.7078651685393311,0.05652658981033842,0.033097805875790205
2024-08-06,-1,197.71,201.23,201.23,stop,-1.0,-0.017803854129786023,0.017803854129785957
2024-08-07,1,203.21,200.12,200.12,stop,-1.0,-0.015205944589341103,0.015205944589341092
2024-08-08,-1,193.36,196.2,196.2,stop,-1.0,-0.014687629292511328,0.014687629292511247
2024-08-09,1,198.45,196.23,196.23,stop,-1.0,-0.011186696900982618,0.011186696900982611
2024-08-12,-1,196.73,199.26,197.51,close,-0.3083003952569173,-0.003964824886900864,0.012860265338280899
2024-08-13,1,198.77,197.06,207.93,close,5.356725146198803,0.04608341298988772,0.008602907883483463
2024-08-14,-1,206.01,208.44,201.34,close,1.9218106995884667,0.02266880248531622,0.011795543905635683
2024-08-15,1,209.3,204.82,214.14,close,1.0803571428571328,0.02312470138557088,0.021404682274247577
2024-08-16,1,214.68,210.8,216.12,close,0.37113402061855655,0.006707657909446718,0.018073411589342257
2024-08-19,-1,215.21,219.58,219.58,stop,-1.0,-0.0203057478741695,0.020305747874169437
2024-08-20,-1,224.73,228.22,221.1,close,1.0401146131805117,0.016152716593245242,0.015529746807279888
2024-08-21,1,223.6,220.81,220.81,stop,-1.0,-0.012477638640429278,0.012477638640429303
2024-08-22,-1,221.1536,224.8,210.66,close,2.8777972795085605,0.047449374552347434,0.016488087917176115
2024-08-23,1,216.39,214.21,220.29,close,1.7889908256880938,0.018023014002495508,0.010074402698830715
2024-08-26,-1,216.3415,219.09,213.24,close,1.1284336911042312,0.014336130608320619,0.012704451064636267
2024-08-27,-1,212.7,215.66,209.12,close,1.2094594594594508,0.01683121767747997,0.013916314057357819
2024-08-28,-1,208.54,211.84,205.55,close,0.9060606060605971,0.014337776925290036,0.015824302292126266
2024-08-29,1,211.7,209.51,209.51,stop,-1.0,-0.010344827586206917,0.010344827586206886
2024-08-30,1,210.4,207.03,214.18,close,1.121661721068248,0.01796577946768063,0.016017110266159717
2024-09-03,1,218.89,215.07,215.07,stop,-1.0,-0.017451688062497084,0.017451688062497115
2024-09-04,1,213.8389,210.57,219.46,close,1.719569274067732,0.0262866110890021,0.015286741561053682
2024-09-05,1,225.68,222.25,230.18,close,1.3119533527696767,0.01993973768167323,0.01519851116625313
2024-09-06,-1,227.412,233.6,210.71,close,2.6990950226244395,0.07344379364325537,0.02721052539004093
2024-09-09,1,217.69,213.67,216.49,close,-0.2985074626865636,-0.005512425926776587,0.018466626854701688
2024-09-10,1,222.93,219.1,219.1,stop,-1.0,-0.017180280805634163,0.01718028080563411
2024-09-11,-1,221.12,224.55,224.55,stop,-1.0,-0.015511939218523896,0.01551193921852391
2024-09-12,1,229.0,223.83,229.83,close,0.16054158607350377,0.0036244541484715675,0.022576419213973745
2024-09-13,1,231.6,226.32,230.28,close,-0.24999999999999867,-0.0056994818652849055,0.022797927461139903
2024-09-16,-1,224.15,229.79,229.79,stop,-1.0,-0.025161722061119773,0.025161722061119725
2024-09-17,1,233.78,229.41,229.41,stop,-1.0,-0.018692788091367984,0.01869278809136797
2024-09-18,-1,227.15,231.75,231.75,stop,-1.0,-0.020250935505172762,0.02025093550517277
2024-09-19,1,234.608,232.13,243.85,close,3.729620661824035,0.03939337107004026,0.010562299665825585
2024-09-20,-1,240.8137,243.99,238.26,close,0.8039857696061525,0.010604463118169871,0.013189864197925606
2024-09-23,1,245.8653,241.92,250.0,close,1.0480064887334313,0.01681693187285882,0.016046591365271975
2024-09-24,1,254.99,251.25,251.25,stop,-1.0,-0.014667241852621693,0.014667241852621707
2024-09-25,1,256.2173,252.28,256.99,close,0.19625123815812406,0.003015799479582304,0.015367034154212153
2024-09-26,-1,259.4,261.75,254.17,close,2.2255319148935913,0.020161912104857294,0.009059367771781122
2024-09-27,-1,256.66,259.3799,259.3799,stop,-1.0,-0.010597288241253056,0.010597288241253002
2024-09-30,1,262.6799,258.1,258.1,stop,-1.0,-0.017435289110434238,0.01743528911043423
2024-10-01,-1,260.71,263.98,258.02,close,0.8226299694189498,0.010317977829772507,0.012542671934333316
2024-10-02,1,250.55,245.11,245.11,stop,-1.0,-0.021712233087208155,0.02171223308720813
2024-10-03,1,249.25,244.436,244.436,stop,-1.0,-0.01931394182547641,0.0193139418254764
2024-10-04,1,248.1,246.1,246.1,stop,-1.0,-0.00806126561870213,0.008061265618702136
2024-10-07,-1,246.01,249.83,240.84,close,1.3534031413612455,0.021015405877809812,0.015527824072192276
2024-10-08,-1,243.0376,246.21,244.55,close,-0.4767368553776348,-0.006222905426979342,0.013053124290233323
2024-10-09,-1,240.16,244.61,244.61,stop,-1.0,-0.018529313790806246,0.0185293137908062
2024-10-10,-1,239.3,242.37,242.37,stop,-1.0,-0.012829084830756399,0.012829084830756343
2024-10-11,1,220.34,214.38,217.6901,close,-0.44461409395973134,-0.0120264137242444,0.02704910592720345
2024-10-14,-1,219.0,221.91,219.1501,close,-0.05158075601374886,-0.0006853881278539031,0.013287671232876696
2024-10-15,1,223.7199,219.3351,219.3351,stop,-1.0,-0.01959950813494904,0.019599508134949033
2024-10-16,-1,219.67,222.8199,221.36,close,-0.5365249690466443,-0.007693358219146962,0.01433923612691766
2024-10-17,-1,219.03,221.8,221.8,stop,-1.0,-0.012646669406017441,0.012646669406017488
2024-10-18,1,221.9496,219.23,220.715,close,-0.45396381820855786,-0.005562524104571476,0.012253232265343186
2024-10-21,-1,215.8001,219.42,219.42,stop,-1.0,-0.016774320308470703,0.01677432030847067
2024-10-22,1,217.76,215.84,215.84,stop,-1.0,-0.00881704628949298,0.008817046289492963
2024-10-23,1,218.1989,216.6401,216.6401,stop,-1.0,-0.007143940688976946,0.00714394068897698
2024-10-24,1,247.55,242.65,260.54,close,2.651020408163264,0.05247424762674213,0.0197939810139366
2024-10-25,1,262.83,255.32,269.1101,close,0.8362316910785635,0.023894152113533407,0.02857360270897535
2024-10-28,-1,267.57,270.9,270.9,stop,-1.0,-0.012445341405987076,0.01244534140598716
2024-10-29,-1,261.8,264.98,259.4,close,0.7547169811320846,0.009167303284950523,0.012146676852559232
2024-10-30,-1,257.66,260.7499,260.7499,stop,-1.0,-0.011992160211131031,0.011992160211130948
2024-10-31,-1,256.55,259.75,249.7799,close,2.115656250000012,0.02638900799064514,0.01247320210485281
2024-11-01,-1,251.33,254.0,248.85,close,0.9288389513108726,0.009867504874070065,0.010623483070067191
2024-11-04,-1,241.4401,245.32,245.32,stop,-1.0,-0.016069824358091234,0.016069824358091272
2024-11-05,1,249.41,246.2101,251.5,close,0.6531454107940914,0.008379776272001926,0.012829878513291308
2024-11-06,1,289.31,281.4488,281.4488,stop,-1.0,-0.027172237392416476,0.027172237392416428
2024-11-07,-1,286.14,289.96,289.96,stop,-1.0,-0.013350108338575417,0.013350108338575499
2024-11-08,1,302.44,297.66,321.26,close,3.9372384937238705,0.0622272186218753,0.015804787726491114
2024-11-11,1,349.25,341.5,341.5,stop,-1.0,-0.02219040801717964,0.02219040801717967
2024-11-12,-1,335.3,345.84,328.24,close,0.6698292220113877,0.021055770951386776,0.031434536236206276
2024-11-13,1,343.89,334.68,334.68,stop,-1.0,-0.026781819767949022,0.026781819767948994
2024-11-14,1,328.44,323.55,323.55,stop,-1.0,-0.014888564121300685,0.014888564121300654
2024-11-15,-1,310.02,316.64,316.64,stop,-1.0,-0.021353461067027846,0.02135346106702795
2024-11-18,1,340.7599,335.03,335.03,stop,-1.0,-0.016815065387682182,0.016815065387682186
2024-11-19,1,336.95,332.75,345.98,close,2.150000000000013,0.026799228372162087,0.012464757382400916
2024-11-20,-1,343.16,346.5999,341.94,close,0.3546614727172416,0.003555192912926941,0.01002418696817801
2024-11-21,-1,343.49,347.4,347.4,stop,-1.0,-0.011383155259250488,0.01138315525925054
2024-11-22,-1,339.75,343.7697,343.7697,stop,-1.0,-0.011831346578366375,0.011831346578366446
2024-11-25,-1,357.5001,361.93,338.45,close,4.300345380256856,0.05328697810154459,0.012391325205223808
2024-11-27,-1,338.89,342.55,332.79,close,1.6666666666666459,0.017999940983799978,0.010799964590280106
2024-12-02,-1,352.0,358.78,358.78,stop,-1.0,-0.01926136363636366,0.01926136363636356
2024-12-03,1,353.0,349.5,349.5,stop,-1.0,-0.009915014164305958,0.009915014164305949
2024-12-04,-1,349.63,353.42,353.42,stop,-1.0,-0.010840030889797792,0.010840030889797845
2024-12-05,1,367.4,359.5,369.49,close,0.26455696202532125,0.005688622754491002,0.021502449646162162
2024-12-06,-1,374.145,377.52,377.52,stop,-1.0,-0.009020566892514958,0.009020566892514934
2024-12-09,1,399.98,395.551,395.551,stop,-1.0,-0.01107305365268274,0.01107305365268271
2024-12-10,1,397.82,390.85,400.99,close,0.45480631276901423,0.007968427932230737,0.017520486652254714
2024-12-11,-1,406.5,412.53,412.53,stop,-1.0,-0.01483394833948326,0.014833948339483328
2024-12-12,-1,421.5,426.92,426.92,stop,-1.0,-0.012858837485172137,0.012858837485172043
2024-12-13,-1,417.6856,420.37,420.37,stop,-1.0,-0.006426843539734106,0.0064268435397341495
2024-12-16,1,443.76,438.2,438.2,stop,-1.0,-0.012529295114476313,0.0125292951144763
2024-12-17,-1,465.8672,476.245,476.245,stop,-1.0,-0.022276305350537706,0.02227630535053762
2024-12-18,-1,463.3801,469.11,469.11,stop,-1.0,-0.012365442538425864,0.012365442538425768
2024-12-19,-1,447.63,456.36,436.15,close,1.3150057273768607,0.025646180997698997,0.019502714295288562
2024-12-20,-1,420.35,428.5,428.5,stop,-1.0,-0.01938860473415005,0.019388604734150057
2024-12-23,-1,425.7,432.8,432.8,stop,-1.0,-0.0166784120272494,0.01667841202724929
2024-12-26,-1,456.8,465.3299,453.96,close,0.33294645892683766,0.006217162872154236,0.018673161120840626
2024-12-27,-1,445.67,450.0,431.7057,close,3.225011547344131,0.031333273498328484,0.009715708932618269
2024-12-30,1,424.4199,418.11,418.11,stop,-1.0,-0.014867116268582059,0.014867116268582059
2024-12-31,-1,420.11,427.93,403.64,close,2.1061381074168852,0.039204017995287055,0.01861417247863653
2025-01-02,-1,381.7,392.7299,379.03,close,0.24206928439967873,0.006995022268797557,0.028896777574010997
2025-01-03,1,384.56,379.45,410.77,close,5.129158512720139,0.06815581443727892,0.01328791345953821
2025-01-06,-1,420.3301,426.43,411.05,close,1.5213528090624466,0.02207812383648,0.014512165557498716
2025-01-07,1,409.69,404.5,404.5,stop,-1.0,-0.012668114916156159,0.012668114916156112
2025-01-08,1,399.25,391.73,391.73,stop,-1.0,-0.01883531621790857,0.018835316217908533
2025-01-10,1,398.43,388.9001,388.9001,stop,-1.0,-0.02391863062520394,0.02391863062520392
2025-01-13,1,386.4869,380.07,403.37,close,2.631036793467253,0.04368349871625665,0.016603150067958313
2025-01-14,1,417.95,412.18,412.18,stop,-1.0,-0.013805479124297082,0.013805479124297122
2025-01-15,-1,407.13,411.97,411.97,stop,-1.0,-0.011888094711762998,0.011888094711762906
2025-01-16,-1,418.23,424.0,413.51,close,0.8180242634315498,0.011285656217870588,0.013796236520574759
2025-01-17,1,425.6599,419.75,426.48,close,0.13876715342053603,0.0019266555294497056,0.013884089151926205
2025-01-21,-1,417.59,433.2,424.08,close,-0.41575912876361326,-0.015541559903254454,0.03738116334203409
2025-01-22,-1,416.1,428.0,415.1,close,0.08403361344537831,0.002403268445085316,0.028598894496515204
2025-01-23,-1,415.17,420.73,412.37,close,0.5035971223021601,0.006744225257123593,0.013392104439145415
2025-01-24,-1,411.71,418.88,406.535,close,0.7217573221757243,0.012569527094313804,0.0174151708727017
2025-01-27,1,400.72,393.393,393.393,stop,-1.0,-0.01828458774206443,0.018284587742064422
2025-01-28,-1,391.77,397.1499,397.1499,stop,-1.0,-0.013732291905965255,0.013732291905965288
2025-01-29,-1,394.0,398.5899,388.03,close,1.3006819320682428,0.015152284263959426,0.011649492385786803
2025-01-30,-1,403.62,412.5,400.48,close,0.35360360360360227,0.007779594668252288,0.022000891928051127
2025-01-31,1,407.0853,401.34,404.58,close,-0.4360607801159235,-0.006154238436023252,0.01411325832694043
2025-02-03,-1,384.7,389.17,383.86,close,0.18791946308724158,0.0021835196256823064,0.011619443722381148
2025-02-04,1,386.3676,382.13,382.13,stop,-1.0,-0.01096779336569631,0.01096779336569626
2025-02-05,-1,383.055,388.39,378.17,close,0.9156513589503298,0.012752737857487761,0.013927503883254309
2025-02-06,-1,370.5,375.4,374.31,close,-0.7775510204081674,-0.01028340080971657,0.0132253711201079
2025-02-07,1,377.1,370.0,370.0,stop,-1.0,-0.018827897109520042,0.01882789710952008
2025-02-10,-1,354.33,358.07,358.07,stop,-1.0,-0.010555132221375496,0.01055513222137558
2025-02-11,1,347.61,343.35,343.35,stop,-1.0,-0.01225511348925512,0.012255113489255173
2025-02-13,1,348.65,342.85,356.03,close,1.2724137931034574,0.021167359816434805,0.016635594435680353
2025-02-14,-1,357.55,362.0,355.9,close,0.3707865168539412,0.004614739197315143,0.01244581177457695
2025-02-18,-1,353.7,359.1,354.05,close,-0.06481481481481861,-0.0009895391574781254,0.01526717557251918
2025-02-19,1,358.6,353.67,360.6,close,0.4056795131845836,0.00557724484104849,0.013747908533184625
2025-02-20,-1,357.64,362.3,354.38,close,0.699570815450638,0.00911531148641087,0.01302986243149543
2025-02-21,-1,351.8501,354.98,337.6,close,4.552893063676118,0.04050048586031374,0.008895549553630994
2025-02-25,-1,321.43,328.89,302.49,close,2.5388739946380765,0.05892418255918863,0.023208785738729986
2025-02-26,1,305.78,302.8,302.8,stop,-1.0,-0.009745568709529584,0.009745568709529601
2025-02-27,1,295.93,290.34,290.34,stop,-1.0,-0.018889602270807382,0.018889602270807392
2025-02-28,1,279.5,273.6,293.31,close,2.3406779661017043,0.04940966010733461,0.02110912343470475
2025-03-04,1,275.31,270.07,270.07,stop,-1.0,-0.01903308997130515,0.01903308997130511
2025-03-06,-1,266.65,272.118,272.118,stop,-1.0,-0.02050628164260271,0.020506281642602733
2025-03-07,1,264.8979,258.97,258.97,stop,-1.0,-0.022378055847177225,0.022378055847177218
2025-03-10,-1,247.1412,253.37,222.06,close,4.0266503981505215,0.10148530475695672,0.025203405988155788
2025-03-11,1,226.0,222.0,222.0,stop,-1.0,-0.017699115044247815,0.017699115044247787
2025-03-12,1,248.48,244.3,244.3,stop,-1.0,-0.0168222794591113,0.01682227945911131
2025-03-13,-1,243.53,248.29,240.69,close,0.5966386554621868,0.011661807580174988,0.019545846507617093
2025-03-14,1,249.54,246.111,246.111,stop,-1.0,-0.013741283962490969,0.013741283962490991
2025-03-17,-1,239.3001,245.4,237.8,close,0.24592206429613112,0.006268697756498964,0.02549058692411754
2025-03-18,-1,227.08,230.1,225.48,close,0.529801324503322,0.007045974986788939,0.013299277787563773
2025-03-19,-1,230.2801,234.13,234.13,stop,-1.0,-0.016718335626916936,0.01671833562691692
2025-03-20,1,235.9,232.13,232.13,stop,-1.0,-0.01598134802882578,0.015981348028825816
2025-03-21,1,241.83,234.55,249.115,close,1.0006868131868125,0.03012446760120735,0.030103791919943765
2025-03-24,1,262.77,256.33,278.45,close,2.434782608695654,0.059671956463827724,0.024508124976214934
2025-03-25,-1,277.02,283.6,283.6,stop,-1.0,-0.023752797631940048,0.023752797631940083
2025-03-26,-1,280.5,283.92,283.92,stop,-1.0,-0.01219251336898397,0.012192513368984014
2025-03-27,1,276.87,271.8216,273.24,close,-0.7190396957451836,-0.013110846245530383,0.018233828150395547
2025-03-28,1,275.59,268.84,268.84,stop,-1.0,-0.02449290612866939,0.024492906128669403
2025-03-31,-1,243.66,250.88,250.88,stop,-1.0,-0.02963145366494291,0.02963145366494295
2025-04-01,-1,261.63,268.12,268.12,stop,-1.0,-0.02480602377403196,0.024806023774032064
2025-04-02,1,254.99,251.27,282.67,close,7.4408602150537675,0.10855327659908243,0.014588807404211925
2025-04-03,1,272.93,264.0,264.0,stop,-1.0,-0.03271901220093065,0.03271901220093067
2025-04-04,-1,255.0,261.0,239.34,close,2.6099999999999994,0.06141176470588239,0.023529411764705882
2025-04-07,-1,220.54,225.5671,225.5671,stop,-1.0,-0.022794504398295112,0.022794504398295178
2025-04-08,-1,244.14,248.86,248.86,stop,-1.0,-0.01933316949291397,0.019333169492914016
2025-04-09,1,229.27,223.88,272.0,close,7.927643784786619,0.18637414402233166,0.023509399398089652
2025-04-10,-1,256.6,262.49,252.4,close,0.7130730050933831,0.016367887763055422,0.02295401402961803
2025-04-11,1,255.0,251.29,251.29,stop,-1.0,-0.014549019607843161,0.014549019607843168
2025-04-14,-1,258.0,261.8,252.36,close,1.4842105263157814,0.021860465116279038,0.01472868217054268
2025-04-15,1,251.2,247.54,254.12,close,0.7978142076502783,0.011624203821656076,0.014570063694267502
2025-04-16,1,250.84,247.0301,247.0301,stop,-1.0,-0.01518856641683941,0.015188566416839416
2025-04-17,-1,240.7572,243.88,243.88,stop,-1.0,-0.012970743969443088,0.012970743969443007
2025-04-21,-1,228.4001,232.21,227.45,close,0.24937662405837965,0.004159805534235894,0.016680815814003578
2025-04-22,1,233.5499,229.8501,238.15,close,1.2433374777014932,0.01969643318194536,0.015841582462677185
2025-04-23,-1,247.4501,255.1819,255.1819,stop,-1.0,-0.03124589563714064,0.031245895637140666
2025-04-24,1,253.5999,249.2,259.51,close,1.3432350735243976,0.023304819915149766,0.017349770248332126
2025-04-25,1,263.66,259.63,284.875,close,5.264267990074397,0.08046347568838641,0.015284836531897251
2025-04-28,1,291.0,286.18,286.18,stop,-1.0,-0.016563573883161542,0.01656357388316149
2025-04-29,-1,284.5,288.0,288.0,stop,-1.0,-0.012302284710017597,0.012302284710017574
2025-04-30,-1,276.6,280.44,280.44,stop,-1.0,-0.013882863340563878,0.0138828633405639
2025-05-01,1,286.5,279.92,279.92,stop,-1.0,-0.02296684118673642,0.02296684118673642
2025-05-02,-1,283.88,287.94,287.94,stop,-1.0,-0.014301817669437833,0.014301817669437798
2025-05-05,-1,280.6,284.849,280.21,close,0.09178630265946017,0.001389878831076441,0.015142551674982062
2025-05-06,1,275.62,271.35,275.23,close,-0.09133489461358034,-0.0014149916551773334,0.01549234453232705
2025-05-07,-1,275.29,277.92,276.17,close,-0.33460076045627263,-0.003196629009408314,0.009553561698572396
2025-05-08,1,285.56,279.41,284.89,close,-0.1089430894308973,-0.002346266984171508,0.021536629780081164
2025-05-09,1,297.68,290.0,298.1017,close,0.05490885416666494,0.0014166218758397964,0.025799516259070166
2025-05-12,-1,313.84,322.21,318.62,close,-0.5710872162485098,-0.01523069079785877,0.026669640581187884
2025-05-13,1,321.5799,316.8,333.93,close,2.5837569823636484,0.03840445251708835,0.014863802121960973
2025-05-14,1,343.12,337.14,337.14,stop,-1.0,-0.01742830496619263,0.01742830496619264
2025-05-15,1,341.9799,338.1,338.1,stop,-1.0,-0.011345403633371332,0.01134540363337133
2025-05-16,1,349.6499,345.5,345.5,stop,-1.0,-0.011868729263185829,0.01186872926318584
2025-05-19,1,338.7399,333.37,341.93,close,0.5940706530847959,0.009417550161643362,0.01585257597348282
2025-05-20,1,353.64,347.37,347.37,stop,-1.0,-0.017729894808279578,0.017729894808279554
2025-05-21,1,345.46,342.25,342.25,stop,-1.0,-0.009291958548022894,0.009291958548022868
2025-05-22,1,335.55,331.39,340.98,close,1.3052884615384552,0.016182387125614595,0.01239755625093138
2025-05-23,1,338.0,333.21,339.39,close,0.29018789144049695,0.004112426035502992,0.014171597633136156
2025-05-27,1,353.44,347.32,362.75,close,1.5212418300653587,0.02634110457220462,0.017315527387958364
2025-05-28,-1,360.55,365.0,356.92,close,0.8157303370786527,0.010067951740396652,0.012342254888364965
2025-05-29,-1,363.7771,367.71,358.38,close,1.3722952528668608,0.014836282987576777,0.010811290760193428
2025-05-30,-1,355.15,357.35,357.35,stop,-1.0,-0.006194565676474806,0.006194565676474857
2025-06-02,1,347.4337,342.23,342.23,stop,-1.0,-0.014977533843147595,0.01497753384314754
2025-06-03,-1,344.5306,348.66,348.66,stop,-1.0,-0.011985582702958908,0.011985582702958844
2025-06-04,-1,341.64,345.6,332.21,close,2.381313131313111,0.027602154314483096,0.011591148577450054
2025-06-05,-1,317.25,324.5499,284.7317,close,4.4546226660639325,0.10250055161544525,0.02300992907801412
2025-06-06,-1,295.8235,302.55,302.55,stop,-1.0,-0.022738220594374692,0.02273822059437464
2025-06-09,1,286.42,281.85,308.6573,close,4.86592997811817,0.07763878220794629,0.015955589693457135
2025-06-10,-1,311.9,315.84,315.84,stop,-1.0,-0.01263225392754097,0.012632253927540872
2025-06-11,-1,332.16,335.5,326.49,close,1.697604790419179,0.01707008670520238,0.010055394990366012
2025-06-12,1,325.3299,322.77,322.77,stop,-1.0,-0.007868628121792787,0.007868628121792762
2025-06-13,1,317.5,313.3,325.35,close,1.8690476190476295,0.02472440944881904,0.013228346456692878
2025-06-16,-1,326.8,332.05,329.12,close,-0.4419047619047606,-0.007099143206854341,0.016064871481028153
2025-06-17,-1,324.17,327.26,316.28,close,2.553398058252462,0.024339081346207325,0.009532035660301617
2025-06-18,1,317.5,315.45,322.095,close,2.241463414634147,0.014472440944881981,0.006456692913385863
2025-06-20,-1,327.0001,332.36,322.17,close,0.9011548722923793,0.0147709434951242,0.01639112648589416
2025-06-23,1,336.88,327.48,348.71,close,1.2585106382978737,0.03511636190928513,0.02790311090002368
2025-06-24,-1,347.8,356.26,340.4807,close,0.8651654846335717,0.02104456584243819,0.024324324324324263
2025-06-25,-1,338.21,343.0,327.59,close,2.217118997912309,0.03140060908902753,0.014162798261435265
2025-06-26,-1,324.52,331.05,325.77,close,-0.19142419601837585,-0.0038518427215579187,0.02012202637741905
2025-06-27,1,324.51,320.07,320.07,stop,-1.0,-0.01368216695941571,0.013682166959415728
2025-06-30,-1,319.2301,325.5799,317.63,close,0.2519921887303527,0.005012371953647232,0.019890981458202145
2025-07-01,1,298.66,293.21,300.71,close,0.3761467889908142,0.006863992499832383,0.018248175182481903
2025-07-02,-1,307.45,313.0,313.0,stop,-1.0,-0.0180517157261344,0.018051715726134367
2025-07-07,-1,289.46,294.7089,294.7089,stop,-1.0,-0.018133420852622262,0.018133420852622293
2025-07-08,-1,296.3,300.37,300.37,stop,-1.0,-0.013736078299021237,0.013736078299021239
2025-07-09,1,299.86,296.13,296.13,stop,-1.0,-0.012439138264523475,0.012439138264523504
2025-07-10,1,305.67,300.0,309.94,close,0.7530864197530811,0.013969313311741338,0.018549416036902595
2025-07-11,-1,306.42,308.71,308.71,stop,-1.0,-0.007473402519417638,0.0074734025194176735
2025-07-14,-1,316.29,322.5986,316.91,close,-0.09827854040516262,-0.00196022637452975,0.019945619526383875
2025-07-15,-1,317.75,321.2,310.66,close,2.0550724637681155,0.022313139260424775,0.010857592446892175
2025-07-16,1,315.63,312.62,321.68,close,2.0099667774086476,0.019168013179989174,0.009536482590374777
2025-07-17,-1,321.76,324.0,324.0,stop,-1.0,-0.00696171059174544,0.006961710591745429
2025-07-18,1,325.56,321.42,329.55,close,0.9637681159420344,0.01225580538149651,0.01271654994471061
2025-07-21,-1,332.7201,338.0,328.53,close,0.7935945756548478,0.012593468203453972,0.015868894004299704
2025-07-22,-1,327.33,330.47,330.47,stop,-1.0,-0.009592765710445317,0.009592765710445249
2025-07-23,1,331.52,329.01,329.01,stop,-1.0,-0.0075711872586872175,0.007571187258687231
2025-07-24,-1,301.0,310.15,305.07,close,-0.4448087431693993,-0.013521594684385407,0.03039867109634544
2025-07-25,1,311.51,308.01,316.105,close,1.3128571428571507,0.014750730313633609,0.0112355943629418
2025-07-28,1,319.35,315.69,325.54,close,1.6912568306010807,0.019383121966494388,0.011460779708783543
2025-07-29,-1,321.9,326.25,321.4,close,0.11494252873563159,0.001553277415346388,0.013513513513513585
2025-07-30,-1,321.95,324.4499,319.09,close,1.1440457618304671,0.008883366982450736,0.007764870321478569
2025-07-31,1,320.27,318.6,318.6,stop,-1.0,-0.0052143503918566925,0.005214350391856744
2025-08-01,-1,303.5114,308.7599,308.7599,stop,-1.0,-0.017292595928851462,0.017292595928851556
2025-08-04,1,309.1,305.5501,305.5501,stop,-1.0,-0.011484632804917627,0.01148463280491762
2025-08-05,1,310.0,305.5,308.68,close,-0.29333333333333184,-0.004258064516128979,0.014516129032258065
2025-08-06,1,311.46,306.9345,319.96,close,1.8782454977350713,0.02729082386181214,0.014529955692544679
2025-08-07,1,321.84,318.1,318.1,stop,-1.0,-0.011620681083768236,0.011620681083768184
2025-08-08,1,326.6455,320.98,329.6764,close,0.5349748477627693,0.009278866538801056,0.017344491199174666
2025-08-11,1,341.41,334.15,339.127,close,-0.3144628099173554,-0.006686974605313312,0.021264754986673053
2025-08-12,-1,341.53,345.26,340.71,close,0.2198391420911499,0.0024009603841536054,0.010921441747430734
2025-08-13,1,346.59,340.24,340.24,stop,-1.0,-0.018321359531434767,0.01832135953143474
2025-08-14,1,337.96,334.8067,334.8067,stop,-1.0,-0.009330394129482777,0.009330394129482784
2025-08-15,-1,336.7501,339.3,330.6,close,2.4118985058237046,0.018263097768938863,0.007572083868720564
2025-08-18,1,333.68,329.59,335.15,close,0.35941320293397533,0.004405418364900493,0.012257252457444353
2025-08-19,-1,333.9101,337.37,337.37,stop,-1.0,-0.01036177102759095,0.010361771027590973
2025-08-20,-1,327.51,331.37,323.915,close,0.9313471502590565,0.010976764068272638,0.011785899667185776
2025-08-21,1,323.9583,321.58,321.58,stop,-1.0,-0.007341376961170654,0.007341376961170694
2025-08-22,1,322.6,319.69,340.01,close,5.9828178694157454,0.053967761934283764,0.009020458772473728
2025-08-25,-1,336.63,341.46,341.46,stop,-1.0,-0.014348097317529618,0.014348097317529585
2025-08-26,1,348.7,344.3,344.3,stop,-1.0,-0.012618296529968376,0.01261829652996839
2025-08-27,1,354.66,351.7,351.7,stop,-1.0,-0.008346021541758453,0.008346021541758406
2025-08-28,-1,350.71,353.55,345.9,close,1.6936619718309678,0.013715035214279636,0.008097858629637113
2025-08-29,-1,346.2673,348.7499,334.0,close,4.941311528236422,0.03542725518696099,0.007169605677463762
2025-09-02,1,328.88,325.6,329.37,close,0.14939024390244304,0.0014899051325711898,0.009973242520068027
2025-09-03,-1,330.76,335.2,335.2,stop,-1.0,-0.013423630426895539,0.013423630426895627
2025-09-04,-1,334.14,337.64,337.64,stop,-1.0,-0.010474651343748143,0.01047465134374813
2025-09-05,1,353.01,347.57,347.57,stop,-1.0,-0.015410328319311106,0.015410328319311061
2025-09-08,-1,353.83,358.44,346.4,close,1.6117136659435976,0.020998784727128905,0.01302885566514997
2025-09-09,1,350.2,346.8501,346.8501,stop,-1.0,-0.009565676756139285,0.009565676756139323
2025-09-10,-1,348.33,352.2,352.2,stop,-1.0,-0.011110154164154729,0.011110154164154694
2025-09-11,1,350.45,348.2501,348.2501,stop,-1.0,-0.006277357682979101,0.006277357682979066
2025-09-12,1,374.71,370.24,396.0,close,4.762863534675652,0.05681727202369835,0.011929225267540153
2025-09-15,-1,418.93,425.7,410.14,close,1.2983751846381157,0.02098202563674123,0.016160217697467314
2025-09-16,-1,413.17,417.0,417.0,stop,-1.0,-0.009269792095263352,0.009269792095263412
2025-09-17,-1,413.12,417.2,417.2,stop,-1.0,-0.00987606506584049,0.009876065065840395
2025-09-18,-1,426.55,431.55,431.55,stop,-1.0,-0.011721955222131042,0.01172195522213105
2025-09-19,1,425.51,421.72,425.87,close,0.09498680738786731,0.0008460435712438485,0.008906958708373396
2025-09-22,1,435.55,429.13,434.0,close,-0.24143302180685475,-0.003558718861209953,0.014739983928366469
2025-09-23,-1,434.8901,440.97,425.83,close,1.4901725357324989,0.020833079437770685,0.013980313647057058
2025-09-24,1,433.25,429.0301,442.77,close,2.2559776298016523,0.02197345643392956,0.009740103866128091
2025-09-25,-1,426.63,435.35,423.21,close,0.3922018348623859,0.008016313901975991,0.020439256498605413
2025-09-26,1,433.19,426.3,426.3,stop,-1.0,-0.015905260970936475,0.01590526097093651
2025-09-29,-1,443.0,450.98,443.22,close,-0.027568922305767768,-0.0004966139954853954,0.01801354401805873
2025-09-30,-1,439.1101,443.5799,443.5799,stop,-1.0,-0.010179223843860719,0.01017922384386062
2025-10-01,1,446.1431,440.75,459.47,close,2.4711019636201836,0.029871357418729705,0.01208827391928734
2025-10-02,-1,465.35,470.75,435.97,close,5.440740740740763,0.06313527452455137,0.011604168905125126
2025-10-03,-1,441.0,446.77,429.84,close,1.934142114384759,0.025306122448979673,0.013083900226757329
2025-10-06,-1,438.99,447.1,447.1,stop,-1.0,-0.018474224925396854,0.018474224925396965
2025-10-07,1,448.025,442.29,442.29,stop,-1.0,-0.012800624965124574,0.012800624965124617
2025-10-08,-1,428.0593,437.8,437.8,stop,-1.0,-0.02275549205448879,0.02275549205448872
2025-10-09,1,433.07,429.28,429.28,stop,-1.0,-0.008751472048398656,0.00875147204839869
2025-10-10,1,440.34,435.88,435.88,stop,-1.0,-0.010128537039560292,0.010128537039560294
2025-10-13,-1,421.35,426.51,426.51,stop,-1.0,-0.012246351014595813,0.012246351014595865
2025-10-14,-1,421.51,426.83,426.83,stop,-1.0,-0.012621290123603135,0.01262129012360322
2025-10-15,-1,431.85,438.806,438.806,stop,-1.0,-0.016107444714599906,0.016107444714599885
2025-10-16,1,436.3,432.75,432.75,stop,-1.0,-0.008136603254641273,0.008136603254641328
2025-10-17,1,429.49,423.6,439.27,close,1.6604414261460094,0.02277119374141412,0.0137139397890521
2025-10-20,1,445.8599,441.1101,441.1101,stop,-1.0,-0.010653122202736731,0.010653122202736764
2025-10-21,1,447.1699,444.43,444.43,stop,-1.0,-0.006127201316546538,0.006127201316546524
2025-10-22,-1,441.2,445.539,438.72,close,0.5715602673426969,0.0056210335448775295,0.009834542157751584
2025-10-23,-1,413.92,420.4,420.4,stop,-1.0,-0.01565519907228441,0.015655199072284406
2025-10-24,-1,443.0,451.68,433.65,close,1.0771889400921677,0.02110609480812642,0.019593679458239293
2025-10-27,1,444.4599,438.69,452.35,close,1.3674587081231926,0.017752107670455874,0.012981823557085818
2025-10-28,1,454.85,451.6,460.55,close,1.7538461538461503,0.012531603825436832,0.007145212707485984
2025-10-29,-1,461.35,464.1559,464.1559,stop,-1.0,-0.006081933456161259,0.00608193345616116
2025-10-30,-1,449.01,454.5,454.5,stop,-1.0,-0.012226899178191974,0.012226899178192042
2025-10-31,1,449.75,446.37,446.37,stop,-1.0,-0.007515286270150079,0.007515286270150074
2025-11-03,1,457.33,453.8,468.36,close,3.124645892351307,0.024118251590755202,0.007718715150985006
2025-11-04,-1,448.79,455.3299,455.3299,stop,-1.0,-0.014572294391586249,0.014572294391586239
2025-11-05,-1,447.0628,455.41,455.41,stop,-1.0,-0.01867120234562125,0.01867120234562134
2025-11-06,1,462.3,457.85,457.85,stop,-1.0,-0.009625784122863967,0.009625784122863917
2025-11-07,-1,427.55,438.02,438.02,stop,-1.0,-0.024488363934042745,0.02448836393404273
2025-11-10,-1,435.5,443.38,443.38,stop,-1.0,-0.018094144661308764,0.01809414466130883
2025-11-11,1,441.56,437.1,437.1,stop,-1.0,-0.01010055258628495,0.010100552586284943
2025-11-12,-1,437.15,442.329,430.57,close,1.2705155435412137,0.015052041633306645,0.011847192039345833
2025-11-13,-1,420.59,424.5,401.94,close,4.769820971866971,0.0443424712903302,0.009296464490358841
2025-11-14,1,391.105,382.78,404.32,close,1.5873873873873756,0.033788880223980744,0.021285843954948275
2025-11-17,1,405.99,398.74,408.91,close,0.40275862068965734,0.007192295376733382,0.01785758269908126
2025-11-18,-1,403.2001,408.9,401.26,close,0.34037439253321006,0.004811754758989428,0.014136653239917243
2025-11-19,-1,403.11,406.53,406.53,stop,-1.0,-0.008484036615315826,0.008484036615315818
2025-11-20,1,420.24,414.63,414.63,stop,-1.0,-0.013349514563106846,0.013349514563106828
2025-11-21,-1,397.0,402.8,391.2,close,1.0,0.014609571788413156,0.014609571788413126
2025-11-24,1,409.76,401.09,417.52,close,0.8950403690888094,0.01893791487700125,0.021158727059742328
2025-11-25,-1,411.1,415.19,415.19,stop,-1.0,-0.009948917538311841,0.009948917538311786
2025-11-26,-1,421.07,425.52,425.52,stop,-1.0,-0.01056831405704517,0.010568314057045121
2025-12-01,1,429.39,425.29,430.26,close,0.2121951219512224,0.002026130091525191,0.009548429166957698
2025-12-02,1,432.4899,428.85,428.85,stop,-1.0,-0.008416150296226443,0.008416150296226466
2025-12-03,1,437.45,431.11,446.88,close,1.4873817034700385,0.021556749342781956,0.014493084923991257
2025-12-04,1,450.88,445.85,445.85,stop,-1.0,-0.011155961674946702,0.01115596167494671
2025-12-05,1,456.0845,452.97,452.97,stop,-1.0,-0.0068287784390830275,0.00682877843908303
2025-12-08,-1,445.82,449.7463,439.58,close,1.5892825306267906,0.013996680274550255,0.008806917590058827
2025-12-09,1,439.27,435.7,445.21,close,1.66386554621849,0.013522434948892492,0.008127119994536375
2025-12-10,1,449.74,444.27,444.27,stop,-1.0,-0.01216258282563265,0.012162582825632649
2025-12-11,-1,445.8902,449.2699,446.94,close,-0.3106192857354204,-0.002354391282876289,0.007579668716648211
2025-12-12,1,453.4,447.98,447.98,stop,-1.0,-0.011954124393471433,0.011954124393471459
2025-12-15,1,478.19,467.66,475.07,close,-0.2962962962962975,-0.0065246031912001845,0.022020535770300453
2025-12-16,1,473.49,465.83,489.8,close,2.1292428198433355,0.034446345223764,0.016177743986145483
2025-12-17,-1,487.17,495.2799,467.2,close,2.4624224713005183,0.04099185089393853,0.01664696101976719
2025-12-18,-1,475.79,482.325,482.325,stop,-1.0,-0.013735051178040747,0.013735051178040665
2025-12-19,-1,484.8,490.49,480.91,close,0.6836555360281173,0.008023927392739272,0.011736798679867981
2025-12-22,1,496.59,487.63,487.63,stop,-1.0,-0.018043053625727445,0.01804305362572742
2025-12-23,-1,487.59,491.97,485.61,close,0.4520547945205337,0.004060788777456414,0.008982956992555328
2025-12-26,1,487.62,484.694,484.694,stop,-1.0,-0.0060005742176284516,0.006000574217628456
2025-12-29,-1,463.69,469.4,459.62,close,0.7127845884413324,0.008777415945998346,0.012314261683452262
2025-12-30,-1,456.01,462.0,462.0,stop,-1.0,-0.013135676849191924,0.013135676849191924
2025-12-31,-1,452.62,456.55,449.55,close,0.7811704834605567,0.006782731651274743,0.008682780257169384
2026-01-02,-1,453.32,458.34,438.1,close,3.0318725099601647,0.03357451689755575,0.011073855113385649
2026-01-05,1,451.1,444.57,451.69,close,0.09035222052066957,0.0013079139880292079,0.01447572600310359
2026-01-06,-1,439.46,448.25,432.95,close,0.740614334470987,0.014813634915578189,0.020001820415965096
2026-01-07,1,435.92,431.6,431.6,stop,-1.0,-0.009910075243163896,0.009910075243163867
2026-01-08,1,430.69,424.365,435.85,close,0.8158102766798473,0.011980775035408397,0.014685736840883208
2026-01-09,1,436.01,430.39,445.06,close,1.6103202846975095,0.02075640466961759,0.01288961262356369
2026-01-12,1,443.58,438.0,448.93,close,0.9587813620071752,0.012060958564407809,0.012579467063438352
2026-01-13,-1,448.19,451.66,451.66,stop,-1.0,-0.007742252169838704,0.007742252169838745
2026-01-14,-1,439.01,443.0,443.0,stop,-1.0,-0.00908863123846837,0.009088631238468392
2026-01-15,-1,440.9,444.71,444.71,stop,-1.0,-0.008641415286913201,0.008641415286913139
2026-01-16,1,443.84,439.22,439.22,stop,-1.0,-0.010409156452775625,0.010409156452775658
2026-01-20,-1,424.5,430.725,419.25,close,0.8433734939759006,0.012367491166077715,0.014664310954063658
2026-01-21,1,423.25,419.6201,431.46,close,2.26177029670237,0.019397519196692192,0.008576255168340274
2026-01-22,-1,433.3,435.55,435.55,stop,-1.0,-0.005192707131317809,0.005192707131317794
2026-01-23,-1,444.6,449.98,449.98,stop,-1.0,-0.012100764732343672,0.012100764732343668
2026-01-26,-1,439.6,445.04,435.2,close,0.8088235294117713,0.010009099181073733,0.012374886260236573
2026-01-27,-1,433.16,437.52,430.91,close,0.5160550458715647,0.005194385446486316,0.010065564687413327
2026-01-28,1,434.46,431.2,431.2,stop,-1.0,-0.007503567647194176,0.007503567647194198
2026-01-29,-1,428.77,440.2299,416.44,close,1.0759256188971962,0.02875667607341925,0.02672738297921964
2026-01-30,-1,423.5,430.0,430.0,stop,-1.0,-0.015348288075560879,0.015348288075560802
2026-02-02,1,421.7,414.5,421.785,close,0.011805555555560628,0.00020156509366864306,0.017073749110742206
2026-02-03,1,425.19,420.75,420.75,stop,-1.0,-0.01044239046073514,0.010442390460735196
2026-02-04,1,420.99,417.51,417.51,stop,-1.0,-0.008266229601653241,0.00826622960165329
2026-02-05,1,398.57,392.84,392.84,stop,-1.0,-0.014376395614321247,0.014376395614321243
2026-02-06,1,402.97,397.751,411.03,close,1.5443571565433736,0.02000148894458631,0.01295133632776646
2026-02-09,1,411.18,407.29,417.16,close,1.5372750642673623,0.014543508925531468,0.00946057687630718
2026-02-10,1,423.93,417.0,425.12,close,0.1717171717171712,0.002807067204491309,0.01634703842615528
2026-02-11,1,435.84,427.955,427.955,stop,-1.0,-0.01809150146842875,0.01809150146842876
2026-02-12,1,434.85,429.71,429.71,stop,-1.0,-0.011820167873979659,0.011820167873979631
2026-02-13,-1,412.41,417.7,417.7,stop,-1.0,-0.012827041051380883,0.012827041051380819
2026-02-17,-1,407.41,413.72,410.67,close,-0.516640253565767,-0.008001767261480941,0.015488083257652002
2026-02-18,-1,409.73,414.0972,414.0972,stop,-1.0,-0.010658726478412595,0.010658726478412536
2026-02-19,-1,404.46,407.43,407.43,stop,-1.0,-0.00734312416555416,0.00734312416555414
2026-02-20,1,408.87,405.5,411.78,close,0.8635014836795146,0.007117176608701925,0.008242228581211644
2026-02-23,-1,404.45,407.7,399.85,close,1.4153846153846048,0.01137347014464074,0.008035603906539745
2026-02-24,1,401.52,397.64,409.36,close,2.0206185567010415,0.019525801952580357,0.009663279537756515
2026-02-25,1,419.565,412.15,417.39,close,-0.2933243425488881,-0.005183940509813745,0.017673066151847796
2026-02-26,-1,410.92,416.81,408.5,close,0.41086587436333133,0.005889224179889019,0.014333690256010868
2026-02-27,1,404.5,400.9,400.9,stop,-1.0,-0.008899876390605743,0.008899876390605741
2026-03-02,1,393.9699,388.25,403.235,close,1.6198010454728273,0.023517278858105728,0.014518621854106102
2026-03-03,-1,392.625,396.34,392.35,close,0.07402422611035776,0.0007004138809295624,0.009461954791467622
2026-03-04,1,403.47,394.58,406.06,close,0.2913385826771611,0.0064193124643714405,0.02203385629662687
2026-03-05,1,404.88,400.3,400.3,stop,-1.0,-0.011311993677138865,0.011311993677138867
2026-03-06,-1,395.39,398.27,398.27,stop,-1.0,-0.007283947494878484,0.0072839474948784635
2026-03-09,-1,389.502,392.99,392.99,stop,-1.0,-0.008955024621182917,0.008955024621182944
2026-03-10,1,405.6,401.12,401.12,stop,-1.0,-0.01104536489151875,0.011045364891518783
2026-03-11,1,409.64,402.15,407.86,close,-0.23765020026701877,-0.004345278781368922,0.018284347231715677
2026-03-12,1,406.44,403.2,403.2,stop,-1.0,-0.00797165633303809,0.00797165633303811
2026-03-13,-1,396.59,400.2,391.17,close,1.5013850415512295,0.01366650697193561,0.009102599662119605
2026-03-16,1,399.99,394.976,394.976,stop,-1.0,-0.012535313382834645,0.012535313382834595
2026-03-17,1,396.59,393.0,399.22,close,0.7325905292479306,0.006631533825865565,0.009052169747093913
2026-03-18,1,401.54,398.06,398.06,stop,-1.0,-0.008666633461174578,0.008666633461174524
2026-03-19,-1,380.65,387.27,380.24,close,0.061933534743197564,0.0010771049520555964,0.0173913043478261
2026-03-20,-1,374.3601,379.89,367.97,close,1.1555543499882392,0.017069393880384087,0.01477160626893731
2026-03-23,1,377.14,372.73,380.85,close,0.8412698412698556,0.009837195736331461,0.011693270403563579
2026-03-24,1,383.26,376.31,383.11,close,-0.021582733812946404,-0.00039137922037257855,0.018133903877263446
2026-03-25,1,394.38,389.28,389.28,stop,-1.0,-0.01293169024798424,0.012931690247984235
2026-03-26,-1,381.3101,383.3798,383.3798,stop,-1.0,-0.005427865666291165,0.005427865666291063
2026-03-27,-1,365.41,369.86,361.76,close,0.8202247191011334,0.00998877972688228,0.012178101310856266
2026-03-30,-1,363.0,367.29,355.28,close,1.7995337995337972,0.02126721763085404,0.011818181818181875
2026-03-31,1,364.66,361.0,371.75,close,1.937158469945335,0.01944276860637295,0.010036746558438066
2026-04-01,-1,375.11,379.14,379.14,stop,-1.0,-0.010743515235530854,0.010743515235530838
2026-04-02,1,367.5,363.65,363.65,stop,-1.0,-0.010476190476190528,0.010476190476190538
2026-04-06,1,367.6483,361.4424,361.4424,stop,-1.0,-0.016879991013150297,0.0168799910131503
2026-04-07,-1,344.88,348.02,346.56,close,-0.5350318471337625,-0.004871259568545616,0.009104616098353011
2026-04-08,-1,353.36,364.5,343.24,close,0.9084380610412942,0.028639347973737794,0.031525922571881325
2026-04-09,1,344.12,342.04,342.04,stop,-1.0,-0.006044403115192276,0.006044403115192328
2026-04-10,-1,344.95,350.36,348.895,close,-0.7292051756007347,-0.01143644006377742,0.015683432381504638
2026-04-13,-1,348.76,350.59,350.59,stop,-1.0,-0.00524716137171688,0.005247161371716894
2026-04-14,1,361.3,354.77,364.16,close,0.4379785604900461,0.007915859396623315,0.01807362302795469
2026-04-15,1,366.84,362.5,392.03,close,5.804147465437821,0.0686675389815723,0.011830770908297828
2026-04-16,-1,388.7513,394.06,388.79,close,-0.007289920319476674,-9.954950632962145e-05,0.01365577427007958
2026-04-17,1,399.05,391.65,400.66,close,0.2175675675675684,0.004034582132564912,0.018544042099987557
2026-04-20,-1,401.29,406.8,392.46,close,1.602540834845745,0.022004036980737274,0.013730718433053379
2026-04-21,1,393.38,389.08,389.08,stop,-1.0,-0.01093090650261841,0.010930906502618363
2026-04-22,1,389.9,385.3,387.2,close,-0.5869565217391323,-0.006924852526288716,0.011797896896640077
2026-04-23,1,380.0,371.2,371.2,stop,-1.0,-0.023157894736842155,0.023157894736842134
2026-04-24,1,377.5199,370.73,376.16,close,-0.20028277294216176,-0.003602194215457155,0.017985541954212186
2026-04-27,-1,367.07,372.17,372.17,stop,-1.0,-0.013893807720598339,0.013893807720598313
2026-04-28,1,378.88,372.54,375.94,close,-0.46372239747634214,-0.007759712837837829,0.01673353040540534
2026-04-29,-1,373.5101,376.4,372.79,close,0.2491781722551,0.0019279264469689306,0.00773714017371941
2026-04-30,-1,369.82,373.05,373.05,stop,-1.0,-0.00873397869233683,0.008733978692336861
2026-05-01,-1,381.73,387.3999,387.3999,stop,-1.0,-0.014853168469860956,0.014853168469860855
2026-05-04,-1,387.84,392.36,392.36,stop,-1.0,-0.01165429042904309,0.011654290429043005
2026-05-05,1,400.6,393.9,393.9,stop,-1.0,-0.01672491263105358,0.016724912631053534
2026-05-06,1,388.0101,384.02,398.51,close,2.6314879326332323,0.027060893517977913,0.01028349519767666
2026-05-07,1,412.42,406.91,406.91,stop,-1.0,-0.013360166820231778,0.01336016682023178
2026-05-08,1,422.4,416.39,428.32,close,0.9850249584026664,0.014015151515151647,0.014228219696969677
2026-05-11,-1,421.51,425.7,425.7,stop,-1.0,-0.00994045218381534,0.009940452183815325
2026-05-12,-1,439.5,444.88,444.88,stop,-1.0,-0.012241183162684965,0.01224118316268486
2026-05-13,-1,435.0001,439.7986,439.7986,stop,-1.0,-0.01103103194688937,0.011031031946889315
2026-05-14,-1,443.21,447.0,447.0,stop,-1.0,-0.008551251099930157,0.008551251099930102
2026-05-15,-1,428.22,434.66,422.21,close,0.933229813664604,0.014034841903694528,0.015038998645556016
2026-05-18,-1,417.29,421.13,410.07,close,1.8802083333333526,0.017302116034412562,0.009202233458745657
2026-05-20,1,411.5,406.88,406.88,stop,-1.0,-0.011227217496962316,0.011227217496962344
2026-05-21,1,426.14,420.6,420.6,stop,-1.0,-0.013000422396395428,0.013000422396395466
2026-05-22,1,427.19,422.5,422.5,stop,-1.0,-0.010978721412018055,0.010978721412018066
2026-05-26,-1,429.98,433.67,433.67,stop,-1.0,-0.008581794502069862,0.008581794502069858
2026-05-27,1,444.7,440.75,440.75,stop,-1.0,-0.008882392624241064,0.008882392624241037
2026-05-28,1,440.9594,436.3,442.1,close,0.2447954672275411,0.002586632692261448,0.010566505669229424
2026-05-29,-1,436.68,440.69,440.69,stop,-1.0,-0.009182925712192036,0.009182925712191974
2026-06-01,-1,423.6,429.6,415.75,close,1.3083333333333371,0.01853163361661947,0.014164305949008497
2026-06-02,1,419.4927,413.65,423.74,close,0.7269413113800074,0.010124848418101129,0.013928013526814735
2026-06-03,1,420.75,416.0,423.759,close,0.6334736842105294,0.007151515151515131,0.0112893642305407
2026-06-04,1,424.66,418.04,418.04,stop,-1.0,-0.015588941741628615,0.015588941741628606
2026-06-05,-1,419.2701,424.6799,390.81,close,5.260841435912643,0.06788010878905992,0.01290289958668639
2026-06-08,1,400.07,394.72,409.05,close,1.6785046728972104,0.022446071937411105,0.013372659784537621
2026-06-09,1,416.4506,410.81,410.81,stop,-1.0,-0.013544463617053304,0.013544463617053274
2026-06-10,1,394.5,391.091,391.091,stop,-1.0,-0.008641318124207875,0.008641318124207837
2026-06-11,-1,381.08,388.4,388.4,stop,-1.0,-0.019208565130681254,0.019208565130681206
2026-06-12,1,403.44,396.55,396.55,stop,-1.0,-0.017078128098354073,0.01707812809835412
2026-06-15,-1,409.8,416.0,411.24,close,-0.2322580645161291,-0.0035139092240117353,0.015129331381161515
2026-06-16,1,404.44,400.54,404.67,close,0.05897435897436398,0.0005686875679953296,0.009642963109484664
2026-06-17,-1,399.42,403.54,403.54,stop,-1.0,-0.010314956687196508,0.010314956687196446
2026-06-18,-1,391.3797,399.0,399.0,stop,-1.0,-0.019470350659474667,0.01947035065947464
2026-06-22,1,399.5,394.4,405.04,close,1.0862745098039208,0.013867334167709577,0.012765957446808567
2026-06-23,-1,388.58,392.87,381.6,close,1.6270396270396104,0.01796283905502072,0.01104019764269911
2026-06-24,1,383.27,378.6,378.6,stop,-1.0,-0.01218462180708102,0.012184621807081063
2026-06-25,-1,372.5301,379.117,375.12,close,-0.3931895125172683,-0.00695218990358093,0.017681524258039857
2026-06-26,1,371.73,368.6,379.19,close,2.3833865814696455,0.02006832916364032,0.00842008985016005
2026-06-29,1,386.4534,379.3,411.78,close,3.5404982246204697,0.06553597406569578,0.018510381846815107
2026-06-30,1,410.6299,406.0,420.3,close,2.0886196246139113,0.02354942979067043,0.01127511659526016
2026-07-01,-1,419.3301,425.23,425.23,stop,-1.0,-0.014069822318979686,0.01406982231897973
2026-07-02,-1,425.07,432.35,392.8101,close,4.431304945054929,0.07589314701108052,0.017126590914437693
2026-07-06,-1,394.1001,400.66,400.66,stop,-1.0,-0.016645263474939664,0.016645263474939557
2026-07-07,-1,414.54,419.56,402.88,close,2.322709163346627,0.028127563081970397,0.012109808462392005
2026-07-08,-1,395.66,399.63,393.92,close,0.4382871536523985,0.004397715210028852,0.010033867461962215
2026-07-09,1,395.538,390.8631,406.56,close,2.357697490855399,0.027865843484064623,0.01181909197093588
2026-07-10,-1,407.05,412.58,412.58,stop,-1.0,-0.013585554600171967,0.013585554600171901
2026-07-13,-1,399.71,405.57,394.81,close,0.8361774744027245,0.012258887693577747,0.01466062895599313
2026-07-14,-1,396.7,400.82,400.82,stop,-1.0,-0.010385681875472619,0.01038568187547266
2026-07-15,1,404.92,399.395,399.395,stop,-1.0,-0.013644670552207971,0.013644670552207928
2026-07-16,-1,387.2,392.5,392.5,stop,-1.0,-0.013688016528925706,0.013688016528925649
2026-07-17,-1,378.58,383.0,383.0,stop,-1.0,-0.011675207353795791,0.011675207353795805
2026-07-20,-1,381.5,386.61,369.59,close,2.3307240704500964,0.031218872870249048,0.013394495412844072
2026-07-21,1,375.7,369.98,378.89,close,0.5576923076923102,0.00849081714133626,0.01522491349480961
2026-07-22,1,378.31,374.93,374.93,stop,-1.0,-0.008934471729533988,0.008934471729533967
2026-07-23,-1,335.69,342.11,319.345,close,2.545950155763229,0.04869075635258713,0.01912478775060328
2026-07-24,1,322.69,317.5,317.5,stop,-1.0,-0.01608354767733733,0.016083547677337377
2026-07-27,1,315.22,310.84,310.84,stop,-1.0,-0.013895057420214574,0.013895057420214619
2026-07-28,-1,302.6004,307.19,307.19,stop,-1.0,-0.015167197399607035,0.015167197399606936
2026-07-29,-1,304.57,309.06,298.35,close,1.3853006681514384,0.020422234625865898,0.014742095413205532
2026-07-30,1,304.2299,301.33,308.87,close,1.6000896582640831,0.015251952552987058,0.009531936210083239
2026-07-31,1,315.2,308.5,308.5,stop,-1.0,-0.021256345177664948,0.021256345177664938
2026-08-03,1,314.6,310.425,322.095,close,1.7952095808383195,0.023823903369357913,0.013270820089001942
2026-08-04,1,326.72,322.2,322.2,stop,-1.0,-0.01383447600391785,0.013834476003917845
2026-08-05,1,323.88,320.43,320.43,stop,-1.0,-0.010652093367914062,0.010652093367914008
2026-08-06,1,318.57,315.5205,319.53,close,0.31480570585341533,0.0030134664281005197,0.009572464450513126
2026-08-07,1,324.41,321.2508,328.55,close,1.310458343884524,0.012761628803057867,0.009738294133966272
2026-08-10,1,329.43,326.15,330.88,close,0.4420731707316999,0.004401542057493213,0.009956591688674467
2026-08-11,-1,331.46,333.8,333.8,stop,-1.0,-0.007059675375611141,0.00705967537561103
2026-08-12,-1,330.23,335.5,327.45,close,0.5275142314990586,0.00841837507191967,0.01595857432698417
2026-08-13,1,328.77,325.24,340.04,close,3.1926345609065514,0.03427928338960373,0.010736989384676135
2026-08-14,1,345.65,342.01,342.01,stop,-1.0,-0.010530883842036709,0.010530883842036704
2026-08-17,-1,337.65,341.5,341.5,stop,-1.0,-0.011402339700873787,0.011402339700873754
2026-08-18,1,334.6499,331.12,336.84,close,0.620442505453405,0.006544451380382732,0.010548038412681426
2026-08-19,-1,337.58,341.29,341.29,stop,-1.0,-0.010989987558504666,0.01098998755850476
2026-08-20,-1,343.6501,347.5,345.28,close,-0.42336164575702423,-0.004742905647342921,0.011202964876192356
2026-08-21,1,351.5799,346.9,362.88,close,2.4146028761298126,0.032140915905602085,0.013311056746987049
2026-08-24,-1,354.78,363.24,348.94,close,0.6903073286051951,0.016460905349794164,0.023845763571791072
2026-08-25,1,352.16,349.2003,350.14,close,-0.6825016048924013,-0.005736029077692106,0.008404418446160829
2026-08-26,1,345.42,342.53,345.88,close,0.1591695501730009,0.0013317121185802971,0.008366626136297965
2026-08-27,1,348.24,345.45,354.59,close,2.2759856630824085,0.018234550884447476,0.008011716057891168
2026-08-28,1,358.49,354.925,354.925,stop,-1.0,-0.00994448938603587,0.009944489386035866
2026-08-31,1,354.855,347.15,367.92,close,1.6956521739130341,0.03681785518028491,0.021713094080680957
2026-09-01,-1,355.66,362.7,356.12,close,-0.06534090909090652,-0.0012933700725410446,0.019794185458021602
2026-09-02,-1,355.43,360.62,356.99,close,-0.3005780346820815,-0.004389049883239959,0.014602031342317748
2026-09-03,1,373.51,365.82,376.355,close,0.3699609882964926,0.007616931273593863,0.020588471526866745
2026-09-04,-1,358.56,364.69,353.9499,close,0.7520554649265893,0.012857262382864776,0.017096162427487717
2026-09-08,1,362.22,355.75,368.04,close,0.8995363214837664,0.016067583236706984,0.017862072773452673
2026-09-09,-1,367.8301,375.44,367.8,close,0.003955373920814272,8.18312585076919e-05,0.020688627711543946
2026-09-10,1,362.01,357.68,363.61,close,0.3695150115473507,0.00441976740974015,0.011960995552609
2026-09-11,1,366.5,361.6,365.47,close,-0.21020408163264848,-0.0028103683492496367,0.013369713506139093
2026-09-14,-1,359.05,367.73,358.97,close,0.009216589861749312,0.00022281019356629184,0.024174906001949607
2026-09-15,1,360.69,354.6313,354.6313,stop,-1.0,-0.016797526962211262,0.016797526962211283
2026-09-16,1,358.5799,354.8913,358.13,close,-0.12197039527192234,-0.00125467155297887,0.010286689242760143
2026-09-17,-1,366.33,371.29,371.29,stop,-1.0,-0.01353970463789489,0.013539704637894895
2026-09-18,-1,366.4,370.4,370.4,stop,-1.0,-0.01091703056768556,0.01091703056768559
2026-09-21,1,376.51,371.07,375.32,close,-0.21874999999999967,-0.003160606623994089,0.014448487423972797
2026-09-22,-1,374.64,379.25,379.25,stop,-1.0,-0.012305146273756229,0.012305146273756177
2026-09-23,-1,379.88,384.76,384.76,stop,-1.0,-0.012846161945877732,0.012846161945877633
2026-09-24,1,378.7499,376.13,376.13,stop,-1.0,-0.006917229549103565,0.006917229549103589
2026-09-25,-1,370.26,386.83,372.08,close,-0.10983705491852709,-0.004915464808513015,0.044752336196186446
2026-09-28,-1,364.7101,369.43,357.39,close,1.550901502150476,0.020071009823967145,0.012941511628002613
2026-09-29,-1,352.88,358.74,352.9,close,-0.0034129692832733385,-5.6676490591600626e-05,0.01660621174336889
2026-09-30,-1,346.6,352.5,352.5,stop,-1.0,-0.017022504327755206,0.01702250432775527
2026-10-01,-1,355.324,358.4,358.4,stop,-1.0,-0.008656887798178525,0.008656887798178465
2026-10-02,1,368.3864,359.411,370.7,close,0.2577712413931428,0.006280362141490636,0.024364091616845735
