date,side,entry,stop,exit,how,R,ret,risk_pct
2021-10-06,1,125.87,125.08,125.08,stop,-1.0,-0.006276316834829654,0.006276316834829636
2021-10-07,1,129.18,128.6,128.6,stop,-1.0,-0.004489859111317607,0.004489859111317638
2021-10-08,-1,128.175,129.25,127.33,close,0.7860465116279275,0.006592549249073598,0.00838697093817038
2021-10-11,1,127.575,126.6355,126.6355,stop,-1.0,-0.007364295512443775,0.007364295512443735
2021-10-12,1,127.5,126.885,126.885,stop,-1.0,-0.004823529411764671,0.004823529411764666
2021-10-13,1,126.525,126.05,126.05,stop,-1.0,-0.0037541987749457606,0.0037541987749457302
2021-10-14,-1,128.595,129.305,129.305,stop,-1.0,-0.005521210000388965,0.005521210000388879
2021-10-15,-1,130.61,131.3,131.3,stop,-1.0,-0.005282903299900443,0.005282903299900449
2021-10-18,-1,129.855,130.365,130.365,stop,-1.0,-0.003927457548804636,0.003927457548804585
2021-10-19,-1,132.235,132.645,132.645,stop,-1.0,-0.003100540704049637,0.0031005407040495827
2021-10-20,1,133.47,133.38,133.38,stop,-1.0,-0.0006743088334457692,0.0006743088334457437
2021-10-21,1,132.84,132.235,134.815,close,3.264462809917401,0.014867509786208988,0.004554351099066469
2021-10-22,1,135.0,133.955,133.955,stop,-1.0,-0.007740740740740604,0.007740740740740648
2021-10-25,1,134.855,133.89,133.89,stop,-1.0,-0.0071558340439731305,0.0071558340439731825
2021-10-26,1,136.005,135.485,135.485,stop,-1.0,-0.003823388845998199,0.003823388845998175
2021-10-27,1,134.26,133.65,133.845,close,-0.6803278688524624,-0.0030910174288693026,0.004543423208699429
2021-10-28,1,135.57,135.335,135.335,stop,-1.0,-0.0017334218484914565,0.0017334218484914453
2021-10-29,1,135.685,135.205,136.805,close,2.3333333333333925,0.008254412794339805,0.0035376054832884237
2021-11-01,-1,136.81,137.04,137.04,stop,-1.0,-0.0016811636576272715,0.0016811636576272917
2021-11-02,1,139.15,138.3,139.915,close,0.8999999999999899,0.005497664390945012,0.006108515989938874
2021-11-03,-1,139.885,140.23,140.23,stop,-1.0,-0.0024663116131107277,0.0024663116131107615
2021-11-04,-1,142.5,142.82,142.82,stop,-1.0,-0.0022456140350877174,0.0022456140350876714
2021-11-05,1,149.14,147.95,147.95,stop,-1.0,-0.00797908005900494,0.007979080059004948
2021-11-08,1,149.615,149.245,149.245,stop,-1.0,-0.00247301406944489,0.002473014069444939
2021-11-09,-1,152.32,152.975,151.19,close,1.7251908396946465,0.007418592436974736,0.004300157563025217
2021-11-10,1,148.345,147.495,147.495,stop,-1.0,-0.005729886413428087,0.005729886413428119
2021-11-11,-1,148.285,148.93,148.93,stop,-1.0,-0.00434973193512489,0.004349731935124997
2021-11-12,-1,149.06,149.52,149.52,stop,-1.0,-0.0030860056353145815,0.0030860056353146917
2021-11-15,-1,151.45,151.5525,150.42499999999978,target,10.0,0.0067679102013878945,0.0006767910201387948
2021-11-16,-1,149.785,149.945,149.945,stop,-1.0,-0.0010681977501083573,0.0010681977501084661
2021-11-17,-1,151.42,152.375,152.375,stop,-1.0,-0.006306960771364389,0.0063069607713645
2021-11-18,-1,154.295,155.1445,155.1445,stop,-1.0,-0.005505687157717487,0.0055056871577173995
2021-11-19,-1,154.67,155.11,155.11,stop,-1.0,-0.002844766276589139,0.002844766276589036
2021-11-22,1,156.965,156.5,156.5,stop,-1.0,-0.0029624438569108014,0.002962443856910798
2021-11-23,-1,152.41,152.995,152.995,stop,-1.0,-0.0038383308181877407,0.0038383308181878352
2021-11-24,-1,150.205,151.22,151.22,stop,-1.0,-0.006757431510269196,0.0067574315102692075
2021-11-29,1,152.735,152.255,152.255,stop,-1.0,-0.003142698137296729,0.0031426981372967436
2021-11-30,-1,154.96,155.065,155.065,stop,-1.0,-0.0006775942178625094,0.0006775942178626082
2021-12-01,-1,154.695,155.385,155.385,stop,-1.0,-0.004460389799282538,0.004460389799282444
2021-12-02,1,151.33,149.945,149.945,stop,-1.0,-0.009152183968810013,0.009152183968810013
2021-12-03,1,154.175,153.375,153.375,stop,-1.0,-0.005188908707637552,0.005188908707637498
2021-12-06,-1,147.385,149.875,149.875,stop,-1.0,-0.01689452793703561,0.01689452793703572
2021-12-07,1,154.54,153.5,157.405,close,2.7548076923077223,0.018538889607868647,0.0067296492817393045
2021-12-08,-1,156.19,156.525,156.525,stop,-1.0,-0.0021448236122671993,0.0021448236122671616
2021-12-09,1,156.68,155.3502,155.3502,stop,-1.0,-0.008487362777635954,0.008487362777635983
2021-12-10,1,155.715,154.62,154.62,stop,-1.0,-0.007032077834505324,0.007032077834505339
2021-12-13,-1,153.33,154.35,154.35,stop,-1.0,-0.006652318528663548,0.006652318528663548
2021-12-14,-1,147.385,148.5,148.5,stop,-1.0,-0.007565220341283041,0.0075652203412830965
2021-12-15,-1,148.38,149.5,149.5,stop,-1.0,-0.007548187087208502,0.00754818708720855
2021-12-16,-1,154.96,156.175,148.335,close,5.452674897119326,0.04275296850800203,0.007840733092410967
2021-12-17,1,147.885,146.785,146.785,stop,-1.0,-0.007438212124285748,0.0074382121242857245
2021-12-20,1,145.255,144.69,144.69,stop,-1.0,-0.003889711197549106,0.003889711197549122
2021-12-21,-1,148.518,149.22,149.22,stop,-1.0,-0.00472669979396434,0.004726699793964356
2021-12-22,1,150.075,149.87,149.87,stop,-1.0,-0.0013659836748290966,0.001365983674829146
2021-12-23,1,153.63,153.065,154.125,close,0.8761061946902771,0.003222026947861778,0.0036776671223068265
2021-12-27,1,155.335,154.54,158.27,close,3.691823899370998,0.018894647053143254,0.005117970837222879
2021-12-28,-1,157.6965,158.96,156.545,close,0.9113573407202048,0.007302000995583313,0.008012226016430434
2021-12-29,1,157.5,156.545,156.545,stop,-1.0,-0.006063492063492104,0.006063492063492143
2021-12-30,-1,156.35,156.675,156.675,stop,-1.0,-0.002078669651423226,0.0020786696514231984
2021-12-31,1,155.765,155.0,155.0,stop,-1.0,-0.004911244502937007,0.00491124450293703
2022-01-03,1,157.605,155.405,155.405,stop,-1.0,-0.013958948002918636,0.013958948002918617
2022-01-04,1,158.655,158.21,158.21,stop,-1.0,-0.0028048280860987207,0.0028048280860987246
2022-01-05,-1,155.235,156.275,156.275,stop,-1.0,-0.006699520082455557,0.00669952008245558
2022-01-06,1,152.31,151.195,151.195,stop,-1.0,-0.007320596152583625,0.007320596152583607
2022-01-07,-1,152.19,153.306,148.44,close,3.3602150537633992,0.02464025231618372,0.0073329390892963656
2022-01-10,-1,146.095,146.95,146.95,stop,-1.0,-0.00585235634347514,0.005852356343475066
2022-01-11,-1,147.475,148.235,148.235,stop,-1.0,-0.0051534158331922875,0.005153415833192198
2022-01-12,1,153.665,152.895,152.895,stop,-1.0,-0.005010900335144508,0.005010900335144515
2022-01-13,1,156.765,156.0,156.0,stop,-1.0,-0.00487991579753122,0.0048799157975312505
2022-01-14,1,149.925,148.94,153.625,close,3.7563451776649113,0.024679006169751494,0.006569951642488001
2022-01-18,-1,149.345,150.9,146.6,close,1.7652733118971013,0.018380260470722165,0.01041213298068236
2022-01-19,-1,147.8087,148.385,148.385,stop,-1.0,-0.003898958586334933,0.0038989585863349278
2022-01-20,-1,142.98,143.99,143.99,stop,-1.0,-0.007063925024479056,0.007063925024479084
2022-01-21,1,138.49,137.065,137.065,stop,-1.0,-0.010289551592172819,0.010289551592172801
2022-01-24,1,133.39,132.66,132.66,stop,-1.0,-0.005472674113501719,0.005472674113501686
2022-01-25,1,133.78,133.185,133.185,stop,-1.0,-0.0044476005381970385,0.0044476005381970315
2022-01-26,-1,135.8008,136.825,136.825,stop,-1.0,-0.007541929060800756,0.007541929060800666
2022-01-27,-1,134.205,135.695,128.275,close,3.9798657718121366,0.04418613315450248,0.011102417942699457
2022-01-28,-1,126.965,128.77,128.77,stop,-1.0,-0.01421651636277721,0.014216516362777197
2022-01-31,1,132.425,130.97,137.62,close,3.5704467353951537,0.0392297526902019,0.010987351330942136
2022-02-01,-1,137.205,138.655,138.655,stop,-1.0,-0.010568127983674014,0.010568127983673981
2022-02-02,-1,140.905,141.7,141.7,stop,-1.0,-0.00564209928675341,0.005642099286753397
2022-02-03,1,138.655,137.635,137.635,stop,-1.0,-0.007356388157657601,0.007356388157657569
2022-02-04,-1,134.145,135.635,135.635,stop,-1.0,-0.011107383801110648,0.011107383801110593
2022-02-07,-1,136.4725,137.25,137.25,stop,-1.0,-0.005697118467090423,0.0056971184670904645
2022-02-08,1,135.935,135.59,135.59,stop,-1.0,-0.0025379777099349132,0.0025379777099348868
2022-02-09,-1,140.595,141.505,141.505,stop,-1.0,-0.006472491909385036,0.006472491909385089
2022-02-10,1,141.76,140.615,140.615,stop,-1.0,-0.008077031602708673,0.008077031602708677
2022-02-11,1,140.115,140.0,140.0,stop,-1.0,-0.0008207543803304684,0.0008207543803305077
2022-02-14,1,133.34,132.36,132.36,stop,-1.0,-0.00734963251837395,0.007349632518374004
2022-02-15,1,135.955,135.085,139.7,close,4.304597701149375,0.027545879151189556,0.006399176198006726
2022-02-16,1,138.155,137.24,137.24,stop,-1.0,-0.006622995910390395,0.006622995910390446
2022-02-17,-1,136.84,138.155,134.115,close,2.0722433460076037,0.019913767904121582,0.009609763227126554
2022-02-18,-1,134.015,134.805,132.705,close,1.6582278481011898,0.009775025183747843,0.005894862515390222
2022-02-22,1,131.91,131.01,131.01,stop,-1.0,-0.006822833750284363,0.006822833750284328
2022-02-23,1,134.36,133.75,133.75,stop,-1.0,-0.004540041679071294,0.004540041679071253
2022-02-24,1,124.375,123.38,133.23,close,8.899497487437134,0.07119597989949744,0.008000000000000037
2022-02-25,1,133.465,132.3,132.3,stop,-1.0,-0.008728880230772007,0.008728880230772052
2022-02-28,1,134.025,133.23,133.23,stop,-1.0,-0.005931729155008503,0.005931729155008512
2022-03-01,1,134.125,133.32,133.32,stop,-1.0,-0.006001863932898477,0.0060018639328984665
2022-03-03,-1,133.905,134.565,131.19,close,4.11363636363639,0.020275568500056074,0.004928867480676573
2022-03-04,1,129.895,129.5,129.5,stop,-1.0,-0.003040917664267395,0.0030409176642673713
2022-03-07,-1,127.695,128.775,121.295,close,5.925925925925849,0.05011942519284229,0.00845765300129224
2022-03-08,-1,120.5575,122.115,122.115,stop,-1.0,-0.012919146465379505,0.01291914646537951
2022-03-09,-1,126.7375,127.715,127.715,stop,-1.0,-0.007712792188578899,0.007712792188578805
2022-03-10,-1,125.555,126.3,125.715,close,-0.21476510067113916,-0.0012743419218668173,0.005933654573692727
2022-03-11,-1,127.06,127.84,122.89,close,5.3461538461538405,0.032819140563513316,0.006138832047851418
2022-03-14,-1,121.635,123.41,123.41,stop,-1.0,-0.01459283923212884,0.01459283923212884
2022-03-15,1,120.575,119.86,119.86,stop,-1.0,-0.005929919137466322,0.005929919137466336
2022-03-16,1,127.36,126.59,126.59,stop,-1.0,-0.006045854271356732,0.006045854271356753
2022-03-17,-1,129.35,129.765,129.765,stop,-1.0,-0.0032083494395052092,0.003208349439505157
2022-03-18,-1,130.255,131.18,131.18,stop,-1.0,-0.00710145483858593,0.007101454838585939
2022-03-21,1,134.655,133.75,133.75,stop,-1.0,-0.0067208792840963705,0.006720879284096403
2022-03-22,1,134.2301,133.995,133.995,stop,-1.0,-0.0017514700503090674,0.0017514700503090481
2022-03-23,-1,133.42,134.375,134.375,stop,-1.0,-0.0071578473991906755,0.007157847399190621
2022-03-24,-1,132.89,133.5,133.5,stop,-1.0,-0.004590262623222374,0.004590262623222317
2022-03-25,-1,137.27,138.25,137.59,close,-0.3265306122448944,-0.002331172142492788,0.007139214686384423
2022-03-28,1,136.975,136.57,136.57,stop,-1.0,-0.0029567439313743504,0.002956743931374347
2022-03-29,1,141.75,140.775,140.775,stop,-1.0,-0.006878306878306817,0.0068783068783068385
2022-03-30,1,140.98,140.68,140.68,stop,-1.0,-0.0021279614129662283,0.0021279614129662574
2022-03-31,-1,137.12,137.625,137.625,stop,-1.0,-0.003682905484247323,0.0036829054842473412
2022-04-01,-1,135.145,135.885,132.665,close,3.3513513513514637,0.018350660401790786,0.00547560028117933
2022-04-04,-1,132.725,133.405,133.405,stop,-1.0,-0.005123375400263752,0.005123375400263755
2022-04-05,-1,133.465,134.045,129.065,close,7.586206896551942,0.03296744464840973,0.004345708612744795
2022-04-06,-1,126.14,126.69,126.69,stop,-1.0,-0.004360234659901652,0.004360234659901674
2022-04-07,1,126.895,125.855,125.855,stop,-1.0,-0.008195752393711286,0.008195752393711274
2022-04-08,-1,124.555,125.72,123.35,close,1.0343347639485156,0.009674441009995705,0.009353297739954173
2022-04-11,-1,120.825,121.65,121.65,stop,-1.0,-0.006828057107386654,0.0068280571073867395
2022-04-12,-1,122.585,123.48,123.48,stop,-1.0,-0.007301056409838136,0.007301056409838156
2022-04-13,-1,120.595,121.225,121.225,stop,-1.0,-0.005224097184792109,0.005224097184792035
2022-04-14,-1,123.09,123.61,119.15,close,7.576923076923131,0.032009099033227684,0.0042245511414411895
2022-04-18,1,119.785,118.545,121.1655,close,1.113306451612906,0.011524815294068569,0.010351880452477313
2022-04-19,1,121.045,120.24,120.24,stop,-1.0,-0.006650419265562424,0.006650419265562451
2022-04-20,1,126.38,125.67,125.67,stop,-1.0,-0.00561797752808979,0.005617977528089838
2022-04-21,1,126.03,124.875,124.875,stop,-1.0,-0.00916448464651276,0.009164484646512743
2022-04-22,1,120.22,119.6023,119.6023,stop,-1.0,-0.005138080186325111,0.0051380801863250645
2022-04-25,1,117.355,116.345,116.345,stop,-1.0,-0.008606365301861874,0.008606365301861915
2022-04-26,-1,117.59,118.295,114.32,close,4.638297872340451,0.0278084871162515,0.005995407772769779
2022-04-27,1,114.94,112.98,112.98,stop,-1.0,-0.01705237515225333,0.017052375152253295
2022-04-28,1,116.86,116.19,116.185,gap-stop,-1.0074626865671574,-0.005776142392606487,0.005733356152661319
2022-04-29,1,119.035,117.72,117.72,stop,-1.0,-0.011047171000125977,0.011047171000125994
2022-05-02,1,115.165,114.875,114.875,stop,-1.0,-0.0025181261668042465,0.002518126166804205
2022-05-03,1,117.865,117.36,117.36,stop,-1.0,-0.004284562847325257,0.004284562847325291
2022-05-04,-1,119.27,120.105,120.105,stop,-1.0,-0.0070009222771862945,0.007000922277186283
2022-05-05,-1,120.8,121.395,117.605,close,5.3697478991596626,0.026448675496688723,0.004925496688741713
2022-05-06,-1,115.9015,116.98,116.98,stop,-1.0,-0.009305315289275917,0.009305315289275853
2022-05-09,1,113.95,113.455,113.455,stop,-1.0,-0.004344010530934694,0.0043440105309346605
2022-05-10,-1,113.08,114.305,114.305,stop,-1.0,-0.010833038556774088,0.010833038556774041
2022-05-11,-1,111.795,113.085,113.085,stop,-1.0,-0.011538977592915556,0.011538977592915533
2022-05-12,-1,108.08,109.535,109.535,stop,-1.0,-0.013462250185048097,0.013462250185048097
2022-05-13,-1,112.105,113.095,113.095,stop,-1.0,-0.008831006645555473,0.00883100664555546
2022-05-16,-1,114.435,115.09,115.09,stop,-1.0,-0.005723773321099301,0.005723773321099324
2022-05-17,1,118.442,117.375,117.375,stop,-1.0,-0.009008628695901688,0.009008628695901733
2022-05-18,1,118.11,117.305,117.305,stop,-1.0,-0.006815680298027149,0.0068156802980272
2022-05-19,1,114.795,113.235,113.235,stop,-1.0,-0.013589442048869693,0.013589442048869744
2022-05-20,-1,115.495,116.26,114.1,close,1.8235294117647178,0.012078444954327083,0.00662366336205031
2022-05-23,1,114.07,113.4,113.4,stop,-1.0,-0.005873586394319119,0.0058735863943191685
2022-05-24,-1,112.925,113.5,112.021,close,1.5721739130434642,0.008005313261013947,0.005091875138366198
2022-05-25,1,112.51,111.325,114.225,close,1.4472573839662328,0.015243089503155227,0.010532397120255997
2022-05-26,1,114.52,112.735,118.095,close,2.0028011204481846,0.031217254628012503,0.015586797066014641
2022-05-27,1,120.46,119.9722,122.77,close,4.735547355473629,0.01917649012120215,0.004049477004814818
2022-05-31,-1,121.005,122.815,122.815,stop,-1.0,-0.01495805958431462,0.014958059584314717
2022-06-01,1,123.35,122.635,122.635,stop,-1.0,-0.005796513984596574,0.005796513984596589
2022-06-02,1,120.55,119.715,124.53,close,4.766467065868304,0.0330153463293239,0.006926586478639517
2022-06-03,-1,121.785,122.01,122.01,stop,-1.0,-0.001847518167262141,0.0018475181672620482
2022-06-06,1,123.03,122.86,122.86,stop,-1.0,-0.0013817768024059207,0.0013817768024059311
2022-06-07,-1,119.36,119.505,119.505,stop,-1.0,-0.0012148123324395854,0.001214812332439645
2022-06-08,-1,120.45,121.365,121.365,stop,-1.0,-0.0075965130759649835,0.007596513075965064
2022-06-09,1,119.325,118.32,118.32,stop,-1.0,-0.008422375864236442,0.008422375864236411
2022-06-10,-1,114.02,114.905,114.905,stop,-1.0,-0.007761796176109392,0.0077617961761095
2022-06-13,1,108.895,107.87,107.87,stop,-1.0,-0.009412737040268015,0.009412737040268071
2022-06-14,-1,106.53,107.2612,107.2612,stop,-1.0,-0.006863794236365406,0.006863794236365354
2022-06-15,-1,107.7305,107.97,107.97,stop,-1.0,-0.002223140150653613,0.0022231401506536447
2022-06-16,-1,104.35,105.295,102.165,close,2.3121693121692815,0.020939147101101896,0.009056061332055653
2022-06-17,1,102.945,102.475,102.475,stop,-1.0,-0.004565544708339364,0.004565544708339394
2022-06-21,1,105.645,104.865,105.64,close,-0.006410256410250571,-4.7328316531758396e-05,0.007383217378957842
2022-06-22,1,104.19,103.535,104.27,close,0.12213740458014985,0.0007678280065264165,0.006286591803436041
2022-06-23,-1,103.9,104.885,103.8,close,0.10152284263960262,0.0009624639076035724,0.009480269489894123
2022-06-24,1,105.71,105.025,108.1,close,3.4890510948905726,0.022609024690190216,0.006479992432125515
2022-06-27,-1,108.155,109.208,109.208,stop,-1.0,-0.00973602699828957,0.009736026998289467
2022-06-28,1,108.84,107.81,107.81,stop,-1.0,-0.009463432561558238,0.00946343256155826
2022-06-29,-1,103.055,104.325,103.14,close,-0.066929133858263,-0.0008248022900392282,0.012323516568822433
2022-06-30,-1,101.3225,101.76,101.76,stop,-1.0,-0.0043178958276790524,0.004317895827678946
2022-07-01,-1,99.0225,100.415,98.0,close,0.734290843806093,0.010325936024640825,0.014062460551894898
2022-07-05,-1,95.39,95.695,95.695,stop,-1.0,-0.0031974001467658386,0.003197400146765831
2022-07-06,1,98.515,98.08,98.08,stop,-1.0,-0.004415571232807225,0.004415571232807209
2022-07-07,1,102.4736,101.51,103.78,close,1.3557492735574896,0.012748649408237833,0.00940339755800518
2022-07-08,1,102.655,102.0,104.335,close,2.5648854961831904,0.01636549607909976,0.006380595197506221
2022-07-11,-1,102.335,103.06,103.06,stop,-1.0,-0.007084575169785667,0.007084575169785592
2022-07-12,-1,102.71,103.43,101.805,close,1.2569444444444036,0.008811216045175652,0.007010028234836074
2022-07-13,1,100.215,99.695,102.63,close,4.644230769230663,0.024098188893878048,0.005188843985431424
2022-07-14,-1,101.315,102.51,102.51,stop,-1.0,-0.011794897103094337,0.011794897103094382
2022-07-15,-1,105.865,106.605,106.605,stop,-1.0,-0.006990034477872831,0.006990034477872849
2022-07-18,-1,108.74,108.955,108.955,stop,-1.0,-0.001977193305131575,0.001977193305131538
2022-07-19,1,108.77,108.19,111.46,close,4.637931034482769,0.024731083938585918,0.005332352670773176
2022-07-20,-1,111.02,111.125,111.125,stop,-1.0,-0.0009457755359394415,0.0009457755359395063
2022-07-21,-1,114.48,115.014,115.014,stop,-1.0,-0.004664570230607845,0.004664570230607895
2022-07-22,-1,114.86,115.62,115.62,stop,-1.0,-0.006616750827094009,0.006616750827093898
2022-07-25,-1,112.3,112.95,112.785,close,-0.7461538461538387,-0.004318788958147746,0.005788067675868261
2022-07-26,-1,111.955,112.5,112.5,stop,-1.0,-0.0048680273324104295,0.004868027332410358
2022-07-27,-1,112.785,113.3,113.3,stop,-1.0,-0.004566210045662045,0.004566210045662105
2022-07-28,-1,116.025,116.43,116.43,stop,-1.0,-0.0034906270200387723,0.0034906270200387945
2022-07-29,1,116.405,115.765,118.605,close,3.4375000000000013,0.01889953180705306,0.00549804561659723
2022-08-01,-1,116.965,117.55,117.55,stop,-1.0,-0.005001496174069198,0.005001496174069113
2022-08-02,1,117.75,117.425,117.425,stop,-1.0,-0.0027600849256900206,0.0027600849256900453
2022-08-03,1,118.69,118.21,121.385,close,5.614583333333302,0.022706209453197568,0.004044148622461909
2022-08-04,1,121.38,120.92,122.675,close,2.81521739130439,0.01066897347174156,0.003789751194595434
2022-08-05,1,120.9824,120.51,120.51,stop,-1.0,-0.003904700187795873,0.0039047001877958554
2022-08-08,1,121.03,119.73,119.73,stop,-1.0,-0.010741138560687369,0.010741138560687409
2022-08-09,-1,116.665,117.2053,114.725,close,3.590597816028236,0.016628808982985577,0.00463120901727157
2022-08-10,-1,116.8901,117.95,117.95,stop,-1.0,-0.00906749160108511,0.009067491601085113
2022-08-11,-1,119.72,120.34,120.34,stop,-1.0,-0.005178750417641265,0.0051787504176412005
2022-08-12,-1,119.925,120.145,120.145,stop,-1.0,-0.0018344798832603537,0.0018344798832603615
2022-08-15,1,122.99,121.945,121.945,stop,-1.0,-0.00849662574193022,0.008496625741930252
2022-08-16,-1,122.54,122.72,122.72,stop,-1.0,-0.001468908111637024,0.001468908111636956
2022-08-17,-1,119.55,120.265,119.15,close,0.5594405594405448,0.003345880384776123,0.005980761187787565
2022-08-18,-1,118.765,119.535,119.535,stop,-1.0,-0.006483391571590946,0.006483391571590924
2022-08-19,-1,119.195,119.785,117.5,close,2.8728813559321753,0.0142203951508032,0.00494987205839174
2022-08-22,-1,114.85,115.625,113.405,close,1.8645161290322356,0.012581628210709517,0.00674793208532874
2022-08-23,1,114.065,113.365,114.07,close,0.0071428571428506175,4.38346556788094e-05,0.006136851795029175
2022-08-24,-1,113.25,114.105,114.105,stop,-1.0,-0.0075496688741722995,0.0075496688741722206
2022-08-25,1,114.81,114.245,117.86,close,5.398230088495592,0.02656563017158775,0.0049211741137531375
2022-08-26,-1,117.205,117.635,117.64,gap-stop,-1.0116279069767333,-0.0037114457574336512,0.00366878546137116
2022-08-29,1,111.095,110.19,110.19,stop,-1.0,-0.008146181196273417,0.00814618119627347
2022-08-30,-1,110.125,110.52,108.1061,close,5.111139240506386,0.018332803632236105,0.003586833144154334
2022-08-31,-1,107.9,108.695,108.695,stop,-1.0,-0.007367933271547722,0.0073679332715476135
2022-09-01,-1,104.425,104.765,104.765,stop,-1.0,-0.0032559253052431014,0.0032559253052430303
2022-09-02,-1,105.21,106.55,106.55,stop,-1.0,-0.012736431898108469,0.012736431898108578
2022-09-06,-1,103.64,104.375,104.375,stop,-1.0,-0.007091856426090226,0.007091856426090307
2022-09-07,1,103.327,102.71,102.71,stop,-1.0,-0.005971333726905836,0.005971333726905886
2022-09-08,-1,102.815,103.39,103.39,stop,-1.0,-0.005592569177649276,0.005592569177649204
2022-09-09,1,107.855,107.14,108.355,close,0.6993006993006959,0.004635853692457559,0.006629270780214208
2022-09-12,-1,108.405,109.12,109.12,stop,-1.0,-0.006595636732622978,0.006595636732623066
2022-09-13,1,105.5,104.51,104.51,stop,-1.0,-0.009383886255924123,0.009383886255924121
2022-09-14,-1,102.165,103.29,103.29,stop,-1.0,-0.011011598884157925,0.011011598884157979
2022-09-15,-1,102.655,102.745,102.745,stop,-1.0,-0.0008767230042374674,0.0008767230042375277
2022-09-16,-1,100.22,100.675,100.675,stop,-1.0,-0.0045400119736578315,0.004540011973657936
2022-09-19,1,101.87,100.56,102.585,close,0.5458015267175481,0.0070187493864728445,0.012859526847943479
2022-09-20,1,101.8,101.4,101.4,stop,-1.0,-0.003929273084479323,0.003929273084479288
2022-09-21,1,101.515,101.445,101.445,stop,-1.0,-0.0006895532679900285,0.000689553267990025
2022-09-22,-1,99.545,100.05,97.675,close,3.7029702970297453,0.01878547390627361,0.0050730825254909385
2022-09-23,1,96.745,96.29,96.29,stop,-1.0,-0.004703085430771581,0.004703085430771598
2022-09-26,1,96.61,95.95,95.95,stop,-1.0,-0.00683159093261565,0.006831590932615636
2022-09-27,1,97.205,96.55,96.55,stop,-1.0,-0.00673833650532385,0.0067383365053238125
2022-09-28,-1,94.61,95.185,95.185,stop,-1.0,-0.006077581650988373,0.006077581650988297
2022-09-29,-1,94.92,95.435,94.03,close,1.7281553398058245,0.009376316898440762,0.0054256215760640596
2022-09-30,1,93.9275,92.78,92.78,stop,-1.0,-0.012216869393947394,0.012216869393947394
2022-10-03,-1,93.57,94.065,94.065,stop,-1.0,-0.005290157101635273,0.005290157101635188
2022-10-04,-1,98.6632,99.155,99.155,stop,-1.0,-0.004984634595269544,0.004984634595269541
2022-10-05,1,98.855,98.36,98.36,stop,-1.0,-0.005007333974002326,0.005007333974002373
2022-10-06,1,101.365,100.545,100.545,stop,-1.0,-0.008089577270260828,0.008089577270260872
2022-10-07,-1,97.205,97.605,94.375,close,7.074999999999895,0.029113728717658494,0.004115014659739784
2022-10-10,-1,93.035,94.195,91.07,close,1.6939655172413872,0.021121083463212842,0.012468425861234983
2022-10-12,-1,87.945,88.37,88.37,stop,-1.0,-0.004832565808175593,0.0048325658081756935
2022-10-13,-1,83.83,84.39,84.39,stop,-1.0,-0.006680186090898266,0.006680186090898274
2022-10-14,-1,90.225,91.515,86.55,close,2.8488372093023098,0.040731504571903554,0.01429758935993357
2022-10-17,1,89.0625,88.845,88.845,stop,-1.0,-0.002442105263157912,0.0024421052631579073
2022-10-18,-1,90.77,91.835,88.755,close,1.8920187793427277,0.0221989644155558,0.011732951415665945
2022-10-19,1,88.71,88.025,88.025,stop,-1.0,-0.0077217901025813385,0.007721790102581311
2022-10-20,-1,89.9875,90.38,90.38,stop,-1.0,-0.004361716905125768,0.004361716905125693
2022-10-21,-1,89.6,90.095,90.095,stop,-1.0,-0.005524553571428559,0.005524553571428623
2022-10-24,-1,92.425,93.065,93.065,stop,-1.0,-0.006924533405463951,0.006924533405463896
2022-10-25,1,94.1125,93.535,94.965,close,1.4761904761904856,0.00905830787621209,0.0061362730774339284
2022-10-26,-1,93.265,93.695,93.695,stop,-1.0,-0.004610518415268272,0.004610518415268243
2022-10-27,1,95.89,95.205,95.205,stop,-1.0,-0.007143602044008768,0.007143602044008783
2022-10-28,1,93.91,92.905,96.395,close,2.4726368159204086,0.026461505696943943,0.01070173570439778
2022-10-31,-1,95.5,95.835,94.655,close,2.522388059701536,0.008848167539266982,0.003507853403141296
2022-11-01,-1,96.62,96.835,96.835,stop,-1.0,-0.002225212171393043,0.0022252121713929743
2022-11-02,-1,95.64,96.135,96.135,stop,-1.0,-0.00517565872020076,0.0051756587202008006
2022-11-03,1,91.34,90.84,90.84,stop,-1.0,-0.005474052988832967,0.005474052988832931
2022-11-04,-1,94.455,95.15,95.15,stop,-1.0,-0.007358001164575745,0.007358001164575802
2022-11-07,-1,95.77,96.495,96.495,stop,-1.0,-0.007570220319515597,0.007570220319515595
2022-11-08,1,99.715,99.085,99.085,stop,-1.0,-0.006318006318006386,0.006318006318006415
2022-11-09,-1,97.745,98.605,98.605,stop,-1.0,-0.008798404010435412,0.00879840401043531
2022-11-10,-1,102.475,102.94,102.94,stop,-1.0,-0.004537692120029302,0.004537692120029309
2022-11-11,-1,106.775,107.425,107.425,stop,-1.0,-0.006087567314446263,0.0060875673144461856
2022-11-14,-1,109.51,110.285,110.285,stop,-1.0,-0.007076979271299244,0.0070769792712993464
2022-11-15,-1,113.765,114.639,112.89,close,1.0011441647597308,0.00769129345580799,0.007682503406144203
2022-11-16,1,110.525,109.83,109.83,stop,-1.0,-0.006288170097263124,0.006288170097263129
2022-11-17,1,107.06,106.38,109.53,close,3.6323529411764324,0.023071175042032488,0.006351578554081887
2022-11-18,-1,110.1975,111.35,109.685,close,0.444685466377447,0.004650740715533508,0.010458494974931275
2022-11-21,-1,107.9475,108.67,107.755,close,0.2664359861591842,0.0017832742768476573,0.006693068389726456
2022-11-22,-1,108.36,108.895,108.895,stop,-1.0,-0.004937246216315971,0.004937246216315952
2022-11-23,1,111.56,110.79,112.0,close,0.5714285714285714,0.003944065973467081,0.006902115453567551
2022-11-28,1,109.47,109.165,109.165,stop,-1.0,-0.002786151457020103,0.0027861514570201207
2022-11-29,1,108.57,107.99,107.99,stop,-1.0,-0.005342175554941542,0.005342175554941497
2022-11-30,1,108.695,107.955,107.955,stop,-1.0,-0.006808040848245045,0.006808040848245043
2022-12-01,-1,114.39,114.925,113.46,close,1.7383177570093695,0.008130081300813052,0.004676982253693475
2022-12-02,1,111.225,110.61,110.61,stop,-1.0,-0.005529332434254797,0.005529332434254843
2022-12-05,1,111.595,111.41,111.41,stop,-1.0,-0.0016577803665038804,0.001657780366503896
2022-12-06,-1,110.315,110.605,107.41499999999994,target,10.0,0.02628835607125113,0.002628835607125108
2022-12-07,1,108.215,107.17,107.17,stop,-1.0,-0.009656701935960799,0.009656701935960835
2022-12-08,-1,108.48,108.815,108.815,stop,-1.0,-0.003088126843657779,0.003088126843657759
2022-12-09,1,110.6775,109.73,110.065,close,-0.6464379947229584,-0.005534096812812028,0.008560908947166235
2022-12-12,1,109.71,109.38,109.38,stop,-1.0,-0.0030079299972655127,0.0030079299972655027
2022-12-13,-1,115.76,117.125,117.125,stop,-1.0,-0.011791637871458205,0.011791637871458144
2022-12-14,1,114.075,113.32,113.32,stop,-1.0,-0.006618452772298999,0.006618452772299011
2022-12-15,-1,109.205,110.29,107.615,close,1.4654377880184255,0.014559772904171098,0.00993544251636837
2022-12-16,1,107.705,107.03,107.03,stop,-1.0,-0.00626711851817463,0.006267118518174617
2022-12-19,-1,105.185,105.77,104.365,close,1.4017094017094294,0.007795788372866874,0.005561629509911049
2022-12-20,1,103.32,103.0,103.745,close,1.328125000000064,0.0041134339914827844,0.00309717382888108
2022-12-21,1,104.7,104.21,106.14,close,2.9387755102040223,0.013753581661891001,0.004680038204393592
2022-12-22,-1,102.97,103.9925,101.78,close,1.163814180929084,0.011556764106050332,0.009930076721375235
2022-12-23,-1,100.815,101.55,101.55,stop,-1.0,-0.007290581758666814,0.007290581758666859
2022-12-27,-1,100.5601,101.17,99.95,close,1.0003279226102748,0.006067018628660881,0.0060650297682678924
2022-12-28,1,100.295,99.07,99.07,stop,-1.0,-0.01221396879206349,0.012213968792063499
2022-12-29,1,100.26,99.87,101.87,close,4.128205128205121,0.016058248553760146,0.003889886295631364
2022-12-30,1,100.605,99.755,99.755,stop,-1.0,-0.008448884250285893,0.008448884250285855
2023-01-03,-1,102.77,103.385,100.63,close,3.479674796747917,0.020823197431156903,0.0059842366449353816
2023-01-04,1,103.065,102.44,102.44,stop,-1.0,-0.006064134284189615,0.006064134284189589
2023-01-05,-1,101.965,102.37,102.37,stop,-1.0,-0.003971951159711606,0.003971951159711677
2023-01-06,1,103.215,102.64,102.64,stop,-1.0,-0.005570895703143952,0.00557089570314395
2023-01-09,-1,107.47,108.005,108.005,stop,-1.0,-0.004978133432585796,0.004978133432585807
2023-01-10,1,109.1275,107.75,107.75,stop,-1.0,-0.012622849419257287,0.01262284941925727
2023-01-11,-1,108.675,109.575,109.575,stop,-1.0,-0.008281573498964745,0.008281573498964856
2023-01-12,-1,111.6951,112.07,112.07,stop,-1.0,-0.003356458788254857,0.003356458788254782
2023-01-13,1,111.6,111.045,111.045,stop,-1.0,-0.00497311827956981,0.004973118279569827
2023-01-17,1,112.98,112.4825,112.4825,stop,-1.0,-0.004403434236147974,0.00440343423614801
2023-01-18,1,115.34,114.58,114.58,stop,-1.0,-0.006589214496271922,0.006589214496271936
2023-01-19,1,111.785,111.665,111.665,stop,-1.0,-0.0010734892874714186,0.001073489287471399
2023-01-20,-1,110.705,111.28,111.28,stop,-1.0,-0.005193984011562236,0.005193984011562285
2023-01-23,1,114.63,114.345,117.47999999999996,target,10.0,0.024862601413242258,0.002486260141324231
2023-01-24,1,118.265,117.45,118.2308,close,-0.0419631901840473,-0.0002891810763961944,0.006891303428740521
2023-01-25,-1,116.105,116.53,116.53,stop,-1.0,-0.0036604797381680765,0.003660479738168013
2023-01-26,-1,119.8054,120.31,120.31,stop,-1.0,-0.004211830184616128,0.004211830184616022
2023-01-27,-1,118.29,118.64,118.64,stop,-1.0,-0.002958829994082368,0.002958829994082292
2023-01-30,-1,117.995,118.35,118.35,stop,-1.0,-0.0030086020594091156,0.00300860205940921
2023-01-31,1,116.97,116.25,116.25,stop,-1.0,-0.006155424467812254,0.0061554244678122495
2023-02-01,-1,119.08,119.525,119.525,stop,-1.0,-0.0037369835404770235,0.0037369835404770526
2023-02-02,1,125.575,125.185,125.185,stop,-1.0,-0.0031057137169022697,0.003105713716902254
2023-02-03,1,124.51,123.73,124.485,close,-0.03205128205128929,-0.00020078708537474288,0.006264557063689672
2023-02-06,1,122.905,122.25,122.25,stop,-1.0,-0.005329319393027165,0.005329319393027144
2023-02-07,1,122.785,122.7,122.7,stop,-1.0,-0.0006922669707211115,0.0006922669707211283
2023-02-08,1,125.5975,125.35,125.35,stop,-1.0,-0.0019705806246144153,0.0019705806246143615
2023-02-09,1,126.1,125.815,125.815,stop,-1.0,-0.002260111022997613,0.002260111022997594
2023-02-10,1,122.67,122.621,122.621,stop,-1.0,-0.00039944566723737474,0.00039944566723735706
2023-02-13,-1,121.86,122.65,122.65,stop,-1.0,-0.006482849171180138,0.006482849171180094
2023-02-14,-1,122.795,123.015,123.015,stop,-1.0,-0.0017916038926666378,0.0017916038926666302
2023-02-15,1,125.0,124.735,124.735,stop,-1.0,-0.0021200000000000108,0.0021200000000000047
2023-02-16,1,124.085,123.755,123.755,stop,-1.0,-0.0026594673006407055,0.0026594673006406764
2023-02-17,1,122.465,121.89,121.89,stop,-1.0,-0.0046952190421752915,0.004695219042175338
2023-02-21,1,119.96,119.376,119.376,stop,-1.0,-0.00486828942980988,0.004868289429809845
2023-02-22,1,118.16,117.795,117.795,stop,-1.0,-0.0030890318212593026,0.003089031821259266
2023-02-23,1,121.34,121.13,121.13,stop,-1.0,-0.0017306741387836944,0.0017306741387836488
2023-02-24,1,119.105,118.85,118.82,gap-stop,-1.1176470588235294,-0.002392846647915836,0.002140968053398343
2023-02-27,-1,120.72,121.165,119.605,close,2.5056179775280367,0.00923624917163679,0.0036862160371107307
2023-02-28,-1,119.175,119.5775,119.5775,stop,-1.0,-0.0033773861967694163,0.0033773861967694853
2023-03-01,-1,119.98,120.435,120.435,stop,-1.0,-0.0037922987164527022,0.003792298716452728
2023-03-02,-1,117.885,118.2,118.2,stop,-1.0,-0.0026720956864740852,0.0026720956864740865
2023-03-03,-1,120.55,120.88,120.88,stop,-1.0,-0.002737453338863549,0.002737453338863528
2023-03-06,-1,122.585,123.0895,123.0895,stop,-1.0,-0.00411551168576918,0.004115511685769117
2023-03-07,1,121.68,121.23,121.23,stop,-1.0,-0.0036982248520710526,0.003698224852071029
2023-03-08,1,120.67,120.41,123.15,close,9.538461538461366,0.020551918455291363,0.002154636612248323
2023-03-09,1,123.275,122.74,122.74,stop,-1.0,-0.004339890488744724,0.004339890488744764
2023-03-10,-1,120.54,121.45,121.45,stop,-1.0,-0.007549361207897842,0.007549361207897764
2023-03-13,1,117.355,117.005,117.005,stop,-1.0,-0.002982403817476942,0.0029824038174769587
2023-03-14,-1,120.735,121.18,121.18,stop,-1.0,-0.0036857580651841193,0.003685758065184142
2023-03-15,1,121.005,120.3,120.3,stop,-1.0,-0.00582620552869717,0.005826205528697148
2023-03-16,1,120.2855,119.89,124.24049999999998,target,10.0,0.032880106080948934,0.0032880106080948944
2023-03-17,1,126.405,125.91,125.91,stop,-1.0,-0.003915984336062661,0.0039159843360626915
2023-03-20,-1,125.1,125.695,125.695,stop,-1.0,-0.004756195043964739,0.004756195043964819
2023-03-21,1,127.635,127.285,127.285,stop,-1.0,-0.0027421945391155056,0.002742194539115513
2023-03-22,1,127.265,126.885,126.885,stop,-1.0,-0.0029858955722311675,0.0029858955722311354
2023-03-23,1,128.68,128.25,128.25,stop,-1.0,-0.0033416226297793283,0.0033416226297793505
2023-03-24,-1,128.22,128.81,127.295,close,1.5677966101694776,0.007214163157073794,0.004601466229917356
2023-03-27,-1,127.28,127.655,127.655,stop,-1.0,-0.0029462602137020344,0.0029462602137020743
2023-03-28,-1,125.04,125.5625,124.95,close,0.17224880382775978,0.0007197696737044623,0.004178662827895023
2023-03-29,1,127.205,126.82,128.82,close,4.1948051948051255,0.012696041822255477,0.003026610589206439
2023-03-30,1,130.475,130.03,130.03,stop,-1.0,-0.0034106150603563368,0.003410615060356338
2023-03-31,1,129.9825,129.43,131.675,close,3.063348416289743,0.013020983593945434,0.004250572192410368
2023-04-03,1,131.37,130.745,130.74,gap-stop,-1.0079999999999927,-0.004795615437314438,0.004757554997335769
2023-04-04,-1,130.77,131.265,128.895,close,3.7878787878789706,0.014338150952053264,0.003785271851341868
2023-04-05,-1,127.425,127.7211,126.59,close,2.819993245525046,0.006552874239748818,0.0023237198351972518
2023-04-06,-1,124.85,125.48,125.48,stop,-1.0,-0.005046055266319627,0.0050460552663196614
2023-04-10,1,125.145,124.845,128.14499999999998,target,10.000000000000048,0.023972192256981772,0.0023972192256981675
2023-04-11,1,128.655,128.28,128.28,stop,-1.0,-0.002914772064824489,0.0029147720648245307
2023-04-12,-1,128.19,128.76,125.16,close,5.315789473684276,0.023636789141118664,0.004446524689913357
2023-04-13,-1,125.46,125.645,125.645,stop,-1.0,-0.0014745735692651696,0.0014745735692651225
2023-04-14,-1,126.025,126.195,126.195,stop,-1.0,-0.0013489387026381916,0.0013489387026382662
2023-04-17,1,125.22,124.57,124.57,stop,-1.0,-0.005190864079220647,0.005190864079220617
2023-04-18,1,127.24,126.955,126.955,stop,-1.0,-0.0022398616787173697,0.0022398616787173576
2023-04-19,1,125.015,124.5001,125.325,close,0.6020586521654766,0.00247970243570772,0.0041187057553093405
2023-04-20,1,124.9811,124.405,125.48,close,0.8659954868946519,0.003991803560698504,0.004609496955939712
2023-04-21,-1,124.3325,125.32,124.2,close,0.1341772151898669,0.0010656907888122458,0.007942412482657368
2023-04-24,1,124.415,123.845,123.845,stop,-1.0,-0.004581441144556608,0.004581441144556584
2023-04-25,-1,122.095,122.545,119.545,close,5.666666666666624,0.020885376141529077,0.0036856546132110475
2023-04-26,-1,120.745,121.11,121.11,stop,-1.0,-0.003022899498944076,0.003022899498944013
2023-04-27,-1,119.555,120.625,120.625,stop,-1.0,-0.008949855714942778,0.008949855714942856
2023-04-28,1,122.705,122.245,122.245,stop,-1.0,-0.0037488284910964786,0.0037488284910964812
2023-05-01,1,124.31,123.87,123.87,stop,-1.0,-0.003539538251146279,0.0035395382511463095
2023-05-02,1,124.875,124.395,124.395,stop,-1.0,-0.0038438438438438416,0.003843843843843876
2023-05-03,1,123.095,122.755,122.755,stop,-1.0,-0.002762094317397157,0.00276209431739716
2023-05-04,-1,121.51,121.645,121.645,stop,-1.0,-0.0011110196691630492,0.001111019669162957
2023-05-05,-1,122.05,122.38,122.38,stop,-1.0,-0.002703809913969568,0.0027038099139696705
2023-05-08,1,124.23,123.98,123.98,stop,-1.0,-0.002012396361587343,0.002012396361587378
2023-05-09,-1,123.02,123.77,123.11,close,-0.12000000000000455,-0.0007315883596163975,0.006096569663469355
2023-05-10,1,124.64,124.35,124.35,stop,-1.0,-0.0023267008985879967,0.0023267008985879832
2023-05-11,-1,123.42,124.03,123.04,close,0.6229508196721243,0.0030789175174201766,0.004942472856911355
2023-05-12,1,123.815,123.33,123.33,gap-stop,-1.0,-0.0039171344344384185,0.003917134434438472
2023-05-15,-1,123.02,123.17,123.17,stop,-1.0,-0.0012193139326939217,0.0012193139326939172
2023-05-16,1,126.26,125.71,126.07,close,-0.34545454545456,-0.0015048313004911718,0.0043560906066847085
2023-05-17,1,127.42,127.29,127.29,stop,-1.0,-0.0010202479987442281,0.0010202479987442745
2023-05-18,1,130.85,130.1,134.035,close,4.24666666666667,0.02434084829957972,0.00573175391669851
2023-05-19,-1,133.5,133.93,133.29,close,0.48837209302326656,0.0015730337078652123,0.0032209737827715865
2023-05-22,1,132.49,131.97,133.24,close,1.4423076923076639,0.005660804589025625,0.003924824515057817
2023-05-23,1,132.89,132.3,132.3,stop,-1.0,-0.004439762209345943,0.004439762209345888
2023-05-24,1,128.99,128.425,128.425,stop,-1.0,-0.004380184510427099,0.004380184510427147
2023-05-25,-1,137.49,138.18,138.18,stop,-1.0,-0.005018546803403856,0.005018546803403867
2023-05-26,1,141.97,141.78,143.86999999999998,target,10.0,0.0133831091075578,0.0013383109107557775
2023-05-30,1,150.78,149.95,149.95,stop,-1.0,-0.005504708847327344,0.005504708847327315
2023-05-31,1,146.58,145.51,145.51,stop,-1.0,-0.0072997680447538515,0.0072997680447538646
2023-06-01,1,145.07,144.57,144.57,stop,-1.0,-0.0034466119804232864,0.003446611980423244
2023-06-02,1,148.1,147.7,147.7,stop,-1.0,-0.0027008777852802757,0.0027008777852802544
2023-06-05,-1,145.04,145.5,145.5,stop,-1.0,-0.003171538885824665,0.003171538885824655
2023-06-06,-1,143.08,143.54,143.54,stop,-1.0,-0.0032149846239863944,0.0032149846239864378
2023-06-07,1,146.71,146.37,146.37,stop,-1.0,-0.002317497103128674,0.002317497103128644
2023-06-08,-1,144.63,145.27,145.27,stop,-1.0,-0.004425084698886916,0.004425084698886917
2023-06-09,1,148.41,147.93,147.93,stop,-1.0,-0.0032342834040831603,0.003234283404083214
2023-06-12,1,149.01,148.49,148.49,stop,-1.0,-0.003489698677940911,0.003489698677940956
2023-06-13,1,154.02,153.19,153.19,stop,-1.0,-0.005388910531099911,0.005388910531099938
2023-06-14,1,152.985,152.22,152.22,stop,-1.0,-0.005000490244141731,0.005000490244141679
2023-06-15,-1,153.91,154.37,154.37,stop,-1.0,-0.0029887596647391046,0.002988759664739185
2023-06-16,-1,154.91,155.94,153.29,close,1.5728155339805852,0.010457685107481796,0.006649022012781622
2023-06-20,1,153.91,152.75,152.75,stop,-1.0,-0.007536872198037781,0.007536872198037792
2023-06-21,-1,151.93,152.26,152.26,stop,-1.0,-0.002172052919107381,0.002172052919107379
2023-06-22,1,148.83,147.95,150.11,close,1.4545454545454164,0.008600416582678294,0.005912786400591438
2023-06-23,1,148.08,147.54,147.54,stop,-1.0,-0.00364667747163705,0.003646677471637091
2023-06-26,1,149.01,148.22,148.22,stop,-1.0,-0.005301657606871957,0.005301657606871969
2023-06-27,1,147.71,147.27,147.27,stop,-1.0,-0.002978809830072371,0.002978809830072424
2023-06-28,1,149.0,148.84,148.84,stop,-1.0,-0.0010738255033556632,0.0010738255033556818
2023-06-29,-1,150.37,150.96,149.91,close,0.7796610169491616,0.0030591208352730437,0.0039236549843719055
2023-06-30,-1,151.17,151.75,151.75,stop,-1.0,-0.003836740093934088,0.0038367400939340645
2023-07-05,1,152.43,152.1,152.1,stop,-1.0,-0.0021649281637473594,0.002164928163747376
2023-07-06,-1,148.12,148.82,148.82,stop,-1.0,-0.004725897920604849,0.004725897920604838
2023-07-07,-1,148.94,149.26,149.26,stop,-1.0,-0.0021485161810124165,0.0021485161810124425
2023-07-10,1,149.93,149.38,149.38,stop,-1.0,-0.00366837857666924,0.003668378576669188
2023-07-11,-1,151.94,152.19,149.44,target,10.0,0.016453863367118626,0.00164538633671186
2023-07-12,1,154.03,153.28,153.28,stop,-1.0,-0.0048691813283127106,0.004869181328312666
2023-07-13,-1,156.23,156.39,156.39,stop,-1.0,-0.001024131088779301,0.001024131088779342
2023-07-14,1,158.82,158.69,160.11999999999995,target,10.0,0.008185367082231165,0.0008185367082231171
2023-07-17,-1,157.13,157.6,157.6,stop,-1.0,-0.002991153821676251,0.002991153821676312
2023-07-18,-1,158.44,159.26,159.26,stop,-1.0,-0.005175460742236737,0.005175460742236766
2023-07-19,-1,159.97,160.51,158.56,close,2.611111111111143,0.008814152653622509,0.0033756329311745454
2023-07-20,1,155.84,155.12,155.12,stop,-1.0,-0.00462012320328542,0.004620123203285414
2023-07-21,1,155.07,154.01,154.01,stop,-1.0,-0.006835622622041626,0.006835622622041674
2023-07-24,1,154.12,153.92,153.92,stop,-1.0,-0.0012976901116014128,0.0012976901116014603
2023-07-25,1,155.41,154.46,156.43,close,1.0736842105263393,0.006563284215944876,0.006112862750144705
2023-07-26,-1,154.24,155.14,155.14,stop,-1.0,-0.005835062240663769,0.005835062240663753
2023-07-27,1,159.21,158.5,158.5,stop,-1.0,-0.004459518874442625,0.00445951887444261
2023-07-28,-1,159.1612,160.22,160.22,stop,-1.0,-0.006652375076337647,0.006652375076337642
2023-07-31,1,160.76,160.62,160.62,stop,-1.0,-0.0008708633988553371,0.0008708633988553519
2023-08-01,-1,159.49,159.67,159.67,stop,-1.0,-0.001128597404225884,0.0011285974042258347
2023-08-02,-1,157.48,158.79,154.54,close,2.2442748091602995,0.01866903733807468,0.008318516637033289
2023-08-03,1,152.7,152.16,154.17,close,2.72222222222226,0.009626719056974542,0.003536345776031382
2023-08-04,1,155.1,154.12,154.12,stop,-1.0,-0.006318504190844565,0.006318504190844551
2023-08-07,1,155.54,155.34,155.34,stop,-1.0,-0.0012858428700012192,0.0012858428700012127
2023-08-08,-1,153.61,153.9,153.305,close,1.0517241379310869,0.001985547815897437,0.0018878979233122324
2023-08-09,-1,152.91,153.32,150.15,close,6.731707317073204,0.018049833235236346,0.002681315806683648
2023-08-10,1,151.66,150.68,150.68,stop,-1.0,-0.006461822497692116,0.006461822497692139
2023-08-11,-1,147.51,148.02,148.02,stop,-1.0,-0.0034573927191379195,0.0034573927191378167
2023-08-14,1,145.6,145.02,150.73,close,8.844827586207131,0.03523351648351647,0.003983516483516374
2023-08-16,-1,148.47,149.12,149.12,stop,-1.0,-0.0043779888192900795,0.004377988819290131
2023-08-17,-1,146.95,147.8,145.45,close,1.764705882352894,0.010207553589656304,0.005784280367472084
2023-08-18,1,143.78,143.62,143.62,stop,-1.0,-0.0011128112393934408,0.0011128112393934942
2023-08-21,1,147.76,146.96,151.05,close,4.1125000000001135,0.022265836491608182,0.005414185165132533
2023-08-22,-1,152.86,153.24,149.06000000000006,target,10.0,0.024859348423393657,0.0024859348423393658
2023-08-23,1,149.45,149.13,149.13,stop,-1.0,-0.002141184342589475,0.0021411843425894494
2023-08-24,-1,154.87,156.59,148.84,close,3.505813953488375,0.038935881707238384,0.011106088977852384
2023-08-25,1,148.64,148.19,148.19,stop,-1.0,-0.0030274488697523694,0.003027448869752346
2023-08-28,1,150.63,149.99,149.99,stop,-1.0,-0.004248821615879916,0.00424882161587988
2023-08-29,1,150.73,149.93,154.76,close,5.037500000000109,0.026736548795860182,0.005307503483049048
2023-08-30,-1,154.58,155.02,155.02,stop,-1.0,-0.0028464225643678454,0.00284642256436795
2023-08-31,1,155.13,154.85,156.19,close,3.7857142857142785,0.00683297879198097,0.0018049377941081748
2023-09-01,-1,157.38,157.63,156.18,close,4.7999999999999545,0.0076248570339305655,0.001588511882068878
2023-09-05,-1,155.37,155.78,155.78,stop,-1.0,-0.0026388620711848,0.0026388620711848914
2023-09-06,1,156.14,155.92,155.92,stop,-1.0,-0.001408991930318959,0.0014089919303189374
2023-09-07,-1,150.475,151.23,151.23,stop,-1.0,-0.005017444758265377,0.005017444758265463
2023-09-08,1,151.86,150.93,150.93,stop,-1.0,-0.006124061635717104,0.006124061635717153
2023-09-11,-1,151.4,152.19,150.44,close,1.2151898734177438,0.006340819022457089,0.005217965653896909
2023-09-12,1,150.0,149.16,149.29,close,-0.8452380952381012,-0.004733333333333367,0.0056000000000000225
2023-09-13,1,149.71,149.04,150.56,close,1.268656716417872,0.005677643443991576,0.004475318949970048
2023-09-14,-1,151.57,152.16,151.38,close,0.322033898305079,0.0012535462162697186,0.0038925908821007024
2023-09-15,-1,149.74,150.54,146.75,close,3.737500000000091,0.01996794443702421,0.005342593829304013
2023-09-18,1,146.07,144.97,147.29,close,1.1090909090909138,0.008352159923324498,0.007530635996440024
2023-09-19,1,146.72,146.13,146.13,stop,-1.0,-0.004021264994547469,0.004021264994547461
2023-09-20,-1,146.14,146.65,146.65,stop,-1.0,-0.0034898042972493215,0.003489804297249346
2023-09-21,1,142.26,141.42,141.42,stop,-1.0,-0.005904681568958292,0.0059046815689582696
2023-09-22,1,142.2,141.98,141.98,stop,-1.0,-0.0015471167369901506,0.001547116736990147
2023-09-25,-1,141.04,141.51,141.51,stop,-1.0,-0.003332387975042428,0.0033323879750425333
2023-09-26,-1,141.33,141.92,141.92,stop,-1.0,-0.004174626760064859,0.004174626760064919
2023-09-27,1,141.98,141.78,141.78,stop,-1.0,-0.0014086491055077532,0.001408649105507738
2023-09-28,-1,141.67,141.78,141.78,stop,-1.0,-0.0007764523187689942,0.0007764523187690665
2023-09-29,-1,146.53,146.81,146.81,stop,-1.0,-0.001910871493892019,0.0019108714938920435
2023-10-02,1,146.28,145.17,145.17,stop,-1.0,-0.007588187038556238,0.007588187038556287
2023-10-03,1,145.7,145.19,145.19,stop,-1.0,-0.0035003431708990895,0.0035003431708990457
2023-10-04,-1,143.72,144.11,144.11,stop,-1.0,-0.002713609796827221,0.0027136097968272666
2023-10-05,1,145.76,145.21,145.21,stop,-1.0,-0.0037733260153676174,0.003773326015367611
2023-10-06,-1,144.6,145.0692,145.0692,stop,-1.0,-0.003244813278008296,0.003244813278008304
2023-10-09,-1,145.99,147.05,147.05,stop,-1.0,-0.007260771285704459,0.007260771285704516
2023-10-10,-1,148.17,148.69,148.69,stop,-1.0,-0.003509482351353288,0.0035094823513532446
2023-10-11,1,151.14,150.4332,150.4332,stop,-1.0,-0.0046764589122666456,0.004676458912266687
2023-10-12,1,152.08,151.74,151.74,stop,-1.0,-0.0022356654392424735,0.002235665439242526
2023-10-13,-1,151.61,152.6325,148.36,close,3.178484107579526,0.02143658070048149,0.006744278081920582
2023-10-16,1,149.52,148.42,150.07,close,0.4999999999999742,0.0036784376672016617,0.007356875334403576
2023-10-17,-1,145.65,146.74,146.74,stop,-1.0,-0.007483693786474399,0.0074836937864744485
2023-10-18,1,146.23,145.11,145.11,stop,-1.0,-0.0076591670655814514,0.007659167065581455
2023-10-19,-1,146.62,147.67,144.32,close,2.190476190476237,0.015686809439367178,0.0071613695266674595
2023-10-20,1,144.42,143.94,143.94,stop,-1.0,-0.0033236393851266977,0.003323639385126643
2023-10-23,-1,140.72,141.65,141.65,stop,-1.0,-0.006608868675383794,0.006608868675383789
2023-10-24,1,143.28,142.53,144.25,close,1.293333333333332,0.006769960915689488,0.005234505862646566
2023-10-25,-1,142.3,143.15,138.63,close,4.317647058823577,0.025790583274771683,0.0059732958538298965
2023-10-26,1,140.29,138.72,138.72,stop,-1.0,-0.011191104141421326,0.011191104141421293
2023-10-27,-1,138.87,139.46,139.46,stop,-1.0,-0.0042485778065817215,0.00424857780658172
2023-10-30,1,138.8,137.74,137.74,stop,-1.0,-0.007636887608069132,0.00763688760806918
2023-10-31,-1,137.18,138.01,138.01,stop,-1.0,-0.006050444671234834,0.006050444671234757
2023-11-01,1,140.01,139.06,142.45,close,2.5684210526316074,0.01742732661952706,0.006785229626455173
2023-11-02,-1,144.94,145.99,145.99,stop,-1.0,-0.0072443769835794924,0.007244376983579491
2023-11-03,1,147.7,147.18,149.51,close,3.480769230769357,0.01225457007447539,0.0035206499661474735
2023-11-06,1,149.84,149.75,149.75,stop,-1.0,-0.0006006406833956035,0.0006006406833956447
2023-11-07,-1,149.62,150.07,150.07,stop,-1.0,-0.003007619302232145,0.0030076193022322457
2023-11-08,1,151.59,150.94,150.94,stop,-1.0,-0.004287881786397607,0.004287881786397557
2023-11-09,-1,152.67,153.07,153.07,stop,-1.0,-0.0026200301303465068,0.0026200301303465363
2023-11-10,-1,153.18,153.42,153.42,stop,-1.0,-0.0015667841754796186,0.0015667841754797014
2023-11-13,-1,156.12,156.46,156.46,stop,-1.0,-0.0021778119395337026,0.002177811939533714
2023-11-14,-1,159.85,160.47,160.47,stop,-1.0,-0.0038786362214575654,0.003878636221457645
2023-11-15,-1,162.14,162.23,161.23999999999995,target,10.0,0.005550758603676043,0.0005550758603676047
2023-11-16,1,160.97,160.24,161.8,close,1.136986301369896,0.005156240293222369,0.004535006522954525
2023-11-17,1,161.52,160.88,162.55,close,1.6093749999999647,0.006376919266963821,0.003962357602773741
2023-11-20,1,163.07,162.52,164.89,close,3.3090909090909992,0.011160851168209973,0.003372784693689722
2023-11-21,1,163.75,163.25,163.25,stop,-1.0,-0.003053435114503844,0.0030534351145038168
2023-11-22,1,164.19,163.15,163.15,stop,-1.0,-0.006334125098970689,0.006334125098970657
2023-11-27,-1,160.96,161.62,161.62,stop,-1.0,-0.004100397614314133,0.004100397614314094
2023-11-28,1,161.055,160.63,160.63,stop,-1.0,-0.00263885008227005,0.0026388500822701025
2023-11-29,1,163.535,162.74,162.74,stop,-1.0,-0.004861344666279299,0.004861344666279313
2023-11-30,-1,162.38,162.84,160.49,close,4.108695652173813,0.011639364453750356,0.002832861189801749
2023-12-01,-1,159.17,160.15,160.15,stop,-1.0,-0.006156939121693794,0.006156939121693902
2023-12-04,1,159.27,158.82,158.82,stop,-1.0,-0.002825390845733744,0.0028253908457337665
2023-12-05,-1,157.31,157.8,157.8,stop,-1.0,-0.0031148687305322387,0.003114868730532128
2023-12-06,-1,160.49,160.97,157.5,close,6.229166666666819,0.01863044426444016,0.0029908405508130708
2023-12-07,1,159.29,158.22,161.12,close,1.7102803738317982,0.01148848013057946,0.006717308054491765
2023-12-08,1,161.4,160.66,162.45,close,1.4189189189188784,0.006505576208178265,0.004584882280049623
2023-12-11,1,164.09,163.29,166.35,close,2.8249999999999487,0.013772929489914043,0.004875373270766112
2023-12-12,1,165.9,165.33,168.19,close,4.017543859649157,0.013803496081977062,0.003435804701627445
2023-12-13,1,168.67,168.215,168.215,stop,-1.0,-0.0026975751467361864,0.0026975751467361365
2023-12-14,1,172.4,171.52,171.52,stop,-1.0,-0.005104408352668233,0.005104408352668187
2023-12-15,1,174.71,173.7,174.09,close,-0.6138613861386066,-0.003548737908534161,0.0057810085284186324
2023-12-18,-1,172.77,173.63,173.63,stop,-1.0,-0.004977716038663926,0.004977716038664034
2023-12-19,1,173.29,172.91,173.91,close,1.6315789473684525,0.003577817531305927,0.0021928559062842374
2023-12-20,1,173.1,172.57,172.57,stop,-1.0,-0.003061813980358208,0.003061813980358181
2023-12-21,1,172.68,172.26,172.26,stop,-1.0,-0.0024322446143155707,0.002432244614315589
2023-12-22,-1,173.79,174.22,174.22,stop,-1.0,-0.0024742505322516983,0.0024742505322516073
2023-12-26,1,174.84,173.78,175.73,close,0.8396226415094193,0.0050903683367649055,0.00606268588423703
2023-12-27,-1,176.11,176.75,176.0,close,0.17187500000002498,0.0006246096189882477,0.0036340923286581474
2023-12-28,-1,175.79,176.64,176.64,stop,-1.0,-0.004835314864326756,0.004835314864326722
2023-12-29,1,176.12,175.79,175.79,stop,-1.0,-0.0018737224619578274,0.001873722461957827
2024-01-02,-1,170.94,172.35,168.9,close,1.4468085106382957,0.01193401193401189,0.00824850824850823
2024-01-03,1,166.46,165.7,165.7,stop,-1.0,-0.004565661420161127,0.0045656614201611155
2024-01-04,1,165.129,163.97,165.0,close,-0.11130284728213252,-0.0007812074196537067,0.00701875503394311
2024-01-05,1,166.2399,165.23,165.23,stop,-1.0,-0.0060749555311331305,0.006074955531133115
2024-01-08,1,168.09,167.28,171.97,close,4.790123456790105,0.023082872270807187,0.0048188470462252496
2024-01-09,1,171.05,170.36,170.36,stop,-1.0,-0.004033908213972537,0.004033908213972509
2024-01-10,-1,172.22,173.1,172.57,close,-0.3977272727272683,-0.002032284287539099,0.00510974335152709
2024-01-11,1,173.85,173.25,173.25,stop,-1.0,-0.00345125107851596,0.0034512510785159297
2024-01-12,-1,173.41,173.75,173.75,stop,-1.0,-0.001960671241566292,0.00196067124156625
2024-01-16,1,173.51,172.74,175.73,close,2.8831168831169496,0.012794651605094742,0.004437784565730977
2024-01-17,-1,172.58,174.65,174.65,stop,-1.0,-0.011994437362382593,0.011994437362382622
2024-01-18,-1,179.44,180.16,180.16,stop,-1.0,-0.004012483281319756,0.004012483281319655
2024-01-19,1,182.56,181.42,187.25,close,4.114035087719243,0.025690184049079745,0.006244522348816908
2024-01-22,1,189.69,188.635,188.635,stop,-1.0,-0.005561705941272588,0.005561705941272639
2024-01-23,-1,186.28,188.06,188.06,stop,-1.0,-0.00955550783766368,0.009555507837663738
2024-01-24,-1,190.71,191.7,191.7,stop,-1.0,-0.0051911278905143465,0.005191127890514292
2024-01-25,-1,195.4,195.9,192.42,close,5.960000000000036,0.015250767656090125,0.0025588536335721594
2024-01-26,1,189.56,188.37,188.37,stop,-1.0,-0.006277695716395804,0.006277695716395852
2024-01-29,1,188.8,188.24,188.24,stop,-1.0,-0.0029661016949152907,0.002966101694915266
2024-01-30,1,190.18,189.74,189.74,stop,-1.0,-0.0023135976443369177,0.002313597644336932
2024-01-31,1,185.75,185.09,185.09,stop,-1.0,-0.0035531628532974313,0.0035531628532974244
2024-02-01,-1,186.63,186.8,186.8,stop,-1.0,-0.0009108932111665524,0.0009108932111665645
2024-02-02,1,188.58,187.86,191.23,close,3.6805555555555296,0.014052391557959343,0.0038180082723512504
2024-02-05,1,194.42,192.92,192.92,stop,-1.0,-0.007715255632136597,0.007715255632136612
2024-02-06,-1,194.46,195.89,192.72,close,1.2167832167832415,0.008947855600123455,0.007353697418492124
2024-02-07,-1,193.43,193.98,193.98,stop,-1.0,-0.0028434058832651488,0.0028434058832651756
2024-02-08,1,198.16,197.14,197.14,stop,-1.0,-0.005147355672184162,0.005147355672184145
2024-02-09,-1,200.7,201.66,201.66,stop,-1.0,-0.004783258594917905,0.004783258594917828
2024-02-12,1,204.9699,203.64,203.64,stop,-1.0,-0.006488269741069308,0.0064882697410693435
2024-02-13,1,197.36,196.29,199.25,close,1.7663551401868676,0.009576408593433339,0.005421564653425322
2024-02-14,1,202.49,201.95,201.95,stop,-1.0,-0.0026667983604129475,0.002666798360412961
2024-02-15,-1,203.675,204.74,202.6,close,1.0093896713615205,0.00527801644777226,0.005228918620351038
2024-02-16,1,205.34,204.02,204.02,stop,-1.0,-0.006428362715496183,0.006428362715496217
2024-02-20,-1,199.669,200.76,197.8,close,1.7131072410632764,0.009360491613620514,0.005464042991150252
2024-02-21,1,196.02,194.86,194.86,stop,-1.0,-0.005917763493521022,0.005917763493521052
2024-02-22,1,207.17,206.33,209.97,close,3.3333333333334463,0.013515470386639139,0.004054641115991577
2024-02-23,1,213.07,211.48,211.48,stop,-1.0,-0.007462336321396701,0.00746233632139674
2024-02-26,1,211.32,210.48,210.48,stop,-1.0,-0.003975014196479276,0.003975014196479289
2024-02-27,1,211.488,210.75,210.75,stop,-1.0,-0.003489559691330024,0.0034895596913300025
2024-02-28,-1,207.4,207.62,207.62,stop,-1.0,-0.001060752169720347,0.0010607521697203416
2024-02-29,1,210.43,209.8,209.8,stop,-1.0,-0.0029938696953856203,0.0029938696953856173
2024-03-01,1,215.24,213.98,220.55,close,4.214285714285651,0.0246701356625163,0.0058539304961903885
2024-03-04,-1,223.47,224.2,224.2,stop,-1.0,-0.0032666577169193634,0.0032666577169194514
2024-03-05,-1,221.23,222.57,222.57,stop,-1.0,-0.006057044704605996,0.006057044704606082
2024-03-06,1,225.53,224.79,224.79,stop,-1.0,-0.0032811599343768316,0.0032811599343768416
2024-03-07,1,230.46,229.46,234.19,close,3.7299999999999898,0.016185021261824195,0.0043391477913737745
2024-03-08,1,237.44,235.58,235.58,stop,-1.0,-0.00783355795148244,0.007833557951482417
2024-03-11,-1,219.36,222.8,222.8,stop,-1.0,-0.015681983953318657,0.015681983953318733
2024-03-12,-1,222.67,224.94,224.94,stop,-1.0,-0.010194458166793874,0.010194458166793957
2024-03-13,-1,224.25,225.87,223.45,close,0.4938271604938328,0.0035674470457079943,0.007224080267558549
2024-03-14,1,223.425,222.16,222.16,stop,-1.0,-0.00566185520868312,0.0056618552086830694
2024-03-15,-1,216.875,217.57,217.57,stop,-1.0,-0.0032046109510086573,0.003204610951008614
2024-03-18,1,222.31,221.64,221.64,stop,-1.0,-0.003013809545229673,0.0030138095452297057
2024-03-19,1,216.07,214.67,214.67,stop,-1.0,-0.006479381681862351,0.006479381681862386
2024-03-20,-1,218.485,219.265,219.265,stop,-1.0,-0.003570039133121039,0.003570039133121142
2024-03-21,-1,226.96,228.58,228.58,stop,-1.0,-0.007137821642580144,0.00713782164258021
2024-03-22,1,226.156,225.22,227.61,close,1.5534188034188,0.006429190470294888,0.0041387360936698874
2024-03-25,1,225.975,224.862,227.08,close,0.9928122192273303,0.004889921451488144,0.004925323597743112
2024-03-26,1,229.31,228.07,228.07,stop,-1.0,-0.0054075269286120164,0.005407526928611963
2024-03-27,-1,225.49,226.84,224.89,close,0.4444444444444632,0.002660871879019089,0.005986961727792782
2024-03-28,-1,224.22,224.54,224.54,stop,-1.0,-0.0014271697440013664,0.0014271697440013968
2024-04-01,1,227.55,225.5,227.9,close,0.17073170731706946,0.001538123489343013,0.00900900900900906
2024-04-02,-1,223.75,224.72,224.72,stop,-1.0,-0.004335195530726255,0.004335195530726252
2024-04-03,1,223.32,222.68,225.88,close,4.000000000000089,0.011463370947519369,0.002865842736879753
2024-04-04,1,229.5,229.0,229.0,stop,-1.0,-0.002178649237472796,0.002178649237472767
2024-04-05,1,221.2921,221.0,221.0,stop,-1.0,-0.0013199748206104145,0.0013199748206104282
2024-04-08,-1,223.73,224.89,224.89,stop,-1.0,-0.005184820989585726,0.005184820989585647
2024-04-09,-1,224.67,225.89,225.89,stop,-1.0,-0.005430186495749334,0.005430186495749317
2024-04-10,1,221.83,220.5,222.15,close,0.2406015037593911,0.0014425460938556345,0.005995582202587623
2024-04-11,1,223.79,222.39,222.39,stop,-1.0,-0.0062558648733187505,0.006255864873318762
2024-04-12,-1,223.0369,223.8199,220.63,close,3.073946360153317,0.010791487865909222,0.0035106298554184847
2024-04-15,-1,222.74,223.99,223.99,stop,-1.0,-0.005611924216575304,0.005611924216575379
2024-04-16,1,217.63,216.98,216.98,stop,-1.0,-0.0029867205808022934,0.002986720580802305
2024-04-17,-1,219.53,220.0945,220.0945,stop,-1.0,-0.002571402541793777,0.002571402541793876
2024-04-18,-1,209.84,211.0,211.0,stop,-1.0,-0.005528021349599621,0.005528021349599678
2024-04-19,1,207.485,205.97,205.97,stop,-1.0,-0.007301732655372706,0.007301732655372748
2024-04-22,-1,200.32,201.41,201.41,stop,-1.0,-0.005441293929712376,0.005441293929712477
2024-04-23,-1,204.07,205.45,205.45,stop,-1.0,-0.006762385455971076,0.0067623854559709685
2024-04-24,-1,212.49,213.05,213.05,stop,-1.0,-0.0026354181373240415,0.00263541813732412
2024-04-25,-1,206.66,207.34,207.34,stop,-1.0,-0.003290428723507155,0.003290428723507243
2024-04-26,1,213.355,211.94,217.72,close,3.084805653710271,0.020458859647067174,0.006632138923390556
2024-04-29,-1,217.08,217.94,217.94,stop,-1.0,-0.003961673115902009,0.003961673115901903
2024-04-30,1,218.26,217.1895,217.1895,stop,-1.0,-0.004904700815541063,0.004904700815541013
2024-05-01,-1,211.0,211.835,211.835,stop,-1.0,-0.003957345971564052,0.003957345971564019
2024-05-02,-1,211.13,211.92,211.92,stop,-1.0,-0.003741770473168149,0.0037417704731681524
2024-05-03,-1,215.93,216.25,216.25,stop,-1.0,-0.0014819617468624369,0.0014819617468623775
2024-05-06,-1,219.015,219.37,219.37,stop,-1.0,-0.001620893546104174,0.0016208935461042313
2024-05-07,-1,222.28,222.82,222.82,stop,-1.0,-0.0024293683642253594,0.0024293683642252657
2024-05-08,1,219.06,218.7,221.4,close,6.499999999999763,0.010682004930156141,0.0016433853738702347
2024-05-09,-1,221.03,221.77,219.98,close,1.4189189189189169,0.0047504863593177404,0.0033479618151382577
2024-05-10,1,224.48,222.77,222.77,stop,-1.0,-0.007617605131860161,0.007617605131860209
2024-05-13,-1,223.72,224.41,224.41,stop,-1.0,-0.003084212408367648,0.003084212408367592
2024-05-14,-1,222.65,223.13,223.13,stop,-1.0,-0.0021558499887714966,0.0021558499887715686
2024-05-15,1,229.55,228.58,228.58,stop,-1.0,-0.004225658897843654,0.004225658897843602
2024-05-16,-1,233.72,233.95,233.95,stop,-1.0,-0.000984083518740242,0.0009840835187403293
2024-05-17,-1,232.8,233.59,233.59,stop,-1.0,-0.003393470790377995,0.0033934707903779727
2024-05-20,1,232.56,230.885,235.04,close,1.480597014925357,0.010663914688682441,0.0072024423804610055
2024-05-21,1,233.58,232.39,232.39,stop,-1.0,-0.005094614264920083,0.005094614264920054
2024-05-22,-1,236.81,237.215,236.61,close,0.4938271604937977,0.0008445589290991817,0.0017102318314260426
2024-05-23,-1,243.285,244.34,244.34,stop,-1.0,-0.00433647779353441,0.004336477793534361
2024-05-24,1,241.68,240.29,244.26,close,1.856115107913638,0.010675273088381232,0.005751406818934188
2024-05-28,-1,247.35,248.18,248.18,stop,-1.0,-0.003355569031736394,0.0033555690317364564
2024-05-29,-1,245.05,246.37,246.37,stop,-1.0,-0.005386655784533678,0.005386655784533741
2024-05-30,-1,244.77,246.13,242.235,close,1.863970588235312,0.010356661355558239,0.005556236466887222
2024-05-31,-1,241.68,243.42,243.42,stop,-1.0,-0.007199602780536107,0.007199602780536166
2024-06-03,-1,244.85,245.44,243.49,close,2.3050847457626733,0.005554421074126958,0.0024096385542168816
2024-06-04,-1,242.39,243.7,242.59,close,-0.15267175572520358,-0.0008251165477124456,0.005404513387515996
2024-06-05,1,247.6279,246.71,254.5,close,7.486763263972073,0.027751719414492504,0.003706771329078844
2024-06-06,-1,255.25,255.58,255.58,stop,-1.0,-0.0012928501469149367,0.0012928501469148385
2024-06-07,-1,250.95,252.2801,252.2801,stop,-1.0,-0.005300259015740272,0.005300259015740251
2024-06-10,1,251.89,250.0478,255.9,close,2.1767451959613715,0.0159196474651635,0.00731350986541741
2024-06-11,-1,254.9,255.11,255.11,stop,-1.0,-0.000823852491173005,0.0008238524911730402
2024-06-12,1,261.33,259.76,263.06,close,1.1019108280254941,0.006619982397734647,0.006007729690429699
2024-06-13,1,267.1306,266.6001,266.6001,stop,-1.0,-0.001985919995687535,0.001985919995687569
2024-06-14,1,265.9,264.62,267.84,close,1.5156250000000306,0.007295975930801113,0.004813839789394407
2024-06-17,-1,270.0,271.03,271.03,stop,-1.0,-0.0038148148148147154,0.0038148148148147137
2024-06-18,1,274.8137,273.02,276.74,close,1.0739254055862322,0.007009475874019566,0.006526967178128315
2024-06-20,-1,277.2,279.57,268.92,close,3.493670886075931,0.029870129870129825,0.008549783549783566
2024-06-21,1,266.16,264.55,264.55,stop,-1.0,-0.006048993086865129,0.006048993086865094
2024-06-24,1,262.94,261.12,261.12,stop,-1.0,-0.006921731193428093,0.006921731193428132
2024-06-25,-1,256.92,258.52,258.52,stop,-1.0,-0.006227619492448877,0.006227619492448878
2024-06-26,-1,261.185,262.57,262.57,stop,-1.0,-0.0053027547523785135,0.005302754752378547
2024-06-27,1,260.93,259.875,259.875,stop,-1.0,-0.004043229985053465,0.004043229985053489
2024-06-28,-1,260.11,260.73,260.73,stop,-1.0,-0.002383606935527194,0.0023836069355272944
2024-07-01,-1,258.91,261.07,261.07,stop,-1.0,-0.008342667336139753,0.008342667336139848
2024-07-02,1,260.69,258.71,263.645,close,1.4924242424242207,0.011335302466531028,0.007595228048640217
2024-07-05,-1,270.82,272.05,269.71,close,0.9024390243902416,0.004098663318809592,0.004541762055978208
2024-07-08,1,273.92,272.6,272.6,stop,-1.0,-0.0048189252336448,0.004818925233644834
2024-07-09,1,277.58,275.93,275.93,stop,-1.0,-0.005944232293392804,0.005944232293392814
2024-07-10,-1,277.16,278.13,278.13,stop,-1.0,-0.0034997835185450743,0.0034997835185451376
2024-07-11,-1,281.55,283.07,270.96,close,6.9671052631579995,0.03761321257325534,0.005398685846208424
2024-07-12,-1,271.32,272.74,272.74,stop,-1.0,-0.0052336724163351,0.005233672416335014
2024-07-15,1,276.7,275.755,275.755,stop,-1.0,-0.00341525117455721,0.0034152511745572578
2024-07-16,-1,274.41,275.31,275.31,stop,-1.0,-0.003279763857002127,0.0032797638570022125
2024-07-17,-1,262.33,263.97,263.97,stop,-1.0,-0.006251667746731471,0.006251667746731381
2024-07-18,-1,257.71,260.0,255.64,close,0.9039301310043557,0.00803228435062664,0.008885957083543597
2024-07-19,-1,254.26,255.21,248.21,close,6.368421052631446,0.02379454102100209,0.0037363328875954422
2024-07-22,-1,252.8,253.23,253.23,stop,-1.0,-0.0017009493670885334,0.0017009493670885221
2024-07-23,1,256.33,254.62,254.62,stop,-1.0,-0.006671088050559715,0.006671088050559746
2024-07-24,-1,249.99,251.32,240.94,close,6.804511278195578,0.03620144805792236,0.005320212808512277
2024-07-25,-1,236.595,239.44,239.44,stop,-1.0,-0.012024768063568558,0.012024768063568541
2024-07-26,-1,240.14,242.27,242.27,stop,-1.0,-0.0088698259348714,0.008869825934871425
2024-07-29,1,242.98,241.655,241.655,stop,-1.0,-0.0054531237138858435,0.00545312371388587
2024-07-30,-1,239.83,240.57,240.57,stop,-1.0,-0.0030855189092273694,0.0030855189092272887
2024-07-31,-1,240.71,243.06,243.06,stop,-1.0,-0.009762785094096671,0.009762785094096607
2024-08-01,1,245.52,243.06,243.06,stop,-1.0,-0.010019550342130978,0.01001955034213102
2024-08-02,-1,216.47,219.92,219.92,stop,-1.0,-0.01593754330854158,0.01593754330854155
2024-08-05,1,203.7,200.49,213.4,close,3.021806853582579,0.04761904761904767,0.015758468335787822
2024-08-06,-1,216.15,218.09,218.09,stop,-1.0,-0.008975248669905067,0.008975248669905147
2024-08-07,-1,224.57,226.1,211.35,close,8.640522875816986,0.058868058957118,0.006813020439061322
2024-08-08,-1,217.13,218.295,218.295,stop,-1.0,-0.005365449270022582,0.005365449270022531
2024-08-09,1,225.45,224.1113,224.1113,stop,-1.0,-0.00593790197383004,0.005937901973830068
2024-08-12,1,227.35,225.18,225.18,stop,-1.0,-0.009544754783373577,0.009544754783373598
2024-08-13,-1,229.67,231.24,231.24,stop,-1.0,-0.006835894979753565,0.0068358949797536536
2024-08-14,-1,236.67,239.18,236.35,close,0.12749003984063376,0.0013520936324840083,0.010605484429796846
2024-08-15,-1,240.45,240.98,240.98,stop,-1.0,-0.0022042004574756024,0.0022042004574755717
2024-08-16,1,244.68,243.0,246.6113,close,1.1495833333333245,0.007893166584927114,0.006866110838646423
2024-08-19,-1,245.7,246.47,246.47,stop,-1.0,-0.003133903133903271,0.003133903133903176
2024-08-20,1,250.31,249.39,249.39,stop,-1.0,-0.0036754424513604222,0.0036754424513603767
2024-08-21,1,248.57,248.35,248.35,stop,-1.0,-0.0008850625578308291,0.0008850625578307876
2024-08-22,-1,252.38,253.32,242.98000000000002,target,10.0,0.03724542356763605,0.0037245423567636017
2024-08-23,-1,245.07,245.98,245.98,stop,-1.0,-0.0037132247929163587,0.0037132247929162958
2024-08-26,1,247.8,246.59,246.59,stop,-1.0,-0.00488297013720751,0.004882970137207458
2024-08-27,1,241.37,240.0,240.0,stop,-1.0,-0.005675933214566831,0.005675933214566866
2024-08-28,1,245.16,244.27,244.27,stop,-1.0,-0.0036302822646434585,0.0036302822646434424
2024-08-29,1,243.63,239.56,239.56,stop,-1.0,-0.016705660222468444,0.016705660222468468
2024-08-30,-1,241.56,242.9,242.9,stop,-1.0,-0.005547276039079341,0.005547276039079332
2024-09-03,-1,236.19,238.87,225.07,close,4.149253731343275,0.04708074008213725,0.011346797070155413
2024-09-04,1,223.91,221.46,224.58,close,0.2734693877551098,0.0029922736813898787,0.01094189629761953
2024-09-05,1,222.71,221.73,224.21,close,1.5306122448979307,0.006735216200439931,0.004400341250954237
2024-09-06,-1,221.87,223.67,214.94,close,3.85000000000004,0.031234506693108566,0.008112858881326826
2024-09-09,1,219.3,218.2,218.2,stop,-1.0,-0.005015959872321174,0.005015959872321125
2024-09-10,-1,219.22,221.35,221.35,stop,-1.0,-0.009716266763981407,0.009716266763981367
2024-09-11,1,224.125,223.235,223.235,stop,-1.0,-0.003970998326826458,0.003970998326826487
2024-09-12,-1,231.64,232.92,232.92,stop,-1.0,-0.005525815921257227,0.005525815921257129
2024-09-13,1,236.43,234.96,234.96,stop,-1.0,-0.006217485090724506,0.0062174850907245225
2024-09-16,-1,231.62,233.73,233.73,stop,-1.0,-0.009109748726362055,0.00910974872636208
2024-09-17,-1,235.62,237.13,233.79,close,1.21192052980134,0.007766743060860781,0.00640862405568284
2024-09-18,-1,234.51,235.09,235.09,stop,-1.0,-0.0024732420792290544,0.0024732420792290843
2024-09-19,-1,238.78,240.48,240.48,stop,-1.0,-0.00711952424826201,0.007119524248261951
2024-09-20,1,238.9,238.14,238.14,stop,-1.0,-0.0031812473838427335,0.0031812473838426928
2024-09-23,-1,238.77,239.8199,238.93,close,-0.15239546623487923,-0.0006701009339531439,0.004397118565983916
2024-09-24,1,241.84,241.0,241.0,stop,-1.0,-0.0034733708236850402,0.003473370823685095
2024-09-25,1,244.32,242.8,245.58,close,0.8289473684210753,0.005157170923379306,0.006221349050425597
2024-09-26,-1,254.38,255.99,252.66,close,1.0683229813664499,0.006761537856749711,0.006329113924050687
2024-09-27,-1,252.6,253.21,246.49999999999986,target,10.0,0.0241488519398263,0.0024148851939826354
2024-09-30,1,245.17,243.92,243.92,stop,-1.0,-0.005098503079495886,0.00509850307949586
2024-10-01,-1,244.84,246.58,238.84,close,3.4482758620689475,0.024505799705930364,0.007106681914719854
2024-10-02,1,240.5,238.76,238.76,stop,-1.0,-0.007234927234927246,0.0072349272349272725
2024-10-03,1,243.81,241.34,244.49,close,0.27530364372469923,0.0027890570526230007,0.010130839588203924
2024-10-04,-1,248.27,249.21,247.79,close,0.510638297872361,0.0019333789825594083,0.0037862005075119734
2024-10-07,1,248.1,246.31,248.22,close,0.06703910614525424,0.00048367593712206336,0.00721483272873838
2024-10-08,-1,248.35,249.61,249.61,stop,-1.0,-0.0050734850010067944,0.005073485001006722
2024-10-09,-1,251.75,253.45,253.45,stop,-1.0,-0.00675273088381334,0.0067527308838132615
2024-10-10,1,252.84,252.21,252.21,stop,-1.0,-0.002491694352159457,0.0024916943521594505
2024-10-11,1,254.73,253.6,256.62,close,1.6725663716814358,0.007419620774938185,0.004436069563851904
2024-10-14,1,260.218,258.42,261.28,close,0.5906562847608198,0.004081193460867327,0.006909591188926215
2024-10-15,1,261.36,260.69,260.69,stop,-1.0,-0.0025635139271503737,0.0025635139271503516
2024-10-16,-1,247.78,249.83,247.32,close,0.22439024390244167,0.001856485592057533,0.0082734683993866
2024-10-17,-1,253.59,255.97,255.97,stop,-1.0,-0.009385228124137335,0.00938522812413737
2024-10-18,-1,252.41,253.52,251.53,close,0.7927927927927789,0.0034863911889385646,0.004397607067865828
2024-10-21,1,251.425,250.68,250.68,stop,-1.0,-0.0029631102714526847,0.0029631102714527376
2024-10-22,-1,250.36,251.62,251.62,stop,-1.0,-0.005032752835916199,0.005032752835916244
2024-10-23,-1,249.89,250.81,250.81,stop,-1.0,-0.0036816199127616134,0.003681619912761679
2024-10-24,-1,250.2281,251.2,250.04,close,0.19353842987964237,0.0007517141360223745,0.0038840561871347646
2024-10-25,1,253.74,252.3,253.01,close,-0.5069444444444579,-0.0028769606684008187,0.005675100496571284
2024-10-28,-1,252.36,253.05,251.16,close,1.739130434782639,0.004755111745126106,0.0027341892534474468
2024-10-29,-1,251.21,252.3,252.3,stop,-1.0,-0.004338999243660657,0.004338999243660695
2024-10-30,-1,250.74,252.04,252.04,stop,-1.0,-0.005184653425859498,0.005184653425859388
2024-10-31,-1,245.72,248.27,241.53,close,1.6431372549019525,0.017051929024906376,0.010377665635682938
2024-11-01,-1,244.21,244.54,244.54,stop,-1.0,-0.001351296015724035,0.0013512960157241066
2024-11-04,-1,244.46,246.0,246.0,stop,-1.0,-0.006299599116419863,0.006299599116419832
2024-11-05,1,246.6,245.08,248.31,close,1.1250000000000187,0.006934306569343018,0.006163828061638207
2024-11-06,-1,252.1,253.22,253.22,stop,-1.0,-0.004442681475604893,0.004442681475604937
2024-11-07,1,258.79,258.14,261.06,close,3.492307692307481,0.008771590865180201,0.002511689014258797
2024-11-08,1,261.07,260.49,260.49,stop,-1.0,-0.00222162638372847,0.002221626383728441
2024-11-11,-1,255.74,258.05,253.519,close,0.9614718614718621,0.008684601548447635,0.009032611245796521
2024-11-12,-1,251.92,253.3,253.3,stop,-1.0,-0.005477929501429113,0.00547792950142912
2024-11-13,1,250.99,249.96,249.96,stop,-1.0,-0.004103749153352765,0.0041037491533527275
2024-11-14,1,250.74,249.56,249.56,stop,-1.0,-0.00470607003270318,0.004706070032703225
2024-11-15,-1,242.7,244.17,244.17,stop,-1.0,-0.006056860321384416,0.006056860321384421
2024-11-18,-1,238.75,239.27,239.27,stop,-1.0,-0.0021780104712041393,0.002178010471204231
2024-11-19,-1,241.0,242.08,242.08,stop,-1.0,-0.004481327800829993,0.004481327800829928
2024-11-20,-1,241.895,243.75,242.59,close,-0.3746630727762787,-0.0028731474400049972,0.007668616548502407
2024-11-21,-1,245.14,248.1899,246.11,close,-0.3180432145316321,-0.003956922574855248,0.012441462021701918
2024-11-22,1,246.52,245.37,245.37,stop,-1.0,-0.00466493590783712,0.004664935907837115
2024-11-25,-1,245.06,246.35,243.66,close,1.0852713178294684,0.005712886640006576,0.005264016975434555
2024-11-26,-1,245.6,246.12,240.3999999999999,target,10.0,0.021172638436482538,0.00211726384364825
2024-11-27,-1,238.46,239.8,238.23,close,0.17164179104478924,0.0009645223517571466,0.005619391092845774
2024-12-02,1,244.87,243.35,247.89,close,1.9868421052631327,0.012333074692693957,0.006207375342018255
2024-12-03,1,247.75,245.93,248.405,close,0.3598901098901119,0.002643794147325851,0.007346115035317833
2024-12-04,-1,251.32,252.46,252.46,stop,-1.0,-0.004536049657806851,0.004536049657806839
2024-12-05,-1,251.66,252.12,252.12,stop,-1.0,-0.0018278629897481302,0.0018278629897481044
2024-12-06,1,248.26,247.41,247.41,stop,-1.0,-0.0034238298557963676,0.00342382985579632
2024-12-09,-1,244.99,246.4,246.4,stop,-1.0,-0.005755336952528722,0.005755336952528661
2024-12-10,-1,245.51,247.15,239.87,close,3.4390243902438633,0.02297258767463639,0.006679972302553928
2024-12-11,-1,242.62,243.81,243.81,stop,-1.0,-0.004904789382573549,0.004904789382573563
2024-12-12,-1,242.86,244.04,244.04,stop,-1.0,-0.004858766367454415,0.004858766367454411
2024-12-13,1,249.54,248.84,248.84,stop,-1.0,-0.0028051614971547068,0.0028051614971547193
2024-12-16,-1,250.17,251.08,251.08,stop,-1.0,-0.003637526481992337,0.0036375264819923456
2024-12-17,-1,249.54,250.9,250.9,stop,-1.0,-0.005450028051614986,0.0054500280516150265
2024-12-18,-1,251.6,252.5,252.5,stop,-1.0,-0.003577106518283024,0.0035771065182830116
2024-12-19,-1,242.74,243.25,238.92,close,7.490196078431548,0.01573700255417332,0.002101013430007378
2024-12-20,-1,237.29,237.59,237.59,stop,-1.0,-0.0012642757806904381,0.0012642757806903425
2024-12-23,1,246.28,243.53,249.41,close,1.1381818181818166,0.012709111580315069,0.011166152346922203
2024-12-26,1,250.915,249.63,249.63,stop,-1.0,-0.005121256202299529,0.00512125620229957
2024-12-27,-1,248.85,250.07,248.4,close,0.36885245901638447,0.0018083182640143969,0.004902551737994772
2024-12-30,-1,243.11,244.62,244.62,stop,-1.0,-0.006211180124223503,0.006211180124223565
2024-12-31,1,245.63,244.54,244.54,stop,-1.0,-0.004437568700891625,0.0044375687008915985
2025-01-02,1,245.05,244.16,244.16,stop,-1.0,-0.0036319118547235574,0.003631911854723586
2025-01-03,1,248.005,246.68,251.86,close,2.9094339622641896,0.015544041450777257,0.005342634221084206
2025-01-06,1,260.48,258.5,260.27,close,-0.10606060606062347,-0.0008062039312041192,0.00760135135135142
2025-01-07,-1,261.47,263.58,254.01,close,3.535545023696772,0.02853099782001778,0.008069759437028938
2025-01-08,-1,253.44,254.33,252.19,close,1.4044943820224487,0.0049321338383838675,0.003511679292929351
2025-01-10,-1,247.56,249.59,247.13,close,0.2118226600985254,0.001736952657941493,0.008200032315398292
2025-01-13,1,242.0248,240.84,240.84,stop,-1.0,-0.004895366094714193,0.0048953660947142425
2025-01-14,1,247.97,246.81,246.81,stop,-1.0,-0.004677985240149951,0.004677985240150004
2025-01-15,-1,248.88,249.3,249.3,stop,-1.0,-0.0016875602700097136,0.0016875602700097071
2025-01-16,-1,255.7428,257.2,252.21,close,2.4243755146856847,0.013813878631187215,0.005697912121084153
2025-01-17,-1,256.475,257.98,257.98,stop,-1.0,-0.005868018325372759,0.005868018325372825
2025-01-21,-1,260.2669,260.95,260.95,stop,-1.0,-0.002624613425679545,0.0026246134256794375
2025-01-22,1,266.86,265.14,267.2,close,0.19767441860463347,0.0012740762946863438,0.006445327137825179
2025-01-23,-1,262.85,263.235,263.235,stop,-1.0,-0.0014647137150465284,0.0014647137150465698
2025-01-24,-1,265.48,267.43,261.53,close,2.0256410256410606,0.014878710260660122,0.0073451860780472675
2025-01-27,1,244.88,241.03,241.03,stop,-1.0,-0.015721986278993794,0.01572198627899377
2025-01-28,-1,235.2,237.98,237.98,stop,-1.0,-0.011819727891156484,0.011819727891156468
2025-01-29,-1,240.18,242.41,242.41,stop,-1.0,-0.009284703139312178,0.00928470313931214
2025-01-30,-1,243.195,243.75,243.75,stop,-1.0,-0.002282119286991957,0.002282119286991948
2025-01-31,1,246.65,245.86,245.86,stop,-1.0,-0.003202919116156444,0.003202919116156465
2025-02-03,-1,235.87,236.25,236.25,stop,-1.0,-0.0016110569381437845,0.0016110569381438736
2025-02-04,1,239.175,238.64,238.64,stop,-1.0,-0.0022368558586809417,0.002236855858680987
2025-02-05,-1,241.86,242.53,242.53,stop,-1.0,-0.0027701976349954194,0.0027701976349954
2025-02-06,1,247.65,245.9,245.9,stop,-1.0,-0.007066424389259085,0.007066424389259035
2025-02-07,1,250.15,249.33,249.33,stop,-1.0,-0.0032780331800918994,0.0032780331800919176
2025-02-10,1,248.1,247.0,249.62,close,1.3818181818181983,0.006126561870213765,0.004433696090286152
2025-02-11,1,248.45,247.41,249.82,close,1.3173076923077067,0.0055141879653854975,0.004185952908029753
2025-02-12,1,246.12,244.54,248.55,close,1.537974683544296,0.009873232569478363,0.0064196326994962315
2025-02-13,1,249.74,247.79,251.945,close,1.1307692307692128,0.008829182349643583,0.0078081204452631415
2025-02-14,-1,251.1,252.0,252.0,stop,-1.0,-0.0035842293906809264,0.003584229390681026
2025-02-18,1,256.66,254.56,254.56,stop,-1.0,-0.008182030702096221,0.008182030702096246
2025-02-19,-1,255.72,256.17,256.17,stop,-1.0,-0.0017597372125763844,0.001759737212576322
2025-02-20,1,258.5,258.07,258.07,stop,-1.0,-0.0016634429400387285,0.0016634429400387112
2025-02-21,-1,258.03,258.65,258.65,stop,-1.0,-0.0024028213773592544,0.0024028213773592396
2025-02-24,-1,250.7,252.06,243.43,close,5.34558823529405,0.02899880335061822,0.0054248105305146135
2025-02-25,-1,241.9,243.04,243.04,stop,-1.0,-0.004712691194708407,0.004712691194708501
2025-02-26,1,241.94,241.5,241.5,stop,-1.0,-0.0018186327188558504,0.0018186327188559053
2025-02-27,-1,244.73,246.38,228.78,close,9.666666666666627,0.06517386507579781,0.006742123973358418
2025-02-28,-1,226.3,228.59,228.59,stop,-1.0,-0.010119310649580271,0.010119310649580167
2025-03-03,-1,233.33,235.37,223.04,close,5.044117647058854,0.04410063000900022,0.008742982042600574
2025-03-04,1,222.84,221.565,221.565,stop,-1.0,-0.005721593968766814,0.005721593968766854
2025-03-05,-1,225.39,227.82,227.82,stop,-1.0,-0.010781312391854092,0.010781312391854151
2025-03-06,-1,220.96,221.98,221.98,stop,-1.0,-0.004616220130340354,0.004616220130340251
2025-03-07,1,221.74,220.6,220.6,stop,-1.0,-0.005141156309190986,0.0051411563091910105
2025-03-10,-1,219.19,219.9,219.9,stop,-1.0,-0.00323919886856161,0.003239198868561558
2025-03-11,-1,214.235,215.69,215.69,stop,-1.0,-0.0067916073470719596,0.006791607347072065
2025-03-12,1,221.7,220.12,220.12,stop,-1.0,-0.007126747857464921,0.0071267478574649715
2025-03-13,1,221.94,220.62,220.62,stop,-1.0,-0.005947553392808835,0.005947553392808836
2025-03-14,1,224.63,223.35,223.35,stop,-1.0,-0.005698259359836144,0.005698259359836181
2025-03-17,1,228.74,226.02,228.97,close,0.08455882352940804,0.001005508437527336,0.01189123021771443
2025-03-18,-1,226.38,227.2,227.2,stop,-1.0,-0.003622228112023951,0.0036222281120240002
2025-03-19,-1,224.78,226.27,226.27,stop,-1.0,-0.006628703621318621,0.006628703621318663
2025-03-20,1,226.64,224.892,227.05,close,0.2345537757437227,0.0018090363572185186,0.007712672079068084
2025-03-21,-1,221.91,223.65,223.65,stop,-1.0,-0.007841016628362896,0.00784101662836289
2025-03-24,1,230.03,229.1,230.65,close,0.6666666666666666,0.002695300612963525,0.004042950919445319
2025-03-25,1,230.54,229.84,229.84,stop,-1.0,-0.003036349440444175,0.0030363494404441254
2025-03-26,-1,228.33,228.59,228.59,stop,-1.0,-0.0011387027547846706,0.0011387027547847014
2025-03-27,-1,218.0,219.86,219.86,stop,-1.0,-0.008532110091743261,0.008532110091743181
2025-03-28,-1,216.76,216.99,216.99,stop,-1.0,-0.0010610813803284547,0.0010610813803285579
2025-03-31,-1,205.37,207.46,207.46,stop,-1.0,-0.010176754151044465,0.010176754151044473
2025-04-01,-1,209.52,211.35,211.35,stop,-1.0,-0.008734249713631126,0.00873424971363108
2025-04-02,1,209.92,208.47,214.07,close,2.8620689655172677,0.01976943597560976,0.006907393292682873
2025-04-03,1,204.12,202.53,202.53,stop,-1.0,-0.0077895355673133215,0.007789535567313361
2025-04-04,-1,187.46,190.29,180.93,close,2.30742049469966,0.03483409794089409,0.015096553931505302
2025-04-07,1,173.64,172.57,172.57,stop,-1.0,-0.006162174614144145,0.006162174614144167
2025-04-08,-1,192.9,194.61,194.61,stop,-1.0,-0.008864696734059097,0.008864696734059138
2025-04-09,-1,180.77,183.06,183.06,stop,-1.0,-0.012668031199867258,0.01266803119986719
2025-04-10,1,201.89,200.07,200.07,stop,-1.0,-0.009014810045073984,0.009014810045074017
2025-04-11,-1,194.42,196.33,196.33,stop,-1.0,-0.009824092171587306,0.009824092171587414
2025-04-14,-1,204.88,206.78,201.57,close,1.7421052631578908,0.016155798516204634,0.00927372120265524
2025-04-15,1,203.63,202.13,202.13,stop,-1.0,-0.007366301625497229,0.007366301625497226
2025-04-16,1,195.22,192.82,192.82,stop,-1.0,-0.012293822354267014,0.01229382235426701
2025-04-17,-1,194.19,196.0,192.51,close,0.9281767955801131,0.008651320871311596,0.009320768319686916
2025-04-21,1,189.0,188.4,188.4,stop,-1.0,-0.0031746031746031633,0.0031746031746031447
2025-04-22,-1,189.23,190.35,190.35,stop,-1.0,-0.0059187232468425055,0.005918723246842491
2025-04-23,-1,201.3,202.12,202.12,stop,-1.0,-0.004073522106308847,0.004073522106308958
2025-04-24,-1,202.945,203.49,203.49,stop,-1.0,-0.0026854566508167643,0.002685456650816802
2025-04-25,1,208.44,206.5,211.97,close,1.819587628865982,0.016935329111494868,0.009307234695835722
2025-04-28,-1,210.45,211.37,211.37,stop,-1.0,-0.004371584699453646,0.004371584699453627
2025-04-29,-1,209.0,209.784,209.784,stop,-1.0,-0.0037511961722487275,0.0037511961722487648
2025-04-30,1,206.06,204.18,204.18,stop,-1.0,-0.009123556245753672,0.009123556245753641
2025-05-01,-1,213.79,215.01,215.01,stop,-1.0,-0.005706534449693601,0.005706534449693619
2025-05-02,1,219.03,217.74,217.74,stop,-1.0,-0.0058896041638131225,0.00588960416381314
2025-05-05,1,218.07,216.9,217.69,close,-0.32478632478632435,-0.0017425597285275485,0.005365249690466306
2025-05-06,1,214.45,213.34,213.34,stop,-1.0,-0.005176031709023032,0.005176031709023013
2025-05-07,-1,215.63,216.36,216.36,stop,-1.0,-0.003385428743681418,0.0033854287436813906
2025-05-08,-1,221.66,223.0288,223.0288,stop,-1.0,-0.006175223314986988,0.006175223314986886
2025-05-09,1,225.03,224.5,224.5,stop,-1.0,-0.002355241523352425,0.002355241523352447
2025-05-12,-1,236.42,238.04,238.04,stop,-1.0,-0.0068522121647915935,0.006852212164791492
2025-05-13,1,240.52,238.6,245.59,close,2.6406249999999747,0.02107932812240154,0.007982704141027839
2025-05-14,1,249.21,247.54,247.54,stop,-1.0,-0.006701175715260299,0.006701175715260286
2025-05-15,1,246.55,245.51,245.51,stop,-1.0,-0.0042182113161631785,0.0042182113161631325
2025-05-16,-1,246.46,247.61,246.57,close,-0.09565217391303016,-0.00044631988963717006,0.004666071573480507
2025-05-19,1,242.085,241.29,246.08,close,5.0251572327043075,0.016502468141355253,0.0032839705062272175
2025-05-20,1,243.805,243.33,243.33,stop,-1.0,-0.0019482783371956858,0.0019482783371956864
2025-05-21,1,244.42,243.32,243.32,stop,-1.0,-0.004500450045004434,0.004500450045004477
2025-05-22,-1,240.6,242.02,242.02,stop,-1.0,-0.00590191188694944,0.00590191188694936
2025-05-23,1,236.18,234.585,237.39,close,0.7586206896551602,0.005123211110170223,0.006753323736133452
2025-05-27,-1,241.17,242.49,242.49,stop,-1.0,-0.00547331757681313,0.005473317576813126
2025-05-28,-1,245.05,245.33,245.33,stop,-1.0,-0.0011426239542950967,0.0011426239542950464
2025-05-29,-1,248.425,249.21,244.1,close,5.509554140127435,0.01740968099023854,0.003159907416725356
2025-05-30,-1,241.45,243.23,239.4,close,1.1516853932584166,0.008490370677158743,0.007372126734313527
2025-06-02,1,241.32,238.96,243.32,close,0.8474576271186494,0.008287750704458752,0.009779545831261335
2025-06-03,-1,242.88,243.61,243.61,stop,-1.0,-0.0030055994729909496,0.003005599472990852
2025-06-04,1,251.38,250.57,250.57,stop,-1.0,-0.0032222133821306898,0.003222213382130648
2025-06-05,1,253.9,253.4,253.4,stop,-1.0,-0.001969279243796751,0.0019692792437967705
2025-06-06,-1,253.375,254.0391,254.0391,stop,-1.0,-0.0026210162802169368,0.0026210162802170326
2025-06-09,1,257.21,255.0,256.97,close,-0.1085972850678527,-0.0009330896932465693,0.008592200925313867
2025-06-10,-1,258.134,258.93,258.93,stop,-1.0,-0.003083669721927418,0.003083669721927341
2025-06-11,-1,263.46,263.76,263.76,stop,-1.0,-0.001138692780687789,0.0011386927806878136
2025-06-12,1,261.62,260.06,263.14,close,0.9743589743589612,0.005809953367479581,0.005962846877150074
2025-06-13,1,259.195,257.55,257.55,stop,-1.0,-0.006346573043461423,0.006346573043461416
2025-06-16,1,260.7,259.78,263.58,close,3.1304347826086367,0.01104718066743371,0.0035289604909858685
2025-06-17,1,263.53,262.08,262.08,stop,-1.0,-0.00550221986111632,0.005502219861116339
2025-06-18,-1,261.85,263.04,263.04,stop,-1.0,-0.004544586595379041,0.0045445865953790245
2025-06-20,-1,263.5724,265.025,260.23,close,2.3009775574831934,0.012681145673826277,0.005511199199916081
2025-06-23,-1,259.62,260.96,260.96,stop,-1.0,-0.005161389723441934,0.005161389723441857
2025-06-24,1,267.79,265.74,271.51,close,1.8146341463414388,0.013891482131520805,0.00765525224989735
2025-06-25,1,273.89,272.8,272.8,stop,-1.0,-0.003979699879513632,0.003979699879513582
2025-06-26,-1,276.36,277.12,277.12,stop,-1.0,-0.0027500361846866106,0.0027500361846866076
2025-06-27,1,278.83,277.41,277.41,stop,-1.0,-0.0050927088189934855,0.0050927088189935054
2025-06-30,-1,277.645,279.83,279.83,stop,-1.0,-0.007869761746114756,0.007869761746114652
2025-07-01,1,277.28,276.7362,276.7362,stop,-1.0,-0.001961194460473048,0.001961194460473082
2025-07-02,1,275.41,274.66,281.25,close,7.786666666666633,0.021204749282887292,0.002723212664754366
2025-07-07,-1,281.54,282.64,279.74,close,1.6363636363636975,0.006393407686296815,0.003907082474959031
2025-07-08,-1,280.78,281.91,281.91,stop,-1.0,-0.004024503169741678,0.004024503169741621
2025-07-09,1,286.81,284.51,284.51,stop,-1.0,-0.008019246190858142,0.008019246190858099
2025-07-10,-1,286.55,288.19,287.57,close,-0.6219512195121892,-0.0035595882045018623,0.005723259466061722
2025-07-11,-1,286.14,286.83,286.83,stop,-1.0,-0.0024114070035647917,0.0024114070035646806
2025-07-14,-1,283.815,286.44,286.44,stop,-1.0,-0.009248982611912648,0.00924898261191269
2025-07-15,1,291.885,291.41,291.41,stop,-1.0,-0.0016273532384328826,0.0016273532384328277
2025-07-16,-1,286.63,288.5,288.5,stop,-1.0,-0.006524090290618512,0.006524090290618584
2025-07-17,-1,288.68,290.21,290.21,stop,-1.0,-0.005299986143826985,0.00529998614382698
2025-07-18,1,292.98,291.875,291.875,stop,-1.0,-0.0037715885043347885,0.003771588504334829
2025-07-21,1,291.35,290.62,290.62,stop,-1.0,-0.0025055774841257206,0.002505577484125684
2025-07-22,-1,288.3,289.84,285.34,close,1.922077922077991,0.010267082899757307,0.005341657995143821
2025-07-23,-1,284.495,285.4,285.4,stop,-1.0,-0.0031810752385805774,0.003181075238580547
2025-07-24,-1,286.74,287.57,287.57,stop,-1.0,-0.002894608356001971,0.0028946083560018976
2025-07-25,-1,286.03,286.44,286.44,stop,-1.0,-0.0014334160752369485,0.0014334160752369509
2025-07-28,1,290.33,289.51,289.51,stop,-1.0,-0.002824372266042041,0.0028243722660420668
2025-07-29,1,295.74,293.5087,293.5087,stop,-1.0,-0.007544802867383571,0.007544802867383624
2025-07-30,1,295.59,294.225,294.225,stop,-1.0,-0.004617882878310997,0.004617882878311013
2025-07-31,-1,294.16,294.92,286.5600000000001,target,10.0,0.02583627957574075,0.002583627957574078
2025-08-01,1,282.955,281.9618,281.9618,stop,-1.0,-0.003510098778957804,0.0035100987789577908
2025-08-04,-1,286.275,286.73,286.73,stop,-1.0,-0.0015893808401015175,0.0015893808401014442
2025-08-05,-1,289.62,290.98,290.98,stop,-1.0,-0.004695808300531734,0.004695808300531778
2025-08-06,1,285.03,284.1401,284.1401,stop,-1.0,-0.0031221274953512346,0.0031221274953512077
2025-08-07,1,293.58,292.62,292.62,stop,-1.0,-0.0032699775189044544,0.003269977518904488
2025-08-08,-1,290.86,291.93,291.93,stop,-1.0,-0.0036787457883518115,0.003678745788351761
2025-08-11,-1,294.46,295.74,295.74,stop,-1.0,-0.0043469401616520464,0.004346940161651938
2025-08-12,-1,294.27,295.29,295.29,stop,-1.0,-0.0034662045060660507,0.0034662045060659895
2025-08-13,1,302.53,301.265,301.265,stop,-1.0,-0.004181403497173775,0.004181403497173789
2025-08-14,1,298.81,297.28,301.95,close,2.052287581699298,0.010508349787490268,0.005120310565242226
2025-08-15,-1,297.08,299.36,295.53,close,0.6798245614035049,0.005217449845159594,0.007674700417396088
2025-08-18,1,296.46,294.78,296.88,close,0.25000000000000844,0.001416717263711842,0.00566686905484722
2025-08-19,-1,295.63,296.86,296.86,stop,-1.0,-0.004160606163109426,0.004160606163109354
2025-08-20,-1,288.36,290.0,288.92,close,-0.3414634146341506,-0.001942016923290435,0.005687335275350209
2025-08-21,1,288.175,287.19,287.19,stop,-1.0,-0.003418061941528605,0.0034180619415286324
2025-08-22,1,287.69,286.54,293.66,close,5.191304347826214,0.02075150335430509,0.003997358267579607
2025-08-25,-1,292.9,294.15,294.15,stop,-1.0,-0.004267668146124892,0.004267668146124957
2025-08-26,1,295.22,294.7,294.7,stop,-1.0,-0.001761398279249482,0.0017613982792495041
2025-08-27,-1,295.45,296.16,296.16,stop,-1.0,-0.002403113894060116,0.002403113894060032
2025-08-28,1,299.45,298.01,298.01,stop,-1.0,-0.004808816162965468,0.004808816162965429
2025-08-29,-1,294.05,295.56,290.29,close,2.490066225165572,0.012786940996429186,0.005135181091651049
2025-09-02,-1,282.77,283.44,283.44,stop,-1.0,-0.002369416840541927,0.0023694168405418393
2025-09-03,-1,285.86,287.5399,287.5399,stop,-1.0,-0.005876652907017332,0.005876652907017334
2025-09-04,1,285.59,284.5901,284.5901,stop,-1.0,-0.0035011730102593175,0.003501173010259352
2025-09-05,-1,293.98,295.07,295.07,stop,-1.0,-0.0037077352200829417,0.0037077352200829135
2025-09-08,1,296.2,294.8,296.495,close,0.2107142857143005,0.0009959486833222009,0.004726536124240301
2025-09-09,1,297.66,297.09,297.09,stop,-1.0,-0.0019149365047370637,0.0019149365047371161
2025-09-10,-1,300.48,300.82,300.82,stop,-1.0,-0.0011315228966986002,0.0011315228966985323
2025-09-11,1,304.76,303.54,303.54,stop,-1.0,-0.00400315001968754,0.004003150019687526
2025-09-12,-1,304.43,305.59,304.3,close,0.11206896551724053,0.00042702755970169815,0.003810399763492324
2025-09-15,-1,303.7,304.55,304.55,stop,-1.0,-0.0027988146196904484,0.002798814619690559
2025-09-16,-1,308.05,308.67,307.24,close,1.30645161290322,0.0026294432721960526,0.0020126602824216996
2025-09-17,-1,305.47,306.54,306.54,stop,-1.0,-0.0035027989655285197,0.003502798965528507
2025-09-18,1,313.7,313.0,313.0,stop,-1.0,-0.002231431303793441,0.002231431303793397
2025-09-19,-1,314.79,316.51,315.76,close,-0.5639534883720855,-0.003081419358937687,0.005463960100384289
2025-09-22,1,317.475,316.0,322.225,close,3.220338983050798,0.014961808016379141,0.004646035120875731
2025-09-23,-1,323.14,323.44,323.44,stop,-1.0,-0.00092839017144275,0.0009283901714427535
2025-09-24,-1,320.54,321.395,321.395,stop,-1.0,-0.0026673738067011232,0.002667373806701071
2025-09-25,-1,315.77,316.76,316.76,stop,-1.0,-0.0031351933369225815,0.0031351933369224727
2025-09-26,-1,321.53,322.23,322.23,stop,-1.0,-0.0021770907846858645,0.002177090784685863
2025-09-29,1,325.58,324.64,324.64,stop,-1.0,-0.0028871552306652948,0.0028871552306652675
2025-09-30,-1,322.7,323.16,323.16,stop,-1.0,-0.0014254725751472463,0.0014254725751473084
2025-10-01,1,325.72,324.11,333.72,close,4.96894409937884,0.02456097261451551,0.004942895738671293
2025-10-02,-1,338.73,340.0,338.29,close,0.346456692913389,0.001298969680866735,0.00374929885159266
2025-10-03,1,339.86,338.58,338.58,stop,-1.0,-0.0037662566939329345,0.003766256693932883
2025-10-06,1,345.73,344.32,344.32,stop,-1.0,-0.0040783270181934395,0.00407832701819346
2025-10-07,-1,346.19,346.555,346.555,stop,-1.0,-0.0010543343250817294,0.0010543343250816288
2025-10-08,1,338.08,336.42,346.17,close,4.8734939759037275,0.02392924751538117,0.004910080454330242
2025-10-09,-1,345.78,346.47,346.47,stop,-1.0,-0.0019954884608712753,0.001995488460871232
2025-10-10,-1,345.3,346.4887,333.4130000000002,target,10.0,0.0344251375615402,0.0034425137561540195
2025-10-13,-1,335.67,337.95,337.95,stop,-1.0,-0.006792385378496579,0.0067923853784966565
2025-10-14,-1,332.035,333.79,333.79,stop,-1.0,-0.005285587362777955,0.005285587362778006
2025-10-15,-1,340.165,342.155,342.155,stop,-1.0,-0.005850102156306436,0.005850102156306358
2025-10-16,1,346.25,344.83,344.83,stop,-1.0,-0.004101083032491015,0.0041010830324910204
2025-10-17,1,341.435,339.48,339.48,stop,-1.0,-0.005725833614011355,0.005725833614011405
2025-10-20,1,347.615,345.66,347.26,close,-0.1815856777493714,-0.0010212447679185388,0.005624038088114678
2025-10-21,-1,345.87,347.1,345.33,close,0.4390243902439126,0.0015612802498049527,0.003556249457888855
2025-10-22,-1,342.1755,343.26,343.26,stop,-1.0,-0.003169426215494653,0.003169426215494655
2025-10-23,1,339.0298,336.725,345.06,close,2.6163658451926324,0.017786637044885145,0.006798222457140936
2025-10-24,1,351.87,350.0,350.0,stop,-1.0,-0.005314462727711966,0.005314462727711952
2025-10-27,1,357.895,357.01,357.01,stop,-1.0,-0.0024727922994174367,0.0024727922994174016
2025-10-28,1,359.97,359.01,359.01,stop,-1.0,-0.0026668889074090707,0.0026668889074090516
2025-10-29,1,370.968,369.0,369.0,stop,-1.0,-0.0053050397877985045,0.005305039787798456
2025-10-30,-1,366.11,368.35,368.35,stop,-1.0,-0.006118379721941514,0.006118379721941518
2025-10-31,1,367.41,366.389,366.389,stop,-1.0,-0.0027789118423560133,0.0027789118423559916
2025-11-03,1,367.81,367.64,367.64,stop,-1.0,-0.00046219515510725895,0.0004621951551072997
2025-11-04,-1,356.17,358.34,358.34,stop,-1.0,-0.006092596232136316,0.006092596232136224
2025-11-05,1,354.81,352.72,359.561,close,2.27320574162681,0.013390265212367192,0.005890476593106099
2025-11-06,-1,358.91,359.81,359.81,stop,-1.0,-0.002507592432643202,0.0025075924326432176
2025-11-07,-1,346.45,348.18,348.12,close,-0.9653179190751435,-0.004820320392552979,0.004993505556357391
2025-11-10,1,357.8,356.97,356.97,stop,-1.0,-0.002319731693683602,0.0023197316936835774
2025-11-11,1,355.45,354.84,354.84,stop,-1.0,-0.0017161344774230258,0.0017161344774230234
2025-11-12,-1,355.81,356.83,356.83,stop,-1.0,-0.002866698518872335,0.002866698518872381
2025-11-13,1,351.85,350.81,350.81,stop,-1.0,-0.002955805030552816,0.0029558050305528503
2025-11-14,-1,334.88,336.72,336.72,stop,-1.0,-0.005494505494505697,0.0054945054945055895
2025-11-17,1,344.82,340.58,340.58,stop,-1.0,-0.012296270517951458,0.012296270517951421
2025-11-18,1,335.83,335.03,335.03,stop,-1.0,-0.0023821576392818455,0.0023821576392818134
2025-11-19,1,335.145,333.76,333.76,stop,-1.0,-0.0041325396470184295,0.004132539647018428
2025-11-20,-1,348.235,349.7799,332.7860000000002,target,10.0,0.04436371990179,0.004436371990179
2025-11-21,-1,323.555,325.91,325.91,stop,-1.0,-0.007278515244703465,0.0072785152447034296
2025-11-24,1,332.4,328.83,339.3,close,1.9327731092437108,0.020758122743682383,0.010740072202166046
2025-11-25,-1,334.03,335.65,335.65,stop,-1.0,-0.0048498637846901005,0.004849863784690012
2025-11-26,1,345.7,343.93,343.93,stop,-1.0,-0.005120046282904189,0.0051200462829042
2025-12-01,1,349.21,348.29,348.29,stop,-1.0,-0.002634517911858092,0.002634517911858077
2025-12-02,1,357.48,354.82,354.82,stop,-1.0,-0.007440975718921439,0.0074409757189214075
2025-12-03,-1,358.0,360.1299,360.1299,stop,-1.0,-0.0059494413407821245,0.00594944134078218
2025-12-04,-1,360.87,364.37,361.53,close,-0.18857142857141948,-0.001828913459140269,0.009698783495441572
2025-12-05,1,366.375,364.46,364.46,stop,-1.0,-0.00522688502217683,0.005226885022176787
2025-12-08,1,369.605,367.66,367.66,stop,-1.0,-0.0052623746973119445,0.005262374697311977
2025-12-09,-1,365.79,367.4,367.4,stop,-1.0,-0.004401432515924286,0.004401432515924319
2025-12-10,-1,367.71,369.0,369.0,stop,-1.0,-0.003508199396263345,0.0035081993962634153
2025-12-11,-1,366.45,369.7943,369.7943,stop,-1.0,-0.009126210942829838,0.009126210942829944
2025-12-12,-1,365.785,366.99,366.99,stop,-1.0,-0.0032942848941317493,0.003294284894131755
2025-12-15,1,358.19,357.06,357.06,stop,-1.0,-0.0031547502722019116,0.0031547502722018912
2025-12-16,1,352.69,351.53,351.53,stop,-1.0,-0.0032890073435595246,0.0032890073435595706
2025-12-17,-1,351.35,352.89,338.97,close,8.038961038961226,0.035235520136615905,0.004383093781129823
2025-12-18,1,351.34,350.3,350.3,stop,-1.0,-0.0029600956338587947,0.0029600956338588368
2025-12-19,1,354.95,350.31,356.44,close,0.3211206896551753,0.004197774334413262,0.013072263699112513
2025-12-22,-1,359.35,362.48,359.75,close,-0.12779552715654244,-0.001113120912759058,0.008710171142340323
2025-12-23,1,360.4,358.43,358.43,stop,-1.0,-0.005466148723640263,0.0054661487236403175
2025-12-26,-1,365.7,366.065,366.065,stop,-1.0,-0.0009980858627289813,0.0009980858627290378
2025-12-29,1,363.36,360.82,364.19,close,0.3267716535432982,0.0022842360193746636,0.006990312637604635
2025-12-30,1,365.33,365.01,365.01,stop,-1.0,-0.0008759204007335875,0.0008759204007335647
2025-12-31,-1,364.81,365.5684,360.08,close,6.236814345991629,0.012965653353800621,0.0020788903812943575
2026-01-02,1,372.73,368.835,373.34,close,0.1566110397945958,0.0016365733909262659,0.010449923537144953
2026-01-05,1,382.955,381.64,381.64,stop,-1.0,-0.0034338238174197455,0.0034338238174197954
2026-01-06,1,383.18,382.14,387.62,close,4.269230769230683,0.011587243593089491,0.002714129129912888
2026-01-07,1,385.58,383.69,383.69,stop,-1.0,-0.004901706520047733,0.004901706520047685
2026-01-08,-1,382.03,384.74,378.86,close,1.1697416974169434,0.008297777661440131,0.007093683742114589
2026-01-09,-1,381.2,382.32,382.32,stop,-1.0,-0.002938090241343172,0.002938090241343139
2026-01-12,1,388.27,385.665,390.44,close,0.8330134357005943,0.005588894326113314,0.006709248718675049
2026-01-13,1,392.51,391.33,391.33,stop,-1.0,-0.00300629283330367,0.0030062928333036277
2026-01-14,1,388.98,386.39,386.39,stop,-1.0,-0.006658440022623391,0.006658440022623353
2026-01-15,-1,400.575,402.01,402.01,stop,-1.0,-0.0035823503713412475,0.003582350371341203
2026-01-16,1,403.62,402.45,402.45,stop,-1.0,-0.0028987661661959985,0.0028987661661959664
2026-01-20,1,395.92,393.0,393.0,stop,-1.0,-0.007375227318650257,0.007375227318650273
2026-01-21,-1,394.02,396.0,396.0,stop,-1.0,-0.005025125628140836,0.0050251256281407496
2026-01-22,-1,405.53,408.73,402.9248,close,0.8141249999999784,0.0064241856336152425,0.00789090819421509
2026-01-23,-1,398.45,401.94,401.94,stop,-1.0,-0.008758940895971845,0.008758940895971914
2026-01-26,-1,398.285,398.7521,398.7521,stop,-1.0,-0.0011727782869050962,0.0011727782869050036
2026-01-27,-1,403.04,404.31,404.31,stop,-1.0,-0.0031510520047637325,0.00315105200476375
2026-01-28,-1,415.145,417.24,417.24,stop,-1.0,-0.005046429560755961,0.005046429560755947
2026-01-29,1,419.115,417.15,417.15,stop,-1.0,-0.004688450663899002,0.0046884506638990055
2026-01-30,1,414.26,411.0,411.0,stop,-1.0,-0.007869453966108164,0.00786945396610822
2026-02-02,1,402.58,398.43,408.055,close,1.3192771084337476,0.013599781409906253,0.010308510109791787
2026-02-03,-1,408.93,412.58,397.56,close,3.1150684931507056,0.02780426967940719,0.008925733010539645
2026-02-04,-1,392.37,395.16,395.16,stop,-1.0,-0.007110635369676599,0.007110635369676633
2026-02-05,1,379.54,376.875,376.875,stop,-1.0,-0.007021657796279723,0.007021657796279761
2026-02-06,1,391.74,387.19,401.6,close,2.1670329670329647,0.025169755450043407,0.011614846581916607
2026-02-09,1,399.47,397.0,406.5,close,2.8461538461538036,0.01759831777104659,0.006183192730367805
2026-02-10,-1,406.57,408.8,404.57,close,0.8968609865470779,0.004919202105418519,0.005484910347541673
2026-02-11,1,414.55,412.79,412.79,stop,-1.0,-0.004245567482812684,0.004245567482812666
2026-02-12,-1,418.19,419.08,419.08,stop,-1.0,-0.0021282192304932224,0.002128219230493284
2026-02-13,1,408.16,405.88,405.88,stop,-1.0,-0.00558604468835755,0.005586044688357579
2026-02-17,1,404.815,400.76,400.76,stop,-1.0,-0.010016921309734084,0.010016921309734092
2026-02-18,-1,409.58,411.99,411.99,stop,-1.0,-0.005884076370916702,0.00588407637091661
2026-02-19,1,409.12,407.6,407.6,stop,-1.0,-0.0037152913570590584,0.003715291357059009
2026-02-20,1,410.49,407.18,415.18,close,1.4169184290030195,0.011425369680138298,0.008063533825428152
2026-02-23,1,415.44,413.42,413.42,stop,-1.0,-0.004862314654342392,0.00486231465434234
2026-02-24,-1,413.53,417.9899,417.9899,stop,-1.0,-0.010784949096800833,0.010784949096800727
2026-02-25,1,424.885,423.68,426.16,close,1.0580912863070961,0.0030008119844193715,0.002836061522529588
2026-02-26,-1,420.035,423.72,411.95,close,2.194029850746277,0.019248395967002785,0.008773078433940033
2026-02-27,1,405.13,401.88,406.07,close,0.2892307692307685,0.002320242884999768,0.00802211635771234
2026-03-02,1,401.93,396.92,406.35,close,0.8822355289421205,0.010996939765630875,0.012464857064662977
2026-03-03,-1,389.675,391.9,391.9,stop,-1.0,-0.005709886443831413,0.00570988644383131
2026-03-04,1,396.88,395.2,395.2,stop,-1.0,-0.004233017536786954,0.0042330175367869555
2026-03-05,1,397.89,395.78,395.78,stop,-1.0,-0.005302973183543225,0.005302973183543225
2026-03-06,1,387.26,383.8401,383.8401,stop,-1.0,-0.008831017920776674,0.008831017920776698
2026-03-09,1,377.165,375.26,375.26,stop,-1.0,-0.005050839818116826,0.005050839818116817
2026-03-10,1,395.44,394.0,397.4,close,1.361111111111099,0.004956504147278995,0.0036415132510621024
2026-03-11,-1,399.71,401.15,401.15,stop,-1.0,-0.0036026118936227647,0.003602611893622871
2026-03-12,-1,395.3,395.79,395.79,stop,-1.0,-0.0012395648874272691,0.0012395648874272934
2026-03-13,1,393.75,392.31,392.31,stop,-1.0,-0.0036571428571428033,0.0036571428571428514
2026-03-16,1,396.945,395.1,395.1,stop,-1.0,-0.0046479990930732296,0.004647999093073273
2026-03-17,-1,396.54,397.155,397.155,stop,-1.0,-0.0015509154183688256,0.0015509154183687703
2026-03-18,-1,396.22,399.0,399.0,stop,-1.0,-0.007016304073494517,0.007016304073494454
2026-03-19,-1,382.34,384.13,384.13,stop,-1.0,-0.004681696918972689,0.004681696918972696
2026-03-20,-1,393.86,394.99,394.99,stop,-1.0,-0.002869039760320824,0.0028690397603209146
2026-03-23,-1,393.35,394.52,394.52,stop,-1.0,-0.0029744502351594093,0.0029744502351594228
2026-03-24,1,391.0,387.88,387.88,stop,-1.0,-0.007979539641943756,0.007979539641943745
2026-03-25,-1,397.615,399.44,399.44,stop,-1.0,-0.004589867082479326,0.004589867082479254
2026-03-26,1,392.22,390.94,390.94,stop,-1.0,-0.003263474580592618,0.0032634745805925998
2026-03-27,1,377.945,377.4,377.4,stop,-1.0,-0.0014420087578881358,0.0014420087578880946
2026-03-30,-1,376.33,379.24,362.59,close,4.721649484536045,0.03651050939335165,0.007732575133526493
2026-03-31,1,370.87,368.1,382.94,close,4.357400722021687,0.03254509666459948,0.007468924420956081
2026-04-01,1,390.8,386.38,392.01,close,0.27375565610859165,0.003096212896622319,0.011310133060388985
2026-04-02,1,381.78,378.0009,392.235,close,2.7665317139001666,0.0273848813452775,0.009898632720414824
2026-04-06,1,396.415,393.6209,393.6209,stop,-1.0,-0.007048421477492073,0.007048421477492058
2026-04-07,1,395.71,392.975,392.975,stop,-1.0,-0.006911627201738546,0.006911627201738538
2026-04-08,-1,422.49,424.99,422.815,close,-0.12999999999999545,-0.0007692489763071464,0.005917299817747165
2026-04-09,1,423.94,422.63,430.285,close,4.843511450381691,0.014966740576496829,0.0030900599141387985
2026-04-10,1,436.51,434.45,436.995,close,0.23543689320388986,0.0011110856566860505,0.004719250418088938
2026-04-13,1,436.67,434.6509,434.6509,stop,-1.0,-0.00462385783314645,0.004623857833146397
2026-04-14,-1,446.695,449.17,449.17,stop,-1.0,-0.005540693314230127,0.005540693314230119
2026-04-15,-1,450.56,452.64,452.64,stop,-1.0,-0.004616477272727293,0.004616477272727237
2026-04-16,1,451.62,448.09,448.09,stop,-1.0,-0.007816305743766905,0.00781630574376695
2026-04-17,-1,461.71,462.8,462.8,stop,-1.0,-0.0023607892399992725,0.0023607892399992027
2026-04-20,-1,463.98,465.74,464.12,close,-0.0795454545454472,-0.00030173714384229555,0.003793266951161668
2026-04-21,1,467.09,465.77,465.77,stop,-1.0,-0.0028260078357489338,0.0028260078357489845
2026-04-22,-1,470.21,471.94,471.94,stop,-1.0,-0.0036792071627571588,0.003679207162757105
2026-04-23,1,481.08,479.2,479.2,stop,-1.0,-0.003907873950278584,0.00390787395027853
2026-04-24,1,503.38,499.18,499.18,stop,-1.0,-0.008343597282371107,0.008343597282371149
2026-04-27,-1,509.03,510.07,510.07,stop,-1.0,-0.0020431015853683565,0.0020431015853682897
2026-04-28,1,491.05,485.32,485.32,stop,-1.0,-0.011668872823541454,0.011668872823541428
2026-04-29,-1,494.25,497.26,497.26,stop,-1.0,-0.00609003540718267,0.006090035407182582
2026-04-30,-1,499.84,505.048,505.048,stop,-1.0,-0.010419334186939855,0.010419334186939876
2026-05-01,1,505.35,502.25,509.7,close,1.4032258064515917,0.00860789551795782,0.006134362323142422
2026-05-04,-1,510.71,512.78,512.78,stop,-1.0,-0.00405318086585349,0.004053180865853406
2026-05-05,-1,514.74,516.53,516.53,stop,-1.0,-0.0034774837782181045,0.003477483778218059
2026-05-06,1,543.405,535.6,535.6,stop,-1.0,-0.01436313615075302,0.01436313615075303
2026-05-07,-1,544.6,546.88,546.88,stop,-1.0,-0.004186558942342877,0.004186558942342954
2026-05-08,1,553.28,549.0,566.68,close,3.1308411214953416,0.024219201850780747,0.007735685367264266
2026-05-11,1,574.88,569.5,569.5,stop,-1.0,-0.009358474812134698,0.009358474812134698
2026-05-12,1,565.51,560.61,560.61,stop,-1.0,-0.008664745097345716,0.008664745097345718
2026-05-13,-1,569.99,572.5,572.5,stop,-1.0,-0.0044035860278250905,0.004403586027825033
2026-05-14,1,570.89,567.75,578.24,close,2.3407643312102087,0.012874634342868285,0.005500183923347731
2026-05-15,-1,559.2,560.905,560.905,stop,-1.0,-0.0030489985693846755,0.003048998569384705
2026-05-18,-1,562.36,567.21,546.15,close,3.342268041237105,0.028824951988050462,0.008624368731773281
2026-05-19,1,541.34,534.3,534.3,stop,-1.0,-0.013004765951158404,0.01300476595115838
2026-05-20,1,555.47,552.5,552.5,stop,-1.0,-0.005346823410805279,0.005346823410805313
2026-05-21,1,566.18,561.02,561.02,stop,-1.0,-0.009113709421032179,0.009113709421032125
2026-05-22,1,575.625,572.86,576.37,close,0.2694394213381585,0.001294245385450532,0.00480347448425622
2026-05-26,-1,589.79,592.3199,592.3199,stop,-1.0,-0.004289492870343636,0.004289492870343678
2026-05-27,-1,606.46,612.3,595.555,close,1.8672945205479863,0.017981400257230606,0.009629654057975659
2026-05-28,-1,594.22,599.21,599.21,stop,-1.0,-0.008397563192083846,0.008397563192083755
2026-05-29,-1,604.87,607.69,607.69,stop,-1.0,-0.004662158810984307,0.004662158810984261
2026-06-01,1,598.945,593.25,593.25,stop,-1.0,-0.009508385577974732,0.009508385577974688
2026-06-02,-1,618.26,620.33,620.33,stop,-1.0,-0.0033481059748325936,0.0033481059748326756
2026-06-03,-1,638.35,642.77,637.88,close,0.10633484162896643,0.0007362732043549869,0.006924101198402066
2026-06-04,1,617.87,610.87,610.87,stop,-1.0,-0.011329244015731432,0.011329244015731465
2026-06-05,-1,603.415,607.0,569.722,close,9.398326359832536,0.05583719330808812,0.005941184756759504
2026-06-08,-1,592.29,597.31,597.31,stop,-1.0,-0.008475577841935422,0.008475577841935509
2026-06-09,-1,605.28,611.12,611.12,stop,-1.0,-0.009648427174200336,0.009648427174200423
2026-06-10,-1,580.0,585.51,585.51,stop,-1.0,-0.009500000000000064,0.009499999999999984
2026-06-11,1,585.535,582.56,582.56,stop,-1.0,-0.0050808235203703145,0.005080823520370299
2026-06-12,-1,606.46,607.95,607.95,stop,-1.0,-0.0024568809154768,0.0024568809154767155
2026-06-15,-1,641.29,645.85,645.85,stop,-1.0,-0.007110667560698003,0.007110667560698061
2026-06-16,1,645.0,641.56,641.56,stop,-1.0,-0.005333333333333412,0.005333333333333418
2026-06-17,-1,631.43,634.0,634.0,stop,-1.0,-0.004070126538175289,0.004070126538175333
2026-06-18,1,650.42,648.15,659.0,close,3.7797356828194317,0.013191476276867231,0.003490052581408908
2026-06-22,-1,668.77,671.44,671.44,stop,-1.0,-0.003992403965489055,0.003992403965488991
2026-06-23,1,630.0,621.75,621.75,stop,-1.0,-0.013095238095238049,0.013095238095238096
2026-06-24,1,623.3,619.48,619.48,stop,-1.0,-0.006128669982351842,0.006128669982351896
2026-06-25,-1,646.6999,650.03,636.73,close,2.9938740578360683,0.015416578849014706,0.005149374539875476
2026-06-26,-1,611.29,617.7,617.7,stop,-1.0,-0.010486021364655151,0.010486021364655209
2026-06-29,1,618.76,611.67,611.67,stop,-1.0,-0.011458400672312408,0.011458400672312418
2026-06-30,1,642.02,634.6,655.995,close,1.8834231805930053,0.021767234665586832,0.011557272359116475
2026-07-01,-1,631.0857,638.39,638.39,stop,-1.0,-0.011574180812526702,0.011574180812526749
2026-07-02,-1,620.8,622.9,622.9,stop,-1.0,-0.00338273195876293,0.0033827319587629236
2026-07-06,1,609.99,604.05,604.74,close,-0.8838383838383758,-0.00860669847046669,0.009737864555156732
2026-07-07,-1,578.74,584.79,584.79,stop,-1.0,-0.010453744341154758,0.010453744341154845
2026-07-08,1,585.0,575.04,593.26,close,0.8293172690763013,0.014119658119658096,0.017025641025641088
2026-07-09,-1,615.0,616.88,616.88,stop,-1.0,-0.0030569105691056198,0.0030569105691056835
2026-07-10,1,602.175,599.18,599.18,stop,-1.0,-0.004973637231701744,0.004973637231701755
2026-07-13,-1,595.63,598.76,598.76,stop,-1.0,-0.005254940147406906,0.0052549401474069396
2026-07-14,-1,599.55,608.895,600.13,close,-0.062065275548425815,-0.0009673922108248689,0.015586690017513182
2026-07-15,-1,602.51,606.88,590.54,close,2.739130434782612,0.019866890176096663,0.007252991651590853
2026-07-16,1,577.425,575.59,575.59,stop,-1.0,-0.003177901892020496,0.003177901892020475
2026-07-17,-1,543.96,550.07,550.07,stop,-1.0,-0.011232443562026573,0.011232443562026644
2026-07-20,1,570.65,566.71,566.71,stop,-1.0,-0.006904407254884726,0.006904407254884677
2026-07-21,-1,576.63,582.06,582.06,stop,-1.0,-0.00941678372613275,0.009416783726132789
2026-07-22,1,578.29,571.352,586.93,close,1.2453156529259155,0.014940600736654597,0.011997440730429349
2026-07-23,1,580.5,576.36,576.36,stop,-1.0,-0.0071317829457364645,0.007131782945736411
2026-07-24,1,577.8,571.7701,571.7701,stop,-1.0,-0.010435964001384579,0.01043596400138456
2026-07-27,-1,563.86,567.62,548.31,close,4.135638297872369,0.02757776753094754,0.006668321923881798
2026-07-28,-1,530.11,533.24,533.24,stop,-1.0,-0.005904434928599711,0.005904434928599715
2026-07-29,1,530.46,523.78,523.78,stop,-1.0,-0.012592843946763299,0.012592843946763306
2026-07-30,-1,526.99,529.8899,529.8899,stop,-1.0,-0.005502760963206121,0.005502760963206137
2026-07-31,1,559.98,555.45,555.45,stop,-1.0,-0.008089574627665241,0.008089574627665224
2026-08-03,-1,525.7964,531.72,531.72,stop,-1.0,-0.011265957697694562,0.011265957697694543
2026-08-04,1,566.7,562.28,575.695,close,2.035067873303135,0.01587259572966304,0.007799541203458748
2026-08-05,1,577.22,573.81,573.81,stop,-1.0,-0.005907626208378258,0.00590762620837823
2026-08-06,-1,564.81,565.475,565.475,stop,-1.0,-0.0011773870859228541,0.0011773870859228366
2026-08-07,1,585.49,581.39,581.39,stop,-1.0,-0.007002681514628795,0.007002681514628811
2026-08-10,-1,579.8362,586.24,569.22,close,1.657796933070967,0.018308963807364798,0.011044153504041395
2026-08-11,-1,574.67,578.57,578.57,stop,-1.0,-0.006786503558564139,0.006786503558564205
2026-08-12,-1,587.03,590.55,590.55,stop,-1.0,-0.005996286390814731,0.005996286390814749
2026-08-13,1,587.53,585.01,589.07,close,0.6111111111111462,0.002621142750157679,0.004289142682075778
2026-08-14,-1,586.07,589.0,589.0,stop,-1.0,-0.004999402801713071,0.00499940280171302
2026-08-17,-1,593.5,596.0,596.0,stop,-1.0,-0.004212299915753892,0.004212299915754001
2026-08-18,1,575.61,573.62,573.62,stop,-1.0,-0.003457201924914499,0.0034572019249144545
2026-08-19,-1,572.99,576.835,560.35,close,3.2873862158647325,0.0220597218101537,0.006710413794307104
2026-08-20,1,562.925,559.02,559.02,stop,-1.0,-0.006936980947728322,0.006936980947728335
2026-08-21,-1,566.46,569.44,560.35,close,2.0503355704697905,0.01078628676340787,0.0052607421530205456
2026-08-24,-1,548.49,554.175,546.73,close,0.309586631486369,0.003208809641014443,0.010364819777935687
2026-08-25,1,559.41,553.85,553.85,stop,-1.0,-0.00993904292021941,0.00993904292021942
2026-08-26,1,554.89,554.152,554.152,stop,-1.0,-0.0013299933320116697,0.001329993332011647
2026-08-27,-1,567.73,571.45,571.45,stop,-1.0,-0.006552410476811099,0.006552410476811208
2026-08-28,-1,566.08,568.815,568.815,stop,-1.0,-0.004831472583380458,0.0048314725833804644
2026-08-31,1,556.74,554.1,554.1,stop,-1.0,-0.004741890289901907,0.004741890289901905
2026-09-01,-1,544.42,547.44,547.44,stop,-1.0,-0.005547187832923184,0.005547187832923287
2026-09-02,1,546.3,543.835,543.835,stop,-1.0,-0.004512172798828318,0.004512172798828333
2026-09-03,-1,542.72,547.0,547.0,stop,-1.0,-0.007886202830188704,0.007886202830188628
2026-09-04,1,564.22,557.72,566.99,close,0.42615384615384333,0.004909432490872279,0.01152032894970047
2026-09-08,-1,578.84,580.57,573.95,close,2.826589595375685,0.008447930343445487,0.0029887360928754375
2026-09-09,1,575.245,569.9,574.2686,close,-0.18267539756782178,-0.0016973637319750434,0.009291693104677185
2026-09-10,-1,559.655,563.78,563.78,stop,-1.0,-0.007370612252191044,0.007370612252191083
2026-09-11,-1,566.87,568.828,568.828,stop,-1.0,-0.0034540547215411443,0.003454054721541041
2026-09-14,-1,537.96,541.0,541.0,stop,-1.0,-0.0056509777678637185,0.005650977767863713
2026-09-15,1,546.92,544.9,544.9,stop,-1.0,-0.003693410370803729,0.003693410370803741
2026-09-16,-1,549.43,550.65,550.65,stop,-1.0,-0.002220483046065924,0.0022204830460659727
2026-09-17,-1,559.07,560.675,560.675,stop,-1.0,-0.002870839072030229,0.002870839072030165
2026-09-18,1,564.04,562.88,562.88,stop,-1.0,-0.0020565917310828574,0.0020565917310828457
2026-09-21,-1,580.41,582.8,582.8,stop,-1.0,-0.00411777881152986,0.004117778811529757
2026-09-22,1,596.74,591.012,607.53,close,1.8837290502793018,0.018081576566008506,0.009598820256728332
2026-09-23,-1,603.72,606.285,601.1,close,1.021442495126731,0.004339760153713623,0.004248658318425662
2026-09-24,-1,590.12,591.765,591.765,stop,-1.0,-0.002787568630109094,0.0027875686301090997
2026-09-25,1,606.895,603.18,603.18,stop,-1.0,-0.0061213224692904245,0.006121322469290457
2026-09-28,-1,605.045,607.95,600.326,close,1.6244406196212726,0.007799419877860259,0.004801295771389048
2026-09-29,-1,606.785,609.45,609.45,stop,-1.0,-0.0043920004614486086,0.004392000461448582
2026-09-30,1,611.265,608.16,608.16,stop,-1.0,-0.005079629947731368,0.005079629947731374
2026-10-01,1,613.0425,610.0,610.0,stop,-1.0,-0.004962951182014286,0.004962951182014327
2026-10-02,-1,631.698,632.84,632.84,stop,-1.0,-0.0018078258914862033,0.001807825891486205
