date,side,entry,stop,exit,how,R,ret,risk_pct
2021-10-05,1,430.305,429.96,429.96,stop,-1.0,-0.0008017568933663677,0.0008017568933663965
2021-10-06,1,430.58,428.93,428.93,stop,-1.0,-0.0038320405035068283,0.003832040503506845
2021-10-07,1,439.68,438.24,438.24,stop,-1.0,-0.0032751091703057122,0.0032751091703056715
2021-10-08,-1,438.32,439.89,437.83,close,0.3121019108280326,0.0011179047271400178,0.0035818580032852556
2021-10-11,1,437.31,436.9,436.9,stop,-1.0,-0.0009375500217237986,0.0009375500217237772
2021-10-12,-1,435.45,436.1,433.63,close,2.7999999999998426,0.004179584338041109,0.0014927086921576165
2021-10-13,1,434.73,434.3984,434.3984,stop,-1.0,-0.0007627722954478555,0.0007627722954478347
2021-10-14,-1,438.85,439.45,439.45,stop,-1.0,-0.0013672097527628324,0.0013672097527628253
2021-10-15,-1,444.14,444.94,444.94,stop,-1.0,-0.001801233845184047,0.0018012338451839766
2021-10-18,-1,443.54,444.14,444.14,stop,-1.0,-0.001352752852053829,0.0013527528520538529
2021-10-19,-1,448.85,449.06,449.06,stop,-1.0,-0.00046786231480444584,0.0004678623148044548
2021-10-20,1,451.16,451.01,451.01,stop,-1.0,-0.0003324762833585293,0.00033247628335852936
2021-10-21,-1,451.64,451.93,451.93,stop,-1.0,-0.0006421043308830754,0.0006421043308830495
2021-10-22,1,453.72,452.91,452.91,stop,-1.0,-0.0017852419994710544,0.0017852419994710443
2021-10-25,-1,453.7,454.3,454.3,stop,-1.0,-0.0013224597751819722,0.0013224597751818883
2021-10-26,1,457.31,456.78,456.78,stop,-1.0,-0.001158951258446228,0.0011589512584461953
2021-10-27,-1,455.8,456.75,456.75,stop,-1.0,-0.0020842474769635633,0.0020842474769635555
2021-10-28,1,456.25,455.45,458.26,close,2.512499999999953,0.004405479452054717,0.0017534246575342716
2021-10-29,1,456.38,455.56,459.23,close,3.475609756097618,0.0062447960033304994,0.0017967483237652684
2021-11-01,1,460.49,460.05,460.05,stop,-1.0,-0.0009555039197376436,0.0009555039197376658
2021-11-02,-1,460.13,460.57,460.57,stop,-1.0,-0.0009562514941430234,0.0009562514941429546
2021-11-03,1,461.55,461.16,461.16,stop,-1.0,-0.0008449788755280352,0.0008449788755280822
2021-11-04,-1,465.105,465.44,465.44,stop,-1.0,-0.0007202674664861242,0.0007202674664860182
2021-11-05,1,469.64,469.0,469.0,stop,-1.0,-0.0013627459330550762,0.001362745933055077
2021-11-08,1,470.02,469.44,469.44,stop,-1.0,-0.0012339900429768624,0.0012339900429768607
2021-11-09,1,469.34,469.2418,469.2418,stop,-1.0,-0.00020922998252859148,0.0002092299825285784
2021-11-10,1,465.71,465.31,465.31,stop,-1.0,-0.0008589036095423275,0.0008589036095423703
2021-11-11,-1,464.71,465.29,463.81,close,1.5517241379308857,0.001936691700200055,0.001248090206795724
2021-11-12,-1,464.79,465.18,465.18,stop,-1.0,-0.0008390886206672832,0.0008390886206673688
2021-11-15,-1,468.44,468.81,467.4,close,2.8108108108108314,0.0022201349158911254,0.0007898556912304768
2021-11-16,1,467.81,467.07,469.24,close,1.9324324324324178,0.003056796562707076,0.0015818387807015864
2021-11-17,-1,468.53,469.04,469.04,stop,-1.0,-0.0010885108744371763,0.001088510874437171
2021-11-18,-1,468.79,469.3,469.3,stop,-1.0,-0.0010879071652551975,0.001087907165255212
2021-11-19,-1,469.05,469.76,469.76,stop,-1.0,-0.0015136979000105466,0.0015136979000106162
2021-11-22,1,471.24,470.77,470.77,stop,-1.0,-0.0009973686444275653,0.0009973686444275259
2021-11-23,-1,466.51,467.68,467.68,stop,-1.0,-0.0025079848234765834,0.002507984823476487
2021-11-24,-1,465.94,466.23,466.23,stop,-1.0,-0.0006223977336137221,0.0006223977336138139
2021-11-29,-1,463.54,464.6,464.6,stop,-1.0,-0.0022867497950553872,0.0022867497950554475
2021-11-30,1,462.41,461.41,461.41,stop,-1.0,-0.002162582989122197,0.0021625829891222074
2021-12-01,-1,460.52,461.83,461.83,stop,-1.0,-0.0028446104403716532,0.0028446104403717586
2021-12-02,-1,450.6,451.62,451.62,stop,-1.0,-0.0022636484687084124,0.0022636484687083482
2021-12-03,1,459.8,458.69,458.69,stop,-1.0,-0.0024140930839495756,0.002414093083949573
2021-12-06,-1,454.7,456.71,456.71,stop,-1.0,-0.0044204970310093294,0.004420497031009437
2021-12-07,1,464.88,464.345,464.345,stop,-1.0,-0.0011508346239889056,0.001150834623988918
2021-12-08,-1,468.42,468.95,468.95,stop,-1.0,-0.0011314632167711558,0.0011314632167712154
2021-12-09,1,468.73,467.9101,467.9101,stop,-1.0,-0.001749194632304385,0.0017491946323043505
2021-12-10,1,469.62,468.97,468.97,stop,-1.0,-0.0013840977811847566,0.0013840977811847392
2021-12-13,-1,469.74,470.56,466.61,close,3.8170731707317334,0.00666326052710009,0.0017456465278664647
2021-12-14,1,463.95,462.92,462.92,stop,-1.0,-0.002220066817544941,0.002220066817544935
2021-12-15,-1,462.85,463.73,463.73,stop,-1.0,-0.0019012639083937355,0.0019012639083936381
2021-12-16,-1,472.18,472.785,472.785,stop,-1.0,-0.0012812910330806115,0.0012812910330806434
2021-12-17,1,461.93,461.43,461.43,stop,-1.0,-0.0010824150845366587,0.0010824150845366181
2021-12-20,-1,454.21,454.6686,454.6686,stop,-1.0,-0.0010096651328681538,0.0010096651328681595
2021-12-21,1,458.73,458.55,458.55,stop,-1.0,-0.00039238767902693983,0.0003923876790268934
2021-12-22,1,462.86,462.58,465.6600000000003,target,10.0,0.00604934537441193,0.0006049345374411907
2021-12-23,1,469.69,468.64,470.58,close,0.8476190476190254,0.0018948668270561964,0.0022355170431561486
2021-12-27,1,472.86,472.01,477.27,close,5.1882352941174705,0.009326227636086815,0.0017975722201074794
2021-12-28,1,477.88,477.42,477.42,stop,-1.0,-0.0009625847493094364,0.0009625847493094072
2021-12-29,1,477.44,476.9,476.9,stop,-1.0,-0.0011310321715818361,0.0011310321715818123
2021-12-30,1,478.65,477.69,477.69,stop,-1.0,-0.0020056408649326007,0.0020056408649325804
2021-12-31,1,476.69,475.53,475.53,stop,-1.0,-0.0024334473137679336,0.00243344731376791
2022-01-03,1,477.08,476.22,476.22,stop,-1.0,-0.0018026326821496408,0.0018026326821496538
2022-01-04,1,479.55,479.055,479.055,stop,-1.0,-0.00103221770409756,0.001032217704097601
2022-01-05,-1,476.36,477.66,477.66,stop,-1.0,-0.00272902846586609,0.0027290284658661756
2022-01-06,1,468.98,467.78,467.78,stop,-1.0,-0.0025587445093608885,0.0025587445093608373
2022-01-07,-1,467.185,468.35,468.35,stop,-1.0,-0.002493658828943701,0.00249365882894361
2022-01-10,-1,461.69,463.02,463.02,stop,-1.0,-0.0028807208299941323,0.0028807208299941175
2022-01-11,-1,463.84,465.46,465.46,stop,-1.0,-0.0034925836495343088,0.003492583649534332
2022-01-12,1,472.1,471.42,471.42,stop,-1.0,-0.0014403728023724138,0.001440372802372393
2022-01-13,-1,472.07,472.67,472.67,stop,-1.0,-0.0012709979452201203,0.0012709979452200368
2022-01-14,-1,461.09,461.71,461.71,stop,-1.0,-0.0013446398750787125,0.001344639875078628
2022-01-18,-1,458.635,459.96,456.51,close,1.6037735849056742,0.004633314073282713,0.0028890075986350554
2022-01-19,-1,457.9,458.89,458.89,stop,-1.0,-0.002162044114435435,0.0021620441144354864
2022-01-20,1,454.32,453.51,453.51,stop,-1.0,-0.001782884310618127,0.0017828843106180716
2022-01-21,1,446.43,444.85,444.85,stop,-1.0,-0.0035391886745962386,0.0035391886745962057
2022-01-24,-1,431.95,432.5,432.5,stop,-1.0,-0.0012732955203149654,0.0012732955203148776
2022-01-25,-1,432.81,433.86,433.86,stop,-1.0,-0.002426006792819013,0.002426006792819046
2022-01-26,-1,439.38,441.62,441.62,stop,-1.0,-0.005098092767080953,0.005098092767080908
2022-01-27,-1,437.59,439.08,439.08,stop,-1.0,-0.003405013825727332,0.0034050138257273
2022-01-28,-1,429.9,433.15,433.15,stop,-1.0,-0.007559897650616376,0.007559897650616423
2022-01-31,1,441.66,439.81,449.79,close,4.394594594594538,0.018407825023774027,0.004188742471584528
2022-02-01,-1,450.59,450.88,450.88,stop,-1.0,-0.0006436006125303262,0.0006436006125302836
2022-02-02,-1,455.42,455.6,455.6,stop,-1.0,-0.00039523955908826736,0.00039523955908832905
2022-02-03,-1,450.44,451.44,451.44,stop,-1.0,-0.0022200515051948866,0.0022200515051949204
2022-02-04,-1,445.61,446.95,446.95,stop,-1.0,-0.0030071138439442535,0.0030071138439442
2022-02-07,-1,448.44,449.8,449.8,stop,-1.0,-0.0030327357060031535,0.0030327357060030632
2022-02-08,-1,446.45,447.47,447.47,stop,-1.0,-0.0022846903348641145,0.002284690334864013
2022-02-09,1,455.42,455.005,457.5,close,5.0120481927707985,0.0045672126827982495,0.0009112467612314357
2022-02-10,1,452.34,451.31,451.31,stop,-1.0,-0.0022770482380509716,0.0022770482380509633
2022-02-11,-1,449.39,450.33,450.33,stop,-1.0,-0.002091724337435208,0.002091724337435185
2022-02-14,1,440.05,439.115,439.115,stop,-1.0,-0.002124758550164807,0.0021247585501647593
2022-02-15,1,445.06,443.45,443.45,stop,-1.0,-0.0036174897766593217,0.0036174897766593573
2022-02-16,1,444.52,443.92,443.92,stop,-1.0,-0.0013497705390083103,0.001349770539008292
2022-02-17,1,443.31,442.8,442.8,stop,-1.0,-0.0011504364891384844,0.0011504364891385056
2022-02-18,-1,436.81,437.86,437.86,stop,-1.0,-0.0024037911219980668,0.0024037911219981487
2022-02-22,-1,431.05,432.68,432.68,stop,-1.0,-0.003781463867300827,0.0037814638673007665
2022-02-23,1,433.04,432.34,432.34,stop,-1.0,-0.0016164788472197156,0.0016164788472197613
2022-02-24,1,412.49,410.64,428.31,close,8.551351351351242,0.038352444907755245,0.00448495721108396
2022-02-25,1,430.91,428.62,428.62,stop,-1.0,-0.005314334779884522,0.005314334779884478
2022-02-28,1,432.68,431.87,431.87,stop,-1.0,-0.0018720532495146713,0.0018720532495146581
2022-03-01,1,436.14,435.0,435.0,stop,-1.0,-0.002613839592791267,0.002613839592791274
2022-03-02,-1,432.14,432.835,432.835,stop,-1.0,-0.0016082750960337844,0.001608275096033677
2022-03-03,-1,440.1,440.88,440.88,stop,-1.0,-0.0017723244717109399,0.0017723244717109128
2022-03-04,-1,431.45,432.49,432.49,stop,-1.0,-0.0024104763008461205,0.002410476300846032
2022-03-07,-1,430.39,431.84,431.84,stop,-1.0,-0.0033690373846975152,0.0033690373846975733
2022-03-08,-1,419.03,420.48,420.48,stop,-1.0,-0.0034603727656732364,0.003460372765673211
2022-03-09,-1,424.59,425.31,425.31,stop,-1.0,-0.0016957535504840138,0.0016957535504840606
2022-03-10,1,422.94,422.14,422.14,stop,-1.0,-0.001891521255970141,0.0018915212559701409
2022-03-11,1,428.25,427.95,427.95,stop,-1.0,-0.0007005253940455258,0.0007005253940455607
2022-03-14,-1,420.35,421.97,421.97,stop,-1.0,-0.0038539312477696708,0.0038539312477697263
2022-03-15,1,420.67,419.66,419.66,stop,-1.0,-0.002400931846815779,0.0024009318468157723
2022-03-16,1,430.61,429.8,429.8,stop,-1.0,-0.0018810524604631063,0.0018810524604630692
2022-03-17,1,434.06,433.19,441.0,close,7.977011494252829,0.01598857300833978,0.0020043311984518372
2022-03-18,-1,437.57,438.36,438.36,stop,-1.0,-0.0018054254176476103,0.0018054254176475088
2022-03-21,1,445.8,444.34,444.34,stop,-1.0,-0.0032750112157918787,0.0032750112157919164
2022-03-22,1,446.22,445.86,449.82000000000016,target,10.0,0.008067769261799418,0.0008067769261799418
2022-03-23,-1,446.66,447.31,447.31,stop,-1.0,-0.0014552456006806658,0.0014552456006805563
2022-03-24,-1,445.16,445.99,445.99,stop,-1.0,-0.0018644981579656328,0.0018644981579656395
2022-03-25,-1,451.08,451.53,451.53,stop,-1.0,-0.000997605746209107,0.000997605746209073
2022-03-28,-1,451.93,452.43,452.43,stop,-1.0,-0.0011063660301373623,0.0011063660301374107
2022-03-29,1,460.8,459.7,459.7,stop,-1.0,-0.00238715277777779,0.002387152777777827
2022-03-30,1,460.58,460.29,460.29,stop,-1.0,-0.0006296408875764437,0.0006296408875764549
2022-03-31,-1,457.79,458.15,458.15,stop,-1.0,-0.0007863867712267769,0.0007863867712268874
2022-04-01,-1,452.67,453.46,452.88,close,-0.2658227848101129,-0.00046391410961632573,0.0017452006980801988
2022-04-04,-1,452.36,453.25,453.25,stop,-1.0,-0.0019674595454945987,0.0019674595454947084
2022-04-05,1,456.47,455.03,455.03,stop,-1.0,-0.0031546432405197278,0.003154643240519759
2022-04-06,-1,446.6,447.59,447.59,stop,-1.0,-0.002216748768472776,0.0022167487684727994
2022-04-07,1,446.31,445.29,445.29,stop,-1.0,-0.0022854070041002927,0.002285407004100248
2022-04-08,-1,447.5,448.2,448.2,stop,-1.0,-0.0015642458100557644,0.0015642458100558405
2022-04-11,-1,444.05,444.86,444.86,stop,-1.0,-0.0018241189055285822,0.0018241189055286618
2022-04-12,-1,442.74,443.15,443.15,stop,-1.0,-0.0009260514071463,0.0009260514071463346
2022-04-13,1,439.105,437.84,443.36,close,3.363636363636245,0.009690165222441038,0.0028808599309961013
2022-04-14,1,444.34,443.44,443.44,stop,-1.0,-0.002025475986856873,0.0020254759868568602
2022-04-18,1,438.46,436.73,436.73,stop,-1.0,-0.0039456278793960076,0.00394562787939598
2022-04-19,1,438.67,437.68,445.0,close,6.393939393939319,0.014429981535094782,0.0022568217566736022
2022-04-20,-1,446.89,447.57,444.68,close,3.2499999999999374,0.004945288549754956,0.0015216272460784686
2022-04-21,1,449.69,448.54,448.54,stop,-1.0,-0.0025573172630033447,0.0025573172630033517
2022-04-22,-1,436.69,437.23,437.23,stop,-1.0,-0.0012365751448395468,0.0012365751448396357
2022-04-25,-1,422.16,423.7,423.7,stop,-1.0,-0.003647906007200996,0.003647906007200975
2022-04-26,-1,425.12,426.04,416.11,close,9.793478260869385,0.021194015807301403,0.0021640948438088445
2022-04-27,1,417.9,417.15,417.15,stop,-1.0,-0.001794687724335997,0.0017946877243359657
2022-04-28,-1,421.15,423.08,423.08,stop,-1.0,-0.00458269025287894,0.004582690252879038
2022-04-29,1,424.45,422.68,422.68,stop,-1.0,-0.004170102485569482,0.004170102485569518
2022-05-02,-1,411.01,413.07,413.07,stop,-1.0,-0.005012043502591101,0.005012043502591184
2022-05-03,1,415.37,413.93,413.93,stop,-1.0,-0.0034667886462671493,0.003466788646267178
2022-05-04,-1,416.27,417.15,417.15,stop,-1.0,-0.002114012539937926,0.0021140125399380103
2022-05-05,-1,423.89,425.0,412.78999999999985,target,10.0,0.02618603883082904,0.0026186038830829077
2022-05-06,-1,410.02,411.77,411.77,stop,-1.0,-0.004268084483683765,0.0042680844836837225
2022-05-09,-1,405.08,405.74,405.74,stop,-1.0,-0.0016293077910536358,0.0016293077910536809
2022-05-10,1,404.77,404.46,404.46,stop,-1.0,-0.0007658670356004427,0.0007658670356004701
2022-05-11,-1,397.12,399.69,399.69,stop,-1.0,-0.0064715954875100845,0.006471595487510055
2022-05-12,-1,387.97,390.65,390.65,stop,-1.0,-0.006907750599272955,0.00690775059927301
2022-05-13,-1,396.19,397.32,397.32,stop,-1.0,-0.002852166889623753,0.002852166889623654
2022-05-16,-1,399.99,400.88,400.88,stop,-1.0,-0.0022250556263905263,0.0022250556263906257
2022-05-17,-1,406.11,406.63,406.63,stop,-1.0,-0.0012804412597571257,0.0012804412597571637
2022-05-18,-1,403.22,403.699,403.699,stop,-1.0,-0.00118793710629439,0.0011879371062942933
2022-05-19,1,390.29,388.47,388.47,stop,-1.0,-0.0046631991595992295,0.004663199159599255
2022-05-20,-1,392.75,397.03,389.6,close,0.7359813084112143,0.008020369191597654,0.01089751750477396
2022-05-23,1,392.91,392.06,392.06,stop,-1.0,-0.0021633452953603305,0.0021633452953603183
2022-05-24,-1,392.1,393.6,393.6,stop,-1.0,-0.0038255547054322214,0.0038255547054322873
2022-05-25,1,393.61,391.89,397.55,close,2.290697674418567,0.010009908284850377,0.004369807677650535
2022-05-26,1,400.31,398.45,405.29,close,2.6774193548386997,0.012440358721990563,0.004646399040743458
2022-05-27,1,408.69,407.7,415.35,close,6.727272727272691,0.016295970050649755,0.002422373926447941
2022-05-31,-1,411.37,413.93,413.93,stop,-1.0,-0.0062231081508130615,0.006223108150813142
2022-06-01,1,415.61,415.06,415.06,stop,-1.0,-0.001323356030894396,0.0013233560308943753
2022-06-02,-1,409.19,409.68,409.68,stop,-1.0,-0.0011974877196412326,0.0011974877196412647
2022-06-03,1,413.58,412.07,412.07,stop,-1.0,-0.0036510469558489467,0.003651046955848907
2022-06-06,-1,414.72,415.31,415.31,stop,-1.0,-0.0014226466049382935,0.0014226466049382111
2022-06-07,1,409.13,407.61,415.7,close,4.322368421052679,0.016058465524405374,0.0037152005475031944
2022-06-08,-1,413.36,414.03,414.03,stop,-1.0,-0.0016208631701180032,0.0016208631701179579
2022-06-09,1,410.46,408.73,408.73,stop,-1.0,-0.004214783413730827,0.004214783413730842
2022-06-10,-1,393.44,395.7777,389.82,close,1.5485306070068998,0.009200894672631188,0.0059416937779584785
2022-06-13,1,381.27,379.83,379.83,stop,-1.0,-0.0037768510504366803,0.0037768510504366925
2022-06-14,-1,376.69,377.12,377.12,stop,-1.0,-0.0011415222065889186,0.0011415222065889906
2022-06-15,1,377.48,376.89,376.89,stop,-1.0,-0.001562996715057885,0.0015629967150578357
2022-06-16,-1,369.6,370.94,366.92,close,2.0000000000000426,0.007251082251082286,0.0036255411255410575
2022-06-17,1,367.26,365.43,365.43,stop,-1.0,-0.004982845940205816,0.004982845940205805
2022-06-21,1,372.33,371.81,375.0699,close,5.269038461538711,0.007358794617677855,0.0013966105336663225
2022-06-22,1,371.65,370.18,374.39,close,1.863945578231336,0.007372527916050142,0.003955334319924581
2022-06-23,-1,376.33,377.38,377.38,stop,-1.0,-0.0027901044296230193,0.0027901044296229677
2022-06-24,1,382.67,381.365,390.05,close,5.65517241379307,0.019285546293150713,0.0034102490396425295
2022-06-27,-1,389.28,391.36,388.66,close,0.29807692307689204,0.0015926839293052275,0.005343197698314943
2022-06-28,1,392.6,390.14,390.14,stop,-1.0,-0.006265919510952678,0.006265919510952716
2022-06-29,-1,379.41,381.72,381.72,stop,-1.0,-0.006088400411164763,0.006088400411164709
2022-06-30,-1,375.635,377.0,377.0,stop,-1.0,-0.003633846686277975,0.003633846686277927
2022-07-01,1,376.72,376.21,376.21,stop,-1.0,-0.0013537906137185418,0.0013537906137185381
2022-07-05,-1,374.6,376.33,376.33,stop,-1.0,-0.004618259476775188,0.004618259476775123
2022-07-06,1,382.98,381.82,381.82,stop,-1.0,-0.003028878792626366,0.003028878792626312
2022-07-07,1,386.47,385.12,385.12,stop,-1.0,-0.0034931560017595897,0.003493156001759574
2022-07-08,1,387.39,386.78,386.78,stop,-1.0,-0.0015746405431219523,0.0015746405431219539
2022-07-11,1,386.26,385.75,385.75,stop,-1.0,-0.0013203541655879558,0.0013203541655879224
2022-07-12,1,384.32,383.59,383.59,stop,-1.0,-0.0018994587843463862,0.0018994587843464254
2022-07-13,1,376.02,374.658,378.87,close,2.0925110132159275,0.00757938407531511,0.003622147758097884
2022-07-14,-1,373.32,374.4,374.4,stop,-1.0,-0.0028929604628735728,0.0028929604628736313
2022-07-15,1,382.575,382.5314,382.5314,stop,-1.0,-0.00011396458210799487,0.0001139645821080035
2022-07-18,1,388.47,388.02,388.02,stop,-1.0,-0.0011583906093135532,0.0011583906093135775
2022-07-19,-1,385.95,386.34,386.34,stop,-1.0,-0.001010493587252137,0.0010104935872521995
2022-07-20,-1,392.17,392.5,392.5,stop,-1.0,-0.000841471810694383,0.0008414718106943011
2022-07-21,-1,393.37,394.55,394.55,stop,-1.0,-0.0029997203650506954,0.002999720365050733
2022-07-22,-1,398.36,399.48,399.48,stop,-1.0,-0.00281152726177325,0.0028115272617732817
2022-07-25,-1,394.96,395.91,395.91,stop,-1.0,-0.0024053068665181865,0.0024053068665182437
2022-07-26,-1,393.14,394.06,390.91,close,2.423913043478177,0.005672279595055119,0.0023401332858524085
2022-07-27,-1,394.23,394.808,394.808,stop,-1.0,-0.0014661492022423062,0.0014661492022422812
2022-07-28,1,402.19,401.77,401.77,stop,-1.0,-0.0010442825530222466,0.001044282553022243
2022-07-29,-1,407.24,408.1,408.1,stop,-1.0,-0.0021117768392102665,0.002111776839210327
2022-08-01,-1,409.0,409.63,409.63,stop,-1.0,-0.0015403422982884774,0.0015403422982884975
2022-08-02,1,409.17,408.77,408.77,stop,-1.0,-0.0009775887772809355,0.0009775887772809201
2022-08-03,1,410.49,410.0,415.3900000000001,target,10.0,0.011936953397159611,0.0011936953397159713
2022-08-04,-1,413.78,414.48,414.48,stop,-1.0,-0.0016917202378077256,0.0016917202378076406
2022-08-05,1,411.04,409.6,413.43,close,1.6597222222222154,0.00581451926819776,0.003503308680420391
2022-08-08,1,416.09,414.92,414.92,stop,-1.0,-0.0028118916580546216,0.00281189165805465
2022-08-09,-1,411.91,412.75,411.34,close,0.6785714285715083,0.0013837974314778734,0.0020392804253355707
2022-08-10,-1,417.8,418.8,418.8,stop,-1.0,-0.002393489707994245,0.0023934897079942556
2022-08-11,-1,422.29,423.13,423.13,stop,-1.0,-0.0019891543725873984,0.001989154372587499
2022-08-12,-1,421.99,422.22,422.22,stop,-1.0,-0.0005450366122421446,0.0005450366122420393
2022-08-15,1,425.42,424.71,428.86,close,4.84507042253496,0.008086126651309256,0.0016689389309389223
2022-08-16,1,428.39,427.62,427.62,stop,-1.0,-0.0017974275776745374,0.0017974275776745064
2022-08-17,1,426.48,425.9,425.9,stop,-1.0,-0.0013599699868693804,0.0013599699868693511
2022-08-18,-1,426.21,427.02,427.02,stop,-1.0,-0.0019004715985078136,0.0019004715985077832
2022-08-19,-1,424.87,425.22,425.22,stop,-1.0,-0.0008237813919551584,0.0008237813919552398
2022-08-22,-1,416.2311,417.23,413.46,close,2.774151566723465,0.006657599588305696,0.002399868726772199
2022-08-23,1,413.57,412.74,412.74,stop,-1.0,-0.002006915395217246,0.0020069153952172163
2022-08-24,-1,411.47,412.25,412.25,stop,-1.0,-0.0018956424526697102,0.00189564245266963
2022-08-25,-1,414.18,415.28,415.28,stop,-1.0,-0.0026558501134772428,0.0026558501134771495
2022-08-26,1,419.43,418.65,418.65,stop,-1.0,-0.0018596666905086323,0.0018596666905086178
2022-08-29,1,403.19,401.5101,401.5101,stop,-1.0,-0.004166521987152394,0.0041665219871523974
2022-08-30,-1,403.6264,404.1,398.89039999999966,target,10.0,0.011733622974117508,0.0011733622974117478
2022-08-31,-1,398.65,399.99,399.99,stop,-1.0,-0.003361344537815114,0.003361344537815206
2022-09-01,-1,392.14,393.39,393.39,stop,-1.0,-0.003187637068393867,0.0031876370683939412
2022-09-02,-1,398.41,400.43,400.43,stop,-1.0,-0.005070153861599813,0.005070153861599813
2022-09-06,1,393.164,393.11,393.11,stop,-1.0,-0.0001373472647545615,0.00013734726475459
2022-09-07,1,391.11,390.2,397.77,close,7.318681318681082,0.017028457467208602,0.0023267111554294826
2022-09-08,-1,394.465,395.45,395.45,stop,-1.0,-0.0024970529704790856,0.002497052970479038
2022-09-09,1,403.65,402.725,402.725,stop,-1.0,-0.0022915892481109035,0.002291589248110875
2022-09-12,1,409.29,408.72,408.72,stop,-1.0,-0.0013926555742871383,0.0013926555742871634
2022-09-13,1,402.29,401.59,401.59,stop,-1.0,-0.0017400382808422377,0.0017400382808422914
2022-09-14,-1,393.02,394.58,394.58,stop,-1.0,-0.003969263650704713,0.003969263650704805
2022-09-15,1,393.14,392.571,392.571,stop,-1.0,-0.0014473215648368454,0.001447321564836852
2022-09-16,-1,383.46,384.68,384.68,stop,-1.0,-0.00318155739842485,0.0031815573984249395
2022-09-19,1,383.57,382.1784,388.54,close,3.5714285714286356,0.012957217717757041,0.0036280209609718763
2022-09-20,1,385.1,384.55,384.55,stop,-1.0,-0.0014282004674111004,0.0014282004674110915
2022-09-21,-1,385.5,386.7,386.7,stop,-1.0,-0.003112840466926059,0.0031128404669260403
2022-09-22,-1,376.52,377.66,374.23,close,2.0087719298244533,0.006082014235631483,0.003027727610751204
2022-09-23,-1,370.0,370.62,363.79999999999995,target,10.0,0.01675675675675692,0.0016756756756756879
2022-09-26,1,367.74,366.06,366.06,stop,-1.0,-0.004568445097079432,0.004568445097079476
2022-09-27,1,369.19,367.61,367.61,stop,-1.0,-0.004279639210162722,0.004279639210162746
2022-09-28,-1,363.22,364.57,364.57,stop,-1.0,-0.003716755685259532,0.003716755685259528
2022-09-29,-1,366.04,367.11,362.79,close,3.037383177570113,0.008878811058900649,0.0029231777947765084
2022-09-30,1,362.43,361.79,361.79,stop,-1.0,-0.0017658582346935514,0.0017658582346935583
2022-10-03,-1,360.43,361.4501,361.4501,stop,-1.0,-0.002830230557944624,0.0028302305579447147
2022-10-04,1,373.52,372.31,372.31,stop,-1.0,-0.0032394517027199976,0.003239451702720014
2022-10-05,1,374.62,373.3,373.3,stop,-1.0,-0.0035235705514921056,0.0035235705514921607
2022-10-06,1,376.86,375.34,375.34,stop,-1.0,-0.0040333280263228355,0.0040333280263228745
2022-10-07,-1,368.54,369.37,369.37,stop,-1.0,-0.0022521300265914146,0.0022521300265913717
2022-10-10,-1,363.29,364.21,360.07,close,3.500000000000185,0.00886344242891357,0.002532412122546613
2022-10-11,-1,357.82,358.9,358.9,stop,-1.0,-0.0030182773461515655,0.003018277346151652
2022-10-12,-1,356.92,359.81,359.81,stop,-1.0,-0.008097052560797957,0.0080970525607979
2022-10-13,1,349.88,348.11,365.96,close,9.084745762711949,0.045958614382073826,0.005058877329370018
2022-10-14,-1,367.93,369.25,369.25,stop,-1.0,-0.0035876389530618003,0.0035876389530617053
2022-10-17,1,365.275,363.97,363.97,stop,-1.0,-0.0035726507425910548,0.0035726507425910617
2022-10-18,-1,374.29,375.45,371.14,close,2.7155172413794144,0.008415934168692796,0.0030992011541851722
2022-10-19,1,370.58,368.3,368.3,stop,-1.0,-0.0061525176749959165,0.006152517674995879
2022-10-20,1,368.41,367.54,367.54,stop,-1.0,-0.0023614994164110614,0.0023614994164110757
2022-10-21,-1,364.57,365.78,365.78,stop,-1.0,-0.003318978522643068,0.003318978522643058
2022-10-24,-1,375.68,376.13,376.13,stop,-1.0,-0.00119782793867107,0.0011978279386711792
2022-10-25,1,379.93,378.72,378.72,stop,-1.0,-0.0031847971994840574,0.0031847971994840617
2022-10-26,1,382.67,381.35,382.08,close,-0.4469696969697234,-0.0015417984163902387,0.003449447304465971
2022-10-27,1,383.69,383.06,383.06,stop,-1.0,-0.001641950532982328,0.0016419505329823437
2022-10-28,1,381.61,379.68,388.97,close,3.813471502590667,0.019286706323209613,0.005057519457037307
2022-10-31,1,386.91,386.14,386.14,stop,-1.0,-0.00199012690289746,0.0019901269028974144
2022-11-01,-1,389.87,390.39,384.6700000000002,target,10.0,0.013337779259752769,0.0013337779259752784
2022-11-02,-1,383.1,384.06,384.06,stop,-1.0,-0.0025058731401721435,0.002505873140172225
2022-11-03,-1,371.41,371.83,371.83,stop,-1.0,-0.0011308257720576975,0.0011308257720577233
2022-11-04,-1,375.83,377.37,377.37,stop,-1.0,-0.004097597317936463,0.004097597317936356
2022-11-07,-1,377.395,378.34,378.34,stop,-1.0,-0.002504007737251346,0.002504007737251403
2022-11-08,-1,380.06,381.23,381.23,stop,-1.0,-0.0030784612955849777,0.0030784612955849495
2022-11-09,-1,378.97,379.96,379.96,stop,-1.0,-0.002612343985011867,0.00261234398501188
2022-11-10,-1,386.61,388.53,388.53,stop,-1.0,-0.004966245053154239,0.0049662450531542356
2022-11-11,-1,394.84,395.895,395.895,stop,-1.0,-0.002671968392260249,0.0026719683922601734
2022-11-14,1,396.97,396.49,396.49,stop,-1.0,-0.0012091593823211344,0.001209159382321128
2022-11-15,1,401.51,401.09,401.09,stop,-1.0,-0.0010460511568828323,0.0010460511568828072
2022-11-16,1,397.64,396.49,396.49,stop,-1.0,-0.0028920631727189505,0.0028920631727189852
2022-11-17,1,390.8801,390.34,390.34,stop,-1.0,-0.0013817536374965966,0.0013817536374966446
2022-11-18,-1,396.47,397.81,396.09,close,0.28358208955228315,0.0009584583953390347,0.0033798269730369885
2022-11-21,1,394.78,394.58,394.58,stop,-1.0,-0.0005066112771670017,0.000506611277167001
2022-11-22,-1,396.12,396.86,396.86,stop,-1.0,-0.0018681207714834613,0.001868120771483412
2022-11-23,1,400.41,399.49,399.49,stop,-1.0,-0.002297644913963226,0.0022976449139632273
2022-11-28,1,400.35,399.0,399.0,stop,-1.0,-0.0033720494567254233,0.003372049456725422
2022-11-29,1,396.49,395.62,395.62,stop,-1.0,-0.0021942545839743754,0.0021942545839743867
2022-11-30,1,396.03,395.35,395.35,stop,-1.0,-0.0017170416382595866,0.0017170416382596015
2022-12-01,1,408.79,408.25,408.25,stop,-1.0,-0.0013209716480344635,0.001320971648034493
2022-12-02,1,403.63,402.14,406.87,close,2.174496644295295,0.008027153581250168,0.0036914996407601246
2022-12-05,1,404.44,403.81,403.81,stop,-1.0,-0.0015577094253782509,0.0015577094253782897
2022-12-06,1,399.64,399.25,399.25,stop,-1.0,-0.0009758782904614183,0.0009758782904613812
2022-12-07,1,394.18,392.58,392.58,stop,-1.0,-0.004059059313004321,0.004059059313004269
2022-12-08,-1,394.0,395.35,395.35,stop,-1.0,-0.0034263959390863352,0.003426395939086352
2022-12-09,1,395.45,394.12,394.12,stop,-1.0,-0.0033632570489315894,0.003363257048931557
2022-12-12,-1,393.95,394.61,394.61,stop,-1.0,-0.0016753395100901347,0.0016753395100901766
2022-12-13,-1,408.42,410.49,401.95,close,3.125603864734323,0.015841535674061102,0.005068312031732023
2022-12-14,1,402.9,401.58,401.58,stop,-1.0,-0.0032762472077438876,0.0032762472077438403
2022-12-15,-1,393.79,395.25,389.65,close,2.835616438356234,0.010513217704868238,0.0037075598669341005
2022-12-16,1,385.59,384.86,384.86,stop,-1.0,-0.001893202624549284,0.0018932026245492917
2022-12-19,-1,382.86,383.8,383.8,stop,-1.0,-0.0024552055581674725,0.0024552055581674704
2022-12-20,1,379.24,378.58,378.58,stop,-1.0,-0.0017403227507647445,0.0017403227507647532
2022-12-21,-1,382.77,383.44,383.44,stop,-1.0,-0.0017503984115787574,0.0017503984115787964
2022-12-22,-1,381.77,383.38,383.38,stop,-1.0,-0.004217198836996117,0.004217198836996133
2022-12-23,1,379.9,379.62,379.62,stop,-1.0,-0.0007370360621214989,0.0007370360621215392
2022-12-27,-1,381.9501,383.01,383.01,stop,-1.0,-0.002774969819355988,0.0027749698193559064
2022-12-28,1,382.71,380.62,380.62,stop,-1.0,-0.005461054061822179,0.005461054061822203
2022-12-29,1,379.98,379.08,383.39,close,3.78888888888871,0.008974156534554467,0.002368545712932349
2022-12-30,1,381.4,380.08,380.08,stop,-1.0,-0.003460933403251154,0.0034609334032511623
2023-01-03,1,384.54,383.59,383.59,stop,-1.0,-0.0024704842149062545,0.0024704842149062397
2023-01-04,-1,382.44,383.28,383.28,stop,-1.0,-0.0021964229683086867,0.002196422968308689
2023-01-05,-1,380.69,381.76,381.76,stop,-1.0,-0.002810685859885975,0.0028106858598859787
2023-01-06,1,383.52,381.81,381.81,stop,-1.0,-0.004458698372966197,0.004458698372966155
2023-01-09,-1,390.14,390.84,390.84,stop,-1.0,-0.0017942277131286488,0.0017942277131285914
2023-01-10,1,388.99,387.15,387.15,stop,-1.0,-0.004730198719761547,0.004730198719761515
2023-01-11,-1,392.2,392.69,392.69,stop,-1.0,-0.0012493625701173183,0.0012493625701173103
2023-01-12,-1,394.98,396.965,396.965,stop,-1.0,-0.005025570914982902,0.005025570914982927
2023-01-13,1,394.2,393.6,393.6,stop,-1.0,-0.0015220700152206446,0.0015220700152206138
2023-01-17,-1,398.29,399.0188,399.0188,stop,-1.0,-0.001829822491149713,0.0018298224911496104
2023-01-18,1,399.07,398.67,398.67,stop,-1.0,-0.0010023304182222859,0.0010023304182223101
2023-01-19,1,389.75,389.0862,389.0862,stop,-1.0,-0.0017031430404104153,0.00170314304041047
2023-01-20,-1,388.72,390.1,390.1,stop,-1.0,-0.0035501131920148143,0.003550113192014806
2023-01-23,-1,396.01,396.89,396.89,stop,-1.0,-0.00222216610691639,0.0022221661069164807
2023-01-24,-1,398.68,399.15,399.15,stop,-1.0,-0.0011788903381158011,0.0011788903381157079
2023-01-25,-1,395.76,396.06,396.06,stop,-1.0,-0.0007580351728320167,0.0007580351728320482
2023-01-26,1,403.22,402.93,402.93,stop,-1.0,-0.0007192103566291408,0.0007192103566291861
2023-01-27,1,403.87,403.44,405.68,close,4.2093023255813335,0.004481640131725584,0.0010646990368187953
2023-01-30,1,403.21,402.66,402.66,stop,-1.0,-0.001364053470895965,0.0013640534708959464
2023-01-31,1,401.72,401.03,401.03,stop,-1.0,-0.0017176142586877718,0.0017176142586877788
2023-02-01,-1,405.05,405.545,405.545,stop,-1.0,-0.0012220713492161472,0.0012220713492161574
2023-02-02,-1,414.59,415.08,415.08,stop,-1.0,-0.0011818905424636483,0.0011818905424636607
2023-02-03,1,412.5,411.44,411.44,stop,-1.0,-0.0025696969696969996,0.0025696969696969753
2023-02-06,1,410.71,409.77,409.77,stop,-1.0,-0.002288719534464745,0.002288719534464702
2023-02-08,1,413.27,412.77,412.77,stop,-1.0,-0.0012098628015583257,0.0012098628015583034
2023-02-09,-1,414.02,414.57,408.51999999999987,target,10.0,0.013284382396985928,0.0013284382396985927
2023-02-10,1,406.52,405.85,405.85,stop,-1.0,-0.001648135393092498,0.0016481353930924902
2023-02-13,-1,408.54,409.02,409.02,stop,-1.0,-0.0011749155529445776,0.0011749155529445375
2023-02-14,-1,410.32,411.39,411.39,stop,-1.0,-0.0026077208032755372,0.0026077208032754757
2023-02-15,1,410.81,410.1425,410.1425,stop,-1.0,-0.0016248387332343794,0.0016248387332343862
2023-02-16,1,409.19,408.74,408.74,stop,-1.0,-0.0010997336200786467,0.0010997336200786643
2023-02-17,1,406.63,405.65,405.65,stop,-1.0,-0.0024100533654674017,0.002410053365467423
2023-02-21,1,403.81,403.05,403.05,stop,-1.0,-0.0018820732522720762,0.0018820732522720855
2023-02-22,1,399.62,399.36,399.36,stop,-1.0,-0.0006506180871828082,0.000650618087182801
2023-02-23,-1,401.28,401.7096,401.7096,stop,-1.0,-0.0010705741626795273,0.0010705741626795514
2023-02-24,1,395.84,395.17,395.17,stop,-1.0,-0.0016926030719481844,0.0016926030719481586
2023-02-27,-1,399.29,400.03,400.03,stop,-1.0,-0.0018532895890204237,0.0018532895890203916
2023-02-28,-1,396.665,397.35,397.35,stop,-1.0,-0.0017268980121765143,0.0017268980121765273
2023-03-01,1,395.42,395.17,395.17,stop,-1.0,-0.0006322391381315962,0.0006322391381316069
2023-03-02,1,393.1,392.53,392.53,stop,-1.0,-0.001450012719409921,0.0014500127194099466
2023-03-03,-1,399.32,399.81,399.81,stop,-1.0,-0.001227086046278636,0.0012270860462786966
2023-03-06,1,405.41,404.76,404.76,stop,-1.0,-0.001603315162428287,0.001603315162428243
2023-03-07,-1,404.38,404.5,404.5,stop,-1.0,-0.0002967505811366511,0.000296750581136566
2023-03-08,-1,398.32,399.1,399.1,stop,-1.0,-0.001958224543080922,0.0019582245430810143
2023-03-09,1,400.28,399.38,399.38,stop,-1.0,-0.0022484261017287066,0.002248426101728733
2023-03-10,-1,389.95,391.2,391.2,stop,-1.0,-0.003205539171688754,0.0032055391716886783
2023-03-13,-1,381.7,382.7,382.7,stop,-1.0,-0.0026198585276395736,0.0026198585276395077
2023-03-14,-1,390.0,390.86,390.86,stop,-1.0,-0.002205128205128304,0.00220512820512824
2023-03-15,1,386.64,385.7,385.7,stop,-1.0,-0.0024312021518725357,0.002431202151872537
2023-03-16,1,387.1,386.29,395.20000000000005,target,10.0,0.020924825626453147,0.002092482562645317
2023-03-17,-1,392.98,393.75,393.75,stop,-1.0,-0.0019593872461702855,0.001959387246170242
2023-03-20,-1,390.68,391.98,391.98,stop,-1.0,-0.0033275314835672365,0.003327531483567143
2023-03-21,1,397.86,397.22,397.22,stop,-1.0,-0.001608606042326377,0.0016086060423264122
2023-03-22,-1,398.295,398.875,398.875,stop,-1.0,-0.0014562070826900086,0.001456207082689926
2023-03-23,1,395.46,395.02,395.02,stop,-1.0,-0.0011126283315632257,0.0011126283315632372
2023-03-24,-1,391.1625,391.98,391.98,stop,-1.0,-0.002089924264212506,0.002089924264212432
2023-03-27,1,398.47,397.9504,397.9504,stop,-1.0,-0.0013039877531558774,0.0013039877531558846
2023-03-28,-1,395.45,395.84,395.84,stop,-1.0,-0.000986218232393421,0.0009862182323934414
2023-03-29,-1,399.475,399.93,399.93,stop,-1.0,-0.0011389949308466818,0.0011389949308466965
2023-03-30,-1,403.84,404.14,404.14,stop,-1.0,-0.0007428684627575066,0.000742868462757556
2023-03-31,1,405.375,404.55,409.36,close,4.830303030303114,0.009830403946962774,0.0020351526364477054
2023-04-03,1,409.46,408.82,408.82,stop,-1.0,-0.0015630342402187525,0.0015630342402187915
2023-04-04,-1,411.39,411.68,411.68,stop,-1.0,-0.0007049271980359428,0.0007049271980359768
2023-04-05,1,408.035,407.8,407.8,stop,-1.0,-0.0005759309863124784,0.0005759309863124821
2023-04-06,-1,406.22,406.9,406.9,stop,-1.0,-0.0016739697700751677,0.0016739697700752054
2023-04-10,-1,406.32,406.84,406.84,stop,-1.0,-0.0012797794841503674,0.0012797794841503786
2023-04-11,-1,410.02,410.27,410.27,stop,-1.0,-0.0006097263548119347,0.0006097263548119604
2023-04-12,-1,411.77,412.14,412.14,stop,-1.0,-0.0008985598756587887,0.0008985598756587526
2023-04-13,1,409.3,409.08,409.08,stop,-1.0,-0.0005375030539946923,0.0005375030539946916
2023-04-14,1,413.16,412.77,412.77,stop,-1.0,-0.0009439442346791393,0.0009439442346791634
2023-04-17,1,412.56,412.23,412.23,stop,-1.0,-0.0007998836532867593,0.0007998836532867561
2023-04-18,-1,415.21,415.64,415.64,stop,-1.0,-0.0010356205293706733,0.0010356205293706965
2023-04-19,1,412.5,412.16,414.21,close,5.029411764706192,0.004145454545454452,0.0008242424242423636
2023-04-20,1,411.74,411.08,411.08,stop,-1.0,-0.0016029533200564439,0.001602953320056407
2023-04-21,-1,411.8,412.28,412.28,stop,-1.0,-0.001165614375910451,0.0011656143759105424
2023-04-24,1,412.42,411.94,411.94,stop,-1.0,-0.0011638620823433143,0.0011638620823432864
2023-04-25,1,410.91,410.55,410.55,stop,-1.0,-0.0008761042564064958,0.0008761042564065456
2023-04-26,1,406.81,406.69,406.69,stop,-1.0,-0.0002949779995575774,0.0002949779995575442
2023-04-27,1,407.04,406.74,410.04000000000013,target,10.0,0.007370283018868218,0.0007370283018868204
2023-04-28,1,412.01,411.43,415.93,close,6.758620689655386,0.009514332176403517,0.0014077328220188443
2023-05-01,1,415.8,415.38,415.38,stop,-1.0,-0.0010101010101010166,0.0010101010101010483
2023-05-02,-1,414.28,414.82,408.87999999999977,target,10.0,0.013034662547070086,0.001303466254707011
2023-05-03,1,411.42,411.28,411.28,stop,-1.0,-0.00034028486704595906,0.0003402848670459462
2023-05-04,1,407.11,406.72,406.72,stop,-1.0,-0.0009579720468668729,0.0009579720468669066
2023-05-05,1,409.45,408.64,412.61,close,3.9012345679012546,0.007717670045182645,0.0019782635242398395
2023-05-08,-1,412.53,413.13,413.13,stop,-1.0,-0.0014544396771143386,0.0014544396771144468
2023-05-09,-1,410.965,411.18,411.18,stop,-1.0,-0.000523158906476251,0.0005231589064762981
2023-05-10,1,414.36,413.76,413.76,stop,-1.0,-0.001448016217781678,0.001448016217781694
2023-05-11,-1,410.73,412.09,412.09,stop,-1.0,-0.003311177659289344,0.0033111776592894522
2023-05-12,-1,413.37,413.5699,413.5699,stop,-1.0,-0.0004835861334882008,0.0004835861334881915
2023-05-15,-1,411.39,412.29,412.29,stop,-1.0,-0.0021877050973528878,0.0021877050973529598
2023-05-16,1,412.02,411.64,411.64,stop,-1.0,-0.0009222853259550634,0.0009222853259550398
2023-05-17,-1,412.155,412.41,412.41,stop,-1.0,-0.0006186992757579723,0.0006186992757580335
2023-05-18,-1,414.875,415.05,415.05,stop,-1.0,-0.00042181379933725616,0.00042181379933717717
2023-05-19,1,420.25,419.8,419.8,stop,-1.0,-0.001070791195716847,0.0010707911957168082
2023-05-22,1,419.6,418.62,418.62,stop,-1.0,-0.002335557673975308,0.002335557673975258
2023-05-23,1,417.27,416.84,416.84,stop,-1.0,-0.0010305078246698463,0.0010305078246698944
2023-05-24,-1,412.27,412.49,410.0699999999997,target,10.0,0.005336308729716577,0.0005336308729716625
2023-05-25,-1,413.34,414.8,414.8,stop,-1.0,-0.003532201093530807,0.0035322010935308376
2023-05-26,1,415.92,415.25,419.98,close,6.059701492537173,0.009761492594729804,0.0016108867089825347
2023-05-30,1,422.41,421.91,421.91,stop,-1.0,-0.0011836840983878716,0.0011836840983878221
2023-05-31,-1,418.23,418.82,418.82,stop,-1.0,-0.0014107070272337818,0.0014107070272337588
2023-06-01,-1,417.22,418.28,418.28,stop,-1.0,-0.002540626048607386,0.0025406260486073185
2023-06-02,1,425.61,424.44,424.44,stop,-1.0,-0.0027489955593148485,0.002748995559314903
2023-06-05,1,428.61,428.16,428.16,stop,-1.0,-0.0010499055085042563,0.001049905508504208
2023-06-06,-1,426.19,426.72,426.72,stop,-1.0,-0.0012435768084657628,0.001243576808465777
2023-06-07,1,429.05,428.34,428.34,stop,-1.0,-0.0016548187856894048,0.0016548187856893983
2023-06-08,1,426.82,426.5,426.5,stop,-1.0,-0.0007497305655780329,0.0007497305655779794
2023-06-09,1,430.14,429.92,429.92,stop,-1.0,-0.0005114613846654015,0.000511461384665389
2023-06-12,-1,430.84,431.06,431.06,stop,-1.0,-0.0005106303964348413,0.0005106303964349348
2023-06-13,1,435.82,435.09,435.09,stop,-1.0,-0.0016750034417879478,0.0016750034417879359
2023-06-14,-1,436.895,437.19,437.19,stop,-1.0,-0.0006752194463199857,0.0006752194463200905
2023-06-15,1,436.4,436.23,438.09999999999957,target,10.0,0.0038955087076066874,0.0003895508707606762
2023-06-16,-1,442.66,443.18,443.18,stop,-1.0,-0.001174716486693983,0.0011747164866940355
2023-06-20,1,438.05,437.09,437.09,stop,-1.0,-0.002191530647186468,0.0021915306471864773
2023-06-21,-1,435.56,436.28,436.28,stop,-1.0,-0.0016530443566902253,0.00165304435669017
2023-06-22,-1,433.72,434.055,434.055,stop,-1.0,-0.00077238771557675,0.0007723877155768227
2023-06-23,1,433.35,432.7117,432.7117,stop,-1.0,-0.0014729433483328114,0.0014729433483327914
2023-06-26,1,433.38,432.6,432.6,stop,-1.0,-0.0017998061747195315,0.0017998061747195827
2023-06-27,1,432.72,432.24,432.24,stop,-1.0,-0.0011092623405435376,0.0011092623405435805
2023-06-28,-1,434.89,435.14,435.14,stop,-1.0,-0.0005748580100715106,0.0005748580100715123
2023-06-29,1,436.37,435.54,438.14,close,2.1325301204819467,0.004056190847216756,0.0019020555950225362
2023-06-30,1,441.71,441.11,443.25,close,2.5666666666668467,0.0034864503859999285,0.001358357293246623
2023-07-05,1,442.41,441.9,443.14,close,1.431372549019398,0.0016500531181482536,0.0011527768359667452
2023-07-06,-1,438.815,439.62,439.62,stop,-1.0,-0.0018344860590453482,0.0018344860590453992
2023-07-07,1,439.4,438.47,438.47,stop,-1.0,-0.0021165225307235858,0.0021165225307236005
2023-07-10,1,439.115,438.05,438.05,stop,-1.0,-0.0024253327715973994,0.0024253327715974124
2023-07-11,1,440.8,440.3,440.3,stop,-1.0,-0.0011343012704174704,0.001134301270417423
2023-07-12,1,446.51,446.14,446.14,stop,-1.0,-0.0008286488544489989,0.0008286488544489587
2023-07-13,1,448.23,447.45,449.53,close,1.6666666666665453,0.0029002967226645637,0.001740178033598888
2023-07-14,1,450.62,450.35,450.35,stop,-1.0,-0.0005991744707292135,0.0005991744707291772
2023-07-17,1,449.37,449.08,450.855,close,5.120689655172099,0.0033046264770679734,0.000645347931548658
2023-07-18,-1,450.41,450.55,450.55,stop,-1.0,-0.00031082791234648965,0.00031082791234649844
2023-07-19,1,455.47,455.01,455.01,stop,-1.0,-0.0010099457703033332,0.0010099457703032831
2023-07-20,1,454.8,454.1,454.1,stop,-1.0,-0.0015391380826736967,0.0015391380826736776
2023-07-21,-1,453.83,454.07,454.07,stop,-1.0,-0.0005288323821694974,0.0005288323821695549
2023-07-24,1,454.24,453.35,453.35,stop,-1.0,-0.0019593166607960733,0.0019593166607960247
2023-07-25,1,454.295,453.87,455.41,close,2.623529411764657,0.002454352348143951,0.0009355154690234569
2023-07-26,1,454.6,454.42,454.42,stop,-1.0,-0.0003959524857016783,0.00039595248570173077
2023-07-27,1,459.22,458.66,458.66,stop,-1.0,-0.001219459082792529,0.0012194590827925662
2023-07-28,-1,455.76,456.15,456.15,stop,-1.0,-0.0008557135334386068,0.000855713533438622
2023-07-31,-1,457.34,457.805,457.805,stop,-1.0,-0.0010167490269821222,0.0010167490269821836
2023-08-01,1,456.61,456.06,456.06,stop,-1.0,-0.0012045290291495814,0.0012045290291496273
2023-08-02,-1,452.605,453.3901,453.3901,stop,-1.0,-0.0017346251146141967,0.0017346251146142882
2023-08-03,-1,447.87,448.45,448.45,stop,-1.0,-0.00129501864380277,0.0012950186438028537
2023-08-04,1,451.55,450.32,450.32,stop,-1.0,-0.0027239508360092923,0.0027239508360093413
2023-08-07,1,449.33,448.57,448.57,stop,-1.0,-0.0016914072062849117,0.0016914072062848928
2023-08-08,-1,447.74,448.15,448.15,stop,-1.0,-0.0009157100102736848,0.0009157100102737486
2023-08-09,-1,448.955,449.1999,446.5059999999997,target,10.0,0.005454889688276787,0.0005454889688276768
2023-08-10,1,449.34,447.99,447.99,stop,-1.0,-0.0030044064628120815,0.0030044064628120485
2023-08-11,1,444.07,443.345,445.58,close,2.0827586206897406,0.0034003648073501758,0.0016326254869726978
2023-08-14,1,444.91,444.455,444.455,stop,-1.0,-0.001022678744015737,0.0010226787440157355
2023-08-15,1,446.335,446.0,446.0,stop,-1.0,-0.0007505573168135049,0.0007505573168135584
2023-08-16,1,442.66,442.38,442.38,stop,-1.0,-0.0006325396466815292,0.0006325396466814926
2023-08-17,-1,440.89,441.43,436.26,close,8.57407407407374,0.010501485631336571,0.001224795300415116
2023-08-18,1,434.21,433.01,436.46,close,1.8750000000000178,0.005181824462817453,0.002763639713502657
2023-08-21,1,438.08,437.33,437.33,stop,-1.0,-0.0017120160701241671,0.0017120160701241784
2023-08-22,-1,440.85,441.18,438.11,close,8.30303030303073,0.006215265963479655,0.0007485539299080958
2023-08-23,1,439.43,439.1,442.72999999999985,target,10.0,0.007509728511935654,0.0007509728511935555
2023-08-24,-1,443.98,445.05,445.05,stop,-1.0,-0.0024100184693003346,0.0024100184693004035
2023-08-25,1,439.1,438.57,438.57,stop,-1.0,-0.0012070143475291228,0.001207014347529104
2023-08-28,1,442.81,441.97,441.97,stop,-1.0,-0.001896976129716954,0.001896976129716978
2023-08-29,1,443.04,442.46,448.84000000000043,target,10.0,0.013091368725172359,0.0013091368725172466
2023-08-30,1,450.2,449.51,449.51,stop,-1.0,-0.0015326521545979688,0.0015326521545979514
2023-08-31,1,451.91,451.61,451.61,stop,-1.0,-0.0006638489964816419,0.0006638489964816255
2023-09-01,1,453.24,452.89,452.89,stop,-1.0,-0.0007722178095490584,0.000772217809549075
2023-09-05,-1,450.46,450.93,450.93,stop,-1.0,-0.001043377880389107,0.0010433778803889964
2023-09-06,-1,447.74,448.49,448.49,stop,-1.0,-0.001675079287086323,0.0016750792870862555
2023-09-07,1,443.57,442.805,442.805,stop,-1.0,-0.0017246432355659813,0.0017246432355659453
2023-09-08,1,445.82,444.8,444.8,stop,-1.0,-0.0022879188910321924,0.0022879188910322145
2023-09-11,1,448.55,448.12,448.12,stop,-1.0,-0.0009586445212350636,0.000958644521235106
2023-09-12,1,447.51,446.79,446.79,stop,-1.0,-0.0016089025943554214,0.0016089025943553674
2023-09-13,1,446.855,445.99,445.99,stop,-1.0,-0.0019357509706727782,0.0019357509706728335
2023-09-14,-1,448.65,449.31,449.31,stop,-1.0,-0.0014710799063859525,0.00147107990638588
2023-09-15,-1,447.09,447.48,443.18999999999954,target,10.0,0.008723075890761267,0.0008723075890761217
2023-09-18,1,443.43,442.76,442.76,stop,-1.0,-0.0015109487405001731,0.0015109487405002276
2023-09-19,1,442.77,442.39,442.39,stop,-1.0,-0.0008582333943130127,0.0008582333943130643
2023-09-20,-1,443.73,444.02,444.02,stop,-1.0,-0.0006535505825613352,0.0006535505825613856
2023-09-21,-1,435.18,435.97,431.41,close,4.77215189873403,0.008663081943103945,0.001815340778528472
2023-09-22,-1,432.14,432.64,432.64,stop,-1.0,-0.001157032443189765,0.001157032443189707
2023-09-25,-1,428.86,429.415,429.415,stop,-1.0,-0.0012941286200625068,0.001294128620062507
2023-09-26,1,429.415,429.01,429.01,stop,-1.0,-0.0009431435790553389,0.000943143579055295
2023-09-27,1,427.22,426.95,426.95,stop,-1.0,-0.0006319928842283273,0.0006319928842283569
2023-09-28,1,426.19,425.06,425.06,stop,-1.0,-0.002651399610502314,0.0026513996105023475
2023-09-29,-1,431.15,431.85,427.39,close,5.3714285714282095,0.008720862808767271,0.00162356488461103
2023-10-02,1,427.12,426.2513,426.2513,stop,-1.0,-0.002033854654429623,0.0020338546544296445
2023-10-03,1,425.43,424.85,424.85,stop,-1.0,-0.0013633265167006803,0.0013633265167007124
2023-10-04,1,422.74,421.91,421.91,stop,-1.0,-0.00196338174764632,0.0019633817476462697
2023-10-05,1,424.81,424.27,424.27,stop,-1.0,-0.0012711565170312467,0.0012711565170311916
2023-10-06,1,422.47,421.92,421.92,stop,-1.0,-0.0013018675882311426,0.0013018675882311439
2023-10-09,1,427.79,427.35,427.35,stop,-1.0,-0.0010285420416559221,0.0010285420416559473
2023-10-10,1,433.02,432.58,432.58,stop,-1.0,-0.0010161193478360753,0.0010161193478361225
2023-10-11,1,436.18,435.64,435.64,stop,-1.0,-0.0012380210005044079,0.0012380210005044259
2023-10-12,-1,436.31,437.0,437.0,stop,-1.0,-0.001581444385872377,0.001581444385872425
2023-10-13,1,435.49,435.19,435.19,stop,-1.0,-0.0006888791935520944,0.0006888791935521168
2023-10-16,1,434.555,433.57,436.01,close,1.4771573604060548,0.0033482528103461195,0.002266686610440597
2023-10-17,1,433.41,432.77,432.77,stop,-1.0,-0.0014766618213701843,0.0014766618213701648
2023-10-18,1,434.64,433.87,433.87,stop,-1.0,-0.0017715810785937647,0.001771581078593737
2023-10-19,-1,430.93,431.39,431.39,stop,-1.0,-0.0010674587520014267,0.0010674587520014378
2023-10-20,-1,425.8,426.04,426.04,stop,-1.0,-0.0005636449037107472,0.0005636449037106836
2023-10-23,-1,419.29,420.01,420.01,stop,-1.0,-0.0017171885806959164,0.0017171885806958678
2023-10-24,1,423.615,422.6,422.6,stop,-1.0,-0.0023960435773048294,0.002396043577304832
2023-10-25,-1,421.27,421.92,417.61,close,5.630769230768887,0.00868801481235304,0.0015429534502813733
2023-10-26,1,417.04,416.11,416.11,stop,-1.0,-0.002230001918281266,0.0022300019182812363
2023-10-27,-1,413.95,414.47,414.47,stop,-1.0,-0.0012561903611547631,0.0012561903611548223
2023-10-30,1,414.28,413.53,413.53,stop,-1.0,-0.0018103697982041478,0.0018103697982041133
2023-10-31,-1,415.53,416.37,416.37,stop,-1.0,-0.0020215146920801175,0.002021514692080071
2023-11-01,-1,418.88,419.37,419.37,stop,-1.0,-0.0011697860962567308,0.0011697860962567063
2023-11-02,1,427.55,426.56,430.75,close,3.232323232323191,0.0074845047362881445,0.0023155186527891686
2023-11-03,1,433.34,433.01,434.67,close,4.030303030303349,0.0030691835510223697,0.0007615267457423365
2023-11-06,1,435.74,435.46,435.46,stop,-1.0,-0.0006425850277689271,0.0006425850277689208
2023-11-07,-1,434.865,435.73,435.73,stop,-1.0,-0.0019891230611799315,0.001989123061179927
2023-11-08,1,437.87,437.39,437.39,stop,-1.0,-0.0010962157718044097,0.0010962157718044584
2023-11-09,-1,437.72,438.47,433.87,close,5.133333333333364,0.008795577081239236,0.001713424106734899
2023-11-10,-1,435.31,436.0,436.0,stop,-1.0,-0.001585077301233584,0.0015850773012335985
2023-11-13,-1,438.8,439.59,439.59,stop,-1.0,-0.0018003646308111243,0.0018003646308112206
2023-11-14,1,446.68,446.09,448.71,close,3.440677966101463,0.004544640458493676,0.001320856093848016
2023-11-15,1,450.53,450.0966,450.0966,stop,-1.0,-0.0009619781146648076,0.0009619781146648374
2023-11-16,1,449.61,449.14,449.14,stop,-1.0,-0.001045350414804025,0.001045350414804002
2023-11-17,-1,450.03,450.6,450.6,stop,-1.0,-0.001266582227851698,0.001266582227851588
2023-11-20,1,451.22,450.52,454.24,close,4.314285714285408,0.006692965737334244,0.001551349674216669
2023-11-21,-1,453.19,453.32,453.32,stop,-1.0,-0.0002868554028112591,0.0002868554028111729
2023-11-22,1,455.71,454.89,454.89,stop,-1.0,-0.0017993899629149546,0.0017993899629149968
2023-11-27,-1,454.39,455.245,455.245,stop,-1.0,-0.0018816435220845307,0.001881643522084593
2023-11-28,-1,453.94,454.23,454.23,stop,-1.0,-0.0006388509494648087,0.000638850949464732
2023-11-29,1,457.86,457.0,457.0,stop,-1.0,-0.0018783034115231745,0.0018783034115232027
2023-11-30,-1,455.18,455.71,455.71,stop,-1.0,-0.0011643745331517685,0.0011643745331516603
2023-12-01,-1,455.49,455.81,455.81,stop,-1.0,-0.000702540121627182,0.0007025401216272435
2023-12-04,1,456.46,455.51,455.51,stop,-1.0,-0.002081233843053032,0.002081233843053036
2023-12-05,-1,455.18,455.495,455.495,stop,-1.0,-0.0006920339206468729,0.0006920339206467721
2023-12-06,-1,458.38,458.84,454.71,close,7.978260869565607,0.008006457524324828,0.0010035341856101478
2023-12-07,1,457.01,456.641,456.641,stop,-1.0,-0.0008074221570643081,0.0008074221570643342
2023-12-08,1,457.89,457.21,460.13,close,3.294117647058804,0.004892004629933,0.0014850728340868044
2023-12-11,1,459.72,459.47,461.97,close,9.0,0.0048942834768990195,0.000543809275210998
2023-12-12,-1,460.9,461.7,461.7,stop,-1.0,-0.0017357344326318636,0.0017357344326318321
2023-12-13,1,464.82,464.3,464.3,stop,-1.0,-0.0011187126199388997,0.001118712619938862
2023-12-14,1,473.3,472.47,472.47,stop,-1.0,-0.0017536446228607616,0.0017536446228607313
2023-12-15,-1,469.11,469.6,469.6,stop,-1.0,-0.0010445311334228435,0.0010445311334228839
2023-12-18,1,471.16,470.8,470.8,stop,-1.0,-0.000764071652941678,0.0007640716529417048
2023-12-19,1,472.97,472.45,474.82,close,3.5576923076919775,0.00391145315770558,0.0010994354821659696
2023-12-20,1,474.13,473.77,473.77,stop,-1.0,-0.0007592854280471517,0.0007592854280471888
2023-12-21,1,471.87,470.98,470.98,stop,-1.0,-0.00188611270053185,0.0018861127005318971
2023-12-22,1,474.23,473.77,473.77,stop,-1.0,-0.0009699934630875706,0.000969993463087608
2023-12-26,1,474.56,473.99,475.59,close,1.807017543859623,0.002170431557653396,0.001201112609575171
2023-12-27,1,475.83,475.27,475.27,stop,-1.0,-0.0011768909064161504,0.0011768909064161618
2023-12-28,1,477.13,476.81,476.81,stop,-1.0,-0.0006706767547628445,0.0006706767547628386
2023-12-29,1,476.815,476.41,476.41,stop,-1.0,-0.000849386030221333,0.0008493860302213075
2024-01-02,1,472.67,472.05,472.05,stop,-1.0,-0.001311697378720944,0.001311697378720893
2024-01-03,-1,470.15,470.53,470.53,stop,-1.0,-0.0008082526853132599,0.0008082526853131883
2024-01-04,1,468.87,468.11,468.11,stop,-1.0,-0.0016209183782285308,0.0016209183782284874
2024-01-05,1,468.07,467.13,467.13,stop,-1.0,-0.0020082466297776103,0.0020082466297775925
2024-01-08,1,469.08,468.3,474.56,close,7.025641025641295,0.011682442227338719,0.001662829368124782
2024-01-09,1,472.08,471.74,471.74,stop,-1.0,-0.0007202169123876612,0.000720216912387678
2024-01-10,1,474.82,474.14,474.14,stop,-1.0,-0.0014321216460975172,0.001432121646097483
2024-01-11,1,477.68,476.89,476.89,stop,-1.0,-0.0016538268296768521,0.001653826829676814
2024-01-12,1,477.98,477.73,477.73,stop,-1.0,-0.0005230344365872996,0.0005230344365873048
2024-01-16,-1,475.12,475.61,475.61,stop,-1.0,-0.001031318403771797,0.001031318403771698
2024-01-17,-1,471.3,471.94,471.94,stop,-1.0,-0.001357946106513852,0.0013579461065138688
2024-01-18,1,474.23,473.87,473.87,stop,-1.0,-0.0007591253189380698,0.0007591253189380968
2024-01-19,-1,477.29,477.97,477.97,stop,-1.0,-0.0014247103438160824,0.0014247103438161427
2024-01-22,1,484.79,483.9,483.9,stop,-1.0,-0.0018358464489780513,0.001835846448977997
2024-01-23,-1,483.62,484.3737,484.3737,stop,-1.0,-0.0015584549853189245,0.0015584549853190123
2024-01-24,-1,487.54,487.83,487.83,stop,-1.0,-0.0005948229888828038,0.0005948229888828888
2024-01-25,-1,487.52,487.7,487.7,stop,-1.0,-0.00036921562192326896,0.00036921562192321713
2024-01-26,1,488.1,487.44,487.44,stop,-1.0,-0.0013521819299324722,0.001352181929932442
2024-01-29,1,487.9,487.4568,487.4568,stop,-1.0,-0.0009083828653412285,0.0009083828653412386
2024-01-30,1,491.015,490.52,490.52,stop,-1.0,-0.001008115841674928,0.0010081158416749073
2024-01-31,1,488.86,488.3696,488.3696,stop,-1.0,-0.0010031501861473835,0.001003150186147409
2024-02-01,1,485.54,484.56,484.56,stop,-1.0,-0.002018371297936361,0.002018371297936356
2024-02-02,-1,489.61,490.115,490.115,stop,-1.0,-0.001031433181511776,0.0010314331815118062
2024-02-05,-1,493.45,493.7,490.95,target,10.0,0.005066369439659546,0.000506636943965954
2024-02-06,1,493.8,493.28,493.28,stop,-1.0,-0.0010530579181855515,0.0010530579181855784
2024-02-07,-1,496.07,496.44,496.44,stop,-1.0,-0.0007458624790857016,0.0007458624790856221
2024-02-08,-1,497.985,498.18,498.18,stop,-1.0,-0.00039157805958001113,0.0003915780595800941
2024-02-09,1,499.015,498.49,501.175,close,4.11428571428594,0.0043285271985813445,0.0010520725829884418
2024-02-12,1,501.33,501.14,501.14,stop,-1.0,-0.0003789918815949589,0.0003789918815949529
2024-02-13,1,494.87,493.95,493.95,stop,-1.0,-0.0018590741002687539,0.0018590741002687896
2024-02-14,-1,496.68,497.3,497.3,stop,-1.0,-0.0012482886365465795,0.001248288636546679
2024-02-15,1,499.85,499.2699,499.2699,stop,-1.0,-0.0011605481644493265,0.0011605481644493664
2024-02-16,-1,501.05,501.91,501.91,stop,-1.0,-0.0017163955693044741,0.0017163955693044878
2024-02-20,1,498.2,497.6,497.6,stop,-1.0,-0.001204335608189444,0.0012043356081894137
2024-02-21,-1,495.22,495.59,495.59,stop,-1.0,-0.0007471426840595097,0.0007471426840595043
2024-02-22,-1,503.065,504.135,504.135,stop,-1.0,-0.002126961724628007,0.0021269617246280166
2024-02-23,1,509.77,509.11,509.11,stop,-1.0,-0.001294701532063458,0.0012947015320634173
2024-02-26,1,508.6,508.17,508.17,stop,-1.0,-0.0008454581203303224,0.0008454581203303318
2024-02-27,-1,506.2,506.74,506.74,stop,-1.0,-0.0010667720268668912,0.0010667720268668914
2024-02-28,1,505.38,504.99,504.99,stop,-1.0,-0.0007716965451739499,0.0007716965451739016
2024-02-29,1,508.74,507.99,507.99,stop,-1.0,-0.0014742304517042504,0.0014742304517042105
2024-03-01,1,509.42,508.86,508.86,stop,-1.0,-0.001099289387931357,0.0010992893879313774
2024-03-04,1,512.2,512.02,512.02,stop,-1.0,-0.00035142522452180636,0.0003514252245217955
2024-03-05,-1,509.8,510.32,510.32,stop,-1.0,-0.0010200078462141438,0.0010200078462141659
2024-03-06,-1,510.4,510.8504,510.8504,stop,-1.0,-0.0008824451410658352,0.0008824451410658345
2024-03-07,1,513.17,512.72,512.72,stop,-1.0,-0.00087690239102034,0.0008769023910203867
2024-03-08,1,516.13,515.31,515.31,stop,-1.0,-0.001588747021099457,0.0015887470210994325
2024-03-11,-1,510.21,510.94,510.94,stop,-1.0,-0.0014307834029125832,0.001430783402912562
2024-03-12,-1,512.94,513.8,513.8,stop,-1.0,-0.0016766093500213408,0.0016766093500212497
2024-03-13,-1,516.67,517.12,517.12,stop,-1.0,-0.0008709621228251141,0.0008709621228251022
2024-03-14,-1,516.69,517.0112,517.0112,stop,-1.0,-0.0006216493448683025,0.0006216493448682501
2024-03-15,1,510.84,510.03,510.03,stop,-1.0,-0.001585623678646897,0.001585623678646939
2024-03-18,1,514.72,513.26,513.26,stop,-1.0,-0.002836493627603409,0.002836493627603428
2024-03-19,-1,511.77,512.16,512.16,stop,-1.0,-0.0007620610821266194,0.00076206108212671
2024-03-20,-1,515.51,515.99,515.99,stop,-1.0,-0.0009311167581618207,0.0009311167581618556
2024-03-21,-1,523.0,523.5,523.5,stop,-1.0,-0.0009560229445506607,0.0009560229445506692
2024-03-22,-1,521.9599,522.38,522.38,stop,-1.0,-0.0008048511006306658,0.0008048511006306187
2024-03-25,1,520.26,519.695,519.695,stop,-1.0,-0.0010859954638064995,0.0010859954638064446
2024-03-26,1,521.35,520.88,520.88,stop,-1.0,-0.0009015057063394005,0.0009015057063393637
2024-03-27,-1,521.46,521.78,521.78,stop,-1.0,-0.0006136616423118024,0.0006136616423118481
2024-03-28,-1,523.02,523.27,523.27,stop,-1.0,-0.00047799319337693547,0.0004779931933769263
2024-04-01,1,524.01,523.45,523.45,stop,-1.0,-0.0010686818953835608,0.0010686818953835717
2024-04-02,-1,517.925,518.46,518.46,stop,-1.0,-0.0010329680938361285,0.0010329680938361383
2024-04-03,1,518.21,517.665,519.36,close,2.1100917431189425,0.002219177553501428,0.0010516971883986661
2024-04-04,1,523.53,523.22,523.22,stop,-1.0,-0.0005921341661412338,0.0005921341661412822
2024-04-05,1,514.78,514.01,518.4,close,4.7012987012988185,0.007032130230389733,0.0014957846070165544
2024-04-08,-1,518.97,519.39,519.39,stop,-1.0,-0.0008092953349903009,0.000809295334990383
2024-04-09,-1,520.1,520.75,519.29,close,1.2461538461539807,0.0015573928090752975,0.001249759661603494
2024-04-10,-1,513.365,513.66,513.66,stop,-1.0,-0.0005746398761115046,0.0005746398761114588
2024-04-11,-1,515.41,515.87,515.87,stop,-1.0,-0.0008924933548049019,0.0008924933548049832
2024-04-12,1,514.99,514.08,514.08,stop,-1.0,-0.001767024602419398,0.0017670246024194026
2024-04-15,-1,514.38,515.3,505.1800000000004,target,10.0,0.017885609860413654,0.0017885609860413684
2024-04-16,1,505.08,504.56,504.56,stop,-1.0,-0.0010295398748713103,0.0010295398748712715
2024-04-17,-1,505.56,506.12,506.12,stop,-1.0,-0.0011076825698235204,0.0011076825698235664
2024-04-18,-1,501.1,502.08,502.08,stop,-1.0,-0.0019556974655756676,0.0019556974655756563
2024-04-19,-1,499.33,499.73,499.73,stop,-1.0,-0.000801073438407629,0.0008010734384075344
2024-04-22,-1,497.23,498.07,498.07,stop,-1.0,-0.0016893590491320332,0.001689359049132142
2024-04-23,-1,501.38,501.92,501.92,stop,-1.0,-0.001077027404364106,0.0010770274043639962
2024-04-24,-1,506.33,506.83,506.83,stop,-1.0,-0.0009874982718780512,0.0009874982718780243
2024-04-25,-1,498.46,499.33,499.33,stop,-1.0,-0.00174537575733269,0.0017453757573325935
2024-04-26,1,506.74,505.7,508.24,close,1.4423076923076639,0.002960097880569945,0.0020523345305285164
2024-04-29,1,510.68,509.94,509.94,stop,-1.0,-0.0014490483277199706,0.0014490483277199207
2024-04-30,1,508.76,508.2,508.2,stop,-1.0,-0.0011007154650523043,0.0011007154650522885
2024-05-01,1,501.71,501.16,501.16,stop,-1.0,-0.0010962508221880052,0.001096250822188026
2024-05-02,-1,503.11,504.68,504.68,stop,-1.0,-0.0031205899306314677,0.0031205899306314586
2024-05-03,-1,510.175,511.39,511.39,stop,-1.0,-0.002381535747537633,0.0023815357475375607
2024-05-06,-1,513.64,513.79,513.79,stop,-1.0,-0.0002920333307374623,0.00029203333073743725
2024-05-07,1,517.75,517.33,517.33,stop,-1.0,-0.000811202317720805,0.0008112023177208287
2024-05-08,1,515.61,515.14,517.19,close,3.3617021276594663,0.0030643315684335537,0.0009115416690910326
2024-05-09,1,517.61,517.34,517.34,stop,-1.0,-0.0005216282529316718,0.0005216282529317088
2024-05-10,1,522.11,521.36,521.36,stop,-1.0,-0.0014364789029132075,0.0014364789029131793
2024-05-13,-1,521.84,522.67,520.91,close,1.1204819277110183,0.001782155449946421,0.0015905258316724039
2024-05-14,-1,521.07,521.43,521.43,stop,-1.0,-0.0006908860613734635,0.0006908860613735197
2024-05-15,1,526.45,525.71,525.71,stop,-1.0,-0.0014056415614018825,0.0014056415614018597
2024-05-16,1,530.1,529.86,529.86,stop,-1.0,-0.00045274476513867956,0.00045274476513867024
2024-05-17,-1,528.76,529.2,529.2,stop,-1.0,-0.0008321355624480997,0.0008321355624480947
2024-05-20,1,530.11,529.47,529.47,stop,-1.0,-0.0012072965988191298,0.0012072965988190873
2024-05-21,1,529.52,529.07,531.32,close,4.000000000000758,0.0033993050309715223,0.0008498262577427327
2024-05-22,1,530.89,530.625,530.625,stop,-1.0,-0.000499161784927149,0.000499161784927172
2024-05-23,-1,531.84,533.07,525.95,close,4.78861788617878,0.011074759326113126,0.0023127256317689872
2024-05-24,1,527.94,527.28,527.28,stop,-1.0,-0.0012501420615980141,0.0012501420615980638
2024-05-28,1,530.36,530.1,530.1,stop,-1.0,-0.0004902330492495555,0.0004902330492495492
2024-05-29,-1,525.625,526.02,526.02,stop,-1.0,-0.000751486325802686,0.0007514863258025813
2024-05-30,-1,524.43,524.99,524.99,stop,-1.0,-0.0010678260206320456,0.0010678260206320371
2024-05-31,-1,523.55,523.95,523.95,stop,-1.0,-0.0007640148982905881,0.0007640148982906905
2024-06-03,-1,528.74,529.16,529.16,stop,-1.0,-0.0007943412641373548,0.0007943412641373058
2024-06-04,-1,525.85,526.78,526.78,stop,-1.0,-0.0017685651801844227,0.001768565180184368
2024-06-05,-1,530.29,530.82,530.82,stop,-1.0,-0.0009994531294199582,0.0009994531294199144
2024-06-06,-1,534.93,535.08,535.08,stop,-1.0,-0.0002804105210030272,0.0002804105210029181
2024-06-07,-1,532.59,533.7,533.7,stop,-1.0,-0.002084154790739534,0.0020841547907396187
2024-06-10,-1,533.03,533.27,533.27,stop,-1.0,-0.0004502560831474156,0.0004502560831473071
2024-06-11,-1,533.56,534.1,534.1,stop,-1.0,-0.0010120698703053321,0.0010120698703052653
2024-06-12,-1,541.36,541.76,541.76,stop,-1.0,-0.0007388798581349221,0.0007388798581350252
2024-06-13,-1,542.48,543.19,543.19,stop,-1.0,-0.0013088040112079202,0.0013088040112078534
2024-06-14,1,541.18,540.665,540.665,stop,-1.0,-0.000951624228537562,0.0009516242285376148
2024-06-17,1,542.25,541.7,541.7,stop,-1.0,-0.00101429230059924,0.0010142923005992707
2024-06-18,1,547.81,547.11,547.11,stop,-1.0,-0.0012778153009254112,0.0012778153009253789
2024-06-20,-1,548.99,549.48,549.48,stop,-1.0,-0.0008925481338457608,0.0008925481338458061
2024-06-21,1,544.66,544.015,544.015,stop,-1.0,-0.0011842250211140382,0.0011842250211140562
2024-06-24,-1,544.32,544.47,544.47,stop,-1.0,-0.0002755731922399196,0.0002755731922398171
2024-06-25,-1,543.5,544.07,544.07,stop,-1.0,-0.001048758049678078,0.0010487580496781048
2024-06-26,-1,543.68,543.75,543.75,stop,-1.0,-0.0001287522071808933,0.00012875220718078654
2024-06-27,1,545.91,545.37,545.37,stop,-1.0,-0.000989174039676799,0.0009891740396768033
2024-06-28,1,547.46,546.67,546.67,stop,-1.0,-0.0014430278011180464,0.001443027801118031
2024-07-01,-1,545.49,545.8599,545.8599,stop,-1.0,-0.0006781059231151243,0.0006781059231150519
2024-07-02,1,544.64,543.65,548.97,close,4.373737373737375,0.007950205640423036,0.0018177144535840356
2024-07-05,1,551.98,551.56,551.56,stop,-1.0,-0.0007608971339542192,0.0007608971339542605
2024-07-08,1,555.905,555.29,555.29,stop,-1.0,-0.0011063041346992541,0.0011063041346992906
2024-07-09,1,556.6295,556.11,556.11,stop,-1.0,-0.0009332958458004859,0.0009332958458004717
2024-07-10,-1,557.04,557.32,557.32,stop,-1.0,-0.0005026569007613446,0.0005026569007613213
2024-07-11,1,561.53,561.26,561.26,stop,-1.0,-0.0004808291631791528,0.0004808291631791388
2024-07-12,-1,557.55,557.97,557.97,stop,-1.0,-0.0007532956685500913,0.0007532956685500364
2024-07-15,1,562.3,561.92,561.92,stop,-1.0,-0.0006757958385203988,0.0006757958385203548
2024-07-16,1,563.27,562.74,562.74,stop,-1.0,-0.0009409341878672262,0.0009409341878672266
2024-07-17,1,559.7,558.8,558.8,stop,-1.0,-0.0016080042880115553,0.0016080042880115971
2024-07-18,-1,558.17,558.64,558.64,stop,-1.0,-0.000842037372126736,0.0008420373721268204
2024-07-19,-1,552.38,552.89,552.89,stop,-1.0,-0.0009232774539267297,0.0009232774539266283
2024-07-22,-1,552.74,553.06,553.06,stop,-1.0,-0.0005789340377029273,0.000578934037702964
2024-07-23,1,554.66,554.13,554.13,stop,-1.0,-0.0009555403310135269,0.0009555403310135448
2024-07-24,-1,548.23,549.17,541.21,close,7.4680851063834295,0.012804844681976513,0.0017146088320594292
2024-07-25,-1,540.79,541.62,541.62,stop,-1.0,-0.0015347916936334638,0.001534791693633464
2024-07-26,-1,541.96,542.43,542.43,stop,-1.0,-0.0008672226732597821,0.0008672226732598597
2024-07-29,-1,544.98,546.25,546.25,stop,-1.0,-0.002330360747183402,0.0023303607471833496
2024-07-30,1,546.37,545.87,545.87,stop,-1.0,-0.0009151307721873003,0.0009151307721873455
2024-07-31,-1,547.98,549.26,549.26,stop,-1.0,-0.002335851673418654,0.002335851673418688
2024-08-01,1,553.5,552.32,552.32,stop,-1.0,-0.0021318879855464212,0.0021318879855464316
2024-08-02,-1,534.04,535.83,535.83,stop,-1.0,-0.0033518088532695778,0.003351808853269563
2024-08-05,1,512.22,510.27,517.41,close,2.661538461538369,0.010132364999414278,0.0038069579477569117
2024-08-06,1,519.47,518.7,518.7,stop,-1.0,-0.0014822800161703453,0.0014822800161702924
2024-08-07,1,528.72,527.94,527.94,stop,-1.0,-0.0014752610077166661,0.0014752610077166982
2024-08-08,1,523.92,523.17,523.17,stop,-1.0,-0.0014315162620247568,0.0014315162620247366
2024-08-09,1,530.07,529.47,529.47,stop,-1.0,-0.001131925972041481,0.0011319259720414712
2024-08-12,1,534.31,533.97,533.97,stop,-1.0,-0.0006363347120583729,0.0006363347120583897
2024-08-13,1,537.41,536.28,542.0,close,4.0619469026549115,0.008540964998790646,0.0021026776576542968
2024-08-14,-1,542.27,543.27,543.27,stop,-1.0,-0.0018440998026814093,0.0018440998026813212
2024-08-15,1,549.85,549.31,549.31,stop,-1.0,-0.0009820860234610596,0.0009820860234610845
2024-08-16,1,551.83,551.26,554.21,close,4.175438596490854,0.00431292245800341,0.0010329268071689651
2024-08-19,1,555.24,554.65,554.65,stop,-1.0,-0.0010626035588214844,0.001062603558821468
2024-08-20,1,559.72,559.14,559.14,stop,-1.0,-0.0010362324019153046,0.0010362324019153163
2024-08-21,-1,559.48,559.93,559.93,stop,-1.0,-0.000804318295559936,0.0008043182955600411
2024-08-22,1,562.97,562.36,562.36,stop,-1.0,-0.0010835390873403794,0.0010835390873403798
2024-08-23,-1,559.18,559.6201,559.6201,stop,-1.0,-0.0007870453163560942,0.0007870453163561456
2024-08-26,1,563.745,562.8,562.8,stop,-1.0,-0.0016762898118831693,0.001676289811883121
2024-08-27,-1,559.2,559.61,559.61,stop,-1.0,-0.0007331902718168415,0.0007331902718168242
2024-08-28,-1,561.07,561.65,555.2700000000008,target,10.0,0.010337391056373102,0.001033739105637313
2024-08-29,1,560.79,559.73,559.73,stop,-1.0,-0.0018901906239411348,0.0018901906239411285
2024-08-30,1,561.23,560.45,560.45,stop,-1.0,-0.001389804536464534,0.0013898045364645025
2024-09-03,-1,560.26,560.81,554.7600000000004,target,10.0,0.009816870738584837,0.0009816870738584846
2024-09-04,1,551.4,550.03,550.03,stop,-1.0,-0.00248458469350743,0.002484584693507444
2024-09-05,-1,550.71,551.55,551.55,stop,-1.0,-0.001525303698861391,0.001525303698861321
2024-09-06,1,551.1,549.84,549.84,stop,-1.0,-0.002286336418072965,0.0022863364180729286
2024-09-09,1,545.03,544.06,544.06,stop,-1.0,-0.0017797185476029487,0.0017797185476029344
2024-09-10,-1,548.18,548.66,548.66,stop,-1.0,-0.0008756247947754314,0.000875624794775472
2024-09-11,-1,546.63,548.76,548.76,stop,-1.0,-0.003896602820920858,0.003896602820920907
2024-09-12,-1,554.86,555.15,555.15,stop,-1.0,-0.00052265436326282,0.0005226543632627394
2024-09-13,1,560.32,559.45,561.94,close,1.8620689655172369,0.002891205025699506,0.0015526841804683119
2024-09-16,-1,561.14,562.135,562.135,stop,-1.0,-0.0017731760345012226,0.0017731760345012022
2024-09-17,-1,564.78,565.57,565.57,stop,-1.0,-0.001398774744148401,0.001398774744148301
2024-09-18,-1,562.78,563.93,563.93,stop,-1.0,-0.0020434272717579915,0.002043427271758018
2024-09-19,-1,570.055,571.09,571.09,stop,-1.0,-0.0018156142828325006,0.0018156142828325021
2024-09-20,1,567.99,567.6,567.6,stop,-1.0,-0.000686631806897986,0.0006866318068979848
2024-09-23,-1,568.91,569.42,569.42,stop,-1.0,-0.0008964511082596438,0.0008964511082596385
2024-09-24,-1,570.07,570.55,570.55,stop,-1.0,-0.0008420018594206269,0.0008420018594206053
2024-09-25,1,571.55,571.13,571.13,stop,-1.0,-0.0007348438456826756,0.0007348438456827209
2024-09-26,-1,573.58,574.71,572.29,close,1.1415929203540554,0.0022490323930403067,0.0019700826388646666
2024-09-30,1,571.08,570.4,570.4,stop,-1.0,-0.0011907263430693815,0.0011907263430693837
2024-10-01,-1,571.07,573.46,573.46,stop,-1.0,-0.0041851261666696615,0.004185126166669561
2024-10-02,-1,566.8,567.76,567.76,stop,-1.0,-0.0016937191249117856,0.0016937191249118497
2024-10-03,1,568.13,567.18,567.18,stop,-1.0,-0.001672152500308055,0.0016721525003081082
2024-10-04,-1,572.09,572.5662,572.5662,stop,-1.0,-0.0008323865126116381,0.0008323865126115626
2024-10-07,-1,571.18,571.56,571.56,stop,-1.0,-0.0006652894008893906,0.000665289400889379
2024-10-08,-1,569.75,570.5,570.5,stop,-1.0,-0.0013163668275559814,0.0013163668275559457
2024-10-09,-1,572.99,573.2,573.2,stop,-1.0,-0.0003664985427320744,0.00036649854273204836
2024-10-10,-1,575.75,575.95,575.95,stop,-1.0,-0.0003473729917500279,0.00034737299174997043
2024-10-11,1,576.99,575.91,579.55,close,2.37037037037023,0.004436818662368447,0.0018717828731867813
2024-10-14,1,581.78,580.73,584.28,close,2.380952380952484,0.004297157000928253,0.00180480594038976
2024-10-15,1,584.72,584.44,584.44,stop,-1.0,-0.00047886167738397933,0.00047886167738400037
2024-10-16,-1,579.42,579.96,579.96,stop,-1.0,-0.0009319664492080104,0.000931966449207962
2024-10-17,-1,584.76,586.12,582.28,close,1.823529411764701,0.004241056159792089,0.002325740474724697
2024-10-18,-1,582.61,584.22,584.22,stop,-1.0,-0.002763426649044831,0.002763426649044839
2024-10-21,1,583.92,583.83,583.83,stop,-1.0,-0.00015413070283587516,0.00015413070283586477
2024-10-22,-1,580.96,581.31,581.31,stop,-1.0,-0.0006024511153950307,0.0006024511153950513
2024-10-23,1,581.45,580.96,580.96,stop,-1.0,-0.000842720784246298,0.0008427207842462964
2024-10-24,-1,579.11,580.06,579.18,close,-0.07368421052625407,-0.0001208751359844662,0.001640448274075619
2024-10-25,1,582.1,581.47,581.47,stop,-1.0,-0.0010822882666208233,0.0010822882666208476
2024-10-28,-1,582.24,582.71,580.77,close,3.1276595744679616,0.0025247320692498576,0.0008072272602363755
2024-10-29,-1,578.77,579.96,579.96,stop,-1.0,-0.002056084454964857,0.0020560844549649335
2024-10-30,-1,580.99,581.63,581.63,stop,-1.0,-0.0011015680132187011,0.0011015680132187926
2024-10-31,-1,574.84,575.63,568.55,close,7.9620253164561605,0.010942175213972671,0.001374295456126859
2024-11-01,1,572.19,570.68,570.68,stop,-1.0,-0.002638983554413943,0.0026389835544139264
2024-11-04,-1,570.33,571.53,571.53,stop,-1.0,-0.0021040450265634725,0.0021040450265634486
2024-11-05,1,572.02,570.52,576.68,close,3.1066666666666456,0.0081465683018076,0.00262228593405825
2024-11-06,-1,588.29,589.43,589.43,stop,-1.0,-0.0019378197827601973,0.0019378197827601802
2024-11-07,1,593.3,592.9999,596.3009999999992,target,10.0,0.005058149334230988,0.0005058149334231071
2024-11-08,1,596.55,596.165,598.24,close,4.389610389610635,0.0028329561646132095,0.0006453775877964813
2024-11-11,-1,599.54,600.125,600.125,stop,-1.0,-0.000975748073523075,0.0009757480735230951
2024-11-12,1,598.68,598.37,598.37,stop,-1.0,-0.0005178058395135521,0.0005178058395135055
2024-11-13,1,597.57,597.12,597.12,stop,-1.0,-0.0007530498519002782,0.0007530498519002718
2024-11-14,1,597.62,597.27,597.27,stop,-1.0,-0.0005856564372009876,0.0005856564372009349
2024-11-15,-1,589.22,590.2,585.7,close,3.5918367346937923,0.0059739995247954925,0.0016632157767896849
2024-11-18,-1,585.51,586.24,586.24,stop,-1.0,-0.001246776314665965,0.001246776314665878
2024-11-19,1,585.03,584.55,584.55,stop,-1.0,-0.0008204707450900628,0.0008204707450900265
2024-11-20,-1,589.88,590.53,590.53,stop,-1.0,-0.001101919034379728,0.0011019190343798354
2024-11-21,-1,591.62,593.57,593.57,stop,-1.0,-0.0032960346168149357,0.003296034616814924
2024-11-22,1,594.48,593.57,593.57,stop,-1.0,-0.0015307495626428747,0.0015307495626429284
2024-11-25,1,600.06,598.8,598.8,stop,-1.0,-0.002099790020997916,0.002099790020997885
2024-11-26,1,599.3,598.6,598.6,stop,-1.0,-0.0011680293675954134,0.0011680293675954143
2024-11-27,1,600.63,599.94,599.94,stop,-1.0,-0.0011487937665449754,0.0011487937665450292
2024-12-02,1,603.43,602.82,602.82,stop,-1.0,-0.0010108877583148157,0.0010108877583148003
2024-12-03,1,603.54,603.16,603.16,stop,-1.0,-0.0006296185836895951,0.0006296185836895574
2024-12-04,1,605.8,605.51,605.51,stop,-1.0,-0.0004787058435126168,0.00047870584351265047
2024-12-05,1,607.75,607.58,607.58,stop,-1.0,-0.0002797202797202303,0.0002797202797202124
2024-12-06,1,608.19,607.34,607.34,stop,-1.0,-0.001397589569049229,0.001397589569049183
2024-12-09,-1,607.43,607.86,604.66,close,6.441860465115283,0.00456019623660342,0.0007079004988230145
2024-12-10,-1,604.33,605.4,605.4,stop,-1.0,-0.0017705558221501327,0.0017705558221500443
2024-12-11,1,605.97,605.5,607.5,close,3.2553191489359232,0.002524877469181508,0.0007756159545852555
2024-12-12,-1,606.01,606.64,606.64,stop,-1.0,-0.001039586805498205,0.0010395868054982515
2024-12-13,1,606.44,606.01,606.01,stop,-1.0,-0.0007090561308621401,0.0007090561308621852
2024-12-16,-1,605.89,606.4,606.4,stop,-1.0,-0.0008417369489510662,0.0008417369489511148
2024-12-17,-1,604.06,604.29,604.29,stop,-1.0,-0.0003807568784557347,0.0003807568784558127
2024-12-18,-1,603.8,604.15,604.15,stop,-1.0,-0.000579662139781334,0.0005796621397814222
2024-12-19,1,592.755,590.6,590.6,stop,-1.0,-0.003635566127658141,0.0036355661276580927
2024-12-20,1,582.29,581.15,581.15,stop,-1.0,-0.001957787356815288,0.0019577873568153094
2024-12-23,1,591.25,590.71,590.71,stop,-1.0,-0.0009133192389005895,0.0009133192389005727
2024-12-26,1,599.93,599.41,599.41,stop,-1.0,-0.0008667677895753956,0.0008667677895754202
2024-12-27,-1,597.0699,597.7761,594.99,close,2.945199660152527,0.003483511729531097,0.0011827760870211023
2024-12-30,-1,586.98,588.01,588.01,stop,-1.0,-0.0017547446250296694,0.001754744625029767
2024-12-31,1,590.04,589.45,589.45,stop,-1.0,-0.0009999322079857764,0.0009999322079857606
2025-01-02,-1,587.8,589.65,589.65,stop,-1.0,-0.003147329023477363,0.003147329023477412
2025-01-03,1,588.07,586.91,586.91,stop,-1.0,-0.0019725542877550017,0.0019725542877549983
2025-01-06,1,596.82,595.9,595.9,stop,-1.0,-0.0015415033008278067,0.001541503300827842
2025-01-07,-1,596.98,597.75,589.2800000000002,target,10.0,0.01289825454789073,0.0012898254547890748
2025-01-08,-1,588.22,588.77,588.77,stop,-1.0,-0.0009350243106320821,0.0009350243106319991
2025-01-10,-1,585.15,585.95,580.51,close,5.799999999999488,0.00792959070323851,0.001367170810903304
2025-01-13,1,576.47,575.5,575.5,stop,-1.0,-0.0016826547782191614,0.0016826547782192087
2025-01-14,-1,583.96,584.56,584.56,stop,-1.0,-0.0010274676347692413,0.0010274676347693489
2025-01-15,1,590.68,589.58,589.58,stop,-1.0,-0.0018622604455880154,0.0018622604455879818
2025-01-16,-1,593.68,594.3,594.3,stop,-1.0,-0.001044333647756357,0.0010443336477563747
2025-01-17,-1,596.35,597.3,597.3,stop,-1.0,-0.001593024230736928,0.0015930242307368688
2025-01-21,1,600.85,600.38,600.38,stop,-1.0,-0.0007822251809936898,0.0007822251809936378
2025-01-22,-1,605.78,606.0798,606.0798,stop,-1.0,-0.0004948991383011414,0.0004948991383010412
2025-01-23,1,605.92,605.52,609.71,close,9.475000000000732,0.006254951148666699,0.0006601531555320459
2025-01-24,1,609.87,609.65,609.65,stop,-1.0,-0.00036073261514757426,0.0003607326151475352
2025-01-27,1,597.38,594.64,599.41,close,0.7408759124087467,0.0033981720178111186,0.004586695235863285
2025-01-28,-1,599.62,600.78,600.78,stop,-1.0,-0.001934558553750687,0.0019345585537506556
2025-01-29,-1,603.26,603.99,603.99,stop,-1.0,-0.001210091834366711,0.0012100918343666382
2025-01-30,-1,603.72,604.3,604.3,stop,-1.0,-0.0009607102630357911,0.0009607102630357239
2025-01-31,-1,607.42,607.88,607.88,stop,-1.0,-0.0007573013730204359,0.0007573013730203754
2025-02-03,1,593.46,591.905,591.905,stop,-1.0,-0.002620227142520193,0.002620227142520243
2025-02-04,1,597.99,597.28,601.76,close,5.3098591549292795,0.006304453251726683,0.0011873108245957899
2025-02-05,-1,600.45,600.72,600.72,stop,-1.0,-0.0004496627529353425,0.0004496627529352682
2025-02-06,-1,605.6,606.05,606.05,stop,-1.0,-0.000743064729194165,0.0007430647291940749
2025-02-07,1,607.23,606.56,606.56,stop,-1.0,-0.0011033710455676804,0.001103371045567697
2025-02-10,-1,603.48,604.1,604.1,stop,-1.0,-0.001027374560880201,0.0010273745608802354
2025-02-11,1,603.26,602.43,605.21,close,2.349397590361385,0.003232437091801321,0.0013758578390744305
2025-02-12,1,599.66,598.51,603.36,close,3.217391304347929,0.006170163092419134,0.001917753393589663
2025-02-13,1,604.55,604.22,604.22,stop,-1.0,-0.000545860557439326,0.0005458605574392974
2025-02-14,1,610.11,609.81,609.81,stop,-1.0,-0.0004917146088411206,0.0004917146088411405
2025-02-18,-1,610.68,611.0,611.0,stop,-1.0,-0.0005240060260693902,0.0005240060260693817
2025-02-19,1,610.15,609.75,609.75,stop,-1.0,-0.0006555764975825218,0.0006555764975825244
2025-02-20,-1,611.24,611.684,610.39,close,1.9144144144146382,0.0013906157973955224,0.0007263922518159152
2025-02-21,-1,609.66,610.3,603.2600000000001,target,10.0,0.01049765443033801,0.0010497654430337998
2025-02-24,1,602.13,601.77,601.77,stop,-1.0,-0.0005978775347516008,0.0005978775347516543
2025-02-25,1,597.47,596.4899,596.4899,stop,-1.0,-0.0016404170920715222,0.001640417092071557
2025-02-26,-1,595.25,596.12,596.12,stop,-1.0,-0.0014615707685845525,0.001461570768584636
2025-02-27,1,597.11,596.6,596.6,stop,-1.0,-0.000854113982348248,0.0008541139823482958
2025-02-28,-1,583.39,585.58,585.58,stop,-1.0,-0.003753921047669806,0.0037539210476697487
2025-03-03,1,596.87,595.62,595.62,stop,-1.0,-0.002094258381222014,0.0020942583812220417
2025-03-04,-1,578.56,579.82,579.82,stop,-1.0,-0.00217782079646045,0.002177820796460358
2025-03-05,1,577.58,576.26,576.26,stop,-1.0,-0.0022853976938260745,0.0022853976938260498
2025-03-06,-1,575.08,575.75,575.75,stop,-1.0,-0.0011650552966542271,0.0011650552966543074
2025-03-07,1,572.81,570.8,570.8,stop,-1.0,-0.003509016951519728,0.0035090169515196857
2025-03-10,-1,567.15,568.79,568.79,stop,-1.0,-0.0028916512386494286,0.002891651238649363
2025-03-11,-1,558.98,560.23,560.23,stop,-1.0,-0.0022362159647930646,0.0022362159647930156
2025-03-12,1,562.43,561.41,561.41,stop,-1.0,-0.001813559020678146,0.0018135590206780966
2025-03-13,-1,558.35,558.56,558.56,stop,-1.0,-0.00037610817587530043,0.00037610817587520855
2025-03-14,1,556.65,555.8,555.8,stop,-1.0,-0.0015269918261026083,0.001526991826102619
2025-03-17,1,564.43,562.35,567.02,close,1.2451923076923666,0.0045887001045303855,0.0036851336746805225
2025-03-18,-1,564.06,565.02,561.05,close,3.135416666666538,0.005336311739885802,0.001701946601425445
2025-03-19,-1,562.56,563.235,563.235,stop,-1.0,-0.0011998720136519037,0.0011998720136519984
2025-03-20,1,564.41,562.6012,565.68,close,0.7021229544449183,0.002250137311528899,0.00320476249534916
2025-03-21,1,559.57,558.69,558.69,stop,-1.0,-0.001572636131315086,0.0015726361313151086
2025-03-24,1,570.88,570.2,574.02,close,4.617647058823849,0.005500280269058244,0.00119114349775776
2025-03-25,-1,575.16,575.655,575.655,stop,-1.0,-0.0008606300855413807,0.0008606300855414225
2025-03-26,-1,575.025,575.62,575.62,stop,-1.0,-0.0010347376201034209,0.0010347376201035212
2025-03-27,-1,566.3,567.52,567.52,stop,-1.0,-0.00215433515804353,0.0021543351580434883
2025-03-28,-1,565.04,565.76,565.76,stop,-1.0,-0.001274246071074625,0.0012742460710746626
2025-03-31,-1,548.68,550.63,550.63,stop,-1.0,-0.0035539841073122247,0.003553984107312178
2025-04-01,-1,556.85,557.72,557.72,stop,-1.0,-0.0015623597018945556,0.0015623597018945938
2025-04-02,1,556.93,554.81,564.65,close,3.6415094339622693,0.013861706139012053,0.003806582514858249
2025-04-03,1,547.52,544.89,544.89,stop,-1.0,-0.004803477498538822,0.004803477498538858
2025-04-04,1,523.85,522.33,522.33,stop,-1.0,-0.0029015939677388136,0.002901593967738822
2025-04-07,-1,487.575,489.3,489.3,stop,-1.0,-0.003537917243501054,0.0035379172435010464
2025-04-08,-1,520.51,522.17,522.17,stop,-1.0,-0.003189179842846279,0.003189179842846378
2025-04-09,1,495.3,493.43,493.43,stop,-1.0,-0.0037754896022612616,0.003775489602261265
2025-04-10,-1,532.0,533.495,517.05,target,10.0,0.02810150375939857,0.002810150375939858
2025-04-11,-1,522.72,524.91,524.91,stop,-1.0,-0.0041896235078051625,0.004189623507805213
2025-04-14,-1,542.65,544.28,538.97,close,2.257668711656417,0.006781535059430466,0.0030037777573021203
2025-04-15,1,540.26,539.249,539.249,stop,-1.0,-0.001871321215710875,0.0018713212157108934
2025-04-16,1,532.83,531.57,531.57,stop,-1.0,-0.0023647317155565117,0.002364731715556539
2025-04-17,-1,527.1,528.49,528.49,stop,-1.0,-0.002637070764560878,0.0026370707645607784
2025-04-21,-1,520.58,521.7,509.38,target,10.0,0.021514464635598807,0.002151446463559884
2025-04-22,-1,519.42,520.3,520.3,stop,-1.0,-0.0016941973739941218,0.0016941973739940618
2025-04-23,1,541.14,539.97,539.97,stop,-1.0,-0.0021621022286283376,0.0021621022286283753
2025-04-24,-1,536.27,536.96,536.96,stop,-1.0,-0.001286665299196299,0.0012866652991964022
2025-04-25,1,546.92,545.65,545.65,stop,-1.0,-0.0023220946390696273,0.0023220946390696664
2025-04-28,-1,551.32,552.55,552.55,stop,-1.0,-0.0022310092142492355,0.002231009214249264
2025-04-29,1,549.74,548.55,554.14,close,3.69747899159645,0.008003783606795878,0.0021646596572926376
2025-04-30,-1,546.42,547.58,547.58,stop,-1.0,-0.0021229091175287707,0.002122909117528791
2025-05-01,-1,559.27,561.0,561.0,stop,-1.0,-0.0030933180753482947,0.0030933180753482544
2025-05-02,1,564.89,564.275,564.275,stop,-1.0,-0.0010887075359804488,0.0010887075359804724
2025-05-05,1,562.93,562.08,562.08,stop,-1.0,-0.0015099568329985935,0.0015099568329986128
2025-05-06,1,559.2,557.55,557.55,stop,-1.0,-0.002950643776824191,0.0029506437768241967
2025-05-07,1,560.18,559.5899,559.5899,stop,-1.0,-0.0010534114034774777,0.0010534114034774658
2025-05-08,-1,564.72,565.64,565.64,stop,-1.0,-0.0016291259385181611,0.0016291259385181312
2025-05-09,1,567.27,566.41,566.41,stop,-1.0,-0.0015160329296455277,0.0015160329296455193
2025-05-12,-1,579.24,581.73,581.73,stop,-1.0,-0.00429873627511923,0.004298736275119138
2025-05-13,1,583.48,582.84,586.81,close,5.203124999999997,0.005707136491396314,0.0010968670734215163
2025-05-14,1,588.8,587.81,587.81,stop,-1.0,-0.0016813858695652328,0.001681385869565233
2025-05-15,1,586.36,585.52,585.52,stop,-1.0,-0.0014325670236715604,0.0014325670236715188
2025-05-16,-1,590.45,591.42,591.42,stop,-1.0,-0.0016428148022693545,0.001642814802269309
2025-05-19,1,589.21,588.1,594.94,close,5.162162162162115,0.009724885864123234,0.001883878413468905
2025-05-20,1,593.33,592.92,592.92,stop,-1.0,-0.0006910151180625768,0.000691015118062599
2025-05-21,1,589.29,588.42,588.42,stop,-1.0,-0.0014763528992516317,0.0014763528992516497
2025-05-22,-1,581.74,583.52,583.52,stop,-1.0,-0.003059786158765121,0.0030597861587650372
2025-05-23,1,577.25,575.6,579.16,close,1.1575757575757541,0.003308791684711876,0.0028583802511909524
2025-05-27,-1,585.1,586.37,586.37,stop,-1.0,-0.002170569133481459,0.002170569133481425
2025-05-28,1,592.01,591.3,591.3,stop,-1.0,-0.0011993040658098142,0.0011993040658097606
2025-05-29,-1,592.05,593.2,590.0,close,1.7826086956519933,0.0034625453931255157,0.0019424035132169428
2025-05-30,-1,588.1609,589.11,589.11,stop,-1.0,-0.0016136740813610384,0.0016136740813611447
2025-06-02,1,589.38,587.72,587.72,stop,-1.0,-0.002816519053920996,0.0028165190539210156
2025-06-03,1,592.5,592.0999,592.0999,stop,-1.0,-0.0006752742616032981,0.0006752742616032948
2025-06-04,1,597.58,596.79,596.79,stop,-1.0,-0.0013219987282039325,0.0013219987282038844
2025-06-05,-1,596.57,597.905,597.905,stop,-1.0,-0.002237792715020781,0.0022377927150207394
2025-06-06,1,599.06,598.06,598.06,stop,-1.0,-0.0016692818749374227,0.0016692818749374021
2025-06-09,-1,598.66,599.99,599.99,stop,-1.0,-0.002221628303210599,0.002221628303210572
2025-06-10,1,600.36,600.22,600.22,stop,-1.0,-0.00023319341728289533,0.00023319341728294081
2025-06-11,-1,603.09,604.25,604.25,stop,-1.0,-0.0019234276807773565,0.0019234276807772771
2025-06-12,-1,599.76,600.67,600.67,stop,-1.0,-0.0015172735760971001,0.0015172735760970524
2025-06-13,1,599.82,598.16,598.16,stop,-1.0,-0.0027674969157415186,0.0027674969157415255
2025-06-16,1,601.53,600.22,602.71,close,0.900763358778712,0.001961664422389653,0.0021777799943476558
2025-06-17,1,600.43,599.95,599.95,stop,-1.0,-0.0007994270772611056,0.0007994270772611371
2025-06-18,-1,597.52,598.45,598.45,stop,-1.0,-0.0015564332574642403,0.001556433257464292
2025-06-20,-1,598.29,598.62,598.62,stop,-1.0,-0.0005515719801434393,0.0005515719801434772
2025-06-23,-1,594.03,595.08,595.08,stop,-1.0,-0.0017675874955811466,0.0017675874955811462
2025-06-24,1,604.4,603.94,603.94,stop,-1.0,-0.0007610853739243861,0.0007610853739244254
2025-06-25,1,608.15,607.75,607.75,stop,-1.0,-0.0006577324673189278,0.0006577324673188807
2025-06-26,1,609.21,608.77,608.77,stop,-1.0,-0.0007222468442737995,0.0007222468442738211
2025-06-27,1,613.09,612.7,612.7,stop,-1.0,-0.0006361219396825435,0.0006361219396825692
2025-06-30,-1,616.66,617.49,617.49,stop,-1.0,-0.001345960496870413,0.001345960496870303
2025-07-01,1,616.6,616.255,616.255,stop,-1.0,-0.0005595199481025492,0.0005595199481025418
2025-07-02,-1,616.71,617.49,617.49,stop,-1.0,-0.0012647759887143284,0.0012647759887142623
2025-07-07,-1,623.23,623.988,623.988,stop,-1.0,-0.0012162444041525777,0.0012162444041526213
2025-07-08,-1,620.62,621.47,621.47,stop,-1.0,-0.0013695981437917837,0.0013695981437917288
2025-07-09,1,623.54,622.65,622.65,stop,-1.0,-0.001427334252814605,0.001427334252814553
2025-07-10,-1,623.84,624.4181,624.4181,stop,-1.0,-0.0009266799179274976,0.0009266799179275927
2025-07-11,-1,622.635,623.52,623.52,stop,-1.0,-0.0014213784962298082,0.0014213784962297188
2025-07-14,-1,622.77,623.35,623.35,stop,-1.0,-0.0009313229603225004,0.0009313229603224962
2025-07-15,-1,626.89,627.86,622.12,close,4.917525773195719,0.0076089904129911234,0.0015473209015936247
2025-07-16,-1,623.52,624.12,624.12,stop,-1.0,-0.0009622786759044821,0.0009622786759045784
2025-07-17,1,624.65,624.18,627.98,close,7.085106382978399,0.005330985351797102,0.000752421355959381
2025-07-18,-1,628.9,629.47,627.58,close,2.3157894736838958,0.00209890284623937,0.0009063444108762125
2025-07-21,1,629.1,628.67,628.67,stop,-1.0,-0.0006835161341600671,0.0006835161341600122
2025-07-22,-1,628.4,629.12,629.12,stop,-1.0,-0.0011457670273711251,0.0011457670273711446
2025-07-23,-1,631.11,631.75,631.75,stop,-1.0,-0.0010140862924055138,0.0010140862924054228
2025-07-24,1,634.62,634.1293,634.1293,stop,-1.0,-0.0007732186190162471,0.0007732186190161998
2025-07-25,1,635.25,634.84,637.03,close,4.341463414634417,0.0028020464384099775,0.0006454151908696863
2025-07-28,1,637.57,637.315,637.315,stop,-1.0,-0.0003999560832536053,0.0003999560832535964
2025-07-29,-1,638.24,638.67,635.24,close,6.976744186047323,0.004700426171972971,0.0006737277513160409
2025-07-30,-1,635.8,636.03,636.03,stop,-1.0,-0.00036174897766594327,0.0003617489776659613
2025-07-31,-1,639.14,639.75,639.75,stop,-1.0,-0.0009544074850580397,0.0009544074850580681
2025-08-01,-1,624.315,626.34,621.71,close,1.2864197530864432,0.004172573140161617,0.0032435549362100496
2025-08-04,1,626.89,625.58,631.09,close,3.206106870229176,0.006699739986281594,0.002089680805244852
2025-08-05,-1,631.29,632.09,632.09,stop,-1.0,-0.0012672464319094523,0.0012672464319093734
2025-08-06,1,629.41,628.425,628.425,stop,-1.0,-0.001564957658759858,0.0015649576587598126
2025-08-07,1,636.7,635.7,635.7,stop,-1.0,-0.0015705983979896754,0.001570598397989634
2025-08-08,1,634.1,633.74,637.14,close,8.444444444444024,0.004794196498974834,0.0005677337959312626
2025-08-11,-1,637.09,637.6,637.6,stop,-1.0,-0.0008005148409173657,0.0008005148409172816
2025-08-12,1,639.38,637.93,637.93,stop,-1.0,-0.0022678219525166243,0.0022678219525165714
2025-08-13,1,645.19,644.49,644.49,stop,-1.0,-0.0010849517196485081,0.001084951719648546
2025-08-14,1,643.09,642.34,644.94,close,2.466666666666697,0.0028767357601580112,0.0011662442270910759
2025-08-15,-1,645.18,646.09,643.44,close,1.912087912087625,0.0026969217892679476,0.001410459096686323
2025-08-18,1,643.4,642.795,642.795,stop,-1.0,-0.000940317065589058,0.0009403170655890864
2025-08-19,-1,642.15,643.2596,643.2596,stop,-1.0,-0.001727945184146984,0.0017279451841470067
2025-08-20,-1,638.76,639.66,638.06,close,0.777777777777848,0.0010958732544305017,0.0014089798985534117
2025-08-21,-1,635.9,636.51,636.51,stop,-1.0,-0.0009592703255230095,0.0009592703255229025
2025-08-22,-1,637.69,638.1,638.1,stop,-1.0,-0.0006429456318901572,0.0006429456318900533
2025-08-25,-1,643.74,644.27,644.27,stop,-1.0,-0.0008233137602136065,0.0008233137602137085
2025-08-26,1,642.605,641.93,641.93,stop,-1.0,-0.0010504119949270585,0.0010504119949270052
2025-08-27,1,645.06,644.42,646.62,close,2.4375000000001443,0.002418379685610761,0.0009921557684556264
2025-08-28,1,647.81,646.86,646.86,stop,-1.0,-0.0014664793689506128,0.0014664793689506675
2025-08-29,-1,647.39,647.84,645.04,close,5.222222222221745,0.003629960302136359,0.0006950987812602071
2025-09-02,-1,636.38,637.52,637.52,stop,-1.0,-0.0017913825073070377,0.0017913825073069334
2025-09-03,1,642.88,642.41,642.41,stop,-1.0,-0.0007310851169736177,0.0007310851169736611
2025-09-04,1,644.91,644.19,644.19,stop,-1.0,-0.0011164348513744704,0.0011164348513744765
2025-09-05,1,651.6,651.39,651.39,stop,-1.0,-0.0003222836095765347,0.00032228360957648307
2025-09-08,1,648.64,648.09,648.09,stop,-1.0,-0.000847927972372875,0.0008479279723728949
2025-09-09,1,649.17,648.75,648.75,stop,-1.0,-0.0006469799898330963,0.0006469799898331086
2025-09-10,-1,653.31,653.63,653.63,stop,-1.0,-0.0004898134117035102,0.0004898134117035558
2025-09-11,1,654.49,653.87,653.87,stop,-1.0,-0.0009473024797934659,0.0009473024797934338
2025-09-12,1,657.66,657.43,657.43,stop,-1.0,-0.00034972478180217426,0.0003497247818021747
2025-09-15,1,659.82,659.475,659.475,stop,-1.0,-0.0005228698736019499,0.0005228698736019328
2025-09-16,-1,661.43,661.78,659.93,close,4.285714285714008,0.002267813676428365,0.0005291565244999815
2025-09-17,1,660.26,659.98,659.98,stop,-1.0,-0.00042407536425037584,0.0004240753642504055
2025-09-18,1,661.99,661.34,661.34,stop,-1.0,-0.0009818879439266182,0.000981887943926611
2025-09-19,-1,661.5,662.37,662.37,stop,-1.0,-0.0013151927437642374,0.0013151927437641791
2025-09-22,1,662.65,662.17,666.76,close,8.562499999999703,0.006202369274881159,0.0007243642948766591
2025-09-23,1,667.05,666.61,666.61,stop,-1.0,-0.0006596207180870062,0.0006596207180870114
2025-09-24,-1,664.13,664.61,661.04,close,6.437499999999822,0.004652703536958125,0.0007227500639935227
2025-09-25,-1,657.14,657.98,657.98,stop,-1.0,-0.0012782664272454891,0.0012782664272453844
2025-09-26,1,660.765,658.92,658.92,stop,-1.0,-0.0027922181108260835,0.0027922181108261295
2025-09-29,-1,664.29,664.76,664.76,stop,-1.0,-0.0007075223170602829,0.0007075223170603612
2025-09-30,-1,662.47,663.21,663.21,stop,-1.0,-0.0011170317146436126,0.0011170317146436957
2025-10-01,1,664.51,663.125,663.125,stop,-1.0,-0.0020842425245669594,0.0020842425245669607
2025-10-02,-1,670.22,670.565,669.17,close,3.0434782608695223,0.0015666497567963233,0.0005147563486616742
2025-10-03,1,670.67,669.93,669.93,stop,-1.0,-0.0011033742377025701,0.0011033742377026096
2025-10-06,-1,670.99,671.65,671.65,stop,-1.0,-0.000983621216411601,0.0009836212164115235
2025-10-07,1,672.95,672.2,672.2,stop,-1.0,-0.0011144958763652513,0.0011144958763652573
2025-10-08,-1,669.97,670.4309,670.4309,stop,-1.0,-0.000687941251100721,0.0006879412511006823
2025-10-09,-1,673.35,673.94,671.17,close,3.6949152542371966,0.003237543625157935,0.0008762159352491747
2025-10-10,1,672.4954,671.88,671.88,stop,-1.0,-0.0009150991962175725,0.0009150991962175836
2025-10-13,1,660.72,660.53,660.53,stop,-1.0,-0.00028756508051830387,0.0002875650805183051
2025-10-14,-1,655.94,657.41,657.41,stop,-1.0,-0.002241058633411397,0.0022410586334114606
2025-10-15,-1,666.55,667.165,667.165,stop,-1.0,-0.0009226614657564802,0.0009226614657565211
2025-10-16,1,667.01,666.54,666.54,stop,-1.0,-0.0007046371118873962,0.000704637111887419
2025-10-17,1,660.5,658.715,658.715,stop,-1.0,-0.0027024981074942334,0.002702498107494274
2025-10-20,1,668.56,667.27,671.27,close,2.1007751937985373,0.004053488093813673,0.0019295201627377704
2025-10-21,1,671.52,671.03,671.03,stop,-1.0,-0.0007296878722897748,0.0007296878722897444
2025-10-22,-1,670.69,672.0,667.79,close,2.2137404580154287,0.004323905231925496,0.001953212363386878
2025-10-23,1,668.41,667.8,671.63,close,5.27868852459009,0.004817402492482303,0.0009126135156565786
2025-10-24,1,676.82,675.65,677.11,close,0.24786324786320135,0.0004284743358646814,0.0017286723205580106
2025-10-27,-1,682.69,683.19,683.19,stop,-1.0,-0.0007323968419048477,0.0007323968419048176
2025-10-28,-1,686.8,687.225,687.225,stop,-1.0,-0.0006188118811882859,0.0006188118811882181
2025-10-29,1,688.84,688.15,688.15,stop,-1.0,-0.0010016839904768426,0.0010016839904768227
2025-10-30,-1,683.19,683.91,683.91,stop,-1.0,-0.0010538795942562906,0.0010538795942562297
2025-10-31,-1,684.16,685.08,681.99,close,2.358695652173682,0.0031717726847519945,0.0013447146866231185
2025-11-03,-1,684.69,685.8,683.35,close,1.2072072072073448,0.0019570900699587,0.0016211716251148694
2025-11-04,-1,674.96,676.46,676.46,stop,-1.0,-0.0022223539172692153,0.0022223539172691715
2025-11-05,-1,674.49,675.3394,675.3394,stop,-1.0,-0.001259321857996376,0.001259321857996332
2025-11-06,1,677.04,676.33,676.33,stop,-1.0,-0.0010486825002953282,0.0010486825002952894
2025-11-07,-1,666.28,667.98,667.98,stop,-1.0,-0.00255147985831794,0.0025514798583178926
2025-11-10,1,677.82,677.03,677.03,stop,-1.0,-0.0011655011655012926,0.0011655011655012796
2025-11-11,1,680.07,679.9,679.9,stop,-1.0,-0.00024997426735495765,0.0002499742673549381
2025-11-12,-1,684.23,684.87,684.87,stop,-1.0,-0.0009353579936570711,0.0009353579936570836
2025-11-13,-1,680.07,680.71,680.71,stop,-1.0,-0.0009410795947475403,0.0009410795947475794
2025-11-14,-1,663.605,665.88,665.88,stop,-1.0,-0.0034282442115414202,0.00342824421154147
2025-11-17,1,671.14,668.92,668.92,stop,-1.0,-0.003307804630926503,0.003307804630926524
2025-11-18,1,662.9,660.955,660.955,stop,-1.0,-0.002934077538090163,0.002934077538090114
2025-11-19,1,661.4,660.11,660.11,stop,-1.0,-0.0019504082249772736,0.0019504082249772658
2025-11-20,1,673.35,672.47,672.47,stop,-1.0,-0.00130689834410036,0.0013068983441003868
2025-11-21,1,655.455,654.33,654.33,stop,-1.0,-0.001716364967846773,0.0017163649678467628
2025-11-24,1,665.04,662.38,662.38,stop,-1.0,-0.003999759412967596,0.003999759412967594
2025-11-25,1,669.45,668.17,668.17,stop,-1.0,-0.0019120173276571117,0.0019120173276571607
2025-11-26,1,678.29,677.43,677.43,stop,-1.0,-0.0012678942635155899,0.0012678942635156256
2025-12-01,1,679.68,678.76,678.76,stop,-1.0,-0.0013535781544256054,0.001353578154425552
2025-12-02,-1,681.83,682.19,682.19,stop,-1.0,-0.0005279908481585771,0.0005279908481586519
2025-12-03,-1,680.49,681.39,681.39,stop,-1.0,-0.0013225763787858558,0.0013225763787858415
2025-12-04,-1,683.92,685.37,684.4,close,-0.33103448275862285,-0.0007018364721020909,0.002120131009474859
2025-12-05,1,686.06,685.38,685.38,stop,-1.0,-0.0009911669533275713,0.0009911669533276244
2025-12-08,-1,686.12,686.64,683.63,close,4.788461538461723,0.0036291027808547094,0.0007578849180901035
2025-12-09,1,683.42,682.82,682.82,stop,-1.0,-0.0008779374323255595,0.0008779374323255232
2025-12-10,-1,682.13,682.76,682.76,stop,-1.0,-0.0009235776171696575,0.0009235776171697411
2025-12-11,-1,684.7,685.36,685.36,stop,-1.0,-0.0009639258069227274,0.0009639258069226933
2025-12-12,1,688.41,687.7,687.7,stop,-1.0,-0.001031362124315316,0.0010313621243153394
2025-12-15,-1,683.97,685.76,680.7,close,1.8268156424581274,0.004780911443484359,0.0026170738482681455
2025-12-16,1,679.56,678.83,678.83,stop,-1.0,-0.0010742244982046012,0.0010742244982045802
2025-12-17,-1,679.77,680.435,673.1200000000003,target,10.0,0.009782720626093533,0.0009782720626093585
2025-12-18,1,677.82,677.32,677.32,stop,-1.0,-0.0007376589655070376,0.0007376589655070667
2025-12-19,1,678.23,676.47,680.59,close,1.3409090909091055,0.0034796455479704225,0.0025949899001813407
2025-12-22,-1,683.67,684.53,684.53,stop,-1.0,-0.0012579168312196742,0.0012579168312197605
2025-12-23,1,685.02,683.87,687.91,close,2.5130434782609075,0.0042188549239439155,0.0016787831012232887
2025-12-26,1,690.95,690.27,690.27,stop,-1.0,-0.0009841522541429448,0.000984152254142939
2025-12-29,1,688.05,687.19,687.19,stop,-1.0,-0.0012499091635780335,0.001249909163578083
2025-12-30,-1,687.34,687.87,687.87,stop,-1.0,-0.0007710885442429039,0.0007710885442429841
2025-12-31,-1,686.81,687.36,681.84,close,9.036363636362358,0.00723635357668051,0.0008008037157293404
2026-01-02,-1,684.78,686.15,686.15,stop,-1.0,-0.002000642542130393,0.002000642542130326
2026-01-05,1,687.07,686.375,687.73,close,0.94964028776967,0.0009606008121443299,0.0010115417643035644
2026-01-06,1,688.38,687.86,687.86,stop,-1.0,-0.0007553967285510721,0.0007553967285510645
2026-01-07,-1,691.87,692.43,692.43,stop,-1.0,-0.0008094006099410578,0.0008094006099410951
2026-01-08,-1,688.4,689.3,689.3,stop,-1.0,-0.0013073794305635822,0.0013073794305635928
2026-01-09,1,690.925,690.46,690.46,stop,-1.0,-0.0006730108188297557,0.0006730108188297111
2026-01-12,1,691.89,690.63,695.16,close,2.5952380952380993,0.004726184798161448,0.0018210987295668255
2026-01-13,1,695.85,695.3,695.3,stop,-1.0,-0.0007904002299347068,0.0007904002299347104
2026-01-14,1,691.58,689.87,689.87,stop,-1.0,-0.0024725989762572897,0.0024725989762573184
2026-01-15,-1,694.28,694.69,694.69,stop,-1.0,-0.0005905398398342587,0.0005905398398341906
2026-01-16,1,693.95,693.29,693.29,stop,-1.0,-0.0009510771669429818,0.0009510771669429812
2026-01-20,1,682.64,681.39,681.39,stop,-1.0,-0.0018311262158677843,0.0018311262158678073
2026-01-21,-1,679.55,680.46,680.46,stop,-1.0,-0.0013391214774485238,0.001339121477448432
2026-01-22,1,689.94,689.44,689.44,stop,-1.0,-0.0007247006986115245,0.0007247006986114734
2026-01-23,-1,687.72,688.68,688.68,stop,-1.0,-0.0013959169429418328,0.0013959169429417825
2026-01-26,1,691.28,689.92,692.71,close,1.0514705882353304,0.002068626316398703,0.0019673648883231304
2026-01-27,1,694.23,693.84,693.84,stop,-1.0,-0.0005617734756492299,0.0005617734756492609
2026-01-28,1,697.34,697.01,697.01,stop,-1.0,-0.00047322683339556804,0.0004732268333955329
2026-01-29,-1,695.92,697.06,693.97,close,1.7105263157894344,0.0028020462122082535,0.0016381193240602174
2026-01-30,1,693.07,691.33,691.33,stop,-1.0,-0.002510568918002498,0.0025105689180025233
2026-02-02,1,691.23,689.425,695.46,close,2.3434903047090687,0.006119526062236869,0.002611287125848218
2026-02-03,-1,696.1,696.96,687.4999999999999,target,10.0,0.012354546760523055,0.001235454676052311
2026-02-04,-1,689.59,690.47,690.47,stop,-1.0,-0.0012761205933959907,0.0012761205933960692
2026-02-05,-1,680.8,680.94,680.94,stop,-1.0,-0.00020564042303194974,0.00020564042303187433
2026-02-06,1,683.8,680.85,690.66,close,2.3254237288136177,0.0100321731500439,0.0043141269377009826
2026-02-09,1,689.87,688.34,693.92,close,2.6470588235294294,0.005870671285894469,0.0022178091524489726
2026-02-10,1,695.05,694.8,694.8,stop,-1.0,-0.0003596863534996997,0.00035968635349974826
2026-02-11,-1,696.12,697.14,691.91,close,4.1274509803922665,0.0060478078492214316,0.0014652646095500515
2026-02-12,1,694.95,694.06,694.06,stop,-1.0,-0.0012806676739335332,0.0012806676739335204
2026-02-13,-1,681.18,682.51,682.51,stop,-1.0,-0.0019524942012389968,0.0019524942012390865
2026-02-17,1,681.74,680.03,680.03,stop,-1.0,-0.002508287616980187,0.0025082876169801338
2026-02-18,-1,683.53,684.38,684.38,stop,-1.0,-0.0012435445408394141,0.0012435445408394991
2026-02-19,1,683.95,683.56,683.56,stop,-1.0,-0.0005702171211346974,0.000570217121134732
2026-02-20,1,683.32,681.73,689.36,close,3.798742138364681,0.008839196862377774,0.002326874670725329
2026-02-23,1,689.39,687.67,687.67,stop,-1.0,-0.0024949593118553937,0.002494959311855448
2026-02-24,-1,680.78,682.2175,682.2175,stop,-1.0,-0.002111548517876649,0.0021115485178765533
2026-02-25,1,690.83,690.1,693.08,close,3.082191780821841,0.0032569517826381844,0.0010566999117004447
2026-02-26,-1,692.27,693.3,689.32,close,2.8640776699029225,0.004261343117569649,0.0014878587834226136
2026-02-27,1,683.81,682.8,682.8,stop,-1.0,-0.00147701847004289,0.001477018470042835
2026-03-02,1,681.21,678.02,686.37,close,1.6175548589341315,0.007574756682961148,0.004682843763303613
2026-03-03,-1,674.55,676.44,676.44,stop,-1.0,-0.00280186791194148,0.0028018679119414425
2026-03-04,1,682.82,681.4,681.4,stop,-1.0,-0.0020796110248675337,0.002079611024867568
2026-03-05,1,684.13,681.85,681.85,stop,-1.0,-0.003332699925452709,0.003332699925452725
2026-03-06,-1,672.39,674.06,674.06,stop,-1.0,-0.0024836776275671824,0.0024836776275672734
2026-03-09,-1,666.355,667.63,667.63,stop,-1.0,-0.0019133945119342854,0.0019133945119342952
2026-03-10,-1,677.59,678.785,678.785,stop,-1.0,-0.001763603358963195,0.0017636033589632908
2026-03-11,1,677.77,677.52,677.52,stop,-1.0,-0.0003688566917980918,0.0003688566917981026
2026-03-12,-1,670.84,671.37,671.37,stop,-1.0,-0.0007900542603302974,0.0007900542603302914
2026-03-13,1,669.78,669.15,669.15,stop,-1.0,-0.0009406073636119006,0.0009406073636119255
2026-03-16,1,668.58,667.69,667.69,stop,-1.0,-0.0013311795147925576,0.0013311795147925248
2026-03-17,1,673.46,671.91,671.91,stop,-1.0,-0.0023015472336888054,0.0023015472336888132
2026-03-18,1,668.78,667.88,667.88,stop,-1.0,-0.0013457340231466386,0.0013457340231465913
2026-03-19,-1,656.185,657.0,657.0,stop,-1.0,-0.001242027781799493,0.0012420277817994233
2026-03-20,-1,655.06,656.55,656.55,stop,-1.0,-0.002274600799926807,0.0022746007999267384
2026-03-23,-1,656.78,658.38,658.38,stop,-1.0,-0.002436127774901875,0.002436127774901828
2026-03-24,1,652.84,650.87,650.87,stop,-1.0,-0.003017584706819454,0.003017584706819477
2026-03-25,1,659.7,658.6,658.6,stop,-1.0,-0.0016674245869334747,0.001667424586933489
2026-03-26,-1,651.63,652.12,652.12,stop,-1.0,-0.0007519604683638992,0.0007519604683639628
2026-03-27,-1,640.5,642.66,634.08,close,2.972222222222247,0.010023419203747053,0.0033723653395784045
2026-03-30,-1,638.86,640.37,632.02,close,4.529801324503359,0.010706571079735827,0.0023635851360235276
2026-03-31,1,639.73,638.31,638.31,stop,-1.0,-0.002219686430212864,0.0022196864302128595
2026-04-01,1,654.98,653.49,653.49,stop,-1.0,-0.0022748786222480666,0.0022748786222480215
2026-04-02,1,647.12,646.29,646.29,stop,-1.0,-0.001282606008159326,0.0012826060081592918
2026-04-06,1,657.36,655.8,655.8,stop,-1.0,-0.002373128879153086,0.0023731288791530654
2026-04-07,-1,655.72,657.58,657.58,stop,-1.0,-0.002836576587567974,0.002836576587567885
2026-04-08,-1,676.03,677.08,675.87,close,0.15238095238091218,0.00023667588716469457,0.0015531855095189094
2026-04-09,-1,674.66,675.25,675.25,stop,-1.0,-0.0008745145703021873,0.0008745145703021254
2026-04-10,-1,680.99,681.93,681.93,stop,-1.0,-0.001380343323690525,0.0013803433236904226
2026-04-13,1,677.48,676.99,676.99,stop,-1.0,-0.0007232685835744102,0.0007232685835744363
2026-04-14,1,688.46,687.66,694.4,close,7.424999999999293,0.008627952241234027,0.0011620137698632718
2026-04-15,1,695.79,695.08,695.08,stop,-1.0,-0.0010204228287269412,0.0010204228287269473
2026-04-16,-1,701.04,701.3,701.3,stop,-1.0,-0.0003708775533493025,0.00037087755334929665
2026-04-17,1,706.98,705.97,705.97,stop,-1.0,-0.001428611841919114,0.0014286118419191362
2026-04-20,1,709.09,708.37,708.37,stop,-1.0,-0.0010153859171614377,0.0010153859171614706
2026-04-21,-1,709.41,710.45,710.45,stop,-1.0,-0.0014660069635332729,0.001466006963533186
2026-04-22,-1,708.52,709.33,709.33,stop,-1.0,-0.0011432281375260978,0.0011432281375261942
2026-04-23,-1,709.495,709.97,709.97,stop,-1.0,-0.0006694902712494066,0.0006694902712493009
2026-04-24,-1,709.84,711.16,711.16,stop,-1.0,-0.0018595739885043372,0.001859573988504362
2026-04-27,1,713.69,712.87,712.87,stop,-1.0,-0.0011489582311648983,0.0011489582311648614
2026-04-28,-1,711.54,712.07,712.07,stop,-1.0,-0.000744863254349859,0.0007448632543498418
2026-04-29,-1,710.12,711.19,711.19,stop,-1.0,-0.0015067875851968449,0.0015067875851969385
2026-04-30,-1,712.85,714.73,714.73,stop,-1.0,-0.002637300974959622,0.0026373009749596625
2026-05-01,1,722.34,720.74,720.74,stop,-1.0,-0.0022150233961846233,0.0022150233961846537
2026-05-04,-1,719.91,720.24,720.24,stop,-1.0,-0.00045839063216246423,0.0004583906321624105
2026-05-05,1,722.3,721.4898,723.74,close,1.777338928659638,0.0019936314550741407,0.0011216945867368253
2026-05-06,1,729.16,727.82,733.79,close,3.4552238805972224,0.006349772340775717,0.0018377310878269766
2026-05-07,-1,734.53,735.13,735.13,stop,-1.0,-0.000816848869344966,0.0008168488693450543
2026-05-08,1,735.3,734.69,734.69,stop,-1.0,-0.0008295933632529451,0.000829593363252958
2026-05-11,1,737.94,736.45,739.26,close,0.8859060402684082,0.0017887633140905024,0.00201913434696589
2026-05-12,-1,736.36,737.22,737.22,stop,-1.0,-0.0011679070020098603,0.001167907002009905
2026-05-13,-1,737.58,738.47,738.47,stop,-1.0,-0.0012066487703028539,0.0012066487703028639
2026-05-14,1,744.8,743.56,748.15,close,2.701612903225805,0.004497851772287786,0.0016648764769065644
2026-05-15,-1,740.17,741.93,741.93,stop,-1.0,-0.002377832119648149,0.0023778321196481766
2026-05-18,-1,738.55,740.06,740.06,stop,-1.0,-0.002044546747004272,0.002044546747004253
2026-05-19,-1,734.49,735.31,735.31,stop,-1.0,-0.0011164209179157503,0.0011164209179157461
2026-05-20,-1,735.65,736.1,736.1,stop,-1.0,-0.0006117039352953046,0.0006117039352953789
2026-05-21,-1,738.56,738.69,738.69,stop,-1.0,-0.00017601819757384618,0.00017601819757380463
2026-05-22,1,747.21,745.65,745.65,stop,-1.0,-0.0020877664913478977,0.002087766491347893
2026-05-26,-1,749.44,750.44,750.44,stop,-1.0,-0.0013343296327925636,0.001334329632792485
2026-05-27,-1,750.89,751.3,751.3,stop,-1.0,-0.0005460187244470394,0.0005460187244469472
2026-05-28,-1,749.71,750.42,750.42,stop,-1.0,-0.0009470328527030336,0.000947032852702942
2026-05-29,1,755.99,755.5,755.5,stop,-1.0,-0.0006481567216497508,0.0006481567216497693
2026-06-01,1,755.69,754.69,758.43,close,2.7399999999998954,0.003625825404596883,0.0013232939432836215
2026-06-02,1,757.445,756.86,756.86,stop,-1.0,-0.0007723333047284786,0.0007723333047284441
2026-06-03,1,758.24,757.992,757.992,stop,-1.0,-0.00032707322219882595,0.0003270732221988385
2026-06-04,1,752.87,751.47,757.06,close,2.992857142857149,0.0055653698513686845,0.0018595507856601766
2026-06-05,1,752.58,751.61,751.61,stop,-1.0,-0.0012888995189880292,0.0012888995189880507
2026-06-08,-1,742.19,744.51,744.51,stop,-1.0,-0.003125884207547891,0.0031258842075478463
2026-06-10,-1,731.805,733.98,733.98,stop,-1.0,-0.002972103224219591,0.00297210322421966
2026-06-11,-1,727.29,729.09,729.09,stop,-1.0,-0.002474941220146132,0.0024749412201461153
2026-06-12,-1,738.53,740.89,740.89,stop,-1.0,-0.003195537080416422,0.0031955370804165216
2026-06-15,1,752.7,751.76,754.66,close,2.08510638297852,0.0026039590806428148,0.0012488375182676426
2026-06-16,1,755.2,754.2125,754.2125,stop,-1.0,-0.00130760063559332,0.0013076006355933105
2026-06-17,-1,750.7,751.32,751.32,stop,-1.0,-0.0008258958305582542,0.0008258958305581518
2026-06-18,-1,745.92,748.2,748.2,stop,-1.0,-0.003056628056628208,0.0030566280566281727
2026-06-22,1,748.1,747.52,747.52,stop,-1.0,-0.0007752974201310492,0.0007752974201310532
2026-06-23,1,733.9,732.3,733.67,close,-0.14375000000000931,-0.00031339419539444524,0.0021801335331789384
2026-06-24,1,736.84,734.32,734.32,stop,-1.0,-0.0034200097714565114,0.003420009771456465
2026-06-25,-1,737.31,739.37,733.26,close,1.9660194174756496,0.005492940554176595,0.002793940133729448
2026-06-26,-1,727.86,729.66,729.66,stop,-1.0,-0.0024730030500370592,0.0024730030500370323
2026-06-29,1,738.66,735.3,735.3,stop,-1.0,-0.004548777516042546,0.004548777516042582
2026-06-30,1,741.31,740.89,745.5099999999995,target,10.0,0.005665645951085985,0.0005665645951086039
2026-07-01,-1,742.63,745.18,745.18,stop,-1.0,-0.0034337422404158158,0.003433742240415758
2026-07-02,1,748.54,747.1,747.1,stop,-1.0,-0.0019237448900525367,0.0019237448900525568
2026-07-06,1,749.16,748.07,748.07,stop,-1.0,-0.0014549628917720492,0.0014549628917720089
2026-07-07,-1,749.46,750.96,747.66,close,1.2000000000000455,0.0024017292450565497,0.0020014410375470337
2026-07-08,1,743.66,742.64,742.64,stop,-1.0,-0.0013715945458946388,0.0013715945458946048
2026-07-10,1,752.6,752.01,752.01,stop,-1.0,-0.0007839489768801666,0.0007839489768801911
2026-07-13,1,753.43,752.4,752.4,stop,-1.0,-0.0013670812152422052,0.001367081215242256
2026-07-14,-1,749.68,751.04,751.04,stop,-1.0,-0.001814107352470451,0.0018141073524704056
2026-07-15,1,755.2,754.18,754.18,stop,-1.0,-0.0013506355932204617,0.0013506355932204654
2026-07-16,-1,752.2,753.52,753.52,stop,-1.0,-0.0017548524328634407,0.0017548524328635153
2026-07-17,-1,741.04,742.62,742.62,stop,-1.0,-0.0021321386159991462,0.0021321386159991918
2026-07-20,1,748.03,746.8,746.8,stop,-1.0,-0.001644319078111911,0.0016443190781118648
2026-07-21,-1,745.61,746.69,746.69,stop,-1.0,-0.0014484784270598627,0.0014484784270597777
2026-07-22,1,747.315,746.37,747.39,close,0.07936507936500298,0.00010035928624474444,0.0012645270066839953
2026-07-23,1,741.3,738.47,738.47,stop,-1.0,-0.003817617698637421,0.0038176176986374306
2026-07-24,1,739.29,738.42,738.42,stop,-1.0,-0.0011768047721462116,0.0011768047721462545
2026-07-27,-1,744.66,745.17,745.17,stop,-1.0,-0.0006848763193940677,0.0006848763193940738
2026-07-28,-1,738.16,739.49,739.49,stop,-1.0,-0.0018017773924352554,0.0018017773924352998
2026-07-29,1,740.01,738.72,738.72,stop,-1.0,-0.0017432196862203764,0.0017432196862204074
2026-07-30,-1,735.45,736.27,736.27,stop,-1.0,-0.0011149636277107966,0.0011149636277108387
2026-07-31,1,745.98,744.58,744.58,stop,-1.0,-0.0018767259175849205,0.0018767259175848914
2026-08-03,1,750.76,748.8,757.67,close,3.525510204081551,0.00920400660663856,0.002610687836325905
2026-08-04,1,761.83,760.52,771.25,close,7.190839694656133,0.012364963312024857,0.0017195437302286061
2026-08-05,1,776.19,775.26,775.26,stop,-1.0,-0.0011981602442702188,0.0011981602442701705
2026-08-06,-1,769.89,770.79,770.79,stop,-1.0,-0.0011689981685694129,0.0011689981685695063
2026-08-07,1,771.5,770.62,770.62,stop,-1.0,-0.0011406351263771874,0.0011406351263771814
2026-08-10,1,772.63,772.55,772.55,stop,-1.0,-0.00010354244593147044,0.00010354244593148199
2026-08-11,-1,773.46,774.61,770.42,close,2.6434782608696845,0.003930390711866294,0.0014868254337651297
2026-08-12,-1,773.05,774.9,772.52,close,0.28648648648646824,0.0006855960157816643,0.002393118168294448
2026-08-13,1,775.39,774.111,777.8,close,1.8842845973416535,0.0031081133365145064,0.0016494925134448424
2026-08-14,-1,778.165,778.58,778.58,stop,-1.0,-0.0005333059184107203,0.0005333059184107192
2026-08-17,-1,775.5099,776.775,772.68,close,2.236898268911669,0.0036490830097720695,0.0016313137975414128
2026-08-18,-1,768.55,769.46,769.46,stop,-1.0,-0.001184047882375916,0.0011840478823760092
2026-08-19,-1,770.03,770.63,770.63,stop,-1.0,-0.0007791904211524869,0.0007791904211524522
2026-08-20,1,767.06,765.86,765.86,stop,-1.0,-0.0015644147785048856,0.001564414778504852
2026-08-21,-1,764.87,766.15,766.15,stop,-1.0,-0.0016734869977903521,0.0016734869977904385
2026-08-24,-1,763.51,764.81,764.81,stop,-1.0,-0.0017026627025185093,0.0017026627025185715
2026-08-25,1,766.69,765.93,765.93,stop,-1.0,-0.0009912741786121115,0.0009912741786120916
2026-08-26,1,765.675,764.68,764.68,stop,-1.0,-0.001299506970973363,0.0012995069709733301
2026-08-27,-1,767.48,768.81,768.81,stop,-1.0,-0.001732944180955709,0.0017329441809557607
2026-08-28,1,772.025,771.47,771.47,stop,-1.0,-0.0007188886370259606,0.0007188886370259383
2026-08-31,-1,766.37,767.62,767.62,stop,-1.0,-0.0016310659342093636,0.0016310659342093244
2026-09-01,-1,761.94,762.1395,762.1395,stop,-1.0,-0.00026183164028648065,0.0002618316402865627
2026-09-02,-1,762.4,762.52,762.52,stop,-1.0,-0.00015739769150058258,0.00015739769150053062
2026-09-03,1,768.97,767.85,767.85,stop,-1.0,-0.0014564937513816822,0.0014564937513817243
2026-09-04,1,772.71,771.87,771.87,stop,-1.0,-0.0010870831230345157,0.001087083123034556
2026-09-08,-1,768.8,769.7,765.94,close,3.1777777777773455,0.003720083246617989,0.0011706555671177042
2026-09-09,1,764.12,763.231,763.231,stop,-1.0,-0.0011634298277757305,0.0011634298277757552
2026-09-10,-1,757.8,758.4,758.4,stop,-1.0,-0.0007917656373712667,0.0007917656373713682
2026-09-11,1,765.76,764.225,764.225,stop,-1.0,-0.0020045445048056942,0.0020045445048056418
2026-09-14,-1,758.685,759.21,759.21,stop,-1.0,-0.0006919867929378043,0.0006919867929379005
2026-09-15,-1,758.92,760.35,757.38,close,1.0769230769230036,0.0020291993886047965,0.0018842565751331678
2026-09-16,-1,759.21,759.705,759.705,stop,-1.0,-0.0006519935195796744,0.000651993519579569
2026-09-17,-1,761.37,763.41,763.41,stop,-1.0,-0.0026793805902516343,0.0026793805902517354
2026-09-18,-1,761.06,761.76,761.76,stop,-1.0,-0.0009197697947600503,0.0009197697947599999
2026-09-21,1,766.43,766.03,770.4299999999997,target,10.0,0.005219002387693239,0.0005219002387693296
2026-09-22,1,774.81,773.89,773.89,stop,-1.0,-0.0011873878757372447,0.0011873878757372247
2026-09-23,-1,772.43,773.05,767.75,close,7.548387096774057,0.006058801444791095,0.0008026617298654954
2026-09-24,1,764.7036,763.62,763.62,stop,-1.0,-0.001417019613873971,0.0014170196138739855
2026-09-25,1,769.44,767.75,767.75,stop,-1.0,-0.002196402578498735,0.002196402578498719
2026-09-28,-1,767.73,768.61,768.61,stop,-1.0,-0.0011462363070349202,0.0011462363070350193
2026-09-29,-1,765.39,766.98,764.23,close,0.7295597484276384,0.001515567227165171,0.0020773723199937703
2026-09-30,1,766.73,766.0,766.0,stop,-1.0,-0.0009520952616958178,0.0009520952616957967
2026-10-01,1,764.75,763.39,763.39,stop,-1.0,-0.001778358940830338,0.0017783589408303544
2026-10-02,1,770.69,769.49,769.49,stop,-1.0,-0.001557046283200858,0.001557046283200827
