date,side,entry,stop,exit,how,R,ret,risk_pct
2021-10-06,1,20.337,20.08,20.7,close,1.4124513618676946,0.01784924030092938,0.012637065447214508
2021-10-07,-1,21.041,21.139,21.139,stop,-1.0,-0.004657573309253316,0.004657573309253314
2021-10-08,-1,21.015,21.206,20.826,close,0.9895287958115241,0.008993576017130578,0.009088746133713963
2021-10-11,1,20.748,20.511,20.689,close,-0.24894514767932735,-0.0028436475804897166,0.011422787738577302
2021-10-12,1,20.99,20.762,20.762,stop,-1.0,-0.010862315388280086,0.010862315388280037
2021-10-13,-1,20.909,20.99,20.947,close,-0.46913580246914177,-0.001817399206083481,0.0038739298866516583
2021-10-14,-1,21.181,21.339,21.339,stop,-1.0,-0.007459515603606803,0.007459515603606897
2021-10-15,-1,21.715,21.931,21.862,close,-0.680555555555545,-0.0067695141607182485,0.009947041215749531
2021-10-18,-1,21.678,21.778,21.778,stop,-1.0,-0.004612971676353883,0.0046129716763538085
2021-10-19,-1,22.148,22.294,22.294,stop,-1.0,-0.0065920173379085956,0.006592017337908651
2021-10-20,-1,22.259,22.37,22.37,stop,-1.0,-0.004986746933824504,0.00498674693382455
2021-10-21,1,22.17,22.083,22.686,close,5.931034482758376,0.023274695534506007,0.00392422192151571
2021-10-22,1,22.821,22.591,22.591,stop,-1.0,-0.010078436527759527,0.010078436527759537
2021-10-25,1,23.0857,22.832,22.832,stop,-1.0,-0.01098948699844482,0.01098948699844486
2021-10-26,1,24.181,23.924,24.717,close,2.0856031128404466,0.022166163516810666,0.010628179148918632
2021-10-27,1,24.493,24.282,24.451,close,-0.1990521327014139,-0.0017147756501857403,0.008614706242599867
2021-10-28,-1,24.635,24.898,24.898,stop,-1.0,-0.010675867667951922,0.010675867667952024
2021-10-29,1,25.2658,25.0,25.568,close,1.1369450714823333,0.011960832429608548,0.01052014976767008
2021-11-01,-1,25.464,25.65,25.65,stop,-1.0,-0.007304429783223432,0.007304429783223373
2021-11-02,1,26.019,25.8,26.404,close,1.7579908675799347,0.014796879203659019,0.008416926092470797
2021-11-03,-1,26.517,26.784,26.597,close,-0.2996254681648015,-0.0030169325338462727,0.010069012331711712
2021-11-04,1,27.466,27.118,30.946000000000026,target,10.0,0.12670210442001117,0.01267021044200111
2021-11-05,1,30.694,30.029,30.029,stop,-1.0,-0.02166547207923375,0.0216654720792337
2021-11-08,1,30.5925,30.1455,30.1455,stop,-1.0,-0.014611424368717874,0.014611424368717912
2021-11-09,-1,31.786,32.31,30.671,close,2.1278625954198476,0.035078336374504526,0.01648524507644878
2021-11-10,-1,29.135,29.381,29.381,stop,-1.0,-0.008443452891711,0.008443452891710954
2021-11-11,-1,30.261,30.477,30.477,stop,-1.0,-0.007137900267671249,0.007137900267671296
2021-11-12,-1,30.01,30.217,30.217,stop,-1.0,-0.006897700766411052,0.006897700766411102
2021-11-15,-1,30.2923,30.644,30.024,close,0.7628660790446458,0.008857036276545549,0.011610211175777258
2021-11-16,1,29.9767,29.7059,30.1865,close,0.7747415066469601,0.006998769043957465,0.009033682826995675
2021-11-17,-1,29.9885,30.509,29.257,close,1.4053794428434085,0.024392683862147102,0.017356653383797188
2021-11-18,-1,31.637,32.5,32.5,stop,-1.0,-0.02727818693302142,0.027278186933021448
2021-11-19,-1,32.071,32.3,32.3,stop,-1.0,-0.007140407221477352,0.007140407221477323
2021-11-22,1,33.899,33.35,33.35,stop,-1.0,-0.01619516799905596,0.016195167999056004
2021-11-23,1,31.56,31.099,31.099,stop,-1.0,-0.014607097591888385,0.01460709759188842
2021-11-24,-1,31.0896,31.577,31.577,stop,-1.0,-0.015677268282641155,0.015677268282641172
2021-11-29,1,32.483,32.36,32.36,stop,-1.0,-0.0037865960656342512,0.003786596065634257
2021-11-30,-1,33.0445,33.226,33.226,stop,-1.0,-0.0054925933211276146,0.005492593321127563
2021-12-01,-1,32.988,33.2893,31.397,close,5.2804513773647965,0.04822965927003764,0.009133624348247778
2021-12-02,1,31.818,31.025,32.111,close,0.36948297604034636,0.009208624049280134,0.024922999559997574
2021-12-03,1,32.016,31.735,31.735,stop,-1.0,-0.00877686156921531,0.008776861569215356
2021-12-06,-1,28.741,29.88,29.88,stop,-1.0,-0.0396297971538917,0.03962979715389163
2021-12-07,1,31.038,30.79,30.79,stop,-1.0,-0.0079902055544816,0.00799020555448164
2021-12-08,1,32.1399,31.636,31.636,stop,-1.0,-0.015678331295367998,0.015678331295368
2021-12-09,1,32.189,31.706,31.706,stop,-1.0,-0.01500512597471193,0.015005125974711875
2021-12-10,1,31.1865,30.888,30.888,stop,-1.0,-0.009571449184743286,0.009571449184743307
2021-12-13,-1,29.78,30.249,30.249,stop,-1.0,-0.015748824714573395,0.01574882471457346
2021-12-14,-1,27.2567,27.899,27.899,stop,-1.0,-0.023564848275836825,0.023564848275836853
2021-12-15,-1,28.22,28.44,28.44,stop,-1.0,-0.007795889440113557,0.007795889440113481
2021-12-16,-1,30.634,31.16,28.385,close,4.275665399239543,0.07341515962655865,0.01717046419011555
2021-12-17,1,28.468,27.944,27.944,stop,-1.0,-0.018406632007868517,0.018406632007868517
2021-12-20,1,27.3785,27.145,27.716,close,1.4453961456102913,0.012327191044067431,0.008528589951969588
2021-12-21,-1,28.142,28.55,28.55,stop,-1.0,-0.014497903489446351,0.014497903489446424
2021-12-22,-1,28.76,28.917,28.917,stop,-1.0,-0.005458970792767692,0.005458970792767734
2021-12-23,-1,29.747,29.917,29.917,stop,-1.0,-0.0057148620028910635,0.005714862002891105
2021-12-27,1,29.808,29.64,30.952,close,6.809523809523851,0.03837895866881391,0.005636070853462133
2021-12-28,-1,30.9,31.33,30.322,close,1.3441860465116273,0.01870550161812301,0.013915857605177984
2021-12-29,1,30.3601,30.27,30.27,stop,-1.0,-0.0029677109100431087,0.0029677109100431035
2021-12-30,1,29.9773,29.655,29.655,stop,-1.0,-0.010751468611249093,0.010751468611249128
2021-12-31,1,29.8929,29.57,29.57,stop,-1.0,-0.010801896102418995,0.01080189610241899
2022-01-03,1,30.398,29.785,30.116,close,-0.4600326264274066,-0.009276926113560124,0.020165800381604038
2022-01-04,-1,30.205,30.468,29.299,close,3.444866920152065,0.02999503393477898,0.008707167687469018
2022-01-05,-1,28.735,28.949,28.949,stop,-1.0,-0.007447363842004506,0.007447363842004601
2022-01-06,1,28.022,27.5,27.5,stop,-1.0,-0.018628220683748475,0.01862822068374843
2022-01-07,-1,27.91,28.422,27.24,close,1.3085937500000022,0.024005732712289563,0.01834467932640632
2022-01-10,-1,26.154,26.8,26.8,stop,-1.0,-0.024699854706736968,0.02469985470673705
2022-01-11,-1,27.0502,27.371,27.371,stop,-1.0,-0.011859431723240332,0.011859431723240435
2022-01-12,1,28.295,28.0665,28.0665,stop,-1.0,-0.008075631737056055,0.008075631737056029
2022-01-13,-1,28.216,28.48,26.586,close,6.17424242424245,0.057768641905302065,0.009356393535582624
2022-01-14,1,26.491,26.21,26.942,close,1.6049822064057027,0.017024649881091758,0.010607376089992782
2022-01-18,-1,26.04,26.3,26.3,stop,-1.0,-0.009984639016897168,0.009984639016897142
2022-01-19,1,26.1175,26.012,26.012,stop,-1.0,-0.00403943715899302,0.0040394371589929845
2022-01-20,-1,25.191,25.48,25.48,stop,-1.0,-0.01147235123655288,0.011472351236552797
2022-01-21,1,24.014,23.398,23.398,stop,-1.0,-0.02565170317314902,0.025651703173148983
2022-01-24,1,22.573,22.2,22.2,stop,-1.0,-0.01652416603907325,0.01652416603907328
2022-01-25,-1,22.49,22.803,22.803,stop,-1.0,-0.013917296576256177,0.01391729657625622
2022-01-26,-1,22.985,23.524,23.524,stop,-1.0,-0.023450076136610987,0.023450076136610896
2022-01-27,-1,23.5002,23.995,21.93,close,3.1734033953112273,0.06681645262593505,0.021055139956255756
2022-01-28,-1,21.5743,22.248,22.248,stop,-1.0,-0.031226969125301762,0.03122696912530187
2022-01-31,1,23.485,23.052,24.505,close,2.355658198614319,0.043431977858207294,0.018437300404513513
2022-02-01,-1,24.669,25.145,24.639,close,0.06302521008403612,0.0012161011796182342,0.019295472049941184
2022-02-02,-1,25.204,25.795,25.795,stop,-1.0,-0.023448658943024947,0.023448658943024957
2022-02-03,-1,24.442,24.539,24.539,stop,-1.0,-0.0039685786760494945,0.003968578676049476
2022-02-04,-1,23.7,24.182,24.182,stop,-1.0,-0.02033755274261595,0.020337552742616005
2022-02-07,-1,24.262,24.492,24.492,stop,-1.0,-0.00947984502514232,0.009479845025142215
2022-02-08,-1,24.372,24.665,24.665,stop,-1.0,-0.012021992450352847,0.012021992450352834
2022-02-09,-1,25.462,25.73,25.73,stop,-1.0,-0.010525488963946339,0.010525488963946299
2022-02-10,1,26.1967,25.945,25.945,stop,-1.0,-0.009608080407074171,0.009608080407074157
2022-02-11,-1,25.88,26.152,23.948,close,7.10294117647053,0.07465224111282842,0.0105100463678517
2022-02-14,1,24.2975,23.755,24.262,close,-0.06543778801843124,-0.0014610556641629913,0.022327399938265272
2022-02-15,1,25.077,24.784,26.52,close,4.924914675767863,0.05754276827371685,0.011684013239223304
2022-02-16,-1,26.118,26.259,26.259,stop,-1.0,-0.00539857569492308,0.0053985756949231105
2022-02-17,-1,25.232,25.785,24.5119,close,1.3021699819168129,0.028539156626505968,0.02191661382371595
2022-02-18,-1,24.5381,24.986,23.639,close,2.0073677160080363,0.03664097872288408,0.01825324699141338
2022-02-22,1,23.214,23.006,23.006,stop,-1.0,-0.008960110278280253,0.00896011027828028
2022-02-23,1,23.938,23.746,23.746,stop,-1.0,-0.008020720193834041,0.00802072019383408
2022-02-24,1,21.596,20.89,23.751,close,3.0524079320113353,0.09978699759214682,0.032691239118355225
2022-02-25,1,23.9495,23.527,23.527,stop,-1.0,-0.01764128687446498,0.017641286874464996
2022-03-01,-1,24.229,24.3284,24.3284,stop,-1.0,-0.004102521771431,0.0041025217714309
2022-03-02,-1,23.589,23.844,23.844,stop,-1.0,-0.010810123362584356,0.010810123362584365
2022-03-03,-1,24.188,24.326,23.714,close,3.434782608695612,0.019596494129320297,0.005705308417397126
2022-03-04,1,23.518,23.327,23.327,stop,-1.0,-0.00812143889786543,0.008121438897865419
2022-03-07,-1,22.78,22.97,22.97,stop,-1.0,-0.008340649692712754,0.008340649692712806
2022-03-08,-1,21.06,21.438,21.438,stop,-1.0,-0.017948717948717885,0.017948717948717954
2022-03-09,-1,22.349,22.6399,22.6399,stop,-1.0,-0.0130162423374649,0.01301624233746479
2022-03-10,-1,22.525,22.7,22.7,stop,-1.0,-0.007769145394006749,0.007769145394006692
2022-03-11,-1,22.971,23.145,22.1,close,5.0057471264367885,0.03791737408036211,0.007574768185973597
2022-03-14,-1,21.697,21.995,21.995,stop,-1.0,-0.013734617689081574,0.013734617689081524
2022-03-15,1,21.593,21.446,21.446,stop,-1.0,-0.006807761774649146,0.006807761774649121
2022-03-16,-1,23.306,23.549,23.549,stop,-1.0,-0.01042649961383324,0.010426499613833285
2022-03-17,-1,24.092,24.383,24.383,stop,-1.0,-0.012078698323094716,0.012078698323094819
2022-03-18,1,24.936,24.624,26.461,close,4.88782051282049,0.061156560795636805,0.01251203079884509
2022-03-21,-1,26.482,26.611,26.611,stop,-1.0,-0.004871233290536958,0.004871233290537019
2022-03-22,-1,26.706,26.826,26.826,stop,-1.0,-0.004493372275893082,0.004493372275893095
2022-03-23,-1,25.938,26.175,26.175,stop,-1.0,-0.009137173259310627,0.009137173259310736
2022-03-24,-1,26.098,26.199,26.199,stop,-1.0,-0.003870028354663324,0.003870028354663294
2022-03-25,1,28.021,27.885,27.885,stop,-1.0,-0.004853502730095216,0.0048535027300952585
2022-03-28,1,27.8157,27.64,27.64,stop,-1.0,-0.00631657660961249,0.006316576609612524
2022-03-29,1,28.773,28.512,28.512,stop,-1.0,-0.009071004066312116,0.00907100406631214
2022-03-30,1,28.4465,28.122,28.122,stop,-1.0,-0.01140737876364406,0.01140737876364405
2022-03-31,-1,27.5056,27.887,27.887,stop,-1.0,-0.013866267232854446,0.013866267232854374
2022-04-01,-1,27.24,27.496,26.715,close,2.0507812499999925,0.01927312775330392,0.009397944199706323
2022-04-04,-1,26.665,26.846,26.846,stop,-1.0,-0.006787924245265309,0.006787924245265364
2022-04-05,-1,27.112,27.319,25.932,close,5.700483091787418,0.04352316317497784,0.007634995573915637
2022-04-06,-1,24.903,25.22,25.22,stop,-1.0,-0.012729390033329402,0.012729390033329326
2022-04-07,1,24.571,24.361,24.361,stop,-1.0,-0.008546660697570374,0.008546660697570341
2022-04-08,-1,23.662,23.923,23.111,close,2.111111111111111,0.023286281802045394,0.011030344011495193
2022-04-11,-1,21.969,22.247,22.247,stop,-1.0,-0.012654194546861453,0.012654194546861426
2022-04-12,-1,22.276,22.559,22.559,stop,-1.0,-0.012704255701203149,0.012704255701203145
2022-04-13,-1,21.49,21.741,21.741,stop,-1.0,-0.011679851093531868,0.011679851093531934
2022-04-14,1,22.664,22.394,22.394,stop,-1.0,-0.011913166254853613,0.01191316625485365
2022-04-18,1,21.4141,21.19,21.19,stop,-1.0,-0.010465067408856776,0.01046506740885678
2022-04-19,-1,21.683,21.84,21.84,stop,-1.0,-0.007240695475718262,0.007240695475718306
2022-04-20,-1,22.384,22.6704,21.482,close,3.1494413407821216,0.04029664045746961,0.012794853466761992
2022-04-21,1,22.162,21.69,21.69,stop,-1.0,-0.021297716812561984,0.021297716812561943
2022-04-22,-1,20.264,20.486,19.506,close,3.41441441441439,0.03740623766285034,0.010955388866956243
2022-04-25,1,19.487,19.107,19.107,stop,-1.0,-0.01950017960691741,0.019500179606917384
2022-04-26,-1,19.501,19.788,18.783,close,2.501742160278754,0.03681862468591357,0.014717193990051742
2022-04-27,1,18.992,18.525,18.525,stop,-1.0,-0.024589300758214083,0.024589300758214104
2022-04-28,1,19.226,18.958,18.958,stop,-1.0,-0.013939456985332388,0.013939456985332398
2022-04-29,1,19.7,19.25,19.25,stop,-1.0,-0.022842639593908642,0.022842639593908594
2022-05-02,1,18.594,18.518,18.518,stop,-1.0,-0.004087340002151274,0.004087340002151258
2022-05-03,-1,19.39,19.496,19.496,stop,-1.0,-0.00546673543063414,0.005466735430634249
2022-05-04,-1,19.665,19.979,19.979,stop,-1.0,-0.015967454869056708,0.015967454869056704
2022-05-05,-1,19.728,19.925,18.848,close,4.467005076142164,0.0446066504460666,0.009985806974858027
2022-05-06,-1,18.472,18.819,18.819,stop,-1.0,-0.018785188393243724,0.018785188393243706
2022-05-09,1,18.07,17.861,17.861,stop,-1.0,-0.011566131710016636,0.011566131710016582
2022-05-10,-1,17.4615,17.74,17.74,stop,-1.0,-0.015949374337828726,0.015949374337828795
2022-05-11,-1,17.1941,17.514,17.514,stop,-1.0,-0.018605219232178616,0.018605219232178512
2022-05-12,-1,15.9,16.33,16.33,stop,-1.0,-0.027044025157232587,0.027044025157232573
2022-05-13,-1,16.712,16.973,16.973,stop,-1.0,-0.015617520344662461,0.015617520344662471
2022-05-16,-1,17.329,17.58,17.58,stop,-1.0,-0.014484390328351138,0.014484390328351183
2022-05-17,1,18.2433,17.987,17.987,stop,-1.0,-0.014048993329057957,0.014048993329057959
2022-05-18,1,17.7608,17.57,17.57,stop,-1.0,-0.010742759335164997,0.01074275933516505
2022-05-19,1,17.2,16.901,16.901,stop,-1.0,-0.01738372093023255,0.017383720930232528
2022-05-20,-1,17.125,17.41,16.699,close,1.4947368421052567,0.024875912408759082,0.016642335766423367
2022-05-23,1,16.391,16.216,16.216,stop,-1.0,-0.010676590812030873,0.01067659081203082
2022-05-24,-1,16.375,16.597,16.167,close,0.9369369369369243,0.012702290076335832,0.013557251908397027
2022-05-25,1,16.45,16.0,16.9835,close,1.1855555555555577,0.032431610942249334,0.02735562310030391
2022-05-26,1,16.748,16.022,17.844,close,1.5096418732782315,0.06544064962980656,0.04334845951755449
2022-05-27,1,18.363,18.177,18.177,stop,-1.0,-0.01012906387845125,0.01012906387845123
2022-05-31,-1,18.602,19.2,18.671,close,-0.11538461538461402,-0.003709278572196384,0.03214708095903661
2022-06-01,1,18.9688,18.719,18.719,stop,-1.0,-0.013168993294251585,0.013168993294251637
2022-06-02,1,18.422,18.198,19.592,close,5.223214285714273,0.06351101943328619,0.012159374660731744
2022-06-03,1,19.103,18.98,18.98,stop,-1.0,-0.006438779249332671,0.0064387792493326235
2022-06-06,-1,19.117,19.337,18.7855,close,1.5068181818181983,0.01734058691217255,0.011508081811999731
2022-06-07,-1,18.3431,18.485,18.485,stop,-1.0,-0.007735878886338643,0.007735878886338716
2022-06-08,-1,18.749,18.804,18.804,stop,-1.0,-0.0029334897861219567,0.0029334897861219116
2022-06-09,1,18.712,18.428,18.428,stop,-1.0,-0.01517742625053431,0.01517742625053436
2022-06-10,-1,17.327,17.656,17.656,stop,-1.0,-0.018987707046805413,0.018987707046805392
2022-06-13,1,16.246,15.935,15.935,stop,-1.0,-0.0191431737042963,0.019143173704296332
2022-06-14,1,15.747,15.718,15.718,stop,-1.0,-0.0018416206261510082,0.0018416206261510075
2022-06-15,1,16.2585,16.057,16.057,stop,-1.0,-0.012393517237137663,0.012393517237137674
2022-06-16,-1,15.687,15.923,15.923,stop,-1.0,-0.015044304200930725,0.015044304200930749
2022-06-17,1,15.865,15.645,15.645,stop,-1.0,-0.013867002836432385,0.013867002836432439
2022-06-21,1,16.672,16.407,16.565,close,-0.40377358490565696,-0.006417946257197604,0.01589491362763919
2022-06-22,1,16.3219,16.197,16.197,stop,-1.0,-0.007652295382277852,0.0076522953822778135
2022-06-23,-1,16.286,16.585,16.224,close,0.20735785953177682,0.0038069507552499493,0.01835932702935033
2022-06-24,-1,16.482,16.519,16.519,stop,-1.0,-0.002244873195000441,0.0022448731950005484
2022-06-27,-1,16.939,17.33,16.87,close,0.17647058823529252,0.004073439990554317,0.023082826613141167
2022-06-28,1,17.124,16.785,16.785,stop,-1.0,-0.019796776454099385,0.01979677645409943
2022-06-29,-1,15.4573,15.82,15.546,close,-0.24455472842569417,-0.0057383889812581135,0.023464641302167924
2022-06-30,-1,15.3395,15.389,15.389,stop,-1.0,-0.0032269630692003393,0.003226963069200437
2022-07-01,-1,14.769,15.0629,14.521,close,0.8438244300782536,0.01679192904055793,0.019899790100887042
2022-07-05,1,14.1871,14.055,14.964,close,5.8811506434519645,0.05476101528853694,0.009311275736408388
2022-07-06,1,15.021,14.922,14.922,stop,-1.0,-0.006590772917914878,0.006590772917914932
2022-07-07,1,15.519,15.389,15.866,close,2.6692307692307495,0.022359688124234722,0.008376828403892053
2022-07-08,1,15.5667,15.41,15.41,stop,-1.0,-0.010066359600943042,0.010066359600943086
2022-07-11,-1,15.305,15.527,15.154,close,0.6801801801801807,0.009866056844168525,0.014505063704671646
2022-07-12,-1,15.2647,15.414,15.414,stop,-1.0,-0.009780735946333774,0.009780735946333712
2022-07-13,-1,14.575,14.734,14.734,stop,-1.0,-0.01090909090909098,0.010909090909090957
2022-07-14,-1,14.9026,15.193,15.193,stop,-1.0,-0.019486532551366897,0.019486532551366877
2022-07-15,1,15.6704,15.578,15.578,stop,-1.0,-0.005896467224831614,0.005896467224831617
2022-07-18,1,16.468,16.223,16.223,stop,-1.0,-0.014877337867379214,0.01487733786737922
2022-07-19,-1,16.391,16.56,16.56,stop,-1.0,-0.010310536269904302,0.010310536269904247
2022-07-20,1,16.9893,16.801,17.804,close,4.3266064790227885,0.04795371204228527,0.011083446639944063
2022-07-21,-1,17.828,17.975,17.975,stop,-1.0,-0.008245456585147082,0.008245456585147073
2022-07-22,-1,17.805,17.967,17.319,close,3.0000000000000218,0.02729570345408594,0.00909856781802859
2022-07-25,-1,16.9237,17.124,17.03,close,-0.5307039440838827,-0.006281132376489751,0.011835473330300028
2022-07-26,-1,16.717,16.912,16.912,stop,-1.0,-0.011664772387390165,0.0116647723873901
2022-07-27,-1,16.9421,17.094,17.094,stop,-1.0,-0.008965830682146958,0.008965830682146915
2022-07-28,1,18.01,17.889,17.889,stop,-1.0,-0.0067184897279291,0.006718489727929051
2022-07-29,-1,17.808,17.917,17.917,stop,-1.0,-0.00612084456424089,0.0061208445642408895
2022-08-01,-1,18.055,18.214,18.214,stop,-1.0,-0.008806424813071034,0.008806424813071112
2022-08-02,1,18.322,18.092,18.526,close,0.8869565217391315,0.011134155659862532,0.012553214714550837
2022-08-03,1,18.3425,18.137,18.892,close,2.6739659367396422,0.029957748398527828,0.011203489164508692
2022-08-04,1,18.889,18.764,18.764,stop,-1.0,-0.006617608131716857,0.006617608131716872
2022-08-05,1,18.945,18.77,18.77,stop,-1.0,-0.00923726576933237,0.009237265769332315
2022-08-08,1,17.93,17.359,17.359,stop,-1.0,-0.03184606804238699,0.031846068042386946
2022-08-09,-1,17.238,17.37,17.37,stop,-1.0,-0.007657500870170697,0.007657500870170638
2022-08-10,-1,17.515,17.711,17.711,stop,-1.0,-0.011190408221524395,0.011190408221524291
2022-08-11,-1,18.0165,18.2,18.2,stop,-1.0,-0.010185108095356998,0.01018510809535696
2022-08-12,-1,18.013,18.1705,18.1705,stop,-1.0,-0.008743685116304745,0.008743685116304826
2022-08-15,1,18.985,18.633,18.633,stop,-1.0,-0.01854095338425077,0.01854095338425074
2022-08-16,-1,18.906,19.01,19.01,stop,-1.0,-0.0055008991854439415,0.005500899185443921
2022-08-17,1,18.529,18.481,18.481,stop,-1.0,-0.0025905337578929766,0.002590533757892939
2022-08-18,-1,18.209,18.328,18.328,stop,-1.0,-0.00653522983140209,0.006535229831402042
2022-08-19,-1,18.341,18.52,17.848,close,2.7541899441341133,0.026879668502262755,0.00975955509514195
2022-08-22,-1,17.377,17.538,17.538,stop,-1.0,-0.009265120561662066,0.009265120561662047
2022-08-23,1,17.185,16.97,17.182,close,-0.01395348837209356,-0.00017457084666860911,0.01251091067791678
2022-08-24,-1,17.0,17.121,17.121,stop,-1.0,-0.007117647058823451,0.007117647058823451
2022-08-25,1,16.992,16.833,17.915,close,5.805031446540779,0.05431967984934083,0.009357344632768506
2022-08-26,1,17.864,17.777,17.777,stop,-1.0,-0.004870129870129802,0.004870129870129855
2022-08-29,1,16.25,16.001,16.001,stop,-1.0,-0.015323076923076884,0.015323076923076847
2022-08-30,1,15.971,15.887,15.887,stop,-1.0,-0.005259532903387321,0.005259532903387367
2022-08-31,-1,15.276,15.451,15.451,stop,-1.0,-0.011455878502225847,0.01145587850222576
2022-09-01,1,14.272,14.15,14.15,stop,-1.0,-0.008548206278026882,0.008548206278026898
2022-09-02,-1,13.845,14.171,13.648,close,0.6042944785276126,0.014228963524738236,0.023546406644998102
2022-09-06,-1,13.5686,13.76,13.76,stop,-1.0,-0.014106097902510273,0.014106097902510191
2022-09-07,1,13.5795,13.534,13.534,stop,-1.0,-0.003350638830590169,0.003350638830590137
2022-09-08,-1,13.431,13.536,13.536,stop,-1.0,-0.007817735090462463,0.007817735090462396
2022-09-09,1,14.268,14.126,14.388,close,0.8450704225351984,0.00841042893187538,0.009952340902719459
2022-09-12,-1,14.34,14.486,14.486,stop,-1.0,-0.010181311018131245,0.010181311018131158
2022-09-13,1,13.875,13.769,13.769,stop,-1.0,-0.00763963963963965,0.0076396396396396305
2022-09-14,-1,13.0565,13.29,13.129,close,-0.31049250535331896,-0.005552789798184854,0.017883812660360692
2022-09-15,1,13.028,12.972,12.972,stop,-1.0,-0.004298434141848384,0.004298434141848399
2022-09-16,-1,12.6786,12.791,12.791,stop,-1.0,-0.008865332134462944,0.00886533213446287
2022-09-19,1,13.293,13.01,13.382,close,0.314487632508836,0.006695253140750701,0.02128940043631983
2022-09-20,1,13.2999,13.192,13.192,stop,-1.0,-0.00811284295370629,0.008112842953706343
2022-09-21,-1,13.134,13.266,13.266,stop,-1.0,-0.01005025125628145,0.010050251256281381
2022-09-22,1,13.102,13.054,13.054,stop,-1.0,-0.0036635628148374844,0.0036635628148374328
2022-09-23,1,12.6,12.405,12.405,stop,-1.0,-0.015476190476190532,0.0154761904761905
2022-09-26,1,12.505,12.405,12.405,stop,-1.0,-0.00799680127948832,0.007996801279488317
2022-09-27,1,12.679,12.5049,12.5049,stop,-1.0,-0.013731366827036906,0.013731366827036913
2022-09-28,-1,12.382,12.539,12.539,stop,-1.0,-0.01267969633338728,0.012679696333387178
2022-09-29,-1,12.438,12.5,12.225,close,3.4354838709677913,0.017124939700916664,0.004984724232191621
2022-09-30,1,12.288,12.075,12.137,close,-0.708920187793423,-0.01228841145833337,0.01733398437500008
2022-10-03,-1,12.236,12.38,12.38,stop,-1.0,-0.011768551814318462,0.011768551814318415
2022-10-04,1,12.946,12.879,13.171,close,3.3582089552238665,0.017379885678974194,0.005175343735516775
2022-10-05,1,12.922,12.859,12.859,stop,-1.0,-0.0048754062838570755,0.004875406283857035
2022-10-06,1,13.438,13.168,13.168,stop,-1.0,-0.020092275636255486,0.020092275636255496
2022-10-07,1,12.585,12.452,12.452,stop,-1.0,-0.010568136670639716,0.010568136670639721
2022-10-10,-1,11.936,12.1243,11.665,close,1.439192777482745,0.02270442359249336,0.01577580428954423
2022-10-11,1,11.615,11.547,11.547,stop,-1.0,-0.005854498493327531,0.005854498493327561
2022-10-12,-1,11.557,11.649,11.649,stop,-1.0,-0.007960543393614072,0.00796054339361415
2022-10-13,-1,10.927,11.041,11.041,stop,-1.0,-0.010432872700649742,0.010432872700649838
2022-10-14,-1,11.819,12.111,11.231,close,2.013698630136991,0.04975040189525348,0.0247059818935612
2022-10-17,1,11.707,11.517,11.887,close,0.9473684210526238,0.015375416417527932,0.01622960621850186
2022-10-18,-1,12.267,12.492,11.968,close,1.3288888888888781,0.024374337653868094,0.018341892883345676
2022-10-19,1,11.997,11.865,11.865,stop,-1.0,-0.01100275068767187,0.01100275068767189
2022-10-20,1,12.235,12.105,12.183,close,-0.4,-0.004250102165917369,0.010625255414793543
2022-10-21,-1,12.033,12.19,12.19,stop,-1.0,-0.013047452838028661,0.013047452838028757
2022-10-24,-1,12.2935,12.55,12.55,stop,-1.0,-0.02086468458941715,0.02086468458941724
2022-10-25,1,12.815,12.664,13.261,close,2.9536423841059625,0.03480296527506832,0.011783066718689022
2022-10-26,-1,12.801,12.918,12.918,stop,-1.0,-0.00913991094445743,0.009139910944457394
2022-10-27,1,13.793,13.615,13.615,stop,-1.0,-0.012905096788225823,0.012905096788225844
2022-10-28,1,13.348,13.061,13.834,close,1.693379790940758,0.03640994905603834,0.021501348516631765
2022-10-31,1,13.789,13.613,13.613,stop,-1.0,-0.0127637972296758,0.01276379722967584
2022-11-01,1,13.848,13.7425,13.7425,stop,-1.0,-0.007618428653957343,0.007618428653957325
2022-11-02,-1,13.686,13.9045,13.9045,stop,-1.0,-0.015965219932777996,0.015965219932778062
2022-11-03,1,13.152,13.031,13.031,stop,-1.0,-0.009200121654501126,0.009200121654501115
2022-11-04,-1,13.932,14.063,14.063,stop,-1.0,-0.009402813666379517,0.009402813666379574
2022-11-07,-1,14.092,14.299,14.299,stop,-1.0,-0.01468918535339192,0.014689185353391922
2022-11-08,1,14.812,14.6895,14.6895,stop,-1.0,-0.008270321361058541,0.008270321361058515
2022-11-09,-1,13.9965,14.211,13.783,close,0.9953379953379896,0.015253813453363296,0.015325259886400246
2022-11-10,1,14.805,14.707,14.707,stop,-1.0,-0.006619385342789497,0.006619385342789529
2022-11-11,-1,15.575,15.84,15.84,stop,-1.0,-0.01701444622792936,0.01701444622792941
2022-11-14,-1,16.139,16.439,16.439,stop,-1.0,-0.01858851229939895,0.018588512299399017
2022-11-15,1,16.78,16.681,16.681,stop,-1.0,-0.005899880810488645,0.005899880810488688
2022-11-16,1,16.285,16.037,16.037,stop,-1.0,-0.015228738102548434,0.015228738102548425
2022-11-17,1,15.7615,15.585,15.585,stop,-1.0,-0.011198172762744596,0.0111981727627446
2022-11-18,-1,15.736,16.002,15.409,close,1.2293233082706847,0.020780376207422457,0.016903914590747218
2022-11-21,-1,15.135,15.229,15.229,stop,-1.0,-0.006210769739015465,0.006210769739015488
2022-11-22,-1,15.3,15.475,15.475,stop,-1.0,-0.011437908496731986,0.011437908496731956
2022-11-23,1,16.192,16.048,16.526,close,2.3194444444444113,0.020627470355731203,0.008893280632411184
2022-11-28,1,16.213,16.005,16.005,stop,-1.0,-0.01282921112687363,0.012829211126873618
2022-11-29,-1,15.778,15.833,15.833,stop,-1.0,-0.0034858663962478165,0.003485866396247922
2022-11-30,1,15.9404,15.65,15.65,stop,-1.0,-0.018217861534214896,0.01821786153421495
2022-12-01,-1,16.979,17.034,17.034,stop,-1.0,-0.003239295600447667,0.003239295600447595
2022-12-02,1,16.739,16.613,16.613,stop,-1.0,-0.00752733138180306,0.0075273313818030475
2022-12-05,1,16.7875,16.639,16.639,stop,-1.0,-0.00884586746090854,0.008845867460908537
2022-12-06,-1,16.511,16.573,15.890999999999988,target,10.0,0.0375507237599183,0.003755072375991834
2022-12-07,1,15.967,15.667,16.117,close,0.5,0.00939437590029435,0.018788751800588758
2022-12-08,-1,16.154,16.328,16.328,stop,-1.0,-0.010771325987371627,0.010771325987371518
2022-12-09,1,17.215,17.045,17.045,stop,-1.0,-0.009875108916642339,0.009875108916642356
2022-12-12,-1,16.957,17.129,17.129,stop,-1.0,-0.01014330365040994,0.010143303650409895
2022-12-13,-1,18.429,18.738,18.738,stop,-1.0,-0.016767051929025056,0.016767051929024966
2022-12-14,1,18.169,17.97,17.97,stop,-1.0,-0.010952721668776588,0.010952721668776576
2022-12-15,-1,17.116,17.32,16.96,close,0.764705882352933,0.009114279037158113,0.011918672587053087
2022-12-16,1,16.96,16.802,16.802,stop,-1.0,-0.009316037735849103,0.009316037735849129
2022-12-19,-1,16.37,16.609,16.258,close,0.468619246861931,0.006841783750763719,0.01459987782529021
2022-12-20,1,16.081,15.9671,15.9671,stop,-1.0,-0.007082892854921918,0.00708289285492191
2022-12-21,1,16.187,16.102,16.502,close,3.7058823529411127,0.01946006054241045,0.0052511274479521124
2022-12-22,-1,15.9602,16.138,15.34,close,3.4881889763779306,0.038859162165887695,0.011140211275548007
2022-12-23,-1,15.051,15.292,15.292,stop,-1.0,-0.016012225101322164,0.01601222510132215
2022-12-27,-1,14.865,15.1,14.119,close,3.1744680851063927,0.050184998318197116,0.01580894719138913
2022-12-28,1,14.237,13.884,14.036,close,-0.5694050991501435,-0.014118142867177164,0.024794549413500018
2022-12-29,-1,14.263,14.423,14.423,stop,-1.0,-0.011217836359812106,0.01121783635981211
2022-12-30,1,14.4065,14.233,14.6145,close,1.1988472622478474,0.014437927324471689,0.012043174955749063
2023-01-03,-1,14.7355,14.915,14.915,stop,-1.0,-0.012181466526415718,0.012181466526415738
2023-01-04,1,14.592,14.483,14.483,stop,-1.0,-0.0074698464912280604,0.007469846491228069
2023-01-05,-1,14.353,14.564,14.266,close,0.4123222748815148,0.006061450567825477,0.01470075942311714
2023-01-06,-1,14.433,14.489,14.489,stop,-1.0,-0.003879997228573462,0.003879997228573473
2023-01-09,-1,15.217,15.415,15.415,stop,-1.0,-0.013011763159624046,0.013011763159624013
2023-01-10,1,15.896,15.472,15.913,close,0.04009433962264011,0.001069451434323021,0.026673376950176225
2023-01-11,-1,15.5864,15.867,15.867,stop,-1.0,-0.018002874300672378,0.01800287430067248
2023-01-12,-1,15.995,16.226,16.226,stop,-1.0,-0.01444201312910276,0.014442013129102838
2023-01-13,1,16.391,16.165,16.898,close,2.2433628318584224,0.030931608809712685,0.013788054420108543
2023-01-17,1,17.326,16.899,17.701,close,0.8782201405152233,0.021643772365231406,0.02464504213321018
2023-01-18,1,17.7566,17.493,17.493,stop,-1.0,-0.014845184325828154,0.014845184325828159
2023-01-19,1,17.081,17.0,17.0,stop,-1.0,-0.004742111117616021,0.004742111117616036
2023-01-20,-1,16.883,17.055,17.055,stop,-1.0,-0.010187762838358205,0.010187762838358148
2023-01-23,-1,17.9151,18.109,18.109,stop,-1.0,-0.010823271988434469,0.010823271988434496
2023-01-24,1,19.008,18.82,19.264,close,1.3617021276595842,0.013468013468013407,0.00989057239057233
2023-01-25,1,18.986,18.843,18.843,stop,-1.0,-0.007531865585168052,0.007531865585168054
2023-01-26,1,19.927,19.701,19.701,stop,-1.0,-0.011341396095749467,0.01134139609574944
2023-01-27,1,19.6995,19.405,20.361,close,2.2461799660441484,0.03357953247544354,0.01494961801060937
2023-01-30,-1,19.925,20.111,20.111,stop,-1.0,-0.009335006273525792,0.009335006273525718
2023-01-31,1,19.4289,19.105,19.105,stop,-1.0,-0.016671041592678848,0.016671041592678862
2023-02-01,-1,19.661,19.878,19.878,stop,-1.0,-0.011037078480240048,0.011037078480240005
2023-02-02,1,21.195,20.96,21.724,close,2.251063829787239,0.024958716678461945,0.011087520641660742
2023-02-03,1,21.0435,20.789,21.102,close,0.2298624754420378,0.0027799558058307916,0.012093995770665533
2023-02-06,1,21.1552,20.786,21.084,close,-0.19284940411701293,-0.0033656027832400515,0.01745197398275598
2023-02-07,-1,21.252,21.4,21.4,stop,-1.0,-0.006964050442311187,0.006964050442311297
2023-02-08,1,22.569,22.374,22.374,stop,-1.0,-0.008640170144889048,0.00864017014488902
2023-02-09,1,22.749,22.605,22.605,stop,-1.0,-0.006329948569167798,0.006329948569167803
2023-02-10,1,21.9553,21.65,21.65,stop,-1.0,-0.01390552622829122,0.013905526228291235
2023-02-13,-1,21.153,21.585,21.585,stop,-1.0,-0.020422635087221863,0.020422635087221773
2023-02-14,-1,21.538,21.721,21.721,stop,-1.0,-0.008496610641656632,0.0084966106416566
2023-02-15,1,22.676,22.502,22.502,stop,-1.0,-0.007673310989592452,0.007673310989592499
2023-02-16,1,22.275,22.087,22.087,stop,-1.0,-0.008439955106621766,0.00843995510662172
2023-02-17,1,21.6495,21.427,21.427,stop,-1.0,-0.010277373611399798,0.010277373611399809
2023-02-21,1,21.158,20.945,20.945,stop,-1.0,-0.010067114093959773,0.010067114093959776
2023-02-22,1,20.754,20.579,20.579,stop,-1.0,-0.008432109472872762,0.008432109472872732
2023-02-23,-1,23.296,23.514,23.514,stop,-1.0,-0.00935782967032961,0.00935782967032967
2023-02-24,1,23.326,23.175,23.175,stop,-1.0,-0.006473463088399245,0.0064734630883992025
2023-02-27,1,23.753,23.6375,23.6375,stop,-1.0,-0.00486254367869321,0.004862543678693252
2023-02-28,1,23.429,23.357,23.357,stop,-1.0,-0.00307311451619785,0.0030731145161978393
2023-03-01,-1,23.096,23.2556,22.699,close,2.4874686716791716,0.01718912365777614,0.006910287495670292
2023-03-02,1,22.5612,22.432,23.315,close,5.834365325077374,0.03341134336826057,0.005726645745793702
2023-03-03,-1,23.289,23.493,23.493,stop,-1.0,-0.008759500193224135,0.008759500193224143
2023-03-06,-1,23.823,24.009,24.009,stop,-1.0,-0.007807580909205303,0.007807580909205387
2023-03-07,1,23.729,23.5251,23.5251,stop,-1.0,-0.008592861056091694,0.00859286105609174
2023-03-08,1,23.491,23.4235,24.16599999999999,target,10.0,0.028734408922565624,0.0028734408922565665
2023-03-09,1,24.292,24.16,24.16,stop,-1.0,-0.0054338876996542496,0.005433887699654266
2023-03-10,-1,23.2195,23.48,23.48,stop,-1.0,-0.011219018497383715,0.011219018497383682
2023-03-13,1,22.781,22.71,22.71,stop,-1.0,-0.0031166322812870018,0.003116632281286948
2023-03-14,1,23.549,23.46,24.062,close,5.764044943820332,0.02178436451654009,0.0037793536880546368
2023-03-15,1,23.8535,23.706,23.706,stop,-1.0,-0.006183578929716882,0.006183578929716849
2023-03-16,-1,23.964,24.1435,24.1435,stop,-1.0,-0.007490402270071916,0.0074904022700718114
2023-03-17,1,26.123,25.862,25.862,stop,-1.0,-0.009991195498220029,0.009991195498220065
2023-03-20,-1,25.361,25.636,25.636,stop,-1.0,-0.010843421000749087,0.010843421000749125
2023-03-21,-1,26.08,26.225,26.225,stop,-1.0,-0.005559815950920255,0.005559815950920366
2023-03-22,-1,26.344,26.49,26.49,stop,-1.0,-0.005542058912845427,0.005542058912845324
2023-03-23,1,27.253,27.11,27.11,stop,-1.0,-0.0052471287564671565,0.005247128756467203
2023-03-24,-1,26.9816,27.167,26.78,close,1.0873786407766863,0.007471758531740091,0.00687134936401108
2023-03-27,-1,26.743,26.84,26.84,stop,-1.0,-0.003627117376509892,0.00362711737650979
2023-03-28,-1,26.3385,26.513,26.414,close,-0.43266475644699637,-0.0028665261878999537,0.0066252823813050055
2023-03-29,1,26.9279,26.802,26.802,stop,-1.0,-0.004675448141147287,0.00467544814114734
2023-03-30,1,27.26,27.112,27.112,stop,-1.0,-0.005429200293470382,0.005429200293470405
2023-03-31,1,27.32,27.105,27.777,close,2.125581395348842,0.01672767203513903,0.007869692532942894
2023-04-03,1,27.78,27.445,27.445,stop,-1.0,-0.012059035277177887,0.012059035277177856
2023-04-04,-1,27.781,28.0,27.472,close,1.41095890410957,0.011122709765667094,0.007883085562074843
2023-04-05,1,26.916,26.77,26.77,stop,-1.0,-0.00542428295437658,0.005424282954376609
2023-04-06,-1,26.4925,26.639,26.639,stop,-1.0,-0.00552986694347446,0.005529866943474554
2023-04-10,-1,26.767,26.92,26.92,stop,-1.0,-0.005715993574177292,0.005715993574177242
2023-04-11,-1,27.572,27.79,27.169,close,1.8486238532110033,0.014616277382852094,0.007906571884520527
2023-04-12,-1,27.3238,27.468,26.501,close,5.705963938973572,0.03011294183093116,0.005277450427832199
2023-04-13,-1,26.622,26.81,26.81,stop,-1.0,-0.007061828562842765,0.007061828562842718
2023-04-14,-1,26.348,26.519,26.519,stop,-1.0,-0.006490056171246428,0.0064900561712463705
2023-04-17,-1,26.573,26.607,26.607,stop,-1.0,-0.0012794942234599649,0.0012794942234598623
2023-04-18,1,27.6895,27.517,27.517,stop,-1.0,-0.006229798298994171,0.0062297982989941835
2023-04-19,1,27.56,27.232,27.932,close,1.1341463414634163,0.013497822931785253,0.01190130624092886
2023-04-20,-1,27.654,27.76,27.76,stop,-1.0,-0.0038330802053954116,0.003833080205395301
2023-04-21,-1,26.887,27.039,27.039,stop,-1.0,-0.005653289693904107,0.005653289693904155
2023-04-24,1,27.272,27.013,27.013,stop,-1.0,-0.009496919917864388,0.009496919917864359
2023-04-25,1,27.137,27.05,27.05,stop,-1.0,-0.0032059549692301514,0.0032059549692301926
2023-04-26,-1,26.9006,27.108,27.108,stop,-1.0,-0.0077098652074674145,0.007709865207467484
2023-04-27,-1,27.269,27.495,27.222,close,0.207964601769896,0.0017235688877479394,0.008287799332575549
2023-04-28,-1,27.198,27.3528,27.3528,stop,-1.0,-0.005691594970218317,0.005691594970218327
2023-05-01,1,27.98,27.78,28.905,close,4.62500000000002,0.03305932809149392,0.0071479628305932555
2023-05-02,1,28.792,28.63,28.63,stop,-1.0,-0.005626562934148427,0.005626562934148464
2023-05-03,1,27.868,27.751,27.751,stop,-1.0,-0.0041983637146546515,0.004198363714654705
2023-05-04,-1,27.646,27.73,27.73,stop,-1.0,-0.0030384142371409073,0.0030384142371409836
2023-05-05,1,27.8855,27.731,28.678,close,5.129449838187747,0.028419788061895934,0.005540513887145604
2023-05-08,-1,28.5,28.606,28.606,stop,-1.0,-0.003719298245614011,0.003719298245614093
2023-05-09,-1,28.751,28.973,28.57,close,0.8153153153153277,0.006295433202323397,0.007721470557545746
2023-05-10,-1,28.964,29.113,28.886,close,0.5234899328858988,0.0026929982046678402,0.005144317083275823
2023-05-11,-1,28.768,28.95,28.581,close,1.0274725274725418,0.006500278086763123,0.006326473859844223
2023-05-12,1,28.7585,28.488,28.488,stop,-1.0,-0.00940591477302366,0.009405914773023695
2023-05-15,-1,28.4755,28.516,28.516,stop,-1.0,-0.0014222752892836255,0.0014222752892836994
2023-05-16,1,29.061,28.832,29.211,close,0.6550218340611315,0.005161556725508332,0.007879976600942817
2023-05-17,-1,29.453,29.61,29.61,stop,-1.0,-0.005330526601704522,0.0053305266017044115
2023-05-18,1,30.582,30.32,31.6789,close,4.186641221374031,0.03586750376038195,0.008567130992086863
2023-05-19,-1,31.341,31.58,31.2635,close,0.3242677824267844,0.002472799208704246,0.007625793688778189
2023-05-22,-1,30.8915,31.05,31.05,stop,-1.0,-0.0051308612401470555,0.005130861240146969
2023-05-23,1,31.174,30.9903,30.9903,stop,-1.0,-0.005892731122088879,0.0058927311220888625
2023-05-24,1,30.242,30.025,30.025,stop,-1.0,-0.007175451359037188,0.007175451359037177
2023-05-25,-1,37.6235,38.599,38.599,stop,-1.0,-0.02592794397118814,0.025927943971188132
2023-05-26,-1,37.813,37.99,37.99,stop,-1.0,-0.004680929838944303,0.004680929838944268
2023-05-30,-1,40.5693,40.7,40.7,stop,-1.0,-0.003221647896315849,0.0032216478963157974
2023-05-31,1,39.8285,39.41,39.41,stop,-1.0,-0.010507551125450432,0.01050755112545041
2023-06-01,1,38.5469,38.34,39.774,close,5.9308844852586535,0.03183394773639381,0.005367487398467773
2023-06-02,1,40.428,40.03,40.03,stop,-1.0,-0.009844662115365499,0.009844662115365494
2023-06-05,1,39.216,38.86,38.86,stop,-1.0,-0.009077927376580974,0.00907792737658103
2023-06-06,-1,38.725,39.0,39.0,stop,-1.0,-0.007101355713363455,0.007101355713363423
2023-06-07,1,39.428,38.877,38.877,stop,-1.0,-0.013974840215075446,0.013974840215075451
2023-06-08,-1,37.602,37.858,37.858,stop,-1.0,-0.006808148502739142,0.006808148502739223
2023-06-12,-1,39.1499,39.325,39.325,stop,-1.0,-0.004472552931169771,0.0044725529311696955
2023-06-13,1,40.456,40.007,40.007,stop,-1.0,-0.011098477358117642,0.011098477358117588
2023-06-14,1,40.8729,40.552,42.998,close,6.62231224680581,0.05199288526138335,0.007851167888747844
2023-06-15,-1,42.541,42.74,42.74,stop,-1.0,-0.004677840201217753,0.004677840201217771
2023-06-16,-1,43.386,43.655,43.655,stop,-1.0,-0.006200156732586448,0.006200156732586511
2023-06-20,1,43.1679,42.8549,42.8549,stop,-1.0,-0.007250758086448594,0.00725075808644855
2023-06-21,-1,43.413,43.615,43.043,close,1.8316831683167711,0.008522792711860405,0.004652984129178018
2023-06-22,1,42.573,42.234,43.031,close,1.351032448377582,0.010757992154651896,0.007962793319709643
2023-06-23,1,42.714,42.4066,42.4066,stop,-1.0,-0.007196703656880632,0.007196703656880677
2023-06-26,1,42.549,42.282,42.282,stop,-1.0,-0.006275118099132837,0.006275118099132835
2023-06-27,1,41.1949,40.799,40.799,stop,-1.0,-0.00961041293946574,0.009610412939465747
2023-06-28,-1,40.6183,40.995,40.995,stop,-1.0,-0.009274144905129011,0.00927414490512896
2023-06-29,-1,41.4855,41.6,40.845,close,5.593886462882141,0.01543912933434577,0.0027600004820961446
2023-06-30,-1,41.662,41.71,41.71,stop,-1.0,-0.0011521290384524097,0.0011521290384523502
2023-07-05,1,42.494,42.085,42.3235,close,-0.4168704156479155,-0.0040123311526332195,0.009624888219513317
2023-07-06,-1,41.539,41.844,41.844,stop,-1.0,-0.007342497412070603,0.007342497412070577
2023-07-07,-1,42.2885,42.468,42.468,stop,-1.0,-0.004244652801589144,0.00424465280158919
2023-07-10,-1,42.435,42.811,42.184,close,0.6675531914893785,0.005914928714504608,0.008860610345233833
2023-07-11,1,42.562,42.3344,42.3344,stop,-1.0,-0.005347493068934672,0.005347493068934622
2023-07-12,1,43.267,42.7773,43.905,close,1.3028384725341842,0.014745649109020764,0.01131809462176731
2023-07-13,1,44.662,44.492,45.981,close,7.7588235294117025,0.02953293627692455,0.0038063678294747594
2023-07-14,1,46.71,46.578,48.02999999999998,target,10.0,0.028259473346178066,0.0028259473346178097
2023-07-17,-1,46.2775,46.483,46.483,stop,-1.0,-0.004440602884770994,0.004440602884771078
2023-07-18,-1,46.199,46.712,46.712,stop,-1.0,-0.0111041364531701,0.011104136453170096
2023-07-19,-1,47.111,47.5,47.5,stop,-1.0,-0.008257094945978816,0.008257094945978708
2023-07-20,1,46.7265,46.252,46.252,stop,-1.0,-0.010154837190887389,0.010154837190887377
2023-07-21,1,45.7961,45.48,45.48,stop,-1.0,-0.006902334478263605,0.006902334478263559
2023-07-24,-1,44.659,44.885,44.885,stop,-1.0,-0.005060570097852546,0.005060570097852596
2023-07-25,1,45.514,44.923,45.662,close,0.25042301184432464,0.0032517467152963775,0.012985015599595752
2023-07-26,-1,45.357,46.053,45.455,close,-0.14080459770114837,-0.0021606367264148663,0.015344930220252618
2023-07-27,1,46.6,46.413,46.413,stop,-1.0,-0.0040128755364807756,0.004012875536480788
2023-07-28,1,46.698,46.476,46.476,stop,-1.0,-0.0047539509186689255,0.004753950918668922
2023-07-31,1,46.851,46.631,46.631,stop,-1.0,-0.004695737550959422,0.004695737550959401
2023-08-01,-1,46.44,46.491,46.491,stop,-1.0,-0.001098191214470301,0.001098191214470326
2023-08-02,-1,45.415,45.84,44.263,close,2.7105882352940927,0.02536606847957723,0.009358141583177458
2023-08-03,1,44.064,43.8,44.514,close,1.7045454545454466,0.010212418300653558,0.005991285403050175
2023-08-04,1,45.48,44.982,44.982,stop,-1.0,-0.010949868073878544,0.010949868073878575
2023-08-07,1,45.3039,45.1,45.1,stop,-1.0,-0.004500716273874827,0.004500716273874817
2023-08-08,1,45.1519,44.703,44.703,stop,-1.0,-0.009941995796411529,0.009941995796411552
2023-08-09,-1,43.877,44.312,42.545,close,3.0620689655172773,0.030357590537183454,0.00991407799074675
2023-08-10,1,42.74,41.835,42.389,close,-0.38784530386740185,-0.008212447356106711,0.021174543752924685
2023-08-11,1,41.8,41.611,41.611,stop,-1.0,-0.004521531100478482,0.004521531100478471
2023-08-14,1,40.6198,40.311,43.70779999999998,target,10.0,0.07602203851323686,0.007602203851323689
2023-08-15,1,45.015,44.316,44.316,stop,-1.0,-0.015528157280906285,0.015528157280906322
2023-08-16,-1,44.378,44.675,43.48,close,3.0235690235690647,0.020235251701293477,0.0066925052954165815
2023-08-17,-1,43.5945,44.062,43.343,close,0.5379679144384862,0.00576907637431312,0.010723829840920327
2023-08-18,-1,42.378,42.865,42.865,stop,-1.0,-0.01149181178913583,0.011491811789135917
2023-08-21,1,44.818,44.222,46.967,close,3.6057046979866,0.04794948458208759,0.013298228390378789
2023-08-22,-1,47.8165,48.187,45.672,close,5.788124156545214,0.04484853554735291,0.007748371378080785
2023-08-23,-1,45.763,46.312,46.312,stop,-1.0,-0.011996591132574341,0.01199659113257434
2023-08-24,-1,49.4619,50.266,47.162,close,2.860216390996152,0.04649841595248061,0.01625695737527265
2023-08-25,-1,46.505,47.08,47.08,stop,-1.0,-0.01236426190732165,0.012364261907321702
2023-08-28,-1,46.165,46.4985,46.4985,stop,-1.0,-0.007224087512184507,0.007224087512184573
2023-08-29,1,46.8461,46.417,46.417,stop,-1.0,-0.009159780643426041,0.00915978064342599
2023-08-30,1,49.239,48.8559,48.8559,stop,-1.0,-0.007780417961372077,0.0077804179613720605
2023-08-31,-1,49.2,49.617,49.617,stop,-1.0,-0.008475609756097402,0.008475609756097449
2023-09-01,-1,49.5397,49.8,48.507,close,3.9673453707262016,0.020845907423743038,0.005254371746296278
2023-09-05,1,48.23,47.86,48.549,close,0.8621621621621752,0.006614140576404859,0.007671573709309506
2023-09-06,-1,48.313,48.549,47.063,close,5.296610169491591,0.02587295344938212,0.00488481361124329
2023-09-07,-1,45.4575,45.659,45.659,stop,-1.0,-0.004432711873728179,0.004432711873728115
2023-09-08,1,46.286,45.83,45.83,stop,-1.0,-0.009851791038327007,0.00985179103832699
2023-09-11,-1,45.8188,46.163,45.1775,close,1.8631609529343782,0.013996438143294876,0.007512200232218949
2023-09-12,1,44.814,44.531,44.87,close,0.1978798586572337,0.0012496094970320115,0.006314990851073353
2023-09-13,1,44.849,44.503,45.5,close,1.881502890173439,0.014515373809895538,0.007714776249191656
2023-09-14,-1,45.693,45.987,45.592,close,0.34353741496597856,0.0022104042194647233,0.0064342459457685875
2023-09-15,1,45.41,45.3,45.3,stop,-1.0,-0.0024223739264479516,0.0024223739264479065
2023-09-18,1,42.9174,42.0,43.965,close,1.141922825376065,0.024409679989934263,0.02137594542073846
2023-09-19,-1,43.7655,43.966,43.509,close,1.2793017456359352,0.005860780751962169,0.004581234077069795
2023-09-20,-1,43.4148,43.638,43.638,stop,-1.0,-0.005141103955333071,0.00514110395533317
2023-09-21,1,41.954,41.401,41.401,stop,-1.0,-0.01318110311293319,0.013181103112933147
2023-09-22,1,41.565,41.444,41.444,stop,-1.0,-0.002911103091543299,0.002911103091543248
2023-09-25,-1,41.2945,41.61,41.61,stop,-1.0,-0.007640242647325879,0.007640242647325918
2023-09-26,-1,41.956,42.168,42.168,stop,-1.0,-0.005052912575078672,0.005052912575078563
2023-09-27,1,42.4845,42.301,42.301,stop,-1.0,-0.00431922230460513,0.004319222304605094
2023-09-28,-1,42.383,42.633,42.633,stop,-1.0,-0.005898591416369836,0.00589859141636977
2023-09-29,1,43.9203,43.648,43.648,stop,-1.0,-0.006199866576503177,0.006199866576503217
2023-10-02,1,44.314,43.861,44.796,close,1.0640176600441416,0.010876923771268698,0.010222503046441372
2023-10-03,1,44.841,44.683,44.683,stop,-1.0,-0.0035235610267388973,0.0035235610267389497
2023-10-04,-1,43.561,43.871,43.871,stop,-1.0,-0.007116457381602936,0.007116457381602862
2023-10-05,1,44.412,44.027,44.027,stop,-1.0,-0.008668828244618565,0.008668828244618527
2023-10-06,1,44.383,44.17,44.17,stop,-1.0,-0.004799134803866401,0.004799134803866367
2023-10-09,-1,44.7665,45.05,45.05,stop,-1.0,-0.006332860509532745,0.006332860509532721
2023-10-10,-1,45.29,45.464,45.464,stop,-1.0,-0.00384190770589532,0.00384190770589533
2023-10-11,1,46.346,46.11,46.11,stop,-1.0,-0.005092133085918937,0.005092133085918895
2023-10-12,1,46.8,46.66,46.66,stop,-1.0,-0.002991452991452981,0.002991452991453004
2023-10-13,-1,46.8,47.116,45.458,close,4.246835443037937,0.02867521367521364,0.006752136752136806
2023-10-16,1,45.456,44.912,46.088,close,1.1617647058823404,0.013903555086237196,0.011967617036254928
2023-10-17,-1,43.484,44.179,44.179,stop,-1.0,-0.015982890258485982,0.015982890258485885
2023-10-18,1,43.115,42.508,42.508,stop,-1.0,-0.014078626927983229,0.014078626927983284
2023-10-19,-1,42.387,42.868,42.868,stop,-1.0,-0.011347818906740414,0.011347818906740312
2023-10-20,1,41.978,41.82,41.82,stop,-1.0,-0.003763876316165593,0.0037638763161656403
2023-10-23,-1,41.139,41.426,41.426,stop,-1.0,-0.006976348477114147,0.00697634847711415
2023-10-24,1,43.1715,42.691,43.663,close,1.0228928199791794,0.011384825637283713,0.011130027911932624
2023-10-25,-1,43.2645,43.65,41.761,close,3.900129701686106,0.03475135503703952,0.00891030752695629
2023-10-26,1,41.992,41.601,41.601,stop,-1.0,-0.009311297389979045,0.009311297389979002
2023-10-27,-1,40.88,41.206,40.505,close,1.150306748466256,0.009173189823874717,0.007974559686888465
2023-10-30,1,41.3065,40.8906,40.8906,stop,-1.0,-0.010068633265950866,0.010068633265950894
2023-10-31,-1,39.966,40.52,40.52,stop,-1.0,-0.013861782515137921,0.013861782515137918
2023-11-01,1,41.254,40.869,42.31,close,2.7428571428571686,0.02559751781645425,0.009332428370582199
2023-11-02,-1,43.006,43.511,43.511,stop,-1.0,-0.0117425475515045,0.0117425475515045
2023-11-03,1,44.052,43.723,45.004,close,2.893617021276585,0.021610823572141946,0.007468446381549093
2023-11-06,1,45.4795,45.268,45.268,stop,-1.0,-0.00465044690464933,0.0046504469046493675
2023-11-07,-1,45.621,45.973,45.973,stop,-1.0,-0.007715744942022207,0.007715744942022243
2023-11-08,1,46.2848,45.968,46.583,close,0.9412878787879023,0.006442719856194712,0.00684457964601756
2023-11-09,1,47.505,47.405,47.405,stop,-1.0,-0.0021050415745711426,0.0021050415745711274
2023-11-10,1,47.62,47.283,48.34,close,2.1364985163205166,0.015119697606047922,0.007076858462830664
2023-11-13,1,48.506,48.099,48.618,close,0.27518427518427735,0.002308992701933743,0.008390714550777298
2023-11-14,-1,49.464,49.71,49.71,stop,-1.0,-0.004973313925278999,0.004973313925279036
2023-11-15,-1,49.771,49.96,48.909,close,4.56084656084657,0.017319322497036493,0.0037973920556147165
2023-11-16,-1,48.564,48.887,48.887,stop,-1.0,-0.0066510172143974255,0.0066510172143975045
2023-11-17,-1,49.4667,49.666,49.666,stop,-1.0,-0.004028973026298344,0.004028973026298375
2023-11-20,-1,49.2145,49.483,49.483,stop,-1.0,-0.005455709191396707,0.005455709191396763
2023-11-21,1,50.2551,49.877,49.877,stop,-1.0,-0.007523614518725408,0.0075236145187253895
2023-11-22,1,50.031,49.535,49.535,stop,-1.0,-0.009913853410885243,0.009913853410885297
2023-11-27,1,47.898,47.652,48.233,close,1.3617886178861411,0.0069940289782453036,0.005135913816860876
2023-11-28,-1,48.184,48.3229,47.827,close,2.570194384449247,0.007409098455918972,0.0028826996513365345
2023-11-29,1,48.425,48.123,48.123,stop,-1.0,-0.006236448115642723,0.006236448115642739
2023-11-30,1,48.0845,47.892,47.892,stop,-1.0,-0.004003369069034646,0.004003369069034626
2023-12-01,-1,46.4,46.82,46.82,stop,-1.0,-0.009051724137931094,0.009051724137931072
2023-12-04,-1,45.836,46.077,45.512,close,1.3443983402489565,0.007068679640457209,0.005257875905401861
2023-12-05,-1,45.334,45.5726,45.5726,stop,-1.0,-0.0052631578947368585,0.005263157894736801
2023-12-06,-1,47.111,47.387,45.501,close,5.83333333333326,0.034174608902379444,0.005858504383265127
2023-12-07,1,46.194,45.604,46.598,close,0.6847457627118543,0.008745724552972067,0.01277222150062786
2023-12-08,1,46.856,46.55,47.508,close,2.130718954248338,0.013914973535939845,0.006530647088953485
2023-12-11,-1,46.926,47.531,46.638,close,0.47603305785124844,0.006137322593018912,0.012892639474917889
2023-12-12,1,46.438,46.046,47.6584,close,3.1132653061224196,0.02628020155906796,0.008441362677117942
2023-12-13,1,48.01,47.608,48.09,close,0.19900497512439103,0.0016663195167674338,0.008373255571755906
2023-12-15,1,48.72,48.12,48.944,close,0.3733333333333387,0.0045977011494253706,0.012315270935960621
2023-12-18,1,49.519,49.15,50.081,close,1.5230352303523171,0.01134917910297073,0.0074516852117369045
2023-12-19,-1,49.2928,49.7,49.6129,close,-0.786100196463657,-0.006493849000259733,0.008260841339911774
2023-12-20,1,49.822,49.463,49.463,stop,-1.0,-0.007205652121552775,0.0072056521215527625
2023-12-21,1,49.001,48.77,48.77,stop,-1.0,-0.004714189506336508,0.004714189506336494
2023-12-22,-1,49.141,49.383,48.827,close,1.2975206611570012,0.006389776357827448,0.004924604708898973
2023-12-26,1,49.262,48.96,49.281,close,0.06291390728476283,0.00038569282611344846,0.006130485972960895
2023-12-27,-1,49.473,49.68,49.421,close,0.2512077294685962,0.0010510783659773981,0.004184100418410057
2023-12-28,-1,49.531,49.772,49.772,stop,-1.0,-0.004865639700389668,0.004865639700389648
2023-12-29,1,49.85,49.78,49.78,stop,-1.0,-0.0014042126379137931,0.001404212637913747
2024-01-02,-1,48.33,49.295,48.185,close,0.1502590673575083,0.003000206910821368,0.019966894268570318
2024-01-03,1,47.731,47.32,47.569,close,-0.3941605839416022,-0.003394020657434327,0.008610756112379823
2024-01-04,1,47.881,47.75,47.75,stop,-1.0,-0.002735949541571858,0.0027359495415718183
2024-01-05,1,48.682,48.306,49.09,close,1.0851063829787129,0.008380921079659931,0.007723593936157199
2024-01-08,1,49.957,49.479,52.255,close,4.807531380753127,0.04599955962127433,0.00956822867666196
2024-01-09,-1,52.184,52.525,52.525,stop,-1.0,-0.006534569983136507,0.006534569983136614
2024-01-10,1,53.9835,53.489,54.3495,close,0.7401415571284086,0.00677984939842724,0.009160206359350583
2024-01-11,1,55.112,54.755,54.755,stop,-1.0,-0.006477718101320917,0.006477718101320934
2024-01-12,1,54.727,54.355,54.355,stop,-1.0,-0.00679737606665809,0.006797376066658138
2024-01-16,1,55.4814,54.9,56.402,close,1.5834193326453336,0.01659294826734725,0.010479187619634726
2024-01-17,-1,55.4725,56.4707,56.051,close,-0.5795431777198987,-0.010428590743161159,0.017994501780161418
2024-01-18,-1,57.102,57.34,57.34,stop,-1.0,-0.0041679801057756816,0.004167980105775747
2024-01-19,-1,57.698,58.0,58.0,stop,-1.0,-0.005234150230510659,0.005234150230510583
2024-01-22,1,60.275,59.707,59.707,stop,-1.0,-0.009423475736209053,0.009423475736209006
2024-01-23,-1,58.747,59.57,59.57,stop,-1.0,-0.014009226003030006,0.01400922600302995
2024-01-24,-1,60.137,60.436,60.436,stop,-1.0,-0.004971980644195684,0.0049719806441957445
2024-01-25,1,62.46,61.938,61.938,stop,-1.0,-0.008357348703169953,0.008357348703170004
2024-01-26,1,61.322,60.722,60.722,stop,-1.0,-0.009784416685691966,0.009784416685691945
2024-01-29,1,61.246,60.907,62.473,close,3.6194690265486016,0.020033961401560774,0.005535055350553599
2024-01-30,-1,62.753,63.3,63.3,stop,-1.0,-0.008716714738737474,0.008716714738737544
2024-01-31,1,61.808,61.3,61.3,stop,-1.0,-0.00821900077659854,0.008219000776598541
2024-02-01,-1,62.0014,62.175,62.175,stop,-1.0,-0.0027999367756212923,0.0027999367756212025
2024-02-02,1,64.193,63.69,66.15,close,3.890656063618305,0.030486190083030884,0.00783574533048775
2024-02-05,1,69.1277,67.7,67.7,stop,-1.0,-0.02065308118163922,0.020653081181639218
2024-02-06,-1,68.719,69.754,68.219,close,0.4830917874396085,0.007276008090920993,0.015061336748206623
2024-02-07,-1,68.1105,68.55,68.55,stop,-1.0,-0.00645274957605646,0.006452749576056486
2024-02-08,1,70.3846,69.8,69.8,stop,-1.0,-0.008305794165201053,0.008305794165201035
2024-02-09,-1,70.366,70.67,70.67,stop,-1.0,-0.00432026831140031,0.0043202683114004214
2024-02-12,1,73.0806,72.222,72.222,stop,-1.0,-0.011748672014187167,0.011748672014187209
2024-02-13,1,70.658,69.62,72.19,close,1.4759152215799627,0.021681904384500017,0.014690480908035845
2024-02-14,1,73.443,73.159,73.159,stop,-1.0,-0.003866944433097652,0.003866944433097665
2024-02-15,-1,73.278,73.975,72.657,close,0.89096126255383,0.008474576271186529,0.009511722481508618
2024-02-16,-1,73.999,74.225,74.225,stop,-1.0,-0.003054095325612405,0.0030540953256124963
2024-02-20,-1,71.211,71.956,69.457,close,2.354362416107375,0.024631026105517484,0.010461866846414241
2024-02-21,1,68.658,67.615,67.615,stop,-1.0,-0.015191237729033857,0.015191237729033854
2024-02-22,1,75.391,74.22,78.465,close,2.6251067463706073,0.04077409770396989,0.015532357973763532
2024-02-23,1,82.014,80.406,80.406,stop,-1.0,-0.019606408661935637,0.019606408661935644
2024-02-26,1,80.2782,79.61,79.61,stop,-1.0,-0.008323554838050695,0.008323554838050664
2024-02-27,-1,79.344,79.44,78.38399999999996,target,10.0,0.012099213551119647,0.0012099213551119636
2024-02-28,1,77.687,77.25,77.25,stop,-1.0,-0.005625136766769234,0.005625136766769184
2024-02-29,1,79.5,79.049,79.049,stop,-1.0,-0.005672955974842631,0.005672955974842684
2024-03-01,1,80.2579,79.81,79.81,stop,-1.0,-0.005580759028083304,0.005580759028083269
2024-03-04,-1,84.1103,84.545,84.545,stop,-1.0,-0.0051682136432755765,0.005168213643275634
2024-03-05,-1,84.6848,85.6749,85.6749,stop,-1.0,-0.011691590462515,0.011691590462515094
2024-03-06,-1,87.87,88.122,88.122,stop,-1.0,-0.002867872994195997,0.0028678729941959183
2024-03-07,1,90.277,89.602,92.674,close,3.551111111111134,0.02655161336774592,0.007476987494046071
2024-03-08,1,95.8038,94.62,94.62,stop,-1.0,-0.01235650360424112,0.012356503604241073
2024-03-11,-1,84.7,87.9,87.9,stop,-1.0,-0.037780401416765086,0.037780401416765086
2024-03-12,-1,87.2082,88.2,88.2,stop,-1.0,-0.011372783751986582,0.011372783751986599
2024-03-13,-1,89.817,91.207,91.207,stop,-1.0,-0.015475912132447034,0.015475912132447095
2024-03-14,1,90.087,89.288,89.288,stop,-1.0,-0.008869204213704629,0.008869204213704603
2024-03-15,-1,86.9,87.44,87.44,stop,-1.0,-0.006214039125431503,0.006214039125431439
2024-03-18,1,91.229,90.1,90.1,stop,-1.0,-0.012375450788674747,0.012375450788674707
2024-03-19,1,87.286,86.08,86.08,stop,-1.0,-0.013816648718007474,0.013816648718007505
2024-03-20,1,89.8942,89.426,89.426,stop,-1.0,-0.005208344921029395,0.005208344921029343
2024-03-21,-1,91.4215,92.648,91.381,close,0.03302079086831992,0.00044300301351429816,0.013415881384575855
2024-03-22,1,91.5668,90.834,94.245,close,3.6547489082969613,0.0292485922845398,0.008002900614633223
2024-03-25,1,94.026,93.68,93.68,stop,-1.0,-0.0036798332376150045,0.0036798332376150153
2024-03-26,1,96.035,95.447,95.447,stop,-1.0,-0.0061227677409276815,0.006122767740927723
2024-03-27,-1,91.914,93.24,90.256,close,1.2503770739064928,0.018038601301216373,0.014426529146811078
2024-03-28,-1,89.319,90.023,90.023,stop,-1.0,-0.007881861641979793,0.007881861641979798
2024-04-01,1,90.8,90.02,90.02,stop,-1.0,-0.008590308370044042,0.008590308370044066
2024-04-02,-1,88.311,88.933,88.933,stop,-1.0,-0.007043290190350104,0.007043290190350012
2024-04-03,1,88.9855,88.4,88.966,close,-0.03330486763451405,-0.00021913682566265802,0.006579723662843903
2024-04-04,1,90.477,90.05,90.05,stop,-1.0,-0.004719431457718581,0.00471943145771861
2024-04-05,-1,86.713,87.368,87.368,stop,-1.0,-0.007553654008049637,0.007553654008049557
2024-04-08,-1,88.0387,88.83,87.188,close,1.0750663465184018,0.009662796020386555,0.008988092736489664
2024-04-09,-1,86.5305,87.635,85.364,close,1.0561339972838366,0.013480795788768152,0.012764285425370264
2024-04-10,1,84.299,83.709,86.999,close,4.576271186440632,0.03202884968979447,0.00699889678406628
2024-04-11,1,88.1344,86.926,90.587,close,2.0296259516716395,0.02782795367075752,0.013710877931885818
2024-04-12,-1,89.567,90.175,88.195,close,2.2565789473684057,0.015318141726305412,0.006788214409324909
2024-04-15,-1,88.5203,89.375,89.375,stop,-1.0,-0.009655412374336647,0.009655412374336666
2024-04-16,1,86.7216,86.276,86.276,stop,-1.0,-0.005138281581520632,0.005138281581520624
2024-04-17,-1,88.252,88.775,84.024,close,8.084130019120288,0.04790826270226167,0.005926211303993228
2024-04-18,-1,84.305,85.1,85.1,stop,-1.0,-0.009430045667516707,0.009430045667516606
2024-04-19,1,84.037,83.027,83.027,stop,-1.0,-0.012018515653819173,0.012018515653819211
2024-04-22,-1,77.665,78.8,78.8,stop,-1.0,-0.014614047511749106,0.014614047511749061
2024-04-23,-1,80.292,81.276,81.276,stop,-1.0,-0.01225526827081147,0.012255268270811472
2024-04-24,-1,83.877,84.082,81.82700000000001,target,10.0,0.02444054985276034,0.002444054985276039
2024-04-25,1,79.2095,78.223,82.601,close,3.4379118094272387,0.04281683383937529,0.012454314192110877
2024-04-26,1,84.228,83.387,87.715,close,4.146254458977448,0.04139953459657142,0.00998480315334561
2024-04-29,-1,86.946,87.798,87.798,stop,-1.0,-0.00979918570146987,0.009799185701469922
2024-04-30,1,87.957,87.0728,87.0728,stop,-1.0,-0.010052639357867932,0.010052639357867968
2024-05-01,-1,84.4823,85.56,85.56,stop,-1.0,-0.012756518229262381,0.01275651822926231
2024-05-02,1,84.93,84.101,84.101,stop,-1.0,-0.009760979630283884,0.009760979630283854
2024-05-03,-1,87.5031,88.078,88.078,stop,-1.0,-0.006570052946695659,0.006570052946695597
2024-05-06,1,89.875,89.055,92.161,close,2.787804878048805,0.025435326842837336,0.009123783031988797
2024-05-07,-1,90.929,91.43,91.43,stop,-1.0,-0.005509793355255255,0.005509793355255251
2024-05-08,1,89.745,89.42,90.317,close,1.7599999999999494,0.00637361412892079,0.003621371664159595
2024-05-09,-1,90.493,91.072,88.731,close,3.0431778929187856,0.019471119313096086,0.006398284950217229
2024-05-10,1,90.6125,89.888,89.888,stop,-1.0,-0.007995585598013388,0.00799558559801343
2024-05-13,-1,90.3882,90.726,90.726,stop,-1.0,-0.0037372134858311146,0.003737213485831131
2024-05-14,-1,89.372,89.767,89.767,stop,-1.0,-0.0044197287741125635,0.004419728774112653
2024-05-15,1,92.8995,91.599,94.656,close,1.3506343713956195,0.018907529104031706,0.013998998918185776
2024-05-16,-1,94.943,95.13,95.13,stop,-1.0,-0.001969602814320126,0.001969602814320146
2024-05-17,-1,94.033,94.674,94.674,stop,-1.0,-0.006816755819765374,0.0068167558197654585
2024-05-20,1,94.4,93.44,94.834,close,0.45208333333332695,0.004597457627118606,0.010169491525423813
2024-05-21,1,94.2444,93.299,93.299,stop,-1.0,-0.010031365258837632,0.010031365258837579
2024-05-22,-1,95.1244,96.02,94.87,close,0.2840553818668929,0.0026743926899932546,0.009415039674363274
2024-05-23,1,102.963,101.52,103.821,close,0.5945945945945983,0.008333090527665288,0.01401474316016431
2024-05-24,-1,104.4135,104.608,104.608,stop,-1.0,-0.0018627859424309445,0.0018627859424308639
2024-05-28,1,111.106,109.883,113.914,close,2.2959934587081023,0.02527316256547807,0.011007506345291875
2024-05-29,-1,112.75,113.5,113.5,stop,-1.0,-0.006651884700665134,0.0066518847006651885
2024-05-30,-1,114.321,115.474,115.474,stop,-1.0,-0.010085636059866676,0.010085636059866567
2024-05-31,-1,110.946,112.534,112.534,stop,-1.0,-0.014313269518504645,0.014313269518504571
2024-06-03,1,114.084,113.14,113.14,stop,-1.0,-0.008274604677255382,0.008274604677255378
2024-06-04,-1,114.9548,116.123,116.123,stop,-1.0,-0.010162255077647897,0.010162255077647899
2024-06-05,-1,118.03,118.4,118.4,stop,-1.0,-0.0031347962382446415,0.0031347962382445526
2024-06-06,1,124.817,123.329,123.329,stop,-1.0,-0.011921453007202487,0.011921453007202541
2024-06-07,-1,118.065,119.84,119.84,stop,-1.0,-0.015034091390335957,0.015034091390335881
2024-06-10,1,120.48,119.44,119.44,stop,-1.0,-0.00863213811420993,0.008632138114209879
2024-06-11,1,122.13,121.04,121.04,stop,-1.0,-0.008924916073036804,0.00892491607303684
2024-06-12,1,123.64,122.73,122.73,stop,-1.0,-0.007360077644775087,0.007360077644775126
2024-06-13,-1,128.6079,129.74,129.74,stop,-1.0,-0.008802725182512239,0.008802725182512182
2024-06-14,-1,129.384,130.2,130.2,stop,-1.0,-0.006306807642366907,0.006306807642366928
2024-06-17,-1,132.97,133.31,133.31,stop,-1.0,-0.002556967737083582,0.0025569677370835785
2024-06-18,1,131.79,130.69,135.68,close,3.536363636363668,0.029516655284923088,0.008346612034296945
2024-06-20,-1,139.22,140.01,140.01,stop,-1.0,-0.005674472058612157,0.005674472058612211
2024-06-21,1,128.44,125.73,125.73,stop,-1.0,-0.021099345998131347,0.021099345998131375
2024-06-24,1,124.08,122.5,122.5,stop,-1.0,-0.012733720180528652,0.012733720180528678
2024-06-25,-1,120.535,121.59,121.59,stop,-1.0,-0.008752644460115366,0.008752644460115377
2024-06-26,-1,125.61,127.19,127.19,stop,-1.0,-0.012578616352201255,0.012578616352201245
2024-06-27,1,124.89,124.0,124.0,stop,-1.0,-0.007126271118584326,0.0071262711185843585
2024-06-28,-1,123.63,124.83,124.83,stop,-1.0,-0.009706381946129605,0.009706381946129604
2024-07-01,-1,121.43,123.78,123.78,stop,-1.0,-0.01935271349748824,0.019352713497488218
2024-07-02,1,121.33,121.03,122.66,close,4.43333333333337,0.010961839610978297,0.002472595400972531
2024-07-05,1,127.975,127.24,127.24,stop,-1.0,-0.005743309240085925,0.0057433092400859505
2024-07-08,1,128.5522,127.04,128.19,close,-0.239518582198124,-0.0028175324887477204,0.011763314824639274
2024-07-09,1,131.45,130.261,130.261,stop,-1.0,-0.009045264359071825,0.009045264359071837
2024-07-10,-1,133.38,134.23,134.23,stop,-1.0,-0.006372769530664124,0.006372769530664225
2024-07-11,-1,135.19,136.15,127.46,close,8.05208333333327,0.05717878541312227,0.007101116946519772
2024-07-12,-1,127.99,129.06,129.06,stop,-1.0,-0.008360028127197605,0.008360028127197496
2024-07-15,1,130.91,130.19,130.19,stop,-1.0,-0.005499961805820797,0.0054999618058207845
2024-07-16,-1,128.0301,128.54,128.54,stop,-1.0,-0.003982657203266848,0.003982657203266947
2024-07-17,-1,121.09,121.85,117.85,close,4.263157894736905,0.026756957634817113,0.006276323395821215
2024-07-18,-1,121.44,122.4,121.11,close,0.3437499999999954,0.0027173913043477826,0.007905138339921014
2024-07-19,1,120.3899,119.01,119.01,stop,-1.0,-0.011461924962143821,0.01146192496214377
2024-07-22,1,120.79,119.86,123.74,close,3.1720430107526525,0.024422551535723036,0.007699312857024644
2024-07-23,1,123.65,122.7,122.7,stop,-1.0,-0.007682976142337261,0.007682976142337265
2024-07-24,-1,118.97,119.95,114.4237,close,4.639081632653045,0.03821383542069434,0.008237370765739296
2024-07-25,-1,111.63,113.91,113.91,stop,-1.0,-0.02042461703843057,0.02042461703843054
2024-07-26,-1,114.47,116.2,113.06,close,0.8150289017341003,0.012317637809032944,0.015113130077749663
2024-07-29,1,114.67,113.32,113.32,stop,-1.0,-0.011772913578093736,0.011772913578093734
2024-07-30,-1,111.37,111.8,111.8,stop,-1.0,-0.0038610038610038533,0.0038610038610037943
2024-07-31,-1,111.35,113.98,113.98,stop,-1.0,-0.023619218679838516,0.023619218679838436
2024-08-01,1,118.83,116.68,116.68,stop,-1.0,-0.018093074139526988,0.018093074139526984
2024-08-02,-1,103.24,104.65,104.65,stop,-1.0,-0.013657497094149651,0.01365749709414966
2024-08-05,1,94.075,90.69,100.6,close,1.9276218611521363,0.06935955354770118,0.035981929311719424
2024-08-06,-1,103.225,104.85,104.85,stop,-1.0,-0.015742310486800637,0.01574231048680068
2024-08-07,-1,107.17,108.8,98.75,close,5.165644171779157,0.07856676308668475,0.01520948026499949
2024-08-08,-1,101.395,102.1,102.1,stop,-1.0,-0.006953005572266857,0.006953005572266861
2024-08-09,-1,105.57,106.09,106.09,stop,-1.0,-0.004925641754286447,0.004925641754286353
2024-08-12,1,108.3,106.26,109.1216,close,0.40274509803921904,0.007586334256694416,0.018836565096952834
2024-08-13,-1,111.98,113.06,113.06,stop,-1.0,-0.009644579389176622,0.009644579389176624
2024-08-14,-1,116.72,118.6,117.97,close,-0.6648936170212782,-0.010709389993146079,0.01610692254969153
2024-08-15,-1,118.61,119.0,119.0,stop,-1.0,-0.0032880870078408897,0.0032880870078408277
2024-08-16,1,122.69,121.18,124.58,close,1.2516556291390808,0.015404678457902055,0.01230744151927615
2024-08-19,-1,124.205,124.63,124.63,stop,-1.0,-0.003421762408920781,0.003421762408920713
2024-08-20,1,129.46,128.19,128.19,stop,-1.0,-0.009809979916576617,0.009809979916576627
2024-08-21,-1,127.13,127.87,127.87,stop,-1.0,-0.0058208133406749685,0.005820813340674971
2024-08-22,1,130.46,129.79,129.79,stop,-1.0,-0.005135673769738003,0.0051356737697379725
2024-08-23,-1,125.695,125.98,125.98,stop,-1.0,-0.002267393293289288,0.0022673932932893975
2024-08-26,1,130.61,129.28,129.28,stop,-1.0,-0.010182987520098052,0.010182987520098096
2024-08-27,1,126.12,124.9,124.9,stop,-1.0,-0.009673326990168096,0.009673326990168084
2024-08-28,-1,127.77,128.33,125.66,close,3.767857142857031,0.01651404868122408,0.004382875479377135
2024-08-29,1,124.06,119.67,119.67,stop,-1.0,-0.035386103498307286,0.03538610349830727
2024-08-30,-1,118.94,119.85,119.85,stop,-1.0,-0.007650916428451282,0.007650916428451292
2024-09-03,-1,113.78,116.21,108.02,close,2.3703703703703796,0.05062401124978033,0.02135700474600099
2024-09-04,1,106.03,105.0,105.0,stop,-1.0,-0.009714231821182695,0.009714231821182695
2024-09-05,1,106.62,104.76,107.24,close,0.33333333333332826,0.005815044081785681,0.017445132245357337
2024-09-06,-1,107.15,108.15,102.81,close,4.340000000000003,0.040503966402239855,0.009332711152589827
2024-09-09,1,106.1601,104.85,104.85,stop,-1.0,-0.012340794705355429,0.012340794705355455
2024-09-10,1,108.28,107.62,107.62,stop,-1.0,-0.006095308459549309,0.006095308459549285
2024-09-11,1,110.1465,109.34,109.34,stop,-1.0,-0.0073220665204977164,0.007322066520497698
2024-09-12,-1,116.66,117.19,117.19,stop,-1.0,-0.004543116749528453,0.0045431167495285545
2024-09-13,-1,119.08,119.46,119.46,stop,-1.0,-0.0031911320120927567,0.0031911320120926725
2024-09-16,-1,114.93,116.82,116.82,stop,-1.0,-0.01644479248238051,0.016444792482380458
2024-09-17,-1,117.86,118.8,115.585,close,2.4202127659574586,0.019302562362124576,0.00797556422874595
2024-09-18,-1,115.49,116.35,116.35,stop,-1.0,-0.00744653216728719,0.007446532167287206
2024-09-19,1,117.46,117.25,119.55999999999993,target,10.0,0.017878426698449967,0.0017878426698450004
2024-09-20,1,117.965,116.94,116.94,stop,-1.0,-0.00868901792904675,0.0086890179290468
2024-09-23,-1,116.12,116.99,116.23,close,-0.12643678160919616,-0.0009472959007923443,0.007492249397175252
2024-09-24,1,116.71,116.4,116.4,stop,-1.0,-0.0026561562848084197,0.0026561562848083976
2024-09-25,1,122.68,121.61,123.56,close,0.8224299065420462,0.007173133355069972,0.008721878056733023
2024-09-26,-1,126.39,127.15,127.15,stop,-1.0,-0.0060131339504707615,0.006013133950470806
2024-09-27,-1,122.98,124.03,121.4,close,1.5047619047619072,0.012847617498780273,0.008537973654252701
2024-09-30,1,119.6399,118.15,121.49,close,1.2417611920263159,0.015463904600388378,0.012453203320965594
2024-10-01,-1,121.6305,122.4351,116.9499,close,5.81730052199845,0.038482124138271234,0.006615117096452023
2024-10-02,1,117.5601,116.11,116.11,stop,-1.0,-0.012334967391147256,0.012334967391147218
2024-10-03,1,121.93,120.3401,122.84,close,0.5723630417007337,0.007463298613958891,0.013039448864102354
2024-10-04,-1,124.2,125.0,125.0,stop,-1.0,-0.006441223832528209,0.006441223832528157
2024-10-07,1,126.99,124.95,127.79,close,0.39215686274510514,0.00629970863847551,0.01606425702811239
2024-10-08,1,130.54,129.42,132.94,close,2.1428571428571392,0.018385169296767367,0.008579745671824764
2024-10-09,-1,133.67,134.52,132.61,close,1.2470588235293476,0.007929976808558226,0.006358943667240389
2024-10-10,1,132.21,131.0,134.8,close,2.1404958677685837,0.01959004613871862,0.0091521064972393
2024-10-11,1,134.504,133.66,134.75,close,0.2914691943128093,0.0018289418902039944,0.006274906322488507
2024-10-14,1,138.01,136.3,138.1401,close,0.07608187134502943,0.0009426853126583978,0.012390406492283021
2024-10-15,-1,137.8609,138.42,138.42,stop,-1.0,-0.004055537139246779,0.0040555371392468845
2024-10-16,-1,133.42,134.11,134.11,stop,-1.0,-0.005171638435017334,0.005171638435017435
2024-10-17,-1,138.6397,140.0,140.0,stop,-1.0,-0.009811763874272739,0.00981176387427263
2024-10-18,-1,138.22,138.9,137.98,close,0.3529411764705981,0.0017363623209376566,0.004919693242656684
2024-10-21,1,139.7,138.0,143.7,close,2.352941176470604,0.02863278453829632,0.012168933428775869
2024-10-22,-1,142.1522,143.34,143.34,stop,-1.0,-0.00835583269200213,0.008355832692002024
2024-10-23,-1,140.78,142.43,139.57,close,0.7333333333333356,0.008594970876545038,0.011720414831652263
2024-10-24,-1,140.534,141.2,141.2,stop,-1.0,-0.004739066702719619,0.004739066702719604
2024-10-25,1,142.29,140.8,141.47,close,-0.5503355704698012,-0.0057628786281537225,0.010471572141401228
2024-10-28,-1,141.83,143.14,140.62,close,0.9236641221374291,0.008531340337023297,0.009236409786363772
2024-10-29,-1,139.455,140.52,140.52,stop,-1.0,-0.007636872109282544,0.007636872109282548
2024-10-30,-1,138.6,139.79,139.79,stop,-1.0,-0.008585858585858475,0.00858585858585857
2024-10-31,-1,136.0997,137.61,132.57,close,2.3370853472820086,0.025934664073469782,0.011097011969901482
2024-11-01,1,135.45,134.57,135.43,close,-0.022727272727252175,-0.00014765596160926098,0.006496862310815766
2024-11-04,-1,136.56,137.75,137.75,stop,-1.0,-0.008714118336262455,0.008714118336262433
2024-11-05,1,138.14,137.33,139.91,close,2.185185185185268,0.01281308817142035,0.00586361662081927
2024-11-06,1,143.32,142.61,142.61,stop,-1.0,-0.004953949204577035,0.004953949204577027
2024-11-07,1,147.1,146.17,148.89,close,1.9247311827956763,0.012168592794017608,0.006322229775662861
2024-11-08,1,149.125,148.64,148.64,stop,-1.0,-0.0032523051131602143,0.003252305113160192
2024-11-11,-1,147.43,148.85,145.28,close,1.5140845070422708,0.014583192023333136,0.009631689615410619
2024-11-12,-1,146.5914,147.16,147.16,stop,-1.0,-0.0038788087159273843,0.0038788087159274255
2024-11-13,1,149.11,148.1801,148.1801,stop,-1.0,-0.0062363355911743135,0.006236335591174324
2024-11-14,-1,147.2,147.77,147.77,stop,-1.0,-0.003872282608695876,0.0038722826086957994
2024-11-15,-1,143.7,145.24,141.9703,close,1.12318181818179,0.012036882393876014,0.010716771050800421
2024-11-18,-1,138.62,140.18,140.18,stop,-1.0,-0.011253787332275333,0.0112537873322753
2024-11-19,1,141.44,140.99,145.93999999999988,target,10.0,0.03181561085972762,0.0031815610859727704
2024-11-20,-1,145.57,147.56,145.93,close,-0.18090452261307136,-0.00247303702685997,0.013670399120698009
2024-11-21,-1,148.32,152.89,146.62,close,0.3719912472647683,0.011461704422869423,0.030811758360302005
2024-11-22,1,147.05,145.48,145.48,stop,-1.0,-0.010676640598436093,0.010676640598436052
2024-11-25,-1,139.4,142.05,135.94,close,1.3056603773584907,0.02482065997130567,0.019010043041606927
2024-11-26,1,139.04,137.47,137.47,stop,-1.0,-0.011291714614499404,0.011291714614499376
2024-11-27,-1,133.75,135.12,135.12,stop,-1.0,-0.010242990654205641,0.010242990654205641
2024-12-02,-1,138.7,139.07,139.07,stop,-1.0,-0.0026676279740447395,0.002667627974044734
2024-12-03,1,139.5699,137.95,140.25,close,0.41984073090932134,0.0048728271640232634,0.011606370714602514
2024-12-04,-1,141.74,142.63,142.63,stop,-1.0,-0.006279102582192664,0.006279102582192651
2024-12-05,1,145.5,144.18,144.18,stop,-1.0,-0.009072164948453532,0.009072164948453561
2024-12-06,1,145.53,144.175,144.175,stop,-1.0,-0.009310795025080698,0.009310795025080669
2024-12-09,-1,138.195,139.0,139.0,stop,-1.0,-0.005825102210644362,0.005825102210644429
2024-12-10,1,139.283,138.81,138.81,stop,-1.0,-0.0033959636136497995,0.0033959636136497977
2024-12-11,-1,135.85,137.71,137.71,stop,-1.0,-0.013691571586308626,0.013691571586308529
2024-12-12,-1,136.59,137.4,137.4,stop,-1.0,-0.005930155941137771,0.005930155941137728
2024-12-13,-1,138.2289,139.6,134.22,close,2.9238567573481564,0.02900189468338399,0.009919054553714774
2024-12-16,-1,132.7,134.4,131.97,close,0.429411764705872,0.005501130369253926,0.01281085154483811
2024-12-17,-1,128.0454,129.5,129.5,stop,-1.0,-0.011360033238210887,0.011360033238210816
2024-12-18,1,134.12,132.81,132.81,stop,-1.0,-0.009767372502236804,0.00976737250223682
2024-12-19,-1,131.145,131.99,131.99,stop,-1.0,-0.0064432498379656256,0.006443249837965601
2024-12-20,-1,129.2999,129.98,129.98,stop,-1.0,-0.005259864856817176,0.005259864856817226
2024-12-23,1,136.97,135.96,135.96,stop,-1.0,-0.007373877491421377,0.007373877491421413
2024-12-26,1,140.8,139.44,139.44,stop,-1.0,-0.009659090909091006,0.009659090909091006
2024-12-27,-1,137.93,139.02,137.12,close,0.7431192660550456,0.00587254404408033,0.007902559269194543
2024-12-30,1,134.835,134.02,137.39,close,3.1349693251533566,0.0189490859198278,0.006044424667185803
2024-12-31,-1,137.07,138.07,134.29,close,2.780000000000001,0.020281607937550183,0.007295542423579194
2025-01-02,1,136.56,135.67,135.67,stop,-1.0,-0.006517281780902273,0.006517281780902276
2025-01-03,1,141.0692,139.73,144.59,close,2.629032258064512,0.02495796389289806,0.009493213259875333
2025-01-06,1,149.0,147.8201,149.5101,close,0.4323247732858655,0.0034234899328857704,0.007918791946308748
2025-01-07,-1,150.475,153.13,140.12,close,3.9001883239171318,0.06881541784349554,0.01764412693138396
2025-01-08,-1,142.5,143.24,143.24,stop,-1.0,-0.005192982456140305,0.005192982456140415
2025-01-10,-1,135.46,137.8,137.8,stop,-1.0,-0.017274472168905985,0.017274472168905975
2025-01-13,1,130.955,129.51,133.24,close,1.5813148788927076,0.017448741934252165,0.011034324768050257
2025-01-14,-1,135.55,136.38,131.85,close,4.457831325301311,0.027296200663961767,0.0061232017705642496
2025-01-15,-1,132.7936,133.97,133.97,stop,-1.0,-0.008858860667984025,0.008858860667984006
2025-01-16,-1,137.8,138.75,133.57,close,4.45263157894744,0.030696661828737426,0.006894049346879452
2025-01-17,-1,135.92,136.83,136.83,stop,-1.0,-0.006695114773396238,0.0066951147733963
2025-01-21,-1,139.0523,139.48,139.48,stop,-1.0,-0.0030758211119124024,0.003075821111912477
2025-01-22,1,145.04,143.67,147.03,close,1.4525547445255493,0.013720353006067443,0.009445670159955906
2025-01-23,-1,144.58,145.09,145.09,stop,-1.0,-0.003527458846313447,0.0035274588463133963
2025-01-24,-1,147.8,148.97,142.6004,close,4.444102564102614,0.035179972936400516,0.007916102841677857
2025-01-27,1,127.52,123.64,123.64,stop,-1.0,-0.030426599749058925,0.030426599749058935
2025-01-28,-1,119.26,122.2,122.2,stop,-1.0,-0.02465202079490192,0.024652020794901874
2025-01-29,-1,125.91,126.89,123.81,close,2.142857142857128,0.016678579938050997,0.007783337304423827
2025-01-30,-1,122.23,124.15,124.15,stop,-1.0,-0.01570809130328077,0.015708091303280713
2025-01-31,1,123.88,123.35,123.35,stop,-1.0,-0.004278333871488571,0.004278333871488547
2025-02-03,-1,114.38,114.99,114.99,stop,-1.0,-0.005333100192341345,0.005333100192341313
2025-02-04,1,117.82,116.7,118.69,close,0.7767857142857251,0.0073841453063996365,0.009506026141571807
2025-02-05,1,122.14,121.27,121.27,stop,-1.0,-0.007122973636810248,0.007122973636810255
2025-02-06,-1,126.25,127.5,127.5,stop,-1.0,-0.00990099009900991,0.009900990099009901
2025-02-07,1,129.8466,128.8,128.8,stop,-1.0,-0.008060280361595784,0.00806028036159579
2025-02-10,1,131.83,129.96,133.51,close,0.89839572192512,0.012743685048926423,0.014184935143745766
2025-02-11,1,133.11,132.01,132.01,stop,-1.0,-0.008263841935241656,0.0082638419352417
2025-02-12,1,130.86,129.08,131.0799,close,0.12353932584269404,0.0016804218248509528,0.013602323093382248
2025-02-13,1,133.045,131.17,135.25,close,1.1760000000000066,0.016573339847420154,0.014092976060731333
2025-02-14,1,137.16,136.12,136.12,stop,-1.0,-0.007582385535141345,0.007582385535141383
2025-02-18,1,143.03,141.2,141.2,stop,-1.0,-0.012794518632454843,0.012794518632454817
2025-02-19,-1,139.42,139.66,139.66,stop,-1.0,-0.0017214173002439992,0.0017214173002439328
2025-02-20,-1,139.92,140.53,140.53,stop,-1.0,-0.004359634076615215,0.004359634076615306
2025-02-21,1,140.085,139.35,139.35,stop,-1.0,-0.005246814434093694,0.005246814434093683
2025-02-24,1,136.7699,136.56,136.56,stop,-1.0,-0.001534694402788972,0.0015346944027889516
2025-02-25,-1,128.63,130.2,126.61,close,1.286624203821659,0.015703957086216302,0.012205550804633392
2025-02-26,-1,129.305,131.6,131.6,stop,-1.0,-0.01774873361432272,0.017748733614322627
2025-02-27,-1,131.9,135.01,120.01,close,3.8231511254019477,0.09014404852160729,0.023578468536770168
2025-02-28,-1,117.71,118.4,118.4,stop,-1.0,-0.00586186390281207,0.005861863902812097
2025-03-03,-1,122.33,123.7,114.01,close,6.072992700729902,0.0680127523910733,0.011199215237472448
2025-03-04,1,113.35,110.14,110.14,stop,-1.0,-0.0283193647992942,0.02831936479929417
2025-03-05,-1,115.94,118.0,118.0,stop,-1.0,-0.01776781093669144,0.01776781093669141
2025-03-06,1,113.64,112.5801,112.5801,stop,-1.0,-0.009326821541710606,0.009326821541710656
2025-03-07,1,112.01,111.0,111.0,stop,-1.0,-0.009017052048924223,0.009017052048924248
2025-03-10,1,109.94,109.235,109.235,stop,-1.0,-0.006412588684737153,0.006412588684737114
2025-03-11,1,107.69,106.22,106.22,stop,-1.0,-0.013650292506268036,0.013650292506267982
2025-03-12,1,115.1275,113.92,113.92,stop,-1.0,-0.01048837158802196,0.010488371588021942
2025-03-13,-1,116.36,117.03,117.03,stop,-1.0,-0.005757992437263715,0.005757992437263679
2025-03-14,1,119.51,118.15,121.47,close,1.4411764705882313,0.01640030123002245,0.01137980085348506
2025-03-17,-1,122.13,122.89,119.48,close,3.4868421052631233,0.021698190452796084,0.006222877261934047
2025-03-18,-1,117.52,118.54,118.54,stop,-1.0,-0.008679373723621708,0.008679373723621599
2025-03-19,-1,116.76,118.16,118.16,stop,-1.0,-0.011990407673860837,0.011990407673860838
2025-03-20,1,118.426,116.47,118.465,close,0.01993865030674919,0.0003293195750933009,0.01651664330467974
2025-03-21,-1,116.535,117.67,117.67,stop,-1.0,-0.009739563221349945,0.009739563221349853
2025-03-24,1,120.48,119.73,119.73,stop,-1.0,-0.0062250996015936755,0.006225099601593625
2025-03-25,-1,120.2282,120.94,120.94,stop,-1.0,-0.005920408024074231,0.005920408024074191
2025-03-26,-1,117.75,118.84,113.69,close,3.7247706422018254,0.034479830148619994,0.009256900212314253
2025-03-27,1,111.65,110.66,111.43,close,-0.22222222222221905,-0.0019704433497537144,0.008866995073891706
2025-03-28,1,111.65,110.81,110.81,stop,-1.0,-0.007523510971786829,0.007523510971786864
2025-03-31,-1,104.49,105.7899,105.7899,stop,-1.0,-0.012440424921045246,0.012440424921045154
2025-04-01,-1,107.45,109.1,109.1,stop,-1.0,-0.015355979525360608,0.015355979525360552
2025-04-02,1,107.685,106.79,110.31,close,2.9329608938547618,0.024376654130101594,0.008311278265310824
2025-04-03,1,104.815,103.2622,103.2622,stop,-1.0,-0.014814673472308248,0.014814673472308264
2025-04-04,-1,98.495,100.13,94.28,close,2.577981651376163,0.0427940504594142,0.01659982740240612
2025-04-07,1,88.21,87.08,87.08,stop,-1.0,-0.01281033896383621,0.01281033896383625
2025-04-08,1,103.97,102.99,102.99,stop,-1.0,-0.009425795902664236,0.009425795902664269
2025-04-09,-1,98.075,99.59,99.59,stop,-1.0,-0.015447361712974672,0.01544736171297477
2025-04-10,1,109.81,108.33,108.33,stop,-1.0,-0.013477825334669014,0.01347782533466901
2025-04-11,-1,108.43,109.2,109.2,stop,-1.0,-0.007101355713363455,0.007101355713363423
2025-04-14,-1,113.11,114.29,110.7,close,2.0423728813559174,0.021306692600123744,0.010432322517902987
2025-04-15,1,112.1099,110.95,110.95,stop,-1.0,-0.010346097891443917,0.01034609789144396
2025-04-16,1,105.8,104.35,104.35,stop,-1.0,-0.013705103969754329,0.01370510396975428
2025-04-17,-1,102.98,104.47,101.42,close,1.0469798657718172,0.015148572538356997,0.014468828898815254
2025-04-21,1,99.035,98.56,98.56,stop,-1.0,-0.004796284141969975,0.004796284141969954
2025-04-22,-1,97.53,98.89,98.89,stop,-1.0,-0.013944427355685463,0.013944427355685424
2025-04-23,-1,103.87,104.8,102.535,close,1.435483870967762,0.01285260421680956,0.008953499566766079
2025-04-24,1,103.61,103.11,106.38,close,5.539999999999992,0.026734871151433248,0.004825789016504199
2025-04-25,1,107.24,105.73,110.96,close,2.4635761589404113,0.03468854904886243,0.014080566952629532
2025-04-28,-1,108.69,110.3699,108.64,close,0.029763676409308323,0.0004600239212438906,0.015455883705952743
2025-04-29,1,108.25,107.44,108.92,close,0.8271604938271603,0.006189376443417993,0.007482678983833739
2025-04-30,1,105.155,104.08,108.775,close,3.3674418604651115,0.034425372069801785,0.010223004136750539
2025-05-01,1,113.265,112.73,112.73,stop,-1.0,-0.004723436189467134,0.004723436189467149
2025-05-02,1,115.05,113.95,113.95,stop,-1.0,-0.009561060408518007,0.009561060408517986
2025-05-05,1,113.92,112.76,112.76,stop,-1.0,-0.010182584269662898,0.01018258426966289
2025-05-06,1,111.5,111.12,111.12,stop,-1.0,-0.003408071748878916,0.003408071748878883
2025-05-07,-1,112.86,113.42,113.42,stop,-1.0,-0.004961899698741723,0.0049618996987418245
2025-05-08,-1,117.46,118.6,118.6,stop,-1.0,-0.009705431636301665,0.009705431636301725
2025-05-09,1,117.685,117.13,117.13,stop,-1.0,-0.004715979096741374,0.004715979096741359
2025-05-12,-1,121.855,122.82,122.82,stop,-1.0,-0.007919248286898384,0.007919248286898274
2025-05-13,1,125.66,124.47,129.84,close,3.512605042016819,0.03326436415724987,0.009469998408403612
2025-05-14,1,134.8,132.75,132.75,stop,-1.0,-0.015207715133531252,0.01520771513353124
2025-05-15,1,134.49,133.61,133.61,stop,-1.0,-0.006543237415421177,0.0065432374154211865
2025-05-16,-1,136.195,136.35,134.64499999999998,target,10.0,0.011380740849517346,0.001138074084951732
2025-05-19,1,132.75,132.39,135.49,close,7.611111111110848,0.02064030131826744,0.002711864406779764
2025-05-20,-1,134.115,134.58,134.38,close,-0.5698924731182461,-0.0019759161913281975,0.0034671736942176743
2025-05-21,1,133.57,133.0,133.0,stop,-1.0,-0.004267425320056861,0.004267425320056848
2025-05-22,-1,132.045,133.0,133.0,stop,-1.0,-0.00723238289976913,0.007232382899769113
2025-05-23,1,130.76,129.16,131.31,close,0.3437500000000083,0.004206179259712561,0.012236157846436176
2025-05-27,-1,133.89,134.79,134.79,stop,-1.0,-0.0067219359175443305,0.006721935917544296
2025-05-28,-1,135.713,136.16,136.16,stop,-1.0,-0.0032937154141461367,0.003293715414146049
2025-05-29,1,143.18,141.53,141.53,stop,-1.0,-0.011523955859756962,0.011523955859756988
2025-05-30,-1,138.51,139.62,134.84,close,3.3063063063062543,0.026496281856905557,0.008013861815031505
2025-06-02,1,137.09,135.4,137.37,close,0.16568047337278197,0.0020424538624261857,0.012327667955357778
2025-06-03,-1,138.26,139.05,139.05,stop,-1.0,-0.005713872414291998,0.0057138724142920625
2025-06-04,-1,141.62,142.39,141.84,close,-0.28571428571429097,-0.0015534529021323795,0.005437085157463506
2025-06-05,-1,141.76,143.2,143.2,stop,-1.0,-0.010158013544018019,0.010158013544018043
2025-06-06,-1,142.0,142.83,142.83,stop,-1.0,-0.005845070422535237,0.005845070422535299
2025-06-09,1,144.4346,143.05,143.05,stop,-1.0,-0.009586345654019057,0.009586345654019035
2025-06-10,-1,142.04,143.07,143.07,stop,-1.0,-0.007251478456772764,0.0072514784567727485
2025-06-11,-1,144.02,144.99,142.84,close,1.2164948453608333,0.008193306485210439,0.006735175670045819
2025-06-12,1,143.4,141.85,145.0,close,1.032258064516118,0.01115760111576014,0.010808926080892687
2025-06-13,1,143.19,142.4,142.4,stop,-1.0,-0.005517145052028716,0.0055171450520287175
2025-06-16,1,143.94,143.2001,144.68,close,1.0001351533991125,0.005141030985132744,0.005140336251215825
2025-06-17,1,144.815,144.18,144.18,stop,-1.0,-0.004384904878638185,0.0043849048786382
2025-06-18,-1,143.45,144.16,144.16,stop,-1.0,-0.0049494597420705055,0.004949459742070464
2025-06-20,-1,145.395,146.2,143.78,close,2.006211180124289,0.011107672203308327,0.005536641562639557
2025-06-23,-1,142.48,143.64,143.64,stop,-1.0,-0.008141493542953349,0.008141493542953373
2025-06-24,1,145.96,145.5,147.83,close,4.065217391304287,0.012811729240888026,0.0031515483694163327
2025-06-25,1,149.865,149.26,154.31,close,7.347107438016296,0.029660027357955476,0.004036966603276403
2025-06-26,-1,155.13,156.02,156.02,stop,-1.0,-0.005737123702701075,0.0057371237027010556
2025-06-27,1,156.36,155.56,155.56,stop,-1.0,-0.0051163980557688005,0.005116398055768811
2025-06-30,-1,157.24,158.4624,158.4624,stop,-1.0,-0.007774103281607658,0.00777410328160769
2025-07-01,1,156.49,156.141,156.141,stop,-1.0,-0.0022301744520417666,0.0022301744520417787
2025-07-02,1,154.075,152.97,157.24,close,2.8642533936652033,0.020541943858510603,0.007171831900048612
2025-07-07,1,158.42,158.0101,158.0101,stop,-1.0,-0.0025874258300718767,0.0025874258300719183
2025-07-08,-1,158.885,159.74,159.74,stop,-1.0,-0.005381250590049458,0.005381250590049522
2025-07-09,1,163.37,161.16,162.83,close,-0.24434389140271046,-0.003305380424802551,0.013527575442247707
2025-07-10,-1,163.32,164.4,164.4,stop,-1.0,-0.006612784717119791,0.006612784717119842
2025-07-11,1,164.96,163.47,164.8815,close,-0.05268456375840207,-0.00047587293889439497,0.009032492725509269
2025-07-14,-1,163.935,165.49,164.07,close,-0.0868167202572285,-0.0008234971177600858,0.009485466800866238
2025-07-15,-1,170.49,171.49,171.49,stop,-1.0,-0.0058654466537626515,0.005865446653762684
2025-07-16,-1,170.825,171.75,171.34,close,-0.556756756756766,-0.0030147812088394677,0.005414898287721419
2025-07-17,-1,171.13,172.28,172.28,stop,-1.0,-0.006720037398469048,0.006720037398469034
2025-07-18,1,173.865,173.25,173.25,stop,-1.0,-0.0035372271590027315,0.0035372271590027268
2025-07-21,-1,172.03,173.38,171.46,close,0.42222222222221895,0.003313375574027777,0.007847468464802618
2025-07-22,-1,168.79,171.39,167.01,close,0.6846153846153865,0.01054564843888861,0.015403756146691122
2025-07-23,1,169.96,169.13,169.13,stop,-1.0,-0.004883502000470719,0.004883502000470772
2025-07-24,1,173.01,171.71,171.71,stop,-1.0,-0.007514016530836276,0.00751401653083627
2025-07-25,-1,173.245,173.925,173.925,stop,-1.0,-0.003925077202805216,0.003925077202805315
2025-07-28,1,175.08,173.97,176.75,close,1.5045045045044747,0.009538496687228726,0.006339958875942504
2025-07-29,1,178.3,177.63,177.63,stop,-1.0,-0.0037577117218172695,0.0037577117218172513
2025-07-30,1,177.25,176.04,179.29,close,1.685950413223123,0.011509167842030932,0.006826516220028254
2025-07-31,-1,182.31,183.3,177.85,close,4.505050505050471,0.024463825352421753,0.005430311008721459
2025-08-01,-1,173.04,174.13,174.13,stop,-1.0,-0.006299121590383816,0.006299121590383747
2025-08-04,1,175.56,174.52,179.97,close,4.240384615384644,0.02511961722488043,0.00592390066074272
2025-08-05,-1,178.76,179.7,179.7,stop,-1.0,-0.005258447079883544,0.00525844707988363
2025-08-06,1,177.955,176.25,179.41,close,0.8533724340175797,0.008176224326374548,0.009581073866988915
2025-08-07,1,182.1212,181.3,181.3,stop,-1.0,-0.004509085158674431,0.004509085158674422
2025-08-08,-1,180.67,181.75,181.75,stop,-1.0,-0.005977749488016881,0.005977749488016896
2025-08-11,-1,180.33,182.81,182.81,stop,-1.0,-0.013752564742416595,0.013752564742416623
2025-08-12,-1,181.6251,182.99,182.99,stop,-1.0,-0.0075149304804236206,0.007514930480423718
2025-08-13,1,183.55,182.175,182.175,stop,-1.0,-0.007491146826477779,0.007491146826477798
2025-08-14,1,180.53,179.46,182.0,close,1.3738317757009422,0.008142690965490473,0.005926992743588285
2025-08-15,-1,180.84,181.9,180.4401,close,0.37726415094339766,0.0022113470471134544,0.005861535058615363
2025-08-18,1,182.4,180.59,181.97,close,-0.23756906077348414,-0.0023574561403508776,0.0099232456140351
2025-08-19,-1,181.32,182.5,175.65,close,4.805084745762674,0.031270681667769584,0.006507831458195493
2025-08-20,-1,174.08,175.165,175.165,stop,-1.0,-0.0062327665441175295,0.006232766544117529
2025-08-21,1,175.57,174.595,174.595,stop,-1.0,-0.005553340547929553,0.005553340547929568
2025-08-22,-1,172.46,173.1,173.1,stop,-1.0,-0.003711005450539151,0.003711005450539176
2025-08-25,-1,177.09,178.5,178.5,stop,-1.0,-0.007962053193291574,0.007962053193291527
2025-08-26,-1,180.01,181.23,181.23,stop,-1.0,-0.00677740125548576,0.006777401255485801
2025-08-27,-1,181.13,182.07,182.07,stop,-1.0,-0.005189642797990279,0.005189642797990382
2025-08-28,1,180.94,180.55,180.55,stop,-1.0,-0.0021554106333590006,0.002155410633359049
2025-08-29,-1,176.64,178.15,174.28,close,1.5629139072847384,0.013360507246376718,0.008548460144927647
2025-09-02,-1,169.87,170.07,170.07,stop,-1.0,-0.0011773709307116853,0.0011773709307116539
2025-09-03,-1,170.09,171.69,171.69,stop,-1.0,-0.009406784643424038,0.009406784643424036
2025-09-04,1,171.4249,170.07,170.07,stop,-1.0,-0.007903752605368353,0.007903752605368384
2025-09-05,-1,167.23,168.1899,168.1899,stop,-1.0,-0.005739998804042301,0.005739998804042365
2025-09-08,1,169.365,167.35,168.37,close,-0.4937965260545892,-0.005874885602102031,0.011897381395211612
2025-09-09,-1,168.88,169.42,169.42,stop,-1.0,-0.003197536712458593,0.0031975367124585036
2025-09-10,1,177.3777,175.47,177.3,close,-0.04072967447711526,-0.00043804830032179165,0.010755015991299952
2025-09-11,-1,179.27,180.28,177.09,close,2.1584158415841848,0.012160428404083268,0.0056339599486807095
2025-09-12,-1,177.375,178.44,178.44,stop,-1.0,-0.006004228329809624,0.006004228329809712
2025-09-15,-1,175.27,176.58,176.58,stop,-1.0,-0.00747418268956479,0.007474182689564684
2025-09-16,-1,175.99,177.5,174.86,close,0.7483443708609286,0.006420819364736596,0.008580032956417925
2025-09-17,-1,171.63,173.2,170.21,close,0.9044585987261106,0.00827361183942199,0.009147584921051059
2025-09-18,1,175.17,173.77,173.77,stop,-1.0,-0.007992236113489648,0.007992236113489624
2025-09-19,1,175.91,175.18,176.51,close,0.8219178082191818,0.003410835086123498,0.004149849354783638
2025-09-22,1,175.78,174.86,174.86,stop,-1.0,-0.005233814996017716,0.005233814996017678
2025-09-23,-1,180.94,182.42,178.44,close,1.6891891891892008,0.013816734829225186,0.008179507018901237
2025-09-24,-1,178.76,179.78,176.88,close,1.8431372549019378,0.01051689415976731,0.005705974490937627
2025-09-25,-1,174.46,175.0,175.0,stop,-1.0,-0.0030952653903473237,0.0030952653903473116
2025-09-26,1,178.35,176.95,176.95,stop,-1.0,-0.007849733669750503,0.007849733669750524
2025-09-29,1,182.355,180.32,181.83,close,-0.25798525798524724,-0.002878999753228473,0.011159551424419384
2025-09-30,-1,181.56,182.73,182.73,stop,-1.0,-0.0064441506939854065,0.00644415069398539
2025-10-01,-1,185.0,186.1,186.1,stop,-1.0,-0.005945945945945885,0.005945945945945916
2025-10-02,1,190.065,189.53,189.53,stop,-1.0,-0.0028148265067213796,0.002814826506721367
2025-10-03,1,190.015,188.98,188.98,stop,-1.0,-0.0054469383995999765,0.005446938399600014
2025-10-06,-1,184.38,186.15,186.15,stop,-1.0,-0.009599739668076923,0.009599739668076854
2025-10-07,1,186.56,186.18,186.18,stop,-1.0,-0.0020368782161235277,0.002036878216123475
2025-10-08,1,187.88,186.54,189.06,close,0.880597014925376,0.006280604641260457,0.007132212050244856
2025-10-09,-1,191.74,193.1,193.1,stop,-1.0,-0.007092938354021028,0.007092938354020993
2025-10-10,-1,192.49,193.62,193.62,stop,-1.0,-0.005870434827783155,0.005870434827783238
2025-10-13,-1,187.76,189.26,189.26,stop,-1.0,-0.00798892202812107,0.007988922028121006
2025-10-14,-1,181.322,184.8,180.07,close,0.35997699827487245,0.006904843317413256,0.019181345892941886
2025-10-15,-1,182.882,184.87,179.875,close,1.5125754527163007,0.016442296125370515,0.010870397305366299
2025-10-16,-1,182.09,182.33,182.33,stop,-1.0,-0.001318029545829047,0.0013180295458290357
2025-10-17,1,180.99,179.75,183.235,close,1.8104838709677322,0.012404000221006628,0.006851207249019333
2025-10-20,-1,182.05,183.39,183.39,stop,-1.0,-0.007360615215600053,0.007360615215599972
2025-10-21,-1,182.265,182.785,181.16,close,2.1249999999999387,0.006062601157655001,0.002852988780073027
2025-10-22,-1,180.65,181.53,181.53,stop,-1.0,-0.004871298090229681,0.004871298090229701
2025-10-23,-1,180.18,180.74,180.74,stop,-1.0,-0.0031080031080030768,0.0031080031080031206
2025-10-24,1,185.08,183.5,186.27,close,0.7531645569620179,0.006429652042360123,0.008536848930192416
2025-10-27,1,190.11,189.75,189.75,stop,-1.0,-0.0018936405239072807,0.0018936405239072833
2025-10-28,1,195.2912,192.65,192.65,stop,-1.0,-0.013524418919029668,0.013524418919029621
2025-10-29,1,210.8,207.09,207.09,stop,-1.0,-0.017599620493358725,0.01759962049335867
2025-10-30,-1,202.98,206.16,202.78,close,0.06289308176100258,0.0009853187506158045,0.01566656813479164
2025-10-31,1,206.975,206.0,206.0,stop,-1.0,-0.004710713854330195,0.004710713854330206
2025-11-03,1,208.445,207.55,207.55,stop,-1.0,-0.004293698577562344,0.004293698577562339
2025-11-04,-1,201.215,203.1,203.1,stop,-1.0,-0.009368088860174373,0.009368088860174395
2025-11-05,-1,197.7,199.39,199.39,stop,-1.0,-0.00854830551340413,0.008548305513404136
2025-11-06,1,196.925,195.22,195.22,stop,-1.0,-0.008658118573060869,0.008658118573060872
2025-11-07,-1,184.71,185.7,185.7,stop,-1.0,-0.005359753126522593,0.005359753126522552
2025-11-10,-1,194.33,195.435,195.435,stop,-1.0,-0.005686203879997853,0.005686203879997889
2025-11-11,-1,194.72,195.42,193.24,close,2.114285714285734,0.007600657354149498,0.0035949055053409442
2025-11-12,-1,194.41,195.89,193.85,close,0.3783783783783825,0.0028805102618177925,0.007612777120518439
2025-11-13,-1,189.62,191.44,186.9637,close,1.4595054945055086,0.01400854340259472,0.009598143655732482
2025-11-14,-1,181.74,183.15,183.15,stop,-1.0,-0.007758336084516371,0.007758336084516323
2025-11-17,1,186.83,184.92,184.92,stop,-1.0,-0.010223197559278585,0.010223197559278622
2025-11-18,1,183.445,182.56,182.56,stop,-1.0,-0.004824334269126984,0.004824334269126937
2025-11-19,-1,183.84,185.0,185.0,stop,-1.0,-0.006309834638816403,0.006309834638816343
2025-11-20,-1,192.82,196.0,180.91,close,3.7452830188679154,0.061767451509179505,0.016492065138471148
2025-11-21,-1,178.8847,182.3,182.3,stop,-1.0,-0.019092186195912797,0.019092186195912797
2025-11-24,1,179.77,178.09,178.09,stop,-1.0,-0.00934527451743894,0.009345274517438986
2025-11-25,-1,173.97,175.0,175.0,stop,-1.0,-0.005920561016267145,0.005920561016267179
2025-11-26,1,182.0895,180.91,180.91,stop,-1.0,-0.006477583825536315,0.00647758382553629
2025-12-01,1,175.87,173.68,179.93,close,1.8538812785388157,0.023085233411042294,0.01245237959856711
2025-12-02,1,184.55,181.58,181.58,stop,-1.0,-0.016093199674884873,0.01609319967488485
2025-12-03,-1,179.73,181.12,181.12,stop,-1.0,-0.007733822956657255,0.00773382295665729
2025-12-04,-1,180.42,181.69,181.69,stop,-1.0,-0.007039130916749903,0.007039130916749863
2025-12-05,-1,183.56,184.66,182.35,close,1.100000000000013,0.00659185007626939,0.005992590978426642
2025-12-08,1,184.44,182.52,182.52,stop,-1.0,-0.010409889394925154,0.010409889394925112
2025-12-09,-1,183.96,185.5925,185.5925,stop,-1.0,-0.00887421178517056,0.008874211785170652
2025-12-10,-1,184.61,185.48,183.74,close,1.0000000000000326,0.004712637451925739,0.004712637451925551
2025-12-11,-1,178.49,180.42,180.42,stop,-1.0,-0.010812930696397327,0.010812930696397436
2025-12-12,1,181.78,180.99,180.99,stop,-1.0,-0.004345912641654737,0.004345912641654704
2025-12-15,-1,177.0042,178.25,178.25,stop,-1.0,-0.007038251069748647,0.007038251069748642
2025-12-16,-1,175.8,176.71,176.71,stop,-1.0,-0.00517633674630269,0.005176336746302597
2025-12-17,-1,174.5452,176.13,170.92,close,2.2874810701665846,0.02076940528871607,0.009079596574411678
2025-12-18,-1,173.72,174.89,174.89,stop,-1.0,-0.006734975823163625,0.0067349758231636395
2025-12-19,1,178.24,176.34,180.99,close,1.4473684210526272,0.015428635547576341,0.010659784560143657
2025-12-22,-1,183.01,184.0,184.0,stop,-1.0,-0.005409540462269824,0.005409540462269872
2025-12-23,1,184.06,182.9,189.22,close,4.448275862068976,0.028034336629360057,0.006302292730631297
2025-12-26,1,191.27,189.61,189.61,stop,-1.0,-0.008678830971924456,0.008678830971924486
2025-12-29,-1,186.66,187.78,187.78,stop,-1.0,-0.006000214293367723,0.006000214293367645
2025-12-30,-1,187.86,188.99,187.55,close,0.2743362831858438,0.0016501650165016146,0.006015117640796313
2025-12-31,1,190.19,189.11,189.11,stop,-1.0,-0.005678531994321334,0.0056785319943213845
2026-01-02,1,191.13,189.57,189.57,stop,-1.0,-0.008161983989954491,0.008161983989954493
2026-01-05,1,192.96,191.67,191.67,stop,-1.0,-0.006685323383084696,0.006685323383084683
2026-01-06,-1,190.27,190.98,190.98,stop,-1.0,-0.0037315393913910366,0.003731539391391073
2026-01-07,-1,188.0,188.61,188.61,stop,-1.0,-0.003244680851063997,0.0032446808510639023
2026-01-08,-1,188.21,189.55,185.09,close,2.3283582089552213,0.016577227564954056,0.007119706710589253
2026-01-09,-1,184.05,185.25,185.25,stop,-1.0,-0.006519967400163029,0.006519967400162937
2026-01-12,1,184.91,183.02,184.89,close,-0.010582010582016072,-0.00010816072684016742,0.010221188686387899
2026-01-13,-1,184.62,185.14,185.14,stop,-1.0,-0.0028165962517603393,0.002816596251760274
2026-01-14,-1,183.425,184.46,183.21,close,0.2077294685990378,0.0011721412021262756,0.005642633228840107
2026-01-15,1,187.12,186.36,186.36,stop,-1.0,-0.004061564771269732,0.0040615647712697244
2026-01-16,1,189.32,188.685,188.685,stop,-1.0,-0.0033541094443270136,0.0033541094443270175
2026-01-20,1,182.09,180.36,180.36,stop,-1.0,-0.009500796309517168,0.009500796309517215
2026-01-21,1,179.245,178.4,183.34,close,4.846153846153851,0.02284582554604042,0.00471421796981784
2026-01-22,1,184.78,184.69,184.69,stop,-1.0,-0.00048706569975109915,0.0004870656997510738
2026-01-23,-1,187.42,189.6,187.67,close,-0.11467889908256845,-0.0013339024650518283,0.011631629495251344
2026-01-26,1,188.02,187.02,187.02,stop,-1.0,-0.005318583129454324,0.005318583129454313
2026-01-27,-1,186.4,187.4,187.4,stop,-1.0,-0.005364806866952732,0.00536480686695279
2026-01-28,1,191.29,190.12,190.12,stop,-1.0,-0.0061163678184954495,0.006116367818495413
2026-01-29,1,192.83,191.195,191.195,stop,-1.0,-0.008478971114453282,0.008478971114453246
2026-01-30,1,192.35,190.9096,190.9096,stop,-1.0,-0.007488432544839996,0.007488432544840045
2026-02-02,-1,186.94,187.95,187.95,stop,-1.0,-0.0054028030384078995,0.005402803038407997
2026-02-03,-1,184.14,186.27,180.33,close,1.7887323943661648,0.020690778755294792,0.011567285760834278
2026-02-04,-1,177.97,179.565,179.565,stop,-1.0,-0.008962184637860249,0.008962184637860308
2026-02-05,1,175.26,173.685,173.685,stop,-1.0,-0.00898664840807939,0.00898664840807936
2026-02-06,1,177.49,174.6,185.41,close,2.7404844290657255,0.04462223223843598,0.01628260747084351
2026-02-09,1,187.3,183.95,189.79,close,0.7432835820895414,0.013294180459156424,0.01788574479444753
2026-02-10,-1,190.825,192.48,188.61,close,1.3383685800604068,0.01160749377702075,0.00867286781082144
2026-02-11,-1,191.83,193.2,193.2,stop,-1.0,-0.007141740082364567,0.007141740082364469
2026-02-12,-1,192.155,193.61,186.91,close,3.604810996563546,0.027295672764174772,0.007572012177669134
2026-02-13,-1,185.78,187.5,182.78,close,1.744186046511629,0.01614813219937561,0.009258262460975341
2026-02-17,1,182.39,181.01,181.01,stop,-1.0,-0.007566204287515754,0.007566204287515739
2026-02-18,-1,188.02,189.19,189.19,stop,-1.0,-0.006222742261461578,0.00622274226146148
2026-02-19,-1,186.78,187.39,187.39,stop,-1.0,-0.0032658742906090943,0.0032658742906091936
2026-02-20,1,187.62,185.9378,189.81,close,1.3018666032576416,0.011672529581068014,0.008965995096471563
2026-02-23,1,193.07,191.3,191.3,stop,-1.0,-0.009167659398145678,0.009167659398145657
2026-02-24,-1,188.66,192.07,192.07,stop,-1.0,-0.018074843634050763,0.018074843634050656
2026-02-25,-1,194.08,195.0,195.0,stop,-1.0,-0.004740313272877161,0.0047403132728771
2026-02-26,-1,191.01,194.29,184.87,close,1.8719512195121903,0.03214491387885443,0.017171875818020006
2026-02-27,-1,180.45,181.79,181.79,stop,-1.0,-0.007425879745081687,0.007425879745081759
2026-03-02,1,179.0501,174.64,182.35,close,0.748259676651325,0.01843003717953806,0.024630536369429565
2026-03-03,-1,178.06,180.53,180.53,stop,-1.0,-0.013871728630798552,0.0138717286307986
2026-03-04,1,182.185,180.06,182.9,close,0.33647058823529574,0.003924582155501399,0.011663967944671625
2026-03-05,1,181.7201,180.8,180.8,stop,-1.0,-0.005063281387144292,0.005063281387144244
2026-03-06,1,180.965,179.64,179.64,stop,-1.0,-0.00732185781781014,0.007321857817810168
2026-03-09,1,177.53,176.5,176.5,stop,-1.0,-0.0058018363093561565,0.005801836309356171
2026-03-10,-1,182.22,183.29,183.29,stop,-1.0,-0.005872022829546575,0.005872022829546664
2026-03-11,-1,184.95,186.87,186.87,stop,-1.0,-0.010381184103811947,0.010381184103811928
2026-03-12,1,184.3801,183.52,183.52,stop,-1.0,-0.004664820118873925,0.004664820118873938
2026-03-13,1,185.29,184.7,184.7,stop,-1.0,-0.0031841977440768554,0.003184197744076871
2026-03-16,1,184.46,182.8402,182.8402,stop,-1.0,-0.008781307600563837,0.008781307600563797
2026-03-17,-1,183.54,185.4,181.96,close,0.8494623655913831,0.008608477716029128,0.010134030728996478
2026-03-18,-1,180.9,182.82,182.82,stop,-1.0,-0.010613598673300029,0.010613598673300096
2026-03-19,-1,176.62,178.03,178.03,stop,-1.0,-0.007983240856075158,0.00798324085607517
2026-03-20,-1,177.14,178.26,173.0,close,3.696428571428544,0.023371344699107954,0.006322682623913315
2026-03-23,-1,177.01,177.68,177.68,stop,-1.0,-0.0037850968871815382,0.0037850968871816055
2026-03-24,1,175.635,174.6818,174.6818,stop,-1.0,-0.0054271642895776795,0.005427164289577711
2026-03-25,1,178.755,176.85,178.67,close,-0.044619422572182627,-0.0004755111745126106,0.010657044558194183
2026-03-26,1,176.1,175.46,175.46,stop,-1.0,-0.003634298693923843,0.0036342986939238296
2026-03-27,-1,169.72,170.62,170.62,stop,-1.0,-0.005302851755833116,0.00530285175583317
2026-03-30,-1,168.3,169.45,165.06,close,2.8173913043478898,0.019251336898395754,0.006833036244800815
2026-03-31,1,168.66,166.96,174.31,close,3.3235294117647314,0.03349934780030828,0.010079449780623672
2026-04-01,1,176.28,174.75,175.8,close,-0.3137254901960715,-0.002722940776038074,0.008679373723621518
2026-04-02,1,173.47,171.92,171.92,stop,-1.0,-0.008935262581426295,0.008935262581426249
2026-04-06,1,177.23,176.73,176.73,stop,-1.0,-0.002821192800316008,0.002821192800315974
2026-04-07,1,176.04,175.25,175.25,stop,-1.0,-0.004487616450806642,0.00448761645080659
2026-04-08,-1,184.26,185.26,182.12,close,2.1399999999999864,0.01161402366221631,0.005427113860848801
2026-04-09,-1,180.85,182.3,182.3,stop,-1.0,-0.008017694221730709,0.008017694221730811
2026-04-10,1,185.69,184.3,188.64,close,2.122302158273394,0.015886692875222153,0.007485594270019852
2026-04-13,1,186.445,185.74,189.21,close,3.9219858156029463,0.014830110756523407,0.0037812759795112986
2026-04-14,1,192.2,190.77,196.49,close,3.0000000000000595,0.022320499479708822,0.0074401664932361
2026-04-15,1,198.025,196.26,196.26,stop,-1.0,-0.008913016033329169,0.0089130160333292
2026-04-16,-1,197.385,197.8,197.8,stop,-1.0,-0.00210249005750196,0.00210249005750194
2026-04-17,-1,199.84,200.89,200.89,stop,-1.0,-0.005254203362690113,0.005254203362690067
2026-04-20,1,200.3401,198.42,198.42,stop,-1.0,-0.009584202064389591,0.009584202064389601
2026-04-21,1,202.15,201.65,201.65,stop,-1.0,-0.002473410833539469,0.0024734108335394507
2026-04-22,-1,200.42,201.1,201.1,stop,-1.0,-0.0033928749625786736,0.0033928749625786194
2026-04-23,-1,201.31,202.88,202.88,stop,-1.0,-0.0077989170930405916,0.00779891709304055
2026-04-24,1,203.0971,199.81,208.19,close,1.5493596179002682,0.025076182771688993,0.0161848692078814
2026-04-27,1,210.845,209.0,209.0,stop,-1.0,-0.008750503924684017,0.008750503924684004
2026-04-28,1,210.25,208.2,213.15,close,1.4146341463414582,0.01379310344827589,0.009750297265160577
2026-04-29,-1,211.015,212.72,209.35,close,0.9765395894428034,0.007890434329313023,0.008079994313200544
2026-04-30,-1,208.73,210.3,199.52,close,5.866242038216467,0.04412398792698691,0.00752167872371016
2026-05-01,1,201.62,200.19,200.19,stop,-1.0,-0.007092550342227999,0.007092550342227987
2026-05-04,1,199.9901,197.9,197.9,stop,-1.0,-0.010451017325357692,0.010451017325357638
2026-05-05,-1,199.195,199.96,199.96,stop,-1.0,-0.003840457842817502,0.003840457842817414
2026-05-06,1,201.24,198.61,207.65,close,2.4372623574144514,0.03185251441065384,0.01306897237129793
2026-05-07,-1,207.32,208.4299,208.4299,stop,-1.0,-0.005353559714451173,0.00535355971445114
2026-05-08,1,215.09,212.89,215.19,close,0.04545454545454252,0.0004649216607002238,0.010228276535403863
2026-05-11,1,215.4282,213.89,219.49,close,2.64061890521386,0.01885454179165036,0.007140197987078839
2026-05-12,1,221.21,217.01,217.01,stop,-1.0,-0.01898648343203302,0.018986483432032988
2026-05-13,1,226.795,224.12,224.12,stop,-1.0,-0.011794792654158948,0.011794792654158968
2026-05-14,1,230.87,229.3,235.75,close,3.1082802547770805,0.021137436652661545,0.00680036384112268
2026-05-15,-1,227.5,230.05,230.05,stop,-1.0,-0.011208791208791258,0.01120879120879126
2026-05-18,-1,227.59,230.0,222.36,close,2.1701244813278,0.022979920031635737,0.010589217452436383
2026-05-19,1,221.175,219.52,219.52,stop,-1.0,-0.007482762518367769,0.007482762518367813
2026-05-20,-1,222.18,223.18,223.18,stop,-1.0,-0.004500855162480777,0.004500855162480871
2026-05-21,1,227.08,220.35,220.35,stop,-1.0,-0.029637132288180434,0.029637132288180455
2026-05-22,-1,219.8699,221.01,215.25,close,4.052188404525957,0.021011971170223798,0.00518533914828719
2026-05-26,-1,216.26,217.48,217.48,stop,-1.0,-0.0056413576250808894,0.005641357625080916
2026-05-27,-1,211.99,214.15,212.58,close,-0.27314814814815014,-0.002783150148591984,0.0101891598660314
2026-05-28,1,213.26,211.22,214.26,close,0.49019607843137447,0.00468911188220944,0.009565788239707362
2026-05-29,-1,213.26,215.28,215.28,stop,-1.0,-0.009472006002063216,0.009472006002063257
2026-06-01,1,217.985,215.7,224.43,close,2.8205689277899006,0.029566254558799798,0.010482372640319402
2026-06-02,-1,226.4,227.55,227.55,stop,-1.0,-0.005079505300353393,0.005079505300353382
2026-06-03,-1,220.02,222.82,214.9,close,1.8285714285714414,0.02327061176256706,0.012726115807653772
2026-06-04,1,214.6,212.72,212.72,stop,-1.0,-0.008760484622553522,0.008760484622553567
2026-06-05,-1,214.44,214.87,210.13999999999993,target,10.0,0.020052229061742533,0.002005222906174253
2026-06-08,-1,208.36,210.47,208.64,close,-0.13270142180093586,-0.001343827990017088,0.010126703781915844
2026-06-09,-1,209.555,211.4,208.2,close,0.7344173441734521,0.006466082889933555,0.008804371167473927
2026-06-10,1,205.3399,204.28,204.28,stop,-1.0,-0.005161685575964525,0.00516168557596453
2026-06-11,1,201.67,201.1,201.1,stop,-1.0,-0.0028263995636435,0.0028263995636435427
2026-06-12,-1,204.035,205.0,205.0,stop,-1.0,-0.004729580709192049,0.004729580709192067
2026-06-15,1,210.215,208.66,208.66,stop,-1.0,-0.007397188592631387,0.007397188592631386
2026-06-16,-1,208.88,211.49,207.41,close,0.5632183908045943,0.007037533512064376,0.012495212562236756
2026-06-17,-1,208.4,208.69,208.69,stop,-1.0,-0.0013915547024951902,0.0013915547024951633
2026-06-18,-1,206.71,207.99,207.99,stop,-1.0,-0.006192250012094336,0.006192250012094244
2026-06-22,1,213.66,210.79,210.79,stop,-1.0,-0.01343255639801555,0.01343255639801556
2026-06-23,-1,201.78,202.38,202.38,stop,-1.0,-0.0029735355337496827,0.0029735355337496003
2026-06-24,1,200.62,199.42,199.42,stop,-1.0,-0.005981457481806451,0.005981457481806485
2026-06-25,-1,199.07,200.8,195.75,close,1.9190751445086465,0.016677550610338043,0.008690410408399147
2026-06-26,-1,191.67,193.5,193.5,stop,-1.0,-0.00954766004069496,0.009547660040695011
2026-06-29,1,194.53,192.0,192.0,stop,-1.0,-0.01300570606076179,0.013005706060761842
2026-06-30,1,198.215,195.11,199.76,close,0.49758454106279953,0.00779456650606658,0.01566480841510476
2026-07-01,-1,193.65,196.24,196.24,stop,-1.0,-0.013374644978053185,0.013374644978053206
2026-07-02,1,198.35,196.78,196.78,stop,-1.0,-0.007915301235190242,0.007915301235190285
2026-07-06,1,194.86,193.99,195.625,close,0.879310344827566,0.00392589551472855,0.004464743918710892
2026-07-07,1,192.75,191.44,191.44,stop,-1.0,-0.006796368352788629,0.006796368352788598
2026-07-08,1,197.21,195.06,204.135,close,3.220930232558123,0.035114852188022905,0.010902084072815808
2026-07-09,-1,203.36,204.46,204.46,stop,-1.0,-0.005409126671911846,0.005409126671911852
2026-07-10,1,204.11,201.92,210.96,close,3.127853881278499,0.03356033511341927,0.010729508598304963
2026-07-13,1,209.92,208.52,208.52,stop,-1.0,-0.0066692073170731,0.006669207317073063
2026-07-14,-1,204.9,208.34,208.34,stop,-1.0,-0.01678867740361145,0.016788677403611507
2026-07-15,1,213.35,211.1601,211.1601,stop,-1.0,-0.01026435434731654,0.01026435434731659
2026-07-16,-1,209.42,211.08,207.46,close,1.1807228915662349,0.00935918250405876,0.00792665456976423
2026-07-17,-1,200.21,203.49,203.49,stop,-1.0,-0.016382798062034798,0.016382798062034867
2026-07-20,1,206.76,205.08,205.08,stop,-1.0,-0.008125362739407893,0.008125362739407905
2026-07-21,-1,206.48,208.65,207.17,close,-0.31797235023041137,-0.003341728012398182,0.01050949244478892
2026-07-22,1,206.64,204.95,212.0601,close,3.207159763313625,0.026229674796748093,0.008178474641889266
2026-07-23,-1,209.085,210.009,210.009,stop,-1.0,-0.00441925532678078,0.004419255326780869
2026-07-24,1,208.09,206.73,206.73,stop,-1.0,-0.00653563362006826,0.006535633620068305
2026-07-27,-1,205.72,208.75,196.52,close,3.0363036303630313,0.04472097997277846,0.014728757534512936
2026-07-28,-1,194.2,195.455,195.455,stop,-1.0,-0.0064624098867147595,0.0064624098867148505
2026-07-29,1,196.75,194.86,194.86,stop,-1.0,-0.009606099110546329,0.00960609911054631
2026-07-30,-1,192.11,193.5,193.5,stop,-1.0,-0.007235438030295027,0.007235438030295072
2026-07-31,1,199.54,197.11,197.11,stop,-1.0,-0.012178009421669689,0.012178009421669732
2026-08-03,1,199.5,196.85,206.66,close,2.701886792452823,0.03588972431077697,0.013283208020050154
2026-08-04,-1,210.92,212.1709,212.1709,stop,-1.0,-0.005930684619761095,0.005930684619761054
2026-08-05,1,218.37,216.4,219.21,close,0.4263959390862964,0.0038466822365710307,0.009021385721481883
2026-08-06,1,222.2,220.02,220.02,stop,-1.0,-0.009810981098109739,0.009810981098109715
2026-08-07,1,222.955,220.66,223.9,close,0.4117647058823471,0.004238523468861333,0.0102935569958064
2026-08-10,-1,222.78,224.1379,217.56,close,3.84417114662346,0.023431187718825797,0.006095250920190326
2026-08-11,-1,220.84,222.2,217.4825,close,2.4687500000000386,0.015203314616917263,0.006158304654953746
2026-08-12,1,221.72,220.2,224.1,close,1.565789473684197,0.01073425942630335,0.006855493415118213
2026-08-13,1,226.0,224.13,224.13,stop,-1.0,-0.008274336283185857,0.00827433628318586
2026-08-14,-1,226.57,227.49,225.12,close,1.5760869565216995,0.00639978814494413,0.004060555236792232
2026-08-17,-1,225.73,227.17,227.17,stop,-1.0,-0.00637930270677356,0.006379302706773569
2026-08-18,1,220.665,219.432,219.432,stop,-1.0,-0.005587655495887467,0.0055876554958874496
2026-08-19,-1,221.53,222.87,217.67,close,2.880597014925376,0.01742427662167656,0.006048842143276321
2026-08-20,1,218.5301,217.175,217.175,stop,-1.0,-0.006200976432994776,0.006200976432994782
2026-08-21,-1,217.98,218.74,214.76,close,4.236842105263048,0.014771997430956918,0.003486558399853286
2026-08-24,-1,213.19,215.59,208.48,close,1.9624999999999986,0.02209296871335431,0.011257563675594566
2026-08-25,1,211.77,210.11,212.98,close,0.7289156626505916,0.0057137460452376665,0.007838692921565834
2026-08-26,-1,211.74,213.6,213.6,stop,-1.0,-0.008784358175120355,0.00878435817512036
2026-08-27,-1,222.28,225.5,225.5,stop,-1.0,-0.01448623357926948,0.014486233579269385
2026-08-28,-1,226.74,227.4575,227.4575,stop,-1.0,-0.003164417394372343,0.0031644173943724137
2026-08-31,-1,217.14,219.348,219.348,stop,-1.0,-0.01016855484940593,0.010168554849406037
2026-09-01,-1,215.63,217.3,217.3,stop,-1.0,-0.007744747947873831,0.007744747947873746
2026-09-02,1,219.86,218.48,224.4,close,3.2898550724637055,0.020649504229964588,0.0062767215500774305
2026-09-03,1,227.02,224.75,228.4,close,0.6079295154184975,0.0060787595806537364,0.009999119020350675
2026-09-04,1,232.47,229.82,229.82,stop,-1.0,-0.011399320342409758,0.011399320342409798
2026-09-08,-1,231.81,233.71,225.78,close,3.173684210526307,0.026012682800569453,0.008196367714938983
2026-09-09,-1,225.065,225.95,225.95,stop,-1.0,-0.003932197365205559,0.003932197365205567
2026-09-10,-1,218.79,220.99,218.4,close,0.1772727272727197,0.0017825311942958333,0.01005530417295131
2026-09-11,-1,219.77,221.34,221.34,stop,-1.0,-0.007143832188196697,0.00714383218819672
2026-09-14,-1,209.67,211.5,211.5,stop,-1.0,-0.008728001144655995,0.008728001144655948
2026-09-15,1,213.3809,212.5625,212.5625,stop,-1.0,-0.0038353948268097238,0.003835394826809695
2026-09-16,-1,213.839,214.23,214.23,stop,-1.0,-0.0018284784347102345,0.0018284784347101844
2026-09-17,-1,217.27,218.6799,218.6799,stop,-1.0,-0.006489160951811179,0.0064891609518110795
2026-09-18,-1,218.57,219.57,219.57,stop,-1.0,-0.004575193301916913,0.004575193301917006
2026-09-21,1,223.0,221.56,227.25,close,2.9513888888888937,0.01905829596412567,0.006457399103139003
2026-09-22,1,229.46,226.5,228.83,close,-0.21283783783783572,-0.0027455765710798774,0.012899851826026357
2026-09-23,1,228.57,227.6016,227.6016,stop,-1.0,-0.004236776479852988,0.004236776479853011
2026-09-24,-1,221.83,222.99,222.99,stop,-1.0,-0.005229229590226758,0.005229229590226735
2026-09-25,1,226.565,224.66,224.66,stop,-1.0,-0.00840818308211777,0.00840818308211772
2026-09-28,1,232.0101,229.48,229.48,stop,-1.0,-0.010905128699138511,0.01090512869913855
2026-09-29,1,231.49,230.45,230.45,stop,-1.0,-0.0044926346710442155,0.004492634671044194
2026-09-30,1,231.0473,228.79,228.79,stop,-1.0,-0.009769860976518774,0.009769860976518725
2026-10-01,1,230.065,228.37,228.37,stop,-1.0,-0.00736748310260138,0.007367483102601409
2026-10-02,1,236.1,234.53,234.53,stop,-1.0,-0.006649724692926684,0.006649724692926697
