date,side,entry,stop,exit,how,R,ret,risk_pct
2021-10-06,1,74.45,74.175,74.175,stop,-1.0,-0.003693754197447996,0.003693754197448028
2021-10-07,1,76.525,76.125,76.265,close,-0.6500000000000036,-0.0033975824893826,0.005227049983665542
2021-10-08,-1,76.25,76.615,75.98,close,0.7397260273972598,0.003540983606557302,0.004786885245901572
2021-10-11,1,75.84,75.5075,75.55,close,-0.8721804511278115,-0.0038238396624473703,0.004384229957806042
2021-10-12,1,75.87,75.56,75.56,stop,-1.0,-0.0040859364702781065,0.004085936470278137
2021-10-13,1,75.6025,75.41,75.41,stop,-1.0,-0.0025462120961610157,0.002546212096160969
2021-10-14,-1,76.385,76.485,76.485,stop,-1.0,-0.0013091575571120284,0.001309157557111924
2021-10-15,-1,77.44,77.64,77.64,stop,-1.0,-0.0025826446280992066,0.0025826446280992105
2021-10-18,-1,77.33,77.57,77.57,stop,-1.0,-0.003103582050950404,0.003103582050950406
2021-10-19,-1,78.735,78.87,78.87,stop,-1.0,-0.0017146123071061226,0.0017146123071061805
2021-10-20,-1,79.435,79.54,79.54,stop,-1.0,-0.001321835462957166,0.001321835462957185
2021-10-21,-1,78.86,78.97,78.97,stop,-1.0,-0.0013948769972103037,0.0013948769972102388
2021-10-22,1,79.5,79.295,79.295,stop,-1.0,-0.002578616352201246,0.002578616352201236
2021-10-25,1,79.645,79.4475,79.4475,stop,-1.0,-0.0024797539079665087,0.002479753907966488
2021-10-26,1,80.1,79.955,79.955,stop,-1.0,-0.0018102372034956016,0.001810237203495581
2021-10-27,-1,79.75,79.915,79.915,stop,-1.0,-0.00206896551724145,0.002068965517241458
2021-10-28,1,80.195,80.0351,80.0351,stop,-1.0,-0.0019938898933847815,0.0019938898933847906
2021-10-29,1,79.985,79.535,80.765,close,1.733333333333325,0.009751828467837731,0.005626054885291027
2021-11-01,-1,80.67,80.805,80.7,close,-0.2222222222222222,-0.00037188545927846484,0.0016734845667535033
2021-11-02,1,80.99,80.755,81.375,close,1.6382978723404513,0.004753673292999139,0.002901592789233232
2021-11-03,-1,81.21,81.52,81.52,stop,-1.0,-0.0038172638837581374,0.003817263883758186
2021-11-04,1,82.15,81.995,83.13,close,6.322580645161178,0.011929397443700474,0.0018867924528302024
2021-11-05,1,83.79,83.67,83.67,stop,-1.0,-0.0014321518080917528,0.0014321518080917118
2021-11-08,1,83.905,83.79,83.79,stop,-1.0,-0.00137059769977943,0.0013705976997794515
2021-11-09,-1,84.035,84.185,84.185,stop,-1.0,-0.0017849705479859868,0.001784970547986026
2021-11-10,-1,82.715,83.04,83.04,stop,-1.0,-0.00392915432509211,0.003929154325092219
2021-11-11,-1,82.69,82.855,82.855,stop,-1.0,-0.0019954045229169104,0.001995404522916994
2021-11-12,-1,82.91,83.04,83.04,stop,-1.0,-0.001567965263538973,0.0015679652635388936
2021-11-15,1,84.07,83.865,83.865,stop,-1.0,-0.0024384441536814405,0.0024384441536814357
2021-11-16,1,83.66,83.42,84.46,close,3.3333333333333925,0.009562514941429567,0.0028687544824288176
2021-11-17,-1,84.14,84.31,84.31,stop,-1.0,-0.002020442120275856,0.002020442120275751
2021-11-18,-1,84.37,84.7328,84.7328,stop,-1.0,-0.004300106672987969,0.004300106672987945
2021-11-19,-1,85.21,85.38,85.38,stop,-1.0,-0.0019950710010563366,0.0019950710010562343
2021-11-22,1,86.23,85.99,85.99,stop,-1.0,-0.0027832540879045853,0.002783254087904547
2021-11-23,-1,83.985,84.435,84.435,stop,-1.0,-0.0053580996606537035,0.005358099660653722
2021-11-24,-1,83.745,84.035,84.035,stop,-1.0,-0.003462893307063064,0.003462893307063013
2021-11-29,1,84.24,84.185,84.185,stop,-1.0,-0.0006528964862296815,0.0006528964862297319
2021-11-30,1,84.82,84.56,84.56,stop,-1.0,-0.0030653147842488737,0.003065314784248891
2021-12-01,-1,84.92,85.44,85.44,stop,-1.0,-0.00612341026848795,0.006123410268487942
2021-12-02,1,82.775,82.255,83.985,close,2.326923076923019,0.014617940199335377,0.006282090003020359
2021-12-03,1,84.28,83.995,83.995,stop,-1.0,-0.0033815851922164297,0.003381585192216381
2021-12-06,-1,82.26,82.985,82.985,stop,-1.0,-0.008813518113299335,0.008813518113299225
2021-12-07,1,85.2,85.0,85.0,stop,-1.0,-0.0023474178403756207,0.0023474178403756203
2021-12-08,-1,86.05,86.3,86.3,stop,-1.0,-0.0029052876234747504,0.002905287623474724
2021-12-09,1,86.855,86.375,86.375,stop,-1.0,-0.005526452132865178,0.005526452132865165
2021-12-10,1,87.1,86.61,86.61,stop,-1.0,-0.005625717566016042,0.005625717566016015
2021-12-13,-1,87.48,87.705,87.705,stop,-1.0,-0.002572016460905324,0.0025720164609052847
2021-12-14,1,85.2,84.87,84.87,stop,-1.0,-0.0038732394366196576,0.003873239436619698
2021-12-15,-1,84.72,84.97,84.97,stop,-1.0,-0.0029508970727101236,0.002950897072710104
2021-12-16,-1,87.19,87.435,84.73999999999995,target,10.0,0.028099552700998398,0.0028099552700998343
2021-12-17,1,83.825,83.415,83.415,stop,-1.0,-0.004891142260662007,0.004891142260662053
2021-12-20,1,82.76,82.3857,82.3857,stop,-1.0,-0.00452271628806189,0.004522716288061928
2021-12-21,-1,83.61,83.92,83.92,stop,-1.0,-0.0037076904676474065,0.0037076904676474377
2021-12-22,-1,84.645,84.905,84.905,stop,-1.0,-0.0030716521944593733,0.0030716521944592727
2021-12-23,1,86.31,86.095,86.465,close,0.7209302325581334,0.0017958521608156808,0.002491020739195961
2021-12-27,1,87.14,86.795,88.34,close,3.4782608695652373,0.013770943309616701,0.00395914620151479
2021-12-28,-1,88.18,88.52,87.875,close,0.8970588235294603,0.003458834202767158,0.003855749603084477
2021-12-29,1,88.1075,87.89,87.89,stop,-1.0,-0.0024685753199217286,0.0024685753199216996
2021-12-30,-1,87.935,88.04,88.04,stop,-1.0,-0.0011940637971228352,0.0011940637971229202
2021-12-31,1,87.37,87.21,87.21,stop,-1.0,-0.0018312922055626624,0.0018312922055626736
2022-01-03,1,87.57,87.036,87.036,stop,-1.0,-0.0060979787598491875,0.00609797875984917
2022-01-04,-1,87.74,88.0,88.0,stop,-1.0,-0.0029633006610441104,0.0029633006610440523
2022-01-05,-1,85.79,86.39,86.39,stop,-1.0,-0.006993822123790627,0.006993822123790585
2022-01-06,1,84.14,83.35,83.35,stop,-1.0,-0.009389113382457848,0.009389113382457882
2022-01-07,-1,83.495,83.885,83.885,stop,-1.0,-0.004670938379543799,0.004670938379543692
2022-01-10,-1,81.64,82.0575,82.0575,stop,-1.0,-0.005113914747672865,0.0051139147476727586
2022-01-11,-1,82.385,82.845,82.845,stop,-1.0,-0.005583540693087308,0.005583540693087257
2022-01-12,1,85.04,84.555,84.555,stop,-1.0,-0.005703198494825923,0.005703198494825957
2022-01-13,1,84.855,84.71,84.71,stop,-1.0,-0.0017087973602027962,0.0017087973602028191
2022-01-14,1,81.955,81.625,82.85,close,2.712121212121214,0.010920627173448771,0.004026599963394525
2022-01-18,-1,81.565,81.875,81.875,stop,-1.0,-0.003800649788512356,0.0038006497885122574
2022-01-19,-1,81.1448,81.48,81.48,stop,-1.0,-0.004130887006930761,0.004130887006930825
2022-01-20,1,80.53,80.38,80.38,stop,-1.0,-0.0018626598783062498,0.0018626598783062919
2022-01-21,1,78.985,78.38,78.38,stop,-1.0,-0.007659682218142727,0.007659682218142736
2022-01-24,-1,75.82,76.17,76.17,stop,-1.0,-0.004616196254286553,0.004616196254286581
2022-01-25,-1,75.935,76.305,76.305,stop,-1.0,-0.004872588397972111,0.004872588397972009
2022-01-26,-1,77.655,78.085,78.085,stop,-1.0,-0.0055373124718305355,0.0055373124718304375
2022-01-27,-1,77.255,77.62,77.62,stop,-1.0,-0.004724613293638047,0.00472461329363807
2022-01-28,-1,76.025,77.0,77.0,stop,-1.0,-0.012824728707661937,0.012824728707661878
2022-01-31,1,79.25,78.635,80.985,close,2.821138211382136,0.021892744479495185,0.007760252365930535
2022-02-01,-1,80.87,81.1797,81.1797,stop,-1.0,-0.0038296030666500336,0.003829603066650084
2022-02-02,1,81.515,81.105,81.105,stop,-1.0,-0.005029749125927685,0.0050297491259277015
2022-02-03,-1,80.67,80.845,80.845,stop,-1.0,-0.002169331845791378,0.0021693318457914608
2022-02-04,-1,78.925,79.335,79.335,stop,-1.0,-0.0051948051948051965,0.005194805194805151
2022-02-07,-1,79.8125,80.0,80.0,stop,-1.0,-0.002349256068911565,0.0023492560689115116
2022-02-08,1,79.11,79.02,79.02,stop,-1.0,-0.0011376564277588708,0.00113765642775886
2022-02-09,1,81.33,81.245,81.245,stop,-1.0,-0.001045124800196695,0.0010451248001966526
2022-02-10,1,80.62,80.385,80.385,stop,-1.0,-0.0029149094517489926,0.0029149094517489384
2022-02-11,1,80.04,79.965,79.965,stop,-1.0,-0.0009370314842579441,0.0009370314842579065
2022-02-14,1,77.395,77.045,77.045,stop,-1.0,-0.004522255959687249,0.004522255959687245
2022-02-15,1,78.655,78.31,79.46,close,2.3333333333333197,0.010234568686033896,0.004386243722585962
2022-02-16,-1,78.815,78.96,78.96,stop,-1.0,-0.0018397513163737056,0.0018397513163737364
2022-02-17,-1,78.495,78.715,77.0,close,6.795454545454601,0.019045799095483873,0.002802726288298603
2022-02-18,-1,76.965,77.375,76.225,close,1.804878048780525,0.00961475995582417,0.005327096732280863
2022-02-22,1,75.465,75.31,75.31,stop,-1.0,-0.002053932286490423,0.002053932286490441
2022-02-23,1,76.335,76.195,76.195,stop,-1.0,-0.0018340210912425325,0.0018340210912425568
2022-02-24,1,71.555,70.86,76.135,close,6.589928057553884,0.0640067081266158,0.009712808329257317
2022-02-25,-1,76.13,76.36,76.36,gap-stop,-1.0,-0.0030211480362538623,0.003021148036253829
2022-02-28,1,76.655,76.305,76.305,stop,-1.0,-0.00456591220403102,0.004565912204030974
2022-03-01,1,76.925,76.6,76.6,stop,-1.0,-0.00422489437764062,0.004224894377640596
2022-03-02,-1,75.7,76.085,76.085,stop,-1.0,-0.005085865257595579,0.0050858652575956525
2022-03-03,-1,77.615,77.785,75.91499999999998,target,10.0,0.021902982670875648,0.0021902982670875698
2022-03-04,1,75.71,75.595,75.595,stop,-1.0,-0.0015189539030510124,0.0015189539030510486
2022-03-07,-1,74.68,75.155,72.16,close,5.305263157894822,0.0337439742903054,0.006360471344402708
2022-03-08,-1,71.705,72.175,72.175,stop,-1.0,-0.006554633568091495,0.00655463356809147
2022-03-09,-1,73.41,73.805,73.805,stop,-1.0,-0.005380738319030298,0.005380738319030244
2022-03-10,-1,73.205,73.48,73.48,stop,-1.0,-0.0037565740045080176,0.0037565740045079664
2022-03-11,-1,73.8,74.155,72.05,close,4.929577464788677,0.02371273712737132,0.004810298102981084
2022-03-14,-1,71.695,72.01,72.01,stop,-1.0,-0.004393611827882227,0.004393611827882167
2022-03-15,1,71.465,71.255,71.255,stop,-1.0,-0.002938501364304291,0.002938501364304316
2022-03-16,1,74.01,73.82,73.82,stop,-1.0,-0.002567220645858792,0.002567220645858829
2022-03-17,-1,74.94,75.075,75.075,stop,-1.0,-0.0018014411529223562,0.0018014411529224063
2022-03-18,-1,75.485,75.735,75.735,stop,-1.0,-0.0033119162747565767,0.003311916274756574
2022-03-21,1,77.285,76.975,76.975,stop,-1.0,-0.00401112764443301,0.004011127644432973
2022-03-22,1,77.5,77.195,78.37,close,2.852459016393394,0.011225806451612863,0.00393548387096783
2022-03-23,-1,77.29,77.665,77.665,stop,-1.0,-0.004851856643808938,0.00485185664380903
2022-03-24,-1,77.425,77.585,77.585,stop,-1.0,-0.002066515983209616,0.0020665159832095135
2022-03-25,-1,78.97,79.28,79.28,stop,-1.0,-0.003925541344814487,0.003925541344814516
2022-03-28,1,79.2,78.74,78.74,stop,-1.0,-0.005808080808080929,0.005808080808080908
2022-03-29,1,81.32,80.96,80.96,stop,-1.0,-0.0044269552385637345,0.004426955238563692
2022-03-30,1,81.515,81.295,81.295,stop,-1.0,-0.0026988897748880802,0.0026988897748880434
2022-03-31,-1,80.38,80.725,80.725,stop,-1.0,-0.004292112465787534,0.004292112465787495
2022-04-01,-1,79.445,79.73,79.25,close,0.6842105263157396,0.0024545282900119147,0.003587387500786844
2022-04-04,1,79.64,79.405,80.755,close,4.744680851063819,0.0140005022601708,0.002950778503264684
2022-04-05,-1,80.375,80.57,79.045,close,6.82051282051305,0.016547433903576936,0.0024261275272160895
2022-04-06,-1,77.685,77.875,77.875,stop,-1.0,-0.002445774602561679,0.002445774602561598
2022-04-07,1,77.2,76.725,76.725,stop,-1.0,-0.006152849740932775,0.006152849740932753
2022-04-08,-1,76.57,76.965,76.965,stop,-1.0,-0.005158678333551103,0.005158678333551133
2022-04-11,-1,74.995,75.345,74.3,close,1.985714285714339,0.009267284485632521,0.004666977798519825
2022-04-12,-1,75.05,75.385,75.385,stop,-1.0,-0.004463690872751558,0.0044636908727516056
2022-04-13,-1,73.83,74.0,74.0,stop,-1.0,-0.0023025870242450175,0.00230258702424491
2022-04-14,1,75.295,75.135,75.135,stop,-1.0,-0.0021249750979480675,0.0021249750979480254
2022-04-18,1,73.525,72.945,72.945,stop,-1.0,-0.007888473308398702,0.007888473308398673
2022-04-19,1,73.49,73.27,73.27,stop,-1.0,-0.0029936045720505566,0.002993604572050604
2022-04-20,-1,75.64,75.865,74.885,close,3.35555555555562,0.00998149127445791,0.0029746166049708397
2022-04-21,1,76.16,75.575,75.575,stop,-1.0,-0.007681197478991542,0.007681197478991515
2022-04-22,1,73.725,73.52,73.52,stop,-1.0,-0.0027806035944387686,0.00278060359443877
2022-04-25,-1,71.12,71.335,71.335,stop,-1.0,-0.0030230596175475632,0.0030230596175476543
2022-04-26,-1,71.705,72.065,69.875,close,5.083333333333337,0.025521232828951912,0.005020570392580705
2022-04-27,1,71.165,70.555,70.555,stop,-1.0,-0.008571629312161821,0.008571629312161868
2022-04-28,1,72.33,72.045,72.045,stop,-1.0,-0.003940273745333789,0.003940273745333839
2022-04-29,1,73.375,72.6704,72.6704,stop,-1.0,-0.009602725724020433,0.009602725724020432
2022-05-02,-1,70.565,70.975,70.975,stop,-1.0,-0.005810245872599706,0.005810245872599683
2022-05-03,-1,71.7,71.865,71.865,stop,-1.0,-0.0023012552301253653,0.002301255230125412
2022-05-04,-1,72.045,72.22,72.22,stop,-1.0,-0.002429037407176038,0.002429037407176031
2022-05-05,-1,73.1975,73.43,70.87249999999999,target,10.0,0.03176337989685463,0.0031763379896854634
2022-05-06,-1,69.9913,70.52,70.52,stop,-1.0,-0.007553795971785071,0.007553795971785074
2022-05-09,1,69.105,68.915,68.915,stop,-1.0,-0.0027494392590984296,0.0027494392590984404
2022-05-10,-1,69.045,69.435,69.435,stop,-1.0,-0.005648490115142346,0.005648490115142306
2022-05-11,-1,67.745,68.43,68.43,stop,-1.0,-0.01011144733928715,0.010111447339287065
2022-05-12,-1,65.02,65.835,65.835,stop,-1.0,-0.012534604737004074,0.012534604737003964
2022-05-13,-1,66.33,66.83,66.83,stop,-1.0,-0.0075380672395597426,0.007538067239559777
2022-05-16,-1,67.06,67.495,67.495,stop,-1.0,-0.006486728303012335,0.006486728303012262
2022-05-17,1,69.04,68.745,68.745,stop,-1.0,-0.004272885283893468,0.00427288528389342
2022-05-18,1,68.37,68.26,68.26,stop,-1.0,-0.001608892789235039,0.0016088927892350363
2022-05-19,1,65.99,65.575,65.575,stop,-1.0,-0.006288831641157677,0.006288831641157631
2022-05-20,-1,66.12,66.4,66.4,stop,-1.0,-0.004234724742891771,0.004234724742891729
2022-05-23,1,65.865,65.61,65.61,stop,-1.0,-0.0038715554543383712,0.003871555454338351
2022-05-24,1,66.195,66.02,66.02,stop,-1.0,-0.0026437042072663397,0.002643704207266367
2022-05-25,1,65.97,65.555,66.835,close,2.084337349397618,0.013112020615431152,0.006290738214339731
2022-05-26,1,66.835,66.28,68.405,close,2.82882882882888,0.02349068601780524,0.008304032318395941
2022-05-27,1,69.41,69.05,70.735,close,3.680555555555569,0.019089468376314755,0.005186572539979822
2022-05-31,-1,69.815,70.51,70.51,stop,-1.0,-0.00995488075628459,0.009954880756284572
2022-06-01,1,71.325,70.82,70.82,stop,-1.0,-0.007080266386260248,0.007080266386260212
2022-06-02,1,69.625,69.195,71.715,close,4.860465116279,0.030017953321364477,0.0061759425493717315
2022-06-03,1,70.56,70.195,70.195,stop,-1.0,-0.005172902494331222,0.005172902494331194
2022-06-06,1,71.04,70.87,70.87,stop,-1.0,-0.002393018018018056,0.0023930180180180417
2022-06-07,1,69.545,69.115,70.815,close,2.953488372092967,0.018261557265080164,0.006183046948019366
2022-06-08,-1,70.42,70.64,70.64,stop,-1.0,-0.0031241124680487786,0.0031241124680488337
2022-06-09,1,69.885,69.455,69.455,stop,-1.0,-0.006152965586320502,0.006152965586320481
2022-06-10,-1,66.6,67.2,65.55,close,1.7499999999999705,0.015765765765765716,0.009009009009009137
2022-06-13,1,63.795,63.4,63.4,stop,-1.0,-0.006191707814092062,0.006191707814092062
2022-06-14,-1,63.105,63.375,63.375,stop,-1.0,-0.004278583313525042,0.004278583313525127
2022-06-15,-1,63.75,63.95,63.95,stop,-1.0,-0.0031372549019608176,0.003137254901960829
2022-06-16,-1,62.45,62.785,61.77,close,2.0298507462686937,0.010888710968774973,0.0053642914331464165
2022-06-17,1,62.255,61.72,61.72,stop,-1.0,-0.008593687254035864,0.00859368725403588
2022-06-21,1,63.55,63.055,63.73,close,0.3636363636363649,0.0028324154209284913,0.007789142407553068
2022-06-23,-1,63.81,64.11,64.11,stop,-1.0,-0.004701457451810054,0.0047014574518100165
2022-06-24,1,65.535,65.15,66.74,close,3.1298701298701994,0.018387121385519123,0.0058747234302279835
2022-06-27,-1,66.5665,67.1375,66.27,close,0.5192644483362696,0.004454192424117376,0.008577888277136366
2022-06-28,1,66.87,66.3,66.3,stop,-1.0,-0.008524001794526836,0.008524001794526804
2022-06-29,-1,63.755,64.31,64.31,stop,-1.0,-0.00870519959218874,0.008705199592188843
2022-06-30,-1,63.475,63.765,63.765,stop,-1.0,-0.004568727845608578,0.004568727845608494
2022-07-01,-1,63.12,63.545,63.545,stop,-1.0,-0.006733206590621155,0.006733206590621107
2022-07-05,-1,62.665,62.84,62.84,stop,-1.0,-0.0027926274634964,0.0027926274634964376
2022-07-06,1,64.755,64.55,64.55,stop,-1.0,-0.0031657787043470886,0.0031657787043471285
2022-07-07,1,65.73,65.345,66.39,close,1.7142857142856827,0.010041077133728926,0.005857294994675264
2022-07-08,1,65.84,65.61,65.61,stop,-1.0,-0.003493317132442386,0.0034933171324423445
2022-07-11,-1,65.69,65.96,65.96,stop,-1.0,-0.00411021464454242,0.004110214644542488
2022-07-12,1,65.84,65.685,65.685,stop,-1.0,-0.002354191980558973,0.0023541919805589477
2022-07-13,1,63.435,63.13,64.45,close,3.327868852459021,0.01600063056672174,0.004808071254039563
2022-07-14,-1,63.605,63.975,63.975,stop,-1.0,-0.005817152739564513,0.005817152739564572
2022-07-15,1,66.005,65.67,65.67,stop,-1.0,-0.005075373077797041,0.0050753730777970425
2022-07-18,-1,66.82,66.97,66.97,stop,-1.0,-0.0022448368751870618,0.002244836875187155
2022-07-19,-1,66.19,66.35,66.35,stop,-1.0,-0.002417283577579754,0.0024172835775796435
2022-07-20,1,67.585,67.38,68.61,close,5.000000000000069,0.015166087149515617,0.00303321742990306
2022-07-21,-1,68.5,68.84,68.84,stop,-1.0,-0.004963503649635159,0.004963503649635086
2022-07-22,-1,69.295,69.605,69.605,stop,-1.0,-0.004473627245833001,0.004473627245833066
2022-07-25,-1,68.415,68.655,68.185,close,0.9583333333333703,0.0033618358547102822,0.003508002631001898
2022-07-26,-1,67.74,68.14,67.06,close,1.6999999999999573,0.010038382049010863,0.005904930617065334
2022-07-27,1,68.22,68.075,69.66999999999996,target,10.0,0.021254763998826753,0.002125476399882674
2022-07-28,1,70.235,70.035,70.035,stop,-1.0,-0.002847583113832153,0.0028475831138321753
2022-07-29,-1,71.09,71.41,71.41,stop,-1.0,-0.004501336334224115,0.0045013363342241266
2022-08-01,-1,71.435,71.58,71.58,stop,-1.0,-0.0020298173164414735,0.0020298173164414643
2022-08-02,1,71.47,71.235,71.235,stop,-1.0,-0.003288092906114426,0.003288092906114446
2022-08-03,1,72.055,71.78,73.34,close,4.672727272727164,0.0178335993338421,0.0038165290403165035
2022-08-04,-1,73.21,73.32,73.32,stop,-1.0,-0.0015025269771888894,0.0015025269771889009
2022-08-05,1,72.865,72.44,73.51,close,1.5176470588235635,0.008851986550470148,0.005832704316201156
2022-08-08,1,73.675,73.275,73.275,stop,-1.0,-0.005429250084831971,0.005429250084831917
2022-08-09,-1,72.165,72.425,72.425,stop,-1.0,-0.0036028545693893577,0.003602854569389467
2022-08-10,-1,73.615,73.87,73.87,stop,-1.0,-0.003463967941316426,0.0034639679413164394
2022-08-11,-1,74.29,74.665,74.665,stop,-1.0,-0.005047785704670904,0.005047785704670884
2022-08-12,-1,74.245,74.35,74.35,stop,-1.0,-0.0014142366489324765,0.0014142366489324502
2022-08-15,1,75.295,74.92,75.78,close,1.293333333333332,0.006441330765655007,0.004980410385815791
2022-08-16,-1,75.37,75.495,75.495,stop,-1.0,-0.001658484808279237,0.001658484808279156
2022-08-17,1,74.95,74.86,74.86,stop,-1.0,-0.0012008005336892058,0.0012008005336891715
2022-08-18,-1,74.86,75.115,75.115,stop,-1.0,-0.003406358535933629,0.0034063585359336824
2022-08-19,-1,74.75,74.895,74.05,close,4.8275862068967035,0.00936454849498336,0.0019397993311036257
2022-08-22,-1,72.77,73.07,72.01,close,2.533333333333327,0.010443864229764843,0.004122577985433519
2022-08-23,1,72.115,71.805,71.805,stop,-1.0,-0.004298689593011051,0.004298689593010998
2022-08-24,-1,71.565,71.855,71.855,stop,-1.0,-0.004052260183050382,0.004052260183050461
2022-08-25,-1,71.94,72.1,72.1,gap-stop,-1.0,-0.0022240756185709643,0.002224075618570984
2022-08-26,-1,72.975,73.05,72.22499999999997,target,10.0,0.01027749229188113,0.0010277492291881172
2022-08-29,1,69.57,69.03,69.03,stop,-1.0,-0.0077619663648123005,0.007761966364812306
2022-08-30,-1,69.38,69.5245,67.93499999999992,target,10.0,0.020827327760162606,0.0020827327760162564
2022-08-31,-1,68.41,68.725,68.725,stop,-1.0,-0.004604589972226236,0.00460458997222625
2022-09-01,-1,66.74,67.025,67.025,stop,-1.0,-0.004270302667066295,0.004270302667066389
2022-09-02,-1,67.61,68.05,68.05,stop,-1.0,-0.006507913030616708,0.006507913030616739
2022-09-06,1,66.51,66.46,66.46,stop,-1.0,-0.0007517666516314581,0.0007517666516315045
2022-09-07,1,66.33,66.105,66.105,stop,-1.0,-0.0033921302578018286,0.003392130257801814
2022-09-08,-1,66.285,66.555,66.555,stop,-1.0,-0.004073319755600879,0.0040733197556009695
2022-09-09,1,67.97,67.8,67.8,stop,-1.0,-0.0025011034279829314,0.0025011034279829587
2022-09-12,1,69.1575,69.015,69.7,close,3.8070175438597227,0.007844413114991289,0.002060514044029907
2022-09-13,1,67.85,67.675,67.675,stop,-1.0,-0.002579218865143673,0.0025792188651436575
2022-09-14,-1,65.925,66.365,66.365,stop,-1.0,-0.006674251042851687,0.006674251042851691
2022-09-15,-1,65.67,65.715,65.715,stop,-1.0,-0.0006852444038374372,0.0006852444038373946
2022-09-16,-1,63.815,64.15,64.15,stop,-1.0,-0.005249549478962834,0.0052495494789627515
2022-09-19,1,63.88,63.515,64.73,close,2.3287671232876623,0.013306199123356288,0.005713838447088322
2022-09-20,1,64.19,64.035,64.035,stop,-1.0,-0.00241470634055152,0.0024147063405515054
2022-09-21,-1,64.61,64.755,64.755,stop,-1.0,-0.002244234638600684,0.002244234638600774
2022-09-22,1,63.135,62.91,62.91,stop,-1.0,-0.0035637918745545782,0.0035637918745545488
2022-09-23,1,62.195,62.01,62.01,stop,-1.0,-0.0029745156363052416,0.0029745156363052056
2022-09-26,1,62.065,61.66,61.66,stop,-1.0,-0.006525416901635439,0.006525416901635401
2022-09-27,1,62.605,62.235,62.235,stop,-1.0,-0.005910071080584611,0.0059100710805845775
2022-09-28,-1,60.815,61.2,61.2,stop,-1.0,-0.006330674997944596,0.00633067499794467
2022-09-29,1,61.3,61.23,61.23,stop,-1.0,-0.0011419249592169445,0.0011419249592169705
2022-09-30,1,60.705,60.25,60.25,stop,-1.0,-0.007495263981550093,0.0074952639815500915
2022-10-03,1,59.91,59.785,59.785,stop,-1.0,-0.002086463027875185,0.002086463027875146
2022-10-04,1,62.56,62.425,63.3,close,5.481481481481236,0.01182864450127874,0.002157928388746885
2022-10-05,1,62.7224,62.385,62.385,stop,-1.0,-0.00537925844674314,0.005379258446743147
2022-10-06,1,63.66,63.31,63.31,stop,-1.0,-0.005497957901350881,0.005497957901350838
2022-10-07,-1,61.54,61.69,61.69,stop,-1.0,-0.0024374390640233834,0.0024374390640233765
2022-10-10,-1,60.175,60.47,59.385,close,2.677966101694897,0.013128375571250461,0.004902368093061931
2022-10-11,-1,58.895,59.065,59.065,stop,-1.0,-0.002886492911112981,0.0028864929111129057
2022-10-12,-1,58.355,58.545,58.545,stop,-1.0,-0.003255933510410536,0.003255933510410502
2022-10-13,1,56.8,56.485,59.949999999999974,target,10.0,0.055457746478872805,0.0055457746478872845
2022-10-14,-1,60.275,60.71,58.425,close,4.252873563218372,0.03069265864786397,0.007216922438822103
2022-10-17,1,60.085,59.8,59.8,stop,-1.0,-0.0047432803528335565,0.004743280352833547
2022-10-18,-1,61.655,61.96,60.695,close,3.147540983606563,0.015570513340361747,0.00494688184251074
2022-10-19,1,60.6,60.095,60.095,stop,-1.0,-0.008333333333333415,0.008333333333333375
2022-10-20,1,60.735,60.515,60.515,stop,-1.0,-0.0036222935704288695,0.0036222935704288937
2022-10-21,-1,60.35,60.58,60.58,stop,-1.0,-0.0038111019055508955,0.003811101905550901
2022-10-24,-1,62.13,62.53,62.53,stop,-1.0,-0.006438113632705633,0.006438113632705594
2022-10-25,1,63.39,63.185,63.185,stop,-1.0,-0.0032339485723299477,0.0032339485723299937
2022-10-26,1,62.76,62.515,62.8,close,0.1632653061224472,0.0006373486297004405,0.003903760356915192
2022-10-27,1,63.19,63.035,63.035,stop,-1.0,-0.002452919765785766,0.002452919765785744
2022-10-28,1,63.01,62.435,64.785,close,3.086956521739151,0.02817013172512306,0.009125535629265128
2022-10-31,-1,64.095,64.315,64.315,stop,-1.0,-0.0034324050237928283,0.0034324050237927897
2022-11-01,-1,64.675,64.845,63.395,close,7.529411764705772,0.019791264012369414,0.002628527251642856
2022-11-02,-1,63.22,63.45,63.45,stop,-1.0,-0.003638089212274709,0.00363808921227466
2022-11-04,-1,60.22,60.81,60.5,close,-0.47457627118643986,-0.004649618067087413,0.009797409498505537
2022-11-07,-1,60.505,60.86,60.86,stop,-1.0,-0.00586728369556222,0.005867283695562298
2022-11-08,-1,61.9784,62.125,62.125,stop,-1.0,-0.0023653401830314724,0.002365340183031498
2022-11-09,-1,61.315,61.545,60.475,close,3.652173913043399,0.013699747207045476,0.0037511212590720703
2022-11-10,1,63.58,63.465,63.465,stop,-1.0,-0.0018087448883296053,0.001808744888329583
2022-11-11,-1,65.185,65.57,65.57,stop,-1.0,-0.0059062667791669465,0.005906266779166847
2022-11-14,-1,65.86,66.15,66.15,stop,-1.0,-0.00440327968417864,0.004403279684178656
2022-11-15,1,67.535,67.425,67.425,stop,-1.0,-0.0016287850744058918,0.0016287850744058554
2022-11-16,1,66.45,66.21,66.21,stop,-1.0,-0.0036117381489843003,0.0036117381489843355
2022-11-17,1,65.02,64.81,65.98,close,4.571428571428745,0.014764687788372921,0.003229775453706456
2022-11-18,-1,66.335,66.735,66.06,close,0.6874999999999689,0.0041456244817967836,0.00602999924625018
2022-11-21,-1,65.635,65.865,65.865,stop,-1.0,-0.003504227927172865,0.0035042279271728463
2022-11-22,-1,65.465,65.68,65.68,stop,-1.0,-0.003284197662873245,0.003284197662873343
2022-11-23,1,66.6475,66.41,67.195,close,2.305263157894762,0.008214861772759763,0.0035635245132975306
2022-11-28,1,66.33,66.005,66.005,stop,-1.0,-0.004899743705713888,0.004899743705713898
2022-11-29,1,65.38,65.21,65.21,stop,-1.0,-0.0026001835423676845,0.0026001835423677226
2022-11-30,1,65.045,64.635,67.98,close,7.158536585365919,0.04512260742562835,0.006303328464908857
2022-12-01,1,68.12,67.8,67.8,stop,-1.0,-0.004697592483852153,0.004697592483852134
2022-12-02,1,67.05,66.845,66.845,stop,-1.0,-0.0030574198359433202,0.0030574198359433007
2022-12-05,1,67.345,67.135,67.135,stop,-1.0,-0.0031182715866061583,0.0031182715866061883
2022-12-06,-1,66.445,66.585,65.04499999999999,target,10.0,0.02107005794265948,0.002107005794265943
2022-12-07,1,65.125,64.765,64.765,stop,-1.0,-0.005527831094049862,0.005527831094049895
2022-12-08,-1,64.99,65.245,65.245,stop,-1.0,-0.003923680566241039,0.003923680566241109
2022-12-09,-1,65.51,65.72,65.72,stop,-1.0,-0.003205617462982646,0.003205617462982655
2022-12-12,1,65.74,65.56,65.56,stop,-1.0,-0.0027380590203832655,0.002738059020383216
2022-12-13,-1,69.065,69.465,69.465,stop,-1.0,-0.0057916455512923015,0.005791645551292343
2022-12-14,1,67.99,67.59,67.59,stop,-1.0,-0.005883218120311673,0.005883218120311686
2022-12-15,-1,65.82,66.25,64.605,close,2.825581395348767,0.018459434822242327,0.006532968702522134
2022-12-16,1,64.555,64.285,64.285,stop,-1.0,-0.004182480055766602,0.004182480055766559
2022-12-19,-1,63.27,63.665,62.705,close,1.4303797468354698,0.0089299826141932,0.0062430851904535485
2022-12-20,1,62.35,62.205,62.205,stop,-1.0,-0.0023255813953488857,0.0023255813953488875
2022-12-21,-1,62.9958,63.19,63.19,stop,-1.0,-0.003082745198886183,0.003082745198886196
2022-12-22,-1,62.69,63.1125,62.24,close,1.0650887573964412,0.007178178337852836,0.006739511883873017
2022-12-23,-1,61.72,62.095,62.095,stop,-1.0,-0.006075826312378574,0.006075826312378484
2022-12-27,-1,61.94,62.195,61.715,close,0.8823529411764395,0.003632547626735483,0.004116887310300332
2022-12-28,1,62.05,61.425,61.425,stop,-1.0,-0.010072522159548791,0.010072522159548751
2022-12-29,1,61.535,61.3025,62.31,close,3.333333333333435,0.012594458438287326,0.0037783375314860584
2022-12-30,1,61.775,61.45,61.45,stop,-1.0,-0.005261027923917361,0.005261027923917374
2023-01-03,-1,62.85,63.0151,63.0151,stop,-1.0,-0.002626889419252043,0.002626889419252114
2023-01-04,-1,61.83,62.02,62.02,stop,-1.0,-0.0030729419375707945,0.0030729419375708365
2023-01-05,-1,61.1375,61.64,60.585,close,1.099502487562198,0.009037006747086518,0.008219178082191744
2023-01-06,1,61.39,60.9,60.9,stop,-1.0,-0.007981755986317007,0.007981755986317021
2023-01-09,1,63.06,62.925,62.925,stop,-1.0,-0.002140818268316025,0.0021408182683159706
2023-01-10,1,63.56,62.885,62.885,stop,-1.0,-0.010619886721208394,0.010619886721208375
2023-01-11,-1,63.63,63.79,63.79,stop,-1.0,-0.0025145371680024287,0.0025145371680024607
2023-01-12,-1,64.55,64.9,64.9,stop,-1.0,-0.005422153369481153,0.005422153369481155
2023-01-13,1,64.5,64.295,65.25,close,3.658536585365884,0.011627906976744207,0.0031782945736433844
2023-01-17,1,65.32,65.13,65.13,stop,-1.0,-0.002908756889161035,0.002908756889161019
2023-01-18,1,66.02,65.82,65.82,stop,-1.0,-0.0030293850348379614,0.003029385034837971
2023-01-19,1,64.34,64.1,64.1,stop,-1.0,-0.003730183400683984,0.0037301834006840083
2023-01-20,-1,64.095,64.3,64.3,stop,-1.0,-0.0031983774085342365,0.0031983774085341805
2023-01-23,-1,65.91,66.005,66.005,stop,-1.0,-0.0014413594295250576,0.001441359429525093
2023-01-24,-1,66.78,66.95,66.95,stop,-1.0,-0.0025456723569932116,0.002545672356993137
2023-01-25,-1,65.695,66.0005,66.0005,stop,-1.0,-0.004650277798919467,0.0046502777989193885
2023-01-26,1,67.755,67.635,67.635,stop,-1.0,-0.001771087004649008,0.0017710870046489609
2023-01-27,1,67.805,67.605,68.33,close,2.62499999999992,0.0077427918295109865,0.002949634982670936
2023-01-30,-1,67.56,67.7425,67.7425,stop,-1.0,-0.002701302545885298,0.0027013025458852064
2023-01-31,1,67.285,67.0,67.995,close,2.4912280701754965,0.010552129003492672,0.004235713754923038
2023-02-01,-1,67.735,68.025,68.025,stop,-1.0,-0.004281390713811284,0.004281390713811268
2023-02-02,1,70.835,70.7,70.7,stop,-1.0,-0.0019058375097055213,0.0019058375097055257
2023-02-03,1,70.44,70.145,70.885,close,1.5084745762712028,0.006317433276547435,0.004187961385576401
2023-02-06,1,70.305,70.065,70.065,stop,-1.0,-0.0034136974610626813,0.0034136974610626423
2023-02-07,1,70.265,70.095,71.96500000000002,target,10.0,0.02419412225147677,0.0024194122251476797
2023-02-08,1,72.125,71.835,71.835,stop,-1.0,-0.004020797227036521,0.004020797227036482
2023-02-09,-1,71.9,72.06,72.06,stop,-1.0,-0.0022253129346314626,0.002225312934631385
2023-02-10,1,70.135,69.92,69.92,stop,-1.0,-0.0030655165038854237,0.0030655165038854125
2023-02-13,1,70.5318,70.445,70.445,stop,-1.0,-0.0012306505717989413,0.0012306505717989739
2023-02-14,-1,70.85,71.09,71.09,stop,-1.0,-0.003387438249823793,0.0033874382498236995
2023-02-15,1,71.455,71.185,71.185,stop,-1.0,-0.003778601917290514,0.003778601917290547
2023-02-16,1,71.08,70.9,70.9,stop,-1.0,-0.002532357906584015,0.002532357906584027
2023-02-17,1,70.34,70.09,70.09,stop,-1.0,-0.003554165481944871,0.0035541654819448393
2023-02-21,1,69.085,68.925,68.925,stop,-1.0,-0.0023159875515668116,0.002315987551566861
2023-02-22,1,68.455,68.36,68.36,stop,-1.0,-0.0013877729895551694,0.0013877729895551657
2023-02-23,-1,69.295,69.495,69.495,stop,-1.0,-0.002886211126343907,0.002886211126343933
2023-02-24,1,68.145,68.035,68.035,stop,-1.0,-0.0016142050040355294,0.0016142050040355042
2023-02-28,-1,68.13,68.25,68.25,stop,-1.0,-0.001761338617349173,0.0017613386173492523
2023-03-01,-1,68.085,68.295,68.295,stop,-1.0,-0.003084379819343619,0.003084379819343585
2023-03-02,1,67.66,67.49,67.49,stop,-1.0,-0.002512562814070418,0.002512562814070377
2023-03-03,1,69.07,68.97,70.06999999999994,target,10.0,0.014478065730417544,0.0014478065730417595
2023-03-06,1,70.605,70.47,70.47,stop,-1.0,-0.0019120458891014325,0.0019120458891014108
2023-03-07,1,70.4425,70.32,70.32,stop,-1.0,-0.0017390069915179662,0.0017390069915179372
2023-03-08,-1,69.715,69.905,69.905,stop,-1.0,-0.0027253819120705014,0.0027253819120705404
2023-03-09,1,70.455,70.205,70.205,stop,-1.0,-0.0035483642041018726,0.003548364204101909
2023-03-10,-1,68.66,69.08,69.08,stop,-1.0,-0.006117098747451255,0.006117098747451234
2023-03-13,-1,67.425,67.67,67.67,stop,-1.0,-0.003633667037449051,0.003633667037449085
2023-03-14,1,69.255,69.12,69.12,stop,-1.0,-0.0019493177387912564,0.0019493177387912917
2023-03-15,1,69.3175,69.03,69.03,stop,-1.0,-0.004147581779492815,0.004147581779492831
2023-03-16,-1,69.555,69.68,69.68,stop,-1.0,-0.00179713895478395,0.0017971389547839836
2023-03-17,1,72.02,71.86,71.86,stop,-1.0,-0.0022216051096917155,0.002221605109691705
2023-03-20,-1,71.225,71.55,71.55,stop,-1.0,-0.0045630045630045135,0.004563004563004603
2023-03-21,1,72.33,72.13,72.13,stop,-1.0,-0.0027651043826905086,0.002765104382690486
2023-03-22,1,72.4,72.275,73.65,target,10.0,0.017265193370165743,0.0017265193370165745
2023-03-23,1,72.66,72.54,72.54,stop,-1.0,-0.0016515276630881814,0.0016515276630882237
2023-03-24,-1,72.48,72.72,72.72,stop,-1.0,-0.0033112582781456013,0.0033112582781456247
2023-03-27,-1,73.03,73.16,73.16,stop,-1.0,-0.0017800903738189877,0.0017800903738189162
2023-03-28,-1,72.115,72.315,72.08,close,0.17499999999998045,0.00048533592179156315,0.0027733481245233705
2023-03-29,1,73.065,72.935,72.935,stop,-1.0,-0.0017792376650926922,0.0017792376650926634
2023-03-30,1,74.31,74.17,74.17,stop,-1.0,-0.0018839994617144695,0.0018839994617144472
2023-03-31,1,74.51,74.255,75.5,close,3.8823529411763036,0.013286807139981205,0.0034223594148437746
2023-04-03,1,75.26,75.04,75.04,stop,-1.0,-0.002923199574807356,0.0029231995748073194
2023-04-04,-1,75.385,75.59,75.59,stop,-1.0,-0.0027193738807453904,0.0027193738807454837
2023-04-05,-1,74.565,74.685,74.11,close,3.791666666666509,0.006102058606584859,0.0016093341380004633
2023-04-06,-1,73.345,73.585,73.585,stop,-1.0,-0.0032722066943895456,0.0032722066943894593
2023-04-10,-1,73.78,73.855,73.855,stop,-1.0,-0.0010165356465166031,0.0010165356465167098
2023-04-11,-1,74.2543,74.375,73.795,close,3.8053024026512126,0.006185500368328878,0.0016254950891732784
2023-04-12,-1,74.3,74.495,73.375,close,4.743589743589549,0.012449528936742893,0.0026244952893675288
2023-04-13,1,73.81,73.54,74.74,close,3.4444444444444677,0.012599918710201718,0.003658040915865005
2023-04-14,1,74.375,74.265,74.265,stop,-1.0,-0.001478991596638668,0.0014789915966386478
2023-04-17,1,74.54,74.315,74.315,stop,-1.0,-0.003018513549772006,0.0030185135497720486
2023-04-18,-1,75.125,75.22,75.22,stop,-1.0,-0.0012645590682196506,0.0012645590682196187
2023-04-19,1,74.27,74.125,74.125,stop,-1.0,-0.001952336071091909,0.0019523360710919082
2023-04-20,1,74.11,73.925,73.925,stop,-1.0,-0.0024962892996897024,0.002496289299689681
2023-04-21,-1,73.705,73.845,73.845,stop,-1.0,-0.0018994640797775908,0.001899464079777499
2023-04-24,1,73.71,73.515,73.515,stop,-1.0,-0.002645502645502562,0.002645502645502553
2023-04-25,-1,73.135,73.28,73.28,stop,-1.0,-0.001982634853353371,0.001982634853353333
2023-04-26,-1,73.155,73.46,73.46,stop,-1.0,-0.004169229717722489,0.004169229717722543
2023-04-27,-1,73.285,73.52,73.52,stop,-1.0,-0.0032066589342976126,0.0032066589342975974
2023-04-28,1,74.695,74.58,74.58,stop,-1.0,-0.0015395943503581089,0.0015395943503580547
2023-05-01,1,75.46,75.33,75.33,stop,-1.0,-0.0017227670288894048,0.0017227670288894178
2023-05-02,-1,75.525,75.585,75.585,stop,-1.0,-0.0007944389275071906,0.0007944389275072898
2023-05-03,1,74.955,74.79,74.79,stop,-1.0,-0.0022013207924753697,0.0022013207924753793
2023-05-04,-1,73.8,73.8495,73.8495,stop,-1.0,-0.0006707317073171293,0.0006707317073171949
2023-05-05,1,74.67,74.38,75.63,close,3.310344827586114,0.012856568903173882,0.0038837551895005524
2023-05-08,-1,75.41,75.53,75.53,stop,-1.0,-0.0015913008884764768,0.0015913008884763898
2023-05-09,1,75.175,75.115,75.115,stop,-1.0,-0.0007981376787495886,0.0007981376787496145
2023-05-10,1,75.91,75.655,75.655,stop,-1.0,-0.003359241206692065,0.0033592412066920756
2023-05-11,-1,75.39,75.79,75.565,close,-0.4374999999999867,-0.002321262766945109,0.005305743467303431
2023-05-12,1,75.7543,75.685,75.685,stop,-1.0,-0.000914799555932766,0.0009147995559327769
2023-05-15,-1,75.395,75.59,75.59,stop,-1.0,-0.0025863784070563334,0.002586378407056269
2023-05-16,1,76.305,75.97,76.1775,close,-0.3805970149253997,-0.0016709258895224455,0.004390275866588139
2023-05-17,1,76.55,76.48,76.48,stop,-1.0,-0.0009144350097973764,0.0009144350097974289
2023-05-18,1,77.44,77.29,78.78,close,8.933333333333865,0.01730371900826455,0.00193698347107427
2023-05-19,1,78.7975,78.77,78.77,stop,-1.0,-0.00034899584377678927,0.00034899584377681285
2023-05-22,1,78.67,78.375,78.885,close,0.7288135593220413,0.0027329350451252843,0.0037498411084276304
2023-05-23,1,78.725,78.495,78.495,stop,-1.0,-0.0029215624007620233,0.002921562400762017
2023-05-24,1,77.2225,77.0,77.0,stop,-1.0,-0.0028812845996956105,0.0028812845996956404
2023-05-25,-1,78.975,79.325,79.325,stop,-1.0,-0.004431782209560087,0.004431782209560095
2023-05-26,1,80.555,80.31,82.39,close,7.489795918367182,0.022779467444602908,0.0030414002855192667
2023-05-30,1,83.675,83.29,83.29,stop,-1.0,-0.0046011353450849946,0.004601135345085042
2023-05-31,1,82.735,82.325,82.325,stop,-1.0,-0.004955581072097592,0.00495558107209762
2023-06-01,-1,81.825,81.935,81.935,stop,-1.0,-0.0013443324167430326,0.0013443324167430422
2023-06-02,1,83.72,83.405,83.405,stop,-1.0,-0.003762541806020092,0.0037625418060200397
2023-06-05,1,83.505,83.365,83.365,stop,-1.0,-0.001676546314591909,0.0016765463145919474
2023-06-06,-1,82.43,82.83,82.83,stop,-1.0,-0.0048526022079338205,0.004852602207933901
2023-06-07,1,83.37,82.79,82.79,stop,-1.0,-0.006956938946863334,0.00695693894686336
2023-06-08,1,81.9,81.78,81.78,stop,-1.0,-0.001465201465201571,0.0014652014652015207
2023-06-09,1,83.25,82.985,82.985,stop,-1.0,-0.0031831831831832247,0.00318318318318319
2023-06-12,1,83.665,83.53,83.53,stop,-1.0,-0.0016135779597203914,0.0016135779597203743
2023-06-13,1,85.625,85.355,85.355,stop,-1.0,-0.0031532846715327523,0.0031532846715328004
2023-06-14,1,85.315,85.165,85.165,stop,-1.0,-0.00175819023618351,0.0017581902361834551
2023-06-15,1,85.915,85.835,86.71500000000013,target,10.0,0.009311528836642324,0.000931152883664232
2023-06-16,-1,87.565,88.15,86.605,close,1.641025641025608,0.010963284417289887,0.006680751441786193
2023-06-20,1,86.39,85.9,85.9,stop,-1.0,-0.005671952772311584,0.005671952772311551
2023-06-21,1,85.53,85.43,85.43,stop,-1.0,-0.0011691804045363963,0.0011691804045363535
2023-06-22,1,84.46,84.165,85.265,close,2.7288135593221727,0.009531139000710454,0.003492777646222916
2023-06-23,1,84.4125,84.08,84.08,stop,-1.0,-0.00393899007848364,0.00393899007848359
2023-06-26,1,84.535,84.255,84.255,stop,-1.0,-0.003312237534748963,0.0033122375347489344
2023-06-27,1,84.225,84.015,84.015,stop,-1.0,-0.002493321460373954,0.002493321460373924
2023-06-28,1,85.01,84.8375,84.8375,stop,-1.0,-0.002029173038466059,0.002029173038466056
2023-06-29,-1,85.5,85.525,85.24999999999994,target,10.0,0.0029239766081877727,0.0002923976608187799
2023-06-30,1,86.51,86.355,86.915,close,2.61290322580644,0.004681539706392401,0.001791700381458804
2023-07-05,1,86.365,86.105,86.105,stop,-1.0,-0.00301047878191385,0.003010478781913865
2023-07-06,-1,85.24,85.65,85.65,stop,-1.0,-0.004809948381041984,0.004809948381041891
2023-07-10,1,85.405,85.295,85.295,stop,-1.0,-0.0012879807973772417,0.0012879807973771962
2023-07-11,-1,85.97,86.085,86.085,stop,-1.0,-0.0013376759334651211,0.0013376759334651027
2023-07-12,1,86.995,86.84,86.84,stop,-1.0,-0.0017817115926203053,0.0017817115926202784
2023-07-13,1,87.6,87.41,88.115,close,2.710526315789509,0.005878995433789891,0.0021689497716894717
2023-07-17,1,88.3,88.07,88.07,stop,-1.0,-0.002604756511891293,0.002604756511891325
2023-07-18,-1,88.79,88.98,88.98,stop,-1.0,-0.002139880617186618,0.002139880617186594
2023-07-19,-1,90.1575,90.525,90.525,stop,-1.0,-0.004076199983362505,0.004076199983362525
2023-07-20,1,89.59,89.26,89.26,stop,-1.0,-0.0036834468132603826,0.0036834468132603895
2023-07-21,1,89.03,88.605,88.605,stop,-1.0,-0.004773671796023726,0.00477367179602378
2023-07-24,1,88.55,88.39,88.39,stop,-1.0,-0.001806888763410508,0.0018068887634104642
2023-07-25,1,88.58,88.49,89.48000000000003,target,10.0,0.010160307067058394,0.0010160307067058412
2023-07-26,-1,87.955,88.51,88.03,close,-0.13513513513513858,-0.0008527087715308745,0.006310044909328712
2023-07-27,1,89.3,89.085,89.085,stop,-1.0,-0.0024076147816349813,0.0024076147816349766
2023-07-28,-1,88.58,88.625,88.625,stop,-1.0,-0.0005080153533529863,0.0005080153533529206
2023-07-31,-1,88.985,89.205,89.205,stop,-1.0,-0.002472326796651103,0.0024723267966511083
2023-08-01,1,88.95,88.73,88.73,stop,-1.0,-0.0024732996065205404,0.0024732996065205044
2023-08-02,-1,88.2,88.595,87.1,close,2.784810126582328,0.012471655328798237,0.004478458049886576
2023-08-03,1,86.505,86.3625,86.3625,stop,-1.0,-0.0016473036240679528,0.0016473036240679533
2023-08-04,1,86.6325,86.15,86.15,stop,-1.0,-0.005569503361902095,0.0055695033619021445
2023-08-07,-1,85.84,86.235,85.825,close,0.03797468354430562,0.00017474370922643256,0.004601584342963607
2023-08-08,-1,85.15,85.24,85.24,stop,-1.0,-0.0010569583088666512,0.001056958308866579
2023-08-09,-1,85.195,85.275,84.39499999999987,target,10.0,0.009390222430895268,0.00093902224308953
2023-08-10,1,84.84,84.595,84.595,stop,-1.0,-0.0028877887788779644,0.0028877887788779414
2023-08-14,1,83.39,83.165,84.785,close,6.200000000000139,0.016728624535315983,0.002698165247631542
2023-08-15,1,84.625,84.455,84.455,stop,-1.0,-0.0020088626292467104,0.0020088626292466966
2023-08-16,-1,83.695,83.965,83.965,stop,-1.0,-0.003225999163629867,0.003225999163629969
2023-08-17,-1,83.41,83.6675,82.355,close,4.09708737864063,0.012648363505574745,0.0030871598129721543
2023-08-18,1,81.645,81.5,81.5,stop,-1.0,-0.0017759813828157611,0.0017759813828158004
2023-08-21,1,83.125,82.895,82.895,stop,-1.0,-0.0027669172932330843,0.0027669172932331307
2023-08-22,-1,84.745,84.86,83.935,close,7.0434782608698985,0.009558086022774193,0.0013570122131098576
2023-08-23,1,84.315,84.16,84.16,stop,-1.0,-0.0018383443040977943,0.0018383443040977422
2023-08-24,-1,85.99,86.555,83.495,close,4.415929203539712,0.029015001744388758,0.006570531457146319
2023-08-25,1,84.035,83.795,83.795,stop,-1.0,-0.0028559528767774234,0.0028559528767774724
2023-08-28,1,85.1,84.795,84.795,stop,-1.0,-0.003584018801410016,0.003584018801410019
2023-08-29,1,84.945,84.71,86.715,close,7.531914893617083,0.02083701218435463,0.0027664959679792743
2023-08-30,1,86.775,86.665,86.665,stop,-1.0,-0.0012676462114664666,0.0012676462114664295
2023-08-31,1,87.74,87.585,87.585,stop,-1.0,-0.0017665830863916598,0.0017665830863916247
2023-09-01,-1,88.34,88.495,88.095,close,1.5806451612903403,0.0027733755942948024,0.0017545845596558878
2023-09-05,-1,87.735,87.9275,87.9275,stop,-1.0,-0.002194107254801292,0.0021941072548013387
2023-09-06,-1,88.02,88.24,88.24,stop,-1.0,-0.002499431947284636,0.002499431947284695
2023-09-07,-1,85.765,85.925,85.925,stop,-1.0,-0.0018655628752988207,0.0018655628752987418
2023-09-08,1,86.66,86.21,86.21,stop,-1.0,-0.005192707131317809,0.005192707131317827
2023-09-11,-1,87.055,87.235,86.83,close,1.2500000000000986,0.002584572971110366,0.0020676583768880893
2023-09-12,1,86.235,85.955,85.955,stop,-1.0,-0.0032469414970719424,0.003246941497071968
2023-09-13,1,85.42,85.235,85.235,stop,-1.0,-0.0021657691407165336,0.0021657691407164863
2023-09-14,-1,85.805,86.065,86.065,stop,-1.0,-0.0030301264495073976,0.0030301264495074982
2023-09-15,-1,85.48,85.82,84.46,close,3.0000000000001252,0.01193261581656535,0.003977538605521633
2023-09-18,1,84.415,84.0,84.675,close,0.6265060240963541,0.003080021323224491,0.00491618788130079
2023-09-19,1,84.335,84.13,84.13,stop,-1.0,-0.0024307820003557357,0.002430782000355704
2023-09-20,-1,84.685,84.89,84.89,stop,-1.0,-0.0024207356674734726,0.0024207356674735584
2023-09-21,1,82.67,82.37,82.37,stop,-1.0,-0.0036288859320188216,0.003628885932018836
2023-09-22,-1,82.29,82.465,82.465,stop,-1.0,-0.002126625349374134,0.00212662534937413
2023-09-25,-1,81.905,82.11,82.11,stop,-1.0,-0.002502899700872918,0.0025028997008729416
2023-09-26,-1,81.755,81.975,81.0,close,3.431818181818179,0.00923490917986658,0.00269096691333862
2023-09-27,-1,81.3575,81.49,81.49,stop,-1.0,-0.0016286144485755383,0.0016286144485756467
2023-09-28,-1,80.625,80.79,80.79,stop,-1.0,-0.002046511627907144,0.0020465116279070545
2023-09-29,1,82.51,82.45,82.45,stop,-1.0,-0.0007271845836868129,0.0007271845836868534
2023-10-02,1,82.44,81.88,82.875,close,0.7767857142857152,0.00527656477438132,0.0067928190198932835
2023-10-03,1,82.545,82.325,82.325,stop,-1.0,-0.0026652129141679914,0.0026652129141680157
2023-10-04,1,81.85,81.505,82.43,close,1.681159420289897,0.007086133170433939,0.004215027489309699
2023-10-05,1,82.49,82.38,82.38,stop,-1.0,-0.00133349496908719,0.0013334949690871553
2023-10-06,1,82.22,81.995,81.995,stop,-1.0,-0.002736560447579639,0.002736560447579595
2023-10-09,-1,83.35,83.61,83.61,stop,-1.0,-0.003119376124775197,0.0031193761247751066
2023-10-10,-1,84.485,84.695,84.695,stop,-1.0,-0.002485648339942026,0.0024856483399419275
2023-10-11,1,85.225,84.935,84.935,stop,-1.0,-0.003402757406864132,0.00340275740686409
2023-10-12,1,85.545,85.44,85.44,stop,-1.0,-0.001227424162721369,0.0012274241627214212
2023-10-13,-1,85.575,85.855,84.305,close,4.535714285714253,0.01484078293894242,0.0032719836400818126
2023-10-16,1,84.885,84.44,85.115,close,0.5168539325842381,0.002709548212287194,0.00524238675855578
2023-10-17,-1,83.865,84.155,84.155,stop,-1.0,-0.0034579383533059893,0.0034579383533059832
2023-10-18,1,84.5475,84.1,84.1,stop,-1.0,-0.005292882699074575,0.005292882699074545
2023-10-19,1,84.295,84.18,84.18,stop,-1.0,-0.0013642564802182067,0.0013642564802182203
2023-10-20,-1,83.01,83.34,83.34,stop,-1.0,-0.003975424647632897,0.003975424647632795
2023-10-23,-1,81.395,81.715,81.715,stop,-1.0,-0.003931445420480406,0.003931445420480464
2023-10-24,1,82.425,82.145,82.145,stop,-1.0,-0.003397027600849256,0.003397027600849271
2023-10-25,-1,82.745,83.125,81.67,close,2.828947368421094,0.012991721554172497,0.004592422502870209
2023-10-26,1,81.885,81.6825,81.6825,stop,-1.0,-0.0024729803993405186,0.0024729803993405455
2023-10-27,1,80.7,80.585,80.585,stop,-1.0,-0.0014250309789344273,0.0014250309789344373
2023-10-30,1,81.055,80.745,80.745,stop,-1.0,-0.003824563567947692,0.0038245635679477175
2023-10-31,-1,81.165,81.535,81.535,stop,-1.0,-0.004558615166635693,0.004558615166635746
2023-11-01,1,82.43,82.15,83.585,close,4.124999999999937,0.014011888875409273,0.003396821545553817
2023-11-02,1,84.39,84.23,84.23,stop,-1.0,-0.0018959592368763545,0.0018959592368763666
2023-11-03,1,84.95,84.735,85.885,close,4.348837209302268,0.011006474396703991,0.0025309005297234066
2023-11-06,1,86.18,85.97,85.97,stop,-1.0,-0.00243676026920403,0.002436760269204084
2023-11-07,-1,86.585,86.82,86.82,stop,-1.0,-0.0027140959750533433,0.0027140959750534092
2023-11-08,1,87.985,87.5975,87.5975,stop,-1.0,-0.00440415979996589,0.004404159799965936
2023-11-09,-1,88.005,88.07,88.07,stop,-1.0,-0.0007385943980455778,0.0007385943980455397
2023-11-10,1,88.07,87.905,89.71999999999991,target,10.0,0.018735097081865826,0.0018735097081865795
2023-11-13,-1,89.26,89.3925,89.3925,stop,-1.0,-0.0014844275151242314,0.0014844275151242794
2023-11-14,-1,90.55,90.77,90.77,stop,-1.0,-0.0024295969077856583,0.002429596907785741
2023-11-15,1,91.4675,91.245,91.245,stop,-1.0,-0.0024325580124087143,0.0024325580124087416
2023-11-16,1,91.2,90.79,91.6,close,0.9756097560975483,0.004385964912280604,0.004495614035087682
2023-11-17,-1,91.31,91.455,91.455,stop,-1.0,-0.0015879969335230726,0.0015879969335231192
2023-11-20,1,92.07,91.505,92.75,close,1.2035398230088665,0.0073856848050397605,0.006136635168893209
2023-11-21,1,92.33,92.13,92.13,stop,-1.0,-0.0021661431820643173,0.0021661431820643655
2023-11-22,1,93.03,92.525,92.525,stop,-1.0,-0.005428356444157734,0.005428356444157749
2023-11-27,-1,91.985,92.31,92.31,stop,-1.0,-0.0035331847583846,0.00353318475838455
2023-11-28,1,92.16,91.89,92.37,close,0.7777777777778188,0.0022786458333334814,0.002929687499999957
2023-11-29,1,93.33,93.0,93.0,stop,-1.0,-0.003535840565734527,0.0035358405657344725
2023-11-30,1,92.895,92.715,92.715,stop,-1.0,-0.0019376715646697296,0.001937671564669709
2023-12-01,-1,92.07,92.4,92.4,stop,-1.0,-0.0035842293906811484,0.0035842293906811398
2023-12-04,-1,91.815,91.865,91.31500000000003,target,10.0,0.005445733267984254,0.0005445733267984224
2023-12-05,1,91.37,91.17,92.22,close,4.249999999999911,0.009302834628433843,0.0021889022655138756
2023-12-06,-1,92.535,92.92,91.435,close,2.8571428571428044,0.01188739395904248,0.004160587885664939
2023-12-07,1,92.105,91.735,91.735,stop,-1.0,-0.004017154334726714,0.00401715433472672
2023-12-08,1,92.415,92.225,93.33,close,4.815789473683866,0.00990099009900991,0.0020559432992480866
2023-12-11,1,93.225,92.84,94.115,close,2.3116883116883677,0.009546795387503249,0.004129793510324387
2023-12-13,1,95.18,94.985,94.985,stop,-1.0,-0.0020487497373398167,0.002048749737339855
2023-12-14,1,95.88,95.58,95.58,stop,-1.0,-0.0031289111389236623,0.003128911138923625
2023-12-15,1,95.595,95.27,95.86,close,0.81538461538461,0.0027721115121084328,0.003399759401642375
2023-12-18,-1,95.59,95.845,95.845,stop,-1.0,-0.0026676430588972178,0.0026676430588973266
2023-12-19,1,96.08,95.855,95.855,stop,-1.0,-0.0023417985012489373,0.0023417985012489
2023-12-20,-1,96.0825,96.23,96.23,stop,-1.0,-0.0015351390731923598,0.0015351390731923916
2023-12-21,1,95.985,95.75,95.75,stop,-1.0,-0.0024482992134187143,0.0024482992134187576
2023-12-22,-1,96.055,96.235,96.235,stop,-1.0,-0.0018739263963354347,0.0018739263963353557
2023-12-26,1,96.31,96.085,96.435,close,0.5555555555555345,0.001297892223029784,0.0023362060014537277
2023-12-27,-1,96.47,96.62,96.47,close,-0.0,-0.0,0.0015548875298020699
2023-12-28,-1,96.61,96.86,96.555,close,0.21999999999997044,0.0005692992443845357,0.0025877238381119966
2023-12-29,1,96.705,96.585,96.585,stop,-1.0,-0.0012408872343726562,0.0012408872343726235
2024-01-02,-1,94.595,95.08,93.755,close,1.731958762886607,0.00887996194302032,0.005127120883767635
2024-01-03,1,93.205,92.755,92.755,stop,-1.0,-0.004828067163778815,0.004828067163778798
2024-01-04,1,92.525,92.15,92.15,stop,-1.0,-0.004052958659821693,0.004052958659821669
2024-01-05,1,92.485,92.12,92.12,stop,-1.0,-0.003946585932853908,0.003946585932853921
2024-01-08,1,92.68,92.43,94.375,close,6.779999999999973,0.018288735433750425,0.0026974536037980145
2024-01-09,1,93.845,93.635,93.635,stop,-1.0,-0.002237732431136341,0.002237732431136382
2024-01-10,1,94.735,94.565,94.565,stop,-1.0,-0.0017944793370981982,0.0017944793370982394
2024-01-11,1,96.07,95.72,95.72,stop,-1.0,-0.0036431768502133144,0.003643176850213327
2024-01-12,1,96.075,95.9,95.9,stop,-1.0,-0.0018214936247722413,0.0018214936247722836
2024-01-16,1,96.015,95.925,95.925,stop,-1.0,-0.0009373535385096554,0.0009373535385096434
2024-01-17,-1,95.15,95.75,95.75,stop,-1.0,-0.006305832895428187,0.006305832895428211
2024-01-18,1,97.285,97.065,97.065,stop,-1.0,-0.002261396926556025,0.0022613969265559836
2024-01-19,-1,98.46,98.55,98.55,stop,-1.0,-0.000914076782449813,0.0009140767824497605
2024-01-22,1,101.02,100.575,100.575,stop,-1.0,-0.0044050683033062255,0.004405068303306209
2024-01-23,-1,100.105,100.635,100.635,stop,-1.0,-0.0052944408371209395,0.005294440837121034
2024-01-24,-1,101.515,101.745,101.745,stop,-1.0,-0.002265675023395586,0.0022656750233955966
2024-01-25,1,102.615,102.445,102.445,stop,-1.0,-0.001656677873605239,0.00165667787360524
2024-01-26,1,101.41,101.1772,101.1772,stop,-1.0,-0.002295631594517289,0.002295631594517281
2024-01-29,1,101.12,100.93,100.93,stop,-1.0,-0.0018789556962025555,0.0018789556962025091
2024-01-30,-1,101.745,101.92,100.945,close,4.571428571428711,0.00786279424050329,0.0017199862401100512
2024-01-31,1,100.29,99.855,99.855,stop,-1.0,-0.004337421477714654,0.00433742147771465
2024-02-01,1,99.53,99.17,100.09,close,1.5555555555555642,0.0056264442881543975,0.003616999899527775
2024-02-02,1,99.895,99.3725,101.11,close,2.3253588516746757,0.012162770909454945,0.005230492016617386
2024-02-05,1,101.54,101.315,101.315,stop,-1.0,-0.0022158755170377242,0.0022158755170377043
2024-02-06,1,101.47,101.38,101.38,stop,-1.0,-0.0008869616635459598,0.0008869616635459092
2024-02-07,-1,101.42,101.62,101.62,stop,-1.0,-0.0019719976336027845,0.0019719976336028677
2024-02-08,1,102.415,102.27,102.555,close,0.9655172413792461,0.0013669872577259934,0.0014158082312162304
2024-02-09,-1,102.945,103.08,103.08,stop,-1.0,-0.001311379863033757,0.0013113798630337086
2024-02-12,-1,103.86,103.945,103.945,stop,-1.0,-0.0008184093972654072,0.0008184093972654896
2024-02-13,-1,100.895,101.02,101.02,stop,-1.0,-0.0012389117399276284,0.0012389117399276477
2024-02-14,1,102.215,102.08,102.08,stop,-1.0,-0.001320745487452979,0.0013207454874529679
2024-02-15,-1,102.4,102.675,102.205,close,0.709090909090958,0.0019042968750000444,0.0026855468749999167
2024-02-16,1,102.55,102.31,102.31,stop,-1.0,-0.0023403217942467025,0.002340321794246659
2024-02-20,1,100.7549,100.65,100.65,stop,-1.0,-0.0010411404308872108,0.0010411404308872387
2024-02-21,-1,99.235,99.375,99.375,stop,-1.0,-0.0014107925631077212,0.0014107925631077801
2024-02-22,-1,102.05,102.455,102.455,stop,-1.0,-0.003968642822145929,0.0039686428221460185
2024-02-23,1,103.77,103.49,103.49,stop,-1.0,-0.0026982750313192527,0.002698275031319275
2024-02-26,1,103.145,103.045,103.045,stop,-1.0,-0.0009695089437199433,0.0009695089437199507
2024-02-27,-1,102.88,103.025,102.855,close,0.17241379310337732,0.000243001555209843,0.0014094090202178289
2024-02-28,-1,102.3447,102.63,102.375,close,-0.10620399579389309,-0.00029605832055779047,0.0027876382460449082
2024-02-29,1,103.13,102.885,102.885,stop,-1.0,-0.002375642393095956,0.0023756423930959988
2024-03-01,1,104.23,103.705,105.375,close,2.1809523809523497,0.010985320924877584,0.005036937541974534
2024-03-04,-1,105.16,105.29,105.29,stop,-1.0,-0.0012362114872574992,0.0012362114872576044
2024-03-05,-1,103.925,104.39,102.775,close,2.473118279569856,0.011065672359874879,0.0044743805629059745
2024-03-06,-1,103.685,103.955,103.955,stop,-1.0,-0.0026040410859815566,0.0026040410859815405
2024-03-07,-1,104.47,104.575,104.575,stop,-1.0,-0.0010050732267636864,0.0010050732267637022
2024-03-08,1,105.57,105.28,105.28,stop,-1.0,-0.002746992516813429,0.0027469925168134134
2024-03-11,-1,102.735,103.38,103.38,stop,-1.0,-0.0062782888012848925,0.0062782888012848205
2024-03-12,-1,104.12,104.565,104.565,stop,-1.0,-0.004273914713791793,0.004273914713791713
2024-03-13,-1,104.815,105.25,104.31,close,1.1609195402298684,0.0048180126890234876,0.004150169345990577
2024-03-14,1,104.935,104.55,104.55,stop,-1.0,-0.003668937913946735,0.003668937913946778
2024-03-15,1,103.12,102.855,102.855,stop,-1.0,-0.0025698215671062785,0.0025698215671062894
2024-03-18,1,103.845,103.53,103.53,stop,-1.0,-0.0030333670374115274,0.003033367037411505
2024-03-19,-1,102.59,102.765,102.765,stop,-1.0,-0.0017058192806316264,0.0017058192806316127
2024-03-20,-1,103.61,103.915,103.915,stop,-1.0,-0.0029437313000675314,0.0029437313000676268
2024-03-21,-1,105.66,105.965,104.93,close,2.3934426229507326,0.006908953246261507,0.0028866174522052513
2024-03-22,-1,104.805,105.02,105.02,stop,-1.0,-0.0020514288440436346,0.002051428844043597
2024-03-25,1,104.045,103.845,103.845,stop,-1.0,-0.0019222451823730502,0.001922245182373039
2024-03-26,1,104.6525,104.45,104.45,stop,-1.0,-0.0019349752753159422,0.001934975275315932
2024-03-27,-1,104.31,104.54,104.345,close,-0.1521739130434608,-0.00033553829930021983,0.0022049659668296807
2024-03-28,-1,103.96,104.195,104.195,stop,-1.0,-0.002260484801846818,0.002260484801846859
2024-04-01,1,104.725,104.295,104.295,stop,-1.0,-0.004105991883504356,0.004105991883504346
2024-04-02,-1,103.15,103.375,103.375,stop,-1.0,-0.0021812893843915493,0.0021812893843916074
2024-04-03,1,103.01,102.875,103.68,close,4.962962962962788,0.006504222890981515,0.001310552373556015
2024-04-04,1,104.86,104.64,104.64,stop,-1.0,-0.002098035475872617,0.002098035475872581
2024-04-05,-1,102.425,102.62,102.62,stop,-1.0,-0.0019038320722479796,0.0019038320722480585
2024-04-08,-1,103.07,103.39,103.39,stop,-1.0,-0.003104686135636081,0.0031046861356360473
2024-04-09,-1,103.365,103.675,103.675,stop,-1.0,-0.0029990809268127805,0.002999080926812773
2024-04-10,-1,102.405,102.59,102.59,stop,-1.0,-0.0018065524144328382,0.0018065524144329113
2024-04-11,1,102.83,102.555,102.555,stop,-1.0,-0.0026743168336087475,0.002674316833608786
2024-04-12,1,103.225,103.085,103.085,stop,-1.0,-0.0013562605957858631,0.0013562605957859102
2024-04-15,-1,102.895,103.395,103.395,stop,-1.0,-0.004859322610428096,0.004859322610428107
2024-04-16,1,101.01,100.82,100.82,stop,-1.0,-0.0018810018810020424,0.001881001881001999
2024-04-17,1,101.27,101.085,101.085,stop,-1.0,-0.0018267996445147094,0.0018267996445146862
2024-04-18,-1,99.06,99.415,99.415,stop,-1.0,-0.0035836866545528867,0.0035836866545528364
2024-04-19,1,97.95,97.74,97.74,stop,-1.0,-0.0021439509954058744,0.0021439509954059004
2024-04-22,-1,96.87,97.115,97.115,stop,-1.0,-0.0025291627954990847,0.0025291627954990227
2024-04-23,-1,97.47,97.7325,97.7325,stop,-1.0,-0.0026931363496460747,0.0026931363496460743
2024-04-24,-1,99.28,99.435,99.435,stop,-1.0,-0.0015612409347300904,0.0015612409347300679
2024-04-25,-1,97.505,97.835,97.835,stop,-1.0,-0.003384441823496287,0.0033844418234962137
2024-04-26,1,99.605,99.19,99.895,close,0.6987951807228618,0.0029115004266853095,0.004166457507153318
2024-04-29,1,100.52,100.335,100.335,stop,-1.0,-0.001840429765220919,0.0018404297652208743
2024-04-30,1,100.07,99.945,99.945,stop,-1.0,-0.0012491256120715777,0.00124912561207155
2024-05-01,-1,97.48,97.735,97.735,stop,-1.0,-0.0026159212146081856,0.002615921214608078
2024-05-02,-1,98.21,98.5,98.5,stop,-1.0,-0.0029528561246310314,0.002952856124630957
2024-05-03,-1,100.995,101.205,101.205,stop,-1.0,-0.0020793108569729934,0.0020793108569730555
2024-05-06,1,101.69,101.505,102.465,close,4.189189189189168,0.007621201691415225,0.001819254597305559
2024-05-07,-1,102.735,102.8,102.8,stop,-1.0,-0.0006326957706721537,0.0006326957706720954
2024-05-08,1,101.805,101.74,102.45500000000013,target,10.0,0.0063847551691971205,0.0006384755169197184
2024-05-09,-1,102.195,102.35,102.35,stop,-1.0,-0.001516708253828547,0.0015167082538284763
2024-05-10,1,103.25,102.785,102.785,stop,-1.0,-0.004503631961259136,0.004503631961259113
2024-05-13,-1,103.18,103.61,103.26,close,-0.1860465116279062,-0.0007753440589262084,0.004167474316727976
2024-05-14,1,103.31,103.16,104.17,close,5.733333333333112,0.008324460362017172,0.0014519407608170136
2024-05-15,1,104.99,104.79,104.79,stop,-1.0,-0.001904943327935893,0.0019049433279358858
2024-05-16,1,106.65,106.53,106.53,stop,-1.0,-0.0011251758087201802,0.001125175808720155
2024-05-17,-1,106.245,106.455,106.455,stop,-1.0,-0.00197656360299292,0.001976563602993023
2024-05-20,1,106.4,105.92,107.155,close,1.572916666666644,0.007095864661654128,0.004511278195488759
2024-05-21,1,106.895,106.66,106.66,stop,-1.0,-0.0021984190093081724,0.0021984190093081945
2024-05-22,1,107.83,107.59,107.59,stop,-1.0,-0.002225725679310009,0.0022257256793099776
2024-05-23,-1,108.385,108.81,106.735,close,3.88235294117651,0.015223508788116513,0.0039212068090602676
2024-05-24,-1,106.925,107.045,107.045,stop,-1.0,-0.0011222819733458511,0.0011222819733458457
2024-05-28,-1,107.95,108.2198,108.2198,stop,-1.0,-0.002499305233904625,0.0024993052339046186
2024-05-29,1,107.2075,106.91,107.38,close,0.5798319327731084,0.0016090292190378275,0.0027749924212391807
2024-05-30,-1,105.99,106.33,104.87,close,3.294117647058762,0.010567034625908023,0.003207849797150707
2024-05-31,-1,104.9,105.225,105.225,stop,-1.0,-0.0030981887511916106,0.0030981887511915026
2024-06-03,-1,105.735,105.98,105.35,close,1.5714285714285632,0.0036411784177424744,0.0023171135385634326
2024-06-04,-1,105.0,105.305,105.305,stop,-1.0,-0.0029047619047619655,0.00290476190476197
2024-06-05,1,106.445,106.3575,106.3575,stop,-1.0,-0.0008220207618957476,0.0008220207618957347
2024-06-06,1,107.985,107.83,107.83,stop,-1.0,-0.0014353845441497093,0.001435384544149661
2024-06-07,-1,107.39,107.73,107.73,stop,-1.0,-0.0031660303566440895,0.0031660303566440396
2024-06-10,1,107.76,107.365,108.1,close,0.8607594936708365,0.0031551596139567373,0.003665553080920659
2024-06-11,1,108.145,107.75,110.095,close,4.93670886075955,0.018031346802903636,0.003652503583152213
2024-06-12,1,111.72,110.975,112.53,close,1.0872483221476474,0.00725026852846411,0.006668456856426822
2024-06-13,1,113.595,113.45,113.45,stop,-1.0,-0.0012764646331264728,0.001276464633126423
2024-06-14,1,113.56,113.175,113.82,close,0.6753246753246427,0.0022895385699188697,0.0033902782669954657
2024-06-17,-1,113.945,114.355,114.355,stop,-1.0,-0.003598227214884453,0.003598227214884469
2024-06-18,1,116.03,115.625,115.625,stop,-1.0,-0.003490476600879089,0.0034904766008790927
2024-06-20,-1,115.455,116.295,114.39,close,1.267857142857135,0.009224373132389219,0.0072755619072366155
2024-06-21,1,114.47,114.08,114.08,stop,-1.0,-0.0034070062024984527,0.003407006202498476
2024-06-24,1,113.19,112.68,112.68,stop,-1.0,-0.004505698383249324,0.004505698383249324
2024-06-25,-1,111.7,112.135,112.135,stop,-1.0,-0.0038943598925693657,0.0038943598925694025
2024-06-26,-1,112.875,113.235,113.235,stop,-1.0,-0.003189368770764034,0.0031893687707641146
2024-06-27,1,113.26,112.765,113.215,close,-0.09090909090909352,-0.0003973159102949042,0.004370475013243904
2024-06-28,-1,113.41,113.57,113.57,stop,-1.0,-0.0014108103341856637,0.0014108103341856678
2024-07-01,-1,112.565,113.29,113.29,stop,-1.0,-0.006440723137742799,0.006440723137742714
2024-07-02,1,113.495,112.98,114.54,close,2.029126213592234,0.009207454072866605,0.0045376448301687345
2024-07-05,1,116.335,116.075,116.075,stop,-1.0,-0.0022349250010743615,0.002234925001074405
2024-07-08,1,117.01,116.72,116.72,stop,-1.0,-0.0024784206478078996,0.002478420647807933
2024-07-09,1,118.065,117.74,117.74,stop,-1.0,-0.002752720958793864,0.002752720958793909
2024-07-10,-1,117.52,117.945,117.945,stop,-1.0,-0.0036164057181755638,0.0036164057181756054
2024-07-11,-1,118.86,119.07,116.76000000000006,target,10.0,0.017667844522967657,0.0017667844522967673
2024-07-12,-1,115.965,116.2975,116.2975,stop,-1.0,-0.002867244427197768,0.002867244427197827
2024-07-15,1,117.665,117.41,117.41,stop,-1.0,-0.0021671695066503016,0.0021671695066503177
2024-07-16,-1,117.195,117.385,117.385,stop,-1.0,-0.0016212295746407257,0.0016212295746406583
2024-07-17,-1,113.835,114.165,112.185,close,4.999999999999785,0.014494663328501689,0.002898932665700466
2024-07-18,-1,113.095,113.43,112.19,close,2.701492537313372,0.008002122109730725,0.002962111499182174
2024-07-19,1,111.81,111.185,111.185,stop,-1.0,-0.005589839906985028,0.0055898399069850635
2024-07-22,-1,111.8,112.025,112.025,stop,-1.0,-0.0020125223613596255,0.002012522361359647
2024-07-23,1,112.875,112.545,112.545,stop,-1.0,-0.002923588039867142,0.0029235880398670944
2024-07-24,-1,111.025,111.4795,107.985,close,6.688668866886763,0.027381220445845567,0.004093672596262066
2024-07-25,-1,107.295,108.1249,108.1249,stop,-1.0,-0.007734749988349776,0.00773474998834983
2024-07-26,-1,107.72,108.225,108.225,stop,-1.0,-0.004688080207946532,0.004688080207946486
2024-07-29,-1,108.75,109.08,109.08,stop,-1.0,-0.003034482758620616,0.003034482758620674
2024-07-30,-1,107.935,108.085,108.085,stop,-1.0,-0.0013897252976327046,0.0013897252976327555
2024-07-31,-1,107.46,108.3992,108.3992,stop,-1.0,-0.008739996277684625,0.008739996277684717
2024-08-01,1,109.475,108.96,108.96,stop,-1.0,-0.004704270381365561,0.004704270381365614
2024-08-02,-1,101.73,102.625,102.625,stop,-1.0,-0.008797798092991194,0.008797798092991213
2024-08-05,1,96.3875,95.3725,99.02,close,2.5935960591132923,0.027311632732460067,0.010530411101024517
2024-08-06,-1,100.1775,100.73,100.73,stop,-1.0,-0.005515210501360279,0.005515210501360177
2024-08-07,1,102.75,102.5,102.5,stop,-1.0,-0.0024330900243308973,0.0024330900243309003
2024-08-08,-1,100.385,100.615,100.615,stop,-1.0,-0.002291178961000062,0.0022911789610000474
2024-08-09,1,102.555,102.08,102.08,stop,-1.0,-0.00463166105991919,0.004631661059919151
2024-08-12,1,103.735,103.135,103.135,stop,-1.0,-0.005783968766568615,0.005783968766568606
2024-08-13,1,105.095,104.85,104.85,stop,-1.0,-0.002331224130548648,0.0023312241305485947
2024-08-14,-1,107.115,107.775,107.775,stop,-1.0,-0.006161602016524492,0.006161602016524398
2024-08-15,1,108.895,108.58,110.555,close,5.269841269841343,0.015244042426190374,0.0028926947977409223
2024-08-16,1,110.135,109.63,110.705,close,1.1287128712870935,0.005175466472964851,0.004585281699732234
2024-08-19,1,110.47,110.375,110.375,stop,-1.0,-0.0008599619806282099,0.0008599619806282146
2024-08-20,1,112.595,112.15,112.15,stop,-1.0,-0.003952218126915041,0.003952218126914989
2024-08-21,-1,112.08,112.31,112.31,stop,-1.0,-0.0020521056388294046,0.002052105638829443
2024-08-22,1,113.585,113.31,113.31,stop,-1.0,-0.0024210943346392177,0.002421094334639182
2024-08-23,-1,111.09,111.3475,111.3475,stop,-1.0,-0.002317940408677499,0.002317940408677587
2024-08-26,1,112.22,111.685,111.685,stop,-1.0,-0.004767421137052197,0.004767421137052188
2024-08-27,1,110.035,109.77,109.77,stop,-1.0,-0.0024083246239833267,0.0024083246239832833
2024-08-28,1,111.095,111.025,111.025,stop,-1.0,-0.0006300913632476535,0.0006300913632476096
2024-08-29,1,110.7,109.455,109.455,stop,-1.0,-0.011246612466124684,0.011246612466124703
2024-08-30,-1,109.8,110.075,110.075,stop,-1.0,-0.0025045537340619983,0.0025045537340619827
2024-09-03,-1,108.455,109.08,105.115,close,5.344000000000006,0.030796182748605405,0.00576275874786778
2024-09-04,1,104.355,103.7775,103.7775,stop,-1.0,-0.0055339945378755084,0.005533994537875527
2024-09-05,1,104.395,104.06,104.06,stop,-1.0,-0.0032089659466448817,0.0032089659466448947
2024-09-06,-1,104.49,104.84,101.96,close,7.2285714285712555,0.024212843334290413,0.003349602832807049
2024-09-09,1,103.48,103.125,103.125,stop,-1.0,-0.003430614611519167,0.0034306146115191723
2024-09-10,1,104.56,104.29,104.29,stop,-1.0,-0.002582249426166805,0.002582249426166756
2024-09-11,1,105.625,105.42,105.42,stop,-1.0,-0.0019408284023668676,0.0019408284023668479
2024-09-12,-1,108.46,108.69,108.69,stop,-1.0,-0.0021205974552831464,0.0021205974552830904
2024-09-13,1,110.005,109.7075,109.7075,stop,-1.0,-0.0027044225262488064,0.0027044225262488016
2024-09-16,-1,108.965,109.525,109.525,stop,-1.0,-0.005139264901574014,0.005139264901573921
2024-09-17,-1,110.585,111.07,109.605,close,2.020618556701012,0.008861961387168105,0.004385766604874074
2024-09-18,-1,109.53,109.87,109.87,stop,-1.0,-0.0031041723728659765,0.0031041723728659127
2024-09-19,-1,111.375,111.725,111.725,stop,-1.0,-0.003142536475869706,0.003142536475869758
2024-09-20,1,111.61,111.21,111.21,stop,-1.0,-0.003583908251948764,0.003583908251948801
2024-09-23,-1,110.905,111.21,111.21,stop,-1.0,-0.0027501014381676736,0.0027501014381677348
2024-09-24,-1,111.485,111.595,110.385,target,10.0,0.009866798223976292,0.0009866798223976268
2024-09-25,1,111.91,111.535,112.155,close,0.6533333333333454,0.0021892592261638644,0.003350906978822268
2024-09-26,-1,113.9837,114.4394,113.555,close,0.940750493745853,0.003761064081969523,0.003997940056341453
2024-09-27,-1,113.57,113.805,112.535,close,4.404255319148666,0.00911332218015315,0.0020692084177160665
2024-09-30,1,112.395,111.98,111.98,stop,-1.0,-0.0036923350682859235,0.003692335068285885
2024-10-01,-1,111.965,112.61,110.11,close,2.8759689922480858,0.016567677399187297,0.005760728799178279
2024-10-02,1,110.255,109.95,109.95,stop,-1.0,-0.002766314452859242,0.002766314452859214
2024-10-03,1,111.275,110.62,110.62,stop,-1.0,-0.005886317681419895,0.005886317681419916
2024-10-04,-1,112.72,112.925,112.645,close,0.3658536585366023,0.0006653655074521092,0.001818665720369041
2024-10-07,1,112.48,112.125,112.125,stop,-1.0,-0.003156116642958784,0.0031561166429587835
2024-10-08,-1,112.48,112.72,112.72,stop,-1.0,-0.002133712660028486,0.0021337126600284037
2024-10-09,-1,113.905,114.12,114.12,stop,-1.0,-0.0018875378604978899,0.001887537860497813
2024-10-10,1,114.545,114.3,114.3,stop,-1.0,-0.0021388973765769093,0.002138897376576931
2024-10-11,1,114.9675,114.8,114.8,stop,-1.0,-0.0014569334812012391,0.0014569334812012437
2024-10-14,1,116.5,116.0855,116.87,close,0.892641737032572,0.0031759656652361468,0.0035579399141631232
2024-10-15,1,117.11,116.945,116.945,stop,-1.0,-0.0014089317735462847,0.001408931773546292
2024-10-16,-1,114.33,114.7,114.7,stop,-1.0,-0.003236245954692629,0.0032362459546925963
2024-10-17,-1,115.71,116.36,115.08,close,0.9692307692307538,0.005444646098003547,0.00561749200587681
2024-10-18,-1,115.44,115.88,115.44,close,-0.0,-0.0,0.003811503811503792
2024-10-21,1,115.27,115.0,115.0,stop,-1.0,-0.002342326711199716,0.0023423267111997575
2024-10-22,-1,115.2225,115.485,115.485,stop,-1.0,-0.002278200872225522,0.0022782008722255017
2024-10-23,-1,115.2,115.58,115.58,stop,-1.0,-0.0032986111111110716,0.0032986111111110716
2024-10-24,-1,114.485,114.805,114.805,stop,-1.0,-0.002795125999039305,0.00279512599903924
2024-10-25,1,115.595,115.165,115.165,stop,-1.0,-0.0037198840780310327,0.003719884078030993
2024-10-28,-1,115.745,115.97,115.16,close,2.600000000000101,0.005054214004924673,0.0019439284634324965
2024-10-29,-1,115.005,115.44,115.44,stop,-1.0,-0.0037824442415548276,0.003782444241554735
2024-10-30,-1,115.415,115.735,115.735,stop,-1.0,-0.002772603214486802,0.0027726032144867927
2024-10-31,-1,112.785,113.545,111.11,close,2.203947368421034,0.014851265682493175,0.006738484727579068
2024-11-01,1,111.535,111.09,111.955,close,0.9438202247191194,0.00376563410588604,0.003989778993141105
2024-11-04,-1,111.64,112.245,112.245,stop,-1.0,-0.005419204586169846,0.005419204586169867
2024-11-05,1,112.745,112.215,113.445,close,1.3207547169811078,0.006208701051044319,0.004700873652933621
2024-11-06,1,115.865,115.34,115.34,stop,-1.0,-0.0045311353730633774,0.004531135373063406
2024-11-07,1,117.65,117.43,118.74,close,4.954545454545431,0.009264768380790489,0.001869953251168711
2024-11-08,1,118.75,118.56,118.56,stop,-1.0,-0.0015999999999999348,0.0015999999999999808
2024-11-11,-1,118.365,118.64,117.925,close,1.5999999999999586,0.003717315084695638,0.0023233219279348264
2024-11-12,-1,117.815,117.985,117.985,stop,-1.0,-0.0014429402028603988,0.0014429402028604313
2024-11-13,1,117.99,117.75,117.75,stop,-1.0,-0.002034070683956224,0.0020340706839562244
2024-11-14,1,117.955,117.7825,117.7825,stop,-1.0,-0.0014624221101267043,0.0014624221101267384
2024-11-15,-1,115.615,115.965,114.405,close,3.457142857142755,0.010465770012541564,0.0030272888466030233
2024-11-18,-1,114.24,114.405,114.405,stop,-1.0,-0.0014443277310924874,0.0014443277310924917
2024-11-19,1,114.1275,114.005,115.35250000000002,target,10.0,0.010733609340430883,0.001073360934043086
2024-11-20,-1,115.495,115.805,115.59,close,-0.30645161290321987,-0.0008225464305813279,0.002684098878739359
2024-11-21,-1,116.565,117.275,117.275,stop,-1.0,-0.006091022176468064,0.006091022176468133
2024-11-22,1,116.85,116.53,116.53,stop,-1.0,-0.002738553701326474,0.0027385537013264287
2024-11-25,-1,117.535,117.765,117.765,stop,-1.0,-0.0019568639128770826,0.0019568639128770492
2024-11-26,1,117.66,117.325,117.325,stop,-1.0,-0.0028471868094509523,0.002847186809450907
2024-11-27,-1,116.285,116.655,115.78,close,1.3648648648648358,0.004342778518295565,0.0031818377262759993
2024-12-02,1,117.295,116.92,117.97,close,1.7999999999999925,0.005754721002600327,0.003197067223666823
2024-12-03,1,117.67,117.245,118.385,close,1.68235294117649,0.006076315118551889,0.003611795699838507
2024-12-04,-1,119.735,119.895,119.895,stop,-1.0,-0.001336284294483514,0.001336284294483623
2024-12-05,-1,120.365,120.43,120.43,stop,-1.0,-0.0005400240933828293,0.0005400240933827271
2024-12-06,1,120.34,120.035,120.415,close,0.24590163934426612,0.0006232341698522159,0.0025344856240652053
2024-12-09,-1,119.78,120.1347,120.1347,stop,-1.0,-0.002961262314242763,0.0029612623142427283
2024-12-10,-1,119.155,119.35,119.35,stop,-1.0,-0.001636523855482297,0.0016365238554822976
2024-12-11,-1,118.82,119.04,119.04,stop,-1.0,-0.001851540144756969,0.0018515401447568851
2024-12-12,-1,118.885,118.92,118.92,stop,-1.0,-0.0002944021533415331,0.0002944021533414357
2024-12-13,1,120.23,120.085,120.085,stop,-1.0,-0.0012060217915662585,0.0012060217915662499
2024-12-16,-1,119.7,119.85,119.85,stop,-1.0,-0.0012531328320801727,0.0012531328320801293
2024-12-17,-1,119.585,119.865,119.865,stop,-1.0,-0.002341430781452436,0.002341430781452533
2024-12-18,-1,120.055,120.4075,120.4075,stop,-1.0,-0.002936154262629609,0.0029361542626295616
2024-12-19,1,117.44,117.105,117.105,stop,-1.0,-0.0028525204359672873,0.002852520435967249
2024-12-20,-1,115.295,115.4925,115.4925,stop,-1.0,-0.0017129970944100847,0.0017129970944100362
2024-12-23,1,118.255,118.0,118.0,stop,-1.0,-0.002156357025072886,0.002156357025072897
2024-12-26,1,120.215,119.88,119.88,stop,-1.0,-0.002786673875972312,0.0027866738759722825
2024-12-27,-1,119.165,119.69,118.75,close,0.7904761904762152,0.0034825661897369686,0.004405656023161091
2024-12-30,-1,116.68,117.14,117.14,stop,-1.0,-0.003942406582104763,0.0039424065821048486
2024-12-31,-1,117.5,117.635,116.14999999999995,target,10.0,0.01148936170212811,0.0011489361702128095
2025-01-02,-1,116.705,117.35,117.35,stop,-1.0,-0.005526755494623226,0.005526755494623161
2025-01-03,1,116.765,116.465,117.87,close,3.6833333333333815,0.009463452233117842,0.0025692630497152155
2025-01-06,1,119.59,119.16,119.16,stop,-1.0,-0.003595618362739361,0.0035956183627394163
2025-01-07,-1,119.52,120.0,116.985,close,5.281249999999949,0.021209839357429705,0.004016064257028146
2025-01-08,-1,117.115,117.25,117.25,stop,-1.0,-0.001152713145199158,0.001152713145199207
2025-01-10,-1,115.065,115.73,114.395,close,1.0075187969924744,0.005822795811063375,0.005779342110980804
2025-01-13,1,112.675,112.505,112.505,stop,-1.0,-0.0015087641446638322,0.0015087641446638715
2025-01-14,1,114.555,114.155,114.155,stop,-1.0,-0.003491772511020952,0.003491772511020956
2025-01-15,1,115.57,115.305,115.305,stop,-1.0,-0.0022929826079430837,0.00229298260794312
2025-01-16,-1,116.6674,117.165,115.255,close,2.8384244372990137,0.012106209618111041,0.004265116047842033
2025-01-17,-1,116.965,117.47,117.06,close,-0.18811881188118756,-0.0008122087804043332,0.004317530885307531
2025-01-21,-1,117.28,117.525,117.525,stop,-1.0,-0.0020890177353343198,0.0020890177353342816
2025-01-22,1,119.835,119.455,120.685,close,2.2368421052632073,0.0070930863270330935,0.003171026828555893
2025-01-23,1,119.7951,119.65,120.935,close,7.855961405926964,0.009515414236475506,0.0012112348501733322
2025-01-24,-1,120.875,121.29,119.665,close,2.915662650602351,0.010010341261633915,0.003433298862461272
2025-01-27,1,115.02,114.15,114.15,stop,-1.0,-0.007563901930099037,0.0075639019300990295
2025-01-28,-1,114.195,114.685,114.685,stop,-1.0,-0.004290905906563447,0.004290905906563415
2025-01-29,-1,115.9946,116.645,115.845,close,0.23001230012301474,0.0012897152108806154,0.0056071575745766655
2025-01-30,-1,115.595,115.95,115.95,stop,-1.0,-0.003071067087676793,0.003071067087676837
2025-01-31,-1,117.055,117.3629,117.3629,stop,-1.0,-0.002630387424714886,0.002630387424714787
2025-02-03,1,112.925,112.68,112.68,stop,-1.0,-0.0021695815806950236,0.002169581580695066
2025-02-04,1,114.475,114.2,115.48,close,3.654545454545603,0.00877920943437438,0.0024022712382615547
2025-02-05,1,115.615,115.415,115.415,stop,-1.0,-0.0017298793409158408,0.001729879340915873
2025-02-06,1,117.102,116.79,116.79,stop,-1.0,-0.0026643439053133378,0.002664343905313296
2025-02-07,1,118.27,117.79,117.79,stop,-1.0,-0.004058510188551523,0.0040585101885515324
2025-02-10,1,117.58,117.295,118.135,close,1.9473684210526787,0.00472019050858985,0.0024238816125191067
2025-02-11,1,118.0,117.375,118.16,close,0.25599999999999457,0.0013559322033898091,0.005296610169491525
2025-02-12,1,116.835,116.37,117.93,close,2.354838709677502,0.009372191552189157,0.003979971755039066
2025-02-13,1,118.675,118.12,118.12,stop,-1.0,-0.004676637876553591,0.004676637876553551
2025-02-14,-1,119.435,119.57,119.57,stop,-1.0,-0.0011303219324318992,0.0011303219324317905
2025-02-18,1,121.015,120.605,120.5934,gap-stop,-1.0282926829268328,-0.003483865636491279,0.0033880097508573034
2025-02-19,-1,120.77,120.945,120.945,stop,-1.0,-0.0014490353564626801,0.0014490353564626743
2025-02-20,-1,120.955,121.135,120.71,close,1.3611111111110847,0.002025546690918145,0.0014881567525113209
2025-02-21,-1,120.59,120.775,120.775,stop,-1.0,-0.0015341238908699317,0.0015341238908699085
2025-02-24,-1,117.69,118.22,115.755,close,3.6509433962264115,0.01644149885291868,0.00450335627495965
2025-02-25,-1,115.18,115.615,114.24,close,2.1609195402299717,0.008161139086647062,0.0037766973432886617
2025-02-26,-1,115.105,115.445,115.445,stop,-1.0,-0.002953824768689328,0.0029538247686893633
2025-02-27,1,116.105,115.935,115.935,stop,-1.0,-0.0014641918952672528,0.0014641918952672296
2025-02-28,-1,109.975,110.92,110.92,stop,-1.0,-0.00859286201409426,0.00859286201409418
2025-03-03,-1,113.22,113.575,109.66999999999996,target,10.0,0.03135488429606115,0.003135488429606112
2025-03-04,1,108.57,108.235,108.235,stop,-1.0,-0.00308556691535411,0.003085566915354092
2025-03-05,-1,109.235,109.62,109.62,stop,-1.0,-0.003524511374559447,0.003524511374559483
2025-03-06,1,108.59,108.255,108.255,stop,-1.0,-0.0030849986186574085,0.003084998618657408
2025-03-07,1,108.085,107.585,107.585,stop,-1.0,-0.004625988805107117,0.004625988805107092
2025-03-10,-1,106.665,107.31,104.675,close,3.0852713178294904,0.01865654150846119,0.006046969483898148
2025-03-11,1,104.3,104.17,104.17,stop,-1.0,-0.00124640460210923,0.0012464046021092566
2025-03-12,1,106.48,105.9183,105.9183,stop,-1.0,-0.0052751690458302525,0.00527516904583022
2025-03-13,-1,105.45,105.565,105.565,stop,-1.0,-0.0010905642484588807,0.0010905642484589368
2025-03-14,1,105.745,105.155,106.9,close,1.9576271186440584,0.010922502245969135,0.005579460021750469
2025-03-17,1,107.46,106.77,106.77,stop,-1.0,-0.0064209938581797354,0.006420993858179767
2025-03-18,-1,106.8025,107.06,106.085,close,2.786407766990216,0.0067180075372768044,0.0024109922520540944
2025-03-19,-1,106.565,106.835,106.835,stop,-1.0,-0.0025336648993572464,0.0025336648993571627
2025-03-20,1,106.72,106.075,106.72,close,0.0,0.0,0.006043853073463231
2025-03-21,-1,105.225,105.695,105.695,stop,-1.0,-0.004466619149441575,0.004466619149441662
2025-03-24,-1,108.34,108.705,108.705,stop,-1.0,-0.0033690234447110168,0.0033690234447110476
2025-03-25,1,108.98,108.705,108.705,stop,-1.0,-0.002523398788768616,0.0025233987887686334
2025-03-26,1,108.87,108.76,108.76,stop,-1.0,-0.001010379351520152,0.0010103793515201564
2025-03-27,-1,105.7325,106.275,106.275,stop,-1.0,-0.0051308727212542315,0.005130872721254146
2025-03-28,-1,105.175,105.345,105.345,stop,-1.0,-0.001616353696220596,0.001616353696220601
2025-03-31,-1,100.725,101.59,101.59,stop,-1.0,-0.008587738893025554,0.008587738893025656
2025-04-01,-1,102.61,103.045,103.045,stop,-1.0,-0.004239352889581882,0.004239352889581934
2025-04-02,1,103.06,102.43,104.725,close,2.6428571428571495,0.01615563749272253,0.006112943916165296
2025-04-03,1,100.21,99.583,99.583,stop,-1.0,-0.006256860592755209,0.006256860592755168
2025-04-07,1,87.66,87.255,87.255,stop,-1.0,-0.00462012320328542,0.004620123203285434
2025-04-08,1,95.195,94.875,94.875,stop,-1.0,-0.003361521088292352,0.003361521088292381
2025-04-09,1,90.325,89.935,94.22500000000001,target,10.0,0.04317741489067273,0.004317741489067263
2025-04-10,1,98.85,98.11,98.11,stop,-1.0,-0.0074860900354071225,0.007486090035407131
2025-04-11,-1,96.485,97.06,97.06,stop,-1.0,-0.005959475566150285,0.005959475566150208
2025-04-14,-1,101.635,102.315,100.07,close,2.3014705882353366,0.015398238795690578,0.006690608550204089
2025-04-15,1,100.71,100.225,100.225,stop,-1.0,-0.004815807764869451,0.004815807764869421
2025-04-16,1,98.25,97.71,97.71,stop,-1.0,-0.005496183206106897,0.005496183206106934
2025-04-17,-1,97.005,97.65,96.42,close,0.9069767441860225,0.006030616978506154,0.006649141796814703
2025-04-21,1,95.08,94.85,94.85,stop,-1.0,-0.002419015565839344,0.002419015565839335
2025-04-22,-1,94.735,95.205,95.205,stop,-1.0,-0.004961207579036175,0.004961207579036247
2025-04-23,1,100.125,99.918,99.918,stop,-1.0,-0.0020674157303369745,0.0020674157303370152
2025-04-24,1,100.035,99.8351,102.03399999999999,target,10.0,0.019983005947918242,0.001998300594791818
2025-04-25,1,102.785,102.305,104.2,close,2.9479166666667425,0.013766600184851985,0.0046699421121758015
2025-04-28,-1,103.89,104.235,104.235,stop,-1.0,-0.003320820098180688,0.0033208200981807573
2025-04-29,1,103.82,103.565,104.565,close,2.9215686274510504,0.00717588133307645,0.002456174147563046
2025-04-30,1,102.675,102.235,102.235,stop,-1.0,-0.004285366447528638,0.004285366447528588
2025-05-01,1,107.29,107.1,107.1,stop,-1.0,-0.0017709012955542391,0.0017709012955542168
2025-05-02,-1,107.755,107.8875,107.8875,stop,-1.0,-0.001229641315948271,0.0012296413159482845
2025-05-05,1,107.825,107.32,107.715,close,-0.21782178217821252,-0.0010201715743102246,0.00468351495478794
2025-05-06,1,106.435,105.95,105.95,stop,-1.0,-0.0045567717386197915,0.00455677173861981
2025-05-07,1,106.895,106.555,106.555,stop,-1.0,-0.0031806913326160036,0.003180691332616018
2025-05-08,-1,108.59,109.065,109.065,stop,-1.0,-0.004374251772722992,0.004374251772723034
2025-05-09,1,109.5525,109.385,109.385,stop,-1.0,-0.001528947308368056,0.0015289473083680406
2025-05-12,-1,112.82,113.465,113.465,stop,-1.0,-0.005717071441234012,0.005717071441233915
2025-05-13,1,114.585,114.13,116.28,close,3.7252747252747556,0.014792512108914746,0.0039708513330715045
2025-05-14,1,117.495,116.78,116.78,stop,-1.0,-0.00608536533469517,0.006085365334695122
2025-05-15,1,116.87,116.43,116.43,stop,-1.0,-0.0037648669461795015,0.0037648669461794963
2025-05-16,-1,117.065,117.605,117.445,close,-0.7037037037036872,-0.0032460598812624752,0.004612821936531041
2025-05-19,1,115.915,115.67,117.265,close,5.510204081632527,0.011646465082172153,0.0021136177371350088
2025-05-20,-1,116.5,116.72,116.72,stop,-1.0,-0.0018884120171673846,0.0018884120171673722
2025-05-21,1,115.965,115.735,115.735,stop,-1.0,-0.0019833570473850592,0.001983357047385021
2025-05-22,-1,114.49,115.02,115.02,stop,-1.0,-0.004629225259848102,0.004629225259848032
2025-05-23,1,113.185,112.551,113.37,close,0.2917981072555239,0.0016344922030304687,0.005601448955250257
2025-05-27,-1,115.005,115.305,115.305,stop,-1.0,-0.002608582235555046,0.002608582235555075
2025-05-28,1,116.5,116.24,116.24,stop,-1.0,-0.0022317596566524545,0.0022317596566524046
2025-05-29,-1,117.07,117.49,115.815,close,2.988095238095215,0.010720082002220854,0.0035875971640898755
2025-05-30,-1,115.43,115.805,115.805,stop,-1.0,-0.0032487221692800716,0.003248722169280083
2025-06-02,1,115.8375,115.065,115.065,stop,-1.0,-0.006668824862415046,0.006668824862415089
2025-06-03,-1,116.625,116.875,116.875,stop,-1.0,-0.002143622722400762,0.0021436227224008574
2025-06-04,1,118.43,118.2742,118.2742,stop,-1.0,-0.0013155450477075892,0.0013155450477076204
2025-06-05,1,118.875,118.74,118.74,stop,-1.0,-0.0011356466876971671,0.001135646687697204
2025-06-06,-1,119.12,119.315,119.315,stop,-1.0,-0.0016370047011415867,0.0016370047011416485
2025-06-09,1,119.895,119.555,119.76,close,-0.39705882352939764,-0.0011259852370824053,0.0028358146711705175
2025-06-10,1,119.785,119.74,119.74,stop,-1.0,-0.00037567308093666707,0.00037567308093669244
2025-06-11,-1,120.54,120.73,120.73,stop,-1.0,-0.0015762402521983798,0.0015762402521984215
2025-06-12,1,120.49,120.125,121.29,close,2.1917808219178703,0.0066395551498050764,0.003029297037098472
2025-06-13,1,120.2525,119.8001,119.8001,stop,-1.0,-0.003762083948358641,0.0037620839483586393
2025-06-16,1,120.83,120.305,121.565,close,1.4000000000000217,0.006082926425556634,0.004344947446826048
2025-06-17,1,121.325,120.935,120.935,stop,-1.0,-0.0032145064908304377,0.0032145064908304186
2025-06-18,-1,120.5425,121.025,121.025,stop,-1.0,-0.004002737623659769,0.0040027376236597195
2025-06-20,-1,121.235,121.44,121.44,stop,-1.0,-0.001690930836804494,0.001690930836804539
2025-06-23,-1,119.635,120.19,120.19,stop,-1.0,-0.004639110628160692,0.004639110628160593
2025-06-24,1,122.785,122.53,123.63,close,3.3137254901961333,0.006881948120698755,0.0020768009121635007
2025-06-25,1,124.59,124.15,124.675,close,0.19318181818180497,0.0006822377397863733,0.003531583594188921
2025-06-26,-1,125.1,125.4075,125.4075,stop,-1.0,-0.0024580335731414493,0.0024580335731415235
2025-06-27,1,125.935,125.65,125.65,stop,-1.0,-0.0022630722197959363,0.0022630722197958995
2025-06-30,-1,126.05,126.55,126.55,stop,-1.0,-0.003966679888933067,0.0039666798889329636
2025-07-01,1,126.365,126.2,126.2,stop,-1.0,-0.00130574130494987,0.0013057413049498837
2025-07-02,-1,125.1725,125.35,125.35,stop,-1.0,-0.0014180431005212935,0.0014180431005212397
2025-07-07,1,128.0225,127.795,127.795,stop,-1.0,-0.001777031381202554,0.0017770313812025718
2025-07-08,-1,127.69,128.13,128.13,stop,-1.0,-0.003445845406844672,0.003445845406844684
2025-07-09,1,128.945,128.55,128.55,stop,-1.0,-0.003063321571212363,0.0030633215712123915
2025-07-10,-1,128.755,129.35,128.5,close,0.4285714285714217,0.0019805056114324815,0.004621179760009311
2025-07-11,1,128.03,127.76,127.76,stop,-1.0,-0.0021088807310786217,0.002108880731078622
2025-07-14,-1,127.24,127.705,127.705,stop,-1.0,-0.0036545111600125857,0.0036545111600126017
2025-07-15,-1,129.3,129.465,129.465,stop,-1.0,-0.001276102088167086,0.0012761020881669916
2025-07-16,-1,128.77,129.1075,129.1075,stop,-1.0,-0.0026209520851128154,0.0026209520851128154
2025-07-17,-1,129.41,129.595,129.595,stop,-1.0,-0.0014295649486129047,0.0014295649486129533
2025-07-18,-1,130.865,131.075,130.445,close,2.000000000000271,0.0032094142818936966,0.0016047071409466208
2025-07-21,1,130.62,130.4375,130.66,close,0.21917808219173177,0.0003062318174857914,0.0013971826672791652
2025-07-22,-1,130.13,130.6073,129.38,close,1.5713387806410608,0.005763467301928893,0.0036678705909476204
2025-07-23,-1,129.465,129.82,129.82,stop,-1.0,-0.002742053836944258,0.0027420538369442686
2025-07-24,-1,130.465,130.64,130.64,stop,-1.0,-0.0013413559192119173,0.0013413559192119184
2025-07-25,-1,130.585,130.685,130.685,stop,-1.0,-0.0007657847379101135,0.0007657847379101298
2025-07-28,1,131.6,131.395,131.395,stop,-1.0,-0.0015577507598782958,0.0015577507598782986
2025-07-29,1,133.49,132.8525,132.8525,stop,-1.0,-0.004775638624616163,0.004775638624616204
2025-07-30,-1,132.15,132.285,132.285,stop,-1.0,-0.0010215664018160542,0.0010215664018160492
2025-07-31,-1,133.365,134.005,131.23,close,3.3359375000001013,0.016008697934240756,0.00479886027068561
2025-08-01,-1,129.47,129.985,128.53,close,1.8252427184465452,0.007260369197497507,0.003977755464586505
2025-08-04,1,129.97,129.745,131.125,close,5.133333333333468,0.008886666153727685,0.0017311687312456284
2025-08-05,-1,131.24,131.655,131.655,stop,-1.0,-0.003162145687290341,0.0031621456872903994
2025-08-06,1,130.63,130.1,131.55,close,1.7358490566037998,0.007042792620378213,0.0040572609660874314
2025-08-07,-1,132.795,133.02,133.02,stop,-1.0,-0.001694340901389424,0.0016943409013895309
2025-08-08,-1,131.92,132.16,132.16,stop,-1.0,-0.0018192844147968401,0.0018192844147969158
2025-08-11,-1,132.54,132.98,132.98,stop,-1.0,-0.0033197525275387996,0.003319752527538839
2025-08-12,1,132.815,132.48,132.48,stop,-1.0,-0.0025223054624854413,0.002522305462485472
2025-08-13,1,134.93,134.66,134.66,stop,-1.0,-0.0020010375750389997,0.002001037575038985
2025-08-14,1,133.695,133.245,133.245,stop,-1.0,-0.0033658700774149564,0.003365870077414927
2025-08-15,-1,133.0475,133.685,132.85,close,0.30980392156866327,0.0014844322516396335,0.004791521824912069
2025-08-18,1,133.145,132.68,132.68,stop,-1.0,-0.0034924330616996624,0.0034924330616996763
2025-08-19,-1,132.48,133.115,130.82,close,2.6141732283463717,0.012530193236715004,0.004793176328502562
2025-08-20,-1,130.045,130.48,129.95,close,0.21839080459769739,0.0007305163597216557,0.0033449959629359245
2025-08-21,-1,129.51,129.785,129.785,stop,-1.0,-0.002123388155354844,0.002123388155354843
2025-08-22,-1,129.18,129.42,129.42,stop,-1.0,-0.0018578727357174696,0.0018578727357174535
2025-08-25,-1,130.69,131.265,131.265,stop,-1.0,-0.004399724538985295,0.004399724538985298
2025-08-26,1,131.2,130.98,130.98,stop,-1.0,-0.0016768292682927122,0.0016768292682926744
2025-08-27,-1,131.455,131.645,131.645,stop,-1.0,-0.0014453615305618506,0.0014453615305617719
2025-08-28,1,132.825,132.2725,132.2725,stop,-1.0,-0.004159608507434465,0.004159608507434449
2025-08-29,-1,132.41,132.71,131.235,close,3.9166666666664613,0.008873952118419903,0.00226568990257542
2025-09-02,-1,128.61,128.905,128.905,stop,-1.0,-0.0022937563175491338,0.002293756317549082
2025-09-03,-1,130.245,130.6,130.6,stop,-1.0,-0.0027256324618987193,0.002725632461898651
2025-09-04,1,130.155,129.965,129.965,stop,-1.0,-0.0014597979332334754,0.0014597979332334348
2025-09-05,-1,132.26,132.615,131.45,close,2.28169014084496,0.006124300619990919,0.002684107061848013
2025-09-08,1,132.4125,132.09,132.415,close,0.007751937984489293,1.8880392712139482e-05,0.0024355706598696565
2025-09-09,1,132.785,132.53,132.53,stop,-1.0,-0.001920397635275073,0.0019203976352750345
2025-09-10,-1,135.3225,135.355,135.355,stop,-1.0,-0.00024016700844287087,0.00024016700844278568
2025-09-11,-1,135.82,136.115,135.46,close,1.2203389830507314,0.002650566926814757,0.002171992342806773
2025-09-12,-1,135.45,135.93,135.435,close,0.031249999999970395,0.00011074197120697349,0.003543743078626934
2025-09-15,-1,135.62,135.795,135.795,stop,-1.0,-0.0012903701518949262,0.001290370151894875
2025-09-16,-1,136.705,137.0675,136.1725,close,1.4689655172414453,0.0038952488936030427,0.002651695256208499
2025-09-17,-1,135.9,136.26,135.725,close,0.4861111111111627,0.001287711552612314,0.0026490066225164474
2025-09-18,1,137.545,137.3625,137.3625,stop,-1.0,-0.001326838489221549,0.0013268384892215358
2025-09-19,-1,138.37,138.615,138.615,stop,-1.0,-0.0017706150177061453,0.001770615017706183
2025-09-22,1,139.32,139.02,141.335,close,6.7166666666670976,0.01446310651737015,0.0021533161068043568
2025-09-23,1,141.31,141.115,141.115,stop,-1.0,-0.001379944802207822,0.0013799448022078634
2025-09-24,-1,140.04,140.485,139.24,close,1.7977528089886385,0.005712653527563449,0.003177663524707381
2025-09-25,-1,137.72,138.03,138.03,stop,-1.0,-0.00225094394423464,0.0022509439442346957
2025-09-26,1,139.3,138.7025,138.7025,stop,-1.0,-0.004289303661163091,0.004289303661163137
2025-09-29,1,140.53,140.21,140.21,stop,-1.0,-0.0022770938589624645,0.0022770938589624506
2025-09-30,-1,140.04,140.25,140.25,stop,-1.0,-0.0014995715509855678,0.0014995715509854895
2025-10-01,1,140.655,140.17,142.29,close,3.371134020618443,0.011624186840140771,0.00344815328285531
2025-10-02,-1,143.485,143.635,143.635,stop,-1.0,-0.0010454054430775184,0.0010454054430775151
2025-10-03,1,143.515,143.115,143.115,stop,-1.0,-0.0027871651046926793,0.002787165104692731
2025-10-06,-1,144.165,144.475,144.475,stop,-1.0,-0.0021503138764609186,0.0021503138764610154
2025-10-07,1,144.545,144.415,144.415,stop,-1.0,-0.0008993738974021337,0.0008993738974021617
2025-10-08,1,143.66,143.0925,145.34,close,2.960352422907525,0.011694278156759053,0.003950299317833743
2025-10-09,-1,145.1,145.41,145.12,close,-0.06451612903229059,-0.0001378359751895708,0.002136457615437645
2025-10-10,1,145.445,145.3,145.3,stop,-1.0,-0.0009969404242151647,0.0009969404242152142
2025-10-13,-1,141.785,142.455,142.455,stop,-1.0,-0.004725464611912589,0.004725464611912515
2025-10-14,-1,140.08,140.77,140.77,stop,-1.0,-0.004925756710451257,0.004925756710451154
2025-10-15,-1,142.32,142.765,142.765,stop,-1.0,-0.00312675660483408,0.0031267566048341286
2025-10-16,1,143.245,142.95,142.95,stop,-1.0,-0.002059408705365029,0.0020594087053650454
2025-10-17,1,141.715,141.06,141.06,stop,-1.0,-0.004621952510320049,0.004621952510320017
2025-10-20,1,143.605,143.235,144.105,close,1.3513513513514386,0.003481772918770165,0.00257651195988981
2025-10-21,-1,143.85,144.1,144.1,stop,-1.0,-0.001737921445950752,0.001737921445950643
2025-10-22,-1,143.68,144.17,144.17,stop,-1.0,-0.003410356347438581,0.003410356347438618
2025-10-23,1,142.785,142.185,144.53,close,2.9083333333333683,0.012221171691704447,0.004202122071646141
2025-10-24,1,146.4575,146.035,146.82,close,0.8579881656804053,0.002475120768823613,0.002884795930560153
2025-10-27,-1,148.75,148.925,148.925,stop,-1.0,-0.0011764705882353343,0.0011764705882353706
2025-10-28,1,150.345,150.15,150.15,stop,-1.0,-0.0012970168612191912,0.0012970168612191505
2025-10-29,1,152.38,152.205,152.205,stop,-1.0,-0.0011484446777790813,0.0011484446777791243
2025-10-30,-1,150.855,151.5575,151.5575,stop,-1.0,-0.0046567896324285485,0.004656789632428589
2025-10-31,-1,151.565,151.82,150.3,close,4.960784313725525,0.008346254082406745,0.0016824464751096588
2025-11-03,-1,151.675,152.11,150.985,close,1.5862068965517107,0.0045492005933739366,0.0028679742871270957
2025-11-04,-1,147.62,148.29,148.29,stop,-1.0,-0.004538680395610228,0.004538680395610266
2025-11-05,-1,146.615,147.055,147.055,stop,-1.0,-0.003001057190601175,0.003001057190601219
2025-11-06,-1,147.145,147.47,143.89500000000012,target,10.0,0.022087056984606224,0.0022087056984606245
2025-11-07,-1,143.23,143.555,143.555,stop,-1.0,-0.0022690777071843193,0.0022690777071843683
2025-11-10,1,146.9375,146.6,146.6,stop,-1.0,-0.00229689493832419,0.002296894938324156
2025-11-11,-1,146.785,147.0,147.0,stop,-1.0,-0.0014647273222740953,0.0014647273222740977
2025-11-12,-1,147.24,147.73,146.995,close,0.500000000000029,0.0016639500135833263,0.0033279000271663993
2025-11-13,-1,145.825,146.34,143.28,close,4.941747572815368,0.01745242585290585,0.003531630378878895
2025-11-14,-1,140.425,141.015,141.015,stop,-1.0,-0.004201531066405417,0.0042015310664053765
2025-11-17,1,143.255,142.29,142.29,stop,-1.0,-0.006736239572789793,0.006736239572789804
2025-11-18,1,140.795,140.375,140.375,stop,-1.0,-0.0029830604779997882,0.0029830604779998403
2025-11-19,1,139.725,139.255,139.255,stop,-1.0,-0.00336375022365365,0.0033637502236535974
2025-11-20,-1,143.615,144.0025,144.0025,stop,-1.0,-0.002698186122619406,0.002698186122619424
2025-11-21,-1,136.27,136.705,136.705,stop,-1.0,-0.003192191971820746,0.0031921919718206665
2025-11-24,1,138.45,137.435,139.905,close,1.4334975369458445,0.010509209100758587,0.007331166486095966
2025-11-25,1,138.66,138.46,138.46,stop,-1.0,-0.0014423770373575007,0.0014423770373574833
2025-11-26,-1,141.78,141.885,141.885,stop,-1.0,-0.0007405840033853917,0.0007405840033854546
2025-12-01,1,141.735,141.36,141.36,stop,-1.0,-0.002645782622499704,0.002645782622499735
2025-12-02,1,144.7,143.91,143.905,gap-stop,-1.006329113924045,-0.005494125777470549,0.005459571527297803
2025-12-03,-1,143.595,144.005,144.005,stop,-1.0,-0.002855252620216575,0.0028552526202165578
2025-12-04,-1,144.675,145.275,145.275,stop,-1.0,-0.004147226542249749,0.0041472265422498305
2025-12-05,1,146.44,146.0901,146.0901,stop,-1.0,-0.0023893744878448198,0.00238937448784479
2025-12-08,1,148.06,147.36,147.36,stop,-1.0,-0.004727813048763907,0.004727813048763937
2025-12-09,-1,147.17,147.47,147.47,stop,-1.0,-0.002038458925052833,0.0020384589250527375
2025-12-10,-1,147.28,147.69,147.69,stop,-1.0,-0.0027838131450299564,0.002783813145029852
2025-12-11,-1,146.44,147.06,147.06,stop,-1.0,-0.004233815897295878,0.004233815897295852
2025-12-12,-1,146.75,146.94,146.94,stop,-1.0,-0.001294718909710335,0.0012947189097103763
2025-12-15,-1,144.18,144.63,142.31,close,4.1555555555556705,0.012969898737689056,0.003121098626716525
2025-12-16,1,142.27,141.77,141.77,stop,-1.0,-0.003514444366345626,0.0035144443663456806
2025-12-17,-1,142.56,142.84,139.76,target,10.0,0.019640852974186385,0.0019640852974186387
2025-12-18,1,141.92,141.7,141.7,stop,-1.0,-0.0015501691093573466,0.0015501691093573766
2025-12-19,1,143.38,142.57,144.61,close,1.5185185185185368,0.008578602315525208,0.005649323476077572
2025-12-22,-1,145.16,146.01,145.16,close,-0.0,-0.0,0.0058556076054008975
2025-12-23,1,145.1,144.65,144.65,stop,-1.0,-0.003101309441764233,0.0031013094417642224
2025-12-26,1,146.72,146.49,146.49,stop,-1.0,-0.0015676117775353937,0.001567611777535372
2025-12-29,1,145.68,145.04,145.89,close,0.3281249999999605,0.001441515650741243,0.004393190554640409
2025-12-30,-1,145.8,146.05,146.05,stop,-1.0,-0.0017146776406036235,0.0017146776406035665
2025-12-31,-1,145.56,145.8,143.98,close,6.583333333333136,0.010854630392965192,0.0016488046166529891
2026-01-02,1,145.9,145.61,145.61,stop,-1.0,-0.0019876627827278837,0.001987662782727841
2026-01-05,-1,145.71,146.39,144.65,close,1.5588235294118176,0.0072747237663852715,0.004666803925605507
2026-01-06,-1,145.11,145.4,145.4,stop,-1.0,-0.001998483908758786,0.0019984839087588174
2026-01-07,1,146.57,146.04,146.52,close,-0.09433962264147705,-0.00034113392918044827,0.0036160196493143287
2026-01-08,-1,145.23,145.93,144.23,close,1.4285714285713937,0.006885629690835282,0.004819940783584777
2026-01-09,-1,144.41,144.66,144.66,stop,-1.0,-0.0017311820511045628,0.0017311820511044943
2026-01-12,1,146.03,145.05,146.79,close,0.7755102040816315,0.0052044100527288695,0.006710949804834553
2026-01-13,1,147.08,146.6,146.6,stop,-1.0,-0.0032635300516726806,0.0032635300516726824
2026-01-14,1,145.83,145.02,145.02,stop,-1.0,-0.005554412672289621,0.005554412672289667
2026-01-15,1,147.0,146.84,146.84,stop,-1.0,-0.001088435374149599,0.0010884353741496366
2026-01-20,1,143.84,142.9,142.9,stop,-1.0,-0.006535038932146797,0.006535038932146814
2026-01-21,-1,142.345,142.85,142.85,stop,-1.0,-0.003547718571077274,0.00354771857107728
2026-01-22,-1,145.14,145.7,144.91,close,0.41071428571426577,0.001584676863717771,0.0038583436681824605
2026-01-23,-1,144.055,144.7,144.7,stop,-1.0,-0.004477456527020696,0.004477456527020803
2026-01-26,1,145.51,144.89,146.1,close,0.9516129032258049,0.004054704144045074,0.004260875541199949
2026-01-27,-1,147.34,147.84,147.84,stop,-1.0,-0.003393511605809696,0.003393511605809692
2026-01-28,1,149.28,148.87,148.87,stop,-1.0,-0.002746516613076122,0.0027465166130760756
2026-01-29,-1,147.37,147.93,146.84,close,0.9464285714285696,0.0035963900386781766,0.0037999592861505207
2026-01-30,1,146.24,145.73,145.73,stop,-1.0,-0.0034874179431073626,0.003487417943107353
2026-02-02,1,144.26,143.39,145.28,close,1.172413793103454,0.007070567031748354,0.006030777762373524
2026-02-03,-1,144.91,145.97,142.04,close,2.707547169811319,0.019805396452970858,0.007314885101097249
2026-02-04,-1,140.04,140.99,140.99,stop,-1.0,-0.00678377606398195,0.006783776063981842
2026-02-05,1,137.37,136.6,136.6,stop,-1.0,-0.00560529955594391,0.005605299555943875
2026-02-06,1,138.63,137.42,141.06,close,2.00826446280991,0.01752867344730591,0.008728269494337504
2026-02-09,1,140.655,139.91,143.32,close,3.5771812080536587,0.018947069069709555,0.0052966478262415455
2026-02-10,-1,143.49,144.15,142.55,close,1.424242424242428,0.006550979162310955,0.0045996236671544816
2026-02-11,-1,144.08,144.755,142.94,close,1.6888888888889535,0.007912270960577561,0.004684897279289165
2026-02-12,-1,143.27,143.43,143.43,stop,-1.0,-0.0011167725273957263,0.0011167725273958022
2026-02-13,-1,139.22,139.94,139.94,stop,-1.0,-0.005171670736963119,0.005171670736963072
2026-02-17,1,139.13,138.0,138.0,stop,-1.0,-0.00812190038093863,0.008121900380938659
2026-02-18,-1,139.36,140.08,140.08,stop,-1.0,-0.005166475315729002,0.005166475315729039
2026-02-19,-1,139.86,140.35,140.35,stop,-1.0,-0.003503503503503369,0.003503503503503365
2026-02-20,1,139.76,138.97,140.9,close,1.4430379746835775,0.00815684029765329,0.005652547223812193
2026-02-23,1,140.33,139.84,139.84,stop,-1.0,-0.003491769400698397,0.0034917694006984185
2026-02-24,-1,138.56,139.34,139.34,stop,-1.0,-0.0056293302540415535,0.005629330254041579
2026-02-25,1,141.44,141.21,143.0,close,6.782608695652486,0.011029411764705843,0.0016261312217193847
2026-02-26,-1,142.25,143.01,141.01,close,1.6315789473684525,0.00871704745166968,0.00534270650263614
2026-02-27,1,138.79,138.07,138.07,stop,-1.0,-0.005187693637870194,0.005187693637870155
2026-03-02,1,138.115,136.56,139.51,close,0.8971061093247432,0.010100278753212732,0.011258733663975722
2026-03-03,-1,136.1,136.74,136.74,stop,-1.0,-0.004702424687729634,0.00470242468772972
2026-03-04,1,139.03,138.11,138.11,stop,-1.0,-0.006617276846723641,0.006617276846723638
2026-03-05,1,140.0,139.16,139.16,stop,-1.0,-0.006000000000000005,0.006000000000000024
2026-03-06,1,138.3,137.82,137.82,stop,-1.0,-0.003470715835141136,0.003470715835141129
2026-03-09,1,136.29,135.76,135.76,stop,-1.0,-0.0038887666006309773,0.003888766600631016
2026-03-10,1,139.93,139.77,139.77,stop,-1.0,-0.0011434288572857998,0.0011434288572857614
2026-03-11,1,140.77,140.55,140.55,stop,-1.0,-0.001562832989983609,0.001562832989983653
2026-03-12,1,139.53,139.07,139.07,stop,-1.0,-0.003296782054038605,0.003296782054038615
2026-03-13,1,138.8,138.4,138.4,stop,-1.0,-0.0028818443804035088,0.002881844380403499
2026-03-16,1,139.17,138.62,138.62,stop,-1.0,-0.003952001149672979,0.00395200114967294
2026-03-17,1,139.68,138.98,138.98,stop,-1.0,-0.005011454753722888,0.005011454753722917
2026-03-18,1,139.43,139.03,139.03,stop,-1.0,-0.0028688230653375335,0.002868823065337486
2026-03-19,-1,135.78,136.055,136.055,stop,-1.0,-0.0020253351008985288,0.0020253351008985543
2026-03-20,-1,137.345,137.98,135.34,close,3.157480314960668,0.014598274418435309,0.004623393643743791
2026-03-23,1,137.55,136.89,136.89,stop,-1.0,-0.004798255179934707,0.004798255179934751
2026-03-24,1,136.5,136.04,136.04,stop,-1.0,-0.0033699633699634246,0.003369963369963428
2026-03-25,-1,137.245,137.44,137.44,stop,-1.0,-0.001420816787496726,0.0014208167874967626
2026-03-26,-1,135.1,135.18,135.18,stop,-1.0,-0.0005921539600297621,0.0005921539600297003
2026-03-27,-1,131.24,131.78,131.78,stop,-1.0,-0.0041145992075586335,0.00411459920755861
2026-03-30,-1,130.81,131.55,127.5,close,4.472972972972921,0.025303875850470114,0.005657059857809106
2026-03-31,1,129.55,128.98,132.91,close,5.894736842105014,0.02593593207255873,0.004399845619452116
2026-04-01,1,134.73,133.76,134.94,close,0.2164948453608332,0.00155867290135836,0.007199584353892963
2026-04-02,1,132.31,131.84,131.84,stop,-1.0,-0.003552263623308849,0.003552263623308887
2026-04-06,1,136.87,136.41,136.41,stop,-1.0,-0.003360853364506533,0.003360853364506524
2026-04-07,1,136.21,135.75,135.75,stop,-1.0,-0.003377138242419808,0.003377138242419851
2026-04-08,1,143.21,142.81,142.81,stop,-1.0,-0.0027931010404301793,0.002793101040430177
2026-04-09,-1,141.13,141.925,141.925,stop,-1.0,-0.005633104230142516,0.005633104230142535
2026-04-10,-1,142.43,142.89,142.89,stop,-1.0,-0.0032296566734535403,0.0032296566734534827
2026-04-13,1,142.56,142.28,142.28,stop,-1.0,-0.0019640852974186496,0.0019640852974186387
2026-04-14,-1,146.835,147.25,147.25,stop,-1.0,-0.0028263016310825506,0.002826301631082453
2026-04-15,1,148.67,148.06,148.06,stop,-1.0,-0.00410304701688291,0.00410304701688293
2026-04-16,1,151.01,150.265,150.265,stop,-1.0,-0.004933448116018813,0.004933448116018837
2026-04-17,-1,153.95,154.31,154.31,stop,-1.0,-0.0023384215654433937,0.0023384215654434146
2026-04-20,1,154.51,153.89,153.89,stop,-1.0,-0.0040126852630898435,0.0040126852630897976
2026-04-21,1,155.06,154.85,154.85,stop,-1.0,-0.0013543144589192035,0.0013543144589191795
2026-04-22,-1,155.99,156.49,156.49,stop,-1.0,-0.0032053336752355666,0.0032053336752355917
2026-04-23,-1,156.54,156.91,156.91,stop,-1.0,-0.0023636131340232236,0.002363613134023282
2026-04-24,1,159.13,158.42,158.42,stop,-1.0,-0.00446176082448313,0.004461760824483177
2026-04-27,-1,159.85,160.33,160.33,stop,-1.0,-0.0030028151391932045,0.0030028151391931074
2026-04-28,1,157.46,156.65,156.65,stop,-1.0,-0.005144163597104012,0.005144163597104041
2026-04-29,-1,158.07,158.84,158.84,stop,-1.0,-0.004871259568545616,0.004871259568545646
2026-04-30,-1,158.47,159.65,159.65,stop,-1.0,-0.007446204328895201,0.007446204328895102
2026-05-01,1,161.07,160.14,161.89,close,0.8817204301075131,0.005090954243496482,0.005773887129819376
2026-05-04,-1,162.48,162.81,162.81,stop,-1.0,-0.002031019202363371,0.002031019202363445
2026-05-05,-1,163.89,164.1052,164.1052,stop,-1.0,-0.0013130758435535572,0.0013130758435536646
2026-05-06,1,168.3,166.96,166.96,stop,-1.0,-0.007961972667855033,0.00796197266785504
2026-05-07,-1,170.09,170.5,170.5,stop,-1.0,-0.0024104885648774665,0.0024104885648773976
2026-05-08,1,172.13,171.3,175.56,close,4.1325301204820155,0.019926799511996718,0.004821936908150724
2026-05-11,1,177.45,175.87,177.89,close,0.2784810126582292,0.0024795717103409665,0.0089039165962242
2026-05-12,-1,175.98,176.27,176.27,stop,-1.0,-0.001647914535742867,0.0016479145357428144
2026-05-13,-1,176.77,177.36,177.36,stop,-1.0,-0.003337670419188754,0.0033376704191887953
2026-05-14,1,177.66,176.865,179.48,close,2.2893081761006564,0.010244286840031425,0.00447483958122249
2026-05-15,-1,176.17,176.29,174.96999999999994,target,10.0,0.006811602429471764,0.0006811602429471792
2026-05-18,-1,176.835,177.85,174.375,close,2.423645320197085,0.013911273220799103,0.0057398139508580675
2026-05-19,1,173.83,172.64,172.64,stop,-1.0,-0.006845768854628287,0.006845768854628235
2026-05-20,1,174.79,174.47,174.47,stop,-1.0,-0.001830768350592149,0.0018307683505921003
2026-05-21,1,177.385,175.83,178.5425,close,0.7443729903537074,0.006525354454999022,0.008766242917946717
2026-05-22,1,180.48,179.76,179.76,stop,-1.0,-0.003989361702127603,0.003989361702127653
2026-05-26,-1,182.79,183.43,183.43,stop,-1.0,-0.0035012856283167526,0.0035012856283167283
2026-05-27,-1,185.66,186.265,184.42,close,2.0495867768595537,0.0066788753635678155,0.003258644834643918
2026-05-28,-1,184.73,185.52,185.52,stop,-1.0,-0.004276511665674443,0.004276511665674338
2026-05-29,1,189.63,189.195,191.07,close,3.310344827586184,0.007593735168486049,0.002293940832146824
2026-06-01,1,192.7,191.15,195.74,close,1.96129032258068,0.01577581733264144,0.008043591074208526
2026-06-02,-1,196.37,196.74,196.74,stop,-1.0,-0.0018841981972805844,0.0018841981972806668
2026-06-03,-1,197.53,198.73,196.25,close,1.0666666666666778,0.006480028350124067,0.006075026578241222
2026-06-04,1,191.52,190.7332,190.7332,stop,-1.0,-0.004108187134502894,0.004108187134502921
2026-06-05,-1,188.52,189.22,181.52000000000012,target,10.0,0.03713133884998876,0.0037131338849988784
2026-06-08,-1,183.98,185.56,185.56,stop,-1.0,-0.008587889988042274,0.008587889988042247
2026-06-09,-1,184.885,186.15,186.15,stop,-1.0,-0.0068420910295590165,0.006842091029558996
2026-06-10,-1,177.78,179.15,179.15,stop,-1.0,-0.007706153673079141,0.007706153673079112
2026-06-11,-1,177.54,178.1,178.1,stop,-1.0,-0.003154218767601691,0.00315421876760168
2026-06-12,-1,182.16,183.39,183.39,stop,-1.0,-0.006752305665349123,0.006752305665349088
2026-06-15,-1,190.37,190.76,190.76,stop,-1.0,-0.0020486421179806147,0.0020486421179807027
2026-06-16,-1,190.855,191.55,191.55,stop,-1.0,-0.0036415079510623283,0.003641507951062438
2026-06-17,-1,188.28,189.13,189.13,stop,-1.0,-0.004514552793711379,0.0045145527937114635
2026-06-18,-1,189.92,190.88,190.88,stop,-1.0,-0.005054759898904804,0.0050547598989048445
2026-06-22,-1,192.87,193.55,193.55,stop,-1.0,-0.003525690879867316,0.0035256908798673033
2026-06-23,1,185.21,183.71,183.71,stop,-1.0,-0.008098914745424124,0.008098914745424114
2026-06-24,1,184.84,183.58,183.58,stop,-1.0,-0.006816706340618817,0.006816706340618864
2026-06-25,-1,187.49,188.41,184.57,close,3.173913043478321,0.015574163955411002,0.004906928369512974
2026-06-26,-1,180.11,181.29,181.29,stop,-1.0,-0.006551551829437452,0.006551551829437446
2026-06-29,1,183.4,182.13,182.13,stop,-1.0,-0.006924754634678343,0.006924754634678354
2026-06-30,1,187.08,185.6,190.42,close,2.256756756756712,0.01785332478084234,0.007911054094505121
2026-07-01,-1,186.01,187.36,187.36,stop,-1.0,-0.007257674318585039,0.007257674318585145
2026-07-02,1,185.87,184.71,184.71,stop,-1.0,-0.006240921073868866,0.006240921073868815
2026-07-06,1,183.825,182.04,183.61,close,-0.1204481792716949,-0.0011695906432747094,0.009710322317421442
2026-07-07,-1,179.05,180.5,180.5,stop,-1.0,-0.00809829656520522,0.008098296565205186
2026-07-08,1,179.29,177.43,177.43,stop,-1.0,-0.010374254001896288,0.010374254001896286
2026-07-09,1,184.95,183.885,183.885,stop,-1.0,-0.00575831305758312,0.005758313057583119
2026-07-10,1,184.68,183.91,183.91,stop,-1.0,-0.00416937405241502,0.004169374052415044
2026-07-13,-1,182.975,183.63,183.63,stop,-1.0,-0.0035797240060118085,0.0035797240060117565
2026-07-14,-1,182.36,183.793,183.793,stop,-1.0,-0.007858082912919562,0.00785808291291946
2026-07-15,-1,184.6,185.29,181.59,close,4.362318840579712,0.01630552546045494,0.0037378114842903454
2026-07-16,-1,178.6,179.4796,177.48,close,1.2733060482037188,0.006270996640537541,0.004924972004479343
2026-07-17,-1,172.81,174.11,174.11,stop,-1.0,-0.007522712805971832,0.007522712805971942
2026-07-20,1,178.27,177.07,177.07,stop,-1.0,-0.006731362539967534,0.0067313625399675605
2026-07-21,-1,179.15,179.88,179.88,stop,-1.0,-0.004074797655595708,0.004074797655595812
2026-07-22,1,179.45,178.15,180.26,close,0.623076923076933,0.004513792142658124,0.007244357759821583
2026-07-23,1,179.31,178.5,178.5,stop,-1.0,-0.004517316379454628,0.004517316379454589
2026-07-24,1,178.74,177.44,177.44,stop,-1.0,-0.00727313416135178,0.007273134161351748
2026-07-27,-1,177.35,178.3,174.31,close,3.199999999999934,0.017141246123484555,0.005356639413589045
2026-07-28,-1,170.35,171.53,171.53,stop,-1.0,-0.006926915174640502,0.006926915174640487
2026-07-29,1,171.72,170.74,170.74,stop,-1.0,-0.005706964826461602,0.005706964826461622
2026-07-30,-1,172.63,172.91,172.91,stop,-1.0,-0.0016219660545675474,0.0016219660545675788
2026-07-31,1,178.1499,177.03,177.03,stop,-1.0,-0.006286279139084527,0.006286279139084564
2026-08-03,-1,173.34,174.4164,174.4164,stop,-1.0,-0.00620976116303229,0.0062097611630322295
2026-08-04,1,183.31,181.87,186.925,close,2.5104166666666767,0.019720691724401274,0.00785554525121378
2026-08-05,1,187.64,187.02,187.02,stop,-1.0,-0.0033041995310166827,0.003304199531016714
2026-08-06,-1,183.01,183.4,183.4,stop,-1.0,-0.0021310310911972774,0.002131031091197283
2026-08-07,1,188.61,187.43,187.43,stop,-1.0,-0.006256296060654254,0.0062562960606542956
2026-08-10,-1,187.19,188.22,188.22,stop,-1.0,-0.005502430685399906,0.005502430685399867
2026-08-11,-1,186.59,187.71,186.16,close,0.38392857142857595,0.0023045179270058114,0.006002465298247519
2026-08-12,-1,188.8,189.59,188.86,close,-0.07594936708861123,-0.00031779661016950733,0.0041843220338982625
2026-08-13,1,189.33,188.86,190.78,close,3.0851063829787067,0.007658585538477647,0.002482438071092795
2026-08-14,-1,190.39,191.35,190.025,close,0.38020833333331006,0.001917117495666698,0.00504228163243872
2026-08-17,-1,190.72,191.14,191.14,stop,-1.0,-0.0022021812080537106,0.0022021812080536256
2026-08-18,1,186.82,186.28,186.28,stop,-1.0,-0.002890482817685447,0.00289048281768543
2026-08-19,-1,185.91,186.91,183.66,close,2.25,0.012102630304986262,0.005378946802216126
2026-08-20,1,183.79,183.25,183.25,stop,-1.0,-0.0029381359159910136,0.0029381359159910336
2026-08-21,-1,183.85,184.56,183.32,close,0.7464788732394299,0.002882784878977418,0.0038618438944792383
2026-08-24,-1,180.465,181.8792,180.04,close,0.30052326403621354,0.002355027290610434,0.007836422575014513
2026-08-25,1,182.54,181.77,181.77,stop,-1.0,-0.0042182535334720495,0.0042182535334720165
2026-08-26,1,181.86,180.71,182.875,close,0.8826086956521577,0.005581216320246218,0.006323545584515592
2026-08-27,-1,185.99,186.88,186.88,stop,-1.0,-0.004785203505564661,0.004785203505564742
2026-08-28,-1,187.61,188.07,188.07,stop,-1.0,-0.0024518948883320846,0.0024518948883320694
2026-08-31,1,186.16,185.48,185.48,stop,-1.0,-0.003652771809196431,0.003652771809196427
2026-09-01,-1,183.42,183.88,183.88,stop,-1.0,-0.002507905353832829,0.0025079053538327773
2026-09-02,-1,183.31,183.64,183.64,stop,-1.0,-0.0018002291200698295,0.0018002291200697402
2026-09-03,-1,183.12,183.67,183.67,stop,-1.0,-0.0030034949759718543,0.003003494975971947
2026-09-04,1,187.54,186.42,187.29,close,-0.2232142857142848,-0.001333048949557436,0.005972059294017301
2026-09-08,-1,188.51,189.08,187.87,close,1.1228070175437932,0.003395045355684023,0.0030237122699062207
2026-09-09,1,188.075,187.48,187.48,stop,-1.0,-0.0031636315299747864,0.0031636315299747382
2026-09-10,-1,184.79,185.74,185.74,stop,-1.0,-0.005140970831755132,0.005140970831755058
2026-09-11,1,187.42,186.88,187.69,close,0.5000000000000263,0.001440614662255868,0.0028812293245117494
2026-09-14,-1,182.21,183.15,183.15,stop,-1.0,-0.005158882607979809,0.005158882607979791
2026-09-15,1,184.7,184.315,184.315,stop,-1.0,-0.0020844612885759783,0.00208446128857602
2026-09-16,1,185.14,184.71,184.71,stop,-1.0,-0.0023225667062761746,0.002322566706276215
2026-09-17,-1,186.75,187.36,187.36,stop,-1.0,-0.003266398929049563,0.0032663989290496044
2026-09-18,-1,188.44,189.23,189.23,stop,-1.0,-0.004192315856506035,0.004192315856506008
2026-09-21,-1,191.2427,191.95,191.95,stop,-1.0,-0.003698441822877374,0.003698441822877292
2026-09-22,1,195.35,194.47,196.27,close,1.045454545454569,0.004709495776811012,0.004504735090862531
2026-09-23,-1,195.84,196.68,195.34,close,0.5952380952380928,0.002553104575163445,0.0042892156862745275
2026-09-24,-1,192.96,193.12,193.12,stop,-1.0,-0.0008291873963515162,0.0008291873963515577
2026-09-25,1,196.24,195.12,195.12,stop,-1.0,-0.005707297187117821,0.005707297187117838
2026-09-28,1,195.44,195.14,195.14,stop,-1.0,-0.0015349979533361147,0.0015349979533361203
2026-09-29,-1,195.15,196.1,196.1,stop,-1.0,-0.004868050217781139,0.004868050217781136
2026-09-30,1,196.22,195.26,195.72,close,-0.520833333333329,-0.002548160228315166,0.004892467638365141
2026-10-01,1,196.94,196.34,196.34,stop,-1.0,-0.003046613181679647,0.0030466131816796705
2026-10-02,-1,200.59,201.155,201.155,stop,-1.0,-0.002816690762251328,0.0028166907622513473
