date,side,entry,stop,exit,how,R,ret,risk_pct
2021-10-06,1,139.66,139.05,139.05,stop,-1.0,-0.0043677502506085375,0.004367750250608515
2021-10-07,1,143.6599,142.72,143.28,close,-0.4041919353122613,-0.00264444009775866,0.006542535530095694
2021-10-08,-1,143.34,144.1781,143.01,close,0.39374776279681856,0.0023022185014651697,0.005846937351751061
2021-10-11,1,142.9303,141.81,142.8,close,-0.1163081317504049,-0.0009116331526624055,0.007838086116099848
2021-10-12,-1,142.5,143.25,141.46,close,1.386666666666656,0.007298245614035026,0.005263157894736842
2021-10-13,-1,140.18,141.4,140.96,close,-0.6393442622950835,-0.0055642745042088215,0.008703096019403615
2021-10-14,1,142.34,141.51,143.7554,close,1.7053012048192577,0.009943796543487426,0.005831108613179798
2021-10-15,1,144.18,143.51,144.83,close,0.9701492537313288,0.004508253571924081,0.004646969066444832
2021-10-18,-1,143.344,143.86,143.86,stop,-1.0,-0.003599732112959275,0.003599732112959172
2021-10-19,-1,146.73,147.39,147.39,stop,-1.0,-0.004498057656920906,0.0044980576569208525
2021-10-20,1,149.29,148.7,148.7,stop,-1.0,-0.00395203965436397,0.003952039654364013
2021-10-21,1,149.48,148.775,148.775,stop,-1.0,-0.0047163500133795555,0.00471635001337961
2021-10-22,1,149.75,148.845,148.845,stop,-1.0,-0.006043405676126934,0.006043405676126885
2021-10-25,-1,148.63,149.37,148.65,close,-0.02702702702704052,-0.0001345623360022863,0.004978806432079722
2021-10-26,1,149.745,149.16,149.16,stop,-1.0,-0.003906641290193358,0.003906641290193382
2021-10-27,-1,148.85,149.69,149.69,stop,-1.0,-0.005643265031911371,0.005643265031911343
2021-10-28,1,150.68,149.72,152.4766,close,1.8714583333333008,0.011923281125564067,0.006371117600212423
2021-10-29,-1,146.65,148.7,148.7,stop,-1.0,-0.013978861234231088,0.013978861234231046
2021-11-01,-1,148.77,149.7,148.97,close,-0.21505376344085297,-0.0013443570612354794,0.006251260334744763
2021-11-02,1,149.56,148.65,150.0,close,0.48351648351648285,0.0029419630917357775,0.006084514576089841
2021-11-03,-1,149.89,150.8,150.8,stop,-1.0,-0.006071118820468513,0.006071118820468511
2021-11-04,1,152.031,151.28,151.28,stop,-1.0,-0.004939782018141048,0.004939782018141068
2021-11-05,-1,151.51,152.2,151.27,close,0.34782608695649486,0.0015840538578310026,0.004554154841264588
2021-11-08,-1,151.01,151.57,150.45,close,1.0,0.0037083636845242074,0.003708363684524219
2021-11-09,1,150.8,150.0601,150.83,close,0.04054601973239749,0.00019893899204248555,0.004906498673740091
2021-11-10,-1,148.06,150.13,147.92,close,0.06763285024155326,0.0009455626097528702,0.013980818587059254
2021-11-11,-1,148.36,149.43,147.87,close,0.4579439252336563,0.0033027770288488467,0.007212186573200277
2021-11-12,-1,147.71,148.5,148.5,stop,-1.0,-0.005348317649448209,0.005348317649448189
2021-11-15,1,151.45,150.29,150.29,stop,-1.0,-0.007659293496203312,0.007659293496203345
2021-11-16,-1,149.6,150.39,150.39,stop,-1.0,-0.005280748663101464,0.005280748663101551
2021-11-17,1,151.95,150.99,153.65,close,1.7708333333333888,0.011187890753537433,0.006317867719644486
2021-11-18,-1,153.21,154.0,154.0,stop,-1.0,-0.005156321388943175,0.0051563213889432285
2021-11-19,1,157.87,156.5328,160.56,close,2.0116661681124786,0.017039336162665508,0.008470260340786696
2021-11-22,1,163.06,161.63,161.63,stop,-1.0,-0.008769777995829786,0.008769777995829798
2021-11-23,-1,159.62,161.8,161.41,close,-0.8211009174311864,-0.011214133567222007,0.0136574364114773
2021-11-24,1,161.39,160.23,160.23,stop,-1.0,-0.007187558089100876,0.007187558089100915
2021-11-29,1,160.09,159.08,159.08,stop,-1.0,-0.006308951214941572,0.006308951214941539
2021-11-30,1,160.79,159.92,165.43,close,5.333333333333322,0.028857516014677564,0.005410784252752065
2021-12-01,-1,166.14,167.73,167.73,stop,-1.0,-0.009570241964608206,0.009570241964608183
2021-12-02,1,160.25,157.8,163.79,close,1.444897959183677,0.022090483619344736,0.015288611544461707
2021-12-03,-1,163.41,164.96,161.84,close,1.0129032258064399,0.009607735144727902,0.009485343614221965
2021-12-06,1,165.64,164.28,165.29,close,-0.25735294117646923,-0.002113016179666749,0.008210577155276415
2021-12-07,1,169.4799,168.34,171.2,close,1.508992016843607,0.010149286139536251,0.006725871327514255
2021-12-08,1,172.27,170.7,175.01,close,1.7452229299362694,0.01590526499100231,0.009113600743019803
2021-12-09,1,176.56,174.55,174.55,stop,-1.0,-0.011384231989125415,0.011384231989125458
2021-12-10,1,176.1,175.14,175.14,stop,-1.0,-0.005451448040885931,0.005451448040885906
2021-12-13,-1,180.27,181.8,181.8,stop,-1.0,-0.008487269096355554,0.008487269096355473
2021-12-14,1,177.33,174.71,174.71,stop,-1.0,-0.014774713810409956,0.014774713810409994
2021-12-15,-1,174.1,175.8494,175.8494,stop,-1.0,-0.010048248133256887,0.010048248133256799
2021-12-16,1,181.1107,178.7,178.7,stop,-1.0,-0.013310643711277215,0.013310643711277244
2021-12-17,1,171.93,169.69,170.97,close,-0.4285714285714304,-0.005583667771767664,0.013028558134124405
2021-12-20,1,169.2,167.46,169.88,close,0.39080459770115766,0.004018912529550889,0.010283687943262298
2021-12-21,-1,171.09,172.32,172.32,stop,-1.0,-0.007189198667368002,0.0071891986673679915
2021-12-22,1,173.68,172.15,175.63,close,1.2745098039215603,0.011227544910179521,0.00880930446798711
2021-12-23,1,176.08,175.27,176.29,close,0.25925925925923327,0.001192639709223009,0.004600181735574751
2021-12-27,1,178.15,177.07,180.33,close,2.0185185185185013,0.01223687903452153,0.006062307044625386
2021-12-28,-1,179.4,180.43,180.43,stop,-1.0,-0.005741360089186243,0.005741360089186182
2021-12-29,1,180.47,179.25,179.25,stop,-1.0,-0.006760126336787242,0.006760126336787272
2021-12-30,-1,179.05,179.928,179.928,stop,-1.0,-0.004903658196034444,0.004903658196034548
2021-12-31,-1,177.72,179.23,177.61,close,0.07284768211919596,0.0006189511591265795,0.008496511366193962
2022-01-03,1,179.31,177.71,182.0,close,1.6812500000000046,0.015001951926830515,0.008923094082873204
2022-01-04,-1,181.54,182.94,179.69,close,1.321428571428562,0.010190591605155896,0.007711799052550434
2022-01-05,-1,178.54,180.17,174.835,close,2.2730061349693216,0.020751652290803113,0.009129606810798675
2022-01-06,1,174.28,172.11,172.11,stop,-1.0,-0.012451227909111684,0.012451227909111703
2022-01-07,-1,172.3101,173.19,173.19,stop,-1.0,-0.00510649114590489,0.005106491145904925
2022-01-10,-1,168.75,171.73,171.73,stop,-1.0,-0.017659259259259263,0.017659259259259198
2022-01-11,-1,171.36,172.7,172.7,stop,-1.0,-0.007819794584500217,0.007819794584500321
2022-01-12,-1,175.61,176.79,176.79,stop,-1.0,-0.006719435111895544,0.006719435111895555
2022-01-13,1,176.27,175.55,175.55,stop,-1.0,-0.0040846428774039545,0.004084642877403976
2022-01-14,1,172.31,171.28,171.28,stop,-1.0,-0.005977598514305571,0.005977598514305619
2022-01-18,-1,171.44,172.54,169.83,close,1.4636363636363579,0.009391040597293454,0.006416238917405473
2022-01-19,-1,169.29,170.98,170.98,stop,-1.0,-0.009982869631992353,0.009982869631992426
2022-01-20,1,167.74,166.76,166.76,stop,-1.0,-0.005842375104328279,0.005842375104328235
2022-01-21,-1,164.36,166.0,166.0,stop,-1.0,-0.009978096860549845,0.009978096860549929
2022-01-24,-1,159.1,161.08,161.08,stop,-1.0,-0.012445003142677713,0.012445003142677677
2022-01-25,-1,158.2801,159.75,159.75,stop,-1.0,-0.009286701234078043,0.00928670123407804
2022-01-26,-1,162.3023,163.63,163.63,stop,-1.0,-0.00818041395593272,0.008180413955932806
2022-01-27,-1,162.16,163.42,163.42,stop,-1.0,-0.007770103601381306,0.007770103601381296
2022-01-28,-1,163.45,166.865,166.865,stop,-1.0,-0.020893239522789875,0.020893239522789972
2022-01-31,1,171.05,169.51,174.8,close,2.4350649350649025,0.02192341420637245,0.00900321543408372
2022-02-01,-1,173.03,174.59,174.59,stop,-1.0,-0.009015777610818843,0.009015777610818947
2022-02-02,1,175.1647,173.95,173.95,stop,-1.0,-0.006934616392458182,0.006934616392458194
2022-02-03,-1,174.06,175.29,175.29,stop,-1.0,-0.00706652878317815,0.007066528783178156
2022-02-04,-1,170.89,171.94,171.94,stop,-1.0,-0.006144303353034175,0.006144303353034183
2022-02-07,1,173.14,172.39,172.39,stop,-1.0,-0.004331754649416708,0.004331754649416658
2022-02-08,-1,171.6,172.42,172.42,stop,-1.0,-0.004778554778554822,0.004778554778554739
2022-02-09,1,176.53,175.73,175.73,stop,-1.0,-0.004531807624766349,0.004531807624766393
2022-02-10,1,174.52,173.75,173.75,stop,-1.0,-0.004412101764840748,0.004412101764840764
2022-02-11,-1,172.17,173.08,168.43,close,4.109890109889975,0.021722715920311164,0.005285473659755039
2022-02-14,1,168.28,167.09,167.09,stop,-1.0,-0.007071547420965052,0.007071547420965045
2022-02-15,1,171.05,170.25,172.8,close,2.187499999999969,0.010230926629640535,0.0046769950306928465
2022-02-16,-1,171.25,172.32,172.32,stop,-1.0,-0.006248175182481663,0.006248175182481712
2022-02-17,1,171.48,170.74,170.74,stop,-1.0,-0.00431537205505006,0.004315372055050039
2022-02-18,-1,169.491,170.5413,167.6,close,1.8004379701038107,0.011156934586497358,0.006196789210046509
2022-02-22,-1,164.16,165.4662,165.4662,stop,-1.0,-0.007956871345029093,0.007956871345029178
2022-02-23,-1,165.46,166.15,160.17,close,7.666666666666722,0.03197147346790774,0.004170192191466201
2022-02-24,1,154.17,152.0,162.77,close,3.963133640553029,0.055782577673996414,0.014075371343322226
2022-02-25,-1,161.99,164.0,164.0,stop,-1.0,-0.012408173344033546,0.012408173344033525
2022-02-28,1,164.01,162.78,162.78,stop,-1.0,-0.007499542710810214,0.007499542710810254
2022-03-01,1,165.8,164.56,164.56,stop,-1.0,-0.0074788902291919035,0.0074788902291918515
2022-03-02,-1,163.28,164.69,164.69,stop,-1.0,-0.008635472807447364,0.008635472807447309
2022-03-03,-1,167.97,168.91,166.2882,close,1.7891489361702275,0.010012502232541576,0.005596237423349394
2022-03-04,1,165.4,164.17,164.17,stop,-1.0,-0.007436517533252807,0.00743651753325283
2022-03-07,-1,163.33,165.02,159.31,close,2.37869822485208,0.02461274719892248,0.010347149941835533
2022-03-08,1,159.49,158.41,158.41,stop,-1.0,-0.006771584425355859,0.0067715844253559
2022-03-09,-1,159.72,161.64,161.64,stop,-1.0,-0.012021036814425123,0.012021036814425167
2022-03-10,-1,159.29,160.39,158.52,close,0.6999999999999871,0.00483395065603609,0.006905643794337337
2022-03-11,-1,157.71,159.28,154.73,close,1.898089171974542,0.018895440999302626,0.009954980660706316
2022-03-14,1,152.9599,151.3,151.3,stop,-1.0,-0.010851863789136829,0.010851863789136848
2022-03-15,-1,150.66,152.2989,152.2989,stop,-1.0,-0.01087813620071687,0.010878136200716891
2022-03-16,1,157.075,155.53,155.53,stop,-1.0,-0.00983606557377037,0.009836065573770413
2022-03-17,-1,158.04,159.0513,159.0513,stop,-1.0,-0.006399012908124613,0.006399012908124562
2022-03-18,1,160.62,159.76,163.96,close,3.8837209302325006,0.020794421616237013,0.005354252272444363
2022-03-21,1,164.47,163.5,163.5,stop,-1.0,-0.005897732109199194,0.005897732109199239
2022-03-22,1,166.0589,164.91,168.83,close,2.4119592653843016,0.016687452464155816,0.0069186294742407525
2022-03-23,1,168.27,167.65,170.22,close,3.145161290322539,0.011588518452487095,0.003684554584893353
2022-03-24,1,171.43,170.72,170.72,stop,-1.0,-0.0041416321530654,0.004141632153065437
2022-03-25,-1,173.435,174.11,174.11,stop,-1.0,-0.0038919479920431765,0.003891947992043194
2022-03-28,1,173.77,172.0,175.59,close,1.0282485875706118,0.010473614547965582,0.010185877884560109
2022-03-29,1,177.52,176.34,179.0,close,1.2542372881355772,0.008337088778729074,0.00664713835060842
2022-03-30,-1,178.2,179.61,177.725,close,0.33687943262410347,0.0026655443322110006,0.007912457912458053
2022-03-31,-1,177.04,178.03,174.68,close,2.3838383838383472,0.01333032083145047,0.005591956619972939
2022-04-01,-1,173.22,174.88,174.26,close,-0.626506024096382,-0.006003925643690122,0.009583189008197648
2022-04-04,1,176.1004,174.44,178.465,close,1.4241146711635642,0.01342756745583773,0.009428712257325991
2022-04-05,-1,177.32,178.18,178.18,stop,-1.0,-0.004849988720956544,0.00484998872095654
2022-04-06,-1,172.01,173.24,173.24,stop,-1.0,-0.007150747049590178,0.007150747049590246
2022-04-07,1,172.38,171.03,171.03,stop,-1.0,-0.007831534980856203,0.007831534980856215
2022-04-08,-1,170.65,171.78,170.14,close,0.4513274336283375,0.0029885731028421736,0.0066217404043363345
2022-04-11,-1,167.72,169.03,165.78,close,1.480916030534347,0.011566897209635107,0.007810636775578359
2022-04-12,-1,167.44,168.34,168.34,stop,-1.0,-0.005375059722885878,0.005375059722885844
2022-04-13,1,167.8,166.77,170.4,close,2.524271844660186,0.015494636471990342,0.006138259833134691
2022-04-18,1,165.59,163.57,165.11,close,-0.23762376237623137,-0.002898725768464172,0.01219880427562057
2022-04-19,-1,164.32,165.135,165.135,stop,-1.0,-0.004959834469328017,0.0049598344693281265
2022-04-20,-1,167.64,168.88,167.23,close,0.3306451612903174,0.002445717012646176,0.007396802672393278
2022-04-21,1,170.09,168.445,168.445,stop,-1.0,-0.009671350461520456,0.009671350461520432
2022-04-22,-1,166.15,167.8699,161.83,close,2.5117739403453716,0.0260006018657839,0.0103514896178152
2022-04-25,-1,159.1,161.26,161.26,stop,-1.0,-0.013576367064739081,0.013576367064739137
2022-04-26,-1,160.96,162.34,156.72,close,3.072463768115959,0.02634194831013925,0.008573558648111303
2022-04-27,1,158.12,155.46,155.46,stop,-1.0,-0.01682266632937013,0.016822666329370076
2022-04-28,-1,159.15,161.11,161.11,stop,-1.0,-0.012315425699026106,0.012315425699026125
2022-04-29,1,164.165,160.79,160.79,stop,-1.0,-0.020558584351110132,0.020558584351110163
2022-05-02,-1,156.63,158.04,158.04,stop,-1.0,-0.009002106876077276,0.009002106876077358
2022-05-03,-1,157.0145,158.15,158.15,stop,-1.0,-0.007231816169844141,0.0072318161698442344
2022-05-04,1,160.35,159.47,159.47,stop,-1.0,-0.005487995010913571,0.005487995010913598
2022-05-05,-1,163.16,164.08,156.81,close,6.902173913043352,0.03891885265996564,0.005638636920814023
2022-05-06,-1,155.36,157.08,157.08,stop,-1.0,-0.01107106076210096,0.01107106076210092
2022-05-09,1,155.7596,154.435,154.435,stop,-1.0,-0.008504130724526826,0.008504130724526795
2022-05-10,-1,155.51,156.54,156.54,stop,-1.0,-0.0066233682721368314,0.006623368272136848
2022-05-11,-1,151.83,154.2,154.2,stop,-1.0,-0.015609563327405596,0.015609563327405493
2022-05-12,-1,141.6901,144.11,144.11,stop,-1.0,-0.017078822020734075,0.01707882202073407
2022-05-13,-1,143.31,144.88,144.88,stop,-1.0,-0.010955271788430698,0.010955271788430627
2022-05-16,-1,144.83,145.89,145.89,stop,-1.0,-0.007318925636953466,0.007318925636953489
2022-05-17,-1,148.2,149.34,149.34,stop,-1.0,-0.007692307692307887,0.0076923076923077925
2022-05-18,-1,146.72,147.3601,140.3190000000001,target,10.0,0.04362731733914871,0.00436273173391487
2022-05-19,1,141.5597,139.59,139.59,stop,-1.0,-0.013914270798821904,0.013914270798821904
2022-05-20,-1,138.5,139.58,139.58,stop,-1.0,-0.007797833935018206,0.007797833935018141
2022-05-23,1,138.99,137.65,143.15,close,3.104477611940288,0.02993021080653291,0.009640981365565892
2022-05-24,-1,140.75,141.97,140.42,close,0.27049180327869904,0.0023445825932505437,0.008667850799289513
2022-05-25,1,139.8801,138.34,140.7011,close,0.533082267385235,0.005869312361086454,0.011010143687343628
2022-05-26,1,138.9,137.14,143.75,close,2.7556818181817846,0.034917206623469976,0.012670986321094452
2022-05-27,1,146.23,145.26,149.65,close,3.525773195876309,0.02338781371811538,0.006633385762155501
2022-05-31,-1,148.3,150.26,150.26,stop,-1.0,-0.013216453135535877,0.013216453135535936
2022-06-01,1,150.6,149.88,149.88,stop,-1.0,-0.004780876494023922,0.004780876494023897
2022-06-02,1,148.16,146.86,151.23,close,2.3615384615384873,0.020720842332613287,0.008774298056155393
2022-06-03,-1,146.51,147.97,145.39,close,0.7671232876712318,0.007644529383659893,0.009965190089413746
2022-06-06,1,148.13,147.03,147.03,stop,-1.0,-0.007425909673934972,0.0074259096739350185
2022-06-07,1,145.67,144.1,148.69,close,1.9235668789809066,0.020731791034530156,0.010777785405368253
2022-06-08,1,149.15,148.1106,148.1106,stop,-1.0,-0.006968823332215934,0.0069688233322158935
2022-06-09,-1,146.77,147.61,147.61,stop,-1.0,-0.005723240444232447,0.0057232404442324955
2022-06-10,-1,139.51,140.76,137.12,close,1.911999999999989,0.017131388430936756,0.00895993118772848
2022-06-14,-1,132.37,133.2099,133.2099,stop,-1.0,-0.0063450932990858355,0.006345093299085896
2022-06-15,-1,133.67,134.74,134.74,stop,-1.0,-0.008004787910526057,0.008004787910526084
2022-06-16,-1,131.11,132.39,130.1,close,0.789062500000032,0.007703455114026592,0.009762794599954027
2022-06-17,1,131.68,130.01,130.01,stop,-1.0,-0.012682260024301506,0.012682260024301457
2022-06-21,1,135.1399,133.32,135.86,close,0.39568108137809493,0.005328552115252405,0.013466785161155351
2022-06-22,-1,134.1,135.02,135.02,stop,-1.0,-0.006860551826994854,0.006860551826994899
2022-06-23,-1,136.2836,137.45,137.45,stop,-1.0,-0.008558623341326399,0.008558623341326335
2022-06-24,1,140.69,139.81,139.81,stop,-1.0,-0.006254886630179812,0.006254886630179796
2022-06-27,-1,142.13,143.49,141.71,close,0.3088235294117524,0.0029550411595017367,0.009568704706958515
2022-06-28,1,143.38,141.89,141.89,stop,-1.0,-0.010391965406611914,0.010391965406611865
2022-06-29,1,138.04,136.67,139.25,close,0.8832116788321197,0.00876557519559551,0.00992465951898004
2022-06-30,-1,136.8,137.6,137.6,stop,-1.0,-0.005847953216374213,0.005847953216374144
2022-07-01,1,137.2,136.04,136.04,stop,-1.0,-0.008454810495626797,0.008454810495626798
2022-07-05,1,137.95,136.93,141.59,close,3.56862745098047,0.026386371873867498,0.007393983327292366
2022-07-06,1,142.4,141.29,141.29,stop,-1.0,-0.007794943820224831,0.007794943820224815
2022-07-07,1,144.182,143.28,146.35,close,2.4035476718403967,0.015036551025786826,0.0062559820227211915
2022-07-08,1,145.8558,145.0,147.03,close,1.372049544286083,0.008050416918627956,0.005867438936264365
2022-07-11,-1,145.13,145.85,145.85,stop,-1.0,-0.0049610693860675514,0.0049610693860676555
2022-07-12,1,146.74,145.74,145.74,stop,-1.0,-0.006814774430966342,0.006814774430966335
2022-07-13,1,143.36,142.1201,145.45,close,1.6856198080490081,0.01457868303571419,0.008648856026785754
2022-07-14,-1,143.75,144.5736,144.5736,stop,-1.0,-0.005729391304347908,0.005729391304347819
2022-07-15,-1,149.78,150.86,150.17,close,-0.3611111111110943,-0.0026038189344370632,0.007210575510749182
2022-07-18,1,151.33,150.27,150.27,stop,-1.0,-0.007004559571796798,0.00700455957179675
2022-07-19,-1,147.65,148.49,148.49,stop,-1.0,-0.0056891296986116835,0.0056891296986116046
2022-07-20,1,151.73,150.37,153.03,close,0.9558823529411952,0.008567850787583264,0.008963290054702335
2022-07-21,-1,153.39,154.74,154.74,stop,-1.0,-0.008801095247408686,0.008801095247408715
2022-07-22,-1,155.1702,155.92,155.92,stop,-1.0,-0.00483211338259526,0.004832113382595327
2022-07-25,1,154.9592,153.955,153.955,stop,-1.0,-0.006480415490012881,0.006480415490012837
2022-07-26,-1,152.1,153.085,151.56,close,0.5482233502537914,0.0035502958579881616,0.006476002629848873
2022-07-27,1,152.85,152.16,156.71,close,5.594202898550763,0.025253516519463615,0.004514229636898906
2022-07-28,-1,156.37,157.49,157.49,stop,-1.0,-0.007162499200613848,0.007162499200613957
2022-07-29,-1,160.1801,161.725,161.725,stop,-1.0,-0.009644768607336207,0.009644768607336268
2022-08-01,1,161.91,161.01,161.01,stop,-1.0,-0.005558643690939391,0.005558643690939446
2022-08-02,1,160.7,159.75,159.75,stop,-1.0,-0.005911636589919,0.005911636589919033
2022-08-03,1,162.18,160.75,166.1299,close,2.7621678321678087,0.024355037612529218,0.008817363423356806
2022-08-05,1,164.139,163.0,165.34,close,1.054433713784006,0.007316969154192332,0.006939240521752965
2022-08-08,1,167.3283,165.9,165.9,stop,-1.0,-0.00853591412809429,0.008535914128094334
2022-08-09,1,164.63,163.25,164.93,close,0.21739130434783505,0.0018222681163821974,0.008382433335358049
2022-08-10,-1,167.6,168.59,168.59,stop,-1.0,-0.005906921241050078,0.005906921241050174
2022-08-11,1,170.55,169.62,169.62,stop,-1.0,-0.005452946350044008,0.005452946350044015
2022-08-15,1,172.04,171.47,171.47,stop,-1.0,-0.0033131829807021562,0.003313182980702123
2022-08-16,-1,172.42,172.87,172.87,stop,-1.0,-0.002609906043382626,0.0026099060433825375
2022-08-17,1,173.63,172.57,174.62,close,0.93396226415095,0.005701779646374527,0.006104935782986824
2022-08-18,1,174.26,173.23,173.23,stop,-1.0,-0.00591070813726613,0.005910708137266161
2022-08-19,-1,173.03,173.74,171.52,close,2.126760563380245,0.00872681037970291,0.004103334681847125
2022-08-22,-1,168.93,169.86,167.59,close,1.4408602150537566,0.007932279642455464,0.005505238856331065
2022-08-23,1,168.14,167.08,167.08,stop,-1.0,-0.0063042702509811255,0.00630427025098117
2022-08-24,-1,166.87,167.59,167.59,stop,-1.0,-0.004314736022053012,0.004314736022053088
2022-08-25,1,169.48,168.68,168.68,stop,-1.0,-0.00472032098182662,0.004720320981826664
2022-08-26,-1,169.93,170.59,170.59,stop,-1.0,-0.003883952215618214,0.0038839522156181756
2022-08-29,1,162.36,160.6,160.6,stop,-1.0,-0.01084010840108418,0.010840108401084129
2022-08-30,-1,161.79,162.56,158.91,close,3.7402597402596847,0.017800852957537527,0.004759255825452811
2022-08-31,-1,159.12,160.305,160.305,stop,-1.0,-0.00744720965309198,0.00744720965309202
2022-09-01,1,156.89,155.92,155.92,stop,-1.0,-0.006182675760086687,0.006182675760086678
2022-09-02,-1,159.15,160.01,160.01,stop,-1.0,-0.005403707194470586,0.005403707194470532
2022-09-06,-1,156.15,157.09,154.54,close,1.7127659574468272,0.01031059878322138,0.006019852705731654
2022-09-07,1,155.68,154.75,154.75,stop,-1.0,-0.005973792394655786,0.005973792394655748
2022-09-08,-1,154.38,155.11,155.11,stop,-1.0,-0.00472859178650098,0.00472859178650096
2022-09-09,-1,154.92,155.58,155.58,stop,-1.0,-0.004260263361735239,0.0042602633617352505
2022-09-12,1,160.37,159.3,163.45,close,2.8785046728971997,0.01920558707987774,0.006672070836191265
2022-09-13,-1,159.36,160.54,153.85,close,4.6694915254238305,0.034575803212851475,0.007404618473895446
2022-09-14,-1,154.09,155.03,155.03,stop,-1.0,-0.006100330975403967,0.0061003309754039696
2022-09-15,-1,154.36,155.24,152.35,close,2.284090909090943,0.013021508162736617,0.005700958797615932
2022-09-16,-1,150.445,151.33,151.33,stop,-1.0,-0.005882548439629209,0.005882548439629229
2022-09-19,1,149.56,149.1,154.16000000000008,target,10.0,0.03075688686814715,0.0030756886868147093
2022-09-20,1,154.25,153.08,156.9,close,2.264957264957294,0.017179902755267484,0.007585089141004781
2022-09-21,1,157.96,157.34,157.34,stop,-1.0,-0.0039250443150165015,0.0039250443150164885
2022-09-22,1,153.47,152.15,152.15,stop,-1.0,-0.008601029517169456,0.008601029517169435
2022-09-23,-1,150.71,151.47,150.53,close,0.2368421052631697,0.0011943467586756906,0.0050427974255191485
2022-09-26,1,151.0785,149.64,150.75,close,-0.22836287799790758,-0.002174366306257891,0.009521540126490565
2022-09-27,1,154.2,152.7,152.7,stop,-1.0,-0.009727626459143934,0.009727626459143969
2022-09-28,-1,146.0609,148.37,148.37,stop,-1.0,-0.015809159056256572,0.015809159056256676
2022-09-29,-1,145.59,146.72,142.59,close,2.654867256637179,0.020605810838656535,0.007761522082560584
2022-09-30,-1,140.95,142.6,142.6,stop,-1.0,-0.011706278822277483,0.011706278822277445
2022-10-03,1,139.1,137.685,142.44,close,2.360424028268567,0.024011502516175343,0.010172537742631143
2022-10-04,1,145.34,144.5,144.5,stop,-1.0,-0.005779551396724925,0.0057795513967249445
2022-10-05,-1,143.93,144.835,144.835,stop,-1.0,-0.006287778781352005,0.006287778781352053
2022-10-06,1,147.0,145.81,145.81,stop,-1.0,-0.008095238095238044,0.008095238095238079
2022-10-07,1,142.75,142.03,142.03,stop,-1.0,-0.005043782837127808,0.005043782837127838
2022-10-10,-1,139.89,140.63,140.63,stop,-1.0,-0.0052898706126243145,0.00528987061262427
2022-10-11,-1,139.46,140.0702,140.0702,stop,-1.0,-0.004375448157177608,0.0043754481571776265
2022-10-12,1,139.37,138.6507,138.6507,stop,-1.0,-0.005161082011910789,0.00516108201191077
2022-10-13,1,135.94,134.37,142.93,close,4.452229299363083,0.051419744004707946,0.011549212888038791
2022-10-14,-1,142.61,144.52,138.38,close,2.2146596858638876,0.029661314073347045,0.01339317018441902
2022-10-17,1,141.89,140.49,140.49,stop,-1.0,-0.009866798223976181,0.00986679822397616
2022-10-18,-1,145.46,146.7,143.79,close,1.346774193548421,0.011480819469270043,0.008524680324487699
2022-10-19,1,143.46,141.5,143.9,close,0.22448979591836526,0.003067057019378261,0.013662344904503052
2022-10-20,1,144.3,142.91,142.91,stop,-1.0,-0.00963270963270968,0.009632709632709735
2022-10-21,-1,142.79,143.64,143.64,stop,-1.0,-0.005952797814972932,0.005952797814972998
2022-10-24,1,147.98,146.25,146.25,stop,-1.0,-0.01169076902284083,0.011690769022840856
2022-10-25,-1,149.78,150.74,150.74,stop,-1.0,-0.006409400453999181,0.006409400453999252
2022-10-26,-1,150.47,151.32,151.32,stop,-1.0,-0.005648966571409453,0.005648966571409546
2022-10-27,-1,148.01,149.046,145.0,close,2.905405405405393,0.02033646375244913,0.006999527058982511
2022-10-28,1,150.4499,147.82,155.71,close,2.000114072778415,0.034962469233944304,0.01748023760733653
2022-11-01,-1,154.52,155.45,150.57,close,4.247311827957106,0.02556303391146786,0.00601863836396569
2022-11-02,-1,148.89,150.6,150.6,stop,-1.0,-0.0114849889179931,0.011484988917993204
2022-11-03,-1,141.77,142.8,138.88,close,2.805825242718458,0.02038513084573612,0.007265288848134309
2022-11-04,-1,140.16,142.67,138.39,close,0.7051792828685325,0.012628424657534332,0.017908105022830984
2022-11-07,-1,136.29,138.22,138.22,stop,-1.0,-0.014160980262675205,0.014160980262675229
2022-11-08,-1,138.9,140.49,140.49,stop,-1.0,-0.011447084233261462,0.011447084233261363
2022-11-09,-1,137.915,138.55,134.87,close,4.795275590551015,0.02207881666243694,0.004604285248160239
2022-11-11,1,146.34,144.37,149.7,close,1.7055837563451712,0.022960229602295934,0.013461801284679505
2022-11-14,-1,148.72,149.46,149.46,stop,-1.0,-0.00497579343733201,0.00497579343733196
2022-11-15,-1,151.81,153.22,153.22,stop,-1.0,-0.009287925696594312,0.009287925696594404
2022-11-16,-1,148.62,149.87,148.78,close,-0.12799999999999728,-0.0010765711209796969,0.008410711882653748
2022-11-17,1,147.52,146.15,150.75,close,2.357664233576627,0.021895336225596473,0.009286876355748402
2022-11-18,-1,151.18,152.7,151.31,close,-0.08552631578947172,-0.0008599021034527699,0.010054239978833058
2022-11-21,-1,148.882,150.37,148.02,close,0.5793010752688139,0.005789820126005818,0.009994492282478739
2022-11-22,-1,147.932,148.55,148.55,stop,-1.0,-0.004177595111267474,0.004177595111267498
2022-11-23,1,150.38,149.3881,149.3881,stop,-1.0,-0.00659595690916337,0.006595956909163365
2022-11-28,1,146.33,144.82,144.82,stop,-1.0,-0.010319141666097265,0.010319141666097308
2022-11-29,-1,143.62,144.39,144.39,stop,-1.0,-0.0053613702826902365,0.005361370282690306
2022-11-30,1,141.43,140.55,148.01,close,7.477272727272748,0.04652478257795356,0.006222159372127522
2022-12-01,1,148.45,147.41,147.41,stop,-1.0,-0.007005725833613918,0.007005725833613958
2022-12-02,1,146.87,145.76,145.76,stop,-1.0,-0.0075577040920542515,0.0075577040920542906
2022-12-05,1,148.9761,147.5,147.5,stop,-1.0,-0.009908300727432096,0.009908300727432134
2022-12-06,-1,146.27,147.3,142.92,close,3.252427184466038,0.0229028508921858,0.007041772065358591
2022-12-07,1,143.3,142.13,142.13,stop,-1.0,-0.008164689462665797,0.008164689462665846
2022-12-08,-1,141.81,142.6675,142.6675,stop,-1.0,-0.0060468232141597245,0.006046823214159703
2022-12-09,1,142.55,140.9,142.19,close,-0.2181818181818257,-0.0025254296737987625,0.011574886004910597
2022-12-12,-1,142.22,143.01,143.01,stop,-1.0,-0.005554774293348386,0.005554774293348277
2022-12-13,-1,148.94,149.88,149.88,stop,-1.0,-0.006311266281724182,0.0063112662817241694
2022-12-14,1,145.76,145.07,145.07,stop,-1.0,-0.004733809001097655,0.0047338090010976795
2022-12-15,-1,140.25,141.8,136.49,close,2.4258064516128797,0.02680926916221027,0.011051693404634662
2022-12-16,-1,136.3,137.52,137.52,stop,-1.0,-0.008950843727072666,0.008950843727072624
2022-12-19,-1,133.97,135.2,132.35,close,1.317073170731722,0.012092259461073396,0.009181159961185265
2022-12-20,-1,130.28,131.63,131.63,stop,-1.0,-0.010362296591955644,0.010362296591955743
2022-12-21,1,133.84,132.75,135.43,close,1.4587155963302738,0.011879856545128575,0.008144052600119571
2022-12-22,-1,133.23,134.56,132.25,close,0.7368421052631433,0.007355700668017606,0.009982736620881278
2022-12-23,-1,130.57,131.7689,131.7689,stop,-1.0,-0.009182047943631755,0.009182047943631838
2022-12-27,-1,130.45,131.41,130.05,close,0.41666666666663954,0.0030663089306245395,0.007359141433499487
2022-12-28,1,130.58,129.13,129.13,stop,-1.0,-0.011104303875019261,0.011104303875019275
2022-12-29,1,128.8,127.73,129.6,close,0.747663551401848,0.006211180124223503,0.008307453416149125
2022-12-30,-1,127.9,128.69,128.69,stop,-1.0,-0.0061767005473025716,0.006176700547302518
2023-01-03,1,130.6999,129.44,129.44,stop,-1.0,-0.009639640122142579,0.009639640122142525
2023-01-04,1,127.19,126.25,126.25,stop,-1.0,-0.0073905181224939165,0.007390518122493889
2023-01-05,-1,125.635,127.16,127.16,stop,-1.0,-0.012138337246786257,0.012138337246786257
2023-01-09,1,131.44,130.465,130.465,stop,-1.0,-0.007417833231892823,0.007417833231892836
2023-01-10,-1,129.795,131.2636,130.75,close,-0.650279177447914,-0.007357756462113452,0.011314765591894984
2023-01-11,-1,130.71,131.59,131.59,stop,-1.0,-0.006732461173590387,0.006732461173590356
2023-01-12,-1,132.7,134.26,133.385,close,-0.43910256410256493,-0.005162019593067058,0.01175584024114546
2023-01-13,1,132.45,131.66,134.7,close,2.8481012658228133,0.016987542468856143,0.005964514911287219
2023-01-17,1,135.225,134.13,135.93,close,0.6438356164383683,0.005213533000554715,0.008097615085967824
2023-01-19,1,134.89,133.86,133.86,stop,-1.0,-0.007635851434501961,0.0076358514345019855
2023-01-20,-1,134.33,135.29,135.29,stop,-1.0,-0.007146579319585955,0.007146579319585941
2023-01-23,1,139.3,137.9,141.1,close,1.2857142857142683,0.012921751615218913,0.010050251256281447
2023-01-24,1,141.265,140.3,142.5,close,1.279792746114037,0.008742434431741941,0.006831132977028811
2023-01-25,-1,139.48,141.09,141.09,stop,-1.0,-0.011542873530255404,0.011542873530255333
2023-01-26,-1,142.78,144.25,143.92,close,-0.775510204081624,-0.007984311528225208,0.010295559602185173
2023-01-27,1,144.3398,143.08,145.97,close,1.2940149230036693,0.011294182200612735,0.008728015419170487
2023-01-30,-1,144.51,145.55,143.03,close,1.4230769230768852,0.010241505778146753,0.007196733790049274
2023-01-31,-1,142.35,143.45,143.45,stop,-1.0,-0.007727432384966537,0.007727432384966592
2023-02-01,-1,142.8402,144.0,144.0,stop,-1.0,-0.00811956298016936,0.008119562980169377
2023-02-02,1,149.47,148.72,148.72,stop,-1.0,-0.0050177293102294795,0.005017729310229478
2023-02-03,1,150.37,147.83,154.5,close,1.6259842519685073,0.027465584890603134,0.01689166722085517
2023-02-06,-1,152.05,153.1,153.1,stop,-1.0,-0.006905623150279316,0.0069056231502794005
2023-02-07,1,152.42,150.64,154.64,close,1.2471910112359537,0.014565017714210704,0.011678257446529335
2023-02-08,1,154.2,153.23,153.23,stop,-1.0,-0.0062905317769130775,0.006290531776913093
2023-02-10,1,150.4,149.22,151.02,close,0.5254237288135601,0.004122340425531945,0.007845744680851108
2023-02-13,1,151.69,150.92,153.84,close,2.7922077922077624,0.014173643615267961,0.005076142131979763
2023-02-14,1,152.25,151.0,151.0,stop,-1.0,-0.008210180623973717,0.008210180623973728
2023-02-15,1,153.7449,152.88,155.36,close,1.8673835125448048,0.01050506390781103,0.005625552457349843
2023-02-16,1,154.121,153.3475,153.69,close,-0.5572074983839748,-0.002796504045522785,0.00501878394248683
2023-02-21,1,150.75,150.08,150.08,stop,-1.0,-0.004444444444444362,0.004444444444444361
2023-02-22,-1,148.66,149.5,149.5,stop,-1.0,-0.005650477599892456,0.0056504775998923945
2023-02-23,-1,149.64,150.34,149.42,close,0.314285714285705,0.0014701951349905817,0.004677893611333982
2023-02-24,-1,146.63,147.19,146.71,close,-0.1428571428571646,-0.0005455909431903994,0.003819136602332417
2023-02-27,1,148.37,147.7,147.7,stop,-1.0,-0.004515737682820098,0.004515737682820084
2023-02-28,1,147.38,146.83,147.4,close,0.036363636363656096,0.00013570362328674257,0.0037318496403852828
2023-03-01,-1,146.39,146.95,146.95,stop,-1.0,-0.0038253979096933843,0.003825397909693301
2023-03-02,1,144.75,144.1,144.1,stop,-1.0,-0.004490500863557845,0.004490500863557898
2023-03-03,1,148.56,147.33,151.1,close,2.0650406504065146,0.01709746903607967,0.008279483037156636
2023-03-06,1,154.6,153.4601,153.4601,stop,-1.0,-0.007373221216041337,0.007373221216041287
2023-03-07,1,153.83,153.15,153.15,stop,-1.0,-0.004420464148735648,0.004420464148735662
2023-03-08,-1,152.52,153.1,153.1,stop,-1.0,-0.003802779963283376,0.0038027799632833993
2023-03-09,1,153.77,152.9488,152.9488,stop,-1.0,-0.005340443519542215,0.005340443519542203
2023-03-10,-1,149.55,150.51,150.51,stop,-1.0,-0.006419257773319753,0.0064192577733198225
2023-03-13,1,150.1,147.7,150.46,close,0.15000000000000532,0.002398401065956124,0.0159893404397069
2023-03-14,1,152.02,151.18,151.18,stop,-1.0,-0.005525588738323872,0.005525588738323927
2023-03-15,-1,150.9,151.78,151.78,stop,-1.0,-0.00583167660702455,0.005831676607024489
2023-03-16,-1,151.8,152.67,152.67,stop,-1.0,-0.005731225296442544,0.00573122529644253
2023-03-17,-1,155.25,156.31,156.31,stop,-1.0,-0.006827697262479893,0.006827697262479886
2023-03-20,-1,154.76,155.43,155.43,stop,-1.0,-0.004329284052726923,0.004329284052726906
2023-03-21,1,158.32,157.26,157.26,stop,-1.0,-0.006695300656897385,0.006695300656897438
2023-03-22,1,159.74,159.21,159.21,stop,-1.0,-0.0033178915738074632,0.003317891573807444
2023-03-23,1,159.48,158.73,158.73,stop,-1.0,-0.004702784048156494,0.004702784048156509
2023-03-24,-1,158.18,159.12,159.12,stop,-1.0,-0.0059425970413453655,0.005942597041345288
2023-03-27,-1,159.65,160.319,160.319,stop,-1.0,-0.004190416536172803,0.00419041653617277
2023-03-28,-1,157.55,158.49,157.67,close,-0.12765957446806,-0.0007616629641382655,0.005966359885750541
2023-03-29,1,159.99,159.35,159.35,stop,-1.0,-0.0040002500156260945,0.0040002500156260685
2023-03-30,-1,161.51,161.97,161.97,stop,-1.0,-0.002848120859389569,0.002848120859389561
2023-03-31,1,163.03,161.91,164.84,close,1.616071428571424,0.011102251119425866,0.006869901245169629
2023-04-03,1,165.56,164.22,166.1,close,0.40298507462685873,0.0032616574051702596,0.008093742449867138
2023-04-04,-1,166.062,166.7,166.7,stop,-1.0,-0.0038419385530703565,0.0038419385530704
2023-04-05,1,165.0,164.28,164.28,stop,-1.0,-0.004363636363636347,0.004363636363636357
2023-04-06,-1,162.04,162.74,162.74,stop,-1.0,-0.004319921007158722,0.004319921007158832
2023-04-10,-1,161.37,162.0,162.0,stop,-1.0,-0.003904071388733943,0.0039040713887339372
2023-04-11,-1,161.75,162.36,160.8,close,1.5573770491802743,0.005873261205564084,0.003771251931993902
2023-04-12,-1,161.16,162.06,160.13,close,1.1444444444444384,0.00639116406056095,0.005584512285927065
2023-04-13,1,162.29,161.42,165.59,close,3.7931034482758554,0.02033397005360782,0.005360773923223887
2023-04-14,1,165.19,164.52,164.52,stop,-1.0,-0.004055935589321269,0.0040559355893213115
2023-04-17,1,165.18,164.59,164.59,stop,-1.0,-0.0035718610001210793,0.0035718610001211006
2023-04-18,1,166.27,165.84,165.84,stop,-1.0,-0.002586155049016714,0.0025861550490167006
2023-04-19,1,166.01,165.54,167.62,close,3.4255319148936545,0.009698210951147646,0.002831154749713866
2023-04-20,1,166.98,165.89,165.89,stop,-1.0,-0.006527727871601385,0.0065277278716014105
2023-04-21,1,165.98,164.67,164.67,stop,-1.0,-0.007892517170743463,0.007892517170743477
2023-04-24,1,165.02,164.41,164.41,stop,-1.0,-0.0036965216337414564,0.0036965216337414473
2023-04-25,1,166.135,165.05,165.05,stop,-1.0,-0.006530833358413202,0.0065308333584132156
2023-04-26,1,164.11,162.8,163.72,close,-0.2977099236641329,-0.0023764548168911936,0.007982450795198355
2023-04-27,1,165.96,165.19,168.4,close,3.1688311688311237,0.014702337912749996,0.004639672210171187
2023-04-28,-1,168.26,169.04,169.04,stop,-1.0,-0.004635682871746205,0.004635682871746114
2023-05-01,-1,169.28,169.92,169.92,stop,-1.0,-0.003780718336483746,0.0037807183364838514
2023-05-02,-1,169.66,170.35,168.55,close,1.6086956521738969,0.0065424967582222715,0.004066957444300352
2023-05-03,1,170.24,169.49,169.49,stop,-1.0,-0.004405545112781906,0.004405545112781955
2023-05-04,1,165.12,164.39,164.39,stop,-1.0,-0.004421027131783051,0.004421027131783056
2023-05-05,1,172.4,170.76,173.62,close,0.7439024390243828,0.0070765661252900625,0.009512761020881756
2023-05-08,1,173.13,172.11,173.52,close,0.3823529411764919,0.002252642522959647,0.005891526598509686
2023-05-09,-1,172.91,173.54,171.78,close,1.7936507936507993,0.006535191718234912,0.0036435139668035132
2023-05-10,-1,172.83,174.03,173.5504,close,-0.6003333333333255,-0.004168257825608812,0.006943239021003232
2023-05-11,-1,172.99,173.96,173.96,stop,-1.0,-0.0056072605352910365,0.00560726053529105
2023-05-12,-1,173.51,174.06,172.56,close,1.727272727272671,0.005475188749927917,0.0031698461183794096
2023-05-15,-1,172.69,173.21,172.14,close,1.0576923076923088,0.0031848977937345424,0.0030111760958944364
2023-05-16,1,172.65,171.985,171.985,stop,-1.0,-0.003851723139299157,0.003851723139299114
2023-05-17,-1,171.41,172.15,172.15,stop,-1.0,-0.004317134356222052,0.0043171343562219775
2023-05-18,-1,172.86,173.5,173.5,stop,-1.0,-0.0037024181418487956,0.003702418141848816
2023-05-19,-1,175.55,176.39,175.19,close,0.4285714285714576,0.0020506978068927095,0.004784961549415978
2023-05-22,1,174.47,173.65,173.65,stop,-1.0,-0.004699948415200272,0.004699948415200282
2023-05-23,-1,172.65,173.32,173.32,stop,-1.0,-0.003880683463654666,0.0038806834636547203
2023-05-24,1,172.0,170.52,171.85,close,-0.1013513513513559,-0.0008720930232558599,0.008604651162790638
2023-05-25,-1,172.05,173.22,173.22,stop,-1.0,-0.006800348735832573,0.006800348735832533
2023-05-26,1,173.87,173.11,175.38,close,1.9868421052631697,0.008684649450739101,0.00437108184275603
2023-05-30,1,178.06,176.57,177.33,close,-0.4899328859060304,-0.004099741660114509,0.008367965854206499
2023-05-31,1,178.25,177.05,177.05,stop,-1.0,-0.006732117812061622,0.006732117812061647
2023-06-01,-1,176.95,177.865,177.865,stop,-1.0,-0.005170952246397409,0.005170952246397404
2023-06-02,-1,180.85,181.78,180.95,close,-0.10752688172042321,-0.0005529444290848229,0.005142383190489394
2023-06-05,1,183.46,181.97,181.97,stop,-1.0,-0.00812166139757986,0.008121661397579904
2023-06-06,-1,177.84,180.12,179.16,close,-0.5789473684210493,-0.007422402159244168,0.012820512820512827
2023-06-07,1,180.44,178.22,178.22,stop,-1.0,-0.012303258700953168,0.01230325870095322
2023-06-08,-1,177.86,178.75,178.75,stop,-1.0,-0.005003935679747995,0.005003935679748039
2023-06-09,-1,181.49,182.14,182.14,stop,-1.0,-0.003581464543500834,0.003581464543500894
2023-06-12,-1,181.24,182.04,182.04,stop,-1.0,-0.004414036636503971,0.004414036636503989
2023-06-13,-1,182.71,184.15,183.32,close,-0.4236111111111015,-0.003338624049039396,0.007881342017404617
2023-06-14,1,183.5,182.91,182.91,stop,-1.0,-0.003215258855585823,0.0032152588555858495
2023-06-15,1,184.45,183.78,186.03,close,2.3582089552239434,0.008566007047980495,0.0036324207102195042
2023-06-16,-1,185.16,186.99,185.01,close,0.08196721311475665,0.0008101101749837802,0.0098833441348024
2023-06-20,1,185.78,184.41,185.03,close,-0.5474452554744508,-0.00403703304984393,0.007374313704381551
2023-06-21,1,185.35,184.57,184.57,stop,-1.0,-0.004208254653358501,0.004208254653358517
2023-06-22,1,184.8,183.67,186.97,close,1.9203539823008333,0.011742424242424221,0.006114718614718744
2023-06-23,-1,185.3601,186.18,186.18,stop,-1.0,-0.004423282033188425,0.004423282033188471
2023-06-26,1,187.0,186.34,186.34,stop,-1.0,-0.003529411764705892,0.0035294117647058643
2023-06-27,1,186.26,185.67,188.04,close,3.0169491525423573,0.009556533877375761,0.00316761516160208
2023-06-28,1,188.31,187.71,187.71,stop,-1.0,-0.003186235462800724,0.0031862354628006706
2023-06-29,1,189.95,189.05,189.05,stop,-1.0,-0.004738088970781651,0.004738088970781666
2023-06-30,1,191.89,191.26,193.8,close,3.0317460317460934,0.009953619261034996,0.0032831309604460656
2023-07-05,1,192.74,191.55,191.55,stop,-1.0,-0.0061741205769429985,0.00617412057694302
2023-07-06,-1,189.74,190.46,190.46,stop,-1.0,-0.0037946663855803475,0.0037946663855802617
2023-07-07,-1,190.98,191.5,191.5,stop,-1.0,-0.002722798198764309,0.002722798198764322
2023-07-10,-1,189.05,189.99,188.63,close,0.4468085106383159,0.0022216344882307615,0.004972229568897105
2023-07-11,-1,188.3,189.3,188.06,close,0.2400000000000091,0.0012745618693574823,0.005310674455655868
2023-07-12,1,190.49,189.45,189.45,stop,-1.0,-0.005459604178697175,0.0054596041786971515
2023-07-13,1,190.5182,189.94,189.94,stop,-1.0,-0.0030348806570711373,0.0030348806570711334
2023-07-14,1,190.71,190.1,190.1,stop,-1.0,-0.0031985737507210787,0.0031985737507210614
2023-07-17,1,192.88,191.81,193.98,close,1.0280373831775713,0.005703027789299098,0.0055474906677726735
2023-07-18,-1,192.86,193.58,193.58,stop,-1.0,-0.0037332780255108222,0.003733278025510727
2023-07-19,-1,192.93,193.54,193.54,stop,-1.0,-0.0031617685170786114,0.0031617685170786565
2023-07-20,1,196.17,195.02,195.02,stop,-1.0,-0.005862262323494849,0.0058622623234948126
2023-07-21,1,194.96,193.9,193.9,stop,-1.0,-0.0054370127205580765,0.005437012720558075
2023-07-24,1,194.49,193.25,193.25,stop,-1.0,-0.0063756491336316445,0.006375649133631596
2023-07-25,1,193.55,192.915,193.62,close,0.11023622047242684,0.00036166365280276835,0.003280805993283489
2023-07-26,-1,193.45,194.18,194.18,stop,-1.0,-0.0037735849056603765,0.0037735849056604715
2023-07-27,1,196.97,195.82,195.82,stop,-1.0,-0.005838452556226836,0.005838452556226866
2023-07-28,1,195.38,194.14,195.84,close,0.3709677419354876,0.002354386324086466,0.006346606612754679
2023-07-31,-1,195.595,196.38,196.38,stop,-1.0,-0.004013395025435296,0.004013395025435193
2023-08-01,1,196.49,195.8,195.8,stop,-1.0,-0.003511629090538926,0.003511629090538947
2023-08-02,-1,194.13,195.18,192.59,close,1.4666666666666432,0.007932828516973078,0.005408746716118124
2023-08-03,1,192.17,190.69,191.0099,close,-0.7838513513513568,-0.006036842379143481,0.0077015142842274545
2023-08-04,1,185.53,183.25,183.25,stop,-1.0,-0.01228911766291163,0.012289117662911665
2023-08-07,-1,180.13,183.13,178.809,close,0.44033333333333263,0.007333592405484923,0.01665463831677122
2023-08-08,-1,178.81,179.74,179.74,stop,-1.0,-0.005201051395335776,0.005201051395335869
2023-08-09,-1,179.94,180.93,178.2,close,1.7575757575757507,0.009669889963321188,0.005501833944648267
2023-08-10,1,179.8,178.86,178.86,stop,-1.0,-0.00522803114571746,0.005228031145717451
2023-08-11,1,177.505,176.84,176.84,stop,-1.0,-0.0037463733415959988,0.0037463733415959667
2023-08-14,1,178.3,177.305,179.51,close,1.2160804020100242,0.006786315199102555,0.0055804823331464075
2023-08-15,-1,178.88,179.48,177.48,close,2.333333333333365,0.007826475849731729,0.0033542039355992526
2023-08-16,1,177.64,176.84,176.84,stop,-1.0,-0.0045034902049087,0.004503490204908709
2023-08-17,-1,176.9,177.5054,173.99,close,4.806739345886987,0.016449971735443714,0.003422272470322233
2023-08-18,1,173.35,171.96,174.49,close,0.820143884892105,0.0065762907412749705,0.008018459763484202
2023-08-21,1,175.12,174.35,174.35,stop,-1.0,-0.0043969849246231485,0.004396984924623174
2023-08-22,1,177.085,176.25,177.22,close,0.1616766467065744,0.0007623457661574129,0.004715249738826032
2023-08-23,1,179.05,178.325,181.14,close,2.8827586206895304,0.011672717118123233,0.004049148282602752
2023-08-24,-1,179.69,181.104,176.33,close,2.3762376237623393,0.018698870276587343,0.007869107908063975
2023-08-25,1,178.1282,177.38,177.38,stop,-1.0,-0.004200345593791455,0.004200345593791422
2023-08-28,-1,179.4,180.2,180.2,stop,-1.0,-0.004459308807134743,0.004459308807134799
2023-08-29,1,180.1,179.5,184.12,close,6.70000000000008,0.022320932815102834,0.0033314825097167924
2023-08-30,1,185.78,184.74,187.67,close,1.8173076923076932,0.010173323285606495,0.005598019162450167
2023-08-31,-1,187.79,188.37,188.37,stop,-1.0,-0.003088556366153794,0.003088556366153749
2023-09-01,-1,188.84,189.92,189.47,close,-0.5833333333333377,-0.0033361575937300714,0.005719127303537302
2023-09-05,-1,187.64,188.63,188.63,stop,-1.0,-0.005276060541462346,0.0052760605414624235
2023-09-06,-1,187.71,188.85,182.9,close,4.2192982456140875,0.025624633743540626,0.0060731980182195215
2023-09-07,1,175.43,173.54,177.56,close,1.1269841269841159,0.012141594938152034,0.010773527902867324
2023-09-08,1,179.6,178.33,178.33,stop,-1.0,-0.007071269487750498,0.007071269487750456
2023-09-11,-1,179.78,180.3,179.38,close,0.769230769230765,0.002224941595283192,0.002892424073868118
2023-09-12,-1,179.2,180.13,176.31,close,3.1075268817203927,0.01612723214285705,0.005189732142857182
2023-09-13,-1,175.63,177.3,174.2,close,0.8562874251496965,0.008142116950407119,0.00950862608893706
2023-09-14,1,174.47,173.58,175.73,close,1.4157303370786631,0.007221871955063852,0.005101163523814904
2023-09-15,-1,175.06,176.495,174.96,close,0.06968641114982171,0.0005712327202102019,0.008197189535016578
2023-09-18,1,178.11,176.17,177.98,close,-0.06701030927836192,-0.0007298860254899564,0.010892145303464298
2023-09-19,1,178.25,177.31,177.31,stop,-1.0,-0.005273492286114956,0.005273492286114994
2023-09-20,-1,178.63,179.695,175.49,close,2.948356807511731,0.017578234339136634,0.005962044449420578
2023-09-21,1,175.55,174.44,174.44,stop,-1.0,-0.006322984904585716,0.006322984904585665
2023-09-22,-1,174.12,174.76,174.76,stop,-1.0,-0.003675626005053889,0.0036756260050539074
2023-09-25,1,175.14,174.15,176.09,close,0.9595959595959955,0.005424232042937183,0.00565262076053432
2023-09-26,-1,174.32,175.2,171.9,close,2.75,0.01388251491509862,0.005048187241854036
2023-09-27,-1,171.9901,173.04,170.43,close,1.4859510429565062,0.009070870939664633,0.0061044211265647245
2023-09-28,1,169.8,167.62,170.69,close,0.4082568807339374,0.005241460541813847,0.012838633686690262
2023-09-29,-1,171.8106,172.67,172.67,stop,-1.0,-0.005002019665841351,0.005002019665841303
2023-10-02,1,173.07,170.93,173.75,close,0.3177570093457996,0.0039290460507308556,0.012364939042006046
2023-10-03,1,172.93,172.21,172.21,stop,-1.0,-0.004163534378072042,0.004163534378072046
2023-10-04,1,172.29,170.97,173.66,close,1.0378787878787967,0.00795170932729694,0.00766150095768758
2023-10-05,1,174.3,173.7,173.7,stop,-1.0,-0.003442340791738552,0.0034423407917385123
2023-10-06,-1,173.8,175.06,175.06,stop,-1.0,-0.007249712313003309,0.007249712313003399
2023-10-09,-1,176.16,176.88,176.88,stop,-1.0,-0.004087193460490468,0.004087193460490457
2023-10-10,1,179.16,178.1,178.1,stop,-1.0,-0.0059164992185756216,0.005916499218575588
2023-10-11,1,178.64,178.06,178.06,stop,-1.0,-0.0032467532467531646,0.003246753246753158
2023-10-12,1,180.42,179.84,179.84,stop,-1.0,-0.003214721206074578,0.0032147212060746264
2023-10-13,-1,181.28,181.93,178.87,close,3.70769230769227,0.013294351279788175,0.0035856134157105342
2023-10-16,1,178.18,176.51,178.675,close,0.2964071856287424,0.0027780895723426013,0.009372544617802311
2023-10-17,-1,175.94,176.99,176.99,stop,-1.0,-0.005967943617142257,0.005967943617142272
2023-10-18,1,176.475,175.42,175.42,stop,-1.0,-0.005978183878736387,0.005978183878736404
2023-10-19,-1,175.93,176.66,176.66,stop,-1.0,-0.004149377593360981,0.004149377593360938
2023-10-20,-1,174.72,175.39,175.39,stop,-1.0,-0.0038347069597068906,0.003834706959706888
2023-10-23,-1,170.52,171.68,171.68,stop,-1.0,-0.006802721088435382,0.006802721088435354
2023-10-24,-1,172.27,173.31,173.31,stop,-1.0,-0.006037034887095727,0.006037034887095791
2023-10-25,-1,170.95,172.01,172.01,stop,-1.0,-0.0062006434630008656,0.006200643463000892
2023-10-26,1,171.22,170.07,170.07,stop,-1.0,-0.006716505081182156,0.0067165050811821385
2023-10-27,1,168.01,166.88,166.88,stop,-1.0,-0.006725790131539733,0.006725790131539762
2023-10-30,1,170.1,168.87,170.23,close,0.1056910569105663,0.0007642563198118069,0.007231040564373838
2023-10-31,-1,168.57,169.45,169.45,stop,-1.0,-0.005220383223586644,0.005220383223586614
2023-11-01,1,171.335,170.12,173.91,close,2.119341563785993,0.015029036682522534,0.007091370706510657
2023-11-02,1,176.27,175.46,177.78,close,1.8641975308641812,0.008566403812333201,0.004595223237079493
2023-11-03,1,175.15,173.35,176.63,close,0.8222222222222113,0.008449900085640838,0.010276905509563295
2023-11-06,1,177.35,176.21,179.29,close,1.7017543859649307,0.010938821539328902,0.006427967296306661
2023-11-07,1,179.71,178.97,181.88,close,2.9324324324323796,0.01207500973791098,0.004117745256246225
2023-11-08,1,183.31,182.18,182.18,stop,-1.0,-0.006164420926299652,0.006164420926299686
2023-11-09,-1,182.89,183.55,183.55,stop,-1.0,-0.003608726556946884,0.0036087265569469357
2023-11-10,1,184.46,183.67,183.67,stop,-1.0,-0.004282771332538293,0.0042827713325383305
2023-11-13,-1,185.32,186.03,184.77,close,0.774647887323911,0.002967839412907347,0.0038312108784805095
2023-11-14,1,187.73,186.3,187.44,close,-0.2027972027972003,-0.0015447717466573474,0.007617322750758954
2023-11-15,1,188.62,187.8,187.8,stop,-1.0,-0.004347365072632781,0.00434736507263277
2023-11-16,1,190.21,189.52,189.52,stop,-1.0,-0.0036275695284159193,0.003627569528415949
2023-11-17,-1,189.77,190.38,189.71,close,0.09836065573771102,0.00031617220846291705,0.003214417452705829
2023-11-20,1,191.52,189.88,191.5,close,-0.012195121951225641,-0.00010442773600671806,0.008563074352548113
2023-11-21,-1,190.92,191.52,190.65,close,0.4499999999999526,0.001414204902576932,0.0031426775612823318
2023-11-22,1,192.73,191.465,191.465,stop,-1.0,-0.006563586364343843,0.00656358636434383
2023-11-27,-1,189.49,190.39,190.39,stop,-1.0,-0.004749591007440879,0.004749591007440906
2023-11-28,1,190.27,189.4,190.39,close,0.13793103448273045,0.0006306827140378779,0.004572449676775133
2023-11-29,-1,190.9,192.09,189.35,close,1.3025210084033734,0.00811943425877426,0.006233630172865362
2023-11-30,-1,189.62,190.32,189.95,close,-0.4714285714285563,-0.0017403227507646335,0.003691593713743216
2023-12-01,-1,189.44,190.49,190.49,stop,-1.0,-0.005542652027027195,0.0055426520270270875
2023-12-04,-1,189.54,190.05,189.45,close,0.17647058823529413,0.00047483380816715215,0.002690724912947237
2023-12-05,1,192.51,190.18,193.5,close,0.42489270386266775,0.00514258999532502,0.012103267362734321
2023-12-06,-1,193.5,194.76,192.33,close,0.9285714285714254,0.006046511627906925,0.006511627906976698
2023-12-07,1,194.48,193.59,194.24,close,-0.269662921348297,-0.0012340600575894145,0.004576306046894212
2023-12-08,-1,193.94,194.55,194.55,stop,-1.0,-0.003145302670929162,0.0031453026709292236
2023-12-11,-1,192.58,193.49,193.19,close,-0.6703296703296566,-0.003167514799044424,0.004725308962509069
2023-12-12,-1,192.52,193.39,193.39,stop,-1.0,-0.004519011011842711,0.004519011011842801
2023-12-13,1,196.185,194.85,197.88,close,1.269662921348302,0.008639804266381113,0.006804801590335693
2023-12-14,-1,198.0,199.62,198.14,close,-0.08641975308641109,-0.0007070707070706561,0.008181818181818205
2023-12-15,-1,197.125,198.01,198.01,stop,-1.0,-0.004489537095751395,0.004489537095751381
2023-12-18,-1,195.44,196.63,195.8623,close,-0.3548739495798385,-0.0021607654523128073,0.006088825214899702
2023-12-19,1,196.59,195.98,195.98,stop,-1.0,-0.0031029045221019347,0.0031029045221019056
2023-12-20,1,197.387,196.69,196.69,stop,-1.0,-0.003531134269227465,0.0035311342692274706
2023-12-21,-1,195.77,197.08,194.68,close,0.8320610687022912,0.005567758083465324,0.006691525770036278
2023-12-22,-1,194.71,195.41,193.53,close,1.6857142857143228,0.006060294797391008,0.003595090134045445
2023-12-26,1,193.7757,193.19,193.19,stop,-1.0,-0.003022566813073113,0.003022566813073067
2023-12-27,1,192.8799,192.36,192.36,stop,-1.0,-0.0026954597135314673,0.0026954597135314695
2023-12-28,-1,193.99,194.66,193.58,close,0.611940298507469,0.0021135110057218798,0.003453786277643113
2023-12-29,-1,193.81,194.4,192.52,close,2.1864406779660754,0.006656003302203173,0.003044218564573569
2024-01-02,-1,186.35,188.44,185.525,close,0.39473684210525706,0.004427153206332135,0.011215454789374852
2024-01-03,1,185.6887,183.86,183.86,stop,-1.0,-0.009848202933188666,0.009848202933188705
2024-01-04,1,182.83,181.62,181.62,stop,-1.0,-0.006618169884592295,0.006618169884592288
2024-01-05,1,182.49,181.75,181.75,stop,-1.0,-0.004055016713244597,0.004055016713244611
2024-01-08,1,182.3778,181.5,185.55,close,3.613807245386165,0.017393564348292312,0.004813085803206353
2024-01-09,-1,183.55,184.23,184.23,stop,-1.0,-0.003704712612367045,0.0037047126123670843
2024-01-10,-1,184.26,184.96,184.96,stop,-1.0,-0.0037989797025943517,0.0037989797025942532
2024-01-11,-1,186.35,187.05,185.58,close,1.0999999999999472,0.004132009659243208,0.0037563724174940545
2024-01-12,-1,185.91,186.74,185.92,close,-0.012048192771073198,-5.3789468022147346e-05,0.004464525845839452
2024-01-16,1,182.62,181.83,181.83,stop,-1.0,-0.004325922680976868,0.004325922680976848
2024-01-17,-1,180.39,181.56,181.56,stop,-1.0,-0.006485947114585056,0.0064859471145851545
2024-01-18,1,186.88,185.83,188.73,close,1.7619047619047852,0.009899400684931559,0.0056185787671231965
2024-01-19,-1,188.86,189.79,189.79,stop,-1.0,-0.004924282537329017,0.004924282537329124
2024-01-22,1,193.81,192.26,193.87,close,0.03870967741935602,0.00030958154893978573,0.00799752334760854
2024-01-23,-1,194.728,195.75,195.15,close,-0.41291585127201624,-0.00216712542623565,0.0052483464114045815
2024-01-24,-1,195.39,196.38,194.51,close,0.8888888888888762,0.004503812887046377,0.005066789497927269
2024-01-25,-1,194.87,195.64,195.64,stop,-1.0,-0.00395135218350684,0.00395135218350686
2024-01-26,-1,193.82,194.5425,194.5425,stop,-1.0,-0.0037276854813743654,0.003727685481374454
2024-01-29,-1,191.5598,192.178,192.178,stop,-1.0,-0.0032271906736174305,0.0032271906736173334
2024-01-30,-1,190.68,191.8,187.98,close,2.4107142857142914,0.014159848961611154,0.00587371512481647
2024-01-31,-1,185.7806,187.095,184.36,close,1.0807973219719813,0.00764665417164101,0.007075012137973536
2024-02-01,1,185.21,183.82,186.89,close,1.2086330935251515,0.009070784514874974,0.007504994330759757
2024-02-02,1,182.4,179.25,185.84,close,1.0920634920634893,0.01885964912280702,0.017269736842105293
2024-02-05,-1,186.94,188.28,188.28,stop,-1.0,-0.007168075318283895,0.007168075318283959
2024-02-06,1,187.95,186.7695,189.29,close,1.1351122405760348,0.007129555732907633,0.006280925778132456
2024-02-07,-1,189.89,191.05,189.41,close,0.4137931034482581,0.0025277792406129818,0.006108799831481516
2024-02-08,-1,188.77,189.535,188.34,close,0.5620915032679928,0.002277904328018221,0.004052550723102116
2024-02-09,1,188.93,188.0,188.83,close,-0.10752688172042321,-0.0005292965648652226,0.0049224580532472705
2024-02-13,-1,184.63,186.21,185.03,close,-0.2531645569620269,-0.0021664951524671405,0.008557655852245098
2024-02-14,-1,185.0,185.53,184.02,close,1.8490566037735616,0.005297297297297221,0.002864864864864871
2024-02-15,1,183.78,183.03,183.03,stop,-1.0,-0.004080966372837058,0.004080966372837088
2024-02-16,1,184.06,183.31,183.31,stop,-1.0,-0.004074758231011666,0.004074758231011627
2024-02-20,-1,181.65,182.43,181.62,close,0.038461538461539865,0.00016515276630879594,0.0042939719240297335
2024-02-21,1,182.75,181.53,181.53,stop,-1.0,-0.006675786593707267,0.006675786593707244
2024-02-22,-1,182.7,184.19,184.19,stop,-1.0,-0.008155446086480556,0.00815544608648062
2024-02-23,-1,184.46,185.04,182.52,close,3.3448275862069843,0.010517185297625464,0.003144313130217847
2024-02-26,-1,181.92,182.76,181.14,close,0.9285714285714262,0.004287598944591076,0.004617414248021127
2024-02-27,-1,180.83,181.54,181.54,stop,-1.0,-0.003926339656030509,0.003926339656030412
2024-02-28,-1,181.7513,183.12,181.42,close,0.24205450427412464,0.0018228205245299778,0.007530620138618092
2024-02-29,-1,181.17,182.57,180.77,close,0.2857142857142683,0.0022078710603299356,0.0077275487111553
2024-03-01,-1,179.53,180.53,179.63,close,-0.09999999999999432,-0.0005570099704783615,0.005570099704784715
2024-03-04,-1,175.41,176.9,175.09,close,0.21476510067113505,0.00182429736046974,0.008494384584687356
2024-03-05,-1,170.2,172.04,170.17,close,0.016304347826087546,0.0001762632197415126,0.010810810810810832
2024-03-06,-1,169.8,171.24,169.12,close,0.4722222222222277,0.004004711425206198,0.00848056537102472
2024-03-07,-1,168.61,169.74,169.74,stop,-1.0,-0.006701856354901725,0.006701856354901817
2024-03-08,1,169.5333,168.94,170.74,close,2.0338783077701224,0.007117775681827698,0.0034996074517513625
2024-03-11,1,173.77,172.74,172.74,stop,-1.0,-0.005927375266156387,0.00592737526615642
2024-03-12,-1,172.67,173.47,173.47,stop,-1.0,-0.004633115190826542,0.004633115190826498
2024-03-13,-1,172.72,173.185,171.17,close,3.3333333333333335,0.008974062065771227,0.002692218619731377
2024-03-14,1,173.05,172.05,173.08,close,0.030000000000001137,0.00017336030049119877,0.005778676683039583
2024-03-15,-1,171.0,172.48,172.48,stop,-1.0,-0.008654970760233915,0.008654970760233858
2024-03-18,1,176.1679,174.88,174.88,stop,-1.0,-0.007310639452476897,0.007310639452476913
2024-03-19,-1,173.38,174.34,174.34,stop,-1.0,-0.005536970815549713,0.0055369708155497055
2024-03-20,-1,175.26,176.1,176.1,stop,-1.0,-0.004792879150975704,0.004792879150975713
2024-03-21,1,177.33,176.55,176.55,stop,-1.0,-0.004398578920656426,0.00439857892065641
2024-03-22,-1,170.8,172.33,172.33,stop,-1.0,-0.008957845433255285,0.008957845433255276
2024-03-25,-1,170.01,170.69,170.69,stop,-1.0,-0.003999764719722521,0.0039997647197224095
2024-03-26,1,170.3,169.65,169.65,stop,-1.0,-0.003816793893129833,0.0038167938931298042
2024-03-27,1,170.75,170.11,173.41,close,4.1562500000000835,0.015578330893118553,0.0037481698389457475
2024-03-28,-1,171.24,171.97,171.97,stop,-1.0,-0.004263022658257398,0.004263022658257357
2024-04-01,-1,170.23,171.25,170.01,close,0.21568627450980063,0.001292369147623762,0.005991893320801329
2024-04-02,-1,168.62,169.33,169.33,stop,-1.0,-0.004210651168307544,0.0042106511683074836
2024-04-03,1,168.96,168.58,169.66,close,1.842105263157887,0.004142992424242431,0.002249053030303003
2024-04-04,1,170.77,170.04,170.04,stop,-1.0,-0.004274755519119378,0.00427475551911939
2024-04-05,-1,169.02,169.65,169.65,stop,-1.0,-0.0037273695420660946,0.0037273695420660005
2024-04-08,-1,168.38,169.2,168.46,close,-0.09756097560977216,-0.0004751158094786767,0.004869937047155204
2024-04-10,-1,168.165,169.09,167.75,close,0.4486486486486345,0.0024678143490024507,0.0055005500550055686
2024-04-11,1,168.64,168.16,173.43999999999988,target,10.0,0.02846299810246622,0.002846299810246619
2024-04-12,1,176.03,174.21,176.56,close,0.29120879120879295,0.0030108504232233546,0.01033914673635172
2024-04-15,1,175.98,173.83,173.83,stop,-1.0,-0.0122172974201612,0.012217297420161253
2024-04-16,1,172.43,171.46,171.46,stop,-1.0,-0.005625471205706667,0.0056254712057066565
2024-04-17,1,170.15,169.31,169.31,stop,-1.0,-0.004936820452541846,0.004936820452541894
2024-04-18,-1,167.94,168.64,167.0101,close,1.328428571428598,0.005537096582112655,0.004168155293557155
2024-04-19,-1,165.62,166.4,164.93,close,0.8846153846153804,0.004166163506822862,0.004709576138147573
2024-04-22,1,165.98,165.32,165.32,stop,-1.0,-0.003976382696710412,0.003976382696710427
2024-04-23,1,165.485,164.92,166.91,close,2.522123893805163,0.008611052361241045,0.0034142067256852653
2024-04-24,1,167.34,166.21,168.95,close,1.4247787610619396,0.009621130632245567,0.006752719015178651
2024-04-25,-1,169.37,170.61,169.9,close,-0.42741935483870747,-0.0031292436677097246,0.007321249335773803
2024-04-26,1,170.09,169.54,169.54,stop,-1.0,-0.0032335822211770893,0.0032335822211770906
2024-04-29,1,174.65,173.13,173.13,stop,-1.0,-0.008703120526767916,0.00870312052676788
2024-04-30,1,173.9228,172.65,172.65,stop,-1.0,-0.007318189449571855,0.007318189449571819
2024-05-01,1,170.27,169.11,169.31,close,-0.827586206896561,-0.005638104187467019,0.006812709226522561
2024-05-02,-1,171.21,172.66,172.66,stop,-1.0,-0.008469131475965064,0.008469131475965123
2024-05-03,-1,184.845,187.0,183.39,close,0.6751740139211191,0.007871459871784503,0.011658416511130953
2024-05-06,-1,182.16,184.2,181.7,close,0.22549019607843615,0.002525252525252597,0.011198945981554635
2024-05-07,1,184.01,183.3351,183.3351,stop,-1.0,-0.0036677354491602143,0.003667735449160261
2024-05-08,-1,182.28,182.96,182.96,stop,-1.0,-0.0037305244678516036,0.0037305244678516943
2024-05-09,1,182.72,182.11,184.65,close,3.163934426229596,0.010562609457092753,0.003338441330998168
2024-05-13,-1,184.74,185.65,185.65,stop,-1.0,-0.004925841723503188,0.004925841723503284
2024-05-14,-1,187.3,188.3,187.39,close,-0.08999999999997499,-0.0004805125467164384,0.0053390282968499726
2024-05-15,-1,187.38,188.65,188.65,stop,-1.0,-0.0067776710428006925,0.00677767104280078
2024-05-16,1,190.689,189.975,189.975,stop,-1.0,-0.0037443166622090907,0.0037443166622091397
2024-05-17,1,190.23,189.18,189.93,close,-0.2857142857142741,-0.0015770383220311546,0.0055196341271092
2024-05-20,1,190.07,189.01,191.08,close,0.9528301886792615,0.005313831746198927,0.0055768927237333735
2024-05-21,1,191.52,190.9201,192.36,close,1.400233372228665,0.004385964912280826,0.003132309941520569
2024-05-22,1,192.45,191.98,191.98,stop,-1.0,-0.0024421927773448093,0.002442192777344759
2024-05-23,-1,190.03,191.0,186.91,close,3.2164948453608333,0.016418460243119548,0.005104457190969841
2024-05-24,-1,188.23,189.1858,189.1858,stop,-1.0,-0.0050778303139775716,0.0050778303139776375
2024-05-28,1,192.18,191.03,191.03,stop,-1.0,-0.005983973358309913,0.005983973358309947
2024-05-29,1,190.723,189.51,190.37,close,-0.29101401483924333,-0.0018508517588334827,0.006360009018314635
2024-05-30,1,191.49,190.63,191.29,close,-0.23255813953489987,-0.0010444409629746243,0.004491096140790713
2024-05-31,1,192.54,191.29,191.29,stop,-1.0,-0.0064921574737716314,0.006492157473771684
2024-06-03,1,193.39,192.52,194.09,close,0.8045977011494669,0.0036196287295104934,0.004498681420962698
2024-06-04,-1,193.85,195.0,195.0,stop,-1.0,-0.005932421975754387,0.005932421975754479
2024-06-05,-1,195.29,196.42,196.42,stop,-1.0,-0.0057862665779098155,0.005786266577909752
2024-06-06,-1,195.59,196.37,196.37,stop,-1.0,-0.0039879339434532035,0.003987933943453147
2024-06-07,-1,194.55,195.75,195.75,stop,-1.0,-0.006168080185042335,0.006168080185042347
2024-06-10,-1,196.36,197.3,193.13,close,3.436170212765985,0.01644937869219809,0.00478712568751272
2024-06-11,1,196.12,193.63,207.14,close,4.425702811244957,0.05619008770140721,0.01269630838262293
2024-06-12,1,209.84,206.9,213.08,close,1.1020408163265345,0.0154403354937096,0.014010674799847491
2024-06-14,-1,213.318,215.17,212.52,close,0.4308855291576741,0.0037408938767473643,0.008681874009694331
2024-06-17,-1,212.95,214.44,214.44,stop,-1.0,-0.006996947640291129,0.0069969476402911915
2024-06-18,-1,217.25,218.63,214.38,close,2.0797101449275464,0.01321058688147303,0.006352128883774432
2024-06-20,-1,212.27,214.24,209.56,close,1.3756345177665024,0.012766759315965603,0.009280633155886365
2024-06-21,-1,210.11,211.89,207.11,close,1.6853932584269922,0.014278235210128054,0.008471752891342499
2024-06-25,1,210.77,208.61,209.07,close,-0.7870370370370462,-0.008065663993927163,0.010248137780519032
2024-06-26,1,212.3,210.89,210.89,stop,-1.0,-0.006641544983513992,0.0066415449835140125
2024-06-27,1,215.51,214.26,214.26,stop,-1.0,-0.005800194886548149,0.005800194886548188
2024-06-28,-1,214.45,216.07,210.61,close,2.3703703703703485,0.017906271858241896,0.007554208440195872
2024-07-01,1,213.48,211.92,216.73,close,2.0833333333333304,0.015223908562862931,0.007307476110174266
2024-07-05,1,222.63,221.65,226.32,close,3.7653061224490165,0.016574585635359185,0.004401922472263351
2024-07-08,-1,226.47,227.35,227.35,stop,-1.0,-0.0038857243785048734,0.003885724378504859
2024-07-09,1,228.27,226.3721,228.7,close,0.22656620475260741,0.0018837341744424307,0.008314276952731507
2024-07-10,1,230.59,229.25,232.91,close,1.7313432835820801,0.010061147491218225,0.00581118001647948
2024-07-11,-1,231.02,231.88,231.88,stop,-1.0,-0.0037226214180590134,0.0037226214180589782
2024-07-12,1,230.19,228.68,230.56,close,0.24503311258278596,0.001607367826577999,0.006559798427386033
2024-07-15,-1,235.32,237.23,234.42,close,0.4712041884816792,0.0038245792962774416,0.008116607173210933
2024-07-16,1,236.26,234.89,234.89,stop,-1.0,-0.005798696351477228,0.005798696351477206
2024-07-17,-1,229.34,231.4599,228.88,close,0.21699136751733936,0.0020057556466381854,0.009243481294148431
2024-07-18,-1,228.93,230.44,224.19,close,3.139072847682144,0.020705019001441505,0.006595902677674358
2024-07-19,1,225.93,224.42,224.42,stop,-1.0,-0.006683486035497843,0.006683486035497806
2024-07-22,-1,226.42,227.75,227.75,stop,-1.0,-0.005874039395813213,0.005874039395813146
2024-07-23,1,224.44,222.68,224.98,close,0.3068181818181789,0.0024059882373907993,0.007841739440384918
2024-07-24,-1,222.84,224.8,218.57,close,2.178571428571425,0.019161730389517184,0.008795548375516101
2024-07-25,-1,218.83,219.85,219.85,stop,-1.0,-0.004661152492802634,0.004661152492802549
2024-07-26,-1,217.12,219.1499,219.1499,stop,-1.0,-0.009349207811348625,0.009349207811348553
2024-07-29,1,217.59,215.75,218.22,close,0.342391304347823,0.0028953536467668517,0.008456270968334957
2024-07-30,1,219.79,218.56,218.56,stop,-1.0,-0.005596250966831917,0.005596250966831929
2024-07-31,1,222.35,220.63,221.99,close,-0.2093023255813869,-0.001619069035304621,0.0077355520575668945
2024-08-01,-1,223.24,224.48,218.28,close,4.000000000000068,0.022218240458699245,0.005554560114674703
2024-08-02,1,221.76,217.71,219.8,close,-0.4839506172839476,-0.008838383838383757,0.018262987012986936
2024-08-05,1,206.84,196.0,209.2,close,0.2177121771217698,0.01140978534132664,0.05240765809321216
2024-08-06,-1,204.5,206.25,206.25,stop,-1.0,-0.008557457212713837,0.008557457212713936
2024-08-07,1,209.76,206.39,209.86,close,0.029673590504457746,0.0004767353165524568,0.016065980167810853
2024-08-08,-1,212.1,213.21,213.21,stop,-1.0,-0.00523338048090527,0.0052333804809052975
2024-08-09,1,213.32,211.97,216.3,close,2.2074074074074304,0.013969623101443895,0.006328520532533257
2024-08-12,1,217.65,215.6,217.55,close,-0.048780487804875004,-0.00045945325063168063,0.009418791637950891
2024-08-13,1,221.03,219.01,221.27,close,0.1188118811881227,0.0010858254535583978,0.009139030900782745
2024-08-14,1,220.94,219.7,221.61,close,0.5403225806451701,0.0030324975106363894,0.005612383452521088
2024-08-15,-1,222.91,224.87,224.87,stop,-1.0,-0.008792786326319968,0.008792786326320075
2024-08-16,1,224.5469,223.6501,226.1,close,1.7318242640499855,0.006916595152282268,0.003993820444637555
2024-08-19,-1,224.65,225.74,225.74,stop,-1.0,-0.004851991987536275,0.004851991987536182
2024-08-20,1,226.7499,225.45,226.51,close,-0.1845526578967646,-0.001057993851375505,0.005732747842446714
2024-08-21,-1,226.11,226.67,226.67,stop,-1.0,-0.002476670647030055,0.002476670647030091
2024-08-22,-1,226.94,227.8,227.8,stop,-1.0,-0.0037895478981229136,0.003789547898122912
2024-08-23,1,226.17,225.51,225.51,stop,-1.0,-0.0029181589070168545,0.0029181589070168307
2024-08-26,-1,226.32,227.22,227.22,stop,-1.0,-0.003976670201484733,0.003976670201484649
2024-08-27,-1,225.35,226.27,226.27,stop,-1.0,-0.004082538273796343,0.004082538273796388
2024-08-28,1,229.58,227.87,227.87,stop,-1.0,-0.007448384005575459,0.007448384005575433
2024-08-29,1,230.35,228.88,229.83,close,-0.35374149659862736,-0.0022574343390492357,0.006381593227696978
2024-08-30,-1,229.32,230.4,228.86,close,0.42592592592590206,0.002005930577359094,0.004709576138147621
2024-09-03,-1,226.9103,229.0,222.76,close,1.9860745561563997,0.018290487474565964,0.00920936599175971
2024-09-04,-1,219.56,221.78,220.79,close,-0.5540540540540497,-0.005602113317544122,0.010111131353616317
2024-09-05,1,223.52,221.52,222.38,close,-0.5700000000000074,-0.0051002147458840685,0.008947745168217608
2024-09-09,-1,219.9,221.27,220.99,close,-0.7956204379562042,-0.0049567985447931395,0.006230104592996838
2024-09-10,-1,218.16,220.02,220.02,stop,-1.0,-0.008525852585258509,0.008525852585258589
2024-09-11,-1,220.5,223.09,222.86,close,-0.9111969111969153,-0.010702947845804944,0.011746031746031761
2024-09-12,-1,221.36,222.58,222.58,stop,-1.0,-0.0055113841705818345,0.005511384170581852
2024-09-13,-1,222.2412,223.85,223.85,stop,-1.0,-0.007238981790955057,0.007238981790955063
2024-09-16,1,216.8,213.92,216.3,close,-0.17361111111110966,-0.0023062730627306793,0.013284132841328523
2024-09-17,-1,214.545,216.13,216.13,stop,-1.0,-0.007387727516371845,0.007387727516371894
2024-09-18,1,219.38,217.54,220.69,close,0.7119565217391304,0.005971373871820562,0.008387273224541907
2024-09-19,1,226.09,224.63,228.81,close,1.863013698630126,0.01203060728028671,0.006457605378389172
2024-09-20,1,230.98,229.69,229.69,stop,-1.0,-0.005584899125465337,0.005584899125465374
2024-09-23,1,227.53,225.85,225.85,stop,-1.0,-0.007383641717575773,0.007383641717575734
2024-09-24,-1,227.79,229.35,227.36,close,0.2756410256410114,0.001887703586636702,0.006848413011984733
2024-09-25,1,225.77,224.61,224.61,stop,-1.0,-0.00513797227266688,0.005137972272666858
2024-09-26,-1,226.46,227.64,227.64,stop,-1.0,-0.005210633224410399,0.005210633224410397
2024-09-27,-1,228.42,229.51,229.51,stop,-1.0,-0.004771911391296735,0.0047719113912967496
2024-09-30,1,232.35,229.65,233.0,close,0.24074074074074386,0.0027975037658705126,0.011620400258231068
2024-10-01,-1,227.06,229.65,226.26,close,0.30888030888031287,0.0035232978067472054,0.0114066766493438
2024-10-02,-1,224.5,226.12,226.12,stop,-1.0,-0.007216035634743934,0.0072160356347438954
2024-10-03,1,225.83,224.89,224.89,stop,-1.0,-0.004162423061595089,0.004162423061595121
2024-10-04,-1,226.8,228.0,226.8,close,-0.0,-0.0,0.00529100529100524
2024-10-07,-1,224.28,225.11,225.11,stop,-1.0,-0.003700731228821086,0.003700731228821172
2024-10-08,1,224.425,223.25,225.78,close,1.1531914893616824,0.0060376517767628535,0.005235602094240888
2024-10-09,1,225.57,224.83,229.49,close,5.297297297297457,0.01737819745533553,0.0032805780910581226
2024-10-10,-1,227.68,228.39,228.39,stop,-1.0,-0.003118411806043442,0.00311841180604348
2024-10-11,-1,228.1145,229.41,227.51,close,0.46661520648398275,0.0026499849856103097,0.005679165506795947
2024-10-14,1,230.41,228.6,231.4,close,0.5469613259668552,0.004296688511783442,0.007855561824573596
2024-10-15,1,234.4,232.37,233.8,close,-0.2955665024630512,-0.0025597269624573205,0.008660409556313997
2024-10-16,-1,231.21,232.12,231.75,close,-0.5934065934065869,-0.0023355391202801723,0.003935815924916728
2024-10-17,-1,231.6299,233.85,232.26,close,-0.283816044322327,-0.002720287838487101,0.009584686605658433
2024-10-18,-1,234.47,236.18,234.98,close,-0.298245614035081,-0.0021751183520279938,0.0072930438862114895
2024-10-21,1,235.5,234.45,236.58,close,1.0285714285714294,0.004585987261146451,0.004458598726114698
2024-10-22,1,234.2,232.6,235.86,close,1.0375000000000194,0.007087959009393741,0.006831767719897499
2024-10-23,1,234.67,233.81,233.81,stop,-1.0,-0.0036647206715813008,0.003664720671581307
2024-10-24,1,230.175,228.6185,228.6185,stop,-1.0,-0.006762246117084869,0.006762246117084826
2024-10-25,1,231.3697,229.57,231.41,close,0.022392620992388715,0.00017418011087877439,0.007778460187310618
2024-10-28,-1,233.301,234.55,234.55,stop,-1.0,-0.005353598998718567,0.005353598998718495
2024-10-29,1,233.79,232.32,233.75,close,-0.027210884353736104,-0.00017109371658319272,0.006287694084434745
2024-10-30,1,233.06,231.85,231.85,stop,-1.0,-0.005191796104007551,0.005191796104007586
2024-10-31,1,229.48,228.1994,228.1994,stop,-1.0,-0.005580442740108049,0.005580442740108039
2024-11-01,1,222.35,220.27,222.85,close,0.24038461538461722,0.0022487069934786774,0.009354621092871527
2024-11-04,-1,220.38,222.41,222.41,stop,-1.0,-0.009211362192576455,0.009211362192576464
2024-11-05,-1,221.795,223.88,223.88,stop,-1.0,-0.009400572600825052,0.009400572600825123
2024-11-06,1,225.22,221.19,222.7,close,-0.6253101736972728,-0.011189059586182437,0.017893615131871064
2024-11-07,1,226.55,224.57,227.69,close,0.5757575757575636,0.005032001765614691,0.008739792540278164
2024-11-08,-1,227.14,228.66,227.16,close,-0.013157894736848749,-8.805142203049954e-05,0.006691908074315446
2024-11-11,-1,223.84,225.7,224.25,close,-0.22043010752688164,-0.0018316654753394168,0.008309506790564624
2024-11-12,-1,223.76,225.04,225.04,stop,-1.0,-0.005720414730068013,0.005720414730067935
2024-11-13,-1,223.575,225.2099,225.2099,stop,-1.0,-0.007312534943531235,0.007312534943531326
2024-11-14,1,226.44,225.0,228.19,close,1.2152777777777797,0.007728316551846026,0.006359300476947526
2024-11-15,-1,225.86,226.92,224.92,close,0.8867924528302352,0.004161870185070526,0.004693172761887779
2024-11-18,1,226.88,225.17,227.99,close,0.6491228070175488,0.004892454160789983,0.007537023977433039
2024-11-19,1,228.55,226.66,228.3,close,-0.13227513227513124,-0.0010938525486764439,0.00826952526799394
2024-11-20,1,229.92,227.882,227.882,stop,-1.0,-0.00886395267919271,0.008863952679192688
2024-11-21,-1,228.26,229.93,229.93,stop,-1.0,-0.007316218347498626,0.007316218347498537
2024-11-22,1,229.22,228.06,229.74,close,0.4482758620689757,0.002268562952622011,0.005060640432771994
2024-11-25,1,232.58,231.42,231.42,stop,-1.0,-0.004987531172069959,0.004987531172069933
2024-11-26,1,234.81,233.33,235.08,close,0.18243243243244062,0.001149865848984355,0.006302968357395297
2024-11-27,-1,234.29,235.68,235.68,stop,-1.0,-0.005932818302104348,0.005932818302104293
2024-12-02,1,239.37,237.16,239.6,close,0.10407239819004024,0.0009608555792288698,0.009232568826502937
2024-12-03,1,239.95,238.9,242.63,close,2.552380952381,0.01116899354032097,0.004375911648259984
2024-12-04,1,243.77,242.51,242.51,stop,-1.0,-0.005168806662017578,0.005168806662017554
2024-12-05,-1,243.57,244.54,243.08,close,0.5051546391752384,0.0020117420043518353,0.00398242804943137
2024-12-06,1,243.05,242.08,242.86,close,-0.1958762886597917,-0.0007817321538777788,0.003990948364534041
2024-12-09,1,243.36,241.75,246.82,close,2.1490683229813357,0.014217619986850671,0.006615713346482633
2024-12-10,1,247.6501,245.81,245.81,stop,-1.0,-0.007430241296086715,0.0074302412960867235
2024-12-11,1,248.75,247.65,247.65,stop,-1.0,-0.004422110552763758,0.0044221105527637965
2024-12-12,-1,246.4402,247.58,247.58,stop,-1.0,-0.0046250571132469,0.004625057113246979
2024-12-13,1,248.68,247.7,247.7,stop,-1.0,-0.003940807463406859,0.003940807463406861
2024-12-16,1,250.0,247.65,251.04,close,0.4425531914893594,0.0041599999999999415,0.009399999999999978
2024-12-17,1,251.26,249.78,253.48,close,1.5000000000000095,0.008835469235055404,0.005890312823370173
2024-12-18,-1,252.05,253.4,253.4,stop,-1.0,-0.005356080142828734,0.005356080142828781
2024-12-19,1,248.64,247.0949,249.85,close,0.7831208336030129,0.004866473616473632,0.00621420527670524
2024-12-20,-1,247.06,248.72,248.72,stop,-1.0,-0.006719015623735114,0.006719015623735111
2024-12-23,-1,253.9,255.65,255.65,stop,-1.0,-0.006892477353288795,0.006892477353288696
2024-12-26,1,259.97,258.1,258.1,stop,-1.0,-0.0071931376697311755,0.00719313766973114
2024-12-27,-1,256.9,258.7,255.73,close,0.6499999999999889,0.00455430128454648,0.007006617360840839
2024-12-30,-1,251.36,253.0,253.0,stop,-1.0,-0.006524506683641018,0.006524506683640938
2024-12-31,-1,252.31,253.28,250.38,close,1.989690721649494,0.007649320280607164,0.0038444770322222615
2025-01-02,-1,246.3,249.1,243.82,close,0.8857142857142976,0.010069021518473442,0.011368250101502162
2025-01-03,-1,242.22,243.4,243.4,stop,-1.0,-0.00487160432664524,0.004871604326645226
2025-01-06,-1,243.8,246.1827,246.1827,stop,-1.0,-0.009773174733388013,0.009773174733388021
2025-01-07,1,244.94,242.68,242.68,stop,-1.0,-0.009226749408018264,0.009226749408018254
2025-01-08,-1,240.7678,242.0,242.0,stop,-1.0,-0.005117793990724762,0.005117793990724698
2025-01-10,-1,238.0,240.16,236.93,close,0.495370370370368,0.004495798319327671,0.009075630252100826
2025-01-13,-1,231.09,233.65,233.65,stop,-1.0,-0.011077935003678263,0.01107793500367823
2025-01-14,1,235.94,234.26,234.26,stop,-1.0,-0.0071204543528016195,0.007120454352801588
2025-01-15,1,236.92,234.43,237.88,close,0.385542168674705,0.004052000675333511,0.010509876751646044
2025-01-16,-1,235.92,238.01,228.24,close,3.6746411483253425,0.03255340793489314,0.008858935232282145
2025-01-17,-1,230.82,232.29,229.96,close,0.5850340136054326,0.00372584698033096,0.006368598908240182
2025-01-21,-1,222.13,224.42,222.66,close,-0.2314410480349358,-0.0023859901859271115,0.010309278350515429
2025-01-22,1,222.84,219.79,223.77,close,0.30491803278688634,0.004173397953688873,0.01368695027822658
2025-01-23,-1,224.48,226.26,226.26,stop,-1.0,-0.00792943692088377,0.007929436920883826
2025-01-24,-1,224.395,225.63,222.79,close,1.2995951417004352,0.007152565788007825,0.005503687693575994
2025-01-27,1,226.99,223.98,229.94,close,0.9800664451827141,0.01299616723203667,0.01326049605709511
2025-01-28,1,234.19,230.81,238.24,close,1.1982248520710108,0.017293650454758946,0.014432725564712394
2025-01-29,1,235.6,234.01,239.35,close,2.3584905660377307,0.01591680814940588,0.006748726655348062
2025-01-30,-1,238.41,240.79,237.56,close,0.35714285714285543,0.003565286690994429,0.009982802734784595
2025-01-31,-1,245.01,247.19,235.84,close,4.206422018348605,0.037427043794130754,0.008897596016489151
2025-02-03,1,231.47,229.44,229.44,stop,-1.0,-0.008770034993735742,0.008770034993735694
2025-02-04,1,228.2399,226.65,232.79,close,2.86187810554122,0.01993560284595275,0.006965916125970964
2025-02-05,1,230.225,228.27,232.45,close,1.1381074168798018,0.009664458681724275,0.008491692909110584
2025-02-06,1,231.81,230.7793,230.7793,stop,-1.0,-0.004446313791467094,0.004446313791467133
2025-02-07,1,233.91,232.09,232.09,stop,-1.0,-0.0077807703817707186,0.007780770381770738
2025-02-10,-1,229.19,230.4819,230.4819,stop,-1.0,-0.005636807888651285,0.00563680788865133
2025-02-11,1,231.47,228.13,232.77,close,0.38922155688623056,0.005616278567416977,0.014429515703978933
2025-02-12,1,232.6539,230.68,236.89,close,2.1460560312072663,0.018207732601946525,0.008484276429494567
2025-02-13,-1,236.82,239.0,239.0,stop,-1.0,-0.009205303606114379,0.009205303606114377
2025-02-14,1,243.0,240.99,244.57,close,0.7810945273631842,0.006460905349794155,0.008271604938271568
2025-02-18,1,245.005,242.8601,242.8601,stop,-1.0,-0.0087545152139753,0.008754515213975253
2025-02-19,-1,244.1181,246.01,244.89,close,-0.408002537131979,-0.003161994133167534,0.007749937427826911
2025-02-20,-1,244.41,246.78,245.86,close,-0.6118143459915673,-0.005932654146720839,0.0096968209156745
2025-02-21,1,246.6385,245.6801,245.6801,stop,-1.0,-0.0038858491273665585,0.003885849127366503
2025-02-24,1,247.9,244.42,247.23,close,-0.19252873563218748,-0.002702702702702786,0.01403791851553053
2025-02-25,-1,247.865,249.52,249.52,stop,-1.0,-0.006677021765880697,0.0066770217658806245
2025-02-26,-1,242.92,244.98,240.31,close,1.2669902912621274,0.010744277951588943,0.00848015807673309
2025-02-27,1,241.74,238.92,238.92,stop,-1.0,-0.01166542566393658,0.01166542566393655
2025-02-28,1,237.31,230.2,241.84,close,0.6371308016877627,0.019088955374826133,0.029960810753866307
2025-03-03,1,243.59,241.02,241.02,stop,-1.0,-0.010550515209983957,0.01055051520998396
2025-03-04,-1,237.0,239.39,239.39,stop,-1.0,-0.010084388185654047,0.01008438818565395
2025-03-05,-1,234.5501,235.95,235.95,stop,-1.0,-0.0059684476791952434,0.005968447679195202
2025-03-06,1,234.8,233.54,233.54,stop,-1.0,-0.005366269165247073,0.005366269165247101
2025-03-07,1,236.25,234.76,239.03,close,1.8657718120805262,0.01176719576719587,0.006306878306878346
2025-03-10,-1,231.79,236.16,227.541,close,0.9723112128146432,0.01833124811251563,0.018853272358600476
2025-03-11,1,224.77,222.65,222.65,stop,-1.0,-0.009431863682875852,0.009431863682875848
2025-03-12,1,221.3,219.27,219.27,stop,-1.0,-0.009173068233167658,0.00917306823316765
2025-03-13,1,216.03,214.37,214.37,stop,-1.0,-0.007684117946581526,0.007684117946581477
2025-03-14,-1,210.97,213.43,213.43,stop,-1.0,-0.011660425652936457,0.011660425652936474
2025-03-17,1,213.8089,212.17,212.17,stop,-1.0,-0.007665256217117333,0.0076652562171172795
2025-03-18,-1,213.75,215.05,215.05,stop,-1.0,-0.006081871345029244,0.006081871345029293
2025-03-19,1,215.35,213.9101,213.9101,stop,-1.0,-0.00668632458788021,0.0066863245878801695
2025-03-20,1,214.55,212.9,212.9,stop,-1.0,-0.007690515031461231,0.007690515031461224
2025-03-21,1,212.8925,211.28,218.36,close,3.3906976744185813,0.02568197564498509,0.007574245217656851
2025-03-24,1,221.03,218.58,220.43,close,-0.2448979591836723,-0.0027145636338957724,0.011084468171741342
2025-03-26,1,224.16,223.31,223.31,stop,-1.0,-0.0037919343326194843,0.003791934332619532
2025-03-27,-1,220.965,222.1,222.1,stop,-1.0,-0.005136560088701891,0.005136560088701789
2025-03-28,1,222.455,220.99,220.99,stop,-1.0,-0.0065856015823425595,0.006585601582342511
2025-03-31,-1,216.8,218.5,218.5,stop,-1.0,-0.00784132841328411,0.00784132841328408
2025-04-01,1,220.18,218.9,223.14,close,2.312499999999982,0.013443546189481292,0.005813425379235176
2025-04-02,1,222.07,221.02,223.8,close,1.6476190476190917,0.007790336380420593,0.004728238843607795
2025-04-03,-1,204.57,207.49,203.06,close,0.517123287671227,0.007381336461846799,0.014273842694432302
2025-04-04,1,197.17,192.77,192.77,stop,-1.0,-0.02231576811888203,0.02231576811888207
2025-04-08,-1,185.37,187.52,187.52,stop,-1.0,-0.011598424772077509,0.011598424772077497
2025-04-09,1,175.9795,171.89,198.85,close,5.592492969800687,0.1299611602487789,0.02323850221190545
2025-04-10,1,192.59,188.99,188.99,stop,-1.0,-0.018692559322913915,0.018692559322913933
2025-04-11,1,188.4593,186.06,198.02,close,3.9847872296086164,0.050730847456188055,0.012731130806492493
2025-04-14,-1,208.42,212.94,202.59,close,1.289823008849551,0.027972363496785224,0.021686978217061753
2025-04-15,-1,201.79,203.24,203.24,stop,-1.0,-0.007185688091580378,0.00718568809158044
2025-04-16,-1,198.3,200.7,194.3,close,1.6666666666666825,0.020171457387796243,0.012102874432677645
2025-04-17,-1,195.06,197.2,197.2,stop,-1.0,-0.010970983287193592,0.010970983287193614
2025-04-21,-1,192.38,193.8,193.09,close,-0.5,-0.003690612329763976,0.0073812246595281
2025-04-22,1,197.45,195.97,199.56,close,1.4256756756756948,0.010686249683464322,0.0074955684983539625
2025-04-24,-1,204.27,205.49,205.49,stop,-1.0,-0.00597248739413514,0.005972487394135207
2025-04-25,1,207.83,206.2,209.23,close,0.8588957055214459,0.006736274840013268,0.007842948563730086
2025-04-28,-1,209.09,210.31,210.31,stop,-1.0,-0.005834807977425971,0.005834807977425983
2025-04-29,1,209.582,208.37,211.24,close,1.367986798679893,0.007910984721970493,0.005782939374564557
2025-04-30,-1,208.38,209.72,209.72,stop,-1.0,-0.006430559554659876,0.006430559554659773
2025-05-01,1,211.62,208.9,212.83,close,0.4448529411764737,0.0057177960495227165,0.012853227483224643
2025-05-02,1,206.43,202.16,205.3,close,-0.26463700234191867,-0.00547401056048058,0.020684977958630092
2025-05-05,-1,202.79,204.1,198.77,close,3.068702290076317,0.01982346269539914,0.0064598846096947694
2025-05-06,1,199.6305,197.4,197.4,stop,-1.0,-0.011173142380548118,0.011173142380548094
2025-05-07,-1,198.14,199.365,199.365,stop,-1.0,-0.006182497224185068,0.006182497224185035
2025-05-08,-1,196.93,198.13,198.13,stop,-1.0,-0.006093535774132963,0.0060935357741328825
2025-05-09,-1,198.715,200.5399,198.54,close,0.09589566551592568,0.0008806582291221998,0.009183504013285285
2025-05-12,-1,207.0,211.2679,210.83,close,-0.8973968462241418,-0.01850241545893727,0.020617874396135254
2025-05-14,1,213.15,211.85,211.85,stop,-1.0,-0.006098991320666269,0.00609899132066625
2025-05-15,1,212.09,210.95,210.95,stop,-1.0,-0.005375076618416741,0.005375076618416779
2025-05-16,-1,211.41,212.57,211.19,close,0.18965517241379268,0.001040631947400783,0.005486968449931397
2025-05-19,-1,205.69,208.27,208.27,stop,-1.0,-0.012543147454908032,0.012543147454907932
2025-05-20,-1,206.55,208.3,208.3,stop,-1.0,-0.008472524812394022,0.008472524812394093
2025-05-21,1,205.25,204.06,204.06,stop,-1.0,-0.0057978075517661765,0.005797807551766128
2025-05-22,1,201.4422,199.7,201.37,close,-0.04144185512570791,-0.00035841546607418007,0.008648634695212945
2025-05-23,1,196.74,193.46,195.34,close,-0.4268292682926845,-0.007115990647555193,0.01667174951712921
2025-05-27,-1,197.95,199.17,199.17,stop,-1.0,-0.006163172518312665,0.0061631725183127
2025-05-28,-1,200.5,202.73,200.41,close,0.040358744394620547,0.00044887780548630296,0.01112219451371566
2025-05-29,-1,201.95,203.81,199.94,close,1.0806451612903099,0.00995295865313195,0.009210200544689347
2025-05-30,-1,198.5304,199.58,199.58,stop,-1.0,-0.005286847757320912,0.005286847757320927
2025-06-02,-1,200.15,202.13,201.79,close,-0.8282828282828256,-0.008193854609043205,0.009892580564576516
2025-06-03,-1,201.0,202.6449,202.6449,stop,-1.0,-0.008183582089552166,0.008183582089552274
2025-06-04,1,204.0399,202.6508,202.6508,stop,-1.0,-0.006807982164272697,0.0068079821642726985
2025-06-05,1,203.595,202.66,202.66,stop,-1.0,-0.004592450698691075,0.00459245069869104
2025-06-06,-1,202.9831,205.7,203.93,close,-0.3485222128160793,-0.004664920380071047,0.0133848581482891
2025-06-09,1,205.075,203.98,203.98,stop,-1.0,-0.005339509935389453,0.0053395099353894864
2025-06-10,1,203.15,200.57,202.75,close,-0.15503875968992392,-0.001968988432192953,0.012699975387644658
2025-06-11,1,204.12,202.85,202.85,stop,-1.0,-0.006221830295904396,0.00622183029590442
2025-06-12,-1,197.88,199.39,199.39,stop,-1.0,-0.007630887406508968,0.007630887406508949
2025-06-13,-1,198.64,200.37,196.45,close,1.2658959537572108,0.011024969794603323,0.008709222714458408
2025-06-16,-1,196.77,197.84,197.84,stop,-1.0,-0.0054378208060170685,0.005437820806017142
2025-06-17,-1,196.94,197.93,197.93,stop,-1.0,-0.0050269117497716564,0.005026911749771551
2025-06-18,1,196.14,195.07,196.24,close,0.09345794392525548,0.0005098399102683171,0.005455287039869447
2025-06-20,1,199.63,197.52,197.52,stop,-1.0,-0.01056955367429735,0.010569553674297377
2025-06-23,-1,200.09,201.73,201.73,stop,-1.0,-0.008196311659752986,0.008196311659753043
2025-06-24,-1,201.44,202.78,202.78,stop,-1.0,-0.0066521048451151366,0.006652104845115188
2025-06-25,1,203.0,201.2,201.2,stop,-1.0,-0.00886699507389166,0.008866995073891682
2025-06-26,-1,201.25,202.64,200.94,close,0.22302158273381678,0.0015403726708074217,0.006906832298136578
2025-06-27,-1,201.25,203.22,201.1,close,0.07614213197969837,0.0007453416149069136,0.009788819875776391
2025-06-30,-1,200.82,202.19,202.19,stop,-1.0,-0.006822029678319019,0.006822029678318915
2025-07-01,1,208.19,206.1401,207.86,close,-0.1609834626079237,-0.001585090542293055,0.009846294250444344
2025-07-02,1,210.004,208.14,212.41,close,1.2907725321888415,0.011456924630007137,0.008876021409116037
2025-07-07,-1,212.67,216.23,209.94,close,0.7668539325842663,0.012836789392015713,0.016739549536841127
2025-07-08,-1,208.82,210.49,210.49,stop,-1.0,-0.007997318264534092,0.007997318264534125
2025-07-09,-1,209.35,210.9,210.9,stop,-1.0,-0.007403869118700834,0.007403869118700795
2025-07-10,-1,210.16,211.14,211.14,stop,-1.0,-0.004663113818043296,0.004663113818043347
2025-07-11,-1,209.88,211.0299,211.0299,stop,-1.0,-0.005478845054316839,0.005478845054316764
2025-07-14,-1,209.565,210.91,208.54,close,0.762081784386622,0.004891083911912841,0.006418056450266022
2025-07-15,1,210.49,208.92,209.01,close,-0.9426751592356674,-0.007031212884222593,0.007458786640695623
2025-07-16,-1,210.19,211.21,211.21,stop,-1.0,-0.004852752271754079,0.004852752271754176
2025-07-17,1,210.92,210.06,210.06,stop,-1.0,-0.0040773753081736475,0.004077375308173646
2025-07-18,-1,210.0,211.01,211.01,stop,-1.0,-0.004809523809523819,0.004809523809523766
2025-07-21,1,212.94,211.63,212.54,close,-0.30534351145038546,-0.0018784634169249914,0.006151967690429239
2025-07-22,1,213.31,212.2301,214.39,close,1.0000926011667515,0.005063053771506176,0.005062584970231162
2025-07-23,-1,213.9,215.15,214.31,close,-0.3279999999999973,-0.0019167835437119418,0.00584385226741468
2025-07-24,-1,213.69,215.69,213.76,close,-0.03499999999999659,-0.0003275773316486763,0.00935935233281857
2025-07-25,-1,214.32,214.86,214.86,stop,-1.0,-0.002519596864501761,0.002519596864501775
2025-07-28,1,214.67,213.58,213.58,stop,-1.0,-0.00507756090743916,0.005077560907439209
2025-07-30,-1,211.2711,212.39,209.02,close,2.0118866744123576,0.010655030432463186,0.005296039070180429
2025-07-31,1,208.91,207.82,207.82,stop,-1.0,-0.005217557800009542,0.00521755780000959
2025-08-01,-1,210.09,213.58,202.27,close,2.240687679083087,0.037222142891141896,0.01661192822123856
2025-08-04,1,205.84,204.195,204.195,stop,-1.0,-0.00799164399533625,0.007991643995336233
2025-08-05,1,204.26,202.16,202.93,close,-0.6333333333333274,-0.006511309115832642,0.010281014393420123
2025-08-06,1,208.6963,205.59,213.25,close,1.4659562823938401,0.021819744767875626,0.014884307963294052
2025-08-07,1,219.53,216.58,220.13,close,0.20338983050847342,0.0027331116476108086,0.013437798934086406
2025-08-08,1,221.01,219.25,229.365,close,4.7471590909091255,0.03780371928871995,0.007963440568300036
2025-08-11,-1,225.88,228.73,228.73,stop,-1.0,-0.012617318930405519,0.0126173189304055
2025-08-12,1,229.93,227.92,227.92,stop,-1.0,-0.008741790979863495,0.008741790979863521
2025-08-13,-1,230.84,232.19,232.19,stop,-1.0,-0.005848206549991408,0.005848206549991311
2025-08-14,-1,232.89,235.12,232.83,close,0.026905829596400612,0.0002576323586240825,0.00957533599553445
2025-08-15,-1,233.01,234.28,231.65,close,1.0708661417322631,0.005836659370842434,0.0054504098536543935
2025-08-18,-1,231.37,232.565,232.565,stop,-1.0,-0.005164887409776497,0.005164887409776519
2025-08-19,-1,230.62,231.58,231.58,stop,-1.0,-0.0041626918740786945,0.004162691874078605
2025-08-20,-1,228.66,230.47,225.96,close,1.4917127071823122,0.011807924429283578,0.007915682672964237
2025-08-21,-1,225.23,226.52,224.91,close,0.24806201550386675,0.0014207698796785406,0.005727478577454249
2025-08-22,-1,225.53,226.96,226.96,stop,-1.0,-0.006340619873187681,0.006340619873187633
2025-08-25,1,227.38,226.23,227.15,close,-0.1999999999999901,-0.0010115225613509526,0.005057612806755237
2025-08-26,-1,225.97,227.05,227.05,stop,-1.0,-0.004779395494977301,0.0047793954949772646
2025-08-27,1,229.23,228.26,230.5,close,1.309278350515476,0.005540287047943071,0.004231557824019539
2025-08-28,1,230.85,229.335,232.49,close,1.082508250825102,0.007104180203595378,0.006562703053931065
2025-08-29,-1,231.9206,233.38,232.27,close,-0.23941345758531293,-0.0015065500865383274,0.006292670853731786
2025-09-02,1,229.7,227.68,227.68,stop,-1.0,-0.00879407923378317,0.008794079233783116
2025-09-03,-1,235.58,237.97,237.97,stop,-1.0,-0.010145173614058756,0.01014517361405886
2025-09-04,-1,237.11,239.365,239.365,stop,-1.0,-0.009510353844207398,0.00951035384420731
2025-09-05,1,240.62,239.18,239.18,stop,-1.0,-0.005984539938492239,0.0059845399384922185
2025-09-08,1,239.8,238.74,238.74,stop,-1.0,-0.0044203502919099025,0.0044203502919099346
2025-09-09,-1,236.73,238.0,238.0,stop,-1.0,-0.005364761542685725,0.005364761542685803
2025-09-10,-1,230.4,232.42,226.78,close,1.7920792079208105,0.015711805555555625,0.008767361111111031
2025-09-11,1,227.77,226.65,230.02,close,2.008928571428563,0.009878386091232372,0.004917241076524584
2025-09-12,-1,229.1601,230.94,230.94,stop,-1.0,-0.007767058925179482,0.0077670589251793735
2025-09-15,1,238.02,236.74,236.74,stop,-1.0,-0.005377699352995591,0.005377699352995551
2025-09-16,-1,236.69,237.93,237.93,stop,-1.0,-0.005238920106468425,0.005238920106468415
2025-09-17,-1,238.79,240.1,238.95,close,-0.12213740458014985,-0.000670044809246706,0.005485991875706697
2025-09-18,-1,239.11,241.2,237.85,close,0.6028708133971457,0.00526954121534029,0.008740746936556291
2025-09-19,-1,240.95,242.7,242.7,stop,-1.0,-0.007262917617762987,0.007262917617763022
2025-09-22,1,250.98,248.12,256.09,close,1.7867132867132909,0.020360188062793716,0.011395330305203543
2025-09-23,1,257.19,255.79,255.79,stop,-1.0,-0.005443446479256653,0.0054434464792566025
2025-09-24,-1,253.5,255.74,252.24,close,0.5624999999999937,0.004970414201183382,0.008836291913215026
2025-09-25,-1,251.97,254.32,254.32,stop,-1.0,-0.009326507123863959,0.009326507123863929
2025-09-26,1,255.07,253.78,255.46,close,0.30232558139536214,0.0015289920414005564,0.00505743521386283
2025-09-29,-1,253.5,254.87,254.87,stop,-1.0,-0.0054043392504932175,0.005404339250493114
2025-09-30,-1,254.52,255.59,255.59,stop,-1.0,-0.0042039918277541055,0.004203991827754177
2025-10-01,1,256.8,254.93,255.41,close,-0.7433155080213965,-0.005412772585669856,0.0072819314641744725
2025-10-02,-1,255.8,257.3,257.3,stop,-1.0,-0.005863956215793609,0.005863956215793589
2025-10-03,1,256.74,253.95,258.015,close,0.45698924731181645,0.004966113577938636,0.010867025005842567
2025-10-06,-1,257.23,259.07,256.65,close,0.3152173913043744,0.0022547914317927464,0.00715313143879009
2025-10-07,-1,256.805,257.4,257.4,stop,-1.0,-0.002316933081520922,0.002316933081520883
2025-10-08,-1,256.36,257.6799,257.6799,stop,-1.0,-0.0051486191293492745,0.005148619129349202
2025-10-09,-1,256.33,258.0,254.03,close,1.3772455089820126,0.008972808489057016,0.006515039207271939
2025-10-10,1,255.585,254.43,254.43,stop,-1.0,-0.004519044544867623,0.004519044544867661
2025-10-13,-1,246.63,249.49,249.49,stop,-1.0,-0.011596318371649872,0.011596318371649896
2025-10-14,-1,245.5001,247.14,247.14,stop,-1.0,-0.006679834346299485,0.006679834346299586
2025-10-15,1,250.25,248.64,248.64,stop,-1.0,-0.006433566433566518,0.006433566433566488
2025-10-16,1,248.38,246.18,246.18,stop,-1.0,-0.008857395925597866,0.008857395925597828
2025-10-17,1,249.14,247.33,247.33,stop,-1.0,-0.007264991571004131,0.00726499157100415
2025-10-20,1,259.21,255.63,262.23,close,0.843575418994428,0.011650785077736314,0.013811195555726956
2025-10-21,1,263.31,261.83,262.84,close,-0.3175675675675821,-0.0017849682883294138,0.005620751205803115
2025-10-22,-1,260.26,262.85,258.43,close,0.7065637065636917,0.007031430108353165,0.009951586874663921
2025-10-23,-1,258.705,260.1799,260.1799,stop,-1.0,-0.005701088111942143,0.005701088111942139
2025-10-24,-1,259.69,261.68,261.68,stop,-1.0,-0.007662982787169259,0.007662982787169353
2025-10-27,-1,264.705,266.66,266.66,stop,-1.0,-0.007385580174156248,0.007385580174156291
2025-10-28,-1,268.9,269.87,269.87,stop,-1.0,-0.0036072889550020637,0.0036072889550019614
2025-10-29,1,269.78,268.7,268.7,stop,-1.0,-0.00400326191711764,0.004003261917117593
2025-10-30,-1,271.2377,274.14,271.38,close,-0.04903007959204045,-0.0005246320846989949,0.010700208709924794
2025-10-31,-1,272.4,277.32,270.25,close,0.43699186991869315,0.007892804698972022,0.018061674008810633
2025-11-03,-1,269.25,270.85,269.06,close,0.11874999999999689,0.0007056638811513416,0.005942432683379843
2025-11-04,1,269.0,267.615,270.25,close,0.9025270758122803,0.004646840148698983,0.00514869888475833
2025-11-05,-1,267.12,269.19,269.19,stop,-1.0,-0.007749326145552571,0.007749326145552535
2025-11-06,1,268.93,267.89,269.66,close,0.7019230769230806,0.0027144610121594415,0.0038671773323914046
2025-11-07,1,270.5,267.27,267.27,stop,-1.0,-0.011940850277264436,0.011940850277264393
2025-11-10,1,271.86,268.95,268.95,stop,-1.0,-0.010704038843522445,0.010704038843522492
2025-11-11,1,271.5,269.8,275.31,close,2.2411764705882518,0.014033149171270631,0.006261510128913402
2025-11-12,-1,272.97,275.24,275.24,stop,-1.0,-0.00831593215371651,0.008315932153716458
2025-11-13,1,274.87,273.57,273.57,stop,-1.0,-0.004729508494924928,0.004729508494924915
2025-11-14,1,272.0,269.6,272.6,close,0.2500000000000118,0.0022058823529411686,0.008823529411764622
2025-11-17,1,269.36,267.0,267.0,stop,-1.0,-0.00876150876150883,0.008761508761508812
2025-11-18,-1,269.0,270.71,267.43,close,0.9181286549707672,0.005836431226765804,0.006356877323419999
2025-11-19,1,267.21,265.5,268.5201,close,0.766140350877222,0.004902885371056653,0.0063994610980127225
2025-11-20,1,273.66,270.81,270.81,stop,-1.0,-0.010414382810787215,0.01041438281078719
2025-11-21,1,268.28,265.67,271.5,close,1.2337164750958163,0.01200238556731792,0.00972864171760831
2025-11-24,1,275.42,270.9,275.8,close,0.08407079646017526,0.0013797109868565194,0.016411299106818815
2025-11-25,1,279.35,275.25,276.89,close,-0.6000000000000055,-0.008806157150528127,0.014676928584213433
2025-11-26,-1,276.96,279.0475,279.0475,stop,-1.0,-0.007537189485846474,0.007537189485846456
2025-12-01,-1,277.35,278.78,278.78,stop,-1.0,-0.005155940147827387,0.005155940147827474
2025-12-02,1,284.25,282.6301,286.23,close,1.2222976726958772,0.0069656992084432545,0.005698856640281347
2025-12-03,1,288.28,285.9,285.9,stop,-1.0,-0.008255862356042698,0.00825586235604272
2025-12-04,-1,283.16,284.73,280.65,close,1.598726114649719,0.008864246362480732,0.005544568441870296
2025-12-05,-1,279.475,281.05,281.05,stop,-1.0,-0.005635566687539173,0.005635566687539095
2025-12-08,-1,277.85,279.6693,277.96,close,-0.06046281536852465,-0.00039589706676257386,0.006547777577829757
2025-12-09,1,279.2693,278.11,278.11,stop,-1.0,-0.004151190266885707,0.004151190266885667
2025-12-10,-1,277.165,278.3,278.3,stop,-1.0,-0.004095033644219148,0.004095033644219114
2025-12-11,-1,278.1,279.59,278.08,close,0.013422818791972681,7.191657677108054e-05,0.005357784969435283
2025-12-12,1,279.02,276.82,278.37,close,-0.29545454545453664,-0.0023295821088092916,0.00788473944520102
2025-12-15,-1,277.96,280.15,274.115,close,1.7557077625570658,0.013832925600805734,0.00787883148654482
2025-12-16,-1,272.64,273.93,273.93,stop,-1.0,-0.004731514084507227,0.0047315140845071175
2025-12-17,1,276.09,274.83,274.83,stop,-1.0,-0.004563729218732937,0.004563729218732989
2025-12-18,-1,269.84,273.63,272.16,close,-0.6121372031662368,-0.008597687518529629,0.014045360213459906
2025-12-19,1,272.79,271.57,271.57,stop,-1.0,-0.004472304703251662,0.004472304703251685
2025-12-22,-1,272.72,273.88,270.82,close,1.637931034482833,0.006966852449398764,0.004253446758580112
2025-12-23,1,271.37,269.56,272.32,close,0.5248618784530318,0.0035007554261707874,0.006669860338283533
2025-12-26,1,275.08,273.9,273.9,stop,-1.0,-0.00428966118947216,0.004289661189472179
2025-12-29,1,274.2,272.35,273.74,close,-0.24864864864864217,-0.0016776075857037887,0.006746900072939336
2025-12-30,-1,272.72,274.08,272.99,close,-0.19852941176469882,-0.0009900264007038917,0.004986799647990454
2025-12-31,-1,272.5,273.68,271.84,close,0.559322033898323,0.002422018348623989,0.004330275229357823
2026-01-02,1,273.39,271.95,271.95,stop,-1.0,-0.005267200702293473,0.005267200702293419
2026-01-05,-1,268.1,271.51,267.26,close,0.24633431085045152,0.003133159268929653,0.012719134651249414
2026-01-06,-1,264.55,267.55,262.22,close,0.7766666666666614,0.008807408807408712,0.011340011340011339
2026-01-07,-1,262.05,263.68,260.36,close,1.0368098159509218,0.006449150925395886,0.006220186987216163
2026-01-08,-1,256.2501,257.78,257.78,stop,-1.0,-0.005970339133526181,0.005970339133526184
2026-01-09,-1,258.61,260.0,260.0,stop,-1.0,-0.005374888828738156,0.005374888828738202
2026-01-12,-1,257.92,260.27,260.27,stop,-1.0,-0.009111352357319857,0.009111352357319967
2026-01-13,1,260.13,258.39,261.05,close,0.5287356321839144,0.0035366931918656697,0.006688963210702377
2026-01-14,-1,259.23,261.82,259.95,close,-0.2779922779922693,-0.002777456312926585,0.009991127570111388
2026-01-15,1,261.03,260.12,260.12,stop,-1.0,-0.003486189326897149,0.0034861893268971697
2026-01-16,-1,257.88,258.9,255.48,close,2.352941176470636,0.009306654257794311,0.0039553280595625165
2026-01-20,-1,252.36,254.79,246.69,close,2.3333333333333606,0.022467902995720435,0.009629101283880085
2026-01-21,-1,246.54,248.75,248.75,stop,-1.0,-0.008964062626754421,0.008964062626754312
2026-01-22,1,250.23,248.8,248.8,stop,-1.0,-0.005714742436957909,0.005714742436957913
2026-01-23,-1,245.33,247.32,247.32,stop,-1.0,-0.008111523254392017,0.008111523254391965
2026-01-26,1,251.88,249.8,255.42,close,1.7019230769230862,0.01405431157694137,0.008257900587581324
2026-01-27,1,260.74,258.66,258.66,stop,-1.0,-0.00797729539004366,0.007977295390043661
2026-01-28,-1,257.29,258.855,256.44,close,0.5431309904153507,0.0033036651249563898,0.0060826304947724265
2026-01-29,-1,257.52,259.65,258.175,close,-0.3075117370892164,-0.002543491767629913,0.008271202236719462
2026-01-30,1,256.96,252.18,259.49,close,0.5292887029288795,0.009845890410959068,0.018602117061021065
2026-02-02,-1,259.61,263.97,263.97,stop,-1.0,-0.01679442240283513,0.016794422402835074
2026-02-03,-1,268.51,270.33,270.33,stop,-1.0,-0.006778146065323343,0.006778146065323427
2026-02-04,1,274.83,272.285,276.4,close,0.6168958742632685,0.005712622348360785,0.009260269985081539
2026-02-05,-1,275.7,279.5,275.91,close,-0.05526315789474625,-0.000761697497279723,0.013783097569822312
2026-02-06,1,279.47,277.0,277.0,stop,-1.0,-0.008838157941818525,0.008838157941818539
2026-02-09,-1,274.36,278.2,274.53,close,-0.04427083333332296,-0.0006196238518731967,0.013996209359964918
2026-02-10,-1,273.3,275.31,275.31,stop,-1.0,-0.007354555433589427,0.007354555433589429
2026-02-11,-1,274.61,276.83,276.83,stop,-1.0,-0.008084192127016498,0.008084192127016387
2026-02-12,-1,272.03,275.72,261.54,close,2.842818428184227,0.03856192331728103,0.01356468036613629
2026-02-13,-1,258.8,262.23,255.79,close,0.8775510204081671,0.011630602782071175,0.013253477588871741
2026-02-17,1,259.49,255.54,263.75,close,1.078481012658221,0.016416817603761125,0.015222166557478196
2026-02-18,-1,262.72,264.92,264.92,stop,-1.0,-0.00837393422655297,0.008373934226552941
2026-02-19,-1,262.36,264.3191,264.3191,stop,-1.0,-0.007467220612898284,0.007467220612898224
2026-02-20,1,259.44,258.16,264.59,close,4.023437500000068,0.01985044711686701,0.0049337033610853094
2026-02-23,1,266.8599,263.381,266.39,close,-0.13507143062462104,-0.001760849044760926,0.013036428478014157
2026-02-24,1,271.95,267.71,272.17,close,0.05188679245283651,0.0008089722375437258,0.015591101305387054
2026-02-25,-1,271.45,272.66,272.66,stop,-1.0,-0.0044575428255664296,0.004457542825566537
2026-02-26,-1,274.4,276.11,273.0,close,0.818713450292367,0.005102040816326481,0.00623177842565611
2026-02-27,-1,269.2,272.81,264.17,close,1.3933518005540038,0.01868499257057943,0.013410104011887124
2026-03-02,1,263.12,260.2,264.6,close,0.5068493150684966,0.005624809972636147,0.011097598054119853
2026-03-04,-1,263.92,266.15,262.45,close,0.6591928251121313,0.005569869657472082,0.008449530160654597
2026-03-05,1,261.1,259.88,259.88,stop,-1.0,-0.004672539256989738,0.0046725392569897635
2026-03-06,-1,255.16,258.77,257.44,close,-0.6315789473684239,-0.00893556983853272,0.014147985577676695
2026-03-09,1,257.02,253.6805,259.89,close,0.8594100913310423,0.011166446190957968,0.012993152283868908
2026-03-10,1,259.9184,256.95,260.72,close,0.27004446840048485,0.0030840448386879604,0.011420507359232862
2026-03-11,1,261.81,260.21,260.21,stop,-1.0,-0.00611130208930144,0.006111302089301489
2026-03-12,-1,257.455,258.95,255.75,close,1.140468227424735,0.0066225165562913135,0.005806840030296575
2026-03-13,1,255.89,254.83,254.83,stop,-1.0,-0.004142404939622368,0.004142404939622392
2026-03-16,1,252.2,249.88,252.78,close,0.2500000000000061,0.0022997620935765184,0.009199048374306079
2026-03-17,1,253.6,252.18,254.23,close,0.4436619718309866,0.0024842271293374907,0.005599369085173452
2026-03-18,1,253.91,251.38,251.38,stop,-1.0,-0.009964160529321364,0.009964160529321418
2026-03-19,1,249.47,247.3,248.907,close,-0.25944700460829095,-0.0022567843828916745,0.008698440694271807
2026-03-20,-1,246.92,248.73,248.73,stop,-1.0,-0.007330309411955227,0.007330309411955299
2026-03-23,-1,251.36,254.6,251.44,close,-0.024691358024686593,-0.0003182686187142014,0.01288987905792481
2026-03-24,1,251.4499,249.55,251.75,close,0.15795568187798614,0.0011934783032325758,0.007555779501204822
2026-03-25,-1,253.95,255.0,252.61,close,1.2761904761904386,0.005276629257727761,0.004134672179562951
2026-03-26,1,252.47,250.77,252.88,close,0.2411764705882349,0.0016239553214243418,0.006733473283954484
2026-03-27,-1,252.91,255.1,255.1,stop,-1.0,-0.008659206832470012,0.00865920683247004
2026-03-30,-1,247.65,250.87,246.54,close,0.3447204968944143,0.004482132041187192,0.01300222087623662
2026-03-31,-1,247.8,249.2,249.2,stop,-1.0,-0.005649717514124131,0.005649717514124202
2026-04-01,-1,253.82,256.18,255.69,close,-0.7923728813559295,-0.00736742573477267,0.009297927665274658
2026-04-02,-1,252.1,254.8,254.8,stop,-1.0,-0.01071003570011908,0.010710035700119068
2026-04-06,1,258.15,256.46,258.887,close,0.4360946745562273,0.002854929304668019,0.00654658144489637
2026-04-07,-1,252.605,256.2,253.49,close,-0.2461752433936077,-0.003503493596722196,0.014231705627362874
2026-04-08,-1,256.61,258.56,258.56,stop,-1.0,-0.007599080316433415,0.0075990803164334535
2026-04-09,-1,258.41,260.03,260.03,stop,-1.0,-0.006269107232692139,0.00626910723269203
2026-04-10,1,260.55,259.07,259.07,stop,-1.0,-0.0056802916906544265,0.005680291690654454
2026-04-13,-1,258.0,260.18,259.21,close,-0.5550458715596219,-0.004689922480620057,0.008449612403100801
2026-04-14,1,260.33,259.1,259.1,stop,-1.0,-0.00472477240425595,0.004724772404255988
2026-04-15,1,259.98,257.81,266.37,close,2.9447004608294653,0.024578813754904116,0.00834679590737755
2026-04-16,-1,263.78,267.16,263.36,close,0.12426035502957176,0.001592235954204102,0.0128137083933583
2026-04-17,1,268.4099,266.72,270.185,close,1.0504171844488104,0.006613392427030407,0.006295967473628827
2026-04-20,1,272.4899,270.29,272.93,close,0.2000545479340143,0.001615105734194211,0.008073326754496063
2026-04-21,-1,270.6,272.8,266.22,close,1.9909090909090992,0.01618625277161856,0.008130081300812966
2026-04-22,-1,267.03,268.15,268.15,stop,-1.0,-0.0041942852862975055,0.004194285286297437
2026-04-23,1,275.68,274.15,274.15,stop,-1.0,-0.005549912942542146,0.005549912942542185
2026-04-24,-1,270.09,273.06,271.06,close,-0.3265993265993328,-0.003591395460772473,0.010996334555148386
2026-04-27,1,267.88,265.07,267.64,close,-0.08540925266904231,-0.0008959235478572802,0.010489771539495304
2026-04-28,-1,269.02,273.23,270.76,close,-0.4133016627078371,-0.006467920600698784,0.01564939409709329
2026-04-29,1,268.6499,267.04,270.19,close,0.9566432697683165,0.005732739896795014,0.0059925576000585965
2026-04-30,-1,268.75,270.96,270.96,stop,-1.0,-0.008223255813953445,0.008223255813953412
2026-05-01,1,283.75,278.37,280.15,close,-0.6691449814126442,-0.012687224669603592,0.018960352422907473
2026-05-04,-1,276.72,280.63,276.84,close,-0.030690537084385853,-0.0004336513443190526,0.014129806302399421
2026-05-05,1,279.22,276.501,284.21,close,1.835233541743236,0.017871212663849168,0.009737841128859146
2026-05-06,1,282.97,281.07,287.55,close,2.410526315789422,0.01618546135632748,0.006714492702406735
2026-05-07,1,290.15,288.18,288.18,stop,-1.0,-0.006789591590556476,0.0067895915905565075
2026-05-08,1,293.37,290.0,293.22,close,-0.044510385756669754,-0.0005112997238980732,0.011487200463578432
2026-05-11,-1,290.5,292.84,292.84,stop,-1.0,-0.008055077452667758,0.008055077452667729
2026-05-12,1,293.69,292.56,294.88,close,1.0530973451327457,0.004051891450168599,0.003847594402260872
2026-05-13,1,296.99,293.5,298.88,close,0.5415472779369574,0.006363850634701462,0.011751237415401222
2026-05-14,-1,297.49,300.45,298.18,close,-0.23310810810810895,-0.002319405694308996,0.009949914282832968
2026-05-15,1,298.7,296.52,300.255,close,0.7133027522935789,0.00520589219953127,0.007298292601272203
2026-05-18,-1,297.3601,300.66,297.83,close,-0.14239825449255747,-0.0015802389089860647,0.0110973193780875
2026-05-19,1,299.62,296.35,298.98,close,-0.19571865443424769,-0.002136038982711419,0.010913824177291174
2026-05-20,1,300.9,298.08,302.265,close,0.48404255319149375,0.004536390827517556,0.0093718843469591
2026-05-21,1,301.8,300.4,305.1,close,2.357142857142808,0.010934393638170947,0.004638833664678708
2026-05-22,1,308.45,305.84,308.81,close,0.13793103448276312,0.0011671259523424737,0.008461663154482133
2026-05-26,-1,309.4,311.49,311.49,stop,-1.0,-0.006755009696186365,0.00675500969618627
2026-05-27,1,311.49,308.3,310.93,close,-0.17554858934169362,-0.0017978105236122754,0.010241099232720144
2026-05-28,-1,309.65,310.94,310.94,stop,-1.0,-0.004165993864040152,0.004165993864040112
2026-05-29,-1,311.5,315.0,312.07,close,-0.1628571428571409,-0.0018298555377207482,0.011235955056179775
2026-06-01,1,310.68,308.5,308.5,stop,-1.0,-0.0070168662289172845,0.007016866228917236
2026-06-02,1,309.89,306.685,315.22,close,1.6630265210608635,0.0171996514892383,0.010342379554035252
2026-06-03,1,316.6,314.0,314.0,stop,-1.0,-0.00821225521162361,0.008212255211623571
2026-06-04,-1,310.61,313.54,311.21,close,-0.20477815699657492,-0.0019316828176811907,0.009433051093010549
2026-06-05,1,314.25,312.4,312.4,stop,-1.0,-0.005887032617342913,0.005887032617342952
2026-06-08,1,315.17,308.522,308.522,stop,-1.0,-0.02109337817685697,0.02109337817685701
2026-06-09,-1,297.59,300.75,290.36,close,2.2879746835442734,0.02429517120870983,0.010618636378910667
2026-06-10,-1,288.62,291.0,291.0,stop,-1.0,-0.008246136788857328,0.008246136788857305
2026-06-11,-1,291.04,293.785,293.785,stop,-1.0,-0.009431693238042937,0.009431693238042896
2026-06-12,-1,294.89,297.14,291.07,close,1.6977777777777747,0.012953982841059308,0.007629963715283666
2026-06-15,1,294.25,291.7,296.51,close,0.8862745098039141,0.007680543755310021,0.00866610025488534
2026-06-16,1,296.28,294.32,294.32,stop,-1.0,-0.006615363845011379,0.006615363845011407
2026-06-17,-1,299.5201,302.07,295.88,close,1.4275461782815198,0.012153107587771328,0.00851328508504097
2026-06-18,-1,298.07,300.4599,300.4599,stop,-1.0,-0.008017915254805885,0.008017915254805956
2026-06-22,1,300.33,297.31,297.31,stop,-1.0,-0.010055605500615905,0.01005560550061593
2026-06-23,1,298.32,295.18,295.18,stop,-1.0,-0.010525610083132131,0.010525610083132162
2026-06-24,1,296.4699,293.2,293.2,stop,-1.0,-0.011029450207255431,0.011029450207255464
2026-06-25,-1,284.73,288.8,275.05,close,2.378378378378384,0.03399712007867106,0.0142942436694412
2026-06-26,1,278.0,274.21,281.3,close,0.8707124010554073,0.011870503597122273,0.01363309352517993
2026-06-29,-1,285.8,288.3697,281.63,close,1.6227575203331117,0.014590622813156151,0.008991252624212777
2026-06-30,1,283.51,280.695,289.09,close,1.9822380106571895,0.019681845437550693,0.009929103029875482
2026-07-01,-1,290.33,293.445,293.445,stop,-1.0,-0.010729170254538012,0.010729170254537972
2026-07-02,1,299.82,293.68,308.22,close,1.368078175895774,0.028016810086051835,0.020478954039090076
2026-07-06,1,308.99,307.0,312.81,close,1.9195979899497366,0.01236285963947048,0.006440337875012165
2026-07-07,-1,312.785,315.48,310.65,close,0.7922077922078119,0.006825774893297498,0.008616142078424455
2026-07-08,-1,308.87,312.0,312.0,stop,-1.0,-0.010133713212678419,0.010133713212678459
2026-07-09,1,311.08,308.16,316.17,close,1.7431506849315421,0.0163623505207664,0.009386652951009256
2026-07-10,1,315.54,313.21,313.21,stop,-1.0,-0.007384166825125327,0.007384166825125311
2026-07-13,1,320.65,316.45,316.45,stop,-1.0,-0.013098393887416182,0.01309839388741615
2026-07-14,1,314.13,311.91,314.92,close,0.3558558558558698,0.0025148823735396952,0.007067137809187185
2026-07-15,1,319.1296,317.32,327.515,close,4.633841732979694,0.026275845299213785,0.0056704235520615735
2026-07-16,1,328.99,326.79,333.27,close,1.945454545454543,0.013009513966989905,0.006687133347518127
2026-07-17,1,333.51,331.2501,331.2501,stop,-1.0,-0.006776108662408964,0.006776108662408972
2026-07-20,-1,331.13,333.71,326.7,close,1.7170542635659047,0.013378431431763982,0.0077915018270769305
2026-07-21,1,325.51,322.3814,322.3814,stop,-1.0,-0.009611379066695402,0.009611379066695357
2026-07-22,-1,326.22,328.9995,325.87,close,0.12592192840439817,0.0010728955919319105,0.008520323707927118
2026-07-23,1,323.18,320.8,320.8,stop,-1.0,-0.007364317098830342,0.007364317098830359
2026-07-24,1,325.35,321.62,333.07,close,2.069705093833762,0.0237282926079605,0.01146457660980488
2026-07-27,-1,334.1,337.12,337.12,stop,-1.0,-0.009039209817419902,0.00903920981741988
2026-07-28,-1,337.71,342.89,340.204,close,-0.48146718146718626,-0.007385034497053855,0.015338604127801981
2026-07-29,1,342.23,339.56,339.56,stop,-1.0,-0.00780177073897681,0.007801770738976758
2026-07-30,-1,332.01,334.48,334.48,stop,-1.0,-0.007439534953766591,0.007439534953766536
2026-07-31,-1,300.55,306.9,306.9,stop,-1.0,-0.02112793212443842,0.021127932124438416
2026-08-03,-1,305.17,311.8,303.27,close,0.28657616892911547,0.006226037946062912,0.021725595569682454
2026-08-04,1,304.49,301.32,309.38,close,1.5425867507886315,0.016059640710696543,0.010410850931065111
2026-08-05,-1,307.65,309.38,309.38,stop,-1.0,-0.005623273200065171,0.0056232732000650685
2026-08-06,-1,313.73,316.13,316.13,stop,-1.0,-0.007649890032830786,0.0076498900328307055
2026-08-07,-1,311.08,313.81,313.81,stop,-1.0,-0.008775877587758885,0.008775877587758834
2026-08-10,1,307.49,304.61,308.25,close,0.2638888888888862,0.0024716250934988526,0.009366158249048734
2026-08-11,-1,307.41,309.97,304.9,close,0.9804687500000178,0.008164991379590925,0.00832764061025992
2026-08-12,-1,302.18,305.66,302.22,close,-0.011494252873569038,-0.0001323714342444937,0.011516314779270693
2026-08-13,1,304.26,302.05,305.31,close,0.4751131221719552,0.0034509958588049283,0.007263524617103726
2026-08-14,1,307.38,305.56,305.56,stop,-1.0,-0.005921009824972345,0.0059210098249723245
2026-08-17,-1,305.73,307.66,305.69,close,0.0207253886010468,0.00013083439636285554,0.0063127596245053045
2026-08-18,-1,305.97,307.95,307.95,stop,-1.0,-0.0064712226688889984,0.00647122266888898
2026-08-19,1,311.1,309.6,316.9,close,3.8666666666666365,0.018643522982963567,0.0048216007714561235
2026-08-20,-1,316.6661,320.28,311.295,close,1.4862337087357023,0.016961398773029268,0.011412336211549015
2026-08-21,-1,307.68,312.38,309.42,close,-0.3702127659574496,-0.005655226209048347,0.01527561102444094
2026-08-24,1,312.13,309.97,310.41,close,-0.7962962962962944,-0.005510524460961674,0.00692019350911469
2026-08-25,-1,310.68,313.59,309.9,close,0.26804123711341515,0.002510621861722795,0.009366550791811408
2026-08-26,1,311.66,308.8001,313.48,close,0.6363858876184372,0.0058396971058203295,0.009176346018096767
2026-08-27,1,312.035,309.4001,314.575,close,0.9639834528824427,0.008140112487381002,0.008444245036614532
2026-08-28,1,318.03,315.5,315.5,stop,-1.0,-0.007955224349904033,0.007955224349904012
2026-08-31,-1,318.05,321.235,317.15,close,0.2825745682888645,0.0028297437509826606,0.010014148718754919
2026-09-01,1,317.38,314.73,325.14,close,2.9283018867924744,0.02445018589703185,0.008349612451950272
2026-09-02,-1,325.51,328.4,325.0,close,0.1764705882352918,0.00156677214217682,0.008878375472335678
2026-09-03,-1,324.25,327.5,327.5,stop,-1.0,-0.010023130300693905,0.010023130300693909
2026-09-04,-1,327.02,328.93,319.99,close,3.6806282722512464,0.021497156137239237,0.0058406213687237024
2026-09-08,-1,316.52,320.7,316.26,close,0.062200956937796766,0.0008214330847970963,0.013206116517123744
2026-09-09,1,316.21,315.02,315.02,stop,-1.0,-0.003763321843078926,0.0037633218430789595
2026-09-10,1,320.8599,316.51,326.595,close,1.3184441021632813,0.017874156290642818,0.013557007279501088
2026-09-11,1,332.28,326.3,332.23,close,-0.008361204013370377,-0.00015047550258806552,0.01799687010954605
2026-09-14,-1,331.72,334.83,334.83,stop,-1.0,-0.009375376823827164,0.009375376823827193
2026-09-15,1,331.5,328.35,331.335,close,-0.05238095238095926,-0.0004977375565611286,0.009502262443438846
2026-09-16,1,334.5795,331.87,331.87,stop,-1.0,-0.008098224786635133,0.008098224786635138
2026-09-17,-1,332.51,335.58,335.58,stop,-1.0,-0.009232805028420277,0.009232805028420178
2026-09-18,-1,336.245,338.49,335.58,close,0.2962138084632602,0.001977724575830231,0.00667667920712577
2026-09-21,-1,333.6,335.6302,335.6302,stop,-1.0,-0.006085731414868123,0.006085731414868043
2026-09-22,-1,339.8,345.34,339.73,close,0.012635379061370694,0.00020600353148914063,0.016303708063566697
2026-09-23,-1,339.1801,341.8,336.95,close,0.8512156952555319,0.006574973001069351,0.007724214952469292
2026-09-24,-1,335.13,337.1,337.1,stop,-1.0,-0.0058783158774207145,0.005878315877420784
2026-09-25,1,336.8,334.53,341.04,close,1.867841409691602,0.01258907363420425,0.00673990498812363
2026-09-28,1,342.44,340.17,340.17,stop,-1.0,-0.006628898493166613,0.006628898493166633
2026-09-29,-1,332.06,337.085,329.59,close,0.4915422885572216,0.007438414744323385,0.015132807323977525
2026-09-30,1,333.08,330.1401,333.01,close,-0.023810333684817168,-0.00021015972138827,0.0088264080701332
2026-10-01,1,331.43,328.37,328.37,stop,-1.0,-0.00923271882448784,0.009232718824487831
2026-10-02,-1,331.0,333.46,333.46,stop,-1.0,-0.007432024169184315,0.007432024169184228
