date,side,entry,stop,exit,how,R,ret,risk_pct
2021-10-06,1,20.347,20.08,20.7,close,1.322097378277131,0.017348994937828488,0.013122327615864893
2021-10-07,-1,21.0,21.139,21.139,stop,-1.0,-0.0066190476190475245,0.006619047619047588
2021-10-08,-1,21.012,21.206,20.826,close,0.9587628865979425,0.008852084523129689,0.00923281934132872
2021-10-11,1,20.748,20.511,20.689,close,-0.24894514767932735,-0.0028436475804897166,0.011422787738577302
2021-10-12,1,21.003,20.762,20.762,stop,-1.0,-0.011474551254582632,0.011474551254582662
2021-10-13,-1,20.822,20.99,20.947,close,-0.7440476190476223,-0.0060032657765825,0.008068389203726793
2021-10-14,-1,21.154,21.339,21.339,stop,-1.0,-0.008745390942611175,0.008745390942611266
2021-10-15,-1,21.68,21.931,21.862,close,-0.7250996015936164,-0.008394833948339508,0.011577490774907806
2021-10-18,1,21.778,21.644,22.222,close,3.3134328358209064,0.020387547065846334,0.006152998438791457
2021-10-19,-1,22.102,22.294,22.294,stop,-1.0,-0.00868699665188677,0.008686996651886715
2021-10-20,1,22.37,22.216,22.216,stop,-1.0,-0.0068842199374161694,0.006884219937416178
2021-10-21,1,22.19,22.083,22.686,close,4.635514018691452,0.022352410995944094,0.0048219918882380745
2021-10-22,1,22.8634,22.591,22.591,stop,-1.0,-0.011914238477216732,0.011914238477216755
2021-10-25,1,23.125,22.832,22.832,stop,-1.0,-0.012670270270270234,0.012670270270270238
2021-10-26,1,24.195,23.924,24.717,close,1.9261992619926087,0.021574705517668935,0.011200661293655746
2021-10-27,1,24.689,24.282,24.451,close,-0.5847665847665836,-0.009639920612418473,0.016485074324598
2021-10-28,-1,24.601,24.898,24.898,stop,-1.0,-0.012072679972358946,0.012072679972358872
2021-10-29,1,25.388,25.0,25.568,close,0.4639175257731931,0.007089963762407336,0.015282810776744983
2021-11-01,-1,25.43,25.65,25.65,stop,-1.0,-0.008651199370821816,0.00865119937082182
2021-11-02,1,26.1,25.8,26.404,close,1.0133333333333259,0.01164750957854399,0.011494252873563244
2021-11-03,-1,26.483,26.784,26.597,close,-0.3787375415282438,-0.004304648264924715,0.011365781822301038
2021-11-04,1,27.501,27.118,31.331000000000028,target,10.0,0.1392676629940739,0.013926766299407391
2021-11-05,1,30.871,30.029,30.029,stop,-1.0,-0.0272747886365845,0.027274788636584456
2021-11-08,1,30.657,30.1455,30.1455,stop,-1.0,-0.01668460710441344,0.016684607104413402
2021-11-09,-1,31.782,32.31,30.671,close,2.104166666666659,0.034956893839280134,0.016613177270152987
2021-11-10,1,29.381,28.778,29.44,close,0.0978441127694874,0.0020081004730949648,0.02052346754705427
2021-11-11,-1,30.105,30.477,30.477,stop,-1.0,-0.01235675137020431,0.012356751370204281
2021-11-12,-1,29.94,30.217,30.217,stop,-1.0,-0.009251837007347996,0.009251837007347944
2021-11-15,-1,30.263,30.644,30.024,close,0.6272965879265167,0.007897432508343516,0.012589630902421989
2021-11-16,1,30.11,29.7059,30.1865,close,0.189309576837415,0.0025406841580870587,0.013420790435071394
2021-11-17,-1,29.845,30.509,29.257,close,0.8855421686746929,0.01970179259507443,0.02224828279443798
2021-11-18,1,32.5,31.51,31.51,stop,-1.0,-0.03046153846153843,0.030461538461538415
2021-11-19,-1,32.0,32.3,32.3,stop,-1.0,-0.009374999999999911,0.009374999999999911
2021-11-22,1,33.97,33.35,33.35,stop,-1.0,-0.01825139829261102,0.018251398292611052
2021-11-23,1,31.821,31.099,31.099,stop,-1.0,-0.022689418937179906,0.02268941893717989
2021-11-24,-1,30.96,31.577,31.577,stop,-1.0,-0.019928940568475495,0.01992894056847548
2021-11-29,-1,32.36,32.754,32.754,stop,-1.0,-0.01217552533992583,0.012175525339925783
2021-11-30,-1,32.87,33.226,33.226,stop,-1.0,-0.010830544569516265,0.010830544569516327
2021-12-01,-1,32.827,33.2893,31.397,close,3.0932295046506657,0.04356170225728817,0.014082919547933075
2021-12-02,1,32.045,31.025,32.111,close,0.06470588235293646,0.002059603682321498,0.03183023872679055
2021-12-03,-1,31.735,32.129,30.706,close,2.611675126903564,0.03242476760674329,0.012415314321726748
2021-12-06,-1,28.655,29.88,29.88,stop,-1.0,-0.04274995637759549,0.042749956377595454
2021-12-08,1,32.233,31.636,31.636,stop,-1.0,-0.0185213911209009,0.01852139112090087
2021-12-09,1,32.189,31.706,31.706,stop,-1.0,-0.01500512597471193,0.015005125974711875
2021-12-10,-1,30.888,31.305,30.191,close,1.6714628297362255,0.02256539756539766,0.013500388500388436
2021-12-13,-1,29.76,30.249,30.249,stop,-1.0,-0.01643145161290316,0.01643145161290313
2021-12-14,1,27.899,27.25,28.342,close,0.6825885978428309,0.015878705329940068,0.023262482526255453
2021-12-15,1,28.44,28.05,28.05,stop,-1.0,-0.01371308016877637,0.013713080168776391
2021-12-16,-1,30.52,31.16,28.385,close,3.335937499999994,0.06995412844036686,0.02096985583224117
2021-12-17,-1,27.944,28.7281,28.7281,stop,-1.0,-0.028059690810191995,0.028059690810191894
2021-12-20,1,27.595,27.145,27.716,close,0.26888888888889423,0.004384852328320532,0.016307302047472345
2021-12-21,-1,28.1,28.55,28.55,stop,-1.0,-0.016014234875444844,0.016014234875444813
2021-12-23,-1,29.606,29.917,29.917,stop,-1.0,-0.010504627440383718,0.010504627440383704
2021-12-27,1,29.88,29.64,30.952,close,4.466666666666707,0.03587684069611785,0.008032128514056172
2021-12-28,-1,30.782,31.33,30.322,close,0.8394160583941648,0.014943798323695745,0.01780261191605478
2021-12-29,-1,30.27,30.548,29.997,close,0.9820143884892121,0.009018830525272525,0.009184010571522917
2021-12-30,1,29.991,29.655,29.655,stop,-1.0,-0.011203361008302437,0.011203361008302442
2021-12-31,1,29.921,29.57,29.57,stop,-1.0,-0.011730891347214278,0.011730891347214301
2022-01-03,1,30.43,29.785,30.116,close,-0.486821705426357,-0.010318764377259315,0.02119618797239565
2022-01-04,-1,30.06,30.468,29.299,close,1.865196078431365,0.02531603459747167,0.013572854291417209
2022-01-05,1,28.949,28.582,28.582,stop,-1.0,-0.01267746727002661,0.012677467270026629
2022-01-06,1,28.05,27.5,27.5,stop,-1.0,-0.019607843137254943,0.019607843137254926
2022-01-07,-1,27.902,28.422,27.24,close,1.273076923076929,0.023725897785105143,0.018636656870475218
2022-01-10,-1,26.077,26.8,26.8,stop,-1.0,-0.027725581930436727,0.02772558193043674
2022-01-11,1,27.371,26.888,26.888,stop,-1.0,-0.01764641408790313,0.017646414087903146
2022-01-12,-1,28.0665,28.456,28.456,stop,-1.0,-0.013877754618495386,0.013877754618495294
2022-01-13,-1,28.175,28.48,26.586,close,5.209836065573782,0.05639751552795036,0.01082519964507541
2022-01-14,1,26.631,26.21,26.942,close,0.7387173396674594,0.011678119484811011,0.01580864406143214
2022-01-18,1,26.3,25.975,25.975,stop,-1.0,-0.012357414448669224,0.012357414448669174
2022-01-19,1,26.355,26.012,26.012,stop,-1.0,-0.013014608233731684,0.01301460823373174
2022-01-20,-1,25.174,25.48,25.48,stop,-1.0,-0.01215539842694846,0.012155398426948476
2022-01-21,-1,23.398,24.104,24.104,stop,-1.0,-0.030173519104196966,0.03017351910419692
2022-01-24,-1,22.2,22.915,22.915,stop,-1.0,-0.03220720720720727,0.032207207207207204
2022-01-25,-1,22.45,22.803,22.803,stop,-1.0,-0.01572383073496675,0.01572383073496666
2022-01-26,-1,22.963,23.524,23.524,stop,-1.0,-0.024430605757087553,0.024430605757087484
2022-01-27,-1,23.482,23.995,21.93,close,3.0253411306042777,0.06609317775317258,0.021846520739289742
2022-01-28,-1,21.57,22.248,22.248,stop,-1.0,-0.03143254520166905,0.03143254520166902
2022-01-31,1,23.49,23.052,24.505,close,2.3173515981735235,0.043209876543209846,0.01864623243933584
2022-02-01,-1,24.583,25.145,24.639,close,-0.09964412811388046,-0.002277996989789699,0.022861326933246603
2022-02-02,-1,24.976,25.795,25.795,stop,-1.0,-0.03279147982062791,0.03279147982062791
2022-02-03,1,24.539,24.296,24.296,stop,-1.0,-0.00990260401809373,0.009902604018093732
2022-02-04,-1,23.657,24.182,24.182,stop,-1.0,-0.02219216299615323,0.022192162996153297
2022-02-07,1,24.492,24.202,24.729,close,0.8172413793103415,0.009676629103380519,0.011840601012575499
2022-02-08,1,24.665,24.303,24.303,stop,-1.0,-0.014676667342387928,0.014676667342387931
2022-02-09,-1,25.39,25.73,25.73,stop,-1.0,-0.013391098857818085,0.013391098857818032
2022-02-10,1,26.211,25.945,25.945,stop,-1.0,-0.010148410972492417,0.0101484109724924
2022-02-11,-1,25.88,26.152,23.948,close,7.10294117647053,0.07465224111282842,0.0105100463678517
2022-02-14,1,24.321,23.755,24.262,close,-0.10424028268551376,-0.0024258870934583676,0.023272069405041014
2022-02-15,1,25.1131,24.784,26.52,close,4.27499240352476,0.056022553965858535,0.013104714272630635
2022-02-16,-1,25.93,26.259,26.259,stop,-1.0,-0.012688006170458843,0.012688006170458952
2022-02-17,-1,25.07,25.785,24.5119,close,0.7805594405594402,0.022261667331471835,0.0285201435979258
2022-02-18,-1,24.476,24.986,23.639,close,1.6411764705882297,0.034196764177153116,0.020836738029089787
2022-02-22,1,23.325,23.006,23.006,stop,-1.0,-0.01367631296891747,0.01367631296891743
2022-02-24,1,21.746,20.89,23.751,close,2.3422897196261765,0.09220086452680976,0.039363561114687674
2022-02-25,1,24.038,23.527,23.527,stop,-1.0,-0.021258008153756558,0.02125800815375652
2022-02-28,-1,23.916,24.136,24.136,stop,-1.0,-0.009198862686067955,0.009198862686067857
2022-03-01,1,24.3284,24.013,24.013,stop,-1.0,-0.012964272208612071,0.012964272208612026
2022-03-02,-1,23.574,23.844,23.844,stop,-1.0,-0.0114532960040723,0.011453296004072263
2022-03-03,-1,24.02,24.326,23.714,close,1.0,0.012739383846794405,0.012739383846794378
2022-03-04,1,23.63,23.327,23.327,stop,-1.0,-0.012822683030046411,0.012822683030046435
2022-03-08,-1,21.057,21.438,21.438,stop,-1.0,-0.018093745547798745,0.018093745547798842
2022-03-09,1,22.6399,22.247,23.014,close,0.9521506744718699,0.01652392457563856,0.01735431693602891
2022-03-10,-1,22.374,22.7,22.7,stop,-1.0,-0.014570483597032391,0.014570483597032294
2022-03-11,-1,22.903,23.145,22.1,close,3.318181818181795,0.03506090905121584,0.010566301357900751
2022-03-14,-1,21.632,21.995,21.995,stop,-1.0,-0.016780695266272128,0.016780695266272166
2022-03-15,1,21.67,21.446,21.446,stop,-1.0,-0.010336871250576807,0.010336871250576843
2022-03-16,1,23.549,23.172,24.5,close,2.522546419098152,0.040383880419550655,0.016009172364006917
2022-03-17,1,24.383,23.906,24.769,close,0.8092243186582788,0.01583070171841028,0.019562810154615935
2022-03-18,1,25.058,24.624,26.461,close,3.2327188940092055,0.05599010296113005,0.017319818022188564
2022-03-21,-1,26.336,26.611,26.611,stop,-1.0,-0.010441980558930863,0.010441980558930824
2022-03-23,-1,25.777,26.175,26.175,stop,-1.0,-0.015440121038134746,0.015440121038134759
2022-03-25,-1,27.885,28.358,27.717,close,0.35517970401692006,0.006024744486283096,0.01696252465483231
2022-03-28,1,27.925,27.64,27.64,stop,-1.0,-0.010205908683974974,0.010205908683974937
2022-03-29,-1,28.512,28.946,28.659,close,-0.3387096774193505,-0.00515572390572383,0.015221661054994425
2022-03-30,-1,28.122,28.46,28.46,stop,-1.0,-0.012019059810824295,0.0120190598108243
2022-03-31,-1,27.437,27.887,27.887,stop,-1.0,-0.01640121004482986,0.016401210044829948
2022-04-01,-1,27.24,27.496,26.715,close,2.0507812499999925,0.01927312775330392,0.009397944199706323
2022-04-04,1,26.846,26.613,27.3713,close,2.2545064377682413,0.019567160843328768,0.008679132831706793
2022-04-05,-1,27.034,27.319,25.932,close,3.866666666666666,0.04076348302138044,0.010542280091736338
2022-04-08,-1,23.58,23.923,23.111,close,1.3673469387755035,0.0198897370653095,0.014546225614927905
2022-04-11,-1,21.934,22.247,22.247,stop,-1.0,-0.014270082976201248,0.014270082976201278
2022-04-12,-1,22.1356,22.559,22.559,stop,-1.0,-0.0191275592258624,0.019127559225862453
2022-04-13,1,21.741,21.455,22.205,close,1.6223776223776099,0.021342164573846523,0.013154868681293471
2022-04-18,1,21.538,21.19,21.19,stop,-1.0,-0.016157489089051902,0.01615748908905186
2022-04-19,-1,21.56,21.84,21.84,stop,-1.0,-0.012987012987013102,0.01298701298701304
2022-04-20,-1,22.375,22.6704,21.482,close,3.0230196343940365,0.039910614525139665,0.013202234636871544
2022-04-21,1,22.195,21.69,21.69,stop,-1.0,-0.022752872268528956,0.022752872268528904
2022-04-22,-1,20.175,20.486,19.506,close,2.1511254019292623,0.03315985130111532,0.01541511771995043
2022-04-25,1,19.4915,19.107,19.107,stop,-1.0,-0.019726547469409716,0.019726547469409703
2022-04-26,-1,19.472,19.788,18.783,close,2.1803797468354507,0.035384141331142205,0.016228430566967898
2022-04-27,1,19.078,18.525,18.525,stop,-1.0,-0.02898626690428774,0.028986266904287704
2022-04-28,-1,18.958,19.313,19.313,stop,-1.0,-0.01872560396666323,0.018725603966663174
2022-04-29,1,19.731,19.25,19.25,stop,-1.0,-0.02437788251989259,0.024377882519892636
2022-05-02,-1,18.518,18.772,18.772,stop,-1.0,-0.013716384058753528,0.013716384058753524
2022-05-03,-1,19.24,19.496,19.496,stop,-1.0,-0.013305613305613306,0.013305613305613318
2022-05-04,-1,19.591,19.979,19.979,stop,-1.0,-0.019805012505742292,0.019805012505742337
2022-05-05,-1,19.652,19.925,18.848,close,2.945054945054956,0.040911866476694536,0.013891715855892514
2022-05-06,-1,18.436,18.819,18.819,stop,-1.0,-0.020774571490561833,0.020774571490561895
2022-05-09,1,18.158,17.861,17.861,stop,-1.0,-0.01635642691926431,0.01635642691926427
2022-05-10,-1,17.444,17.74,17.74,stop,-1.0,-0.01696858518688371,0.016968585186883708
2022-05-11,-1,17.12,17.514,17.514,stop,-1.0,-0.02301401869158859,0.023014018691588686
2022-05-12,-1,15.883,16.33,16.33,stop,-1.0,-0.028143297865642403,0.02814329786564246
2022-05-13,-1,16.708,16.973,16.973,stop,-1.0,-0.015860665549437325,0.01586066554943743
2022-05-16,-1,17.28,17.58,17.58,stop,-1.0,-0.01736111111111094,0.017361111111110945
2022-05-17,1,18.286,17.987,17.987,stop,-1.0,-0.016351307010828098,0.016351307010828122
2022-05-18,-1,17.57,17.86,17.86,stop,-1.0,-0.016505406943653878,0.016505406943653905
2022-05-19,1,17.245,16.901,16.901,stop,-1.0,-0.019947810959698553,0.019947810959698532
2022-05-20,-1,17.023,17.41,16.699,close,0.8372093023255754,0.019033072901368575,0.022733948187746017
2022-05-23,1,16.395,16.216,16.216,stop,-1.0,-0.01091796279353452,0.010917962793534523
2022-05-24,-1,16.342,16.597,16.167,close,0.6862745098039036,0.010708603598090671,0.015603965242932479
2022-05-25,1,16.529,16.0,16.9835,close,0.8591682419659726,0.02749712626293177,0.03200435598039808
2022-05-26,1,16.769,16.022,17.844,close,1.4390896921017444,0.06410638678513947,0.04454648458465024
2022-05-27,-1,18.177,18.588,18.588,stop,-1.0,-0.02261099191285698,0.02261099191285698
2022-05-31,-1,18.601,19.2,18.671,close,-0.11686143572621079,-0.0037632385355625964,0.0322025697543143
2022-06-01,1,19.024,18.719,18.719,stop,-1.0,-0.01603238015138775,0.016032380151387707
2022-06-02,1,18.473,18.198,19.592,close,4.069090909090929,0.060574893087208315,0.014886591241270968
2022-06-03,-1,18.98,19.23,19.23,stop,-1.0,-0.013171759747102163,0.013171759747102213
2022-06-06,-1,19.0892,19.337,18.7855,close,1.2255851493139838,0.015909519518890414,0.0129811621230852
2022-06-07,1,18.485,18.188,18.926,close,1.4848484848484784,0.023857181498512237,0.016067081417365466
2022-06-08,1,18.804,18.651,18.651,stop,-1.0,-0.008136566687938718,0.008136566687938667
2022-06-09,1,18.737,18.428,18.428,stop,-1.0,-0.016491434060948773,0.016491434060948794
2022-06-10,1,17.656,17.252,17.252,stop,-1.0,-0.022881739918441335,0.02288173991844132
2022-06-13,-1,15.935,16.312,15.645,close,0.7692307692307703,0.018198933165986864,0.02365861311578291
2022-06-14,-1,15.718,15.918,15.918,stop,-1.0,-0.012724265173686078,0.012724265173686175
2022-06-15,1,16.266,16.057,16.057,stop,-1.0,-0.012848887249477414,0.012848887249477416
2022-06-16,-1,15.655,15.923,15.923,stop,-1.0,-0.017119131267965493,0.017119131267965552
2022-06-17,1,15.955,15.645,15.645,stop,-1.0,-0.01942964587903484,0.019429645879034816
2022-06-21,1,16.691,16.407,16.565,close,-0.4436619718309794,-0.007548978491402458,0.017015157869510453
2022-06-22,-1,16.197,16.422,16.422,stop,-1.0,-0.013891461381737358,0.013891461381737448
2022-06-23,-1,16.282,16.585,16.224,close,0.19141914191419035,0.0035622159439872014,0.01860950743151952
2022-06-24,1,16.519,16.31,17.1375,close,2.9593301435406794,0.0374417337611237,0.012652097584599531
2022-06-27,-1,16.91,17.33,16.87,close,0.09523809523809362,0.0023654642223536193,0.02483737433471308
2022-06-28,-1,16.785,17.202,15.982,close,1.925659472422057,0.047840333631218424,0.024843610366398663
2022-06-29,-1,15.427,15.82,15.546,close,-0.30279898218829404,-0.007713748622544925,0.02547481687949703
2022-06-30,1,15.389,15.13,15.13,stop,-1.0,-0.016830203392033227,0.01683020339203318
2022-07-01,-1,14.7561,15.0629,14.521,close,0.7662972620599692,0.0159323940607613,0.02079140152208245
2022-07-05,1,14.2465,14.055,14.964,close,3.746736292428213,0.05036324711332618,0.013441898010037524
2022-07-06,-1,14.922,15.1672,15.1672,stop,-1.0,-0.016432113657686598,0.016432113657686553
2022-07-07,1,15.552,15.389,15.866,close,1.9263803680981568,0.02019032921810693,0.010480967078189317
2022-07-08,1,15.609,15.41,15.41,stop,-1.0,-0.01274905503235313,0.012749055032353119
2022-07-11,-1,15.304,15.527,15.154,close,0.6726457399103186,0.009801359121798248,0.014571353894406624
2022-07-12,1,15.414,15.226,15.226,stop,-1.0,-0.012196704294796912,0.012196704294796863
2022-07-13,-1,14.483,14.734,14.734,stop,-1.0,-0.017330663536559987,0.017330663536560067
2022-07-14,-1,14.872,15.193,15.193,stop,-1.0,-0.02158418504572346,0.02158418504572349
2022-07-15,1,15.7182,15.578,15.578,stop,-1.0,-0.008919596391444351,0.00891959639144432
2022-07-18,1,16.509,16.223,16.223,stop,-1.0,-0.017323883942092277,0.017323883942092274
2022-07-19,-1,16.353,16.56,16.56,stop,-1.0,-0.012658227848101111,0.012658227848101092
2022-07-20,1,17.055,16.801,17.804,close,2.948818897637775,0.043916739958956175,0.014892993257109431
2022-07-21,-1,17.689,17.975,17.975,stop,-1.0,-0.01616824014924534,0.01616824014924537
2022-07-22,-1,17.785,17.967,17.319,close,2.560439560439586,0.026201855496204685,0.010233342704526208
2022-07-25,-1,16.901,17.124,17.03,close,-0.5784753363228786,-0.007632684456541083,0.01319448553340033
2022-07-26,-1,16.692,16.912,16.912,stop,-1.0,-0.013179966450994396,0.01317996645099442
2022-07-27,1,17.094,16.913,17.79,close,3.845303867403284,0.040716040716040514,0.010588510588510642
2022-07-28,1,18.089,17.889,17.889,stop,-1.0,-0.01105644314224108,0.011056443142241103
2022-07-29,1,17.917,17.692,18.1596,close,1.078222222222213,0.013540213205335716,0.012557905899425206
2022-08-01,1,18.214,17.99,18.442,close,1.0178571428571488,0.012517843417151786,0.01229823212913145
2022-08-02,1,18.354,18.092,18.526,close,0.6564885496183217,0.009371254222512837,0.014274817478478832
2022-08-03,1,18.399,18.137,18.892,close,1.8816793893129684,0.026794934507310186,0.01423990434262734
2022-08-05,1,18.958,18.77,18.77,stop,-1.0,-0.00991665787530327,0.009916657875303242
2022-08-08,1,17.93,17.359,17.359,stop,-1.0,-0.03184606804238699,0.031846068042386946
2022-08-09,1,17.37,17.176,17.176,stop,-1.0,-0.011168681635003064,0.011168681635003029
2022-08-10,-1,17.432,17.711,17.711,stop,-1.0,-0.0160050481872418,0.01600504818724185
2022-08-11,1,18.2,18.01,18.01,stop,-1.0,-0.010439560439560291,0.010439560439560316
2022-08-12,-1,18.001,18.1705,18.1705,stop,-1.0,-0.00941614354758058,0.009416143547580651
2022-08-15,1,18.999,18.633,18.633,stop,-1.0,-0.019264171798515695,0.019264171798515695
2022-08-16,-1,18.842,19.01,19.01,stop,-1.0,-0.008916250928776348,0.008916250928776289
2022-08-17,1,18.605,18.481,18.481,stop,-1.0,-0.006664875033593032,0.006664875033593054
2022-08-18,1,18.328,18.183,18.773,close,3.06896551724139,0.024279790484504682,0.007911392405063267
2022-08-19,-1,18.331,18.52,17.848,close,2.5555555555555576,0.02634880803011297,0.010310403142218105
2022-08-22,-1,17.371,17.538,17.538,stop,-1.0,-0.009613724022796699,0.009613724022796708
2022-08-23,1,17.199,16.97,17.182,close,-0.07423580786027427,-0.0009884295598583392,0.013314727600442045
2022-08-24,-1,17.0,17.121,17.121,stop,-1.0,-0.007117647058823451,0.007117647058823451
2022-08-25,1,17.157,16.833,17.915,close,2.3395061728394917,0.044180217986827586,0.018884420353208697
2022-08-26,-1,17.777,17.913,17.913,stop,-1.0,-0.007650334702143269,0.007650334702143175
2022-08-29,1,16.26,16.001,16.001,stop,-1.0,-0.015928659286592928,0.015928659286592886
2022-08-30,-1,15.887,16.039,15.471,close,2.736842105263142,0.026184931075722284,0.009567570969975516
2022-08-31,-1,15.276,15.451,15.451,stop,-1.0,-0.011455878502225847,0.01145587850222576
2022-09-01,-1,14.15,14.38,13.936,close,0.9304347826086957,0.015123674911660778,0.016254416961130773
2022-09-02,-1,13.845,14.171,13.648,close,0.6042944785276126,0.014228963524738236,0.023546406644998102
2022-09-06,-1,13.528,13.76,13.76,stop,-1.0,-0.01714961561206385,0.017149615612063816
2022-09-07,1,13.6388,13.534,13.534,stop,-1.0,-0.007683960465730055,0.007683960465730058
2022-09-08,-1,13.401,13.536,13.536,stop,-1.0,-0.010073875083948858,0.010073875083948943
2022-09-09,1,14.279,14.126,14.388,close,0.7124183006535925,0.007633587786259444,0.0107150360669515
2022-09-12,-1,14.335,14.486,14.486,stop,-1.0,-0.01053365887687474,0.010533658876874767
2022-09-13,-1,13.769,13.922,13.131,close,4.169934640522863,0.04633597211126439,0.011111918076839311
2022-09-14,-1,13.045,13.29,13.129,close,-0.3428571428571424,-0.006439248754311899,0.0187811422000766
2022-09-16,1,12.791,12.617,13.199,close,2.3448275862069003,0.031897427878977425,0.013603314830740324
2022-09-19,1,13.325,13.01,13.382,close,0.18095238095238245,0.0042776735459661985,0.02363977485928702
2022-09-20,-1,13.192,13.32,13.32,stop,-1.0,-0.009702850212249814,0.009702850212249857
2022-09-21,-1,13.13,13.266,13.266,stop,-1.0,-0.010357958872810213,0.010357958872810298
2022-09-22,-1,13.054,13.149,12.559,close,5.210526315789546,0.03791941167458257,0.007277462846636959
2022-09-26,1,12.538,12.405,12.405,stop,-1.0,-0.010607752432604922,0.010607752432604952
2022-09-27,1,12.683,12.5049,12.5049,stop,-1.0,-0.014042418986044303,0.014042418986044358
2022-09-28,-1,12.3568,12.539,12.539,stop,-1.0,-0.014744917778065414,0.014744917778065513
2022-09-29,-1,12.419,12.5,12.225,close,2.3950617283950866,0.01562122554150902,0.006522264272485668
2022-09-30,1,12.34,12.075,12.137,close,-0.7660377358490527,-0.016450567260939963,0.021474878444084324
2022-10-03,-1,12.173,12.38,12.38,stop,-1.0,-0.01700484679208092,0.017004846792080894
2022-10-04,1,12.985,12.879,13.171,close,1.754716981132077,0.014324220254139375,0.00816326530612244
2022-10-05,-1,12.859,12.983,12.983,stop,-1.0,-0.009643051559219185,0.009643051559219268
2022-10-06,1,13.458,13.168,13.168,stop,-1.0,-0.021548521325605696,0.021548521325605655
2022-10-07,1,12.638,12.452,12.452,stop,-1.0,-0.014717518594714374,0.01471751859471435
2022-10-10,-1,11.91,12.1243,11.665,close,1.14325711619226,0.020570948782535736,0.017993282955499557
2022-10-11,-1,11.547,11.692,11.692,stop,-1.0,-0.012557374209751337,0.012557374209751414
2022-10-12,1,11.649,11.472,11.472,stop,-1.0,-0.015194437290754537,0.015194437290754538
2022-10-13,1,11.041,10.813,11.958,close,4.021929824561407,0.08305407118920383,0.02065030341454576
2022-10-14,-1,11.78,12.111,11.231,close,1.6586102719033153,0.046604414261460114,0.028098471986417767
2022-10-17,1,11.744,11.517,11.887,close,0.629955947136566,0.012176430517711223,0.01932901907356951
2022-10-18,-1,12.262,12.492,11.968,close,1.2782608695652171,0.0239765128037841,0.018757135866905923
2022-10-19,1,12.015,11.865,11.865,stop,-1.0,-0.012484394506866447,0.012484394506866446
2022-10-20,1,12.3233,12.105,12.183,close,-0.6426935409986273,-0.011384937476162982,0.01771441091266132
2022-10-21,-1,12.007,12.19,12.19,stop,-1.0,-0.01524110935287748,0.015241109352877475
2022-10-24,-1,12.262,12.55,12.55,stop,-1.0,-0.023487196215951744,0.02348719621595174
2022-10-25,1,12.868,12.664,13.261,close,1.9264705882352828,0.03054087659309901,0.01585327945290648
2022-10-27,-1,13.615,13.838,13.169,close,2.000000000000008,0.03275798751377157,0.016378993756885712
2022-10-28,1,13.4,13.061,13.834,close,1.2802359882005863,0.0323880597014925,0.0252985074626866
2022-10-31,-1,13.613,13.838,13.5,close,0.502222222222221,0.008300888856240363,0.016528318519062637
2022-11-01,1,13.916,13.7425,13.7425,stop,-1.0,-0.012467663121586758,0.01246766312158671
2022-11-02,-1,13.682,13.9045,13.9045,stop,-1.0,-0.01626224236222784,0.016262242362227754
2022-11-03,-1,13.031,13.224,13.224,stop,-1.0,-0.014810835699485825,0.014810835699485811
2022-11-04,-1,13.8209,14.063,14.063,stop,-1.0,-0.01751694896859113,0.017516948968591094
2022-11-07,-1,14.034,14.299,14.299,stop,-1.0,-0.01888271341028913,0.01888271341028921
2022-11-08,-1,14.6895,14.891,14.602,close,0.4342431761786632,0.005956635692161094,0.01371728105109087
2022-11-09,-1,13.947,14.211,13.783,close,0.6212121212121174,0.01175880117588013,0.018928801892880272
2022-11-10,-1,14.707,14.936,14.936,stop,-1.0,-0.015570816617936911,0.015570816617936982
2022-11-11,-1,15.502,15.84,15.84,stop,-1.0,-0.021803638240226908,0.021803638240227016
2022-11-14,-1,16.096,16.439,16.439,stop,-1.0,-0.02130964214711728,0.021309642147117294
2022-11-15,-1,16.681,16.88,16.88,stop,-1.0,-0.011929740423235913,0.0119297404232359
2022-11-16,1,16.285,16.037,16.037,stop,-1.0,-0.015228738102548434,0.015228738102548425
2022-11-17,1,15.889,15.585,15.585,stop,-1.0,-0.019132733337528962,0.019132733337529014
2022-11-18,-1,15.701,16.002,15.409,close,0.970099667774091,0.01859754155786253,0.019170753455193833
2022-11-21,1,15.229,15.08,15.317,close,0.5906040268456475,0.005778449011754061,0.009783964803992327
2022-11-22,-1,15.282,15.475,15.475,stop,-1.0,-0.012629237010862493,0.012629237010862427
2022-11-23,1,16.23,16.048,16.526,close,1.6263736263736037,0.018237831176832975,0.01121380160197179
2022-11-28,1,16.277,16.005,16.005,stop,-1.0,-0.01671069607421527,0.016710696074215273
2022-11-29,-1,15.694,15.833,15.833,stop,-1.0,-0.008856887982668482,0.008856887982668494
2022-11-30,1,15.962,15.65,15.65,stop,-1.0,-0.019546422754040838,0.01954642275404081
2022-12-01,1,17.034,16.882,16.882,stop,-1.0,-0.008923329810966107,0.008923329810966154
2022-12-02,-1,16.613,16.808,16.808,stop,-1.0,-0.011737795702160936,0.011737795702160976
2022-12-05,1,16.826,16.639,16.639,stop,-1.0,-0.011113752525852894,0.011113752525852916
2022-12-06,-1,16.461,16.573,15.987,close,4.232142857142772,0.028795334426826913,0.006803960877225071
2022-12-07,1,15.968,15.667,16.117,close,0.4950166112956838,0.009331162324649256,0.01885020040080161
2022-12-08,-1,16.148,16.328,16.328,stop,-1.0,-0.011146891255882974,0.011146891255883064
2022-12-09,1,17.223,17.045,17.045,stop,-1.0,-0.010335017128258572,0.010335017128258565
2022-12-12,-1,16.951,17.129,17.129,stop,-1.0,-0.010500855406760712,0.010500855406760712
2022-12-13,-1,18.42,18.738,18.738,stop,-1.0,-0.017263843648208432,0.01726384364820835
2022-12-14,1,18.169,17.97,17.97,stop,-1.0,-0.010952721668776588,0.010952721668776576
2022-12-15,-1,17.052,17.32,16.96,close,0.3432835820895467,0.005395261552896935,0.01571663148017832
2022-12-16,-1,16.802,16.995,16.995,stop,-1.0,-0.011486727770503524,0.011486727770503595
2022-12-19,-1,16.3261,16.609,16.258,close,0.2407211028632054,0.00417123501632366,0.017328082028163584
2022-12-20,1,16.112,15.9671,15.9671,stop,-1.0,-0.008993296921549043,0.008993296921549035
2022-12-21,1,16.236,16.102,16.502,close,1.9850746268656534,0.016383345651638237,0.008253264350825348
2022-12-22,-1,15.936,16.138,15.34,close,2.9504950495049256,0.03739959839357432,0.012675702811245089
2022-12-23,-1,15.0455,15.292,15.292,stop,-1.0,-0.01638363630321349,0.016383636303213538
2022-12-27,-1,14.833,15.1,14.119,close,2.6741573033707935,0.04813591316658805,0.018000404503471953
2022-12-28,1,14.254,13.884,14.036,close,-0.5891891891891904,-0.015293952574715886,0.025957625929563577
2022-12-29,-1,14.235,14.423,14.423,stop,-1.0,-0.013206884439761257,0.013206884439761195
2022-12-30,1,14.425,14.233,14.6145,close,0.98697916666666,0.01313691507798942,0.013310225303292905
2023-01-03,1,14.915,14.691,14.691,stop,-1.0,-0.015018437814280805,0.01501843781428082
2023-01-04,1,14.6,14.483,14.483,stop,-1.0,-0.0080136986301369,0.008013698630136925
2023-01-05,-1,14.332,14.564,14.266,close,0.2844827586206936,0.004605079542283064,0.016187552330449297
2023-01-06,-1,14.354,14.489,14.489,stop,-1.0,-0.009405043890204912,0.00940504389020493
2023-01-09,-1,15.162,15.415,15.415,stop,-1.0,-0.01668645297454141,0.016686452974541507
2023-01-10,1,15.9,15.472,15.913,close,0.030373831775700643,0.0008176100628931593,0.026918238993710743
2023-01-11,1,15.867,15.563,16.002,close,0.44407894736841413,0.008508224617129745,0.019159261360055475
2023-01-12,-1,15.958,16.226,16.226,stop,-1.0,-0.016794084471738246,0.016794084471738243
2023-01-13,1,16.3933,16.165,16.898,close,2.210687691633806,0.03078696784662016,0.013926421159864142
2023-01-17,1,17.328,16.899,17.701,close,0.8694638694638751,0.021525854108956688,0.02475761772853177
2023-01-18,1,17.789,17.493,17.493,stop,-1.0,-0.016639496317949476,0.01663949631794946
2023-01-19,1,17.15,17.0,17.0,stop,-1.0,-0.008746355685131157,0.008746355685131112
2023-01-20,-1,16.858,17.055,17.055,stop,-1.0,-0.011685846482382134,0.011685846482382202
2023-01-23,-1,17.855,18.109,18.109,stop,-1.0,-0.014225707084850159,0.014225707084850256
2023-01-24,1,19.04,18.82,19.264,close,1.0181818181818243,0.0117647058823529,0.011554621848739437
2023-01-25,1,19.02,18.843,18.843,stop,-1.0,-0.009305993690851722,0.009305993690851715
2023-01-26,1,20.077,19.701,19.701,stop,-1.0,-0.01872789759426219,0.01872789759426215
2023-01-27,1,19.733,19.405,20.361,close,1.9146341463414673,0.031824861906451174,0.01662190239699992
2023-01-30,-1,19.878,20.111,20.111,stop,-1.0,-0.011721501157058167,0.01172150115705808
2023-01-31,-1,19.105,19.447,19.447,stop,-1.0,-0.01790107301753463,0.017901073017534613
2023-02-01,1,19.878,19.611,20.949,close,4.011235955056193,0.05387865982493212,0.013431934802293967
2023-02-02,1,21.241,20.96,21.724,close,1.718861209964422,0.022739042417965205,0.01322913233840209
2023-02-03,1,21.157,20.789,21.102,close,-0.14945652173913024,-0.002599612421420816,0.0173937703833246
2023-02-06,1,21.165,20.786,21.084,close,-0.21372031662269128,-0.0038270729978737705,0.01790692180486642
2023-02-07,-1,21.191,21.4,21.4,stop,-1.0,-0.009862677551790933,0.009862677551790837
2023-02-08,1,22.724,22.374,22.374,stop,-1.0,-0.015402217919380456,0.015402217919380453
2023-02-09,1,22.847,22.605,22.605,stop,-1.0,-0.010592200288878195,0.010592200288878228
2023-02-10,1,22.036,21.65,21.65,stop,-1.0,-0.017516790706117336,0.017516790706117388
2023-02-13,-1,21.104,21.585,21.585,stop,-1.0,-0.02279188779378316,0.022791887793783248
2023-02-14,1,21.721,21.366,22.96,close,3.4901408450704205,0.057041572671608254,0.016343630587910336
2023-02-15,1,22.743,22.502,22.502,stop,-1.0,-0.010596667106362423,0.010596667106362383
2023-02-16,-1,22.087,22.3677,22.3677,stop,-1.0,-0.012708833250328233,0.012708833250328224
2023-02-17,1,21.674,21.427,21.427,stop,-1.0,-0.01139614284396051,0.0113961428439605
2023-02-21,1,21.273,20.945,20.945,stop,-1.0,-0.015418605744370817,0.01541860574437077
2023-02-22,1,20.861,20.579,20.579,stop,-1.0,-0.013518048032213237,0.013518048032213221
2023-02-23,-1,23.11,23.514,23.514,stop,-1.0,-0.01748160969277368,0.017481609692773688
2023-02-24,1,23.409,23.175,23.175,stop,-1.0,-0.009996155324874967,0.009996155324874972
2023-02-27,-1,23.6375,23.84,23.84,stop,-1.0,-0.008566895822316178,0.00856689582231626
2023-02-28,1,23.577,23.357,23.357,stop,-1.0,-0.009331127794036664,0.009331127794036663
2023-03-01,-1,23.092,23.2556,22.699,close,2.402200488997502,0.017018880997748065,0.007084704659622485
2023-03-02,1,22.6,22.432,23.315,close,4.2559523809523085,0.03163716814159301,0.007433628318584195
2023-03-03,-1,23.23,23.493,23.493,stop,-1.0,-0.01132156693930253,0.011321566939302545
2023-03-06,-1,23.805,24.009,24.009,stop,-1.0,-0.00856962822936369,0.008569628229363606
2023-03-07,1,23.779,23.5251,23.5251,stop,-1.0,-0.0106774885403087,0.010677488540308741
2023-03-08,1,23.67,23.4235,24.185,close,2.0892494929005876,0.021757498943810516,0.010414026193493919
2023-03-09,-1,24.16,24.32,24.32,stop,-1.0,-0.0066225165562914245,0.006622516556291397
2023-03-10,-1,23.216,23.48,23.48,stop,-1.0,-0.011371467953135816,0.01137146795313574
2023-03-13,-1,22.71,22.961,22.961,stop,-1.0,-0.011052399823866077,0.011052399823866035
2023-03-14,1,23.6155,23.46,24.062,close,2.871382636655951,0.018907073743939407,0.006584658381147974
2023-03-15,1,23.888,23.706,23.706,stop,-1.0,-0.007618888144675262,0.00761888814467524
2023-03-16,-1,23.931,24.1435,24.1435,stop,-1.0,-0.00887969579206871,0.008879695792068805
2023-03-17,1,26.21,25.862,25.862,stop,-1.0,-0.013277375047691775,0.013277375047691817
2023-03-20,-1,25.357,25.636,25.636,stop,-1.0,-0.0110028788894585,0.011002878889458528
2023-03-21,1,26.225,26.034,26.034,stop,-1.0,-0.007283126787416716,0.007283126787416682
2023-03-22,1,26.49,26.237,26.46,close,-0.11857707509880462,-0.0011325028312569874,0.009550773876934697
2023-03-23,1,27.33,27.11,27.11,stop,-1.0,-0.008049762166117747,0.008049762166117778
2023-03-24,-1,26.937,27.167,26.78,close,0.6826086956521727,0.0058284144485279965,0.008538441548799064
2023-03-27,1,26.84,26.619,26.619,stop,-1.0,-0.008233979135618519,0.008233979135618482
2023-03-28,-1,26.217,26.513,26.414,close,-0.6655405405405431,-0.007514208338101236,0.011290384101918715
2023-03-29,1,27.04,26.802,26.802,stop,-1.0,-0.008801775147929014,0.008801775147928978
2023-03-30,1,27.294,27.112,27.112,stop,-1.0,-0.006668132190224996,0.0066681321902250365
2023-03-31,1,27.336,27.105,27.777,close,1.9090909090909356,0.01613257243195787,0.008450395083406427
2023-04-03,1,27.784,27.445,27.445,stop,-1.0,-0.012201266916210707,0.01220126691621072
2023-04-04,-1,27.771,28.0,27.472,close,1.3056768558951988,0.010766627057001932,0.008246012026934544
2023-04-05,-1,26.77,26.998,26.881,close,-0.48684210526315747,-0.0041464325737765595,0.0085169966380277
2023-04-06,1,26.639,26.427,27.034,close,1.8632075471698115,0.014827883929577013,0.007958256691317233
2023-04-10,-1,26.712,26.92,26.92,stop,-1.0,-0.0077867625037437715,0.007786762503743709
2023-04-11,-1,27.523,27.79,27.169,close,1.3258426966292132,0.012861969988736677,0.00970097736438613
2023-04-12,-1,27.269,27.468,26.501,close,3.8592964824120144,0.028163849059371304,0.007297664014081984
2023-04-13,-1,26.607,26.81,26.81,stop,-1.0,-0.007629571165482796,0.0076295711654827455
2023-04-17,1,26.607,26.4332,27.002,close,2.2727272727272707,0.014845717292441885,0.0065321156086744075
2023-04-18,1,27.794,27.517,27.517,stop,-1.0,-0.009966179751025428,0.009966179751025438
2023-04-19,1,27.582,27.232,27.932,close,0.9999999999999899,0.012689435138858673,0.012689435138858727
2023-04-20,1,27.76,27.63,27.63,stop,-1.0,-0.004682997118155674,0.004682997118155711
2023-04-21,-1,26.86,27.039,27.039,stop,-1.0,-0.006664184661206329,0.006664184661206331
2023-04-24,1,27.273,27.013,27.013,stop,-1.0,-0.009533238000953292,0.00953323800095325
2023-04-25,-1,27.05,27.247,26.242,close,4.101522842639611,0.029870609981515694,0.0072828096118299135
2023-04-26,-1,26.872,27.108,27.108,stop,-1.0,-0.008782375707055756,0.008782375707055695
2023-04-27,-1,27.22,27.495,27.222,close,-0.007272727272736104,-7.34753857458692e-05,0.010102865540044165
2023-04-28,-1,27.1381,27.3528,27.3528,stop,-1.0,-0.007911386574594337,0.007911386574594278
2023-05-01,1,27.993,27.78,28.905,close,4.281690140845135,0.0325795734647949,0.007609045118422371
2023-05-03,-1,27.751,27.995,27.995,stop,-1.0,-0.008792475946812761,0.00879247594681272
2023-05-04,1,27.73,27.481,27.481,stop,-1.0,-0.008979444644788948,0.008979444644788993
2023-05-05,1,27.93,27.731,28.678,close,3.7587939698492883,0.026781238811314,0.007124955245255928
2023-05-09,-1,28.739,28.973,28.57,close,0.7222222222222298,0.005880510804133765,0.008142245728800523
2023-05-10,-1,28.932,29.113,28.886,close,0.254143646408835,0.0015899350200470064,0.006256048665837168
2023-05-11,-1,28.758,28.95,28.581,close,0.9218749999999971,0.006154809096599156,0.006676403087836434
2023-05-12,-1,28.488,28.78,28.339,close,0.5102739726027401,0.005230272395394531,0.01024992979500146
2023-05-15,-1,28.366,28.516,28.516,stop,-1.0,-0.005288020870055643,0.005288020870055651
2023-05-16,1,29.085,28.832,29.211,close,0.49802371541501034,0.0043321299638987565,0.008698641911638305
2023-05-18,1,30.595,30.32,31.6789,close,3.9414545454545653,0.03542735741134173,0.008988396796862187
2023-05-19,-1,31.338,31.58,31.2635,close,0.3078512396694268,0.0023773055076903304,0.00772225413236318
2023-05-22,-1,30.817,31.05,31.05,stop,-1.0,-0.007560761917123626,0.007560761917123683
2023-05-23,1,31.25,30.9903,30.9903,stop,-1.0,-0.00831039999999994,0.00831039999999996
2023-05-24,1,30.2457,30.025,30.025,stop,-1.0,-0.0072969050145971215,0.007296905014597142
2023-05-25,-1,37.327,38.599,38.599,stop,-1.0,-0.03407720952661619,0.03407720952661608
2023-05-26,1,37.99,37.55,38.924,close,2.1227272727272437,0.024585417215056582,0.011581995261911155
2023-05-30,1,40.7,40.267,40.267,stop,-1.0,-0.0106388206388206,0.010638820638820634
2023-05-31,1,39.854,39.41,39.41,stop,-1.0,-0.01114066342148845,0.011140663421488499
2023-06-01,1,38.816,38.34,39.774,close,2.012605042016807,0.02468054410552356,0.012262984336356118
2023-06-02,-1,40.03,40.5,39.324,close,1.5021276595744784,0.01763677242068451,0.011741194104421655
2023-06-05,1,39.227,38.86,38.86,stop,-1.0,-0.009355800851454266,0.009355800851454288
2023-06-06,-1,38.666,39.0,39.0,stop,-1.0,-0.00863807996689614,0.008638079966896065
2023-06-07,1,39.454,38.877,38.877,stop,-1.0,-0.014624626146905184,0.01462462614690521
2023-06-09,1,39.314,38.92,38.92,stop,-1.0,-0.010021875158976457,0.010021875158976404
2023-06-12,-1,38.975,39.325,39.325,stop,-1.0,-0.008980115458627314,0.008980115458627362
2023-06-14,1,40.997,40.552,42.998,close,4.496629213483138,0.04880844939873641,0.010854452764836459
2023-06-15,1,42.74,42.351,42.351,stop,-1.0,-0.009101544220870394,0.009101544220870447
2023-06-16,-1,43.24,43.655,43.655,stop,-1.0,-0.009597594819611421,0.00959759481961145
2023-06-20,1,43.184,42.8549,42.8549,stop,-1.0,-0.00762087810300105,0.0076208781030010385
2023-06-21,-1,43.35,43.615,43.043,close,1.1584905660377416,0.007081891580161481,0.0061130334486736
2023-06-22,1,42.69,42.234,43.031,close,0.7478070175438687,0.007987819161396237,0.010681658468025206
2023-06-23,-1,42.4066,42.775,42.775,stop,-1.0,-0.008687326972688147,0.008687326972688241
2023-06-26,1,42.577,42.282,42.282,stop,-1.0,-0.006928623435188075,0.006928623435188052
2023-06-27,1,41.2354,40.799,40.799,stop,-1.0,-0.010583139729455682,0.010583139729455735
2023-06-28,1,40.995,40.518,41.139,close,0.30188679245284367,0.0035126234906697196,0.011635565312842952
2023-06-29,-1,41.239,41.6,40.845,close,1.0914127423822542,0.009554062901622196,0.008753849511384956
2023-06-30,1,41.71,41.501,42.281,close,2.732057416267891,0.013689762646847292,0.00501078877966922
2023-07-05,1,42.58,42.085,42.3235,close,-0.5181818181818117,-0.006023954908407569,0.01162517613903235
2023-07-06,-1,41.458,41.844,41.844,stop,-1.0,-0.009310627623136725,0.009310627623136737
2023-07-07,1,42.468,42.18,42.504,close,0.1249999999999784,0.0008476970895732183,0.0067815767165866955
2023-07-10,-1,42.43,42.811,42.184,close,0.6456692913385881,0.005797784586377586,0.00897949563987745
2023-07-11,1,42.594,42.3344,42.3344,stop,-1.0,-0.006094755129830487,0.006094755129830468
2023-07-12,1,43.295,42.7773,43.905,close,1.178288584122066,0.014089386765215428,0.011957500866150939
2023-07-13,1,44.798,44.492,45.981,close,3.8660130718953676,0.026407428903076013,0.0068306620831288115
2023-07-14,1,46.966,46.578,46.578,stop,-1.0,-0.00826129540518672,0.00826129540518669
2023-07-17,1,46.483,46.035,46.035,stop,-1.0,-0.009637932147236628,0.009637932147236633
2023-07-18,-1,46.1,46.712,46.712,stop,-1.0,-0.013275488069414365,0.013275488069414356
2023-07-19,-1,47.036,47.5,47.5,stop,-1.0,-0.009864784420443806,0.009864784420443886
2023-07-20,1,46.764,46.252,46.252,stop,-1.0,-0.010948592934736157,0.01094859293473613
2023-07-21,-1,45.48,45.866,44.31,close,3.0310880829015185,0.02572559366754601,0.008487247141600766
2023-07-24,-1,44.644,44.885,44.885,stop,-1.0,-0.0053982618044978725,0.005398261804497797
2023-07-25,1,45.587,44.923,45.662,close,0.11295180722890899,0.0016452058700944239,0.014565555969903733
2023-07-26,-1,45.23,46.053,45.455,close,-0.27339003645200644,-0.004974574397523801,0.018195887685164724
2023-07-27,1,46.744,46.413,46.413,stop,-1.0,-0.007081122710936194,0.007081122710936229
2023-07-28,-1,46.476,46.7465,46.7465,stop,-1.0,-0.005820208279541994,0.0058202082795420955
2023-07-31,1,46.98,46.631,46.631,stop,-1.0,-0.007428693060876901,0.007428693060876898
2023-08-01,1,46.491,46.275,46.275,stop,-1.0,-0.004646060527844109,0.004646060527844122
2023-08-02,-1,45.4031,45.84,44.263,close,2.609521629663539,0.02511062019994237,0.009622690961630403
2023-08-03,1,44.129,43.8,44.514,close,1.1702127659574602,0.008724421582179565,0.007455414806589785
2023-08-04,1,45.494,44.982,44.982,stop,-1.0,-0.011254231327208042,0.011254231327207993
2023-08-07,1,45.441,45.1,45.1,stop,-1.0,-0.007504236262406261,0.00750423626240622
2023-08-08,1,45.185,44.703,44.703,stop,-1.0,-0.010667256833019834,0.010667256833019792
2023-08-09,-1,43.835,44.312,42.545,close,2.704402515723287,0.029428538838827456,0.010881715524124484
2023-08-10,1,42.748,41.835,42.389,close,-0.3932092004381117,-0.008398053710114928,0.02135772433798065
2023-08-11,1,41.949,41.611,41.611,stop,-1.0,-0.008057403037021182,0.008057403037021169
2023-08-14,1,40.82,40.311,43.7615,close,5.778978388998027,0.07206026457618808,0.012469377756001968
2023-08-15,1,45.091,44.316,44.316,stop,-1.0,-0.017187465347852093,0.01718746534785209
2023-08-16,-1,44.292,44.675,43.48,close,2.1201044386423344,0.01833288178452097,0.008647159757969735
2023-08-17,-1,43.513,44.062,43.343,close,0.3096539162112837,0.003906878404154934,0.012616919081653747
2023-08-18,-1,42.348,42.865,42.865,stop,-1.0,-0.01220836875413256,0.012208368754132498
2023-08-21,1,44.826,44.222,46.967,close,3.5447019867549687,0.04776245928702094,0.01347432293758085
2023-08-22,-1,47.74,48.187,45.672,close,4.626398210290884,0.043317972350230494,0.009363217427733465
2023-08-23,-1,45.561,46.312,46.312,stop,-1.0,-0.016483395886832897,0.016483395886832987
2023-08-24,-1,49.0,50.266,47.162,close,1.451816745655611,0.037510204081632637,0.025836734693877515
2023-08-25,-1,46.33,47.08,47.08,stop,-1.0,-0.016188214979494964,0.01618821497949493
2023-08-28,-1,45.78,46.4985,46.4985,stop,-1.0,-0.015694626474442863,0.01569462647444296
2023-08-29,-1,46.417,46.888,46.888,stop,-1.0,-0.010147144365211025,0.010147144365210947
2023-08-30,-1,48.8559,49.5,49.5,stop,-1.0,-0.013183668707361873,0.013183668707361889
2023-08-31,1,49.617,49.188,49.188,stop,-1.0,-0.008646230122740128,0.008646230122740088
2023-09-01,-1,49.523,49.8,48.507,close,3.6678700361011827,0.020515719968499546,0.005593360660702985
2023-09-05,1,48.4398,47.86,48.549,close,0.18834080717489052,0.002254344567896638,0.011969496158117886
2023-09-06,-1,48.211,48.549,47.063,close,3.3964497041419905,0.023811993113604712,0.0070108481466885355
2023-09-07,1,45.659,45.152,46.224,close,1.11439842209073,0.012374340217700786,0.011104053965264196
2023-09-08,1,46.303,45.83,45.83,stop,-1.0,-0.010215320821544971,0.01021532082154502
2023-09-11,-1,45.78,46.163,45.1775,close,1.573107049608371,0.013160768894713848,0.008366098733071113
2023-09-12,1,44.987,44.531,44.87,close,-0.25657894736842907,-0.0026007513281616212,0.010136261586680665
2023-09-13,1,44.94,44.503,45.5,close,1.2814645308924608,0.012461059190031154,0.0097240765465064
2023-09-14,-1,45.625,45.987,45.592,close,0.09116022099447812,0.000723287671232864,0.007934246575342507
2023-09-15,-1,45.3,45.599,43.897,close,4.692307692307696,0.030971302428256076,0.006600441501103742
2023-09-18,1,42.979,42.0,43.965,close,1.0071501532175742,0.02294143651550762,0.022778566276553648
2023-09-19,-1,43.581,43.966,43.509,close,0.18701298701299507,0.0016520960969230725,0.008834124962713063
2023-09-20,1,43.638,43.2833,43.2833,stop,-1.0,-0.008128236857784521,0.008128236857784526
2023-09-21,-1,41.401,42.1,41.006,close,0.5650929899856999,0.009540832347044836,0.01688365015337789
2023-09-22,-1,41.444,41.758,41.758,stop,-1.0,-0.007576488755911548,0.007576488755911592
2023-09-25,1,41.61,41.177,42.229,close,1.4295612009237875,0.014876231675078122,0.010406152367219415
2023-09-26,-1,41.7602,42.168,42.168,stop,-1.0,-0.009765278901920915,0.009765278901921009
2023-09-27,1,42.605,42.301,42.301,stop,-1.0,-0.007135312756718526,0.007135312756718577
2023-09-28,-1,42.18,42.633,42.633,stop,-1.0,-0.010739687055476566,0.010739687055476599
2023-09-29,1,43.99,43.648,43.648,stop,-1.0,-0.007774494203227955,0.007774494203227978
2023-10-02,1,44.423,43.861,44.796,close,0.6637010676156484,0.008396551336019575,0.012651104157756223
2023-10-03,1,45.003,44.683,44.683,stop,-1.0,-0.007110637068639902,0.0071106370686398745
2023-10-04,1,43.871,43.556,43.556,stop,-1.0,-0.007180141779307592,0.007180141779307625
2023-10-05,1,44.412,44.027,44.027,stop,-1.0,-0.008668828244618565,0.008668828244618527
2023-10-06,-1,44.17,44.512,44.512,stop,-1.0,-0.00774281186325565,0.007742811863255575
2023-10-09,-1,44.734,45.05,45.05,stop,-1.0,-0.007063978182143327,0.007063978182143233
2023-10-10,-1,45.261,45.464,45.464,stop,-1.0,-0.0044850975453480935,0.004485097545348
2023-10-11,1,46.386,46.11,46.11,stop,-1.0,-0.005950071142155067,0.005950071142155033
2023-10-12,1,46.9259,46.66,46.66,stop,-1.0,-0.005666380399736659,0.0056663803997366495
2023-10-13,-1,46.761,47.116,45.458,close,3.6704225352113125,0.027865101259596736,0.007591796582622204
2023-10-16,1,45.483,44.912,46.088,close,1.0595446584938812,0.013301673152606552,0.012554141107666556
2023-10-17,-1,43.415,44.179,44.179,stop,-1.0,-0.01759760451456871,0.017597604514568765
2023-10-18,1,43.137,42.508,42.508,stop,-1.0,-0.014581449799476065,0.014581449799476036
2023-10-19,-1,42.361,42.868,42.868,stop,-1.0,-0.011968555983097762,0.011968555983097779
2023-10-23,-1,41.0545,41.426,41.426,stop,-1.0,-0.009048947131252483,0.009048947131252472
2023-10-24,1,43.214,42.691,43.663,close,0.8585086042065037,0.010390151339843445,0.012102559355764247
2023-10-25,-1,43.18,43.65,41.761,close,3.0191489361702137,0.03286243631310781,0.01088466882816116
2023-10-26,-1,41.601,42.2556,40.2745,close,2.0264283531927765,0.03188625273430912,0.01573519867310887
2023-10-27,-1,40.7475,41.206,40.505,close,0.5288985823336954,0.005951285354929725,0.01125222406282596
2023-10-30,1,41.322,40.8906,40.8906,stop,-1.0,-0.01043995934369113,0.010439959343691097
2023-10-31,-1,39.92,40.52,40.52,stop,-1.0,-0.01503006012024044,0.015030060120240515
2023-11-01,1,41.285,40.869,42.31,close,2.4639423076923403,0.024827419159501263,0.010076298897904732
2023-11-03,1,44.212,43.723,45.004,close,1.6196319018404652,0.017913688591332466,0.011060345607527465
2023-11-06,1,45.668,45.268,45.268,stop,-1.0,-0.008758868354208582,0.008758868354208605
2023-11-07,-1,45.601,45.973,45.973,stop,-1.0,-0.008157715839564927,0.008157715839564919
2023-11-08,1,46.317,45.968,46.583,close,0.7621776504298017,0.0057430317162163735,0.007535030334434368
2023-11-09,-1,47.405,47.82,47.82,stop,-1.0,-0.00875435080687681,0.008754350806876893
2023-11-10,1,47.6939,47.283,48.34,close,1.5724020442930329,0.01354680577600087,0.008615357519515034
2023-11-13,1,48.647,48.099,48.618,close,-0.052919708029190264,-0.0005961313133389101,0.01126482619688782
2023-11-14,1,49.71,49.271,49.271,stop,-1.0,-0.008831221082277185,0.00883122108227721
2023-11-15,-1,49.551,49.96,48.909,close,1.5696821515892536,0.012956348005085716,0.008254122015700973
2023-11-16,-1,48.516,48.887,48.887,stop,-1.0,-0.0076469618270262885,0.007646961827026182
2023-11-17,-1,49.194,49.666,49.666,stop,-1.0,-0.009594666016180753,0.009594666016180716
2023-11-20,1,49.483,49.181,50.409,close,3.0662251655629245,0.018713497564820214,0.006103106117252382
2023-11-21,1,50.275,49.877,49.877,stop,-1.0,-0.007916459472898985,0.00791645947289898
2023-11-22,1,50.065,49.535,49.535,stop,-1.0,-0.01058623789074209,0.010586237890742058
2023-11-27,1,48.088,47.652,48.233,close,0.33256880733944044,0.003015305273664781,0.009066711029778738
2023-11-28,-1,48.092,48.3229,47.827,close,1.1476829796448786,0.0055102719787074594,0.004801214339183198
2023-11-29,1,48.4599,48.123,48.123,stop,-1.0,-0.0069521398104411825,0.00695213981044121
2023-11-30,-1,47.892,48.11,46.781,close,5.096330275229461,0.02319802889835476,0.004551908460703174
2023-12-01,-1,46.332,46.82,46.82,stop,-1.0,-0.01053267719934392,0.010532677199343856
2023-12-04,-1,45.595,46.077,45.512,close,0.17219917012447827,0.001820375041122868,0.010571334576159651
2023-12-06,-1,47.111,47.387,45.501,close,5.83333333333326,0.034174608902379444,0.005858504383265127
2023-12-07,1,46.219,45.604,46.598,close,0.6162601626016204,0.008200090871719468,0.013306216058331032
2023-12-08,1,46.94,46.55,47.508,close,1.456410256410267,0.012100553898594102,0.008308478909245859
2023-12-11,-1,46.75,47.531,46.638,close,0.14340588988476574,0.002395721925133709,0.01670588235294115
2023-12-12,1,46.553,46.046,47.6584,close,2.180276134122303,0.023744978841320652,0.010890812622172534
2023-12-13,1,48.035,47.608,48.09,close,0.1288056206089154,0.0011449984386386891,0.008889351514520654
2023-12-14,-1,48.251,48.67,48.35,close,-0.23627684964201146,-0.0020517709477525514,0.008683757849578332
2023-12-15,1,48.786,48.12,48.944,close,0.23723723723723772,0.003238634034354204,0.013651457385315539
2023-12-18,1,49.608,49.15,50.081,close,1.0327510917030736,0.009534752459280815,0.009232381873891277
2023-12-19,-1,49.05,49.7,49.6129,close,-0.8660000000000019,-0.01147604485219178,0.013251783893985845
2023-12-20,1,49.969,49.463,49.463,stop,-1.0,-0.010126278292541424,0.01012627829254138
2023-12-21,-1,48.77,49.095,48.997,close,-0.6984615384615377,-0.004654500717654164,0.006663932745540203
2023-12-22,-1,49.0805,49.383,48.827,close,0.8380165289256226,0.005164984056804656,0.006163343894214647
2023-12-26,1,49.2734,48.96,49.281,close,0.024250159540512007,0.00015424143655606848,0.006360429765350097
2023-12-27,-1,49.363,49.68,49.421,close,-0.18296529968454195,-0.0011749691064157908,0.006421813909203253
2023-12-28,-1,49.43,49.772,49.772,stop,-1.0,-0.006918875177017947,0.00691887517701798
2023-12-29,-1,49.78,49.997,49.526,close,1.1705069124423928,0.005102450783447177,0.004359180393732397
2024-01-02,-1,48.2729,49.295,48.185,close,0.08599941297328784,0.0018208974393499888,0.021173370566094057
2024-01-03,1,47.7662,47.32,47.569,close,-0.4419542805916546,-0.004128442287642642,0.009341333411491756
2024-01-04,1,47.9697,47.75,47.75,stop,-1.0,-0.004579974442200041,0.004579974442200037
2024-01-05,1,48.7276,48.306,49.09,close,0.8595825426944891,0.007437263481066214,0.008652180694308873
2024-01-08,1,50.0,49.479,52.255,close,4.328214971209212,0.04510000000000014,0.010420000000000016
2024-01-09,-1,52.088,52.525,52.525,stop,-1.0,-0.00838964828751343,0.008389648287513393
2024-01-10,1,54.186,53.489,54.3495,close,0.234576757532279,0.003017384564278469,0.012863101170043974
2024-01-11,-1,54.755,55.346,54.83,close,-0.12690355329948647,-0.0013697379234771656,0.010793534837001077
2024-01-12,1,54.888,54.355,54.355,stop,-1.0,-0.009710683573823098,0.00971068357382308
2024-01-16,1,55.598,54.9,56.402,close,1.1518624641833834,0.014460951832799829,0.012554408431957991
2024-01-17,-1,55.454,56.4707,56.051,close,-0.5871938624963128,-0.010765679662422922,0.018334114761784544
2024-01-18,1,57.34,56.888,56.888,stop,-1.0,-0.007882804325078596,0.00788280432507857
2024-01-19,1,58.0,57.225,59.5,close,1.9354838709677455,0.02586206896551735,0.013362068965517216
2024-01-22,1,60.29,59.707,59.707,stop,-1.0,-0.00966992867805605,0.009669928678056036
2024-01-23,-1,58.72,59.57,59.57,stop,-1.0,-0.014475476839237,0.014475476839237082
2024-01-24,1,60.436,59.938,61.357,close,1.8493975903614537,0.015239261367396839,0.008240121781719465
2024-01-25,1,62.55,61.938,61.938,stop,-1.0,-0.009784172661870372,0.00978417266187042
2024-01-26,-1,60.722,61.34,61.34,stop,-1.0,-0.010177530384374744,0.010177530384374725
2024-01-29,1,61.289,60.907,62.473,close,3.099476439790529,0.019318311605671434,0.006232766075478552
2024-01-30,-1,62.625,63.3,63.3,stop,-1.0,-0.010778443113772518,0.01077844311377241
2024-01-31,1,61.997,61.3,61.3,stop,-1.0,-0.011242479474813383,0.011242479474813341
2024-02-01,-1,61.7387,62.175,62.175,stop,-1.0,-0.007066880255010233,0.007066880255010159
2024-02-02,1,64.208,63.69,66.15,close,3.749034749034758,0.0302454522800899,0.00806753052579119
2024-02-05,1,69.199,67.7,67.7,stop,-1.0,-0.021662162748016467,0.021662162748016522
2024-02-06,-1,68.631,69.754,68.219,close,0.3668744434550351,0.006003118124462747,0.016362868091678754
2024-02-07,-1,67.793,68.55,68.55,stop,-1.0,-0.011166344607850265,0.011166344607850232
2024-02-08,1,70.397,69.8,69.8,stop,-1.0,-0.008480475020242406,0.008480475020242458
2024-02-09,-1,70.3,70.67,70.67,stop,-1.0,-0.0052631578947368585,0.005263157894736907
2024-02-12,1,73.1,72.222,72.222,stop,-1.0,-0.012010943912448724,0.012010943912448703
2024-02-13,1,70.8891,69.62,72.19,close,1.0250571270979467,0.018351199267588436,0.017902611261815915
2024-02-14,-1,73.159,73.661,73.661,stop,-1.0,-0.00686176683661599,0.006861766836616073
2024-02-15,-1,73.263,73.975,72.657,close,0.8511235955056433,0.008271569550796554,0.00971841174945046
2024-02-16,1,74.225,73.208,73.208,stop,-1.0,-0.01370158302458735,0.01370158302458735
2024-02-20,-1,71.111,71.956,69.457,close,1.9573964497041572,0.023259411342830383,0.011882831066923526
2024-02-21,1,68.696,67.615,67.615,stop,-1.0,-0.01573599627343658,0.015735996273436637
2024-02-22,1,76.071,74.22,78.465,close,1.2933549432739095,0.0314705998343654,0.024332531450881403
2024-02-23,1,82.1,80.406,80.406,stop,-1.0,-0.020633373934226373,0.02063337393422641
2024-02-26,-1,79.61,80.646,79.0911,close,0.5008687258687273,0.006518025373696834,0.013013440522547435
2024-02-27,-1,78.95,79.44,79.44,stop,-1.0,-0.006206459784673823,0.006206459784673779
2024-02-28,1,77.85,77.25,77.25,stop,-1.0,-0.0077071290944122905,0.007707129094412259
2024-02-29,1,79.688,79.049,79.049,stop,-1.0,-0.008018773215540564,0.008018773215540556
2024-03-01,-1,79.81,80.552,80.552,stop,-1.0,-0.00929708056634504,0.009297080566345125
2024-03-04,1,84.545,83.719,85.251,close,0.8547215496367997,0.00835058253001364,0.00976994499970439
2024-03-05,1,85.6749,84.3993,84.3993,stop,-1.0,-0.014888841422633692,0.014888841422633668
2024-03-06,1,88.122,87.406,87.406,stop,-1.0,-0.008125099294160276,0.0081250992941603
2024-03-07,1,90.314,89.602,92.674,close,3.3146067415731038,0.02613105387869008,0.00788360608543514
2024-03-08,1,95.877,94.62,94.62,stop,-1.0,-0.013110547889483293,0.013110547889483305
2024-03-11,1,87.9,84.166,85.792,close,-0.5645420460632028,-0.0239817974971559,0.04248009101251432
2024-03-12,-1,87.189,88.2,88.2,stop,-1.0,-0.011595499432268008,0.011595499432267946
2024-03-13,-1,89.755,91.207,91.207,stop,-1.0,-0.016177371734165114,0.016177371734165207
2024-03-14,1,90.259,89.288,89.288,stop,-1.0,-0.010757929957123435,0.01075792995712343
2024-03-15,1,87.44,86.257,87.809,close,0.3119188503803906,0.004220036596523258,0.013529277218664143
2024-03-18,1,91.56,90.1,90.1,stop,-1.0,-0.015945827872433482,0.015945827872433465
2024-03-19,-1,86.08,87.776,87.776,stop,-1.0,-0.019702602230483146,0.019702602230483247
2024-03-20,-1,89.426,90.41,90.3525,close,-0.941565040650416,-0.010360521548542945,0.011003511283071978
2024-03-21,-1,91.236,92.648,91.381,close,-0.10269121813030939,-0.0015892849313867696,0.015476347055986583
2024-03-22,1,91.7454,90.834,94.245,close,2.7425938117182356,0.02724496269022758,0.00993401304043582
2024-03-25,1,94.348,93.68,93.68,stop,-1.0,-0.007080171280790193,0.0070801712807901825
2024-03-27,-1,91.7,93.24,90.256,close,0.9376623376623442,0.015747001090512525,0.016793893129770907
2024-03-28,1,90.023,89.193,90.317,close,0.3542168674698766,0.003265832065138863,0.009219866034235677
2024-04-01,1,91.035,90.02,90.02,stop,-1.0,-0.011149557862360604,0.011149557862360637
2024-04-02,-1,88.122,88.933,88.933,stop,-1.0,-0.0092031501781622,0.009203150178162173
2024-04-03,1,89.062,88.4,88.966,close,-0.14501510574018853,-0.0010779007882150138,0.0074330241853988455
2024-04-05,-1,86.68,87.368,87.368,stop,-1.0,-0.007937240424549907,0.007937240424549932
2024-04-08,-1,87.9284,88.83,87.188,close,0.8212067435669835,0.008420487578529756,0.010253797407890989
2024-04-09,-1,86.51,87.635,85.364,close,1.0186666666666673,0.013247023465495333,0.013004276962200901
2024-04-10,1,84.39,83.709,86.999,close,3.831130690161534,0.030915985306315896,0.008069676501955177
2024-04-11,1,88.182,86.926,90.587,close,1.9148089171974527,0.027273139643011035,0.014243269601505978
2024-04-12,-1,89.4582,90.175,88.195,close,1.7622767857143218,0.014120561334791115,0.00801268078275655
2024-04-15,-1,88.4177,89.375,89.375,stop,-1.0,-0.010827017667277117,0.010827017667277068
2024-04-16,-1,86.276,86.96,86.96,stop,-1.0,-0.007928044879224716,0.007928044879224785
2024-04-17,-1,88.224,88.775,84.024,close,7.62250453720506,0.04760609357997825,0.006245466086325738
2024-04-18,-1,84.252,85.1,85.1,stop,-1.0,-0.010065042966339144,0.010065042966339066
2024-04-19,1,84.295,83.027,83.027,stop,-1.0,-0.015042410581885046,0.015042410581885055
2024-04-22,-1,77.664,78.8,78.8,stop,-1.0,-0.014627111660486136,0.014627111660486141
2024-04-23,1,81.276,80.264,82.4769,close,1.186660079051387,0.014775579506865588,0.012451400167331076
2024-04-24,-1,83.11,84.082,79.7,close,3.5082304526749146,0.04102996029358674,0.011695343520635233
2024-04-25,1,79.677,78.223,82.601,close,2.0110041265474394,0.03669816885675914,0.01824867904163068
2024-04-26,1,84.426,83.387,87.715,close,3.1655437921077927,0.03895719328169056,0.012306635396678766
2024-04-29,-1,86.676,87.798,87.798,stop,-1.0,-0.012944759795098904,0.012944759795098989
2024-04-30,1,88.088,87.0728,87.0728,stop,-1.0,-0.01152483879756594,0.011524838797565991
2024-05-01,-1,84.368,85.56,85.56,stop,-1.0,-0.014128579556230036,0.014128579556229938
2024-05-02,1,85.449,84.101,84.101,stop,-1.0,-0.015775491813830422,0.01577549181383046
2024-05-03,-1,87.15,88.078,88.078,stop,-1.0,-0.010648307515777278,0.010648307515777363
2024-05-06,1,89.999,89.055,92.161,close,2.29025423728817,0.024022489138768366,0.010489005433393575
2024-05-07,1,91.43,90.663,90.663,stop,-1.0,-0.00838893142294661,0.008388931422946626
2024-05-08,1,90.088,89.42,90.317,close,0.34281437125748787,0.0025419589734481107,0.007414972027350948
2024-05-09,-1,90.388,91.072,88.731,close,2.4225146198830654,0.018332079479577046,0.007567376200380553
2024-05-10,1,90.63,89.888,89.888,stop,-1.0,-0.008187134502923854,0.00818713450292387
2024-05-14,1,89.767,88.934,91.375,close,1.9303721488595524,0.01791304154087814,0.009279579355442406
2024-05-15,1,93.23,91.599,94.656,close,0.8743102391171071,0.015295505738496251,0.01749436876541886
2024-05-16,1,95.13,94.402,94.402,stop,-1.0,-0.007652685798381076,0.0076526857983811045
2024-05-17,1,94.674,93.704,93.704,stop,-1.0,-0.010245685193400633,0.010245685193400649
2024-05-20,1,94.508,93.44,94.834,close,0.30524344569289164,0.0034494434333602886,0.011300630634443623
2024-05-21,1,94.28,93.299,93.299,stop,-1.0,-0.010405176071277,0.01040517607127699
2024-05-22,-1,95.013,96.02,94.87,close,0.14200595829195828,0.0015050572026985565,0.010598549672150029
2024-05-23,1,103.498,101.52,103.821,close,0.1632962588473164,0.003120833252816313,0.019111480415080567
2024-05-24,-1,103.633,104.608,104.608,stop,-1.0,-0.009408200090704755,0.00940820009070478
2024-05-28,1,111.44,109.883,113.914,close,1.5889531149646758,0.02220028715003597,0.01397164393395551
2024-05-29,-1,112.3,113.5,113.5,stop,-1.0,-0.010685663401602818,0.010685663401602876
2024-05-30,-1,114.086,115.474,115.474,stop,-1.0,-0.012166260540294127,0.01216626054029421
2024-05-31,1,112.534,110.753,110.753,stop,-1.0,-0.015826328043080373,0.015826328043080366
2024-06-03,1,114.249,113.14,113.14,stop,-1.0,-0.009706868331451401,0.009706868331451433
2024-06-04,-1,114.868,116.123,116.123,stop,-1.0,-0.010925584148762102,0.010925584148762142
2024-06-05,1,118.4,117.468,122.439,close,4.33369098712444,0.03411317567567562,0.00787162162162164
2024-06-06,1,124.9,123.329,123.329,stop,-1.0,-0.01257806244996007,0.012578062449960065
2024-06-07,1,119.84,118.022,120.865,close,0.5638063806380598,0.008553070761014636,0.015170226969292372
2024-06-10,-1,119.44,121.25,121.25,stop,-1.0,-0.015154052243804506,0.01515405224380444
2024-06-11,1,122.26,121.04,121.04,stop,-1.0,-0.009978733845902199,0.009978733845902166
2024-06-12,-1,122.73,124.29,124.29,stop,-1.0,-0.012710828648252237,0.012710828648252279
2024-06-13,-1,128.5,129.74,129.74,stop,-1.0,-0.00964980544747096,0.009649805447470888
2024-06-14,1,130.2,128.32,131.98,close,0.9468085106383007,0.01367127496159748,0.014439324116743438
2024-06-17,1,133.31,132.4,132.4,stop,-1.0,-0.006826194584052203,0.006826194584052183
2024-06-18,1,131.79,130.69,135.68,close,3.536363636363668,0.029516655284923088,0.008346612034296945
2024-06-20,1,140.01,138.59,138.59,stop,-1.0,-0.010142132704806683,0.010142132704806711
2024-06-21,1,128.52,125.73,125.73,stop,-1.0,-0.02170868347338939,0.021708683473389404
2024-06-24,-1,122.5,124.46,118.06,close,2.2653061224489854,0.03624489795918362,0.01599999999999995
2024-06-25,-1,120.45,121.59,121.59,stop,-1.0,-0.009464508094645163,0.009464508094645085
2024-06-26,1,127.19,125.31,125.31,stop,-1.0,-0.014781036244987833,0.014781036244987777
2024-06-27,1,125.15,124.0,124.0,stop,-1.0,-0.009188973232121533,0.009188973232121499
2024-06-28,1,124.83,123.42,123.42,stop,-1.0,-0.01129536169190093,0.011295361691900959
2024-07-01,-1,121.4,123.78,123.78,stop,-1.0,-0.019604612850082415,0.019604612850082335
2024-07-02,1,122.14,121.03,122.66,close,0.4684684684684651,0.004257409530047385,0.009087931881447514
2024-07-05,-1,127.24,128.85,125.81,close,0.8881987577639708,0.011238604212511771,0.012653253693806975
2024-07-08,1,128.66,127.04,128.19,close,-0.29012345679012447,-0.00365303901756564,0.012591325975439067
2024-07-09,1,131.74,130.261,130.261,stop,-1.0,-0.011226658569910564,0.01122665856991053
2024-07-10,-1,132.83,134.23,134.23,stop,-1.0,-0.010539787698562009,0.0105397876985619
2024-07-11,-1,134.37,136.15,127.46,close,3.882022471910116,0.05142516930862551,0.013247004539703811
2024-07-12,-1,127.61,129.06,129.06,stop,-1.0,-0.011362745866311474,0.01136274586631144
2024-07-15,-1,130.19,131.39,128.42,close,1.4750000000000225,0.013595514248406215,0.009217297795529523
2024-07-16,1,128.54,127.38,127.38,stop,-1.0,-0.00902442819355842,0.0090244281935584
2024-07-17,-1,120.69,121.85,117.85,close,2.4482758620689755,0.023531361338967605,0.009611401110282514
2024-07-18,-1,121.05,122.4,121.11,close,-0.04444444444444585,-0.0004956629491945641,0.011152416356877394
2024-07-19,1,120.65,119.01,119.01,stop,-1.0,-0.013593037712391176,0.013593037712391218
2024-07-22,1,120.82,119.86,123.74,close,3.0416666666666883,0.024168184075484156,0.007945704353583792
2024-07-23,1,123.72,122.7,122.7,stop,-1.0,-0.008244422890397618,0.00824442289039764
2024-07-24,-1,118.83,119.95,114.4237,close,3.934196428571414,0.037080703526045644,0.009425229319195528
2024-07-25,-1,111.5,113.91,113.91,stop,-1.0,-0.021614349775784802,0.021614349775784723
2024-07-26,-1,114.21,116.2,113.06,close,0.577889447236174,0.010069170825671936,0.017424043428771643
2024-07-29,1,114.89,113.32,113.32,stop,-1.0,-0.01366524501697286,0.01366524501697282
2024-07-30,1,111.8,110.88,110.88,stop,-1.0,-0.008228980322003587,0.008228980322003593
2024-07-31,1,113.98,110.88,117.18,close,1.032258064516127,0.028075100894893845,0.027197753991928482
2024-08-01,1,118.89,116.68,116.68,stop,-1.0,-0.018588611321389448,0.01858861132138947
2024-08-02,1,104.65,102.7,102.7,stop,-1.0,-0.018633540372670843,0.018633540372670832
2024-08-05,1,94.61,90.69,100.6,close,1.528061224489794,0.06331254624246907,0.04143325229891134
2024-08-06,-1,103.0,104.85,104.85,stop,-1.0,-0.017961165048543615,0.017961165048543636
2024-08-07,-1,106.6,108.8,98.75,close,3.568181818181811,0.07363977485928697,0.0206378986866792
2024-08-08,-1,100.83,102.1,102.1,stop,-1.0,-0.012595457701080948,0.012595457701080988
2024-08-09,1,106.09,104.9,104.9,stop,-1.0,-0.011216891318691635,0.011216891318691654
2024-08-12,1,108.35,106.26,109.1216,close,0.3691866028708184,0.007121365943701052,0.019289340101522744
2024-08-13,-1,111.83,113.06,113.06,stop,-1.0,-0.010998837521237537,0.010998837521237629
2024-08-14,-1,116.67,118.6,117.97,close,-0.6735751295336798,-0.011142538784606026,0.016542384503299843
2024-08-15,1,119.0,117.47,122.9413,close,2.5760130718954217,0.03312016806722684,0.012857142857142867
2024-08-16,1,122.7,121.18,124.58,close,1.2368421052631582,0.015321923390382963,0.012387938060309666
2024-08-20,1,129.58,128.19,128.19,stop,-1.0,-0.01072696403766027,0.010726964037660245
2024-08-21,1,127.87,126.83,126.83,stop,-1.0,-0.008133260342535475,0.008133260342535436
2024-08-22,-1,129.79,130.75,123.83,close,6.208333333333275,0.045920332845365563,0.007396563679790492
2024-08-23,1,125.98,125.22,129.28,close,4.342105263157862,0.02619463406889988,0.006032703603746667
2024-08-26,1,130.68,129.28,129.28,stop,-1.0,-0.010713192531374371,0.010713192531374392
2024-08-27,-1,124.9,126.57,126.57,stop,-1.0,-0.013370696557245765,0.013370696557245695
2024-08-28,-1,127.28,128.33,125.66,close,1.5428571428571305,0.012727844123192944,0.008249528598365898
2024-08-29,1,124.11,119.67,119.67,stop,-1.0,-0.035774715977761606,0.03577471597776165
2024-08-30,1,119.85,118.45,118.45,stop,-1.0,-0.01168126825198157,0.011681268251981573
2024-09-03,-1,113.41,116.21,108.02,close,1.9250000000000023,0.047526673132880726,0.02468918084824969
2024-09-04,-1,105.0,106.3,106.3,stop,-1.0,-0.012380952380952381,0.012380952380952354
2024-09-05,1,107.1,104.76,107.24,close,0.059829059829060345,0.0013071895424836555,0.02184873949579822
2024-09-06,-1,106.94,108.15,102.81,close,3.4132231404958415,0.03861978679633438,0.011314755937909182
2024-09-09,-1,104.85,106.55,106.55,stop,-1.0,-0.01621363853123503,0.016213638531235124
2024-09-10,-1,107.62,109.4,108.02,close,-0.22471910112359056,-0.0037167812674223644,0.016539676640029744
2024-09-11,1,110.88,109.34,109.34,stop,-1.0,-0.01388888888888884,0.013888888888888817
2024-09-12,1,117.19,115.38,119.18,close,1.0994475138121584,0.0169809710726172,0.015445003839918101
2024-09-13,1,119.46,118.35,118.35,stop,-1.0,-0.009291813159216455,0.00929181315921647
2024-09-16,-1,114.8,116.82,116.82,stop,-1.0,-0.0175958188153309,0.017595818815330976
2024-09-17,-1,117.8,118.8,115.585,close,2.2150000000000034,0.0188030560271647,0.008488964346349746
2024-09-18,-1,115.27,116.35,116.35,stop,-1.0,-0.009369306844799086,0.009369306844799153
2024-09-19,1,118.1,117.25,117.98,close,-0.14117647058822486,-0.0010160880609652034,0.007197290431837378
2024-09-20,1,118.12,116.94,116.94,stop,-1.0,-0.009989840839824016,0.009989840839823965
2024-09-23,-1,115.94,116.99,116.23,close,-0.27619047619048287,-0.0025012937726409668,0.0090564084871485
2024-09-24,1,117.28,116.4,116.4,stop,-1.0,-0.007503410641200525,0.007503410641200507
2024-09-25,1,122.79,121.61,123.56,close,0.6525423728813488,0.0062708689632706704,0.009609903086570623
2024-09-26,1,127.15,126.01,126.01,stop,-1.0,-0.008965788438851763,0.008965788438851754
2024-09-27,-1,122.92,124.03,121.4,close,1.3693693693693665,0.01236576635209885,0.009030263586072238
2024-09-30,1,119.79,118.15,121.49,close,1.0365853658536512,0.014191501794807548,0.0136906252608732
2024-10-01,-1,121.3,122.4351,116.9499,close,3.8323495727248393,0.03586232481450946,0.009357790601813755
2024-10-02,-1,116.11,117.8,117.8,stop,-1.0,-0.014555163207303323,0.0145551632073034
2024-10-03,1,121.99,120.3401,122.84,close,0.5151827383477875,0.006967784244610309,0.013524879088449777
2024-10-04,-1,123.7,125.0,125.0,stop,-1.0,-0.010509296685529579,0.010509296685529483
2024-10-07,1,126.99,124.95,127.79,close,0.39215686274510514,0.00629970863847551,0.01606425702811239
2024-10-08,1,130.75,129.42,132.94,close,1.6466165413533662,0.016749521988527638,0.010172084130019216
2024-10-09,-1,133.66,134.52,132.61,close,1.2209302325581004,0.007855753404159671,0.006434236121502421
2024-10-10,1,132.48,131.0,134.8,close,1.567567567567593,0.01751207729468618,0.011171497584540986
2024-10-11,1,134.88,133.66,134.75,close,-0.1065573770491767,-0.0009638196915776609,0.009045077105575318
2024-10-14,1,138.24,136.3,138.1401,close,-0.05149484536083481,-0.0007226562500001199,0.014033564814814797
2024-10-15,1,138.42,137.56,137.56,stop,-1.0,-0.0062129750036120646,0.006212975003612089
2024-10-16,-1,132.82,134.11,134.11,stop,-1.0,-0.009712392711941131,0.009712392711941128
2024-10-17,-1,138.57,140.0,140.0,stop,-1.0,-0.010319694017464132,0.010319694017464147
2024-10-18,-1,137.38,138.9,137.98,close,-0.3947368421052568,-0.004367447954578552,0.01106420148493238
2024-10-21,1,139.85,138.0,143.7,close,2.0810810810810842,0.02752949588845177,0.013228459063282048
2024-10-22,1,143.34,141.78,143.57,close,0.14743589743589067,0.0016045765313239535,0.010883214734198425
2024-10-23,-1,140.3908,142.43,139.57,close,0.40251078854453815,0.005846536952563985,0.014525168315872505
2024-10-24,1,141.2,140.01,140.01,stop,-1.0,-0.008427762039660003,0.008427762039660041
2024-10-25,1,142.37,140.8,141.47,close,-0.5732484076433182,-0.006321556507691284,0.011027604130083538
2024-10-28,-1,141.55,143.14,140.62,close,0.584905660377372,0.006570116566584239,0.011232779936418049
2024-10-29,-1,139.01,140.52,140.52,stop,-1.0,-0.01086252787569264,0.010862527875692536
2024-10-30,-1,138.58,139.79,139.79,stop,-1.0,-0.008731418675133273,0.008731418675133348
2024-10-31,-1,135.67,137.61,132.57,close,1.5979381443298724,0.02284956143583694,0.014299402963072354
2024-11-01,1,135.75,134.57,135.43,close,-0.2711864406779588,-0.002357274401473264,0.00869244935543283
2024-11-04,-1,136.5501,137.75,137.75,stop,-1.0,-0.008787250979677141,0.008787250979677157
2024-11-05,1,138.48,137.33,139.91,close,1.2434782608695958,0.010326400924321355,0.008304448295782621
2024-11-06,1,143.8,142.61,142.61,stop,-1.0,-0.00827538247566062,0.008275382475660623
2024-11-07,1,147.285,146.17,148.89,close,1.4394618834080508,0.010897240044811074,0.007570356791255112
2024-11-08,1,149.42,148.64,148.64,stop,-1.0,-0.00522018471422836,0.005220184714228358
2024-11-11,-1,147.3501,148.85,145.28,close,1.3801586772451504,0.01404885371642095,0.010179158344649896
2024-11-12,1,147.16,146.01,148.39,close,1.0695652173912902,0.008358249524327288,0.007814623539005203
2024-11-13,-1,148.1801,149.33,146.41,close,1.5393512479346116,0.01194559863301492,0.007760151329362055
2024-11-14,-1,146.01,147.77,147.77,stop,-1.0,-0.012053968906239332,0.012053968906239432
2024-11-15,-1,143.68,145.24,141.9703,close,1.0959615384615355,0.011899359688195998,0.010857461024498902
2024-11-18,-1,138.4,140.18,140.18,stop,-1.0,-0.012861271676300579,0.012861271676300585
2024-11-19,1,142.24,140.99,147.0,close,3.8079999999999927,0.0334645669291338,0.008787964004499438
2024-11-20,-1,144.74,147.56,145.93,close,-0.4219858156028371,-0.008221638800608,0.019483211275390308
2024-11-21,-1,147.74,152.89,146.62,close,0.21747572815534164,0.007580885339109278,0.03485853526465397
2024-11-25,-1,139.3007,142.05,135.94,close,1.222383879532973,0.02412550690700055,0.019736440663973728
2024-11-26,1,139.17,137.47,137.47,stop,-1.0,-0.012215276280807541,0.012215276280807565
2024-11-27,1,135.12,133.4,133.4,stop,-1.0,-0.01272942569567792,0.012729425695677907
2024-12-02,1,139.07,138.09,138.09,stop,-1.0,-0.007046810958510008,0.00704681095851003
2024-12-03,1,139.74,137.95,140.25,close,0.2849162011173101,0.0036496350364962904,0.012809503363389298
2024-12-04,-1,141.555,142.63,142.63,stop,-1.0,-0.0075942213273991754,0.007594221327399163
2024-12-05,1,145.595,144.18,144.18,stop,-1.0,-0.009718740341357779,0.009718740341357822
2024-12-06,1,145.65,144.175,144.175,stop,-1.0,-0.010127016821146584,0.010127016821146546
2024-12-09,1,139.0,137.42,137.42,stop,-1.0,-0.011366906474820193,0.011366906474820233
2024-12-10,1,140.19,138.81,138.81,stop,-1.0,-0.009843783436764397,0.009843783436764359
2024-12-11,-1,135.83,137.71,137.71,stop,-1.0,-0.01384083044982698,0.013840830449826955
2024-12-12,-1,136.135,137.4,137.4,stop,-1.0,-0.009292246666911641,0.00929224666691163
2024-12-13,-1,138.03,139.6,134.22,close,2.4267515923567,0.027602695066289984,0.011374338911830711
2024-12-16,-1,132.27,134.4,131.97,close,0.14084507042254085,0.00226808800181455,0.016103424812882704
2024-12-17,-1,128.0,129.5,129.5,stop,-1.0,-0.01171875,0.01171875
2024-12-18,1,134.83,132.81,132.81,stop,-1.0,-0.014981828969813926,0.014981828969813914
2024-12-19,-1,130.23,131.99,131.99,stop,-1.0,-0.013514551178684053,0.013514551178684017
2024-12-20,1,129.98,128.51,128.51,stop,-1.0,-0.011309432220341531,0.011309432220341583
2024-12-23,1,137.41,135.96,135.96,stop,-1.0,-0.010552361545738909,0.010552361545738947
2024-12-26,-1,139.44,140.85,139.91,close,-0.3333333333333333,-0.0033706253585772394,0.010111876075731474
2024-12-27,-1,137.74,139.02,137.12,close,0.4843750000000031,0.004501234209379978,0.009292870625816765
2024-12-30,1,135.62,134.02,137.39,close,1.1062499999999926,0.013051172393452104,0.011797669960182822
2024-12-31,-1,136.6401,138.07,134.29,close,1.6435415063990433,0.017199197014639123,0.010464717165751515
2025-01-02,-1,135.67,137.88,137.88,stop,-1.0,-0.016289526055870862,0.016289526055870925
2025-01-03,1,141.65,139.73,144.59,close,1.5312499999999862,0.020755382986233695,0.013554535827744553
2025-01-06,1,149.4,147.8201,149.5101,close,0.06968795493384891,0.0007369477911645106,0.010574966532797919
2025-01-07,-1,150.41,153.13,140.12,close,3.7830882352941164,0.06841300445449106,0.018083903995744957
2025-01-08,-1,141.49,143.24,143.24,stop,-1.0,-0.012368365255495117,0.012368365255495088
2025-01-10,-1,135.24,137.8,137.8,stop,-1.0,-0.018929310854776782,0.01892931085477671
2025-01-13,1,131.68,129.51,133.24,close,0.7188940092165856,0.011846901579586788,0.016479343863912636
2025-01-14,-1,134.94,136.38,131.85,close,2.1458333333333393,0.022899066251667488,0.010671409515340135
2025-01-15,-1,132.46,133.97,133.97,stop,-1.0,-0.011399667824248727,0.01139966782424876
2025-01-16,-1,137.33,138.75,133.57,close,2.647887323943699,0.027379305322944858,0.010340056797494992
2025-01-17,-1,135.53,136.83,136.83,stop,-1.0,-0.009591972257064985,0.00959197225706494
2025-01-22,1,146.2296,143.67,147.03,close,0.312705110173461,0.00547358400761544,0.017503980042344488
2025-01-23,1,145.09,143.72,147.21,close,1.5474452554744507,0.01461162037356134,0.009442415052725925
2025-01-24,-1,147.45,148.97,142.6004,close,3.1905263157894397,0.03288979315022034,0.010308579179382911
2025-01-27,-1,123.64,128.4,118.51,close,1.0777310924369727,0.04149142672274342,0.038498867680362384
2025-01-28,-1,119.05,122.2,122.2,stop,-1.0,-0.026459470810583863,0.026459470810583835
2025-01-29,-1,125.54,126.89,123.81,close,1.2814814814814899,0.013780468376613064,0.01075354468695232
2025-01-30,-1,121.92,124.15,124.15,stop,-1.0,-0.018290682414698223,0.018290682414698195
2025-01-31,-1,123.35,124.74,124.74,stop,-1.0,-0.011268747466558482,0.011268747466558579
2025-02-03,1,114.99,113.01,116.66,close,0.8434343434343486,0.014523002000173868,0.01721888859900852
2025-02-04,1,118.09,116.7,118.69,close,0.4316546762589885,0.005080870522482739,0.011770683377085278
2025-02-05,-1,121.27,122.67,122.67,stop,-1.0,-0.011544487507215262,0.011544487507215352
2025-02-06,-1,126.23,127.5,127.5,stop,-1.0,-0.010060999762338652,0.010060999762338556
2025-02-07,1,130.22,128.8,128.8,stop,-1.0,-0.010904622945783982,0.010904622945783963
2025-02-10,1,131.91,129.96,133.51,close,0.8205128205128224,0.012129482222727583,0.014782806458949197
2025-02-11,1,133.26,132.01,132.01,stop,-1.0,-0.009380159087498119,0.009380159087498124
2025-02-12,1,130.89,129.08,131.0799,close,0.10491712707183733,0.0014508365803347356,0.013828405531362014
2025-02-13,1,133.15,131.17,135.25,close,1.060606060606048,0.015771686068343893,0.014870446864438738
2025-02-14,1,137.27,136.12,136.12,stop,-1.0,-0.008377649887083893,0.00837764988708389
2025-02-18,1,143.37,141.2,141.2,stop,-1.0,-0.015135662969938068,0.015135662969938034
2025-02-19,1,139.66,138.65,138.65,stop,-1.0,-0.007231848775597793,0.007231848775597816
2025-02-20,-1,139.3502,140.53,140.53,stop,-1.0,-0.008466439230083722,0.008466439230083632
2025-02-21,1,140.34,139.35,139.35,stop,-1.0,-0.007054296707994956,0.007054296707994934
2025-02-24,1,137.88,136.56,136.56,stop,-1.0,-0.009573542210617902,0.00957354221061788
2025-02-25,-1,128.02,130.2,126.61,close,0.6467889908256994,0.011013904077487924,0.01702858928292437
2025-02-26,-1,129.1101,131.6,131.6,stop,-1.0,-0.019285090786855585,0.019285090786855606
2025-02-27,-1,131.88,135.01,120.01,close,3.7923322683706093,0.09000606612071571,0.02373369730057625
2025-02-28,1,118.4,116.4,125.05,close,3.3249999999999957,0.05616554054054057,0.01689189189189189
2025-03-03,-1,122.12,123.7,114.01,close,5.132911392405068,0.06641008843760232,0.01293809367834915
2025-03-04,1,113.7,110.14,110.14,stop,-1.0,-0.031310466138962156,0.0313104661389622
2025-03-05,-1,115.4703,118.0,118.0,stop,-1.0,-0.02190779793591946,0.0219077979359195
2025-03-06,-1,112.5801,113.795,113.795,stop,-1.0,-0.010791427614649463,0.010791427614649482
2025-03-07,-1,111.0,112.5,112.5,stop,-1.0,-0.013513513513513598,0.013513513513513514
2025-03-10,1,110.67,109.235,109.235,stop,-1.0,-0.012966476913345959,0.012966476913346004
2025-03-11,1,108.0,106.22,106.22,stop,-1.0,-0.01648148148148154,0.016481481481481493
2025-03-12,1,115.63,113.92,113.92,stop,-1.0,-0.01478854968433796,0.014788549684337921
2025-03-13,-1,115.57,117.03,117.03,stop,-1.0,-0.012633036255083496,0.012633036255083569
2025-03-14,1,119.83,118.15,121.47,close,0.9761904761904808,0.013686055244930273,0.014019861470416362
2025-03-17,-1,121.8161,122.89,119.48,close,2.17534221063415,0.019177268029431316,0.008815747672105696
2025-03-18,-1,117.38,118.54,118.54,stop,-1.0,-0.009882433123189704,0.009882433123189732
2025-03-19,-1,116.72,118.16,118.16,stop,-1.0,-0.012337217272104128,0.012337217272104161
2025-03-20,1,118.68,116.47,118.465,close,-0.09728506787330436,-0.0018115942028985588,0.018621503201887494
2025-03-21,-1,116.44,117.67,117.67,stop,-1.0,-0.010563380281690238,0.010563380281690175
2025-03-24,-1,119.73,121.07,121.07,stop,-1.0,-0.011191848325398768,0.011191848325398723
2025-03-25,-1,119.9,120.94,120.94,stop,-1.0,-0.008673894912426983,0.008673894912426955
2025-03-26,-1,117.4,118.84,113.69,close,2.5763888888888986,0.03160136286201032,0.012265758091993166
2025-03-27,1,112.58,110.66,111.43,close,-0.5989583333333284,-0.010214958251909656,0.01705453899449282
2025-03-28,1,111.88,110.81,110.81,stop,-1.0,-0.00956381837683229,0.00956381837683226
2025-03-31,-1,104.3,105.7899,105.7899,stop,-1.0,-0.014284755512943503,0.014284755512943488
2025-04-01,-1,107.42,109.1,109.1,stop,-1.0,-0.015639545708434177,0.015639545708434115
2025-04-02,1,107.75,106.79,110.31,close,2.6666666666666865,0.02375870069605579,0.008909512761020824
2025-04-03,1,105.1696,103.2622,103.2622,stop,-1.0,-0.01813641964978474,0.018136419649784685
2025-04-04,-1,97.99,100.13,94.28,close,1.7336448598130807,0.037861006225125005,0.021838963159506078
2025-04-07,-1,87.08,88.99,88.99,stop,-1.0,-0.021933853927422975,0.02193385392742302
2025-04-09,1,99.59,97.5301,114.25,close,7.116850332540417,0.14720353449141466,0.020683803594738415
2025-04-10,1,110.02,108.33,108.33,stop,-1.0,-0.01536084348300304,0.01536084348300307
2025-04-11,1,109.2,107.9,107.9,stop,-1.0,-0.011904761904761862,0.011904761904761878
2025-04-14,-1,112.81,114.29,110.7,close,1.4256756756756714,0.01870401560145374,0.013119404308128748
2025-04-15,-1,110.95,112.76,112.76,stop,-1.0,-0.016313654799459343,0.016313654799459235
2025-04-16,1,106.4,104.35,104.35,stop,-1.0,-0.019266917293233154,0.01926691729323319
2025-04-17,-1,102.91,104.47,101.42,close,0.9551282051282004,0.014478670683121142,0.0151588766883685
2025-04-21,-1,98.56,99.44,96.8,close,2.000000000000016,0.017857142857142905,0.008928571428571383
2025-04-22,1,98.89,97.36,97.36,stop,-1.0,-0.015471736272626213,0.015471736272626161
2025-04-23,-1,103.81,104.8,102.535,close,1.2878787878788003,0.01228205375204705,0.009536653501589392
2025-04-24,1,103.84,103.11,106.38,close,3.4794520547944905,0.024460708782742646,0.007030046224961517
2025-04-25,1,107.27,105.73,110.96,close,2.396103896103907,0.03439917964016037,0.014356297193996384
2025-04-28,-1,108.55,110.3699,108.64,close,-0.04945326666300522,-0.0008291110087517151,0.016765545831414132
2025-04-29,1,108.81,107.44,108.92,close,0.08029197080291903,0.001010936494807435,0.012590754526238439
2025-04-30,1,105.36,104.08,108.775,close,2.6679687500000027,0.032412680334092725,0.012148823082763868
2025-05-01,-1,112.73,114.0798,114.0798,stop,-1.0,-0.011973742570744239,0.011973742570744272
2025-05-02,-1,113.95,115.4,114.39,close,-0.3034482758620668,-0.0038613426941640494,0.012724879333040832
2025-05-05,1,113.97,112.76,112.76,stop,-1.0,-0.010616828990085092,0.010616828990085056
2025-05-06,1,111.99,111.12,111.12,stop,-1.0,-0.007768550763460946,0.007768550763460938
2025-05-07,-1,112.6428,113.42,113.42,stop,-1.0,-0.006899686442453534,0.0068996864424535585
2025-05-08,-1,117.34,118.6,118.6,stop,-1.0,-0.010738026248508614,0.01073802624850853
2025-05-09,1,117.81,117.13,117.13,stop,-1.0,-0.005772005772005873,0.00577200577200583
2025-05-12,-1,121.6,122.82,122.82,stop,-1.0,-0.01003289473684199,0.010032894736842097
2025-05-13,1,125.85,124.47,129.84,close,2.891304347826103,0.03170441001191904,0.010965435041716293
2025-05-14,-1,132.75,134.86,134.86,stop,-1.0,-0.015894538606403108,0.015894538606403115
2025-05-15,-1,133.61,134.72,134.72,stop,-1.0,-0.008307761395105029,0.008307761395105044
2025-05-16,-1,135.75,136.35,135.32,close,0.7166666666666848,0.0031675874769797607,0.004419889502762389
2025-05-19,1,133.64,132.39,135.49,close,1.4800000000000182,0.013843160730320436,0.009353486979946125
2025-05-20,-1,133.88,134.58,134.38,close,-0.7142857142856969,-0.0037346877801016642,0.005228562892142344
2025-05-21,1,134.2,133.0,133.0,stop,-1.0,-0.00894187779433675,0.008941877794336727
2025-05-23,1,130.87,129.16,131.31,close,0.2573099415204653,0.0033621150760296814,0.013066401772751646
2025-05-27,-1,133.49,134.79,134.79,stop,-1.0,-0.009738557195295483,0.0097385571952954
2025-05-28,-1,135.26,136.16,136.16,stop,-1.0,-0.00665385184089895,0.0066538518408990515
2025-05-29,-1,141.53,143.49,139.18,close,1.198979591836727,0.01660425351515571,0.01384865399561936
2025-05-30,-1,138.5,139.62,134.84,close,3.2678571428571264,0.026425992779783414,0.00808664259927801
2025-06-02,1,137.29,135.4,137.37,close,0.04232804232804925,0.0005827081360625375,0.013766479714472915
2025-06-03,-1,138.13,139.05,139.05,stop,-1.0,-0.006660392383986302,0.0066603923839862154
2025-06-04,-1,141.25,142.39,141.84,close,-0.517543859649132,-0.004176991150442566,0.008070796460176895
2025-06-05,-1,141.7,143.2,143.2,stop,-1.0,-0.010585744530698715,0.01058574453069866
2025-06-06,1,142.83,141.81,141.81,stop,-1.0,-0.007141356857803038,0.007141356857803053
2025-06-09,-1,143.05,144.7,144.7,stop,-1.0,-0.011534428521495776,0.01153442852149582
2025-06-10,1,143.07,141.81,141.81,stop,-1.0,-0.008806877752149278,0.008806877752149235
2025-06-11,-1,144.01,144.99,142.84,close,1.1938775510203732,0.008124435803069097,0.006805082980348713
2025-06-12,1,143.7,141.85,145.0,close,0.702702702702711,0.009046624913013224,0.012874043145441855
2025-06-13,-1,142.4,143.58,141.96,close,0.3728813559321993,0.0030898876404493736,0.008286516853932632
2025-06-16,1,144.3199,143.2001,144.68,close,0.32157528130024793,0.0024951513963078487,0.007759151717815755
2025-06-17,-1,144.18,145.22,144.04,close,0.13461538461539985,0.0009710084616452175,0.007213205715078319
2025-06-18,1,144.16,143.12,145.47,close,1.2596153846153963,0.009087125416204156,0.007214206437291843
2025-06-20,-1,144.96,146.2,143.78,close,0.9516129032258268,0.008140176600441529,0.00855408388520958
2025-06-23,1,143.64,142.32,142.32,stop,-1.0,-0.009189640768588081,0.00918964076858809
2025-06-24,1,146.575,145.5,147.83,close,1.1674418604651509,0.008562169537779551,0.00733412928534872
2025-06-25,1,150.5,149.26,154.31,close,3.0725806451612696,0.025315614617940296,0.008239202657807369
2025-06-26,-1,154.5,156.02,156.02,stop,-1.0,-0.009838187702265522,0.009838187702265438
2025-06-27,-1,155.56,157.0,157.0,stop,-1.0,-0.009256878374903632,0.00925687837490356
2025-06-30,-1,157.11,158.4624,158.4624,stop,-1.0,-0.008607981668894427,0.008607981668894333
2025-07-01,-1,156.141,157.2,153.29,close,2.6921624173748873,0.01825913757437192,0.006782331354352781
2025-07-02,1,154.3599,152.97,157.24,close,2.072163464997464,0.01865834326143001,0.009004281552398073
2025-07-07,1,159.2,158.0101,158.0101,stop,-1.0,-0.007474246231155779,0.007474246231155744
2025-07-08,-1,158.85,159.74,159.74,stop,-1.0,-0.005602769908719107,0.00560276990871901
2025-07-09,1,163.48,161.16,162.83,close,-0.2801724137930945,-0.003976021531685747,0.014191338390017086
2025-07-10,-1,163.22,164.4,164.4,stop,-1.0,-0.0072295061879672495,0.007229506187967203
2025-07-11,1,165.22,163.47,164.8815,close,-0.19342857142857742,-0.0020487834402614924,0.010591938022031231
2025-07-14,-1,163.63,165.49,164.07,close,-0.23655913978494328,-0.0026889934608567145,0.011367108720894786
2025-07-15,1,171.49,169.6,169.6,stop,-1.0,-0.011021050790133602,0.011021050790133621
2025-07-16,-1,170.61,171.75,171.34,close,-0.6403508771929811,-0.004278764433503168,0.0066819061016352285
2025-07-17,1,172.28,170.83,173.1114,close,0.5733793103448336,0.0048258648711401175,0.008416531228233043
2025-07-18,-1,173.25,174.25,172.38,close,0.8700000000000045,0.005021645021645038,0.005772005772005772
2025-07-21,-1,171.68,173.38,171.46,close,0.12941176470588256,0.0012814538676607645,0.00990214352283311
2025-07-22,-1,168.53,171.39,167.01,close,0.5314685314685378,0.00901916572717032,0.016970272355070225
2025-07-23,1,170.34,169.13,169.13,stop,-1.0,-0.007103440178466647,0.0071034401784666424
2025-07-24,1,173.1,171.71,171.71,stop,-1.0,-0.008030040439052533,0.008030040439052493
2025-07-25,1,173.925,172.96,173.48,close,-0.46113989637307773,-0.0025585740980308413,0.00554836854966223
2025-07-28,1,175.37,173.97,176.75,close,0.9857142857142784,0.007869076809032372,0.007983121400467615
2025-07-29,1,178.52,177.63,177.63,stop,-1.0,-0.0049854358055120285,0.00498543580551207
2025-07-30,1,177.49,176.04,179.29,close,1.2413793103448012,0.010141416417826177,0.008169474336582438
2025-07-31,-1,181.46,183.3,177.85,close,1.9619565217391342,0.019894191557368046,0.010139975752231915
2025-08-01,-1,172.73,174.13,174.13,stop,-1.0,-0.008105135182076006,0.008105135182076105
2025-08-04,1,175.655,174.52,179.97,close,3.8017621145374734,0.024565198827246615,0.00646152970311116
2025-08-05,1,179.7,178.58,178.58,stop,-1.0,-0.006232609905397757,0.0062326099053977525
2025-08-06,1,177.99,176.25,179.41,close,0.8160919540229771,0.007977976290802768,0.009775830102814815
2025-08-07,1,182.36,181.3,181.3,stop,-1.0,-0.00581267821890763,0.005812678218907667
2025-08-08,1,181.75,180.4,182.75,close,0.7407407407407438,0.005502063273727709,0.007427785419532294
2025-08-11,-1,180.27,182.81,182.81,stop,-1.0,-0.01408997614689067,0.01408997614689073
2025-08-12,-1,180.9,182.99,182.99,stop,-1.0,-0.011553344389165332,0.011553344389165303
2025-08-13,1,183.79,182.175,182.175,stop,-1.0,-0.00878720278578804,0.008787202785788022
2025-08-14,1,181.08,179.46,182.0,close,0.5679012345678919,0.005080627347028965,0.008946322067594457
2025-08-15,-1,180.78,181.9,180.4401,close,0.3034821428571417,0.0018801858612678135,0.00619537559464545
2025-08-18,1,182.43,180.59,181.97,close,-0.2500000000000039,-0.0025215151016828585,0.010086060406731368
2025-08-19,-1,181.1397,182.5,175.65,close,4.035653899875041,0.030306443038163322,0.007509673473015552
2025-08-20,-1,174.01,175.165,175.165,stop,-1.0,-0.0066375495661168404,0.006637549566116897
2025-08-21,1,176.2,174.595,174.595,stop,-1.0,-0.009108967082860353,0.009108967082860329
2025-08-22,1,173.1,171.2,178.02,close,2.589473684210527,0.028422876949740106,0.010976314269208583
2025-08-25,1,178.5,176.57,179.84,close,0.6943005181347144,0.007507002801120377,0.010812324929972026
2025-08-26,-1,179.87,181.23,181.23,stop,-1.0,-0.0075610162895423105,0.007561016289542365
2025-08-27,-1,180.6,182.07,182.07,stop,-1.0,-0.008139534883720989,0.008139534883720925
2025-08-28,-1,180.55,184.47,180.2,close,0.08928571428572037,0.0019385211852673834,0.021711437274993008
2025-08-29,-1,176.32,178.15,174.28,close,1.1147540983606439,0.011569872958257621,0.01037885662431949
2025-09-02,1,170.07,168.65,168.65,stop,-1.0,-0.008349503145763437,0.008349503145763435
2025-09-03,-1,170.06,171.69,171.69,stop,-1.0,-0.009584852405033484,0.00958485240503349
2025-09-04,1,171.6,170.07,170.07,stop,-1.0,-0.008916083916083895,0.008916083916083922
2025-09-05,1,168.1899,166.41,166.41,stop,-1.0,-0.010582680648481224,0.010582680648481257
2025-09-08,1,169.38,167.35,168.37,close,-0.4975369458128031,-0.005962923603731185,0.011984886055024213
2025-09-09,1,169.42,168.3301,168.3301,stop,-1.0,-0.00643312477865654,0.006433124778656594
2025-09-10,1,177.5,175.47,177.3,close,-0.09852216748767907,-0.0011267605633802358,0.011436619718309865
2025-09-11,-1,178.85,180.28,177.09,close,1.2307692307692186,0.009840648588202328,0.007995526977914492
2025-09-12,-1,176.92,178.44,178.44,stop,-1.0,-0.008591453764413393,0.008591453764413353
2025-09-15,1,176.58,174.51,177.79,close,0.5845410628019164,0.006852418167402785,0.011722731906218265
2025-09-16,-1,175.81,177.5,174.86,close,0.5621301775147869,0.005403560662078366,0.009612650019907841
2025-09-17,-1,171.51,173.2,170.21,close,0.7692307692307602,0.00757973296017711,0.00985365284823041
2025-09-18,-1,173.77,175.38,175.38,stop,-1.0,-0.009265120561661844,0.009265120561661882
2025-09-19,1,176.355,175.18,176.51,close,0.13191489361702416,0.000878909018740659,0.0066626974001303225
2025-09-22,1,175.92,174.86,174.86,stop,-1.0,-0.006025466120963885,0.0060254661209639265
2025-09-23,-1,180.7,182.42,178.44,close,1.3139534883720887,0.012506917542888685,0.009518539014941887
2025-09-24,-1,178.26,179.78,176.88,close,0.9078947368420962,0.0077415011780544996,0.008526870862784754
2025-09-25,-1,173.96,175.0,175.0,stop,-1.0,-0.005978385835824218,0.0059783858358242814
2025-09-26,-1,176.95,178.64,178.64,stop,-1.0,-0.009550720542526037,0.009550720542526125
2025-09-29,1,182.84,180.32,181.83,close,-0.40079365079364554,-0.005523955370815958,0.013782542113323179
2025-09-30,1,182.73,181.48,186.58,close,3.0800000000000183,0.021069337273573074,0.006840693919991244
2025-10-01,-1,184.91,186.1,186.1,stop,-1.0,-0.006435563246985021,0.006435563246985007
2025-10-03,1,190.11,188.98,188.98,stop,-1.0,-0.0059439272000422205,0.005943927200042206
2025-10-06,1,186.15,183.33,185.53,close,-0.21985815602837094,-0.0033306473274241633,0.015149073327961284
2025-10-07,1,187.2,186.18,186.18,stop,-1.0,-0.005448717948717818,0.005448717948717852
2025-10-08,1,188.26,186.54,189.06,close,0.4651162790697744,0.00424944226070334,0.009136300860512052
2025-10-09,-1,191.44,193.1,193.1,stop,-1.0,-0.008671124111993223,0.008671124111993295
2025-10-10,-1,192.25,193.62,193.62,stop,-1.0,-0.00712613784135252,0.007126137841352429
2025-10-13,-1,187.7506,189.26,189.26,stop,-1.0,-0.008039388422726779,0.008039388422726742
2025-10-14,-1,181.2,184.8,180.07,close,0.31388888888888566,0.006236203090507653,0.019867549668874298
2025-10-15,-1,182.56,184.87,179.875,close,1.1623376623376622,0.014707493426818541,0.012653374233128846
2025-10-16,1,182.33,181.24,181.24,stop,-1.0,-0.005978171447375669,0.005978171447375656
2025-10-17,1,181.33,179.75,183.235,close,1.2056962025316367,0.010505707825511523,0.008713395466828503
2025-10-20,-1,181.74,183.39,183.39,stop,-1.0,-0.009078903928689153,0.009078903928689212
2025-10-21,-1,181.8501,182.785,181.16,close,0.7381538132420599,0.00379488380814752,0.00514104748911328
2025-10-22,1,181.53,180.29,180.29,stop,-1.0,-0.006830826860574013,0.00683082686057406
2025-10-23,-1,179.98,180.74,180.74,stop,-1.0,-0.0042226914101568536,0.004222691410156792
2025-10-24,1,185.34,183.5,186.27,close,0.5054347826086985,0.00501780511492389,0.009927700442430147
2025-10-27,1,190.69,189.75,189.75,stop,-1.0,-0.004929466673658789,0.004929466673658806
2025-10-28,1,195.4,192.65,192.65,stop,-1.0,-0.014073694984646834,0.014073694984646877
2025-10-29,1,211.08,207.09,207.09,stop,-1.0,-0.018902785673678313,0.018902785673678268
2025-10-30,-1,202.87,206.16,202.78,close,0.027355623100305055,0.0004436338541923268,0.016217282003253276
2025-10-31,1,207.11,206.0,206.0,stop,-1.0,-0.0053594708126116775,0.005359470812611721
2025-11-03,-1,207.55,209.45,209.45,stop,-1.0,-0.009154420621536818,0.009154420621536869
2025-11-04,1,203.1,200.9,200.9,stop,-1.0,-0.010832102412604572,0.010832102412604572
2025-11-05,-1,197.62,199.39,199.39,stop,-1.0,-0.008956583341766855,0.008956583341766935
2025-11-06,-1,195.22,197.62,188.17,close,2.937499999999998,0.0361131031656593,0.01229382235426701
2025-11-07,-1,183.63,185.7,185.7,stop,-1.0,-0.011272667864727914,0.011272667864727949
2025-11-10,-1,194.07,195.435,195.435,stop,-1.0,-0.007033544597310204,0.007033544597310296
2025-11-11,-1,194.1807,195.42,193.24,close,0.7590575324780144,0.00484445673540157,0.006382199672778942
2025-11-12,-1,194.035,195.89,193.85,close,0.09973045822102604,0.0009534362357306314,0.00956013090421826
2025-11-13,-1,189.3,191.44,186.9637,close,1.0917289719626344,0.012341785525620819,0.011304807184363372
2025-11-14,1,183.15,180.58,190.28,close,2.7743190661478656,0.03892983892983892,0.014032214032213995
2025-11-17,1,187.095,184.92,184.92,stop,-1.0,-0.011625110238114411,0.011625110238114389
2025-11-18,-1,182.56,184.27,184.27,stop,-1.0,-0.009366783523225175,0.009366783523225284
2025-11-19,1,185.0,183.28,183.28,stop,-1.0,-0.009297297297297336,0.00929729729729729
2025-11-20,-1,192.29,196.0,180.91,close,3.0673854447439277,0.059181444692911755,0.019293775027302555
2025-11-21,-1,178.63,182.3,182.3,stop,-1.0,-0.02054526115434152,0.020545261154341465
2025-11-24,1,179.88,178.09,178.09,stop,-1.0,-0.009951078496775567,0.009951078496775585
2025-11-25,-1,172.9,175.0,175.0,stop,-1.0,-0.012145748987854255,0.012145748987854218
2025-11-26,-1,180.91,182.91,180.175,close,0.3674999999999926,0.004062793654303176,0.01105522082803604
2025-12-01,1,175.95,173.68,179.93,close,1.7533039647577313,0.02262006251776083,0.012901392441034281
2025-12-02,1,184.59,181.58,181.58,stop,-1.0,-0.01630640879787637,0.016306408797876325
2025-12-03,-1,179.35,181.12,181.12,stop,-1.0,-0.009868971285196704,0.0098689712851966
2025-12-04,1,181.69,179.96,183.4,close,0.988439306358392,0.009411635202817958,0.009521712807529252
2025-12-05,-1,183.5495,184.66,182.35,close,1.0801440792435826,0.006535021887828618,0.006050139063304459
2025-12-08,-1,182.52,185.7,185.7,stop,-1.0,-0.017422748191978865,0.01742274819197884
2025-12-09,1,185.5925,183.32,184.97,close,-0.27392739273927397,-0.0033541226073251496,0.012244568072524525
2025-12-10,-1,184.55,185.48,183.74,close,0.8709677419355065,0.004389054456786834,0.005039284746680999
2025-12-11,-1,178.24,180.42,180.42,stop,-1.0,-0.012230700179532983,0.012230700179533092
2025-12-12,1,182.51,180.99,180.99,stop,-1.0,-0.008328310777491521,0.008328310777491545
2025-12-15,-1,176.95,178.25,178.25,stop,-1.0,-0.007346708109635447,0.007346708109635555
2025-12-16,-1,175.59,176.71,176.71,stop,-1.0,-0.006378495358505543,0.006378495358505635
2025-12-17,-1,174.18,176.13,170.92,close,1.6717948717948914,0.01871627052474467,0.01119531519118147
2025-12-18,-1,173.3686,174.89,174.89,stop,-1.0,-0.008775522211057929,0.008775522211057827
2025-12-19,1,178.36,176.34,180.99,close,1.3019801980197931,0.014745458623009577,0.011325409284593014
2025-12-22,-1,182.79,184.0,184.0,stop,-1.0,-0.0066196181410362875,0.006619618141036205
2025-12-23,1,184.64,182.9,189.22,close,2.6321839080460134,0.02480502599653378,0.009423743500866447
2025-12-26,1,191.52,189.61,189.61,stop,-1.0,-0.009972848788638244,0.009972848788638244
2025-12-29,1,187.78,185.91,188.23,close,0.24064171122993985,0.0023964213441260984,0.009958462030035172
2025-12-30,-1,187.81,188.99,187.55,close,0.2203389830508385,0.0013843778286565245,0.0062829455300570086
2025-12-31,-1,189.11,190.56,186.49,close,1.8068965517241553,0.013854370472211941,0.007667495108666853
2026-01-02,1,191.22,189.57,189.57,stop,-1.0,-0.008628804518355904,0.00862880451835585
2026-01-05,-1,191.67,193.63,188.11,close,1.8163265306122243,0.01857359002452119,0.010225909114624135
2026-01-06,-1,189.67,190.98,190.98,stop,-1.0,-0.006906732746349009,0.0069067327463489345
2026-01-07,1,188.61,186.56,189.24,close,0.30731707317072776,0.0033402258628916215,0.010868988918933307
2026-01-08,-1,188.14,189.55,185.09,close,2.1631205673758362,0.016211331986818234,0.007494419049644016
2026-01-09,1,185.25,183.6701,184.85,close,-0.25318058104943564,-0.0021592442645074206,0.008528475033738242
2026-01-12,1,185.04,183.02,184.89,close,-0.07425742574257774,-0.0008106355382619945,0.010916558581928134
2026-01-13,-1,183.6313,185.14,185.14,stop,-1.0,-0.008215919617189371,0.008215919617189314
2026-01-14,-1,182.21,184.46,183.21,close,-0.4444444444444444,-0.005488172987212492,0.012348389221228252
2026-01-15,1,187.48,186.36,186.36,stop,-1.0,-0.0059739705568592205,0.005973970556859272
2026-01-16,1,189.67,188.685,188.685,stop,-1.0,-0.005193230347445454,0.005193230347445486
2026-01-20,-1,180.36,182.3786,178.21,close,1.0650946200336937,0.011920603237968508,0.011192060323796807
2026-01-21,1,180.17,178.4,183.34,close,1.7909604519774285,0.017594494088916113,0.009824055059110739
2026-01-22,-1,184.69,186.16,186.16,stop,-1.0,-0.007959283123071037,0.007959283123071086
2026-01-23,-1,187.22,189.6,187.67,close,-0.18907563025209642,-0.0024035893601110914,0.012712317060143122
2026-01-26,1,188.31,187.02,187.02,stop,-1.0,-0.006850406245021423,0.006850406245021465
2026-01-27,-1,186.3,187.4,187.4,stop,-1.0,-0.005904455179817525,0.005904455179817468
2026-01-28,1,191.96,190.12,190.12,stop,-1.0,-0.009585330277141035,0.00958533027714109
2026-01-29,-1,191.195,193.48,192.43,close,-0.5404814004376436,-0.006459373937603097,0.011951149350139892
2026-01-30,1,192.54,190.9096,190.9096,stop,-1.0,-0.008467850836189728,0.008467850836189781
2026-02-03,-1,184.01,186.27,180.33,close,1.628318584070773,0.019998913102548643,0.012281941198847995
2026-02-04,1,179.565,177.2,177.2,stop,-1.0,-0.013170718124356107,0.013170718124356134
2026-02-05,1,175.52,173.685,173.685,stop,-1.0,-0.01045464904284421,0.010454649042844166
2026-02-06,1,177.67,174.6,185.41,close,2.5211726384364908,0.043563910620813884,0.017279225530477817
2026-02-09,1,187.46,183.95,189.79,close,0.6638176638176556,0.01242931825456095,0.018723994452149895
2026-02-10,-1,190.61,192.48,188.61,close,1.0695187165775537,0.010492628928177927,0.009810608047846262
2026-02-11,-1,191.5,193.2,193.2,stop,-1.0,-0.008877284595300239,0.008877284595300202
2026-02-12,-1,191.95,193.61,186.91,close,3.0361445783132024,0.02625683771815568,0.008648085438916516
2026-02-13,-1,185.38,187.5,182.78,close,1.2264150943396173,0.014025245441795176,0.01143596936023306
2026-02-17,1,182.52,181.01,181.01,stop,-1.0,-0.008273065965373805,0.008273065965373763
2026-02-18,-1,187.38,189.19,189.19,stop,-1.0,-0.009659515423204201,0.009659515423204196
2026-02-19,-1,186.51,187.39,187.39,stop,-1.0,-0.00471824567047352,0.004718245670473409
2026-02-20,1,188.02,185.9378,189.81,close,0.8596676592066045,0.009520263801723106,0.011074353792149771
2026-02-23,-1,191.3,193.95,191.64,close,-0.1283018867924445,-0.0017773131207525772,0.013852587558808036
2026-02-24,-1,188.22,192.07,192.07,stop,-1.0,-0.020454786951439763,0.020454786951439773
2026-02-25,-1,194.01,195.0,195.0,stop,-1.0,-0.005102829751043814,0.005102829751043808
2026-02-26,-1,190.95,194.29,184.87,close,1.8203592814371192,0.03184079601990042,0.017491489918826937
2026-02-27,-1,180.01,181.79,181.79,stop,-1.0,-0.009888339536692436,0.009888339536692412
2026-03-02,1,179.27,174.64,182.35,close,0.6652267818574445,0.017180788754392662,0.025826964913259462
2026-03-03,-1,177.99,180.53,180.53,stop,-1.0,-0.014270464632844426,0.014270464632844496
2026-03-04,1,182.25,180.06,182.9,close,0.29680365296803946,0.0035665294924553947,0.012016460905349781
2026-03-05,1,181.92,180.8,180.8,stop,-1.0,-0.006156552330694676,0.00615655233069468
2026-03-06,1,181.44,179.64,179.64,stop,-1.0,-0.009920634920634996,0.009920634920634984
2026-03-09,-1,176.5,178.1583,178.1583,stop,-1.0,-0.009395467422096404,0.0093954674220963
2026-03-10,1,183.29,182.01,184.76,close,1.148437499999998,0.008020077472857157,0.006983468819902893
2026-03-11,-1,184.95,186.87,186.87,stop,-1.0,-0.010381184103811947,0.010381184103811928
2026-03-12,-1,183.52,184.86,184.86,stop,-1.0,-0.007301656495204867,0.007301656495204901
2026-03-13,-1,184.7,186.09,180.26,close,3.1942446043165114,0.02403898213318889,0.007525717379534461
2026-03-16,1,184.49,182.8402,182.8402,stop,-1.0,-0.008942490107864964,0.00894249010786492
2026-03-17,-1,183.26,185.4,181.96,close,0.6074766355140065,0.007093746589544869,0.011677398232020162
2026-03-18,1,182.82,180.72,180.72,stop,-1.0,-0.011486708237610777,0.011486708237610733
2026-03-19,-1,176.27,178.03,178.03,stop,-1.0,-0.009984682589209593,0.009984682589209683
2026-03-20,-1,176.75,178.26,173.0,close,2.4834437086092866,0.021216407355021172,0.008543140028288492
2026-03-23,1,177.68,175.8701,175.8701,stop,-1.0,-0.010186289959477679,0.010186289959477707
2026-03-24,-1,174.6818,175.9,175.9,stop,-1.0,-0.00697382326035112,0.006973823260351083
2026-03-25,1,178.83,176.85,178.67,close,-0.0808080808080927,-0.0008947044679306071,0.011071967790639256
2026-03-26,-1,175.46,176.51,171.22,close,4.038095238095313,0.024165051863672682,0.005984269919069776
2026-03-30,-1,167.7,169.45,165.06,close,1.5085714285714207,0.015742397137745945,0.010435301132975552
2026-03-31,1,168.68,166.96,174.31,close,3.273255813953488,0.033376808157457916,0.01019682238558216
2026-04-01,1,176.32,174.75,175.8,close,-0.3312101910827924,-0.0029491833030852455,0.008904264972776731
2026-04-02,-1,171.92,173.75,173.75,stop,-1.0,-0.010644485807352222,0.010644485807352331
2026-04-06,-1,176.73,177.79,177.64,close,-0.8584905660377308,-0.005149097493351462,0.005997849827420372
2026-04-07,1,176.43,175.25,175.25,stop,-1.0,-0.006688204953806065,0.006688204953806081
2026-04-08,-1,183.57,185.26,182.12,close,0.8579881656804678,0.007898894154818259,0.009206297325271002
2026-04-09,1,182.3,180.62,183.86,close,0.9285714285714262,0.008557323093801417,0.009215578716401572
2026-04-10,1,186.5,184.3,188.64,close,0.9727272727272716,0.011474530831099061,0.011796246648793505
2026-04-13,1,186.45,185.74,189.21,close,3.887323943662111,0.014802896218825579,0.003807991418610778
2026-04-14,1,193.31,190.77,196.49,close,1.2519685039370145,0.016450261238425412,0.013139516838239057
2026-04-15,1,198.68,196.26,196.26,stop,-1.0,-0.012180390577813616,0.012180390577813649
2026-04-16,1,197.8,195.81,198.24,close,0.2211055276381888,0.002224469160768461,0.010060667340748276
2026-04-17,1,200.89,199.27,201.67,close,0.4814814814814893,0.0038827218876000824,0.008064114689631023
2026-04-20,-1,198.42,200.53,200.53,stop,-1.0,-0.010634008668481076,0.01063400866848107
2026-04-21,-1,201.65,202.75,199.91,close,1.5818181818181982,0.00862881229853707,0.005454996280684326
2026-04-22,-1,200.11,201.1,201.1,stop,-1.0,-0.004947278996551896,0.0049472789965518
2026-04-23,1,202.88,201.105,201.105,stop,-1.0,-0.008749014195583604,0.008749014195583625
2026-04-24,1,203.18,199.81,208.19,close,1.4866468842729923,0.02465793877350131,0.016586278176985946
2026-04-27,1,210.94,209.0,209.0,stop,-1.0,-0.00919692803640848,0.009196928036408447
2026-04-28,1,210.99,208.2,213.15,close,0.7741935483870899,0.010237452011943704,0.013223375515427368
2026-04-29,-1,210.4,212.72,209.35,close,0.45258620689655793,0.004990494296578052,0.011026615969581717
2026-04-30,-1,208.4501,210.3,199.52,close,4.827342018487426,0.042840468774061446,0.008874545994461119
2026-05-01,-1,200.19,203.0,198.39,close,0.6405693950177971,0.008991458114790962,0.014036665168090325
2026-05-04,1,200.75,197.9,197.9,stop,-1.0,-0.014196762141967634,0.014196762141967594
2026-05-05,1,199.96,198.11,198.11,stop,-1.0,-0.009251850370074033,0.009251850370073986
2026-05-06,1,201.6,198.61,207.65,close,2.0234113712374753,0.030009920634920695,0.01483134920634911
2026-05-07,1,208.4299,206.5,211.52,close,1.6011710451318728,0.014825608034163995,0.009259228162562106
2026-05-08,1,215.4599,212.89,215.19,close,-0.10502354177205533,-0.0012526692902020686,0.011927509480882606
2026-05-11,1,215.92,213.89,219.49,close,1.7586206896551821,0.01653390144497968,0.009401630233419792
2026-05-12,1,221.6,217.01,217.01,stop,-1.0,-0.020712996389891658,0.020712996389891714
2026-05-13,1,226.88,224.12,224.12,stop,-1.0,-0.012165021156558486,0.012165021156558493
2026-05-14,1,232.19,229.3,235.75,close,1.2318339100346087,0.015332270984969254,0.012446703131056404
2026-05-15,-1,226.4,230.05,230.05,stop,-1.0,-0.016121908127208595,0.016121908127208505
2026-05-18,-1,227.14,230.0,222.36,close,1.671328671328654,0.021044289865281174,0.012591353350356669
2026-05-19,1,222.39,219.52,219.52,stop,-1.0,-0.012905256531318798,0.012905256531318748
2026-05-20,-1,221.1,223.18,223.18,stop,-1.0,-0.009407507914970692,0.009407507914970659
2026-05-21,1,227.15,220.35,220.35,stop,-1.0,-0.02993616552938594,0.029936165529385918
2026-05-22,-1,218.28,221.01,215.25,close,1.1098901098901144,0.013881253435953811,0.012506871907641515
2026-05-26,-1,214.8,217.48,217.48,stop,-1.0,-0.012476722532588358,0.012476722532588353
2026-05-27,-1,210.84,214.15,212.58,close,-0.5256797583081595,-0.008252703471826939,0.01569910832859041
2026-05-28,1,213.8,211.22,214.26,close,0.17829457364340207,0.0021515434985968085,0.012067352666043089
2026-05-29,1,215.28,212.81,212.81,stop,-1.0,-0.011473429951690761,0.011473429951690817
2026-06-01,1,220.1,215.7,224.43,close,0.9840909090909107,0.019672875965470293,0.01999091322126309
2026-06-02,-1,225.16,227.55,227.55,stop,-1.0,-0.01061467400959315,0.010614674009593244
2026-06-03,-1,220.01,222.82,214.9,close,1.8185053380782852,0.023226216990136717,0.01277214672060362
2026-06-04,1,214.84,212.72,212.72,stop,-1.0,-0.009867808601750183,0.00986780860175016
2026-06-05,-1,212.86,214.87,205.11,close,3.8557213930348433,0.03640890726298973,0.009442826270788268
2026-06-08,-1,208.2,210.47,208.64,close,-0.19383259911894085,-0.0021133525456291657,0.0109029779058598
2026-06-09,-1,208.83,211.4,208.2,close,0.24513618677043797,0.0030168079298952266,0.012306660920365814
2026-06-10,1,206.64,204.28,204.28,stop,-1.0,-0.011420828493999169,0.011420828493999155
2026-06-11,-1,201.1,202.88,202.88,stop,-1.0,-0.00885131775236192,0.008851317752362016
2026-06-12,1,205.0,203.4385,205.14,close,0.08965738072365469,0.0006829268292682933,0.007617073170731684
2026-06-15,-1,208.66,210.99,210.99,stop,-1.0,-0.011166490942202678,0.011166490942202687
2026-06-16,-1,208.87,211.49,207.41,close,0.5572519083969486,0.006989993776032932,0.012543687461100227
2026-06-17,-1,207.7,208.69,208.69,stop,-1.0,-0.004766490129995304,0.00476649012999523
2026-06-18,1,207.99,206.5,210.2,close,1.4832214765100444,0.010625510841867358,0.007163805952209284
2026-06-22,1,213.73,210.79,210.79,stop,-1.0,-0.013755673045431127,0.013755673045431141
2026-06-23,1,202.38,200.04,200.04,stop,-1.0,-0.011562407352505244,0.011562407352505206
2026-06-24,-1,199.42,201.67,198.96,close,0.20444444444443535,0.002306689399257711,0.011282719887674255
2026-06-25,-1,198.45,200.8,195.75,close,1.14893617021275,0.013605442176870652,0.011841773746535767
2026-06-26,1,193.5,191.22,191.72,close,-0.780701754385965,-0.009198966408268783,0.011782945736434115
2026-06-29,1,194.55,192.0,192.0,stop,-1.0,-0.013107170393215184,0.01310717039321517
2026-06-30,1,198.43,195.11,199.76,close,0.40060240963855026,0.0067026155319256375,0.016731341027062405
2026-07-01,1,196.24,193.45,197.58,close,0.4802867383512522,0.0068283734203016255,0.014217284957195375
2026-07-02,1,198.69,196.78,196.78,stop,-1.0,-0.009612964920227451,0.009612964920227472
2026-07-06,1,194.8848,193.99,195.625,close,0.8272239606615829,0.00379814126088851,0.004591430424538002
2026-07-07,1,192.88,191.44,191.44,stop,-1.0,-0.0074657818332641845,0.007465781833264194
2026-07-08,1,197.93,195.06,204.135,close,2.162020905923336,0.031349466983276786,0.014500075784368233
2026-07-09,-1,202.51,204.46,204.46,stop,-1.0,-0.009629154115846195,0.009629154115846215
2026-07-10,1,204.4,201.92,210.96,close,2.6451612903225623,0.03209393346379641,0.012133072407045099
2026-07-13,1,210.3,208.52,208.52,stop,-1.0,-0.008464098906324269,0.008464098906324304
2026-07-14,-1,204.83,208.34,208.34,stop,-1.0,-0.017136161695064045,0.017136161695064153
2026-07-15,-1,211.1601,213.81,212.49,close,-0.501867995018683,-0.006298064833271111,0.012549245809222492
2026-07-16,-1,209.35,211.08,207.46,close,1.0924855491329286,0.009027943635060875,0.008263673274420914
2026-07-17,-1,199.93,203.49,203.49,stop,-1.0,-0.017806232181263537,0.017806232181263454
2026-07-20,1,207.34,205.08,205.08,stop,-1.0,-0.010899971062023672,0.010899971062023684
2026-07-21,-1,206.295,208.65,207.17,close,-0.3715498938428846,-0.004241498824498979,0.01141569112193712
2026-07-22,1,206.83,204.95,212.0601,close,2.781968085106344,0.025286950635787786,0.009089590484939437
2026-07-23,1,210.009,208.45,208.45,stop,-1.0,-0.007423491374179192,0.00742349137417919
2026-07-24,1,208.25,206.73,206.73,stop,-1.0,-0.0072989195678271335,0.00729891956782718
2026-07-27,-1,204.95,208.75,196.52,close,2.2184210526315664,0.04113198341058788,0.01854110758721645
2026-07-28,-1,193.57,195.455,195.455,stop,-1.0,-0.009738079247817444,0.009738079247817426
2026-07-29,-1,194.86,197.074,190.07,close,2.1635049683830276,0.024581751000718577,0.011362003489684894
2026-07-30,-1,191.725,193.5,193.5,stop,-1.0,-0.00925805189724871,0.009258051897248694
2026-07-31,1,199.71,197.11,197.11,stop,-1.0,-0.013018877372189652,0.013018877372189645
2026-08-03,1,199.83,196.85,206.66,close,2.291946308724813,0.034179052194365234,0.014912675774408336
2026-08-04,-1,210.35,212.1709,212.1709,stop,-1.0,-0.008656524839553148,0.008656524839553101
2026-08-05,1,219.6,216.4,219.21,close,-0.12187499999999617,-0.0017759562841529464,0.014571948998178454
2026-08-06,1,222.22,220.02,220.02,stop,-1.0,-0.009900099000989981,0.009900099000989959
2026-08-07,1,222.99,220.66,223.9,close,0.39055793991415955,0.004080900488811157,0.010448899053769284
2026-08-10,-1,222.41,224.1379,217.56,close,2.80687539788181,0.02180657344543857,0.007768985207499687
2026-08-11,-1,220.5,222.2,217.4825,close,1.7750000000000192,0.013684807256235887,0.007709750566893372
2026-08-12,1,222.45,220.2,224.1,close,0.7333333333333358,0.007417397167903017,0.010114632501685773
2026-08-13,1,226.87,224.13,224.13,stop,-1.0,-0.012077401154846457,0.012077401154846427
2026-08-14,-1,226.09,227.49,225.12,close,0.6928571428571393,0.004290326860984517,0.006192224335441664
2026-08-17,-1,225.32,227.17,227.17,stop,-1.0,-0.008210545002662828,0.008210545002662854
2026-08-18,1,220.68,219.432,219.432,stop,-1.0,-0.0056552474170745715,0.005655247417074583
2026-08-19,-1,221.36,222.87,217.67,close,2.4437086092715554,0.016669678352005945,0.006821467293097175
2026-08-20,1,218.8,217.175,217.175,stop,-1.0,-0.007426873857404037,0.0074268738574040215
2026-08-21,-1,216.83,218.74,214.76,close,1.0837696335078666,0.009546649448877065,0.008808744177466202
2026-08-24,-1,212.96,215.59,208.48,close,1.703422053231949,0.0210368144252443,0.012349737039819663
2026-08-25,1,211.77,210.11,212.98,close,0.7289156626505916,0.0057137460452376665,0.007838692921565834
2026-08-26,-1,211.6,213.6,213.6,stop,-1.0,-0.00945179584120992,0.00945179584120983
2026-08-27,-1,221.22,225.5,225.5,stop,-1.0,-0.019347256125124224,0.019347256125124317
2026-08-28,1,227.4575,226.05,226.05,stop,-1.0,-0.006187969181055797,0.006187969181055796
2026-08-31,-1,217.04,219.348,219.348,stop,-1.0,-0.010633984518982675,0.010633984518982774
2026-09-01,1,217.3,215.1,217.54,close,0.10909090909089945,0.0011044638748274327,0.010124252185918163
2026-09-02,1,220.13,218.48,224.4,close,2.5878787878787852,0.01939762867396544,0.007495570799073301
2026-09-03,1,227.44,224.75,228.4,close,0.3568773234200776,0.00422089342244103,0.011827295110798443
2026-09-04,1,232.57,229.82,229.82,stop,-1.0,-0.011824396955755212,0.011824396955755257
2026-09-08,-1,231.75,233.71,225.78,close,3.0459183673469257,0.025760517799352733,0.008457389428263249
2026-09-09,1,225.95,224.5601,224.5601,stop,-1.0,-0.006151360920557569,0.006151360920557571
2026-09-10,-1,218.45,220.99,218.4,close,0.019685039370071867,0.0002288853284503345,0.011627374685282767
2026-09-11,-1,219.1501,221.34,221.34,stop,-1.0,-0.009992694504816546,0.009992694504816536
2026-09-14,-1,209.24,211.5,211.5,stop,-1.0,-0.01080099407379076,0.010800994073790818
2026-09-15,1,213.8795,212.5625,212.5625,stop,-1.0,-0.00615767289525182,0.006157672895251799
2026-09-16,1,214.23,213.31,213.31,stop,-1.0,-0.004294449890304808,0.004294449890304754
2026-09-17,1,218.6799,217.145,219.37,close,0.4496058375138472,0.003155754141098477,0.007018934982135959
2026-09-18,1,219.57,218.03,222.08,close,1.6298701298701508,0.011431434166780718,0.007013708612287617
2026-09-21,1,223.5,221.56,227.25,close,1.9329896907216517,0.016778523489932917,0.008680089485458602
2026-09-22,1,229.539,226.5,228.83,close,-0.23330042777228618,-0.0030887997246654697,0.013239580202057111
2026-09-23,1,228.87,227.6016,227.6016,stop,-1.0,-0.005542010748459836,0.005542010748459885
2026-09-24,1,222.99,221.09,224.54,close,0.8157894736841991,0.006950984349073819,0.00852056146015519
2026-09-25,1,226.75,224.66,224.66,stop,-1.0,-0.0092171995589857,0.009217199558985681
2026-09-28,1,232.4,229.48,229.48,stop,-1.0,-0.012564543889845181,0.012564543889845162
2026-09-29,-1,230.45,232.82,227.3,close,1.3291139240506207,0.013668908656975343,0.01028422651334348
2026-09-30,1,231.43,228.79,228.79,stop,-1.0,-0.011407336991747008,0.011407336991747029
2026-10-01,1,230.44,228.37,228.37,stop,-1.0,-0.008982815483422946,0.008982815483422987
2026-10-02,1,236.42,234.53,234.53,stop,-1.0,-0.00799424752558997,0.007994247525589995
