date,side,entry,stop,exit,how,R,ret,risk_pct
2021-10-06,1,125.87,125.08,125.08,stop,-1.0,-0.006276316834829654,0.006276316834829636
2021-10-07,1,129.315,128.6,128.6,stop,-1.0,-0.005529134284499082,0.005529134284499118
2021-10-08,-1,128.175,129.25,127.33,close,0.7860465116279275,0.006592549249073598,0.00838697093817038
2021-10-11,1,127.575,126.6355,126.6355,stop,-1.0,-0.007364295512443775,0.007364295512443735
2021-10-12,-1,126.885,127.64,125.365,close,2.0132450331126086,0.01197935138117201,0.005950269929463651
2021-10-13,1,126.825,126.05,126.05,stop,-1.0,-0.0061107825744135535,0.0061107825744136065
2021-10-14,-1,128.595,129.305,129.305,stop,-1.0,-0.005521210000388965,0.005521210000388879
2021-10-15,-1,130.495,131.3,131.3,stop,-1.0,-0.00616881872868702,0.006168818728686975
2021-10-19,1,132.645,132.02,133.84,close,1.911999999999989,0.009009009009008917,0.0047118247955068035
2021-10-20,-1,133.38,133.74,133.74,stop,-1.0,-0.0026990553306343035,0.0026990553306343802
2021-10-21,1,132.915,132.235,134.815,close,2.7941176470589206,0.014294850092164246,0.005116051611932276
2021-10-22,1,135.14,133.955,133.955,stop,-1.0,-0.008768684327363996,0.008768684327364022
2021-10-25,1,134.855,133.89,133.89,stop,-1.0,-0.0071558340439731305,0.0071558340439731825
2021-10-26,-1,135.485,136.13,136.13,stop,-1.0,-0.004760674613425664,0.0047606746134257055
2021-10-27,1,134.395,133.65,133.845,close,-0.7382550335570577,-0.004092414152312318,0.005543360988132033
2021-10-28,-1,135.335,136.31,136.31,stop,-1.0,-0.007204344774079052,0.007204344774079095
2021-10-29,1,135.935,135.205,136.805,close,1.1917808219178312,0.006400117703314168,0.0053702137050795585
2021-11-01,-1,136.67,137.04,137.04,stop,-1.0,-0.0027072510426575658,0.0027072510426575298
2021-11-02,1,139.215,138.3,139.915,close,0.7650273224043658,0.005028193800955316,0.00657256761124873
2021-11-03,-1,139.54,140.23,140.23,stop,-1.0,-0.004944818689981423,0.004944818689981352
2021-11-04,-1,142.34,142.82,142.82,stop,-1.0,-0.0033722073907545003,0.0033722073907544595
2021-11-05,1,149.195,147.95,147.95,stop,-1.0,-0.008344783672375122,0.00834478367237511
2021-11-08,1,149.7275,149.245,149.245,stop,-1.0,-0.0032225209129917998,0.003222520912991852
2021-11-09,-1,152.265,152.975,151.19,close,1.5140845070422206,0.007060059764226745,0.004662923193117316
2021-11-10,1,148.3882,147.495,147.495,stop,-1.0,-0.006019346551814797,0.006019346551814816
2021-11-11,-1,147.9775,148.93,148.93,stop,-1.0,-0.006436789376763397,0.00643678937676346
2021-11-12,-1,148.925,149.52,149.52,stop,-1.0,-0.0039952996474734714,0.003995299647473553
2021-11-15,-1,150.97,151.5525,150.305,close,1.1416309012875199,0.004404848645426229,0.0038583824600914767
2021-11-16,1,149.945,149.39,152.275,close,4.1981981981981695,0.015539030978025448,0.00370135716429362
2021-11-17,-1,151.225,152.375,152.375,stop,-1.0,-0.0076045627376426506,0.007604562737642624
2021-11-18,1,155.1445,154.11,154.11,stop,-1.0,-0.0066679772728004405,0.006667977272800389
2021-11-19,1,155.11,154.4388,156.06,close,1.4153754469605928,0.006124685706917488,0.004327251627877167
2021-11-22,1,157.19,156.5,156.5,stop,-1.0,-0.004389592213245086,0.004389592213245103
2021-11-23,1,152.995,152.245,152.245,stop,-1.0,-0.004902120984345948,0.004902120984345893
2021-11-24,-1,150.015,151.22,151.22,stop,-1.0,-0.00803253008032545,0.008032530080325385
2021-11-29,-1,152.255,153.165,153.165,stop,-1.0,-0.005976815211323094,0.005976815211323087
2021-11-30,1,155.065,154.4,154.4,stop,-1.0,-0.004288524167284646,0.004288524167284636
2021-12-01,1,155.385,154.28,154.28,stop,-1.0,-0.007111368536216411,0.007111368536216429
2021-12-02,1,152.09,149.945,149.945,stop,-1.0,-0.014103491353803732,0.014103491353803736
2021-12-03,-1,153.375,154.72,150.58,close,2.078066914498134,0.01822330888345547,0.008769356153219226
2021-12-06,-1,147.285,149.875,149.875,stop,-1.0,-0.017584954340224668,0.017584954340224758
2021-12-07,1,154.595,153.5,157.405,close,2.566210045662105,0.01817652576085904,0.007083023383679931
2021-12-08,1,156.525,155.0,156.525,close,0.0,0.0,0.009742852579460186
2021-12-09,1,156.68,155.3502,155.3502,stop,-1.0,-0.008487362777635954,0.008487362777635983
2021-12-10,-1,154.62,155.875,153.865,close,0.6015936254980065,0.004882938817746707,0.00811667313413527
2021-12-14,1,148.5,147.205,147.205,stop,-1.0,-0.008720538720538684,0.008720538720538636
2021-12-16,-1,154.5,156.175,148.335,close,3.6805970149253433,0.03990291262135914,0.010841423948220139
2021-12-17,-1,146.785,148.105,148.105,stop,-1.0,-0.008992744490240678,0.008992744490240782
2021-12-20,1,145.73,144.69,144.69,stop,-1.0,-0.007136485280999083,0.007136485280999054
2021-12-21,-1,148.51,149.22,149.22,stop,-1.0,-0.004780822840212862,0.004780822840212834
2021-12-22,1,150.325,149.87,149.87,stop,-1.0,-0.0030267753201396186,0.0030267753201395917
2021-12-23,1,153.88,153.065,154.125,close,0.30061349693252176,0.0015921497270601215,0.00529633480634259
2021-12-27,1,155.405,154.54,158.27,close,3.312138728323675,0.01843570026704433,0.0055661014767865195
2021-12-28,-1,157.445,158.96,156.545,close,0.594059405940592,0.00571628187621076,0.00962240782495484
2021-12-29,1,157.665,156.545,156.545,stop,-1.0,-0.007103669171978577,0.007103669171978591
2021-12-30,-1,155.705,156.675,156.675,stop,-1.0,-0.0062297292957835815,0.0062297292957836856
2021-12-31,1,155.83,155.0,155.0,stop,-1.0,-0.005326317140473713,0.005326317140473673
2022-01-03,1,157.62,155.405,155.405,stop,-1.0,-0.01405278517954578,0.014052785179545764
2022-01-04,1,158.775,158.21,158.21,stop,-1.0,-0.003558494725240058,0.003558494725240105
2022-01-05,-1,154.9402,156.275,156.275,stop,-1.0,-0.008614936601346823,0.008614936601346851
2022-01-06,1,152.335,151.195,151.195,stop,-1.0,-0.007483506745002866,0.007483506745002887
2022-01-07,-1,152.19,153.306,148.44,close,3.3602150537633992,0.02464025231618372,0.0073329390892963656
2022-01-10,-1,145.87,146.95,146.95,stop,-1.0,-0.007403852745595296,0.007403852745595284
2022-01-11,1,148.235,147.085,151.62,close,2.9434782608695427,0.022835362768576895,0.007757951900698254
2022-01-12,-1,152.895,154.035,154.035,stop,-1.0,-0.00745609732169128,0.0074560973216912674
2022-01-13,1,157.045,156.0,156.0,stop,-1.0,-0.006654143716768979,0.006654143716769
2022-01-14,1,150.185,148.94,153.625,close,2.7630522088353295,0.022905083730066167,0.008289775943003659
2022-01-18,-1,149.345,150.9,146.6,close,1.7652733118971013,0.018380260470722165,0.01041213298068236
2022-01-20,-1,142.9464,143.99,143.99,stop,-1.0,-0.007300638561027029,0.007300638561027055
2022-01-21,1,138.67,137.065,137.065,stop,-1.0,-0.011574241003821983,0.01157424100382195
2022-01-24,1,134.06,132.66,132.66,stop,-1.0,-0.010443085185737777,0.010443085185737772
2022-01-25,1,134.36,133.185,133.185,stop,-1.0,-0.008745162250669902,0.008745162250669927
2022-01-26,-1,135.7125,136.825,136.825,stop,-1.0,-0.008197476282582494,0.00819747628258254
2022-01-27,-1,134.205,135.695,128.275,close,3.9798657718121366,0.04418613315450248,0.011102417942699457
2022-01-28,-1,126.89,128.77,128.77,stop,-1.0,-0.014815982346914724,0.014815982346914726
2022-01-31,1,132.425,130.97,137.62,close,3.5704467353951537,0.0392297526902019,0.010987351330942136
2022-02-01,-1,136.86,138.655,138.655,stop,-1.0,-0.013115592576355306,0.013115592576355308
2022-02-02,1,141.7,140.295,140.295,stop,-1.0,-0.009915314043754453,0.00991531404375442
2022-02-03,1,138.995,137.635,137.635,stop,-1.0,-0.009784524623188018,0.009784524623187981
2022-02-04,-1,134.07,135.635,135.635,stop,-1.0,-0.011673006638323269,0.011673006638323248
2022-02-07,1,137.25,136.405,136.405,stop,-1.0,-0.006156648451730362,0.006156648451730411
2022-02-08,1,136.615,135.59,135.59,stop,-1.0,-0.007502836438165739,0.007502836438165689
2022-02-09,-1,140.595,141.505,141.505,stop,-1.0,-0.006472491909385036,0.006472491909385089
2022-02-10,1,141.76,140.615,140.615,stop,-1.0,-0.008077031602708673,0.008077031602708677
2022-02-11,-1,140.0,141.0075,132.655,close,7.29032258064521,0.05246428571428574,0.007196428571428523
2022-02-14,1,133.45,132.36,132.36,stop,-1.0,-0.008167853128512315,0.008167853128512365
2022-02-15,1,135.955,135.085,139.7,close,4.304597701149375,0.027545879151189556,0.006399176198006726
2022-02-16,-1,137.24,138.265,138.265,stop,-1.0,-0.007468668026814118,0.007468668026814174
2022-02-17,-1,136.735,138.155,134.115,close,1.8450704225352308,0.01916115113175121,0.010385051376750557
2022-02-18,-1,133.94,134.805,132.705,close,1.4277456647398523,0.009220546513364125,0.006458115574137741
2022-02-22,1,132.14,131.01,131.01,stop,-1.0,-0.00855153624943239,0.008551536249432386
2022-02-23,1,134.56,133.75,133.75,stop,-1.0,-0.006019619500594597,0.006019619500594547
2022-02-24,1,124.915,123.38,133.23,close,5.416938110749137,0.06656526437977806,0.012288356082135939
2022-02-25,1,133.695,132.3,132.3,stop,-1.0,-0.010434197239986398,0.010434197239986402
2022-02-28,1,134.17,133.23,133.23,stop,-1.0,-0.007006037117090247,0.0070060371170902426
2022-03-01,1,134.125,133.32,133.32,stop,-1.0,-0.006001863932898477,0.0060018639328984665
2022-03-03,-1,133.695,134.565,131.19,close,2.879310344827566,0.018736676764276816,0.0065073488163357235
2022-03-04,1,130.08,129.5,129.5,stop,-1.0,-0.004458794587945958,0.004458794587945975
2022-03-07,-1,127.66,128.775,121.295,close,5.7085201793721465,0.04985900046999836,0.008734137552874895
2022-03-08,-1,120.5575,122.115,122.115,stop,-1.0,-0.012919146465379505,0.01291914646537951
2022-03-09,-1,126.625,127.715,127.715,stop,-1.0,-0.008608094768015828,0.008608094768015821
2022-03-10,-1,125.0,126.3,125.715,close,-0.5500000000000038,-0.005719999999999947,0.010399999999999977
2022-03-11,-1,126.925,127.84,122.89,close,4.409836065573737,0.03179042741776639,0.007208981682095775
2022-03-14,-1,121.6,123.41,123.41,stop,-1.0,-0.014884868421052744,0.014884868421052652
2022-03-15,-1,119.86,120.81,120.81,stop,-1.0,-0.007925913565826725,0.007925913565826821
2022-03-16,1,127.39,126.59,126.59,stop,-1.0,-0.00627992778083053,0.006279927780830498
2022-03-17,1,129.765,128.56,131.695,close,1.6016597510373711,0.01487303972565801,0.0092860170307863
2022-03-18,1,131.18,130.14,134.6,close,3.288461538461462,0.026071047415764603,0.007928037810642021
2022-03-21,1,134.705,133.75,133.75,stop,-1.0,-0.00708956608886091,0.007089566088860936
2022-03-22,1,134.785,133.995,133.995,stop,-1.0,-0.0058611863337908465,0.005861186333790794
2022-03-23,-1,133.18,134.375,134.375,stop,-1.0,-0.008972818741552757,0.008972818741552735
2022-03-24,-1,132.79,133.5,133.5,stop,-1.0,-0.005346788161759264,0.005346788161759229
2022-03-25,-1,137.245,138.25,137.59,close,-0.3432835820895527,-0.002513752777878908,0.007322671135560461
2022-03-28,1,137.395,136.57,136.57,stop,-1.0,-0.00600458531969883,0.006004585319698803
2022-03-29,1,141.855,140.775,140.775,stop,-1.0,-0.007613408057523419,0.007613408057523416
2022-03-30,-1,140.68,141.33,137.55,close,4.815384615384566,0.02224907591697467,0.004620415126528331
2022-03-31,-1,137.075,137.625,137.625,stop,-1.0,-0.004012401969724744,0.0040124019697246865
2022-04-01,-1,135.13,135.885,132.665,close,3.2649006622516796,0.01824169318434099,0.005587212314067901
2022-04-04,1,133.405,132.615,134.875,close,1.8607594936709033,0.011019077245980169,0.00592181702334989
2022-04-05,-1,133.235,134.045,129.065,close,5.1481481481483335,0.03129808233572273,0.00607948361916894
2022-04-06,-1,126.0,126.69,126.69,stop,-1.0,-0.005476190476190412,0.005476190476190458
2022-04-07,1,126.895,125.855,125.855,stop,-1.0,-0.008195752393711286,0.008195752393711274
2022-04-08,-1,124.31,125.72,123.35,close,0.6808510638297945,0.007722628911592033,0.011342611213900705
2022-04-11,1,121.65,120.575,120.575,stop,-1.0,-0.008836826962597688,0.00883682696259764
2022-04-12,-1,122.1679,123.48,123.48,stop,-1.0,-0.01074013713913402,0.010740137139133937
2022-04-13,1,121.225,120.39,122.81,close,1.898203592814395,0.013074860796040477,0.0068880181480717164
2022-04-14,-1,122.685,123.61,119.15,close,3.8216216216216297,0.02881362839792967,0.007539634022089067
2022-04-18,1,119.95,118.545,121.1655,close,0.8651245551601356,0.010133388912046515,0.011713213839099634
2022-04-19,-1,120.24,121.275,121.275,stop,-1.0,-0.008607784431137855,0.008607784431137815
2022-04-20,-1,125.67,126.635,123.345,close,2.4093264248704607,0.018500835521604198,0.007678841410042201
2022-04-21,1,126.105,124.875,124.875,stop,-1.0,-0.009753776614725873,0.009753776614725856
2022-04-22,-1,119.6023,120.715,117.41,close,1.9702525388694128,0.018329915060161905,0.009303332795439585
2022-04-25,1,117.355,116.345,116.345,stop,-1.0,-0.008606365301861874,0.008606365301861915
2022-04-26,-1,117.41,118.295,114.32,close,3.491525423728797,0.026318030832126804,0.007537688442211099
2022-04-27,1,115.01,112.98,112.98,stop,-1.0,-0.017650639074863084,0.017650639074863063
2022-04-28,-1,116.185,117.34,117.34,stop,-1.0,-0.009941042303223346,0.009941042303223317
2022-04-29,1,119.035,117.72,117.72,stop,-1.0,-0.011047171000125977,0.011047171000125994
2022-05-02,-1,114.875,115.7075,115.7075,stop,-1.0,-0.007247007616974832,0.007247007616974938
2022-05-03,-1,117.36,118.175,118.175,stop,-1.0,-0.00694444444444442,0.006944444444444425
2022-05-04,-1,119.185,120.105,120.105,stop,-1.0,-0.007719092167638664,0.00771909216763856
2022-05-05,-1,120.475,121.395,117.605,close,3.1195652173912882,0.02382236978626262,0.007636439095247991
2022-05-06,-1,115.825,116.98,116.98,stop,-1.0,-0.00997194042736882,0.009971940427368885
2022-05-09,1,114.49,113.455,113.455,stop,-1.0,-0.00904009083762769,0.009040090837627711
2022-05-10,-1,113.08,114.305,114.305,stop,-1.0,-0.010833038556774088,0.010833038556774041
2022-05-11,-1,111.685,113.085,113.085,stop,-1.0,-0.012535255405828893,0.012535255405828817
2022-05-12,-1,108.045,109.535,109.535,stop,-1.0,-0.013790550233698795,0.013790550233698875
2022-05-13,-1,112.105,113.095,113.095,stop,-1.0,-0.008831006645555473,0.00883100664555546
2022-05-16,-1,114.2,115.09,115.09,stop,-1.0,-0.007793345008756614,0.007793345008756572
2022-05-17,1,118.595,117.375,117.375,stop,-1.0,-0.010287111598296761,0.010287111598296714
2022-05-18,1,118.4,117.305,117.305,stop,-1.0,-0.00924831081081079,0.009248310810810801
2022-05-19,1,114.885,113.235,113.235,stop,-1.0,-0.014362188275231835,0.014362188275231802
2022-05-20,-1,115.25,116.26,114.1,close,1.1386138613861385,0.009978308026030391,0.008763557483731064
2022-05-24,-1,112.78,113.5,112.021,close,1.0541666666666687,0.006729916651888601,0.0063841106579180604
2022-05-25,1,112.775,111.325,114.225,close,0.9999999999999902,0.01285745954333839,0.01285745954333853
2022-05-26,1,114.55,112.735,118.095,close,1.9531680440771384,0.030947184635530256,0.015844609340899152
2022-05-27,1,121.0,119.9722,122.77,close,1.7221249270286023,0.014628099173553677,0.008494214876033052
2022-05-31,-1,120.975,122.815,122.815,stop,-1.0,-0.015209754081421778,0.015209754081421811
2022-06-01,-1,122.635,123.48,120.24,close,2.834319526627235,0.019529498104130183,0.006890365719411252
2022-06-02,1,120.74,119.715,124.53,close,3.697560975609793,0.031389763127381176,0.00848931588537346
2022-06-03,-1,121.11,122.01,122.01,stop,-1.0,-0.007431260837255538,0.0074312608372554345
2022-06-06,-1,122.86,123.725,120.85,close,2.3236994219653377,0.01636008464919425,0.007040533941071096
2022-06-07,1,119.505,118.58,121.955,close,2.64864864864866,0.020501234257980894,0.007740261913727436
2022-06-08,1,121.365,120.21,120.21,stop,-1.0,-0.009516747002842663,0.009516747002842675
2022-06-09,1,119.475,118.32,118.32,stop,-1.0,-0.009667294413057137,0.009667294413057135
2022-06-10,1,114.905,113.78,113.78,stop,-1.0,-0.009790696662460241,0.009790696662460293
2022-06-13,-1,107.87,109.085,105.665,close,1.8148148148148295,0.02044127190136269,0.011263557986465089
2022-06-14,-1,106.495,107.2612,107.2612,stop,-1.0,-0.007194703976712402,0.0071947039767125
2022-06-15,1,107.97,107.155,107.155,stop,-1.0,-0.007548393072149606,0.00754839307214965
2022-06-16,-1,104.2,105.295,102.165,close,1.8584474885844737,0.019529750479846397,0.010508637236084441
2022-06-17,-1,102.475,103.154,103.154,stop,-1.0,-0.006626006343010582,0.006626006343010511
2022-06-21,1,105.735,104.865,105.64,close,-0.10919540229884869,-0.0008984725965858198,0.008228117463470038
2022-06-22,1,104.615,103.535,104.27,close,-0.3194444444444439,-0.003297806241934653,0.010323567366056477
2022-06-23,-1,103.9,104.885,103.8,close,0.10152284263960262,0.0009624639076035724,0.009480269489894123
2022-06-24,1,105.87,105.025,108.1,close,2.639053254437861,0.02106356852743918,0.007981486729007262
2022-06-27,-1,108.155,109.208,109.208,stop,-1.0,-0.00973602699828957,0.009736026998289467
2022-06-28,1,109.0651,107.81,107.81,stop,-1.0,-0.011507805888409717,0.011507805888409755
2022-06-29,-1,103.03,104.325,103.14,close,-0.0849420849420844,-0.0010676501989712595,0.012569154615160649
2022-06-30,1,101.76,101.0,101.0,stop,-1.0,-0.007468553459119565,0.007468553459119546
2022-07-01,-1,98.915,100.415,98.0,close,0.6100000000000042,0.009250366476267535,0.015164535206995905
2022-07-05,1,95.695,94.97,98.525,close,3.9034482758621167,0.02957312294268255,0.00757615340404404
2022-07-06,-1,98.08,99.0,99.0,stop,-1.0,-0.009380097879282179,0.009380097879282236
2022-07-07,1,102.53,101.51,103.78,close,1.2254901960784361,0.012191553691602408,0.009948307812347566
2022-07-08,1,102.7425,102.0,104.335,close,2.1447811447811076,0.015499914835632733,0.007226804876268407
2022-07-11,-1,102.335,103.06,103.06,stop,-1.0,-0.007084575169785667,0.007084575169785592
2022-07-12,-1,102.6351,103.43,101.805,close,1.0442822996603023,0.008087876369779812,0.007744913777060798
2022-07-13,1,100.715,99.695,102.63,close,1.8774509803921302,0.019014049545747813,0.010127587747604729
2022-07-14,-1,101.275,102.51,102.51,stop,-1.0,-0.012194519871636667,0.012194519871636627
2022-07-15,-1,105.56,106.605,106.605,stop,-1.0,-0.00989958317544537,0.00989958317544526
2022-07-18,-1,108.38,108.955,108.955,stop,-1.0,-0.005305406901642495,0.005305406901642396
2022-07-19,1,108.955,108.19,111.46,close,3.27450980392156,0.022991143132485847,0.007021247303932822
2022-07-20,1,111.125,110.4475,114.085,close,4.369003690036924,0.026636670416197994,0.006096737907761484
2022-07-21,-1,113.975,115.014,115.014,stop,-1.0,-0.009116034218030311,0.009116034218030283
2022-07-22,-1,114.86,115.62,115.62,stop,-1.0,-0.006616750827094009,0.006616750827093898
2022-07-25,-1,112.215,112.95,112.785,close,-0.775510204081624,-0.005079534821547771,0.006549926480417051
2022-07-26,1,112.5,111.75,111.75,stop,-1.0,-0.00666666666666671,0.006666666666666667
2022-07-27,1,113.3,112.71,116.09,close,4.728813559322017,0.024624889673433348,0.005207413945278053
2022-07-28,-1,115.72,116.43,116.43,stop,-1.0,-0.006135499481507045,0.006135499481507155
2022-07-29,1,116.65,115.765,118.605,close,2.209039548022584,0.016759537076725284,0.007586798114016332
2022-08-01,1,117.55,116.825,118.84,close,1.7793103448276089,0.010974053594215327,0.0061675882603147115
2022-08-02,1,118.03,117.425,117.425,stop,-1.0,-0.005125815470643058,0.00512581547064309
2022-08-03,1,118.75,118.21,121.385,close,4.879629629629583,0.022189473684210537,0.0045473684210526845
2022-08-04,1,121.505,120.92,122.675,close,2.0000000000000244,0.009629233364882195,0.004814616682441
2022-08-05,1,121.04,120.51,120.51,stop,-1.0,-0.004378717779246588,0.0043787177792465395
2022-08-08,1,121.11,119.73,119.73,stop,-1.0,-0.011394599950458217,0.011394599950458224
2022-08-09,-1,116.155,117.2053,114.725,close,1.3615157574026626,0.012311135982092991,0.009042228057337117
2022-08-10,-1,116.545,117.95,117.95,stop,-1.0,-0.012055429233343462,0.012055429233343353
2022-08-11,1,120.34,119.635,119.635,stop,-1.0,-0.0058584011966096305,0.0058584011966095915
2022-08-12,1,120.145,119.6,122.66,close,4.614678899082556,0.02093303924424661,0.004536185442590218
2022-08-15,1,122.99,121.945,121.945,stop,-1.0,-0.00849662574193022,0.008496625741930252
2022-08-17,-1,119.505,120.265,119.15,close,0.46710526315787815,0.0029705870047277427,0.006359566545332874
2022-08-19,-1,119.045,119.785,117.5,close,2.0878378378378546,0.01297828552228153,0.0062161367550085675
2022-08-22,-1,114.835,115.625,113.405,close,1.8101265822784574,0.012452649453563724,0.006879435712108733
2022-08-23,1,114.22,113.365,114.07,close,-0.1754385964912339,-0.0013132551216950006,0.00748555419366139
2022-08-24,-1,113.25,114.105,114.105,stop,-1.0,-0.0075496688741722995,0.0075496688741722206
2022-08-25,1,114.92,114.245,117.86,close,4.35555555555557,0.025583014270797122,0.005873651235642161
2022-08-26,-1,116.66,117.635,117.64,gap-stop,-1.0051282051282004,-0.008400480027430213,0.008357620435453527
2022-08-29,1,111.23,110.19,110.19,stop,-1.0,-0.00934999550480986,0.009349995504809909
2022-08-30,-1,109.84,110.52,108.1061,close,2.5498529411765065,0.01578568827385296,0.006190823015294907
2022-08-31,-1,107.9,108.695,108.695,stop,-1.0,-0.007367933271547722,0.0073679332715476135
2022-09-01,-1,104.11,104.765,104.765,stop,-1.0,-0.006291422533858393,0.00629142253385843
2022-09-02,-1,105.1644,106.55,106.55,stop,-1.0,-0.013175561311622452,0.013175561311622532
2022-09-06,-1,103.395,104.375,104.375,stop,-1.0,-0.009478214613859448,0.00947821461385951
2022-09-07,1,103.34,102.71,102.71,stop,-1.0,-0.0060963808786530516,0.006096380878653084
2022-09-08,-1,102.775,103.39,103.39,stop,-1.0,-0.005983945512040734,0.005983945512040816
2022-09-09,1,107.9602,107.14,108.355,close,0.4813460131675246,0.003656903192102323,0.0075972441696106514
2022-09-12,-1,108.405,109.12,109.12,stop,-1.0,-0.006595636732622978,0.006595636732623066
2022-09-13,-1,104.51,105.765,102.205,close,1.8366533864541954,0.02205530571237213,0.012008420246866285
2022-09-14,-1,102.16,103.29,103.29,stop,-1.0,-0.011061080657791766,0.011061080657791794
2022-09-15,-1,102.385,102.745,102.745,stop,-1.0,-0.0035161400595791203,0.003516140059579034
2022-09-16,1,100.675,99.705,102.0,close,1.3659793814433034,0.013161162155450823,0.009634963993046922
2022-09-19,1,101.955,100.56,102.585,close,0.4516129032258045,0.006179196704428458,0.013682506988377186
2022-09-20,-1,101.4,101.9275,101.9275,stop,-1.0,-0.0052021696252464444,0.005202169625246442
2022-09-21,-1,101.445,101.7576,101.7576,stop,-1.0,-0.0030814727192074454,0.0030814727192074853
2022-09-22,-1,99.545,100.05,97.675,close,3.7029702970297453,0.01878547390627361,0.0050730825254909385
2022-09-23,-1,96.29,96.84,96.265,close,0.045454545454556024,0.0002596323605774664,0.005711911932703262
2022-09-26,1,96.72,95.95,95.95,stop,-1.0,-0.007961124896608718,0.007961124896608726
2022-09-27,1,97.205,96.55,96.55,stop,-1.0,-0.00673833650532385,0.0067383365053238125
2022-09-28,1,95.185,94.505,96.99,close,2.654411764705845,0.01896307191259128,0.007143982770394567
2022-09-29,-1,94.865,95.435,94.03,close,1.4649122807017245,0.00880198176355873,0.006008538449375506
2022-09-30,1,94.07,92.78,92.78,stop,-1.0,-0.013713192303603572,0.013713192303603615
2022-10-03,-1,93.185,94.065,94.065,stop,-1.0,-0.009443579975317862,0.009443579975317867
2022-10-04,1,99.155,98.5,99.99,close,1.2748091603053318,0.008421158791790617,0.006605819172003441
2022-10-05,-1,98.36,99.115,99.115,stop,-1.0,-0.007675884505896624,0.00767588450589666
2022-10-06,1,101.525,100.545,100.545,stop,-1.0,-0.009652794878108883,0.009652794878108878
2022-10-07,-1,96.71,97.605,94.375,close,2.6089385474859967,0.024144349084892935,0.009254472133181783
2022-10-10,-1,93.0,94.195,91.07,close,1.6150627615062911,0.02075268817204312,0.012849462365591325
2022-10-11,-1,89.115,89.81,89.81,stop,-1.0,-0.00779891151882417,0.007798911518824075
2022-10-12,1,88.37,87.65,87.65,stop,-1.0,-0.008147561389611813,0.008147561389611846
2022-10-13,1,84.39,83.485,90.475,close,6.723756906077333,0.07210569972745584,0.01072401943358219
2022-10-14,-1,89.895,91.515,86.55,close,2.064814814814808,0.03721007842482893,0.018021024528616772
2022-10-17,1,89.71,88.845,88.845,stop,-1.0,-0.009642180358934271,0.009642180358934287
2022-10-18,-1,90.77,91.835,88.755,close,1.8920187793427277,0.0221989644155558,0.011732951415665945
2022-10-19,1,88.74,88.025,88.025,stop,-1.0,-0.008057245886860409,0.008057245886860371
2022-10-20,-1,89.68,90.38,90.38,stop,-1.0,-0.007805530776092695,0.007805530776092647
2022-10-21,-1,89.305,90.095,90.095,stop,-1.0,-0.008846089244723077,0.00884608924472305
2022-10-24,1,93.065,92.255,92.255,stop,-1.0,-0.008703594262074899,0.00870359426207492
2022-10-25,1,94.17,93.535,94.965,close,1.2519685039370005,0.008442179037910114,0.006743124137198737
2022-10-26,1,93.695,92.78,94.005,close,0.3387978142076557,0.003308607716526968,0.009765729227813566
2022-10-27,-1,95.205,95.985,92.82,close,3.0576923076923097,0.02505120529383964,0.008192847014337494
2022-10-28,1,94.06,92.905,96.395,close,2.021645021645014,0.024824580055283763,0.012279396130129716
2022-10-31,-1,94.9,95.835,94.655,close,0.26203208556150553,0.002581664910432102,0.00985247629083233
2022-11-02,1,96.135,95.41,95.41,stop,-1.0,-0.007541478129713508,0.007541478129713512
2022-11-03,-1,90.84,91.57,91.57,stop,-1.0,-0.008036107441655505,0.008036107441655546
2022-11-04,-1,94.14,95.15,95.15,stop,-1.0,-0.010728701933290896,0.010728701933290898
2022-11-07,-1,95.525,96.495,96.495,stop,-1.0,-0.010154409840355871,0.010154409840355915
2022-11-08,-1,99.085,99.775,99.775,stop,-1.0,-0.006963718019882048,0.00696371801988204
2022-11-09,-1,97.68,98.605,98.605,stop,-1.0,-0.009469696969697017,0.00946969696969694
2022-11-10,-1,102.1975,102.94,102.94,stop,-1.0,-0.0072653440641894385,0.007265344064189365
2022-11-11,-1,106.6775,107.425,107.425,stop,-1.0,-0.007007100841320835,0.007007100841320825
2022-11-14,-1,109.44,110.285,110.285,stop,-1.0,-0.0077211257309941494,0.007721125730994142
2022-11-15,-1,113.67,114.639,112.89,close,0.8049535603715231,0.006861968857218237,0.008524676695698022
2022-11-16,1,110.605,109.83,109.83,stop,-1.0,-0.007006916504678884,0.007006916504678863
2022-11-17,1,107.42,106.38,109.53,close,2.0288461538461413,0.019642524669521544,0.009681623533792648
2022-11-18,-1,109.96,111.35,109.685,close,0.1978417266186988,0.0025009094216077443,0.012640960349217903
2022-11-21,-1,107.905,108.67,107.755,close,0.19607843137255632,0.001390111672304406,0.007089569528752148
2022-11-22,-1,108.255,108.895,108.895,stop,-1.0,-0.005911967114683003,0.00591196711468293
2022-11-23,1,111.5631,110.79,112.0,close,0.5651274091320587,0.0039161694144389525,0.006929710630127699
2022-11-28,1,109.585,109.165,109.165,stop,-1.0,-0.0038326413286489114,0.00383264132864888
2022-11-29,-1,107.99,108.65,108.65,stop,-1.0,-0.006111677007130334,0.00611167700713039
2022-11-30,-1,107.955,108.7775,108.7775,stop,-1.0,-0.007618915288777783,0.007618915288777779
2022-12-01,-1,114.25,114.925,113.46,close,1.1703703703703845,0.006914660831509933,0.0059080962800875025
2022-12-02,-1,110.61,111.55,111.55,stop,-1.0,-0.008498327456830213,0.008498327456830284
2022-12-06,-1,110.21,110.605,108.255,close,4.949367088607462,0.017738862172216652,0.003584066781598859
2022-12-07,1,108.24,107.17,107.17,stop,-1.0,-0.009885439763488435,0.009885439763488482
2022-12-08,-1,108.375,108.815,108.815,stop,-1.0,-0.00405997693194915,0.0040599769319492295
2022-12-09,1,110.79,109.73,110.065,close,-0.68396226415095,-0.006543911905406707,0.009567650509973845
2022-12-12,-1,109.38,110.07,110.07,stop,-1.0,-0.006308283049917707,0.006308283049917697
2022-12-13,-1,115.67,117.125,117.125,stop,-1.0,-0.012578888216477901,0.012578888216477896
2022-12-14,1,114.12,113.32,113.32,stop,-1.0,-0.007010164738871505,0.007010164738871462
2022-12-15,-1,109.045,110.29,107.615,close,1.1485943775100413,0.013113852079416843,0.011417304782429314
2022-12-16,-1,107.03,107.855,107.855,stop,-1.0,-0.00770811921891057,0.007708119218910612
2022-12-19,-1,105.1,105.77,104.365,close,1.0970149253731307,0.006993339676498622,0.006374881065651777
2022-12-20,1,103.545,103.0,103.745,close,0.36697247706422426,0.0019315273552562573,0.005263412043073077
2022-12-21,1,104.785,104.21,106.14,close,2.35652173913043,0.012931240158419621,0.005487426635491749
2022-12-22,-1,102.97,103.9925,101.78,close,1.163814180929084,0.011556764106050332,0.009930076721375235
2022-12-23,-1,100.715,101.55,101.55,stop,-1.0,-0.008290721342401719,0.008290721342401764
2022-12-27,-1,100.51,101.17,99.95,close,0.8484848484848563,0.005571584916923666,0.006566510794945742
2022-12-28,1,100.295,99.07,99.07,stop,-1.0,-0.01221396879206349,0.012213968792063499
2022-12-29,1,100.52,99.87,101.87,close,2.0769230769231175,0.013430163151611607,0.006466374850775881
2022-12-30,-1,99.755,100.69,100.69,stop,-1.0,-0.009372963761214992,0.009372963761215
2023-01-03,-1,102.595,103.385,100.63,close,2.4873417721518836,0.01915298016472544,0.007700180320678457
2023-01-04,1,103.095,102.44,102.44,stop,-1.0,-0.006353363402686885,0.006353363402686853
2023-01-05,-1,101.88,102.37,102.37,stop,-1.0,-0.004809579897919303,0.00480957989791921
2023-01-09,-1,107.31,108.005,108.005,stop,-1.0,-0.006476563228030807,0.006476563228030875
2023-01-10,1,109.1275,107.75,107.75,stop,-1.0,-0.012622849419257287,0.01262284941925727
2023-01-11,1,109.575,108.6,110.805,close,1.2615384615384546,0.011225188227241611,0.008898015058179406
2023-01-12,-1,111.55,112.07,112.07,stop,-1.0,-0.004661586732406908,0.004661586732406957
2023-01-13,1,111.6625,111.045,111.045,stop,-1.0,-0.0055300570916824165,0.00553005709168246
2023-01-17,1,113.015,112.4825,112.4825,stop,-1.0,-0.00471176392514272,0.00471176392514267
2023-01-18,1,115.42,114.58,114.58,stop,-1.0,-0.007277768151100372,0.007277768151100358
2023-01-19,-1,111.665,112.135,110.13,close,3.2659574468085415,0.013746473827967676,0.004209018045045438
2023-01-20,-1,110.65,111.28,111.28,stop,-1.0,-0.005693628558517849,0.005693628558517808
2023-01-23,1,114.77,114.345,119.01999999999997,target,10.0,0.03703058290493999,0.003703058290494007
2023-01-24,1,118.49,117.45,118.2308,close,-0.24923076923076418,-0.002187526373533588,0.008777111992573146
2023-01-25,1,116.53,115.79,115.79,stop,-1.0,-0.006350296061100047,0.006350296061100102
2023-01-26,-1,119.64,120.31,120.31,stop,-1.0,-0.0056001337345370494,0.005600133734536958
2023-01-27,1,118.64,117.955,119.625,close,1.4379562043795564,0.008302427511800436,0.005773769386378981
2023-01-30,-1,117.865,118.35,118.35,stop,-1.0,-0.004114877190005473,0.00411487719000551
2023-01-31,1,117.015,116.25,116.25,stop,-1.0,-0.006537623381617785,0.006537623381617746
2023-02-01,1,119.525,118.875,124.14,close,7.09999999999993,0.038611169211461904,0.005438192846684842
2023-02-02,1,125.765,125.185,125.185,stop,-1.0,-0.004611775931300466,0.004611775931300428
2023-02-03,1,124.91,123.73,124.485,close,-0.3601694915254236,-0.0034024497638299733,0.009446801697221941
2023-02-06,1,122.96,122.25,122.25,stop,-1.0,-0.005774235523747562,0.00577423552374751
2023-02-07,-1,122.7,123.22,123.22,stop,-1.0,-0.004237978810105902,0.004237978810105917
2023-02-08,1,125.86,125.35,125.35,stop,-1.0,-0.0040521214047354315,0.004052121404735461
2023-02-09,-1,125.815,126.34,126.34,stop,-1.0,-0.004172793387116069,0.004172793387116049
2023-02-13,-1,121.75,122.65,122.65,stop,-1.0,-0.007392197125256628,0.0073921971252567205
2023-02-14,1,123.015,122.29,126.46,close,4.751724137931062,0.028004714872170045,0.005893590212575656
2023-02-15,1,125.395,124.735,124.735,stop,-1.0,-0.005263367757885051,0.0052633677578850565
2023-02-16,-1,123.755,124.355,124.355,stop,-1.0,-0.004848288958021918,0.004848288958021967
2023-02-21,1,119.975,119.376,119.376,stop,-1.0,-0.004992706813919501,0.00499270681391948
2023-02-22,1,118.39,117.795,117.795,stop,-1.0,-0.005025762311005932,0.005025762311005988
2023-02-23,-1,121.13,121.785,121.785,stop,-1.0,-0.005407413522661608,0.005407413522661613
2023-02-24,1,119.215,118.85,118.82,gap-stop,-1.0821917808219188,-0.003313341441932738,0.0030616952564694803
2023-02-27,-1,120.635,121.165,119.605,close,1.9433962264150924,0.008538152277531408,0.004393418162224902
2023-02-28,1,119.5775,119.095,119.705,close,0.26424870466320677,0.0010662541029875516,0.004035040036796235
2023-03-02,-1,117.54,118.2,118.2,stop,-1.0,-0.005615109749872449,0.005615109749872354
2023-03-03,1,120.88,120.3025,120.3025,stop,-1.0,-0.004777465254798163,0.004777465254798152
2023-03-06,-1,122.585,123.0895,123.0895,stop,-1.0,-0.00411551168576918,0.004115511685769117
2023-03-07,1,121.785,121.23,121.23,stop,-1.0,-0.004557211479246148,0.004557211479246152
2023-03-08,1,121.07,120.41,123.15,close,3.151515151515187,0.017180143718509955,0.005451391756834861
2023-03-09,1,123.325,122.74,122.74,stop,-1.0,-0.004743563754307734,0.004743563754307788
2023-03-10,-1,120.52,121.45,121.45,stop,-1.0,-0.007716561566545099,0.007716561566545029
2023-03-13,-1,117.005,117.825,117.825,stop,-1.0,-0.007008247510790211,0.0070082475107902005
2023-03-14,-1,120.61,121.18,121.18,stop,-1.0,-0.0047259762872067235,0.004725976287206761
2023-03-15,-1,120.3,121.12,121.12,stop,-1.0,-0.006816292601828922,0.006816292601828823
2023-03-16,1,120.54,119.89,125.745,close,8.007692307692235,0.04318068690890997,0.005392400862784185
2023-03-17,1,126.565,125.91,125.91,stop,-1.0,-0.005175206415675704,0.005175206415675749
2023-03-20,-1,125.1,125.695,125.695,stop,-1.0,-0.004756195043964739,0.004756195043964819
2023-03-21,1,127.85,127.285,127.285,stop,-1.0,-0.004419241298396548,0.004419241298396541
2023-03-22,1,127.265,126.885,126.885,stop,-1.0,-0.0029858955722311675,0.0029858955722311354
2023-03-23,1,128.83,128.25,128.25,stop,-1.0,-0.004502056974307278,0.004502056974307323
2023-03-24,-1,128.04,128.81,127.295,close,0.9675324675324422,0.005818494220556025,0.006013745704467434
2023-03-27,-1,126.945,127.655,127.655,stop,-1.0,-0.005592973334908935,0.005592973334908882
2023-03-28,-1,124.7951,125.5625,124.95,close,-0.20185040396142667,-0.0012412346318084744,0.006149279899611402
2023-03-29,1,127.47,126.82,128.82,close,2.07692307692305,0.01059072722993637,0.005099239036636116
2023-03-30,1,130.475,130.03,130.03,stop,-1.0,-0.0034106150603563368,0.003410615060356338
2023-03-31,1,130.05,129.43,131.675,close,2.6209677419354644,0.012495194156093792,0.004767397154940442
2023-04-03,1,131.4,130.745,130.74,gap-stop,-1.0076335877862526,-0.005022831050228271,0.004984779299847801
2023-04-04,-1,130.745,131.265,128.895,close,3.557692307692421,0.01414968067612521,0.003977207541397237
2023-04-05,-1,127.355,127.7211,126.59,close,2.0895930073750186,0.0060068312983393435,0.0028746417494405637
2023-04-06,1,125.48,124.64,126.195,close,0.8511904761904598,0.0056981192221867705,0.006694293911380327
2023-04-10,1,125.275,124.845,128.105,close,6.581395348837068,0.022590301337058305,0.0034324486130513413
2023-04-12,-1,128.19,128.76,125.16,close,5.315789473684276,0.023636789141118664,0.004446524689913357
2023-04-13,-1,125.265,125.645,125.645,stop,-1.0,-0.003033568834071687,0.0030335688340717313
2023-04-14,1,126.195,125.8025,125.8025,stop,-1.0,-0.0031102658583936904,0.0031102658583937424
2023-04-17,1,125.25,124.57,124.57,stop,-1.0,-0.005429141716566943,0.0054291417165669206
2023-04-18,1,127.4475,126.955,126.955,stop,-1.0,-0.003864336295337334,0.003864336295337349
2023-04-19,1,125.075,124.5001,125.325,close,0.43485823621499425,0.00199880071956815,0.004596442134719165
2023-04-20,1,125.195,124.405,125.48,close,0.3607594936709034,0.0022764487399657973,0.006310156156395959
2023-04-21,-1,124.275,125.32,124.2,close,0.07177033492823325,0.0006035003017501595,0.008408770871052
2023-04-24,1,124.415,123.845,123.845,stop,-1.0,-0.004581441144556608,0.004581441144556584
2023-04-25,-1,122.09,122.545,119.545,close,5.593406593406618,0.020845278073552298,0.0037267589483168015
2023-04-26,-1,120.695,121.11,121.11,stop,-1.0,-0.0034384191557230714,0.0034384191557231556
2023-04-27,-1,119.47,120.625,120.625,stop,-1.0,-0.00966769900393416,0.009667699003934051
2023-05-01,1,124.31,123.87,123.87,stop,-1.0,-0.003539538251146279,0.0035395382511463095
2023-05-04,-1,121.155,121.645,121.645,stop,-1.0,-0.004044405926292738,0.004044405926292723
2023-05-05,-1,121.98,122.38,122.38,stop,-1.0,-0.003279226102639754,0.003279226102639707
2023-05-08,-1,123.98,124.59,124.59,stop,-1.0,-0.004920148411033942,0.004920148411034033
2023-05-09,-1,123.02,123.77,123.11,close,-0.12000000000000455,-0.0007315883596163975,0.006096569663469355
2023-05-10,-1,124.35,124.77,124.77,stop,-1.0,-0.003377563329312494,0.0033775633293124385
2023-05-11,-1,123.42,124.03,123.04,close,0.6229508196721243,0.0030789175174201766,0.004942472856911355
2023-05-12,1,123.84,123.33,123.33,gap-stop,-1.0,-0.004118217054263629,0.004118217054263607
2023-05-16,1,126.63,125.71,126.07,close,-0.6086956521739144,-0.004422332780541716,0.007265260996604294
2023-05-17,-1,127.29,127.81,127.81,stop,-1.0,-0.004085159871160204,0.004085159871160311
2023-05-18,1,130.87,130.1,134.035,close,4.110389610389546,0.024184305035531484,0.0058837013830519615
2023-05-19,-1,133.47,133.93,133.29,close,0.391304347826095,0.0013486176668915384,0.003446467370944841
2023-05-22,1,132.59,131.97,133.24,close,1.048387096774195,0.004902330492495777,0.004676069085149744
2023-05-23,-1,132.3,133.04,131.28,close,1.3783783783784282,0.007709750566893492,0.0055933484504911615
2023-05-24,1,129.03,128.425,128.425,stop,-1.0,-0.004688832054560832,0.004688832054560875
2023-05-25,-1,137.26,138.18,138.18,stop,-1.0,-0.006702608188838832,0.006702608188838817
2023-05-26,1,142.34,141.78,147.94000000000003,target,10.0,0.03934241955880302,0.003934241955880303
2023-05-30,1,151.29,149.95,149.95,stop,-1.0,-0.008857161742349184,0.008857161742349153
2023-05-31,1,146.6418,145.51,145.51,stop,-1.0,-0.007718126755127064,0.007718126755127109
2023-06-01,1,145.49,144.57,144.57,stop,-1.0,-0.006323458656952496,0.0063234586569524765
2023-06-02,-1,147.7,148.1801,146.09,close,3.353468027494091,0.010900473933649235,0.0032505077860529555
2023-06-05,1,145.5,144.81,144.81,stop,-1.0,-0.004742268041237119,0.004742268041237098
2023-06-06,1,143.54,142.98,145.37,close,3.267857142857152,0.012749059495611004,0.0039013515396405345
2023-06-07,-1,146.37,147.12,147.12,stop,-1.0,-0.005124000819840102,0.005124000819840131
2023-06-09,1,148.75,147.93,147.93,stop,-1.0,-0.005512605042016783,0.005512605042016761
2023-06-12,-1,148.49,149.27,149.27,stop,-1.0,-0.005252878981749642,0.00525287898174962
2023-06-14,1,153.04,152.22,152.22,stop,-1.0,-0.005358076319916361,0.005358076319916317
2023-06-15,-1,153.59,154.37,154.37,stop,-1.0,-0.0050784556286216365,0.0050784556286216625
2023-06-16,-1,154.675,155.94,153.29,close,1.0948616600790784,0.008954258930014669,0.008178438661709949
2023-06-20,-1,152.75,153.94,152.79,close,-0.03361344537814464,-0.0002618657937807356,0.007790507364975436
2023-06-21,1,152.26,151.77,151.77,stop,-1.0,-0.0032181794299224187,0.0032181794299223744
2023-06-22,1,148.85,147.95,150.11,close,1.4000000000000126,0.008464897547867167,0.0060463553913335955
2023-06-23,-1,147.54,148.17,148.17,stop,-1.0,-0.004270028466856424,0.004270028466856415
2023-06-26,1,149.03,148.22,148.22,stop,-1.0,-0.005435147285781428,0.0054351472857814016
2023-06-27,1,147.76,147.27,147.27,stop,-1.0,-0.0033161884136435615,0.003316188413643616
2023-06-29,-1,149.96,150.96,149.91,close,0.05000000000001137,0.0003334222459323577,0.006668444918644972
2023-06-30,-1,151.06,151.75,151.75,stop,-1.0,-0.004567721435191352,0.0045677214351913
2023-07-05,-1,152.1,152.81,152.81,stop,-1.0,-0.004667981591058634,0.0046679815910585665
2023-07-06,-1,148.04,148.82,148.82,stop,-1.0,-0.005268846257768134,0.005268846257768179
2023-07-10,1,150.07,149.38,149.38,stop,-1.0,-0.0045978543346437695,0.004597854334643818
2023-07-11,-1,151.535,152.19,151.3,close,0.3587786259541753,0.0015507968456131005,0.004322433761177294
2023-07-12,1,154.08,153.28,153.28,stop,-1.0,-0.005192107995846351,0.005192107995846387
2023-07-13,1,156.39,155.89,155.89,stop,-1.0,-0.003197135366711401,0.0031971353667114267
2023-07-14,1,159.16,158.69,158.69,stop,-1.0,-0.002953003267152532,0.0029530032671525436
2023-07-17,-1,157.0,157.6,157.6,stop,-1.0,-0.003821656050955413,0.0038216560509553776
2023-07-18,-1,158.29,159.26,159.26,stop,-1.0,-0.006127992924379377,0.006127992924379297
2023-07-19,-1,159.85,160.51,158.56,close,1.9545454545454526,0.008070065686581085,0.004128870816390345
2023-07-20,1,156.245,155.12,155.12,stop,-1.0,-0.007200230407373054,0.007200230407373036
2023-07-21,-1,154.01,155.21,155.21,stop,-1.0,-0.007791701837543075,0.007791701837543128
2023-07-25,1,155.51,154.46,156.43,close,0.8761904761905056,0.005916018262491329,0.006751977364799582
2023-07-26,-1,153.97,155.14,155.14,stop,-1.0,-0.007598882899265913,0.007598882899266009
2023-07-27,1,159.385,158.5,158.5,stop,-1.0,-0.0055525927784922935,0.0055525927784922735
2023-07-28,-1,159.04,160.22,160.22,stop,-1.0,-0.00741951710261568,0.0074195171026157376
2023-07-31,-1,160.62,161.15,161.15,stop,-1.0,-0.0032997136097621116,0.0032997136097621784
2023-08-01,1,159.67,158.99,158.99,stop,-1.0,-0.0042587837414665985,0.00425878374146664
2023-08-02,-1,157.48,158.79,154.54,close,2.2442748091602995,0.01866903733807468,0.008318516637033289
2023-08-03,1,152.82,152.16,154.17,close,2.045454545454547,0.008833922261484162,0.00431880643894776
2023-08-04,1,155.2,154.12,154.12,stop,-1.0,-0.006958762886597802,0.006958762886597836
2023-08-07,-1,155.34,156.14,155.935,close,-0.7437500000000145,-0.003830307712115344,0.005149993562507937
2023-08-08,-1,153.16,153.9,153.305,close,-0.19594594594595738,-0.0009467223818229176,0.004831548707234325
2023-08-09,-1,152.71,153.32,150.15,close,4.196721311475515,0.016763800667932705,0.003994499377905737
2023-08-10,1,151.67,150.68,150.68,stop,-1.0,-0.006527329069690668,0.006527329069690649
2023-08-11,-1,147.25,148.02,148.02,stop,-1.0,-0.005229202037351444,0.005229202037351513
2023-08-14,1,145.86,145.02,150.73,close,5.797619047618996,0.03338818044700376,0.005758946935417546
2023-08-15,1,150.68,149.91,149.91,stop,-1.0,-0.005110167241837105,0.0051101672418370735
2023-08-16,-1,148.43,149.12,149.12,stop,-1.0,-0.004648655932089074,0.004648655932089185
2023-08-17,-1,146.95,147.8,145.45,close,1.764705882352894,0.010207553589656304,0.005784280367472084
2023-08-21,1,147.77,146.96,151.05,close,4.049382716049373,0.02219665696690809,0.005481491507071816
2023-08-22,-1,152.8,153.24,149.47,close,7.568181818181886,0.021793193717277615,0.0028795811518324455
2023-08-23,-1,149.13,149.81,149.81,stop,-1.0,-0.004559780057667773,0.0045597800576678525
2023-08-24,-1,154.67,156.59,148.84,close,3.0364583333332997,0.03769315316480237,0.012413525570569704
2023-08-25,1,148.95,148.19,148.19,stop,-1.0,-0.005102383350117479,0.005102383350117428
2023-08-28,1,150.83,149.99,149.99,stop,-1.0,-0.005569183849366888,0.005569183849366859
2023-08-29,1,150.74,149.93,154.76,close,4.962962962962926,0.026668435717128736,0.0053734907788244805
2023-08-30,-1,154.33,155.02,155.02,stop,-1.0,-0.0044709388971684305,0.004470938897168391
2023-08-31,1,155.76,154.85,156.19,close,0.4725274725274818,0.0027606574216743063,0.0058423215202876005
2023-09-01,-1,157.09,157.63,156.18,close,1.6851851851852038,0.005792857597555545,0.003437519893054886
2023-09-06,1,156.5,155.92,155.92,stop,-1.0,-0.0037060702875399976,0.003706070287540016
2023-09-07,-1,150.235,151.23,151.23,stop,-1.0,-0.0066229573667919706,0.0066229573667918665
2023-09-08,1,151.93,150.93,150.93,stop,-1.0,-0.00658197854275,0.0065819785427499505
2023-09-11,-1,151.32,152.19,150.44,close,1.0114942528735527,0.005815490351572805,0.005749405233941346
2023-09-12,1,150.04,149.16,149.29,close,-0.8522727272727316,-0.004998667022127479,0.005865102639296157
2023-09-13,1,149.96,149.04,150.56,close,0.6521739130434608,0.00400106695118696,0.00613496932515348
2023-09-14,-1,151.35,152.16,151.38,close,-0.03703703703703834,-0.0001982160555005219,0.005351833498513395
2023-09-15,-1,149.58,150.54,146.75,close,2.9479166666667425,0.01891964166332405,0.006417970316887147
2023-09-18,1,146.14,144.97,147.29,close,0.9829059829059983,0.00786916655262071,0.00800602162310105
2023-09-19,-1,146.13,146.99,146.01,close,0.1395348837209333,0.0008211866146582425,0.005885170738383724
2023-09-20,1,146.65,145.97,145.97,stop,-1.0,-0.00463689055574501,0.004636890555745017
2023-09-21,1,142.39,141.42,141.42,stop,-1.0,-0.006812276142987517,0.006812276142987562
2023-09-22,-1,141.98,142.45,142.45,stop,-1.0,-0.0033103253979434033,0.0033103253979433647
2023-09-25,1,141.51,140.66,142.97,close,1.7176470588235502,0.010317292064165207,0.006006642640096067
2023-09-26,1,141.92,141.08,141.08,stop,-1.0,-0.005918827508455293,0.005918827508455292
2023-09-28,1,141.78,141.08,144.2801,close,3.5715714285714912,0.01763365777965875,0.004937226689236765
2023-09-29,-1,146.18,146.81,146.81,stop,-1.0,-0.004309755096456369,0.0043097550964563925
2023-10-02,1,146.4,145.17,145.17,stop,-1.0,-0.008401639344262413,0.00840163934426242
2023-10-03,1,145.72,145.19,145.19,stop,-1.0,-0.0036371122701071013,0.0036371122701070627
2023-10-04,1,144.11,143.6,143.6,stop,-1.0,-0.0035389632919299308,0.0035389632919299095
2023-10-05,-1,145.21,145.9,145.19,close,0.028985507246391738,0.00013773156118734864,0.004751738860959973
2023-10-06,-1,144.53,145.0692,145.0692,stop,-1.0,-0.003730713346709935,0.0037307133467099833
2023-10-09,-1,145.98,147.05,147.05,stop,-1.0,-0.007329771201534552,0.0073297712015346055
2023-10-10,-1,148.16,148.69,148.69,stop,-1.0,-0.0035772138228942207,0.003577213822894176
2023-10-11,-1,150.4332,151.27,151.27,stop,-1.0,-0.00556260187245905,0.0055626018724590776
2023-10-12,1,152.19,151.74,151.74,stop,-1.0,-0.002956830277942024,0.0029568302779419717
2023-10-13,-1,151.58,152.6325,148.36,close,3.0593824228029054,0.021242908035360886,0.006943528169943136
2023-10-16,1,149.57,148.42,150.07,close,0.43478260869565005,0.0033429163602327616,0.007688707628535172
2023-10-17,-1,145.4292,146.74,146.74,stop,-1.0,-0.009013320571109595,0.009013320571109517
2023-10-18,1,146.31,145.11,145.11,stop,-1.0,-0.008201763379126481,0.008201763379126434
2023-10-19,-1,146.6,147.67,144.32,close,2.1308411214953416,0.015552523874488466,0.007298772169167757
2023-10-20,1,144.53,143.94,143.94,stop,-1.0,-0.004082197467653814,0.004082197467653798
2023-10-23,-1,140.63,141.65,141.65,stop,-1.0,-0.007253075446206347,0.00725307544620643
2023-10-24,1,143.37,142.53,144.25,close,1.047619047619038,0.006137964706702803,0.005858966310943735
2023-10-25,-1,142.21,143.15,138.63,close,3.808510638297895,0.025174038393924514,0.006609943041980154
2023-10-26,-1,138.72,140.65,137.41,close,0.6787564766839366,0.009443483275663245,0.013912918108419887
2023-10-27,-1,138.77,139.46,139.46,stop,-1.0,-0.004972256251351226,0.00497225625135114
2023-10-30,1,138.87,137.74,137.74,stop,-1.0,-0.008137106646503911,0.008137106646503892
2023-10-31,-1,137.07,138.01,138.01,stop,-1.0,-0.0068578098781644226,0.006857809878164425
2023-11-01,1,140.1,139.06,142.45,close,2.2596153846153966,0.016773733047823036,0.007423269093504583
2023-11-02,1,145.99,144.77,144.77,stop,-1.0,-0.008356736762791916,0.008356736762791963
2023-11-03,1,147.96,147.18,149.51,close,1.9871794871794624,0.010475804271424582,0.005271695052716958
2023-11-07,-1,149.579,150.07,150.07,stop,-1.0,-0.0032825463467465177,0.003282546346746438
2023-11-08,1,151.59,150.94,150.94,stop,-1.0,-0.004287881786397607,0.004287881786397557
2023-11-09,-1,152.48,153.07,153.07,stop,-1.0,-0.0038693599160546377,0.003869359916054587
2023-11-10,1,153.42,152.69,157.31,close,5.328767123287766,0.025355233998175075,0.004758180159040476
2023-11-13,-1,155.6,156.46,156.46,stop,-1.0,-0.0055269922879177535,0.0055269922879178255
2023-11-14,1,160.47,159.5201,161.1,close,0.6632277081798139,0.003925967470555181,0.005919486508381537
2023-11-15,-1,161.62,162.23,162.23,stop,-1.0,-0.0037742853607225513,0.003774285360722591
2023-11-16,1,161.14,160.24,161.8,close,0.7333333333333797,0.0040958173017253685,0.005585205411443325
2023-11-17,1,161.73,160.88,162.55,close,0.964705882352973,0.005070178692883287,0.005255673035305722
2023-11-20,1,163.11,162.52,164.89,close,3.0169491525423093,0.010912880877935072,0.0036171908527987454
2023-11-21,1,163.915,163.25,163.25,stop,-1.0,-0.004056980752219053,0.00405698075221909
2023-11-22,1,164.28,163.15,163.15,stop,-1.0,-0.006878500121743292,0.006878500121743337
2023-11-27,-1,160.74,161.62,161.62,stop,-1.0,-0.005474679606818356,0.005474679606818436
2023-11-28,1,161.16,160.63,160.63,stop,-1.0,-0.0032886572350459,0.003288657235045924
2023-11-29,1,163.59,162.74,162.74,stop,-1.0,-0.005195916620820307,0.005195916620820308
2023-11-30,-1,161.97,162.84,160.49,close,1.7011494252873356,0.009137494597764917,0.005371365067605141
2023-12-01,-1,159.03,160.15,160.15,stop,-1.0,-0.007042696346601263,0.007042696346601299
2023-12-04,-1,158.82,159.5,158.76,close,0.08823529411764952,0.0003777861730260845,0.004281576627628805
2023-12-06,-1,160.48,160.97,157.5,close,6.0816326530610905,0.01856929212362901,0.0030533399800598774
2023-12-07,1,159.32,158.22,161.12,close,1.6363636363636551,0.011298016570424396,0.006904343459703706
2023-12-08,1,161.44,160.66,162.45,close,1.2948717948717814,0.006256194251734293,0.004831516352824586
2023-12-11,1,164.33,163.29,166.35,close,1.9423076923076366,0.012292338586989526,0.006328728777460113
2023-12-12,1,166.0437,165.33,168.19,close,3.007285974499132,0.01292611523351983,0.004298266058874794
2023-12-13,1,168.71,168.215,168.215,stop,-1.0,-0.0029340288068283593,0.002934028806828312
2023-12-14,1,172.63,171.52,171.52,stop,-1.0,-0.006429936859178476,0.006429936859178504
2023-12-15,1,174.93,173.7,174.09,close,-0.6829268292682854,-0.004801920768307322,0.007031383982164398
2023-12-18,-1,172.7,173.63,173.63,stop,-1.0,-0.005385060799073527,0.005385060799073578
2023-12-19,1,173.65,172.91,173.91,close,0.3513513513513347,0.0014972646127267009,0.004261445436222339
2023-12-20,-1,172.57,173.36,173.36,stop,-1.0,-0.004577852465666332,0.0045778524656662255
2023-12-21,-1,172.26,172.93,172.93,stop,-1.0,-0.003889469406710866,0.0038894694067108785
2023-12-22,-1,173.7204,174.22,174.22,stop,-1.0,-0.0028758856184996073,0.0028758856184995353
2023-12-26,1,174.89,173.78,175.73,close,0.7567567567567699,0.004803019040539702,0.0063468465892846096
2023-12-27,-1,175.97,176.75,176.0,close,-0.038461538461539865,-0.00017048360515992123,0.004432573734159238
2023-12-28,-1,175.76,176.64,176.64,stop,-1.0,-0.005006827492034516,0.005006827492034567
2023-12-29,-1,175.79,176.38,174.85,close,1.5932203389830377,0.005347289379373121,0.00335627737641506
2024-01-02,-1,170.85,172.35,168.9,close,1.2999999999999925,0.011413520632133412,0.00877963125548727
2024-01-03,1,166.51,165.7,165.7,stop,-1.0,-0.0048645726983364,0.0048645726983364505
2024-01-04,1,165.3955,163.97,165.0,close,-0.27744650999649145,-0.002391237972012572,0.008618735092550883
2024-01-05,-1,165.23,166.24,166.24,stop,-1.0,-0.006112691399867032,0.006112691399866969
2024-01-08,1,168.09,167.28,171.97,close,4.790123456790105,0.023082872270807187,0.0048188470462252496
2024-01-09,-1,170.36,171.26,171.26,stop,-1.0,-0.00528293026532034,0.005282930265320364
2024-01-10,-1,172.13,173.1,172.57,close,-0.4536082474226786,-0.002556207517574016,0.0056352756637425136
2024-01-11,1,174.17,173.25,173.25,stop,-1.0,-0.005282195556065794,0.005282195556065841
2024-01-12,1,173.75,173.0,173.0,stop,-1.0,-0.004316546762589968,0.004316546762589928
2024-01-16,1,173.78,172.74,175.73,close,1.8750000000000033,0.01122108412935896,0.0059845782023247324
2024-01-17,-1,172.54,174.65,174.65,stop,-1.0,-0.012229048336617643,0.012229048336617676
2024-01-18,1,180.16,179.24,179.24,stop,-1.0,-0.005106571936056792,0.005106571936056769
2024-01-19,1,182.6,181.42,187.25,close,3.940677966101677,0.025465498357064575,0.006462212486308909
2024-01-22,1,189.75,188.635,188.635,stop,-1.0,-0.005876152832674619,0.00587615283267462
2024-01-23,-1,186.28,188.06,188.06,stop,-1.0,-0.00955550783766368,0.009555507837663738
2024-01-24,-1,190.52,191.7,191.7,stop,-1.0,-0.006193575477640101,0.006193575477640029
2024-01-25,-1,194.6,195.9,192.42,close,1.6769230769230674,0.011202466598150052,0.006680369989722566
2024-01-26,-1,188.37,189.64,189.64,stop,-1.0,-0.006742050220311047,0.006742050220310993
2024-01-29,1,188.91,188.24,188.24,stop,-1.0,-0.0035466624318457596,0.0035466624318457865
2024-01-30,1,190.89,189.74,189.74,stop,-1.0,-0.006024411965005916,0.006024411965005905
2024-01-31,1,186.01,185.09,185.09,stop,-1.0,-0.004945970646739406,0.004945970646739356
2024-02-01,-1,185.93,186.8,186.8,stop,-1.0,-0.004679180336685906,0.004679180336685873
2024-02-02,1,188.72,187.86,191.23,close,2.91860465116283,0.013300127172530596,0.004557015684612045
2024-02-05,1,194.6,192.92,192.92,stop,-1.0,-0.008633093525179936,0.00863309352517989
2024-02-06,-1,194.46,195.89,192.72,close,1.2167832167832415,0.008947855600123455,0.007353697418492124
2024-02-07,-1,193.06,193.98,193.98,stop,-1.0,-0.004765357919817692,0.004765357919817609
2024-02-08,1,198.17,197.14,197.14,stop,-1.0,-0.005197557652520612,0.005197557652520569
2024-02-09,-1,200.7,201.66,201.66,stop,-1.0,-0.004783258594917905,0.004783258594917828
2024-02-12,1,205.0,203.64,203.64,stop,-1.0,-0.0066341463414635315,0.006634146341463481
2024-02-13,1,197.9,196.29,199.25,close,0.8385093167701757,0.0068216270843859395,0.00813542193026788
2024-02-14,-1,201.95,202.9,202.9,stop,-1.0,-0.0047041346868037515,0.004704134686803749
2024-02-15,-1,203.62,204.74,202.6,close,0.9107142857142911,0.005009331106963999,0.005500441999803578
2024-02-16,1,205.44,204.02,204.02,stop,-1.0,-0.0069119937694703815,0.006911993769470344
2024-02-20,-1,199.45,200.76,197.8,close,1.2595419847328049,0.008272750062672252,0.006568062170970179
2024-02-21,1,196.05,194.86,194.86,stop,-1.0,-0.006069880132619221,0.006069880132619217
2024-02-22,1,208.0,206.33,209.97,close,1.1796407185628823,0.009471153846153824,0.008028846153846093
2024-02-23,1,213.21,211.48,211.48,stop,-1.0,-0.008114065944374138,0.008114065944374176
2024-02-26,-1,210.48,211.5,211.5,stop,-1.0,-0.0048460661345497424,0.00484606613454965
2024-02-27,-1,210.75,211.76,209.74,close,1.0,0.004792408066429332,0.004792408066429376
2024-02-28,1,207.62,206.66,206.66,stop,-1.0,-0.004623832000770656,0.0046238320007706765
2024-02-29,1,210.64,209.8,209.8,stop,-1.0,-0.00398784656285589,0.0039878465628559396
2024-03-01,1,215.57,213.98,220.55,close,3.132075471698118,0.023101544741847224,0.007375794405529543
2024-03-04,1,224.2,222.67,224.1,close,-0.06535947712417925,-0.000446030330062408,0.006824264049955403
2024-03-05,1,222.57,220.88,220.88,stop,-1.0,-0.007593116772251385,0.007593116772251417
2024-03-06,1,225.8,224.79,224.79,stop,-1.0,-0.004472984942426983,0.004472984942427012
2024-03-07,1,230.5,229.46,234.19,close,3.548076923076948,0.01600867678958795,0.004511930585683262
2024-03-08,1,237.62,235.58,235.58,stop,-1.0,-0.008585135931318932,0.008585135931318879
2024-03-11,1,222.8,219.02,220.94,close,-0.49206349206349553,-0.008348294434470382,0.016965888689407543
2024-03-12,-1,222.67,224.94,224.94,stop,-1.0,-0.010194458166793874,0.010194458166793957
2024-03-13,-1,224.17,225.87,223.45,close,0.423529411764701,0.0032118481509568753,0.007583530356426003
2024-03-14,1,223.65,222.16,222.16,stop,-1.0,-0.006662195394589787,0.006662195394589801
2024-03-15,1,217.57,215.93,217.91,close,0.2073170731707355,0.0015627154479018746,0.007537803925173445
2024-03-18,-1,221.64,223.16,218.28,close,2.210526315789449,0.015159718462371297,0.006857967875834733
2024-03-19,-1,214.67,216.645,216.645,stop,-1.0,-0.009200167699259465,0.009200167699259435
2024-03-20,-1,218.395,219.265,219.265,stop,-1.0,-0.0039836076833259515,0.003983607683325974
2024-03-21,-1,226.85,228.58,228.58,stop,-1.0,-0.007626184703548589,0.0076261847035486805
2024-03-22,1,226.54,225.22,227.61,close,0.8106060606060812,0.004723227686060039,0.00582678555663456
2024-03-25,1,226.1,224.862,227.08,close,0.7915993537964608,0.004334365325077583,0.0054754533392304275
2024-03-26,1,229.3795,228.07,228.07,stop,-1.0,-0.005708879825790936,0.005708879825790945
2024-03-27,-1,225.31,226.84,224.89,close,0.2745098039215788,0.0018640983533798616,0.006790644001597804
2024-03-28,1,224.54,223.74,224.96,close,0.5250000000000311,0.001870490781152645,0.003562839583147693
2024-04-01,1,227.55,225.5,227.9,close,0.17073170731706946,0.001538123489343013,0.00900900900900906
2024-04-02,-1,223.62,224.72,224.72,stop,-1.0,-0.00491905911814694,0.004919059118146831
2024-04-03,1,223.56,222.68,225.88,close,2.636363636363642,0.010377527285739818,0.003936303453211646
2024-04-05,-1,221.0,222.455,222.455,stop,-1.0,-0.006583710407239929,0.006583710407239876
2024-04-08,-1,223.68,224.89,224.89,stop,-1.0,-0.005409513590844073,0.005409513590843971
2024-04-09,-1,224.65,225.89,225.89,stop,-1.0,-0.005519697306921811,0.005519697306921792
2024-04-10,1,221.9,220.5,222.15,close,0.17857142857142785,0.0011266336187472081,0.006309148264984253
2024-04-11,1,223.84,222.39,222.39,stop,-1.0,-0.006477841315225219,0.006477841315225237
2024-04-12,-1,223.0,223.8199,220.63,close,2.8905964141968945,0.010627802690582944,0.00367668161434973
2024-04-15,-1,222.73,223.99,223.99,stop,-1.0,-0.005657073586854189,0.0056570735868541255
2024-04-17,1,220.0945,219.01,219.01,stop,-1.0,-0.004927428899858977,0.004927428899859014
2024-04-18,-1,209.22,211.0,211.0,stop,-1.0,-0.008507790842175789,0.008507790842175705
2024-04-19,1,207.62,205.97,205.97,stop,-1.0,-0.007947211251324582,0.007947211251324563
2024-04-22,-1,200.32,201.41,201.41,stop,-1.0,-0.005441293929712376,0.005441293929712477
2024-04-23,1,205.45,203.93,207.7,close,1.4802631578947545,0.010951569724994004,0.00739839376977358
2024-04-24,1,213.05,211.74,211.74,stop,-1.0,-0.006148791363529749,0.006148791363529698
2024-04-25,1,207.34,205.75,212.255,close,3.0911949685534474,0.023705025561878923,0.007668563711777773
2024-04-26,1,213.6,211.94,217.72,close,2.4819277108433813,0.019288389513108628,0.007771535580524329
2024-04-29,-1,216.97,217.94,217.94,stop,-1.0,-0.004470664147117054,0.004470664147117108
2024-04-30,1,218.42,217.1895,217.1895,stop,-1.0,-0.005633641607911244,0.005633641607911263
2024-05-01,-1,210.66,211.835,211.835,stop,-1.0,-0.005577708155321437,0.005577708155321425
2024-05-02,-1,210.64,211.92,211.92,stop,-1.0,-0.006076718571971229,0.0060767185719711415
2024-05-03,1,216.25,215.15,217.74,close,1.3545454545454698,0.006890173410404765,0.005086705202312113
2024-05-06,1,219.37,218.22,222.68,close,2.878260869565205,0.015088662989469759,0.00524228472443819
2024-05-07,-1,222.12,222.82,222.82,stop,-1.0,-0.003151449666846773,0.0031514496668466983
2024-05-08,1,219.62,218.7,221.4,close,1.93478260869562,0.008104908478280715,0.004189053820235024
2024-05-09,-1,220.89,221.77,219.98,close,1.0340909090908772,0.004119697587034232,0.003983883380868414
2024-05-10,1,224.49,222.77,222.77,stop,-1.0,-0.007661811216535197,0.0076618112165352525
2024-05-13,1,224.41,223.68,223.68,stop,-1.0,-0.003252974466378511,0.003252974466378458
2024-05-14,1,223.13,222.24,227.08,close,4.438202247191098,0.01770268453368007,0.00398870613543668
2024-05-15,1,229.84,228.58,228.58,stop,-1.0,-0.00548207448659932,0.005482074486599334
2024-05-17,1,233.59,232.47,232.47,stop,-1.0,-0.004794725801618216,0.004794725801618239
2024-05-20,1,232.62,230.885,235.04,close,1.3948126801152556,0.01040323274009114,0.007458516034734819
2024-05-21,1,233.58,232.39,232.39,stop,-1.0,-0.005094614264920083,0.005094614264920054
2024-05-22,-1,236.21,237.215,236.61,close,-0.3980099502487637,-0.0016934084077728784,0.004254688624529002
2024-05-23,1,244.34,242.7319,242.7319,stop,-1.0,-0.006581402963084293,0.006581402963084257
2024-05-24,1,241.68,240.29,244.26,close,1.856115107913638,0.010675273088381232,0.005751406818934188
2024-05-28,-1,247.1,248.18,248.18,stop,-1.0,-0.0043707001214083885,0.004370700121408388
2024-05-29,-1,244.725,246.37,246.37,stop,-1.0,-0.006721830626213121,0.0067218306262131385
2024-05-30,-1,244.68,246.13,242.235,close,1.6862068965517327,0.009992643452672811,0.005926107569069759
2024-05-31,1,243.42,241.36,241.36,stop,-1.0,-0.008462739298331967,0.008462739298331993
2024-06-03,-1,244.39,245.44,243.49,close,0.8571428571428262,0.0036826384058266104,0.004296411473464591
2024-06-04,-1,242.24,243.7,242.59,close,-0.23972602739725973,-0.001444848084544148,0.006027080581241659
2024-06-05,1,247.765,246.71,254.5,close,6.383886255924314,0.027183016164510798,0.0042580671200531895
2024-06-06,1,255.58,254.38,254.38,stop,-1.0,-0.004695203067532683,0.0046952030675327374
2024-06-07,-1,250.85,252.2801,252.2801,stop,-1.0,-0.005701016543751214,0.005701016543751286
2024-06-10,1,252.02,250.0478,255.9,close,1.9673461109420778,0.015395603523529866,0.007825569399254087
2024-06-12,1,261.75,259.76,263.06,close,0.6582914572864303,0.005004775549188212,0.007602674307545403
2024-06-13,-1,266.6001,268.1399,267.085,close,-0.3149110274061421,-0.0018188290251952566,0.005775691757054907
2024-06-14,1,265.94,264.62,267.84,close,1.4393939393939297,0.007144468677145133,0.004963525607279812
2024-06-17,-1,269.75,271.03,271.03,stop,-1.0,-0.004745134383688399,0.004745134383688499
2024-06-18,1,274.8137,273.02,276.74,close,1.0739254055862322,0.007009475874019566,0.006526967178128315
2024-06-20,-1,276.7,279.57,268.92,close,2.710801393728209,0.02811709432598475,0.010372244307914726
2024-06-24,-1,261.12,263.085,255.79,close,2.712468193384265,0.02041207107843146,0.0075252757352940215
2024-06-25,-1,256.545,258.52,258.52,stop,-1.0,-0.007698454462180093,0.007698454462179991
2024-06-26,-1,260.92,262.57,262.57,stop,-1.0,-0.006323777403035358,0.006323777403035326
2024-06-27,1,261.05,259.875,259.875,stop,-1.0,-0.004501053438038749,0.004501053438038733
2024-06-28,1,260.73,259.69,259.69,stop,-1.0,-0.003988800675027937,0.003988800675027885
2024-07-01,-1,258.6,261.07,261.07,stop,-1.0,-0.009551430781129078,0.009551430781129041
2024-07-02,1,260.88,258.71,263.645,close,1.2741935483870812,0.010598742716958043,0.008318000613308863
2024-07-05,-1,270.54,272.05,269.71,close,0.5496688741722159,0.003067938197678921,0.005581429733126306
2024-07-08,1,274.49,272.6,272.6,stop,-1.0,-0.006885496739407526,0.006885496739407579
2024-07-10,-1,276.48,278.13,278.13,stop,-1.0,-0.00596788194444442,0.005967881944444362
2024-07-11,-1,280.8,283.07,270.96,close,4.334801762114586,0.03504273504273514,0.008084045584045518
2024-07-12,-1,271.25,272.74,272.74,stop,-1.0,-0.005493087557603804,0.00549308755760372
2024-07-15,-1,275.755,277.055,277.055,stop,-1.0,-0.004714329749234025,0.004714329749233963
2024-07-16,1,275.31,273.61,273.61,stop,-1.0,-0.006174857433438596,0.006174857433438628
2024-07-17,1,263.97,261.81,261.81,stop,-1.0,-0.008182748039549992,0.008182748039550042
2024-07-18,-1,257.5,260.0,255.64,close,0.7440000000000054,0.007223300970873869,0.009708737864077669
2024-07-19,-1,252.85,255.21,248.21,close,1.966101694915237,0.018350800870081008,0.009333596994265428
2024-07-22,1,253.23,251.61,257.75,close,2.790123456790171,0.017849385933736084,0.006397346285984979
2024-07-23,1,256.42,254.62,254.62,stop,-1.0,-0.007019733250136495,0.0070197332501365384
2024-07-24,-1,249.86,251.32,240.94,close,6.109589041095987,0.035699991995517544,0.00584327223245009
2024-07-25,-1,236.27,239.44,239.44,stop,-1.0,-0.013416853599695244,0.01341685359969521
2024-07-26,-1,239.9,242.27,242.27,stop,-1.0,-0.009879116298457724,0.00987911629845771
2024-07-29,1,243.54,241.655,241.655,stop,-1.0,-0.007740001642440597,0.00774000164244063
2024-07-31,1,243.06,240.51,247.16,close,1.6078431372548925,0.01686826298033406,0.010491236731671238
2024-08-01,1,245.56,243.06,243.06,stop,-1.0,-0.010180811207036955,0.010180811207036976
2024-08-02,1,219.92,216.35,216.35,stop,-1.0,-0.01623317570025462,0.016233175700254607
2024-08-05,1,204.38,200.49,213.4,close,2.318766066838057,0.04413347685683533,0.019033173500342435
2024-08-06,-1,215.85,218.09,218.09,stop,-1.0,-0.010377577021079443,0.010377577021079496
2024-08-07,-1,223.94,226.1,211.35,close,5.828703703703715,0.056220416182906185,0.00964544074305616
2024-08-08,-1,216.42,218.295,218.295,stop,-1.0,-0.008663709453839763,0.008663709453839756
2024-08-09,1,225.6799,224.1113,224.1113,stop,-1.0,-0.00695055253037602,0.006950552530376004
2024-08-12,1,227.35,225.18,225.18,stop,-1.0,-0.009544754783373577,0.009544754783373598
2024-08-13,-1,229.67,231.24,231.24,stop,-1.0,-0.006835894979753565,0.0068358949797536536
2024-08-14,-1,236.65,239.18,236.35,close,0.11857707509881867,0.0012676949080921984,0.01069089372491021
2024-08-15,1,240.98,239.53,246.54,close,3.8344827586207213,0.02307245414557224,0.0060170968545107005
2024-08-16,1,244.68,243.0,246.6113,close,1.1495833333333245,0.007893166584927114,0.006866110838646423
2024-08-19,-1,245.23,246.47,246.47,stop,-1.0,-0.0050564775924641925,0.005056477592464255
2024-08-20,-1,249.39,250.49,250.49,stop,-1.0,-0.004410762259914325,0.004410762259914282
2024-08-21,1,249.17,248.35,248.35,stop,-1.0,-0.0032909258739013403,0.003290925873901325
2024-08-22,-1,252.17,253.32,242.39,close,8.504347826086915,0.03878336043145503,0.004560415592655771
2024-08-23,1,245.98,244.7,248.32,close,1.828125000000001,0.009512968534027166,0.005203675095536227
2024-08-26,1,248.05,246.59,246.59,stop,-1.0,-0.005885910098770486,0.005885910098770441
2024-08-27,-1,240.0,241.91,241.91,stop,-1.0,-0.00795833333333329,0.007958333333333319
2024-08-28,-1,244.27,245.68,240.8,close,2.4609929078014234,0.014205592172595871,0.0057723011421787224
2024-08-29,1,243.66,239.56,239.56,stop,-1.0,-0.016826725765410777,0.016826725765410794
2024-08-30,1,242.9,240.77,240.77,stop,-1.0,-0.008769040757513391,0.008769040757513362
2024-09-03,-1,235.74,238.87,225.07,close,3.4089456869009687,0.04526172902350056,0.01327733944175785
2024-09-04,1,224.0,221.46,224.58,close,0.22834645669291903,0.0025892857142857384,0.011339285714285679
2024-09-05,1,223.51,221.73,224.21,close,0.3932584269663015,0.003131850923896007,0.007963849492192749
2024-09-06,-1,221.56,223.67,214.94,close,3.137440758293863,0.029879039537822782,0.009523379671420766
2024-09-09,1,219.67,218.2,218.2,stop,-1.0,-0.006691855965766824,0.006691855965766828
2024-09-10,-1,219.09,221.35,221.35,stop,-1.0,-0.010315395499566282,0.010315395499566346
2024-09-11,1,225.33,223.235,223.235,stop,-1.0,-0.009297474814716211,0.009297474814716189
2024-09-12,-1,230.075,232.92,232.92,stop,-1.0,-0.012365532978376503,0.012365532978376613
2024-09-13,1,236.51,234.96,234.96,stop,-1.0,-0.006553634095809779,0.006553634095809831
2024-09-16,-1,231.55,233.73,233.73,stop,-1.0,-0.009414813215288254,0.00941481321528818
2024-09-17,-1,235.58,237.13,233.79,close,1.1548387096774453,0.007598268104253458,0.006579505900331025
2024-09-18,-1,234.26,235.09,235.09,stop,-1.0,-0.0035430718005635686,0.00354307180056353
2024-09-19,-1,238.73,240.48,240.48,stop,-1.0,-0.007330457001633706,0.007330457001633645
2024-09-20,-1,238.14,239.65,237.91,close,0.15231788079469327,0.000965818426135856,0.0063408079281095965
2024-09-23,-1,238.67,239.8199,238.93,close,-0.22610661796679607,-0.0010893702601919575,0.00481794946997948
2024-09-24,1,241.86,241.0,241.0,stop,-1.0,-0.0035557760688001983,0.0035557760688001887
2024-09-25,1,244.47,242.8,245.58,close,0.6646706586826479,0.00454043440912999,0.0068311040209432135
2024-09-26,-1,254.29,255.99,252.66,close,0.9588235294117524,0.006410004325769769,0.006685280585158744
2024-09-27,-1,251.88,253.21,247.69,close,3.1503759398495927,0.01663490551056057,0.005280292202636225
2024-09-30,1,245.82,243.92,243.92,stop,-1.0,-0.007729232771946926,0.007729232771946977
2024-10-01,-1,244.56,246.58,238.84,close,2.831683168316817,0.02338894340857045,0.008259731763166545
2024-10-02,-1,238.76,240.64,240.64,stop,-1.0,-0.007874015748031482,0.007874015748031477
2024-10-03,1,243.83,241.34,244.49,close,0.2650602409638531,0.0027068039207645,0.010212032973793254
2024-10-04,-1,247.41,249.21,247.79,close,-0.21111111111110725,-0.0015359120488258604,0.007275372862859268
2024-10-07,1,248.215,246.31,248.22,close,0.00262467191600811,2.0143826924279296e-05,0.007674798058135089
2024-10-08,1,249.61,247.88,252.41,close,1.6184971098265628,0.011217499298906253,0.006930812066824318
2024-10-09,-1,251.71,253.45,253.45,stop,-1.0,-0.0069127170156131346,0.0069127170156131285
2024-10-10,-1,252.21,253.27,253.27,stop,-1.0,-0.004202846833987639,0.004202846833987559
2024-10-11,1,254.96,253.6,256.62,close,1.2205882352941029,0.006510825227486583,0.005334170065892743
2024-10-14,1,260.5,258.42,261.28,close,0.37499999999998973,0.0029942418426103234,0.007984644913627579
2024-10-15,-1,260.69,262.105,246.5399999999998,target,10.0,0.0542790287314443,0.005427902873144427
2024-10-16,-1,247.61,249.83,247.32,close,0.13063063063063993,0.0011711966398773033,0.008965712208715313
2024-10-17,-1,253.345,255.97,255.97,stop,-1.0,-0.010361364937141015,0.010361364937141052
2024-10-18,-1,251.52,253.52,251.53,close,-0.0049999999999954525,-3.975826972002494e-05,0.007951653944020356
2024-10-21,1,251.68,250.68,250.68,stop,-1.0,-0.003973299427844856,0.003973299427844882
2024-10-22,-1,250.25,251.62,251.62,stop,-1.0,-0.005474525474525427,0.005474525474525493
2024-10-23,1,250.81,249.24,249.24,stop,-1.0,-0.006259718512021006,0.006259718512021025
2024-10-24,-1,249.89,251.2,250.04,close,-0.11450381679389728,-0.0006002641162110578,0.00524230661491057
2024-10-25,1,253.75,252.3,253.01,close,-0.5103448275862171,-0.002916256157635466,0.005714285714285669
2024-10-28,-1,251.24,253.05,251.16,close,0.04419889502763116,0.0003184206336570572,0.007204266836491014
2024-10-29,1,252.3,250.86,257.0759,close,3.316597222222213,0.01892944906856897,0.005707491082045175
2024-10-30,-1,250.74,252.04,252.04,stop,-1.0,-0.005184653425859498,0.005184653425859388
2024-10-31,-1,245.18,248.27,241.53,close,1.1812297734627837,0.014887021779916854,0.012602985561628205
2024-11-01,1,244.54,243.35,244.7534,close,0.17932773109244332,0.0008726588697145488,0.004866279545268659
2024-11-04,-1,244.3,246.0,246.0,stop,-1.0,-0.0069586573884568015,0.0069586573884567685
2024-11-05,1,246.77,245.08,248.31,close,0.9112426035502924,0.006240628925720193,0.006848482392511236
2024-11-06,1,253.22,251.97,251.97,stop,-1.0,-0.004936418924255559,0.0049364189242555884
2024-11-07,1,259.3,258.14,261.06,close,1.5172413793103043,0.00678750482067092,0.004473582722715098
2024-11-08,1,261.79,260.49,260.49,stop,-1.0,-0.004965812292295424,0.0049658122922953945
2024-11-11,-1,255.67,258.05,253.519,close,0.9037815126050254,0.008413188876285727,0.009308874721320547
2024-11-12,1,253.3,251.75,251.75,stop,-1.0,-0.006119226213975537,0.0061192262139755675
2024-11-13,-1,249.96,251.18,247.66,close,1.8852459016393552,0.009201472235557784,0.004880780924947987
2024-11-14,-1,249.56,250.84,250.86,gap-stop,-1.015625000000008,-0.005209168135919207,0.005129027087674311
2024-11-15,-1,242.6,244.17,244.17,stop,-1.0,-0.006471558120362708,0.006471558120362709
2024-11-20,-1,241.4184,243.75,242.59,close,-0.5024875621890581,-0.004852985522230346,0.009657921682854368
2024-11-21,-1,244.89,248.1899,246.11,close,-0.369708172974946,-0.004981828576095415,0.013475029605128867
2024-11-25,-1,244.505,246.35,243.66,close,0.4579945799457991,0.0034559620457659257,0.0075458579579149665
2024-11-26,-1,245.155,246.12,241.44,close,3.849740932642477,0.01515367828516656,0.003936285207317833
2024-11-27,-1,238.13,239.8,238.23,close,-0.05988023952095411,-0.0004199386889514045,0.007012976105488665
2024-12-02,1,245.05,243.35,247.89,close,1.6705882352940862,0.011589471536421092,0.00693735972250568
2024-12-03,1,247.89,245.93,248.405,close,0.26275510204082664,0.0020775343902537102,0.007906732825043283
2024-12-04,-1,251.21,252.46,252.46,stop,-1.0,-0.0049759165638310066,0.004975916563831058
2024-12-05,1,252.12,250.8201,250.8201,stop,-1.0,-0.0051558781532603515,0.0051558781532603844
2024-12-06,-1,247.41,248.57,248.57,stop,-1.0,-0.004688573622731562,0.004688573622731485
2024-12-09,1,246.4,244.93,246.14,close,-0.17687074829933302,-0.0010551948051948923,0.005965909090909086
2024-12-10,-1,245.29,247.15,239.87,close,2.913978494623628,0.022096294182396337,0.007582861103184042
2024-12-11,-1,242.155,243.81,243.81,stop,-1.0,-0.006834465528277267,0.006834465528277348
2024-12-12,-1,242.49,244.04,244.04,stop,-1.0,-0.006392016165615022,0.0063920161656150064
2024-12-13,1,250.0,248.84,248.84,stop,-1.0,-0.0046399999999999775,0.004639999999999986
2024-12-16,-1,249.62,251.08,251.08,stop,-1.0,-0.005848890313276289,0.005848890313276211
2024-12-17,1,250.9,249.482,249.482,stop,-1.0,-0.005651654045436438,0.005651654045436454
2024-12-19,-1,241.9,243.25,238.92,close,2.2074074074074304,0.012319140140554019,0.005580818520049584
2024-12-20,1,237.59,236.54,242.91,close,5.066666666666605,0.022391514794393608,0.004419377919946173
2024-12-23,1,246.5,243.53,249.41,close,0.979797979797979,0.01180527383367136,0.012048681541582146
2024-12-26,1,251.05,249.63,249.63,stop,-1.0,-0.005656243776140268,0.0056562437761402745
2024-12-27,-1,248.58,250.07,248.4,close,0.12080536912752292,0.0007241129616220032,0.005994046182315475
2024-12-30,-1,242.85,244.62,244.62,stop,-1.0,-0.00728844966028408,0.007288449660284168
2024-12-31,-1,244.54,246.035,246.035,stop,-1.0,-0.006113519260652733,0.006113519260652673
2025-01-02,-1,244.16,246.085,246.085,stop,-1.0,-0.007884174311926673,0.007884174311926652
2025-01-03,1,248.23,246.68,251.86,close,2.341935483871009,0.014623534625146206,0.006244208999717935
2025-01-06,1,260.65,258.5,260.27,close,-0.17674418604651138,-0.001457893727220383,0.008248609246115394
2025-01-07,-1,261.45,263.58,254.01,close,3.4929577464788797,0.028456683878370637,0.008146873207114155
2025-01-08,-1,252.83,254.33,252.19,close,0.4266666666666765,0.002531345172645749,0.005932840248388245
2025-01-10,-1,247.33,249.59,247.13,close,0.08849557522124683,0.0008086362349897236,0.009137589455383458
2025-01-13,-1,240.84,242.8,242.8,stop,-1.0,-0.008138183026075385,0.008138183026075435
2025-01-14,1,248.1,246.81,246.81,stop,-1.0,-0.005199516324062792,0.0051995163240628455
2025-01-15,-1,248.34,249.3,249.3,stop,-1.0,-0.003865668035757386,0.0038656680357574613
2025-01-16,-1,254.8614,257.2,252.21,close,1.133755238176692,0.01040330155920044,0.009175967800537803
2025-01-17,-1,256.19,257.98,257.98,stop,-1.0,-0.006987001834575901,0.006987001834575981
2025-01-22,1,267.61,265.14,267.2,close,-0.16599190283401638,-0.0015320802660588884,0.009229849407720292
2025-01-23,1,263.235,261.9,266.86,close,2.7153558052433717,0.013770965107223532,0.005071514046384547
2025-01-24,-1,265.38,267.43,261.53,close,1.8780487804878057,0.014507498681136544,0.007724772025020768
2025-01-27,1,244.95,241.03,241.03,stop,-1.0,-0.01600326597264745,0.016003265972647427
2025-01-28,-1,235.03,237.98,237.98,stop,-1.0,-0.012551589158830811,0.012551589158830739
2025-01-29,1,242.41,239.95,239.95,stop,-1.0,-0.010148096200651824,0.010148096200651822
2025-01-30,-1,242.77,243.75,243.75,stop,-1.0,-0.0040367425958725,0.004036742595872595
2025-01-31,-1,245.86,247.13,247.13,stop,-1.0,-0.005165541365004467,0.0051655413650044
2025-02-03,1,236.25,235.16,235.16,stop,-1.0,-0.0046137566137566255,0.004613756613756628
2025-02-04,-1,238.64,239.68,239.68,stop,-1.0,-0.004358028830036886,0.004358028830036962
2025-02-05,-1,241.235,242.53,242.53,stop,-1.0,-0.005368209422347503,0.005368209422347451
2025-02-06,1,247.75,245.9,245.9,stop,-1.0,-0.007467204843592312,0.007467204843592308
2025-02-07,1,250.48,249.33,249.33,stop,-1.0,-0.004591184924944036,0.004591184924944017
2025-02-10,1,248.41,247.0,249.62,close,0.858156028368802,0.004870979429169475,0.005676099995974383
2025-02-11,1,248.49,247.41,249.82,close,1.2314814814814525,0.005352328061491329,0.004346251358203599
2025-02-12,1,246.12,244.54,248.55,close,1.537974683544296,0.009873232569478363,0.0064196326994962315
2025-02-13,1,249.8,247.79,251.945,close,1.0671641791044584,0.008586869495596394,0.008046437149719853
2025-02-14,1,252.0,250.89,250.89,stop,-1.0,-0.004404761904761911,0.004404761904761959
2025-02-18,1,256.8,254.56,254.56,stop,-1.0,-0.008722741433021874,0.008722741433021841
2025-02-19,1,256.17,255.04,255.04,stop,-1.0,-0.004411133231838282,0.004411133231838326
2025-02-20,1,258.78,258.07,258.07,stop,-1.0,-0.0027436432490918206,0.002743643249091814
2025-02-24,-1,250.7,252.06,243.43,close,5.34558823529405,0.02899880335061822,0.0054248105305146135
2025-02-25,1,243.04,241.57,241.57,stop,-1.0,-0.006048387096774244,0.006048387096774189
2025-02-27,-1,244.73,246.38,228.78,close,9.666666666666627,0.06517386507579781,0.006742123973358418
2025-02-28,1,228.59,225.63,232.825,close,1.4307432432432343,0.018526619712148307,0.012948947897983324
2025-03-03,-1,233.15,235.37,223.04,close,4.554054054054062,0.04336264207591689,0.009521767102723563
2025-03-04,1,223.29,221.565,221.565,stop,-1.0,-0.007725379551256184,0.007725379551256188
2025-03-05,-1,225.02,227.82,227.82,stop,-1.0,-0.012443338369922508,0.012443338369922598
2025-03-07,-1,220.6,222.28,222.28,stop,-1.0,-0.007615593834995549,0.0076155938349954985
2025-03-10,1,219.9,218.61,218.61,stop,-1.0,-0.005866302864938611,0.0058663028649385725
2025-03-12,1,222.16,220.12,220.12,stop,-1.0,-0.009182571119913496,0.00918257111991354
2025-03-13,1,221.96,220.62,220.62,stop,-1.0,-0.006037123806091227,0.006037123806091203
2025-03-14,1,224.95,223.35,223.35,stop,-1.0,-0.007112691709268648,0.007112691709268701
2025-03-17,1,228.781,226.02,228.97,close,0.06845345889170346,0.0008261175534680643,0.012068309868389401
2025-03-18,-1,226.24,227.2,227.2,stop,-1.0,-0.004243281471004057,0.004243281471004153
2025-03-19,-1,224.67,226.27,226.27,stop,-1.0,-0.007121556059999312,0.007121556059999212
2025-03-20,1,226.8,224.892,227.05,close,0.13102725366876203,0.0011022927689594564,0.008412698412698481
2025-03-21,-1,221.61,223.65,223.65,stop,-1.0,-0.009205360768918425,0.009205360768918334
2025-03-24,1,230.66,229.1,230.65,close,-0.006410256410250571,-4.335385415754622e-05,0.00676320124859101
2025-03-25,-1,229.84,230.66,229.72,close,0.1463414634146409,0.0005221023320570728,0.0035676992690567054
2025-03-26,1,228.59,227.86,227.86,stop,-1.0,-0.003193490528894505,0.0031934905288944827
2025-03-27,-1,217.88,219.86,219.86,stop,-1.0,-0.0090875711400773,0.00908757114007719
2025-03-28,1,216.99,215.9995,215.9995,stop,-1.0,-0.00456472648509143,0.004564726485091466
2025-03-31,-1,205.11,207.46,207.46,stop,-1.0,-0.011457266832431312,0.01145726683243135
2025-04-01,-1,209.47,211.35,211.35,stop,-1.0,-0.008975032224184831,0.008975032224184826
2025-04-02,1,210.01,208.47,214.07,close,2.6363636363636513,0.019332412742250282,0.0073329841436121715
2025-04-03,-1,202.53,204.49,195.5,close,3.586734693877537,0.034710907026119564,0.00967757863032641
2025-04-04,-1,186.86,190.29,180.93,close,1.7288629737609458,0.031734988761639715,0.018355988440543605
2025-04-07,-1,172.57,174.39,174.39,stop,-1.0,-0.010546444920901621,0.010546444920901624
2025-04-08,-1,192.26,194.61,194.61,stop,-1.0,-0.012223031311765498,0.012223031311765437
2025-04-10,-1,200.07,202.5,196.21,close,1.5884773662551335,0.01929324736342275,0.012145748987854286
2025-04-11,1,196.33,193.75,193.75,stop,-1.0,-0.013141139917485889,0.013141139917485929
2025-04-14,-1,204.54,206.78,201.57,close,1.3258928571428512,0.014520387210325558,0.01095140314852845
2025-04-15,1,204.4899,202.13,202.13,stop,-1.0,-0.011540423267848432,0.011540423267848487
2025-04-16,1,195.76,192.82,192.82,stop,-1.0,-0.015018389865140924,0.015018389865140978
2025-04-17,-1,194.152,196.0,192.51,close,0.88852813852813,0.008457291194527983,0.009518315546582128
2025-04-21,-1,188.4,189.3884,187.81,close,0.5969243221367996,0.0031316348195329358,0.005246284501061488
2025-04-22,1,190.35,188.96,191.94,close,1.1438848920863447,0.008353033884948902,0.007302337798791628
2025-04-24,1,203.49,202.1845,209.0,close,4.220605132133292,0.027077497665732864,0.00641554867561057
2025-04-25,1,208.44,206.5,211.97,close,1.819587628865982,0.016935329111494868,0.009307234695835722
2025-04-28,-1,210.3076,211.37,211.37,stop,-1.0,-0.005051648157270661,0.005051648157270572
2025-04-29,-1,208.6,209.784,209.784,stop,-1.0,-0.005675934803451632,0.005675934803451571
2025-04-30,-1,204.18,206.3,206.3,stop,-1.0,-0.010382995396219119,0.010382995396219044
2025-05-01,-1,213.61,215.01,215.01,stop,-1.0,-0.006554000280885708,0.006554000280885619
2025-05-02,-1,217.74,219.35,219.35,stop,-1.0,-0.0073941397997612235,0.007394139799761115
2025-05-05,1,218.07,216.9,217.69,close,-0.32478632478632435,-0.0017425597285275485,0.005365249690466306
2025-05-06,1,214.61,213.34,213.34,stop,-1.0,-0.005917711197055198,0.005917711197055171
2025-05-07,-1,215.22,216.36,216.36,stop,-1.0,-0.005296905492054638,0.0052969054920547105
2025-05-08,-1,221.61,223.0288,223.0288,stop,-1.0,-0.006402238166147711,0.006402238166147629
2025-05-09,1,225.32,224.5,224.5,stop,-1.0,-0.0036392685957749027,0.0036392685957748676
2025-05-12,-1,236.315,238.04,238.04,stop,-1.0,-0.0072995789518226495,0.007299578951822755
2025-05-13,1,240.67,238.6,245.59,close,2.376811594202914,0.020442930153321992,0.008600988905970804
2025-05-14,1,249.27,247.54,247.54,stop,-1.0,-0.006940265575480442,0.006940265575480475
2025-05-15,-1,245.51,246.77,246.77,stop,-1.0,-0.0051321738422061,0.005132173842206099
2025-05-16,-1,245.86,247.61,246.57,close,-0.40571428571427404,-0.0028878223379158463,0.007117871959651834
2025-05-19,1,242.32,241.29,246.08,close,3.6504854368932187,0.015516672169032741,0.004250577748431831
2025-05-20,-1,243.33,244.16,244.16,stop,-1.0,-0.0034110056302141256,0.003411005630214047
2025-05-21,1,244.81,243.32,243.32,stop,-1.0,-0.00608635268167157,0.0060863526816715375
2025-05-22,-1,240.5949,242.02,242.02,stop,-1.0,-0.005923234449275672,0.005923234449275586
2025-05-23,1,236.445,234.585,237.39,close,0.5080645161290326,0.003996701135570602,0.007866522870011992
2025-05-27,-1,240.94,242.49,242.49,stop,-1.0,-0.006433136880551249,0.006433136880551222
2025-05-28,1,245.33,244.405,244.405,stop,-1.0,-0.0037704316634736834,0.0037704316634737346
2025-05-29,-1,247.74,249.21,244.1,close,2.4761904761904883,0.014692823121014054,0.005933640106563328
2025-05-30,-1,241.33,243.23,239.4,close,1.0157894736842263,0.007997348029668894,0.007873036920399359
2025-06-02,1,241.5,238.96,243.32,close,0.7165354330708656,0.007536231884057942,0.010517598343685267
2025-06-03,1,243.61,242.35,248.82,close,4.134920634920555,0.02138664258445866,0.005172201469562084
2025-06-04,1,251.46,250.57,250.57,stop,-1.0,-0.003539330310983968,0.003539330310983913
2025-06-05,-1,253.4,254.6799,254.6799,stop,-1.0,-0.00505090765588001,0.0050509076558800225
2025-06-06,1,254.0391,252.75,252.75,stop,-1.0,-0.0050744157100225395,0.005074415710022554
2025-06-09,1,257.59,255.0,256.97,close,-0.2393822393822215,-0.002406925734694476,0.010054738149772799
2025-06-10,-1,257.66,258.93,258.93,stop,-1.0,-0.004928976170146537,0.004928976170146634
2025-06-11,-1,262.57,263.76,263.76,stop,-1.0,-0.004532124766728929,0.004532124766728864
2025-06-12,1,261.9,260.06,263.14,close,0.673913043478275,0.004734631538755307,0.007025582283314147
2025-06-13,1,259.43,257.55,257.55,stop,-1.0,-0.0072466561307481525,0.007246656130748161
2025-06-16,1,261.22,259.78,263.58,close,1.6388888888887967,0.009034530280989106,0.005512594747722435
2025-06-17,1,263.53,262.08,262.08,stop,-1.0,-0.00550221986111632,0.005502219861116339
2025-06-18,1,263.04,261.43,261.43,stop,-1.0,-0.0061207420924574985,0.006120742092457472
2025-06-20,-1,263.29,265.025,260.23,close,1.7636887608069616,0.011622165672832252,0.006589691974628571
2025-06-24,1,268.0819,265.74,271.51,close,1.463811435159468,0.012787510085537246,0.008735763212660046
2025-06-25,1,274.1499,272.8,272.8,stop,-1.0,-0.004923948540561218,0.004923948540561171
2025-06-26,-1,275.98,277.12,277.12,stop,-1.0,-0.004130734111167378,0.0041307341111674264
2025-06-27,1,278.9299,277.41,277.41,stop,-1.0,-0.005449039346444917,0.005449039346444932
2025-06-30,-1,277.645,279.83,279.83,stop,-1.0,-0.007869761746114756,0.007869761746114652
2025-07-01,-1,276.7362,278.055,275.81,close,0.7023051258719951,0.0033468696903404815,0.004765549284842425
2025-07-02,1,275.74,274.66,281.25,close,5.101851851851919,0.01998259229709154,0.003916733154420773
2025-07-07,-1,281.11,282.64,279.74,close,0.8954248366013261,0.004873537049553622,0.005442709259720297
2025-07-08,-1,280.78,281.91,281.91,stop,-1.0,-0.004024503169741678,0.004024503169741621
2025-07-09,1,286.86,284.51,284.51,stop,-1.0,-0.008192149480582889,0.00819214948058294
2025-07-10,-1,286.53,288.19,287.57,close,-0.6265060240963884,-0.0036296373852651165,0.005793459672634716
2025-07-11,-1,285.71,286.83,286.83,stop,-1.0,-0.003920058800882087,0.00392005880088203
2025-07-14,-1,283.29,286.44,286.44,stop,-1.0,-0.01111934766493694,0.01111934766493691
2025-07-15,1,292.45,291.41,291.41,stop,-1.0,-0.0035561634467429215,0.003556163446742909
2025-07-16,-1,286.44,288.5,288.5,stop,-1.0,-0.007191732998184541,0.007191732998184619
2025-07-17,-1,288.02,290.21,290.21,stop,-1.0,-0.007603638636205723,0.007603638636205811
2025-07-18,-1,291.875,293.325,290.31,close,1.0793103448275931,0.005361884368308312,0.004967880085653066
2025-07-21,1,291.53,290.62,290.62,stop,-1.0,-0.003121462628202787,0.0031214626282028207
2025-07-22,-1,288.01,289.84,285.34,close,1.4590163934426443,0.009270511440575002,0.0063539460435400996
2025-07-23,-1,283.83,285.4,285.4,stop,-1.0,-0.005531480111334197,0.005531480111334226
2025-07-24,1,287.57,285.81,285.81,stop,-1.0,-0.006120248982856347,0.006120248982856316
2025-07-25,-1,285.4619,286.44,286.44,stop,-1.0,-0.00342637668984902,0.0034263766898489202
2025-07-28,1,290.66,289.51,289.51,stop,-1.0,-0.003956512764054287,0.003956512764054339
2025-07-29,1,295.9,293.5087,293.5087,stop,-1.0,-0.008081446434606288,0.008081446434606291
2025-07-30,1,295.59,294.225,294.225,stop,-1.0,-0.004617882878310997,0.004617882878311013
2025-07-31,-1,292.73,294.92,288.69,close,1.8447488584474998,0.013801113654220654,0.00748129675810473
2025-08-01,-1,281.9618,283.57,283.57,stop,-1.0,-0.005703609496038098,0.005703609496038154
2025-08-04,1,286.73,285.21,290.255,close,2.319078947368347,0.01229379555679544,0.0053011543961219215
2025-08-05,1,290.98,289.28,289.28,stop,-1.0,-0.0058423259330540045,0.005842325933053974
2025-08-07,1,293.95,292.62,292.62,stop,-1.0,-0.0045245790100356675,0.004524579010035667
2025-08-08,1,291.93,290.65,293.52,close,1.2421874999999518,0.005446511149933109,0.004384612749631862
2025-08-11,1,295.74,294.24,294.24,stop,-1.0,-0.005072022722661829,0.005072022722661797
2025-08-12,1,295.29,293.15,300.09,close,2.242990654205541,0.016255206745910744,0.0072471130075520435
2025-08-13,1,302.7,301.265,301.265,stop,-1.0,-0.004740667327386872,0.0047406673273868594
2025-08-14,1,298.81,297.28,301.95,close,2.052287581699298,0.010508349787490268,0.005120310565242226
2025-08-15,-1,297.08,299.36,295.53,close,0.6798245614035049,0.005217449845159594,0.007674700417396088
2025-08-18,1,296.46,294.78,296.88,close,0.25000000000000844,0.001416717263711842,0.00566686905484722
2025-08-19,-1,295.33,296.86,296.86,stop,-1.0,-0.005180645379744719,0.005180645379744793
2025-08-20,-1,288.16,290.0,288.92,close,-0.41304347826087023,-0.0026374236535258166,0.006385341476957159
2025-08-21,1,288.78,287.19,287.19,stop,-1.0,-0.005505921462705121,0.005505921462705087
2025-08-22,1,287.9799,286.54,293.66,close,3.9447878324884873,0.019723946011509952,0.005000001736232168
2025-08-25,1,294.15,292.115,293.88,close,-0.1326781326781258,-0.0009178990311065061,0.0069182389937105845
2025-08-26,1,296.01,294.7,294.7,stop,-1.0,-0.004425526164656635,0.004425526164656607
2025-08-27,-1,294.66,296.16,296.16,stop,-1.0,-0.00509061290979429,0.005090612909794338
2025-08-28,-1,298.01,300.78,298.88,close,-0.31407942238267517,-0.002919365121975881,0.00929499010100326
2025-08-29,-1,293.66,295.56,290.29,close,1.7736842105263395,0.011475856432609177,0.006470067424913087
2025-09-02,1,283.44,281.74,286.44,close,1.764705882352953,0.010584250635055081,0.005997742026531148
2025-09-03,-1,285.8,287.5399,287.5399,stop,-1.0,-0.006087823652904056,0.006087823652904049
2025-09-04,1,285.83,284.5901,284.5901,stop,-1.0,-0.0043378931532728204,0.004337893153272846
2025-09-05,1,295.07,293.24,293.24,stop,-1.0,-0.006201918188904254,0.006201918188904274
2025-09-08,1,296.23,294.8,296.495,close,0.1853146853146749,0.0008945751611921793,0.0048273301151132795
2025-09-09,1,297.75,297.09,297.09,stop,-1.0,-0.002216624685138613,0.002216624685138623
2025-09-10,1,300.82,299.2,299.2,stop,-1.0,-0.005385280234026957,0.005385280234027008
2025-09-11,-1,303.54,305.56,303.91,close,-0.18316831683168708,-0.0012189497265600036,0.0066548066152730505
2025-09-12,-1,304.23,305.59,304.3,close,-0.051470588235290736,-0.00023008907734278772,0.004470302074088541
2025-09-15,1,304.55,303.01,307.2,close,1.7207792207791832,0.008701362666228896,0.005056640945657594
2025-09-16,-1,307.82,308.67,307.24,close,0.6823529411764336,0.0018842180495094452,0.002761354038074273
2025-09-17,-1,305.34,306.54,306.54,stop,-1.0,-0.003930045195519982,0.003930045195519898
2025-09-18,-1,313.0,314.04,314.04,stop,-1.0,-0.0033226837060702508,0.003322683706070353
2025-09-19,-1,314.43,316.51,315.76,close,-0.6394230769230742,-0.004229876284069567,0.006615144865311783
2025-09-22,1,317.68,316.0,322.225,close,2.7053571428571415,0.01430684966003537,0.005288340468395891
2025-09-23,1,323.44,322.29,322.29,stop,-1.0,-0.00355552807321291,0.0035555280732128903
2025-09-24,1,321.395,319.9,319.9,stop,-1.0,-0.004651596944569736,0.004651596944569781
2025-09-25,-1,315.51,316.76,316.76,stop,-1.0,-0.003961839561345215,0.003961839561345124
2025-09-26,-1,320.22,322.23,322.23,stop,-1.0,-0.006276934607457374,0.0062769346074573445
2025-09-29,1,325.8,324.64,324.64,stop,-1.0,-0.0035604665438920824,0.0035604665438920347
2025-09-30,1,323.16,322.43,326.35,close,4.369863013698518,0.00987127119693021,0.0022589429384825416
2025-10-01,1,326.15,324.11,333.72,close,3.710784313725581,0.02321017936532277,0.006254790740456734
2025-10-02,-1,338.64,340.0,338.29,close,0.2573529411764429,0.0010335459484998033,0.004016064257028153
2025-10-03,1,339.86,338.58,338.58,stop,-1.0,-0.0037662566939329345,0.003766256693932883
2025-10-06,1,346.55,344.32,344.32,stop,-1.0,-0.006434857884865197,0.006434857884865151
2025-10-07,1,346.555,345.455,345.455,stop,-1.0,-0.003174099349309678,0.003174099349309699
2025-10-08,1,338.395,336.42,346.17,close,3.936708860759579,0.022976107803011292,0.005836374650925593
2025-10-09,-1,345.37,346.47,346.47,stop,-1.0,-0.0031849900107132623,0.003184990010713214
2025-10-10,-1,345.08,346.4887,330.9929999999999,target,10.0,0.04082241799003161,0.00408224179900316
2025-10-13,-1,335.55,337.95,337.95,stop,-1.0,-0.007152436298614173,0.007152436298614147
2025-10-14,-1,331.9328,333.79,333.79,stop,-1.0,-0.0055951084074850055,0.0055951084074849925
2025-10-15,-1,339.3401,342.155,342.155,stop,-1.0,-0.008295217688684575,0.008295217688684497
2025-10-16,-1,344.83,346.3999,346.3999,stop,-1.0,-0.004552678131253041,0.004552678131253134
2025-10-17,1,341.85,339.48,339.48,stop,-1.0,-0.00693286529179471,0.0069328652917946595
2025-10-20,1,347.67,345.66,347.26,close,-0.20398009950250093,-0.0011792792015418163,0.005781344378289731
2025-10-21,-1,345.43,347.1,345.33,close,0.05988023952097113,0.00028949425353907987,0.004834554034102469
2025-10-22,-1,341.9,343.26,343.26,stop,-1.0,-0.003977771278151465,0.003977771278151547
2025-10-23,1,339.0298,336.725,345.06,close,2.6163658451926324,0.017786637044885145,0.006798222457140936
2025-10-24,1,351.945,350.0,350.0,stop,-1.0,-0.005526431686769251,0.0055264316867692205
2025-10-27,1,358.21,357.01,357.01,stop,-1.0,-0.0033499902291951322,0.003349990229195133
2025-10-28,1,360.245,359.01,359.01,stop,-1.0,-0.003428222459714969,0.003428222459714954
2025-10-29,1,371.12,369.0,369.0,stop,-1.0,-0.005712438025436528,0.005712438025436529
2025-10-30,-1,366.11,368.35,368.35,stop,-1.0,-0.006118379721941514,0.006118379721941518
2025-10-31,1,367.5,366.389,366.389,stop,-1.0,-0.0030231292517006736,0.003023129251700653
2025-11-03,-1,367.64,369.47,366.11,close,0.8360655737704582,0.00416167990425409,0.004977695571755089
2025-11-04,1,358.34,355.8001,355.8001,stop,-1.0,-0.007087961154211064,0.007087961154211053
2025-11-05,1,355.67,352.72,359.561,close,1.31898305084745,0.010939916214468326,0.00829420530266817
2025-11-06,1,359.81,358.1,358.1,stop,-1.0,-0.0047525082682526865,0.004752508268252632
2025-11-07,-1,345.88,348.18,348.12,close,-0.97391304347826,-0.006476234532207803,0.006649705100034727
2025-11-10,1,358.44,356.97,356.97,stop,-1.0,-0.004101104787411991,0.004101104787412037
2025-11-11,-1,354.84,356.0431,350.98,close,3.2083783559138364,0.010878142261300794,0.003390542216210141
2025-11-12,-1,355.5,356.83,356.83,stop,-1.0,-0.0037412095639943743,0.0037412095639943292
2025-11-13,-1,350.81,352.73,352.73,stop,-1.0,-0.005473048088709076,0.0054730480887090335
2025-11-14,1,336.72,333.75,345.0,close,2.787878787878753,0.024590163934426146,0.008820384889522533
2025-11-17,1,345.26,340.58,340.58,stop,-1.0,-0.01355500202745763,0.013555002027457588
2025-11-18,-1,335.03,337.79,332.94,close,0.757246376811572,0.006238247321135315,0.008238068232695723
2025-11-19,1,335.57,333.76,333.76,stop,-1.0,-0.005393807551330565,0.005393807551330579
2025-11-20,-1,347.38,349.7799,324.81,close,9.40455852327179,0.06497207668835281,0.006908572744544886
2025-11-21,-1,322.64,325.91,325.91,stop,-1.0,-0.01013513513513531,0.010135135135135255
2025-11-24,1,332.4,328.83,339.3,close,1.9327731092437108,0.020758122743682383,0.010740072202166046
2025-11-25,-1,333.59,335.65,335.65,stop,-1.0,-0.0061752450613028476,0.006175245061302804
2025-11-26,1,345.75,343.93,343.93,stop,-1.0,-0.0052639190166304806,0.005263919016630494
2025-12-01,1,350.0,348.29,348.29,stop,-1.0,-0.004885714285714271,0.004885714285714228
2025-12-02,1,357.641,354.82,354.82,stop,-1.0,-0.007887798099211252,0.007887798099211293
2025-12-03,-1,358.0,360.1299,360.1299,stop,-1.0,-0.0059494413407821245,0.00594944134078218
2025-12-04,-1,360.72,364.37,361.53,close,-0.22191780821916451,-0.002245508982035682,0.01011865158571739
2025-12-05,-1,364.46,366.96,366.96,stop,-1.0,-0.006859463315590286,0.006859463315590188
2025-12-08,-1,367.66,370.72,368.64,close,-0.3202614379084839,-0.002665506174182486,0.00832290703367242
2025-12-09,1,367.4,365.35,369.05,close,0.8048780487805223,0.0044910179640720305,0.005579749591725516
2025-12-10,-1,367.62,369.0,369.0,stop,-1.0,-0.003753876285294666,0.0037538762852945854
2025-12-11,-1,366.16,369.7943,369.7943,stop,-1.0,-0.009925442429538966,0.009925442429538987
2025-12-12,1,366.99,364.8,364.8,stop,-1.0,-0.00596746505354373,0.005967465053543687
2025-12-15,-1,357.06,359.2,352.825,close,1.9789719626168414,0.011860751694393157,0.00599339046658821
2025-12-16,1,353.12,351.53,351.53,stop,-1.0,-0.004502718622564683,0.004502718622564657
2025-12-17,-1,351.2,352.89,338.97,close,7.236686390532531,0.034823462414578454,0.00481207289293849
2025-12-18,-1,350.3,352.09,347.58,close,1.5195530726257445,0.007764773051670115,0.005109905795032725
2025-12-19,1,355.1335,350.31,356.44,close,0.270861407691503,0.0036788982171491735,0.01358221626515106
2025-12-22,-1,359.02,362.48,359.75,close,-0.2109826589595406,-0.002033312907358864,0.009637346108851976
2025-12-23,1,360.6,358.43,358.43,stop,-1.0,-0.0060177481974487135,0.00601774819744874
2025-12-26,1,366.065,364.54,364.54,stop,-1.0,-0.0041659268162757,0.004165926816275736
2025-12-29,1,363.45,360.82,364.19,close,0.2813688212927796,0.0020360434722794807,0.007236208556885391
2025-12-30,-1,365.01,365.95,365.95,stop,-1.0,-0.0025752719103586674,0.002575271910358614
2025-12-31,-1,364.26,365.5684,360.08,close,3.1947416692142983,0.011475319826497521,0.003591939823203223
2026-01-02,1,372.85,368.835,373.34,close,0.1220423412204102,0.0013142014214830855,0.010768405525010172
2026-01-05,-1,381.64,383.99,377.86,close,1.6085106382978451,0.009904622157006493,0.006157635467980356
2026-01-06,1,384.01,382.14,387.62,close,1.9304812834224625,0.00940079685424866,0.004869664852477812
2026-01-07,-1,383.69,386.08,386.08,stop,-1.0,-0.006228986942583781,0.0062289869425838215
2026-01-08,-1,381.76,384.74,378.86,close,0.9731543624160938,0.007596395641240483,0.007805951383067944
2026-01-09,1,382.32,380.08,389.26,close,3.0982142857142723,0.018152333124084485,0.005858966310943736
2026-01-12,1,389.22,385.665,390.44,close,0.34317862165962537,0.003134474076357696,0.00913365191922308
2026-01-13,-1,391.33,392.98,392.98,stop,-1.0,-0.0042163902588610025,0.004216390258860895
2026-01-15,-1,399.83,402.01,402.01,stop,-1.0,-0.005452317234824866,0.0054523172348248175
2026-01-16,1,404.58,402.45,402.45,stop,-1.0,-0.005264718967818438,0.0052647189678184676
2026-01-20,1,396.08,393.0,393.0,stop,-1.0,-0.007776206826903609,0.007776206826903616
2026-01-21,-1,394.0,396.0,396.0,stop,-1.0,-0.0050761421319796,0.005076142131979695
2026-01-22,-1,405.53,408.73,402.9248,close,0.8141249999999784,0.0064241856336152425,0.00789090819421509
2026-01-23,-1,398.3807,401.94,401.94,stop,-1.0,-0.008934418760748297,0.008934418760748217
2026-01-26,1,398.7521,396.22,398.83,close,0.03076497768650565,0.00019535947271509535,0.006350060601561615
2026-01-27,-1,402.6501,404.31,404.31,stop,-1.0,-0.004122437818840696,0.004122437818840708
2026-01-28,-1,414.54,417.24,417.24,stop,-1.0,-0.0065132435953103585,0.0065132435953104365
2026-01-29,-1,417.15,420.6,417.43,close,-0.08115942028986257,-0.0006712213831956415,0.008270406328658865
2026-01-30,1,414.61,411.0,411.0,stop,-1.0,-0.00870697764163919,0.008706977641639163
2026-02-02,1,405.36,398.43,408.055,close,0.3888888888888875,0.00664841128873106,0.01709591474245117
2026-02-03,-1,407.7,412.58,397.56,close,2.0778688524590154,0.02487122884473869,0.011969585479519243
2026-02-04,1,395.16,390.43,390.43,stop,-1.0,-0.011969835003542872,0.011969835003542914
2026-02-05,1,380.2,376.875,376.875,stop,-1.0,-0.008745397159389712,0.008745397159389766
2026-02-06,1,392.57,387.19,401.6,close,1.6784386617100442,0.023002267111597918,0.013704562243676275
2026-02-09,1,400.51,397.0,406.5,close,1.7065527065527135,0.014955931187735638,0.008763826121694816
2026-02-10,-1,405.82,408.8,404.57,close,0.4194630872483196,0.003080183332511921,0.007343157064708537
2026-02-11,1,415.32,412.79,412.79,stop,-1.0,-0.0060916883367041486,0.006091688336704162
2026-02-12,1,419.08,417.09,417.09,stop,-1.0,-0.004748496707072669,0.004748496707072657
2026-02-13,-1,405.88,410.74,410.74,stop,-1.0,-0.011973982457869292,0.011973982457869355
2026-02-17,1,404.95,400.76,400.76,stop,-1.0,-0.01034695641437211,0.01034695641437214
2026-02-18,-1,408.815,411.99,411.99,stop,-1.0,-0.007766349082103163,0.00776634908210318
2026-02-19,-1,407.6,410.625,410.625,stop,-1.0,-0.00742149165848871,0.007421491658488658
2026-02-20,1,410.5,407.18,415.18,close,1.4096385542168723,0.011400730816077953,0.00808769792935443
2026-02-23,1,416.89,413.42,413.42,stop,-1.0,-0.008323538583319245,0.00832353858331927
2026-02-24,-1,412.38,417.9899,417.9899,stop,-1.0,-0.013603715020126916,0.013603715020127024
2026-02-25,1,425.26,423.68,426.16,close,0.5696202531645843,0.002116352349151196,0.0037153741240652403
2026-02-26,-1,419.66,423.72,411.95,close,1.899014778325131,0.018372015441071476,0.00967449840346948
2026-02-27,1,405.38,401.88,406.07,close,0.19714285714285648,0.0017021066653510886,0.00863387438946174
2026-03-02,1,402.32,396.92,406.35,close,0.7462962962963049,0.010016901968582292,0.013422151521177116
2026-03-03,1,391.9,389.02,389.02,stop,-1.0,-0.007348813472824678,0.007348813472824689
2026-03-04,-1,395.2,397.48,397.48,stop,-1.0,-0.005769230769230749,0.005769230769230844
2026-03-05,1,397.96,395.78,395.78,stop,-1.0,-0.005477937481153883,0.005477937481153902
2026-03-06,1,387.745,383.8401,383.8401,stop,-1.0,-0.01007079394963184,0.01007079394963184
2026-03-09,-1,375.26,378.98,378.98,stop,-1.0,-0.009913126898683622,0.009913126898683653
2026-03-10,1,397.25,394.0,397.4,close,0.046153846153839155,0.00037759597230957453,0.008181246066708621
2026-03-13,1,394.74,392.31,392.31,stop,-1.0,-0.006155950752393946,0.006155950752393998
2026-03-16,1,397.17,395.1,395.1,stop,-1.0,-0.005211874008610895,0.0052118740086109045
2026-03-17,1,397.155,394.86,394.86,stop,-1.0,-0.005778600294595204,0.005778600294595207
2026-03-18,-1,396.05,399.0,399.0,stop,-1.0,-0.007448554475445013,0.00744855447544499
2026-03-19,1,384.13,381.44,394.83,close,3.9776951672862446,0.027855153203342642,0.00700283758102725
2026-03-20,-1,393.3001,394.99,394.99,stop,-1.0,-0.004296718968543445,0.004296718968543417
2026-03-23,1,394.52,391.235,391.235,stop,-1.0,-0.008326574064686065,0.00832657406468612
2026-03-24,-1,387.88,391.65,391.65,stop,-1.0,-0.009719500876559817,0.009719500876559714
2026-03-25,1,399.44,396.6854,396.6854,stop,-1.0,-0.0068961546164629794,0.006896154616463004
2026-03-26,-1,390.94,392.68,380.51,close,5.994252873563191,0.026679285823911658,0.004450810866117586
2026-03-30,-1,376.16,379.24,362.59,close,4.4058441558441945,0.036075074436410115,0.008188005104210931
2026-03-31,1,370.91,368.1,382.94,close,4.281138790035574,0.032433744034940926,0.007575961823622987
2026-04-01,1,391.08,386.38,392.01,close,0.19787234042553384,0.0023780300705738,0.012018001431932056
2026-04-02,1,383.33,378.0009,392.235,close,1.6710138672571464,0.023230636788146075,0.013902120888007677
2026-04-06,-1,393.6209,397.1,395.955,close,-0.6708918973297596,-0.005929817242936064,0.008838707497493188
2026-04-07,1,396.01,392.975,392.975,stop,-1.0,-0.0076639478801039385,0.0076639478801039575
2026-04-08,-1,421.5,424.99,422.815,close,-0.3767908309455571,-0.0031198102016607443,0.008279952550415205
2026-04-09,1,425.08,422.63,430.285,close,2.124489795918394,0.012244753928672303,0.005763620965465298
2026-04-10,1,438.37,434.45,436.995,close,-0.35076530612244755,-0.003136619750439107,0.008942217761251947
2026-04-13,1,436.6999,434.6509,434.6509,stop,-1.0,-0.004692009318069568,0.004692009318069537
2026-04-14,-1,446.17,449.17,449.17,stop,-1.0,-0.0067238944796825795,0.0067238944796826315
2026-04-15,-1,449.7,452.64,452.64,stop,-1.0,-0.006537691794529676,0.006537691794529682
2026-04-16,1,452.0,448.09,448.09,stop,-1.0,-0.008650442477876163,0.008650442477876162
2026-04-17,1,462.8,460.13,460.13,stop,-1.0,-0.005769230769230749,0.005769230769230803
2026-04-20,-1,461.91,465.74,464.12,close,-0.5770234986945141,-0.004784481825463871,0.008291658548201996
2026-04-21,-1,465.77,468.08,468.08,stop,-1.0,-0.004959529381454386,0.0049595293814543705
2026-04-22,-1,469.54,471.94,471.94,stop,-1.0,-0.005111385611449526,0.005111385611449455
2026-04-23,1,482.11,479.2,479.2,stop,-1.0,-0.006035966895521772,0.006035966895521821
2026-04-24,-1,499.18,504.22,504.22,stop,-1.0,-0.010096558355703333,0.010096558355703394
2026-04-27,1,510.07,506.0,506.0,stop,-1.0,-0.007979296959240822,0.007979296959240875
2026-04-28,1,491.4763,485.32,485.32,stop,-1.0,-0.01252613808641434,0.012526138086414314
2026-04-29,1,497.26,492.34,499.52,close,0.45934959349593163,0.004544906085347744,0.009894220327394152
2026-04-30,-1,499.15,505.048,505.048,stop,-1.0,-0.011816087348492488,0.011816087348492486
2026-05-01,1,505.5922,502.25,509.7,close,1.2290706720124494,0.00812472977233436,0.006610465905130639
2026-05-04,-1,509.8,512.78,512.78,stop,-1.0,-0.00584542958022749,0.005845429580227464
2026-05-06,1,543.6799,535.6,535.6,stop,-1.0,-0.014861502144920102,0.014861502144920113
2026-05-07,-1,542.04,546.88,546.88,stop,-1.0,-0.008929230315106063,0.008929230315105955
2026-05-08,1,553.435,549.0,566.68,close,2.9864712514092826,0.023932349779106854,0.00801358786488015
2026-05-11,-1,569.5,576.385,576.385,stop,-1.0,-0.012089552238806034,0.012089552238805954
2026-05-12,1,565.77,560.61,560.61,stop,-1.0,-0.009120313908478672,0.009120313908478655
2026-05-13,-1,567.91,572.5,572.5,stop,-1.0,-0.008082266556320494,0.0080822665563206
2026-05-14,1,571.625,567.75,578.24,close,1.7070967741935508,0.01157227203148925,0.0067789197463371965
2026-05-15,-1,555.85,560.905,560.905,stop,-1.0,-0.009094180084555203,0.009094180084555096
2026-05-18,-1,561.95,567.21,546.15,close,3.0038022813688396,0.028116380460895263,0.009360263368627084
2026-05-19,1,544.44,534.3,534.3,stop,-1.0,-0.018624641833811073,0.01862464183381107
2026-05-20,-1,552.5,556.24,556.24,stop,-1.0,-0.006769230769230861,0.006769230769230786
2026-05-21,1,566.18,561.02,561.02,stop,-1.0,-0.009113709421032179,0.009113709421032125
2026-05-22,1,576.65,572.86,576.37,close,-0.07387862796833124,-0.0004855631665654503,0.0065724442902973445
2026-05-27,-1,605.105,612.3,595.555,close,1.327310632383621,0.01578238487535233,0.011890498343262635
2026-05-28,-1,594.0705,599.21,599.21,stop,-1.0,-0.00865133010307706,0.008651330103076988
2026-05-29,1,607.69,604.48,604.48,stop,-1.0,-0.005282298540374208,0.005282298540374263
2026-06-01,1,601.97,593.25,593.25,stop,-1.0,-0.014485771716198581,0.014485771716198526
2026-06-02,1,620.33,614.465,632.12,close,2.010230179028124,0.01900601292860249,0.009454645108248848
2026-06-03,-1,638.2,642.77,637.88,close,0.07002188183808632,0.000501410216233289,0.007160764650579655
2026-06-04,1,618.26,610.87,610.87,stop,-1.0,-0.011952900074402306,0.011952900074402334
2026-06-05,-1,601.61,607.0,569.722,close,5.9161410018553084,0.05300443809112221,0.008959292564950693
2026-06-08,-1,592.05,597.31,597.31,stop,-1.0,-0.008884384764800357,0.008884384764800255
2026-06-09,1,611.12,604.52,604.52,stop,-1.0,-0.010799842911375923,0.010799842911375871
2026-06-11,1,586.99,582.56,582.56,stop,-1.0,-0.0075469769502036765,0.0075469769502036895
2026-06-12,1,607.95,602.21,619.5,close,2.0121951219512084,0.01899827288428324,0.009441565918249871
2026-06-15,1,645.85,640.0,640.0,stop,-1.0,-0.009057830765657693,0.009057830765657695
2026-06-16,1,645.235,641.56,641.56,stop,-1.0,-0.005695599277782626,0.005695599277782619
2026-06-17,1,634.0,630.22,630.22,stop,-1.0,-0.005962145110410044,0.005962145110410051
2026-06-18,1,653.65,648.15,659.0,close,0.9727272727272769,0.008184808383691511,0.008414288992580128
2026-06-22,-1,664.0,671.44,671.44,stop,-1.0,-0.01120481927710859,0.011204819277108516
2026-06-23,1,630.29,621.75,621.75,stop,-1.0,-0.01354931856764341,0.01354931856764341
2026-06-24,-1,619.48,625.23,619.12,close,0.06260869565217629,0.0005811325627945729,0.009281978433524891
2026-06-25,-1,644.19,650.03,636.73,close,1.2773972602739967,0.011580434343904766,0.009065648333566056
2026-06-26,-1,609.99,617.7,617.7,stop,-1.0,-0.012639551468056842,0.012639551468056913
2026-06-29,1,619.0,611.67,611.67,stop,-1.0,-0.011841680129240806,0.011841680129240776
2026-06-30,1,642.64,634.6,655.995,close,1.6610696517413033,0.020781463961160318,0.012510892568156299
2026-07-01,-1,630.7,638.39,638.39,stop,-1.0,-0.012192801648961415,0.012192801648961377
2026-07-02,-1,616.5,622.9,622.9,stop,-1.0,-0.010381184103811725,0.010381184103811805
2026-07-06,1,609.99,604.05,604.74,close,-0.8838383838383758,-0.00860669847046669,0.009737864555156732
2026-07-07,-1,577.86,584.79,584.79,stop,-1.0,-0.011992524140795213,0.011992524140795262
2026-07-08,1,585.31,575.04,593.26,close,0.7740993184031216,0.013582546001264406,0.017546257538740125
2026-07-09,1,616.88,612.09,612.09,stop,-1.0,-0.00776488133834774,0.007764881338347756
2026-07-10,-1,599.18,603.97,603.97,stop,-1.0,-0.007994258820388067,0.007994258820387993
2026-07-13,-1,594.61,598.76,598.76,stop,-1.0,-0.006979364625552931,0.006979364625552845
2026-07-14,-1,599.43,608.895,600.13,close,-0.07395668251453176,-0.001167776053917935,0.015790000500475507
2026-07-15,-1,601.29,606.88,590.54,close,1.923076923076912,0.017878228475444513,0.009296678807231173
2026-07-16,-1,575.59,580.31,580.31,stop,-1.0,-0.008200281450337688,0.008200281450337764
2026-07-17,-1,543.4,550.07,550.07,stop,-1.0,-0.0122745675377256,0.012274567537725567
2026-07-20,1,571.39,566.71,566.71,stop,-1.0,-0.008190552862318068,0.00819055286231812
2026-07-21,-1,576.63,582.06,582.06,stop,-1.0,-0.00941678372613275,0.009416783726132789
2026-07-22,1,578.98,571.352,586.93,close,1.04221289984267,0.013731044250232971,0.013174893778714364
2026-07-23,1,581.14,576.36,576.36,stop,-1.0,-0.008225212513335856,0.00822521251333581
2026-07-24,1,577.8,571.7701,571.7701,stop,-1.0,-0.010435964001384579,0.01043596400138456
2026-07-27,-1,562.0104,567.62,548.31,close,2.4423131774101643,0.024377484829462337,0.009981309954406539
2026-07-28,-1,528.8,533.24,533.24,stop,-1.0,-0.008396369137670279,0.008396369137670301
2026-07-29,1,531.1,523.78,523.78,stop,-1.0,-0.013782715119563305,0.013782715119563265
2026-07-30,-1,525.325,529.8899,529.8899,stop,-1.0,-0.008689668300575715,0.008689668300575768
2026-07-31,-1,555.45,561.44,540.16,close,2.5525876460768036,0.027527230173733153,0.010784048969304183
2026-08-03,1,531.72,525.01,525.01,stop,-1.0,-0.012619423756864534,0.012619423756864583
2026-08-04,1,567.28,562.28,575.695,close,1.6830000000000154,0.014833944436609903,0.008813989564236357
2026-08-05,1,577.79,573.81,573.81,stop,-1.0,-0.006888315824088331,0.006888315824088369
2026-08-06,1,565.475,559.56,571.77,close,1.0642434488588126,0.01113223396259766,0.010460232547858132
2026-08-07,-1,581.39,586.09,582.72,close,-0.2829787234042613,-0.002287621046113797,0.008084074373484315
2026-08-10,-1,578.88,586.24,569.22,close,1.3124999999999933,0.016687396351575456,0.012714206744057514
2026-08-11,-1,573.41,578.57,578.57,stop,-1.0,-0.008998796672538223,0.008998796672538117
2026-08-12,-1,586.955,590.55,590.55,stop,-1.0,-0.006124830694005379,0.006124830694005355
2026-08-13,1,587.8299,585.01,589.07,close,0.43976736763719093,0.002109623889495982,0.00479713604224617
2026-08-14,-1,586.07,589.0,589.0,stop,-1.0,-0.004999402801713071,0.00499940280171302
2026-08-17,-1,592.63,596.0,596.0,stop,-1.0,-0.0056865160386749825,0.005686516038675067
2026-08-18,-1,573.62,577.76,569.92,close,0.893719806763299,0.00645026324047282,0.00721732157177223
2026-08-19,-1,572.14,576.835,560.35,close,2.5111821086261634,0.020606844478624042,0.008206033488307146
2026-08-20,1,564.38,559.02,559.02,stop,-1.0,-0.009497147312094723,0.009497147312094712
2026-08-21,-1,566.17,569.44,560.35,close,1.7798165137613964,0.01027959800060041,0.005775650423017991
2026-08-24,-1,548.09,554.175,546.73,close,0.22350041084634856,0.002481344304767541,0.011102191245963112
2026-08-25,1,559.49,553.85,553.85,stop,-1.0,-0.010080609126168483,0.01008060912616845
2026-08-26,-1,554.152,557.17,557.17,stop,-1.0,-0.0054461591765435635,0.005446159176543466
2026-08-27,-1,567.29,571.45,571.45,stop,-1.0,-0.007333110049533964,0.007333110049533893
2026-08-28,1,568.815,565.17,565.17,stop,-1.0,-0.006408058859207477,0.006408058859207467
2026-08-31,-1,554.1,558.43,556.44,close,-0.5404157043880072,-0.004223064428803491,0.007814473921674656
2026-09-01,-1,544.25,547.44,547.44,stop,-1.0,-0.005861276986679043,0.005861276986679017
2026-09-02,1,547.05,543.835,543.835,stop,-1.0,-0.005876976510373666,0.005876976510373674
2026-09-03,-1,541.3,547.0,547.0,stop,-1.0,-0.010530205061888065,0.010530205061888133
2026-09-04,1,564.22,557.72,566.99,close,0.42615384615384333,0.004909432490872279,0.01152032894970047
2026-09-08,-1,577.6289,580.57,573.95,close,1.2508585223215773,0.006368968034667244,0.005091677372790741
2026-09-09,1,575.86,569.9,574.2686,close,-0.2670134228187939,-0.002763518910846474,0.010349737783489105
2026-09-10,-1,559.01,563.78,563.78,stop,-1.0,-0.008532942165614177,0.008532942165614179
2026-09-11,-1,564.66,568.828,568.828,stop,-1.0,-0.007381433074770571,0.00738143307477067
2026-09-14,-1,537.82,541.0,541.0,stop,-1.0,-0.005912758915622263,0.005912758915622234
2026-09-15,-1,544.9,548.19,542.18,close,0.8267477203647305,0.004991741603964095,0.006037805101853693
2026-09-16,1,550.65,548.26,548.26,stop,-1.0,-0.004340325070371409,0.0043403250703713545
2026-09-17,-1,558.6,560.675,560.675,stop,-1.0,-0.003714643752237512,0.0037146437522376148
2026-09-18,1,565.17,562.88,562.88,stop,-1.0,-0.004051878195940994,0.0040518781959409805
2026-09-21,1,582.8,578.51,596.12,close,3.1048951048951428,0.02285518188057667,0.007361015785861297
2026-09-22,1,596.7999,591.012,607.53,close,1.8538848286943324,0.017979393093061846,0.009698225485627656
2026-09-23,-1,602.6679,606.285,601.1,close,0.4334688009731653,0.00260159865823284,0.006001812938767664
2026-09-24,1,591.765,588.92,600.59,close,3.101933216168703,0.014913014456752416,0.004807651686057856
2026-09-25,1,606.96,603.18,603.18,stop,-1.0,-0.006227758007117612,0.00622775800711758
2026-09-28,-1,604.1,607.95,600.326,close,0.9802597402597347,0.006247310048005272,0.006373117033603745
2026-09-29,-1,606.3005,609.45,609.45,stop,-1.0,-0.005194618839997611,0.00519461883999764
2026-09-30,-1,608.16,611.9499,608.55,close,-0.10290508984405591,-0.0006412786108918045,0.006231748224151521
2026-10-01,-1,610.0,614.49,614.49,stop,-1.0,-0.007360655737704835,0.0073606557377049325
2026-10-02,1,632.84,629.0,629.0,stop,-1.0,-0.0060678844573668345,0.006067884457366841
