date,side,entry,stop,exit,how,R,ret,risk_pct
2021-10-06,1,219.66,218.54,218.54,stop,-1.0,-0.005098789037603635,0.00509878903760359
2021-10-07,1,221.62,221.37,224.12,target,10.0,0.011280570345636676,0.0011280570345636675
2021-10-08,-1,222.77,223.83,223.83,stop,-1.0,-0.0047582708623243875,0.0047582708623243805
2021-10-11,-1,221.48,222.25,222.25,stop,-1.0,-0.003476611883691527,0.003476611883691576
2021-10-12,-1,220.53,221.41,221.41,stop,-1.0,-0.003990386795447387,0.003990386795447311
2021-10-13,1,221.93,221.73,221.73,stop,-1.0,-0.0009011850583517944,0.0009011850583518094
2021-10-14,1,224.75,224.535,224.535,stop,-1.0,-0.0009566184649610898,0.000956618464961083
2021-10-15,-1,228.0,228.4062,225.12,close,7.090103397340981,0.012631578947368438,0.001781578947368476
2021-10-18,1,224.2,223.83,223.83,stop,-1.0,-0.0016503122212309096,0.0016503122212309373
2021-10-19,-1,225.54,226.128,226.128,stop,-1.0,-0.0026070763500931626,0.002607076350093083
2021-10-20,-1,225.62,226.03,226.03,stop,-1.0,-0.0018172147859232268,0.0018172147859232186
2021-10-21,1,227.49,226.98,226.98,stop,-1.0,-0.0022418567849137316,0.0022418567849137074
2021-10-22,-1,227.5,227.84,227.84,stop,-1.0,-0.0014945054945054714,0.0014945054945055096
2021-10-25,1,228.22,227.76,227.76,stop,-1.0,-0.0020155989834370613,0.002015598983437069
2021-10-26,-1,228.89,230.13,230.13,stop,-1.0,-0.005417449429857113,0.005417449429857176
2021-10-27,-1,226.66,227.46,223.57,close,3.862499999999949,0.013632753904526673,0.0035295155739875203
2021-10-28,1,225.34,224.77,228.05,close,4.754385964912352,0.012026271412088452,0.0025295109612141348
2021-10-29,1,228.07,227.54,227.54,stop,-1.0,-0.0023238479414214863,0.0023238479414214985
2021-11-01,1,229.65,228.89,233.95,close,5.657894736841939,0.018724145438711037,0.0033093838449815777
2021-11-02,-1,233.37,234.45,234.45,stop,-1.0,-0.004627844195912001,0.004627844195912003
2021-11-03,1,235.02,233.92,238.62,close,3.2727272727272,0.015317845289762655,0.0046804527274275495
2021-11-04,1,239.79,239.23,239.23,stop,-1.0,-0.0023353767880228693,0.002335376788022863
2021-11-05,1,242.29,240.59,240.59,stop,-1.0,-0.007016385323372787,0.007016385323372771
2021-11-08,-1,243.63,244.15,244.15,stop,-1.0,-0.002134384107047582,0.0021343841070476143
2021-11-09,1,242.42,241.99,241.99,stop,-1.0,-0.0017737810411680988,0.0017737810411681315
2021-11-10,1,240.55,239.65,239.65,stop,-1.0,-0.0037414258989815208,0.0037414258989815243
2021-11-11,-1,238.25,238.52,238.52,stop,-1.0,-0.0011332633788039281,0.0011332633788038206
2021-11-12,1,239.91,239.12,239.12,stop,-1.0,-0.0032929015047309385,0.0032929015047309077
2021-11-15,-1,240.015,240.76,238.54,close,1.979865771812061,0.0061454492427556184,0.0031039726683749123
2021-11-16,-1,237.15,238.0,238.0,stop,-1.0,-0.0035842293906809264,0.0035842293906809797
2021-11-17,-1,237.64,238.13,235.85,close,3.653061224489712,0.007532401952533241,0.0020619424339337195
2021-11-18,-1,236.44,237.07,234.87,close,2.492063492063499,0.00664016240906784,0.0026645237692437635
2021-11-19,1,233.39,233.0,233.0,stop,-1.0,-0.001671022751617457,0.001671022751617406
2021-11-22,-1,233.35,234.4,234.4,stop,-1.0,-0.004499678594386269,0.004499678594386164
2021-11-23,1,231.44,231.34,231.34,stop,-1.0,-0.00043207742827511275,0.00043207742827512235
2021-11-24,-1,228.77,229.79,229.79,stop,-1.0,-0.004458626568168755,0.004458626568168824
2021-11-29,-1,225.45,226.75,222.7,close,2.1153846153845968,0.01219782656908408,0.005766245287203421
2021-11-30,1,221.81,220.66,220.66,stop,-1.0,-0.0051846174653983335,0.0051846174653983395
2021-12-01,-1,222.31,223.25,223.25,stop,-1.0,-0.0042283298097252064,0.004228329809725148
2021-12-02,-1,213.98,214.98,214.98,stop,-1.0,-0.004673333956444425,0.004673333956444528
2021-12-03,-1,219.6,220.38,214.67,close,6.32051282051282,0.02244990892531884,0.0035519125683060163
2021-12-06,-1,214.97,216.55,216.55,stop,-1.0,-0.007349862771549587,0.007349862771549576
2021-12-07,1,223.2,221.98,224.05,close,0.6967213114754292,0.0038082437275985814,0.005465949820788526
2021-12-08,-1,223.71,224.79,224.79,stop,-1.0,-0.004827678691162518,0.004827678691162594
2021-12-09,-1,223.9,224.2283,224.2283,stop,-1.0,-0.0014662795891022817,0.0014662795891022084
2021-12-10,1,222.73,221.94,221.94,stop,-1.0,-0.0035468953441386564,0.003546895344138608
2021-12-13,-1,218.13,219.05,216.12,close,2.1847826086956044,0.009214688488516032,0.004217668362902929
2021-12-14,-1,214.5,214.68,214.68,stop,-1.0,-0.0008391608391609129,0.0008391608391608709
2021-12-15,-1,213.54,214.39,214.39,stop,-1.0,-0.003980518872342298,0.003980518872342392
2021-12-16,-1,218.44,219.53,219.53,stop,-1.0,-0.0049899285845083075,0.004989928584508347
2021-12-17,1,212.42,212.13,212.13,stop,-1.0,-0.0013652198474719546,0.001365219847471952
2021-12-20,-1,210.55,212.24,212.24,stop,-1.0,-0.008026597007836589,0.008026597007836608
2021-12-21,1,215.18,214.165,214.165,stop,-1.0,-0.004716981132075526,0.00471698113207554
2021-12-22,-1,217.55,218.0,218.0,stop,-1.0,-0.002068490002298251,0.0020684900022982697
2021-12-23,1,221.09,220.34,222.06,close,1.293333333333332,0.004387353566420948,0.003392283685376996
2021-12-27,-1,221.77,222.625,222.625,stop,-1.0,-0.003855345628353657,0.0038553456283536534
2021-12-28,1,224.17,223.52,223.52,stop,-1.0,-0.0028995851362804137,0.0028995851362804003
2021-12-29,-1,222.28,222.76,222.76,stop,-1.0,-0.0021594385459779986,0.002159438545978
2021-12-30,1,224.36,222.7,222.89,close,-0.8855421686747019,-0.0065519700481370124,0.007398823319664936
2021-12-31,1,223.95,222.4,222.4,stop,-1.0,-0.006921187765126069,0.006921187765126068
2022-01-03,1,224.8,223.71,223.71,stop,-1.0,-0.004848754448398607,0.004848754448398591
2022-01-04,1,226.685,225.8,225.8,stop,-1.0,-0.0039040959922358454,0.003904095992235882
2022-01-05,1,224.98,224.58,224.58,stop,-1.0,-0.0017779358165169734,0.0017779358165169227
2022-01-06,1,218.9,217.785,217.785,stop,-1.0,-0.005093650068524469,0.005093650068524482
2022-01-07,-1,218.28,218.87,218.87,stop,-1.0,-0.002702950339014132,0.0027029503390141258
2022-01-10,-1,213.59,215.01,215.01,stop,-1.0,-0.006648251322627363,0.006648251322627405
2022-01-11,-1,214.6,215.58,215.58,stop,-1.0,-0.004566635601118474,0.004566635601118444
2022-01-12,1,219.03,218.47,218.47,stop,-1.0,-0.0025567273889421926,0.0025567273889421645
2022-01-13,-1,216.69,217.21,217.21,stop,-1.0,-0.0023997415662928567,0.002399741566292908
2022-01-14,1,212.04,211.9,211.9,stop,-1.0,-0.0006602527824938198,0.0006602527824938047
2022-01-18,-1,211.29,212.44,207.79,close,3.0434782608695503,0.01656491078612332,0.005442756401154838
2022-01-19,-1,208.56,209.23,209.23,stop,-1.0,-0.0032125047947832996,0.003212504794783216
2022-01-20,1,206.34,205.34,205.34,stop,-1.0,-0.004846370068818495,0.004846370068818455
2022-01-21,1,200.93,199.35,199.35,stop,-1.0,-0.007863435027123944,0.007863435027123935
2022-01-24,1,194.24,193.06,193.06,stop,-1.0,-0.006074958813838571,0.006074958813838585
2022-01-25,-1,198.22,198.68,198.68,stop,-1.0,-0.002320653818989049,0.002320653818989042
2022-01-26,-1,200.77,201.85,201.85,stop,-1.0,-0.005379289734521953,0.005379289734522011
2022-01-27,1,197.89,197.63,197.63,stop,-1.0,-0.0013138612360401591,0.0013138612360401784
2022-01-28,-1,190.94,192.51,192.51,stop,-1.0,-0.00822247826542366,0.008222478265423657
2022-01-31,1,195.25,193.85,201.1,close,4.1785714285714075,0.02996158770806656,0.007170294494238185
2022-02-01,-1,201.41,201.77,201.77,stop,-1.0,-0.0017873988381909012,0.001787398838190823
2022-02-02,-1,203.31,203.9,201.2998,close,3.4071186440677725,0.009887364123751907,0.0029019723574836625
2022-02-03,-1,198.76,199.1972,199.1972,stop,-1.0,-0.0021996377540753898,0.00219963775407536
2022-02-04,-1,196.27,197.74,197.74,stop,-1.0,-0.007489682580119172,0.0074896825801192175
2022-02-07,1,198.67,198.34,198.34,stop,-1.0,-0.0016610459556046786,0.0016610459556046918
2022-02-08,1,199.58,199.42,199.42,stop,-1.0,-0.0008016835354245355,0.0008016835354245164
2022-02-09,1,205.17,204.3,206.63,close,1.6781609195402851,0.007116050104791105,0.004240386021348034
2022-02-10,1,203.9,202.84,202.84,stop,-1.0,-0.005198626777832227,0.005198626777832282
2022-02-11,1,203.93,203.575,203.575,stop,-1.0,-0.001740793409503394,0.00174079340950335
2022-02-14,1,201.89,201.13,201.13,stop,-1.0,-0.003764426172668256,0.00376442617266824
2022-02-15,1,204.21,202.63,206.06,close,1.1708860759493542,0.009059301699231082,0.007737133343127234
2022-02-16,-1,205.3,205.48,205.48,stop,-1.0,-0.0008767657087187519,0.0008767657087188427
2022-02-17,-1,204.5,204.95,204.95,stop,-1.0,-0.0022004889975548725,0.0022004889975549566
2022-02-18,-1,200.88,201.19,201.19,stop,-1.0,-0.0015432098765433278,0.0015432098765432213
2022-02-22,-1,198.035,198.64,198.64,stop,-1.0,-0.003055015527558158,0.0030550155275582084
2022-02-23,-1,198.08,198.29,198.29,stop,-1.0,-0.0010601777059773276,0.0010601777059772795
2022-02-24,1,188.94,187.92,198.18,close,9.058823529411683,0.04890441409971413,0.005398539218799673
2022-02-25,1,199.45,198.15,198.15,stop,-1.0,-0.006517924291802424,0.006517924291802372
2022-02-28,1,201.78,200.46,203.07,close,0.9772727272727263,0.006393101397561551,0.006541778174249149
2022-03-01,1,203.58,202.57,202.57,stop,-1.0,-0.004961194616367126,0.004961194616367124
2022-03-02,1,201.12,200.69,204.33,close,7.465116279069668,0.015960620525059754,0.002138027048528276
2022-03-03,-1,204.39,205.11,201.79,close,3.6111111111109664,0.012720778903077434,0.0035226772346985047
2022-03-04,1,200.23,199.69,199.69,stop,-1.0,-0.0026968985666483425,0.0026968985666483147
2022-03-07,-1,198.85,199.34,199.34,stop,-1.0,-0.0024641689715867443,0.002464168971586669
2022-03-08,-1,193.8,195.1971,195.1971,stop,-1.0,-0.007208978328173243,0.007208978328173347
2022-03-09,1,198.41,197.62,200.24,close,2.3164556962025706,0.009223325437226038,0.003981654150496406
2022-03-10,1,197.63,196.89,196.89,stop,-1.0,-0.0037443707939078807,0.0037443707939078534
2022-03-11,1,201.23,200.765,200.765,stop,-1.0,-0.002310788649803719,0.002310788649803724
2022-03-14,-1,195.99,197.44,192.92,close,2.1172413793103764,0.015664064493086438,0.0073983366498290145
2022-03-15,1,194.1,193.05,193.05,stop,-1.0,-0.005409582689335335,0.005409582689335306
2022-03-16,1,198.515,197.53,197.53,stop,-1.0,-0.004961841674432588,0.004961841674432589
2022-03-17,1,201.15,200.3,205.18,close,4.741176470588268,0.020034799900571665,0.004225702212279365
2022-03-21,1,207.79,206.93,206.93,stop,-1.0,-0.0041387939746858615,0.00413879397468591
2022-03-22,1,206.44,206.16,206.16,stop,-1.0,-0.0013563262933540265,0.0013563262933540066
2022-03-23,1,206.29,205.95,205.95,stop,-1.0,-0.0016481652043239814,0.0016481652043240265
2022-03-24,-1,203.16,204.55,204.55,stop,-1.0,-0.006841898011419545,0.006841898011419644
2022-03-25,-1,205.57,206.15,206.15,stop,-1.0,-0.00282142335943969,0.0028214233594396677
2022-03-28,1,205.54,205.44,205.44,stop,-1.0,-0.000486523304466302,0.0004865233044662563
2022-03-29,1,210.19,207.88,211.73,close,0.6666666666666625,0.0073267044102953705,0.01099005661544318
2022-03-30,-1,210.91,211.39,211.39,stop,-1.0,-0.002275852259257416,0.0022758522592574546
2022-03-31,1,207.95,206.84,206.84,stop,-1.0,-0.005337821591728686,0.00533782159172871
2022-04-01,1,207.16,206.16,206.16,stop,-1.0,-0.004827186715582132,0.0048271867155821584
2022-04-04,-1,207.65,208.43,208.04,close,-0.4999999999999818,-0.0018781603660005253,0.0037563207320009686
2022-04-05,1,209.13,207.76,207.76,stop,-1.0,-0.0065509491703724665,0.006550949170372518
2022-04-06,-1,200.85,201.71,201.71,stop,-1.0,-0.004281802340054819,0.004281802340054835
2022-04-07,1,200.67,200.03,200.03,stop,-1.0,-0.003189315792096359,0.003189315792096409
2022-04-08,-1,199.2,199.76,199.76,stop,-1.0,-0.0028112449799195804,0.00281124497991969
2022-04-11,-1,196.72,197.81,197.81,stop,-1.0,-0.005540870272468412,0.005540870272468501
2022-04-12,1,199.3,198.42,198.42,stop,-1.0,-0.004415454089312765,0.0044154540893127136
2022-04-13,1,198.56,197.61,200.95,close,2.5157894736842263,0.012036663980660611,0.0047844480257855995
2022-04-14,1,202.22,201.07,201.07,stop,-1.0,-0.005686875679952519,0.005686875679952555
2022-04-18,-1,198.27,199.18,197.62,close,0.7142857142857232,0.0032783577949261344,0.004589700912896537
2022-04-19,1,198.19,197.69,201.64,close,6.899999999999977,0.017407538220899132,0.002522831626217266
2022-04-20,1,203.33,202.83,202.83,stop,-1.0,-0.002459056705847673,0.0024590567058476367
2022-04-21,1,204.69,204.12,204.12,stop,-1.0,-0.002784698812838937,0.002784698812838894
2022-04-22,1,196.92,196.35,196.35,stop,-1.0,-0.0028945764777574823,0.0028945764777574307
2022-04-25,-1,190.57,191.28,191.28,stop,-1.0,-0.0037256651099333293,0.0037256651099333996
2022-04-26,-1,192.18,192.71,187.63,close,8.58490566037736,0.023675720678530632,0.0027578311999167503
2022-04-27,1,187.91,187.6,187.6,stop,-1.0,-0.001649725932627355,0.0016497259326273338
2022-04-28,-1,188.86,189.61,189.61,stop,-1.0,-0.003971195594620447,0.003971195594620353
2022-04-29,1,190.65,189.51,189.51,stop,-1.0,-0.005979543666404519,0.005979543666404483
2022-05-02,-1,184.36,185.62,185.62,stop,-1.0,-0.006834454328487727,0.006834454328487691
2022-05-03,1,187.52,186.09,186.09,stop,-1.0,-0.007625853242320901,0.007625853242320855
2022-05-04,-1,188.37,189.26,189.26,stop,-1.0,-0.004724743855178515,0.004724743855178565
2022-05-05,-1,190.92,191.56,184.51999999999984,target,10.0,0.033521893987011,0.003352189398701104
2022-05-06,-1,184.11,185.42,182.6,close,1.1526717557252286,0.00820161859757762,0.0071153114985605
2022-05-09,1,179.89,179.18,179.18,stop,-1.0,-0.003946856412251787,0.003946856412251818
2022-05-10,-1,177.45,178.905,174.96,close,1.711340206185539,0.014032121724429358,0.008199492814877501
2022-05-11,-1,174.39,175.72,175.72,stop,-1.0,-0.0076265840931246665,0.007626584093124678
2022-05-12,-1,169.51,170.41,170.41,stop,-1.0,-0.005309421273081316,0.005309421273081268
2022-05-13,1,175.62,175.01,178.14,close,4.131147540983484,0.01434916296549349,0.003473408495615611
2022-05-16,-1,177.32,178.03,178.03,stop,-1.0,-0.004004060455673475,0.004004060455673404
2022-05-17,1,181.14,180.12,180.12,stop,-1.0,-0.005631003643590482,0.005631003643590493
2022-05-18,-1,180.45,180.61,180.61,stop,-1.0,-0.0008866722083680223,0.0008866722083681076
2022-05-19,1,176.44,174.89,176.54,close,0.06451612903225393,0.0005667649059168944,0.008784856041713961
2022-05-20,-1,178.43,178.97,173.0300000000001,target,10.0,0.03026396906349782,0.0030263969063497845
2022-05-23,-1,177.66,177.99,177.99,stop,-1.0,-0.0018574805808848627,0.0018574805808849067
2022-05-24,-1,176.15,176.93,175.5599,close,0.756538461538469,0.003349985807550415,0.00442804428044281
2022-05-25,1,175.68,174.81,178.82,close,3.609195402298816,0.01787340619307831,0.004952185792349752
2022-05-26,1,181.08,179.7,182.65,close,1.1376811594202652,0.008670201016125478,0.007620941020543537
2022-05-27,1,184.2,183.4,187.63,close,4.2875000000001,0.01862106406080355,0.004343105320303925
2022-05-31,-1,186.26,187.32,187.32,stop,-1.0,-0.005690969612369923,0.005690969612369818
2022-06-01,1,186.79,186.17,186.17,stop,-1.0,-0.0033192355051127054,0.003319235505112718
2022-06-02,1,184.73,184.17,188.69,close,7.071428571428557,0.02143669138743043,0.003031451307313389
2022-06-03,-1,186.97,187.515,187.515,stop,-1.0,-0.0029149061346740446,0.002914906134673945
2022-06-06,-1,188.2616,189.305,187.87,close,0.3753114816944367,0.002080084308217822,0.00554228796525696
2022-06-07,1,186.8,185.9,190.88,close,4.533333333333287,0.021841541755888594,0.0048179871520342915
2022-06-08,-1,189.44,190.03,190.03,stop,-1.0,-0.0031144425675675436,0.0031144425675675856
2022-06-09,-1,186.17,186.63,186.63,stop,-1.0,-0.0024708599666971587,0.002470859966697148
2022-06-10,-1,180.39,181.01,181.01,stop,-1.0,-0.0034369976162758054,0.003436997616275872
2022-06-13,1,174.68,173.58,173.58,stop,-1.0,-0.006297229219143552,0.006297229219143544
2022-06-14,1,170.82,170.04,170.04,stop,-1.0,-0.004566210045662156,0.004566210045662107
2022-06-15,1,171.68,170.71,170.71,stop,-1.0,-0.005650046598322467,0.005650046598322454
2022-06-16,-1,167.44,168.42,163.91,close,3.6020408163265696,0.021082178690874365,0.005852842809364487
2022-06-17,1,165.47,164.38,164.38,stop,-1.0,-0.006587296790959152,0.006587296790959107
2022-06-21,-1,167.33,168.52,168.52,stop,-1.0,-0.007111695452100664,0.0071116954521006255
2022-06-22,1,166.93,165.37,167.81,close,0.5641025641025603,0.005271670760198965,0.009345234529443493
2022-06-23,1,168.69,168.09,168.09,stop,-1.0,-0.003556820202738731,0.0035568202027387178
2022-06-24,1,171.96,170.9,175.06,close,2.924528301886781,0.018027448243777666,0.006164224238194942
2022-06-27,-1,175.265,176.51,176.51,stop,-1.0,-0.007103528941887927,0.007103528941888025
2022-06-28,1,177.195,176.63,176.63,stop,-1.0,-0.003188577555800043,0.0031885775558000945
2022-06-29,-1,171.08,172.7,170.69,close,0.2407407407407534,0.0022796352583587254,0.009469254150105074
2022-06-30,1,168.34,167.76,167.76,stop,-1.0,-0.003445408102649483,0.003445408102649474
2022-07-01,1,169.18,168.72,168.72,stop,-1.0,-0.002718997517437094,0.002718997517437096
2022-07-05,-1,168.03,169.08,169.08,stop,-1.0,-0.006248884127834309,0.0062488841278343825
2022-07-06,1,173.51,172.14,172.14,stop,-1.0,-0.007895798513053998,0.007895798513054029
2022-07-07,1,174.02,172.85,175.64,close,1.3846153846153453,0.00930927479600041,0.006723365130444868
2022-07-08,-1,175.04,175.21,175.21,stop,-1.0,-0.000971206581352968,0.0009712065813529246
2022-07-11,1,174.41,174.14,174.14,stop,-1.0,-0.0015480763717676815,0.0015480763717677325
2022-07-12,1,172.02,171.45,171.45,stop,-1.0,-0.003313568189745486,0.003313568189745504
2022-07-13,1,169.39,168.91,168.91,stop,-1.0,-0.00283369738473338,0.0028336973847333954
2022-07-14,1,168.89,168.64,168.64,stop,-1.0,-0.0014802534193854022,0.001480253419385399
2022-07-15,1,171.72,171.52,171.52,stop,-1.0,-0.0011646866992778282,0.001164686699277828
2022-07-18,1,176.11,174.96,174.96,stop,-1.0,-0.006530009653057833,0.0065300096530577795
2022-07-19,1,175.43,174.66,178.68,close,4.220779220779165,0.0185259077694806,0.004389215071538563
2022-07-20,1,179.4,178.4,181.51,close,2.109999999999985,0.011761426978818212,0.005574136008918617
2022-07-21,-1,180.09,180.57,180.57,stop,-1.0,-0.0026653339996667302,0.002665333999666776
2022-07-22,-1,182.11,183.03,183.03,stop,-1.0,-0.0050518917137993835,0.005051891713799283
2022-07-25,-1,178.77,180.18,180.18,stop,-1.0,-0.007887229400906248,0.007887229400906174
2022-07-26,-1,178.97,179.98,179.98,stop,-1.0,-0.005643403922445112,0.005643403922445052
2022-07-27,-1,180.36,180.94,180.94,stop,-1.0,-0.0032157906409402415,0.003215790640940253
2022-07-28,1,185.06,184.11,184.11,stop,-1.0,-0.005133470225872627,0.005133470225872628
2022-07-29,-1,185.47,186.15,186.15,stop,-1.0,-0.0036663611365719273,0.0036663611365719893
2022-08-01,-1,184.97,185.91,185.91,stop,-1.0,-0.005081905173812018,0.005081905173811957
2022-08-02,-1,186.38,187.0,187.0,stop,-1.0,-0.0033265371821011858,0.003326537182101108
2022-08-03,-1,188.18,188.85,188.85,stop,-1.0,-0.003560420873631509,0.003560420873631563
2022-08-04,-1,189.29,190.04,189.42,close,-0.17333333333332726,-0.0006867769031644322,0.003962174441333404
2022-08-05,1,187.83,187.1703,190.79,close,4.486887979384435,0.015758930948197802,0.0035122184954480915
2022-08-08,1,193.19,192.15,192.15,stop,-1.0,-0.0053833014131166035,0.00538330141311658
2022-08-09,-1,191.55,192.17,190.2,close,2.1774193548388303,0.007047768206734695,0.0032367528060557355
2022-08-10,-1,193.56,193.91,193.91,stop,-1.0,-0.0018082248398429979,0.0018082248398429133
2022-08-11,1,197.61,197.3,197.3,stop,-1.0,-0.0015687465209250906,0.0015687465209250659
2022-08-12,-1,196.98,197.389,197.389,stop,-1.0,-0.002076352929231584,0.002076352929231497
2022-08-15,1,199.11,198.46,198.46,stop,-1.0,-0.0032645271457988345,0.003264527145798833
2022-08-16,-1,200.28,200.5,200.5,stop,-1.0,-0.001098462152985924,0.0010984621529858143
2022-08-17,-1,198.55,198.72,198.72,stop,-1.0,-0.0008562075044069584,0.0008562075044068873
2022-08-18,-1,197.25,197.98,197.98,stop,-1.0,-0.0037008871989860914,0.0037008871989860064
2022-08-22,-1,191.44,192.23,192.23,stop,-1.0,-0.0041266193063100864,0.004126619306310029
2022-08-23,1,191.72,190.89,190.89,stop,-1.0,-0.004329230127269046,0.004329230127268999
2022-08-24,-1,190.21,191.13,191.13,stop,-1.0,-0.0048367593712213,0.004836759371221216
2022-08-25,-1,193.14,193.76,193.76,stop,-1.0,-0.0032101066583825055,0.003210106658382544
2022-08-26,-1,195.26,195.44,193.45999999999992,target,10.0,0.009218477926867141,0.0009218477926867092
2022-08-29,1,187.69,186.52,187.24,close,-0.38461538461537903,-0.002397570461931897,0.0062336832010228965
2022-08-30,-1,187.69,188.01,184.49000000000007,target,10.0,0.017049389951515392,0.0017049389951515434
2022-08-31,-1,184.74,185.48,185.48,stop,-1.0,-0.004005629533398114,0.004005629533398184
2022-09-01,-1,180.9,181.89,181.5,close,-0.6060606060606122,-0.0033167495854062867,0.005472636815920291
2022-09-02,-1,181.69,183.64,183.64,stop,-1.0,-0.010732566459353832,0.010732566459353781
2022-09-06,-1,180.16,181.08,178.38,close,1.93478260869562,0.009880106571936054,0.005106571936056927
2022-09-07,1,178.4,177.93,182.19,close,8.063829787234045,0.021244394618834095,0.0026345291479820563
2022-09-08,-1,180.09,180.83,180.83,stop,-1.0,-0.004109056582819681,0.0041090565828197515
2022-09-09,1,185.83,185.1,187.4,close,2.1506849315067864,0.008448582037345886,0.003928321584243761
2022-09-12,1,188.93,188.46,188.46,stop,-1.0,-0.0024876938548669125,0.0024876938548668757
2022-09-13,1,185.6,184.6,184.6,stop,-1.0,-0.0053879310344827624,0.005387931034482759
2022-09-14,-1,181.26,182.76,182.76,stop,-1.0,-0.00827540549486927,0.00827540549486925
2022-09-15,1,182.3,181.85,181.85,stop,-1.0,-0.0024684585847505325,0.0024684585847505047
2022-09-16,-1,178.25,179.68,178.85,close,-0.4195804195804136,-0.003366058906030922,0.00802244039270691
2022-09-19,1,178.49,176.96,180.52,close,1.3267973856209148,0.011373186172894956,0.008571908790408433
2022-09-20,-1,178.42,178.87,178.87,stop,-1.0,-0.002522138773680238,0.0025221387736801765
2022-09-21,-1,178.33,179.44,179.44,stop,-1.0,-0.00622441540963381,0.0062244154096337415
2022-09-22,-1,174.45,175.58,171.41,close,2.6902654867256,0.01742619661794209,0.006477500716537827
2022-09-23,-1,168.99,169.19,166.99000000000012,target,10.0,0.011835019823657533,0.0011835019823657532
2022-09-26,1,166.845,165.46,165.46,stop,-1.0,-0.008301117803949709,0.00830111780394972
2022-09-27,1,166.85,165.83,165.83,stop,-1.0,-0.006113275397063078,0.006113275397063122
2022-09-28,-1,165.47,166.14,166.14,stop,-1.0,-0.004049072339396886,0.004049072339396794
2022-09-29,-1,166.41,167.93,166.1,close,0.20394736842105277,0.0018628688179797015,0.009134066462352083
2022-09-30,1,165.9,165.53,165.53,stop,-1.0,-0.0022302591922845894,0.002230259192284536
2022-10-03,-1,166.0,167.42,167.42,stop,-1.0,-0.00855421686746971,0.008554216867469804
2022-10-04,1,173.98,172.53,176.06,close,1.4344827586207096,0.011955397172088711,0.008334291297850262
2022-10-05,1,173.75,173.2095,173.2095,stop,-1.0,-0.003110791366906507,0.0031107913669065246
2022-10-06,1,175.22,173.4,173.4,stop,-1.0,-0.010386942129893773,0.010386942129893809
2022-10-07,-1,171.88,172.47,168.61,close,5.5423728813558695,0.019024901093786295,0.003432627414475235
2022-10-10,-1,168.66,169.405,169.405,stop,-1.0,-0.00441717063915581,0.004417170639155725
2022-10-11,-1,166.62,167.48,167.48,stop,-1.0,-0.005161445204657111,0.005161445204657215
2022-10-12,-1,166.24,168.05,168.05,stop,-1.0,-0.010887872954764122,0.01088787295476421
2022-10-13,-1,163.61,164.16,164.16,stop,-1.0,-0.0033616527107143135,0.0033616527107143994
2022-10-14,-1,172.255,173.27,173.27,stop,-1.0,-0.005892426925198091,0.005892426925198193
2022-10-17,1,170.95,170.11,172.15,close,1.4285714285714914,0.007019596373208703,0.004913717461245832
2022-10-18,1,176.27,175.6,175.6,stop,-1.0,-0.0038009871220288094,0.003800987122028796
2022-10-19,1,173.2,172.13,172.13,stop,-1.0,-0.006177829099307086,0.00617782909930712
2022-10-20,1,172.0,170.75,170.75,stop,-1.0,-0.007267441860465129,0.007267441860465116
2022-10-21,-1,169.03,169.86,169.86,stop,-1.0,-0.0049103709400699636,0.004910370940069884
2022-10-24,-1,172.4,173.45,173.45,stop,-1.0,-0.006090487238979092,0.006090487238979019
2022-10-25,1,174.681,173.56,178.14,close,3.085637823371941,0.019801810156800048,0.006417412311585171
2022-10-26,-1,179.15,179.61,179.61,stop,-1.0,-0.00256768071448521,0.0025676807144851127
2022-10-27,1,181.47,180.45,180.45,stop,-1.0,-0.005620763762605452,0.005620763762605446
2022-10-28,1,180.49,179.27,179.27,stop,-1.0,-0.006759377250817211,0.006759377250817213
2022-10-31,1,182.59,181.79,181.79,stop,-1.0,-0.004381400952954806,0.0043814009529547695
2022-11-01,-1,184.5,185.6,183.63,close,0.7909090909090991,0.004715447154471586,0.005962059620596175
2022-11-02,-1,181.74,182.85,182.85,stop,-1.0,-0.00610762627930006,0.006107626279300018
2022-11-03,-1,174.82,175.43,175.43,stop,-1.0,-0.0034893032833773763,0.003489303283377266
2022-11-04,-1,178.64,179.19,179.19,stop,-1.0,-0.0030788177339902134,0.0030788177339902117
2022-11-07,1,179.87,179.65,179.65,stop,-1.0,-0.0012231055762494947,0.0012231055762495073
2022-11-08,-1,179.46,180.24,180.24,stop,-1.0,-0.004346372450685365,0.0043463724506853955
2022-11-09,-1,177.03,178.0,178.0,stop,-1.0,-0.005479297294243901,0.005479297294243907
2022-11-10,-1,181.38,182.29,182.29,stop,-1.0,-0.005017091189767342,0.00501709118976732
2022-11-11,1,186.12,185.69,186.9,close,1.813953488372067,0.004190844616376532,0.002310337416720432
2022-11-14,-1,185.53,186.355,186.355,stop,-1.0,-0.004446720206974453,0.004446720206974552
2022-11-15,1,187.93,187.64,187.64,stop,-1.0,-0.0015431277603363824,0.0015431277603364043
2022-11-16,-1,186.44,186.64,184.4400000000001,target,10.0,0.010727311735678424,0.001072731173567843
2022-11-17,-1,181.09,181.62,181.62,stop,-1.0,-0.002926721519686426,0.00292672151968635
2022-11-18,-1,184.115,185.31,183.72,close,0.33054393305440377,0.002145398256524489,0.006490508649485339
2022-11-21,-1,182.66,183.19,182.73,close,-0.13207547169810005,-0.00038322566517012824,0.002901565750574845
2022-11-22,-1,182.84,183.88,183.88,stop,-1.0,-0.005688033253117508,0.005688033253117436
2022-11-23,1,184.89,184.24,184.24,stop,-1.0,-0.00351560387257277,0.0035156038725727584
2022-11-28,1,184.77,184.04,184.04,stop,-1.0,-0.003950857823239784,0.003950857823239801
2022-11-29,1,182.41,181.96,182.38,close,-0.06666666666667087,-0.0001644646675073025,0.0024669700126088955
2022-11-30,1,183.0,182.665,182.665,stop,-1.0,-0.0018306010928962335,0.0018306010928962183
2022-12-01,1,188.37,187.61,187.61,stop,-1.0,-0.004034612730264842,0.0040346127302648555
2022-12-02,1,184.93,184.33,188.06,close,5.2166666666667085,0.016925323095225098,0.0032444708808738133
2022-12-05,-1,186.515,187.06,182.84,close,6.743119266054817,0.0197035091011446,0.0029220169959521536
2022-12-06,-1,182.55,182.93,182.93,stop,-1.0,-0.0020816214735688288,0.00208162147356886
2022-12-07,1,180.41,179.65,179.65,stop,-1.0,-0.0042126267945235,0.004212626794523535
2022-12-08,-1,179.93,181.21,181.21,stop,-1.0,-0.007113877619074005,0.007113877619074091
2022-12-09,1,180.12,179.0,179.0,stop,-1.0,-0.006218076837663844,0.006218076837663805
2022-12-12,-1,178.4504,178.99,178.99,stop,-1.0,-0.0030238094170704777,0.003023809417070554
2022-12-13,-1,184.76,185.83,185.83,stop,-1.0,-0.00579129681749313,0.005791296817493081
2022-12-14,1,181.86,181.21,181.21,stop,-1.0,-0.003574177939073997,0.003574177939074044
2022-12-15,-1,177.56,178.6,175.73,close,1.7596153846154101,0.010306375309754534,0.005857175039423249
2022-12-16,1,174.31,173.8,173.8,stop,-1.0,-0.002925821811714746,0.002925821811714709
2022-12-19,-1,174.17,175.0529,172.03,close,2.4238305583871003,0.012286846184761946,0.0050691852787506835
2022-12-20,1,171.74,171.23,171.23,stop,-1.0,-0.00296960521718892,0.002969605217188886
2022-12-21,-1,174.28,174.83,174.83,stop,-1.0,-0.0031558411751204662,0.003155841175120561
2022-12-22,-1,173.24,174.49,173.61,close,-0.29600000000000365,-0.0021357654121449965,0.007215423689679057
2022-12-23,1,173.81,173.44,173.44,stop,-1.0,-0.0021287612910649845,0.0021287612910649823
2022-12-27,-1,173.71,174.57,174.57,stop,-1.0,-0.004950780035691604,0.004950780035691584
2022-12-28,1,173.74,172.73,172.73,stop,-1.0,-0.00581328421779681,0.005813284217796819
2022-12-29,1,171.82,171.4,174.86,close,7.238095238095502,0.017692934466302157,0.002444418577581117
2022-12-30,1,173.87,172.68,172.68,stop,-1.0,-0.006844193937999621,0.006844193937999642
2023-01-03,1,176.9,175.8,175.8,stop,-1.0,-0.006218202374222659,0.006218202374222693
2023-01-04,1,174.81,174.45,174.45,stop,-1.0,-0.0020593787540759134,0.0020593787540759316
2023-01-05,-1,173.89,174.76,173.67,close,0.25287356321838816,0.001265167634711628,0.005003162919086805
2023-01-06,1,175.82,174.83,174.83,stop,-1.0,-0.005630758730519769,0.00563075873051974
2023-01-09,-1,178.71,179.34,179.34,stop,-1.0,-0.003525264394829586,0.0035252643948295867
2023-01-10,1,178.55,177.52,177.52,stop,-1.0,-0.005768692243069196,0.005768692243069174
2023-01-11,-1,180.94,181.43,181.43,stop,-1.0,-0.0027080800265282257,0.002708080026528181
2023-01-12,-1,182.76,183.68,183.68,stop,-1.0,-0.005033924272269674,0.005033924272269731
2023-01-13,1,185.09,184.4833,184.4833,stop,-1.0,-0.0032778648225186835,0.003277864822518717
2023-01-17,-1,186.46,187.36,187.36,stop,-1.0,-0.004826772498123022,0.004826772498122952
2023-01-18,1,187.73,187.45,187.45,stop,-1.0,-0.0014915037553934196,0.0014915037553933903
2023-01-19,-1,182.65,183.1,182.03,close,1.3777777777778226,0.0033944702983849107,0.002463728442376067
2023-01-20,-1,181.9,182.87,182.87,stop,-1.0,-0.0053326003298515,0.00533260032985156
2023-01-23,-1,184.79,185.56,185.56,stop,-1.0,-0.004166892147843493,0.0041668921478435535
2023-01-24,-1,186.56,186.79,186.79,stop,-1.0,-0.0012328473413378838,0.0012328473413378525
2023-01-25,-1,184.78,185.41,185.41,stop,-1.0,-0.003409459898257472,0.0034094598982573627
2023-01-26,1,189.17,188.8,188.8,stop,-1.0,-0.001955912671142257,0.0019559126711422327
2023-01-27,1,188.34,187.86,187.86,stop,-1.0,-0.0025485823510671413,0.0025485823510671647
2023-01-30,1,187.95,187.74,187.74,stop,-1.0,-0.0011173184357541333,0.0011173184357540812
2023-01-31,1,188.23,187.38,191.5,close,3.8470588235294496,0.017372363597726315,0.004515752005525125
2023-02-01,1,191.33,190.94,190.94,stop,-1.0,-0.002038363037683677,0.0020383630376836605
2023-02-02,1,196.7,196.01,196.01,stop,-1.0,-0.00350788002033553,0.003507880020335525
2023-02-03,1,196.8,195.7,196.99,close,0.1727272727272671,0.0009654471544715548,0.0055894308943090585
2023-02-06,1,195.7,195.41,195.41,stop,-1.0,-0.001481859989780232,0.0014818599897802353
2023-02-07,-1,192.76,193.7,193.7,stop,-1.0,-0.004876530400498069,0.004876530400498017
2023-02-08,-1,194.2,194.739,194.739,stop,-1.0,-0.0027754891864057996,0.002775489186405848
2023-02-09,1,194.35,193.88,193.88,stop,-1.0,-0.002418317468484643,0.002418317468484687
2023-02-10,1,189.395,189.02,189.02,stop,-1.0,-0.0019799889120620806,0.0019799889120620923
2023-02-13,-1,189.6,190.55,190.55,stop,-1.0,-0.005010548523206815,0.005010548523206841
2023-02-14,-1,190.65,191.3414,191.3414,stop,-1.0,-0.003626540781536791,0.003626540781536781
2023-02-15,1,191.01,190.76,190.76,stop,-1.0,-0.0013088319983246555,0.0013088319983246951
2023-02-16,1,191.91,191.6843,191.6843,stop,-1.0,-0.001176072117138216,0.0011760721171381852
2023-02-17,1,192.5,191.48,191.48,stop,-1.0,-0.005298701298701358,0.005298701298701352
2023-02-21,1,191.1,190.5,190.5,stop,-1.0,-0.0031397174254317317,0.0031397174254316814
2023-02-22,1,188.45,187.81,187.81,stop,-1.0,-0.003396126293446433,0.0033961262934464652
2023-02-23,1,189.73,189.35,189.35,stop,-1.0,-0.002002846149791737,0.0020028461497917857
2023-02-24,1,186.93,186.17,186.17,stop,-1.0,-0.004065693040175566,0.00406569304017557
2023-02-27,-1,188.6701,189.23,189.23,stop,-1.0,-0.0029676138402428,0.002967613840242831
2023-02-28,1,188.29,188.07,188.1,close,-0.8636363636363578,-0.0010090817356205317,0.0011684104307185664
2023-03-01,-1,188.03,188.32,188.32,stop,-1.0,-0.0015423070786575455,0.0015423070786576188
2023-03-02,-1,186.73,186.96,186.96,stop,-1.0,-0.0012317249504634198,0.0012317249504633333
2023-03-03,-1,189.23,189.78,189.78,stop,-1.0,-0.00290651588014601,0.0029065158801459146
2023-03-06,-1,191.26,191.74,188.7,close,5.333333333333136,0.013384921049879761,0.0025096726968525476
2023-03-07,1,188.66,188.11,188.11,stop,-1.0,-0.002915297360330693,0.0029152973603306636
2023-03-08,-1,186.34,186.98,186.98,stop,-1.0,-0.0034345819469785432,0.003434581946978568
2023-03-09,1,186.84,186.3,186.3,stop,-1.0,-0.0028901734104045396,0.0028901734104045816
2023-03-10,-1,179.38,180.39,176.1,close,3.247524752475278,0.01828520459360017,0.005630505073029273
2023-03-13,-1,172.09,172.86,172.86,stop,-1.0,-0.00447440292870005,0.004474402928700158
2023-03-14,-1,178.25,179.07,179.07,stop,-1.0,-0.004600280504908794,0.004600280504908798
2023-03-15,1,172.2,171.68,171.68,stop,-1.0,-0.0030197444831590037,0.003019744483159012
2023-03-16,-1,171.35,171.73,171.73,stop,-1.0,-0.0022176831047562295,0.00221768310475632
2023-03-17,-1,173.57,174.76,171.34,close,1.8739495798319277,0.012847842369072993,0.0068560235063662945
2023-03-20,-1,173.0,173.77,173.77,stop,-1.0,-0.004450867052023133,0.004450867052023181
2023-03-21,1,177.2,176.53,176.53,stop,-1.0,-0.003781038374717771,0.0037810383747177625
2023-03-22,-1,175.57,176.64,176.64,stop,-1.0,-0.006094435267984144,0.006094435267984241
2023-03-23,1,172.6,172.24,172.24,stop,-1.0,-0.00208574739281564,0.0020857473928156734
2023-03-24,-1,168.45,168.93,168.93,stop,-1.0,-0.0028495102404275663,0.0028495102404275346
2023-03-27,-1,173.59,173.97,173.97,stop,-1.0,-0.002189066190448674,0.0021890661904487322
2023-03-28,1,173.19,172.69,173.47,close,0.5600000000000023,0.001616721519718256,0.002887002713782551
2023-03-29,-1,174.77,175.42,175.42,stop,-1.0,-0.0037191737712420903,0.0037191737712420738
2023-03-30,-1,176.56,176.9,176.9,stop,-1.0,-0.001925690983235251,0.0019256909832351802
2023-03-31,1,176.62,176.37,178.41,close,7.159999999999968,0.01013475257615215,0.001415468236892764
2023-04-03,1,179.42,178.95,178.95,stop,-1.0,-0.002619551889421423,0.002619551889421463
2023-04-04,-1,177.94,179.1,175.3,close,2.275862068965512,0.014836461728672479,0.006519051365628845
2023-04-05,-1,174.08,174.45,174.45,stop,-1.0,-0.0021254595588233727,0.002125459558823392
2023-04-06,-1,173.22,174.0,174.0,stop,-1.0,-0.004502944232767536,0.004502944232767586
2023-04-10,1,173.34,173.07,173.07,stop,-1.0,-0.0015576323987539498,0.001557632398753953
2023-04-11,1,176.72,176.44,176.44,stop,-1.0,-0.0015844273426890432,0.001584427342689006
2023-04-12,-1,178.41,178.98,175.85,close,4.491228070175496,0.014348971470209082,0.0031948881789136997
2023-04-13,-1,176.4999,176.56,176.56,stop,-1.0,-0.0003405101079376749,0.0003405101079377699
2023-04-14,1,178.46,178.18,178.18,stop,-1.0,-0.0015689790429227468,0.0015689790429227902
2023-04-17,1,177.03,176.75,178.77,close,6.2142857142857215,0.00982884256905625,0.001581652827204435
2023-04-18,-1,178.94,179.63,177.98,close,1.3913043478261031,0.0053649267911032306,0.003856041131105386
2023-04-19,-1,176.92,177.29,177.29,stop,-1.0,-0.0020913407189691036,0.0020913407189690515
2023-04-20,-1,176.93,177.25,177.25,stop,-1.0,-0.0018086248798958593,0.0018086248798959655
2023-04-21,-1,177.21,177.86,177.86,stop,-1.0,-0.0036679645618193923,0.0036679645618193425
2023-04-24,1,177.41,177.25,177.25,stop,-1.0,-0.000901865734738716,0.0009018657347387215
2023-04-25,1,175.73,175.41,175.41,stop,-1.0,-0.0018209753599270906,0.0018209753599271222
2023-04-26,1,173.03,172.17,172.17,stop,-1.0,-0.004970236375195114,0.004970236375195131
2023-04-27,1,172.05,171.88,171.88,stop,-1.0,-0.0009880848590526625,0.0009880848590526935
2023-04-28,1,173.58,173.18,175.21,close,4.074999999999931,0.009390482774513265,0.002304412950800816
2023-05-01,1,175.59,174.8,174.8,stop,-1.0,-0.004499117261802965,0.004499117261803019
2023-05-02,-1,173.76,174.45,171.68,close,3.014492753623175,0.011970534069981498,0.003970994475138109
2023-05-03,1,172.74,172.2,172.2,stop,-1.0,-0.003126085446335636,0.0031260854463356514
2023-05-04,-1,171.19,171.56,170.44,close,2.0270270270270023,0.004381097026695535,0.0021613411998364657
2023-05-05,1,173.47,173.16,173.16,stop,-1.0,-0.0017870525162853035,0.0017870525162852497
2023-05-08,-1,174.595,175.55,174.05,close,0.5706806282722308,0.0031215097797759883,0.005469801540708569
2023-05-09,-1,172.69,173.13,173.13,stop,-1.0,-0.0025479182349874563,0.002547918234987537
2023-05-10,-1,175.68,176.02,174.42,close,3.705882352941196,0.0071721311475411165,0.0019353369763206022
2023-05-11,-1,173.0,173.51,173.51,stop,-1.0,-0.0029479768786127014,0.002947976878612664
2023-05-12,1,173.83,173.62,173.62,stop,-1.0,-0.001208076856699103,0.0012080768566991194
2023-05-15,-1,172.93,173.47,173.47,stop,-1.0,-0.003122650783554004,0.003122650783553993
2023-05-16,-1,173.55,173.75,173.75,stop,-1.0,-0.0011524056467875354,0.0011524056467876037
2023-05-17,-1,173.27,173.49,173.49,stop,-1.0,-0.0012696946961390232,0.0012696946961389672
2023-05-18,-1,175.21,175.605,175.605,stop,-1.0,-0.002254437532104303,0.002254437532104228
2023-05-19,-1,178.49,178.64,176.99000000000024,target,10.0,0.00840383214745799,0.0008403832147457967
2023-05-22,1,177.07,176.465,176.465,stop,-1.0,-0.003416727847743828,0.0034167278477437724
2023-05-23,1,178.08,177.87,177.87,stop,-1.0,-0.001179245283018937,0.0011792452830189125
2023-05-24,1,176.605,176.02,176.02,stop,-1.0,-0.0033124769966873524,0.0033124769966874075
2023-05-25,1,175.34,174.82,174.82,stop,-1.0,-0.002965666704688119,0.002965666704688093
2023-05-26,1,174.51,174.02,176.1,close,3.2448979591838083,0.009111225717723936,0.0028078620136380763
2023-05-30,1,177.37,176.71,176.71,stop,-1.0,-0.0037210351243164297,0.0037210351243163815
2023-05-31,1,175.08,174.49,174.49,stop,-1.0,-0.0033698880511766616,0.0033698880511766243
2023-06-01,-1,173.325,174.0794,174.0794,stop,-1.0,-0.004352516947930152,0.0043525169479302125
2023-06-02,1,178.1,177.98,177.98,stop,-1.0,-0.0006737787759686364,0.0006737787759685826
2023-06-05,-1,180.83,181.335,179.54,close,2.554455445544618,0.007133772051097775,0.002792678206049856
2023-06-06,1,179.45,178.93,184.6499999999998,target,10.0,0.028977431039285628,0.0028977431039285697
2023-06-07,1,185.94,184.96,187.23,close,1.3163265306122505,0.006937721845756695,0.005270517371194954
2023-06-08,-1,186.69,187.375,186.47,close,0.3211678832116761,0.0011784241255556882,0.00366918420911673
2023-06-09,-1,185.9,186.61,186.61,stop,-1.0,-0.0038192576654114685,0.0038192576654115544
2023-06-12,-1,184.92,185.4,185.4,stop,-1.0,-0.002595717066839809,0.002595717066839813
2023-06-13,1,186.9,186.27,187.94,close,1.65079365079365,0.00556447298020335,0.003370786516853908
2023-06-14,1,189.0,188.015,188.015,stop,-1.0,-0.005211640211640334,0.0052116402116402834
2023-06-15,1,185.14,184.91,187.43999999999988,target,10.0,0.012423031219616965,0.0012423031219617035
2023-06-16,-1,187.84,188.55,185.93,close,2.6901408450703874,0.010168228279386682,0.003779812606473637
2023-06-20,-1,184.85,185.25,185.25,stop,-1.0,-0.002163916689207568,0.0021639166892074963
2023-06-21,-1,183.895,184.51,184.51,stop,-1.0,-0.0033442997362624904,0.003344299736262436
2023-06-22,-1,183.43,184.25,183.31,close,0.1463414634146409,0.000654200512457126,0.004470370168456595
2023-06-23,1,181.24,180.72,180.72,stop,-1.0,-0.0028691238137277253,0.00286912381372771
2023-06-26,1,180.94,180.37,180.775,close,-0.28947368421051584,-0.0009119044987287994,0.0031502155410632984
2023-06-27,-1,180.75,181.46,181.46,stop,-1.0,-0.003928077455048529,0.003928077455048453
2023-06-28,-1,182.35,183.01,183.01,stop,-1.0,-0.003619413216342071,0.0036194132163421804
2023-06-29,1,184.87,184.43,186.64,close,4.022727272727252,0.009574295450857306,0.0023800508465408
2023-06-30,-1,187.78,188.2601,188.2601,stop,-1.0,-0.0025567153051442304,0.002556715305144281
2023-07-05,-1,186.11,187.21,185.78,close,0.3000000000000129,0.0017731449142980305,0.005910483047659955
2023-07-06,-1,183.58,183.71,182.28000000000006,target,10.0,0.007081381414097199,0.0007081381414097148
2023-07-07,1,183.935,182.93,184.92,close,0.980099502487552,0.00535515263544184,0.005463886699105637
2023-07-10,1,185.55,184.16,188.02,close,1.7769784172661673,0.013311775801670755,0.007491242252762138
2023-07-11,1,188.72,188.48,188.48,stop,-1.0,-0.0012717253073336598,0.0012717253073336642
2023-07-12,1,192.83,192.2973,192.2973,stop,-1.0,-0.0027625369496447894,0.0027625369496447933
2023-07-13,1,192.61,192.12,192.12,stop,-1.0,-0.002544000830694171,0.002544000830694196
2023-07-14,-1,193.03,193.34,193.34,stop,-1.0,-0.0016059679842510555,0.0016059679842511645
2023-07-17,1,191.38,191.14,193.7800000000001,target,10.0,0.012540495349566694,0.0012540495349566783
2023-07-18,1,194.05,193.49,196.05,close,3.571428571428557,0.010306622004637944,0.002885854161298646
2023-07-19,1,197.36,196.59,196.59,stop,-1.0,-0.0039014997973247922,0.0039014997973247376
2023-07-20,-1,196.52,196.94,195.11,close,3.357142857142949,0.007174842255241232,0.002137187054752633
2023-07-21,-1,196.26,196.62,194.44,close,5.055555555555345,0.009273412819728932,0.0018343014368695284
2023-07-24,1,194.84,194.3,194.3,stop,-1.0,-0.0027715048244713048,0.0027715048244713204
2023-07-25,1,195.08,194.42,194.97,close,-0.16666666666668103,-0.0005638712323150497,0.0033832273938898144
2023-07-26,1,195.62,194.71,196.48,close,0.9450549450549324,0.0043962784991309345,0.004651876086289728
2023-07-27,1,197.72,197.245,197.245,stop,-1.0,-0.002402387214242352,0.002402387214242334
2023-07-28,-1,195.97,196.38,196.38,stop,-1.0,-0.0020921569628005177,0.0020921569628004114
2023-07-31,1,197.98,196.915,198.7,close,0.6760563380281693,0.003636730982927494,0.0053793312455803505
2023-08-01,-1,196.6,197.44,197.44,stop,-1.0,-0.004272634791454788,0.004272634791454748
2023-08-02,-1,195.31,195.89,195.89,stop,-1.0,-0.0029696380113664045,0.002969638011366464
2023-08-03,-1,193.74,194.33,194.33,stop,-1.0,-0.0030453184680498957,0.003045318468049981
2023-08-04,1,195.25,194.72,194.72,stop,-1.0,-0.0027144686299616083,0.0027144686299615936
2023-08-07,1,194.68,194.27,194.27,stop,-1.0,-0.002106020135607123,0.0021060201356071324
2023-08-08,-1,191.71,192.15,192.15,stop,-1.0,-0.0022951332742162656,0.002295133274216252
2023-08-09,-1,192.245,192.88,191.565,close,1.0708661417323095,0.0035371531119144928,0.003303076803037743
2023-08-10,1,192.37,192.07,192.07,stop,-1.0,-0.0015594947237095313,0.001559494723709577
2023-08-11,1,190.05,189.74,191.02,close,3.1290322580644894,0.0051039200210469815,0.001631149697448052
2023-08-14,-1,189.49,190.12,190.12,stop,-1.0,-0.003324713705208593,0.003324713705208694
2023-08-15,-1,189.28,189.64,188.18,close,3.055555555555665,0.005811496196111543,0.0019019442096364393
2023-08-16,1,188.53,187.98,187.98,stop,-1.0,-0.0029173075903039525,0.0029173075903039906
2023-08-17,1,186.66,186.27,186.27,stop,-1.0,-0.0020893603342976297,0.0020893603342975802
2023-08-18,1,183.4,181.94,184.69,close,0.8835616438356062,0.007033805888767786,0.007960741548527852
2023-08-21,1,185.08,184.48,184.48,stop,-1.0,-0.0032418413658960032,0.0032418413658959516
2023-08-22,1,185.33,184.97,184.97,stop,-1.0,-0.0019424809798738174,0.0019424809798738122
2023-08-23,-1,183.59,184.17,184.17,stop,-1.0,-0.0031592134647855374,0.003159213464785577
2023-08-24,-1,185.01,185.62,185.62,stop,-1.0,-0.0032971190746446943,0.003297119074644688
2023-08-25,1,184.58,184.03,184.03,stop,-1.0,-0.0029797377830751426,0.002979737783075151
2023-08-28,1,185.55,184.82,185.61,close,0.08219178082191887,0.00032336297493928967,0.003934249528429093
2023-08-29,-1,184.8199,185.57,185.57,stop,-1.0,-0.004058545643623956,0.004058545643623892
2023-08-30,1,187.88,187.43,187.43,stop,-1.0,-0.002395145837768675,0.002395145837768728
2023-08-31,1,189.48,189.1,189.1,stop,-1.0,-0.0020054887059319793,0.0020054887059320005
2023-09-01,1,191.41,190.06,190.06,stop,-1.0,-0.007052923044773007,0.007052923044772971
2023-09-05,-1,189.14,189.9,186.84,close,3.0263157894735846,0.01216030453632222,0.0040181875859152975
2023-09-06,1,187.55,186.875,186.875,stop,-1.0,-0.003599040255931829,0.0035990402559318117
2023-09-08,-1,184.39,184.83,183.98,close,0.9318181818181187,0.0022235479147458825,0.002386246542654299
2023-09-11,-1,185.22,185.59,185.59,stop,-1.0,-0.001997624446604007,0.001997624446604063
2023-09-12,1,184.3,183.74,184.22,close,-0.1428571428571646,-0.00043407487791646826,0.003038524145415096
2023-09-13,1,184.58,184.37,184.37,stop,-1.0,-0.0011377180626287453,0.0011377180626287134
2023-09-14,1,185.35,184.47,184.47,stop,-1.0,-0.004747774480712175,0.004747774480712142
2023-09-18,-1,183.55,183.72,183.72,stop,-1.0,-0.0009261781530918167,0.0009261781530917324
2023-09-19,1,183.0475,182.44,182.44,stop,-1.0,-0.0033188106912140913,0.003318810691214116
2023-09-20,1,182.79,182.23,182.23,stop,-1.0,-0.0030636249247770753,0.003063624924777079
2023-09-21,-1,178.23,178.52,178.52,stop,-1.0,-0.0016271110363015318,0.0016271110363015233
2023-09-22,1,178.07,177.52,177.52,stop,-1.0,-0.0030886729937663615,0.0030886729937664005
2023-09-25,1,175.77,175.54,177.49,close,7.478260869564621,0.009785515161859326,0.0013085281902487237
2023-09-26,1,176.19,175.37,175.37,stop,-1.0,-0.004654066632612475,0.004654066632612482
2023-09-27,1,176.29,175.36,175.36,stop,-1.0,-0.005275398491122463,0.00527539849112246
2023-09-28,1,176.72,175.98,175.98,stop,-1.0,-0.004187415119963789,0.004187415119963836
2023-09-29,-1,178.84,179.11,179.11,stop,-1.0,-0.0015097293670320866,0.001509729367032041
2023-10-02,1,176.43,175.92,175.92,stop,-1.0,-0.002890664852916225,0.00289066485291628
2023-10-03,1,173.23,172.77,172.77,stop,-1.0,-0.0026554291981757405,0.0026554291981757175
2023-10-04,1,171.22,170.96,170.96,stop,-1.0,-0.0015185141922672285,0.0015185141922672053
2023-10-05,1,171.49,170.51,170.51,stop,-1.0,-0.005714618928217452,0.0057146189282174945
2023-10-06,1,170.8,170.3,170.3,stop,-1.0,-0.0029274004683840227,0.0029274004683840747
2023-10-09,1,172.17,171.77,174.01,close,4.60000000000027,0.010687111575768071,0.0023232851251668543
2023-10-10,1,174.53,174.28,177.03,target,10.0,0.014324184953876218,0.0014324184953876124
2023-10-11,1,176.67,176.11,176.11,stop,-1.0,-0.003169751514122243,0.003169751514122227
2023-10-12,-1,174.62,175.88,171.77,close,2.261904761904774,0.01632115450692928,0.0072156683083266
2023-10-13,-1,172.115,172.7,170.27,close,3.153846153846262,0.010719577026987781,0.0033988902768496616
2023-10-16,1,172.12,171.56,171.56,stop,-1.0,-0.003253544039042544,0.0032535440390425415
2023-10-17,1,173.18,171.9,174.98,close,1.4062499999999853,0.010393809908765261,0.007391153712899879
2023-10-18,-1,172.801,173.66,171.29,close,1.7590221187427009,0.008744162360171504,0.004971036047245149
2023-10-19,-1,170.62,171.08,171.08,stop,-1.0,-0.002696049701090164,0.0026960497010901883
2023-10-20,-1,168.42,168.93,168.93,stop,-1.0,-0.0030281439258996734,0.0030281439258996517
2023-10-23,-1,165.55,165.98,165.98,stop,-1.0,-0.0025974025974024872,0.002597402597402467
2023-10-24,1,166.76,166.44,166.44,stop,-1.0,-0.0019189254017749624,0.0019189254017749652
2023-10-25,1,165.05,164.73,164.73,stop,-1.0,-0.0019388064222963797,0.0019388064222964046
2023-10-26,1,164.83,164.15,164.15,stop,-1.0,-0.004125462597828089,0.004125462597828106
2023-10-27,-1,164.24,164.83,162.25,close,3.3728813559321993,0.012116415002435543,0.00359230394544571
2023-10-30,1,164.38,163.69,163.69,stop,-1.0,-0.004197590947803809,0.0041975909478038555
2023-10-31,1,163.93,163.27,163.27,stop,-1.0,-0.0040261087049350275,0.004026108704935012
2023-11-01,-1,163.69,164.73,164.73,stop,-1.0,-0.006353473028285039,0.006353473028285124
2023-11-02,1,168.375,167.51,167.51,stop,-1.0,-0.005137342242019338,0.005137342242019356
2023-11-03,1,173.4,172.78,174.42,close,1.6451612903225392,0.00588235294117645,0.003575547866205332
2023-11-06,-1,173.84,174.775,172.36,close,1.5828877005347446,0.008513575701794673,0.005378508973768996
2023-11-07,-1,171.11,171.64,171.64,stop,-1.0,-0.0030974227105369234,0.0030974227105369217
2023-11-08,-1,170.9,171.72,171.72,stop,-1.0,-0.0047981275599766615,0.004798127559976555
2023-11-09,-1,170.39,171.03,171.03,stop,-1.0,-0.003756088972357574,0.0037560889723576196
2023-11-10,-1,167.41,168.28,168.28,stop,-1.0,-0.005196822173108018,0.005196822173107966
2023-11-13,-1,167.85,168.62,168.62,stop,-1.0,-0.004587429252308706,0.00458742925230867
2023-11-14,1,175.03,174.22,178.43,close,4.197530864197526,0.019425241387190706,0.004627778095183696
2023-11-15,1,179.19,178.11,178.78,close,-0.3796296296296321,-0.0022880741112785152,0.006027122049221408
2023-11-16,1,178.37,177.8,177.8,stop,-1.0,-0.003195604642036165,0.0031956046420361785
2023-11-17,1,177.76,177.105,178.33,close,0.8702290076336192,0.003206570657065866,0.0036847434743474414
2023-11-20,-1,177.99,178.8,178.8,stop,-1.0,-0.004550817461655088,0.0045508174616551616
2023-11-21,-1,177.97,178.505,177.03,close,1.7570093457943994,0.005281789065572862,0.00300612462774623
2023-11-22,-1,177.88,178.56,178.56,stop,-1.0,-0.0038228018889139292,0.0038228018889139128
2023-11-27,-1,178.05,178.59,178.59,stop,-1.0,-0.0030328559393428822,0.0030328559393428363
2023-11-28,-1,177.69,178.6,178.6,stop,-1.0,-0.0051212786313241665,0.005121278631324197
2023-11-29,1,180.53,179.5,179.5,stop,-1.0,-0.0057054229213980845,0.005705422921398112
2023-11-30,-1,179.42,180.41,180.41,stop,-1.0,-0.005517779511760246,0.005517779511760167
2023-12-01,-1,178.9,179.405,179.405,stop,-1.0,-0.0028228060368920005,0.002822806036892093
2023-12-04,1,185.25,184.02,186.875,close,1.3211382113821248,0.00877192982456143,0.006639676113360269
2023-12-05,-1,185.78,186.05,184.4,close,5.1111111111109,0.0074281408117127246,0.0014533318979438597
2023-12-06,1,186.01,185.385,185.385,stop,-1.0,-0.0033600344067523658,0.0033600344067523254
2023-12-07,-1,184.04,184.62,184.62,stop,-1.0,-0.0031514888067811775,0.0031514888067812026
2023-12-08,1,186.32,184.86,186.77,close,0.3082191780822078,0.0024151996565049405,0.007835981107771466
2023-12-11,-1,186.38,187.62,187.16,close,-0.6290322580645125,-0.0041849983903852195,0.006653074364202216
2023-12-12,-1,185.87,186.98,186.98,stop,-1.0,-0.005971915855167431,0.005971915855167511
2023-12-13,1,187.43,186.79,186.79,stop,-1.0,-0.0034146081203649814,0.003414608120365015
2023-12-14,1,199.35,196.82,196.82,stop,-1.0,-0.012691246551291724,0.012691246551291705
2023-12-15,-1,198.71,199.35,199.35,stop,-1.0,-0.003220773992249848,0.003220773992249944
2023-12-18,-1,197.11,198.0,198.0,stop,-1.0,-0.004515245294505643,0.0045152452945055365
2023-12-19,1,199.57,198.02,200.98,close,0.9096774193548465,0.007065190158841439,0.007766698401563276
2023-12-20,-1,199.57,199.96,199.96,stop,-1.0,-0.001954201533296729,0.0019542015332966616
2023-12-21,1,199.39,198.45,198.45,stop,-1.0,-0.004714378855509294,0.004714378855509293
2023-12-22,1,201.48,200.33,200.33,stop,-1.0,-0.0057077625570775,0.005707762557077513
2023-12-26,1,202.43,201.93,201.93,stop,-1.0,-0.0024699896260436116,0.0024699896260435704
2023-12-27,1,204.59,204.16,204.16,stop,-1.0,-0.0021017645046190747,0.0021017645046190274
2023-12-28,1,203.95,203.44,203.44,stop,-1.0,-0.0025006128953174445,0.0025006128953174354
2023-12-29,1,203.85,202.94,202.94,stop,-1.0,-0.0044640667157223035,0.004464066715722329
2024-01-02,1,200.41,198.74,198.74,stop,-1.0,-0.008332917519085825,0.008332917519085811
2024-01-03,-1,196.36,197.48,197.48,stop,-1.0,-0.005703809329802301,0.005703809329802282
2024-01-04,1,194.39,194.01,194.01,stop,-1.0,-0.0019548330675446257,0.0019548330675446036
2024-01-05,1,193.23,192.29,193.28,close,0.05319148936171435,0.0002587589918749966,0.00486466904724938
2024-01-08,1,193.3,192.926,192.926,stop,-1.0,-0.001934816347646251,0.0019348163476462681
2024-01-09,-1,194.09,194.41,194.41,stop,-1.0,-0.001648719666134335,0.0016487196661342325
2024-01-10,-1,194.65,194.97,194.97,stop,-1.0,-0.00164397636783975,0.0016439763678396772
2024-01-11,-1,194.05,194.59,194.59,stop,-1.0,-0.002782787941252307,0.0027827879412522134
2024-01-12,-1,195.45,196.255,196.255,stop,-1.0,-0.004118700434893929,0.0041187004348938695
2024-01-16,-1,191.07,192.15,192.15,stop,-1.0,-0.005652378709373629,0.005652378709373593
2024-01-17,1,188.27,187.525,189.46,close,1.597315436241598,0.006320709619163978,0.003957082912837969
2024-01-18,-1,190.27,191.17,190.63,close,-0.3999999999999937,-0.0018920481421138557,0.0047301203552844754
2024-01-19,-1,190.13,191.38,191.38,stop,-1.0,-0.0065744490611687745,0.006574449061168674
2024-01-22,1,195.05,194.09,196.6,close,1.6145833333333022,0.007946680338374756,0.004921814919251514
2024-01-23,-1,197.63,198.59,195.92,close,1.7812499999999936,0.008652532510246447,0.0048575621110155745
2024-01-24,-1,197.5,198.44,198.44,stop,-1.0,-0.004759493670886128,0.004759493670886065
2024-01-25,1,197.2568,196.54,196.54,stop,-1.0,-0.00363384177376902,0.003633841773769048
2024-01-26,1,197.34,196.55,196.55,stop,-1.0,-0.004003243133677836,0.004003243133677876
2024-01-29,-1,195.68,196.28,196.28,stop,-1.0,-0.003066230580539564,0.0030662305805396273
2024-01-30,-1,198.24,198.56,198.56,stop,-1.0,-0.0016142050040355294,0.001614205004035478
2024-01-31,-1,196.36,197.22,197.22,stop,-1.0,-0.0043797107353840126,0.004379710735383913
2024-02-01,1,195.21,194.07,194.07,stop,-1.0,-0.005839864761026714,0.005839864761026662
2024-02-02,-1,192.51,193.242,193.242,stop,-1.0,-0.0038023998753311528,0.0038023998753311484
2024-02-05,-1,191.92,192.6,192.6,stop,-1.0,-0.0035431429762400324,0.0035431429762401356
2024-02-06,1,192.05,191.02,193.61,close,1.514563106796117,0.008122884665451746,0.005363186670137991
2024-02-07,-1,193.3,194.12,194.12,stop,-1.0,-0.004242110708742919,0.004242110708742851
2024-02-08,1,193.66,193.08,193.08,stop,-1.0,-0.002994939584839318,0.002994939584839327
2024-02-09,1,197.04,196.48,196.48,stop,-1.0,-0.002842062525375555,0.00284206252537557
2024-02-12,1,200.59,199.84,202.93,close,3.1200000000000045,0.01166558651976679,0.003738970038386759
2024-02-13,1,196.8749,195.47,195.47,stop,-1.0,-0.007136003624636733,0.0071360036246367504
2024-02-14,-1,197.3,197.98,197.98,stop,-1.0,-0.003446528129751547,0.0034465281297515376
2024-02-15,1,202.11,200.72,204.38,close,1.6330935251798258,0.011231507594873902,0.006877442976596975
2024-02-16,-1,202.025,202.53,202.53,stop,-1.0,-0.002499690632347562,0.0024996906323474593
2024-02-20,1,199.47,198.83,198.83,stop,-1.0,-0.003208502531709012,0.0032085025317089605
2024-02-21,1,197.72,197.38,197.38,stop,-1.0,-0.0017196034796682635,0.001719603479668235
2024-02-22,-1,198.37,198.96,198.96,stop,-1.0,-0.0029742400564600757,0.0029742400564601672
2024-02-23,-1,199.53,199.7,199.7,stop,-1.0,-0.0008520022051821119,0.0008520022051821155
2024-02-26,1,199.895,199.15,201.2,close,1.7516778523489536,0.0065284274243977425,0.0037269566522424497
2024-02-27,1,203.1,202.92,202.92,stop,-1.0,-0.0008862629246676468,0.000886262924667685
2024-02-28,1,202.66,201.87,202.395,close,-0.3354430379746697,-0.0013076088029211341,0.0038981545445573476
2024-02-29,1,205.3,204.89,204.89,stop,-1.0,-0.001997077447637774,0.0019970774476377254
2024-03-01,-1,204.28,204.81,204.81,stop,-1.0,-0.002594478167221359,0.002594478167221466
2024-03-05,1,204.77,204.09,204.09,stop,-1.0,-0.003320798945158021,0.0033207989451580155
2024-03-06,-1,205.51,206.08,205.19,close,0.5614035087718966,0.0015571018441924434,0.00277358765996799
2024-03-07,1,207.3375,206.425,206.425,stop,-1.0,-0.004401036956652726,0.004401036956652773
2024-03-08,1,209.57,208.45,208.45,stop,-1.0,-0.005344276375435442,0.005344276375435437
2024-03-11,1,206.59,205.88,205.88,stop,-1.0,-0.003436758797618511,0.0034367587976185097
2024-03-12,-1,204.33,205.27,205.27,stop,-1.0,-0.0046004013116036635,0.004600401311603767
2024-03-13,1,206.13,204.83,204.83,stop,-1.0,-0.00630669965555708,0.00630669965555709
2024-03-14,-1,204.8,205.28,201.96,close,5.9166666666668,0.013867187500000044,0.00234374999999995
2024-03-15,1,202.45,201.13,202.37,close,-0.06060606060604886,-0.0003951592985921293,0.006520128426772009
2024-03-18,1,203.01,202.43,202.43,stop,-1.0,-0.0028570021181222316,0.0028570021181221817
2024-03-19,1,200.74,199.661,202.13,close,1.288229842446688,0.00692437979475935,0.005375112085284486
2024-03-20,1,201.61,201.11,206.61,target,10.0,0.024800357125142503,0.00248003571251426
2024-03-21,1,207.415,206.84,207.92,close,0.8782608695652269,0.0024347322999782595,0.002772219945519797
2024-03-22,-1,207.58,208.24,205.13,close,3.7121212121212572,0.011802678485403284,0.0031794970613739115
2024-03-25,1,206.55,205.65,205.65,stop,-1.0,-0.004357298474945592,0.004357298474945561
2024-03-26,1,207.34,206.78,206.78,stop,-1.0,-0.0027008777852802757,0.002700877785280227
2024-03-27,1,207.2,206.685,206.685,stop,-1.0,-0.0024855212355211487,0.00248552123552117
2024-03-28,1,210.49,209.84,210.31,close,-0.276923076923085,-0.0008551475129460195,0.0030880326856382993
2024-04-01,-1,209.575,210.8,208.29,close,1.0489795918367124,0.006131456519145928,0.0058451628295360745
2024-04-02,-1,204.95,205.88,204.54,close,0.44086021505375655,0.0020004879238838535,0.004537692120029309
2024-04-03,1,203.91,203.28,205.78,close,2.968253968253997,0.009170712569270822,0.00308959835221419
2024-04-04,-1,208.05,208.55,203.71,close,8.680000000000007,0.02086037010334052,0.002403268445085316
2024-04-05,1,203.74,202.88,204.45,close,0.8255813953488004,0.0034848336114654543,0.004221066064592194
2024-04-08,1,206.07,205.74,205.74,stop,-1.0,-0.001601397583345432,0.001601397583345388
2024-04-09,1,206.755,205.909,205.909,stop,-1.0,-0.004091799472806024,0.004091799472805996
2024-04-10,1,201.36,199.925,199.925,stop,-1.0,-0.007126539531187914,0.007126539531187933
2024-04-11,-1,201.75,202.18,202.18,stop,-1.0,-0.0021313506815365812,0.002131350681536589
2024-04-12,1,201.65,201.07,201.07,stop,-1.0,-0.0028762707661791342,0.002876270766179085
2024-04-15,1,199.89,199.175,199.175,stop,-1.0,-0.003576967332032499,0.003576967332032493
2024-04-16,-1,194.2,194.51,194.51,stop,-1.0,-0.001596292481977457,0.0015962924819773548
2024-04-17,-1,196.25,196.49,196.49,stop,-1.0,-0.0012229299363057944,0.0012229299363057788
2024-04-18,-1,193.2,193.96,193.96,stop,-1.0,-0.00393374741200847,0.003933747412008382
2024-04-19,1,192.88,191.79,191.79,stop,-1.0,-0.0056511820821235625,0.005651182082123618
2024-04-22,-1,193.35,194.6,194.6,stop,-1.0,-0.006464959917248603,0.006464959917248513
2024-04-23,1,195.47,195.13,198.87000000000003,target,10.0,0.0173939734997699,0.0017393973499769961
2024-04-24,1,198.22,197.14,197.14,stop,-1.0,-0.0054484915750177,0.005448491575017721
2024-04-25,-1,194.96,195.68,195.68,stop,-1.0,-0.0036930652441526934,0.0036930652441526405
2024-04-26,-1,196.87,197.08,197.08,stop,-1.0,-0.0010666937573018398,0.0010666937573018131
2024-04-29,1,200.1,199.23,199.23,stop,-1.0,-0.004347826086956497,0.004347826086956544
2024-04-30,-1,197.55,198.12,198.12,stop,-1.0,-0.002885345482156465,0.0028853454821563813
2024-05-01,1,196.5,195.73,195.73,stop,-1.0,-0.003918575063613261,0.003918575063613284
2024-05-02,-1,198.165,199.16,199.16,stop,-1.0,-0.005021068301667819,0.005021068301667825
2024-05-03,-1,202.75,204.0,204.0,stop,-1.0,-0.006165228113440113,0.006165228113440197
2024-05-06,1,203.98,203.43,203.43,stop,-1.0,-0.0026963427787036753,0.002696342778703711
2024-05-07,1,205.02,204.5,204.91,close,-0.2115384615384836,-0.0005365330211687391,0.0025363379182519277
2024-05-08,1,202.845,202.555,203.82,close,3.362068965517314,0.004806625748724258,0.0014296630432102937
2024-05-09,1,204.11,203.92,203.92,stop,-1.0,-0.0009308706089854457,0.0009308706089854791
2024-05-10,-1,206.32,206.62,204.3,close,6.733333333333017,0.009790616518030149,0.0014540519581233587
2024-05-13,-1,206.06,206.43,206.43,stop,-1.0,-0.0017955935164515324,0.001795593516451541
2024-05-14,-1,206.89,207.74,206.87,close,0.023529411764683855,9.666972787458761e-05,0.004108463434675542
2024-05-15,1,209.37,209.09,209.09,stop,-1.0,-0.0013373453694416337,0.0013373453694416637
2024-05-16,-1,208.75,209.35,208.0,close,1.2500000000000118,0.003592814371257469,0.0028742514970059607
2024-05-17,-1,207.92,208.51,208.51,stop,-1.0,-0.0028376298576375802,0.0028376298576375694
2024-05-20,1,208.17,207.92,207.92,stop,-1.0,-0.0012009415381659672,0.001200941538165922
2024-05-21,1,208.145,207.59,208.34,close,0.3513513513513347,0.0009368469096062704,0.002666410435033303
2024-05-22,-1,207.52,207.7,207.7,stop,-1.0,-0.0008673862760215645,0.0008673862760214841
2024-05-23,-1,206.61,207.62,203.25,close,3.32673267326737,0.016262523595179434,0.004888437152122312
2024-05-24,-1,204.35,204.845,204.845,stop,-1.0,-0.002422314656226998,0.0024223146562270836
2024-05-28,-1,206.4,207.09,205.18,close,1.7681159420289896,0.005910852713178261,0.003343023255813942
2024-05-29,-1,201.95,202.53,202.53,stop,-1.0,-0.0028719980193117056,0.002871998019311773
2024-05-30,1,203.73,203.26,203.26,stop,-1.0,-0.002306974917783311,0.0023069749177833353
2024-05-31,1,205.11,204.47,204.47,stop,-1.0,-0.00312027692457717,0.003120276924577128
2024-06-03,-1,207.16,207.555,203.2099999999999,target,10.0,0.019067387526550017,0.0019067387526550022
2024-06-04,1,203.22,202.86,202.86,stop,-1.0,-0.001771479185119551,0.001771479185119502
2024-06-05,-1,202.92,203.33,203.33,stop,-1.0,-0.002020500689927207,0.002020500689927188
2024-06-06,-1,204.09,204.529,204.529,stop,-1.0,-0.002151011808515735,0.0021510118085158163
2024-06-07,-1,200.88,201.71,201.71,stop,-1.0,-0.004131819992035046,0.004131819992035108
2024-06-10,1,199.65,199.01,201.94,close,3.578124999999905,0.011470072627097316,0.003205609817180139
2024-06-11,-1,198.98,199.64,199.64,stop,-1.0,-0.003316916272992243,0.0033169162729922434
2024-06-12,-1,205.705,206.28,206.28,stop,-1.0,-0.002795265064047925,0.0027952650640479747
2024-06-13,1,203.47,202.8841,202.8841,stop,-1.0,-0.002879539981324064,0.0028795399813240745
2024-06-14,1,199.67,199.23,199.23,stop,-1.0,-0.0022036359993989896,0.002203635999398997
2024-06-17,1,198.4,197.86,197.86,stop,-1.0,-0.002721774193548354,0.0027217741935483468
2024-06-18,-1,200.18,200.46,200.46,stop,-1.0,-0.00139874113298033,0.0013987411329803234
2024-06-20,-1,200.23,200.32,200.32,stop,-1.0,-0.00044948309444148293,0.0004494830944414095
2024-06-21,-1,199.37,200.14,200.14,stop,-1.0,-0.0038621658223403355,0.003862165822340281
2024-06-24,-1,200.6,201.24,201.24,stop,-1.0,-0.0031904287138584397,0.0031904287138584983
2024-06-25,-1,200.33,201.16,200.51,close,-0.2168674698794962,-0.0008985174462137202,0.00414316377976331
2024-06-26,1,199.48,198.8101,200.07,close,0.8807284669353894,0.0029576899939842693,0.003358231401644196
2024-06-27,-1,200.19,200.68,200.68,stop,-1.0,-0.002447674709026515,0.0024476747090264703
2024-06-28,1,204.31,203.4,203.4,stop,-1.0,-0.00445401595614503,0.004454015956145057
2024-07-01,1,203.77,203.16,203.16,stop,-1.0,-0.0029935711831967637,0.0029935711831968084
2024-07-02,1,201.62,201.05,201.05,stop,-1.0,-0.002827100486062828,0.0028271004860628566
2024-07-05,-1,201.01,201.25,201.25,stop,-1.0,-0.0011939704492314185,0.0011939704492314267
2024-07-08,1,203.19,202.4,202.4,stop,-1.0,-0.003887986613514416,0.0038879866135144055
2024-07-09,-1,201.46,201.92,201.92,stop,-1.0,-0.0022833316787449487,0.002283331678745059
2024-07-10,1,202.6,202.13,202.13,stop,-1.0,-0.002319842053307042,0.0023198420533070033
2024-07-11,-1,207.69,208.07,208.07,stop,-1.0,-0.0018296499590735316,0.0018296499590735975
2024-07-12,1,212.98,212.66,213.11,close,0.40625000000008327,0.0006103859517325727,0.0015024884965724162
2024-07-15,-1,214.49,215.0501,215.0501,stop,-1.0,-0.002611310550608259,0.0026113105506083132
2024-07-16,1,219.71,219.02,224.56,close,7.028985507246392,0.02207455281962578,0.0031405033908333607
2024-07-17,1,223.9901,222.34,222.34,stop,-1.0,-0.0073668434453130205,0.007366843445313025
2024-07-18,1,221.88,221.16,221.16,stop,-1.0,-0.0032449972958356055,0.0032449972958355816
2024-07-19,-1,216.88,217.93,217.93,stop,-1.0,-0.0048413869420878,0.004841386942087843
2024-07-22,1,217.95,217.29,217.29,stop,-1.0,-0.003028217481073625,0.003028217481073625
2024-07-23,1,219.59,219.05,219.05,stop,-1.0,-0.002459128375609021,0.0024591283756090535
2024-07-24,1,221.9,220.94,220.94,stop,-1.0,-0.004326273095989208,0.00432627309598922
2024-07-25,1,218.68,218.2,223.4800000000002,target,10.0,0.021949881104811553,0.0021949881104811513
2024-07-26,1,224.32,223.18,223.18,stop,-1.0,-0.005082025677603408,0.005082025677603363
2024-07-29,-1,224.02,225.12,225.12,stop,-1.0,-0.004910275868226011,0.004910275868226025
2024-07-30,1,223.175,222.665,222.665,stop,-1.0,-0.0022852021955864776,0.0022852021955865097
2024-07-31,1,224.14,223.69,223.69,stop,-1.0,-0.0020076737753189633,0.0020076737753189464
2024-08-01,1,224.19,223.54,223.54,stop,-1.0,-0.0028993264641599126,0.0028993264641598896
2024-08-02,-1,208.78,209.4,209.4,stop,-1.0,-0.0029696331066193515,0.0029696331066194296
2024-08-05,-1,196.95,198.41,198.41,stop,-1.0,-0.007413048997207516,0.007413048997207454
2024-08-06,-1,201.71,203.23,203.23,stop,-1.0,-0.007535570869069419,0.007535570869069366
2024-08-07,-1,206.85,207.96,202.05,close,4.324324324324256,0.0232052211747642,0.0053662073966643156
2024-08-08,-1,203.8,204.46,204.46,stop,-1.0,-0.003238469087340601,0.003238469087340513
2024-08-09,-1,206.43,207.11,207.11,stop,-1.0,-0.003294094850554652,0.0032940948505547005
2024-08-12,-1,206.18,206.98,204.62,close,1.9500000000000444,0.007566204287515754,0.0038801047628285136
2024-08-13,-1,205.77,206.17,206.17,stop,-1.0,-0.0019439179666616013,0.0019439179666616963
2024-08-14,-1,207.78,208.75,206.66,close,1.154639175257738,0.005390316681105012,0.004668399268457016
2024-08-15,1,211.89,210.86,210.86,stop,-1.0,-0.004861012789654895,0.004861012789654881
2024-08-16,1,211.61,211.37,211.37,stop,-1.0,-0.00113416190161153,0.001134161901611498
2024-08-19,1,213.875,212.84,212.84,stop,-1.0,-0.004839275277615407,0.004839275277615414
2024-08-20,-1,214.73,214.95,212.53,target,10.0,0.010245424486564514,0.001024542448656447
2024-08-21,-1,213.85,214.62,214.62,stop,-1.0,-0.0036006546644844484,0.0036006546644844995
2024-08-22,-1,215.57,215.69,215.69,stop,-1.0,-0.0005566637287193199,0.0005566637287192307
2024-08-23,1,215.46,214.98,214.98,stop,-1.0,-0.002227791701476023,0.0022277917014759964
2024-08-26,-1,221.14,222.24,222.24,stop,-1.0,-0.004974224473184519,0.004974224473184511
2024-08-27,-1,218.75,219.03,219.03,stop,-1.0,-0.0012799999999999478,0.001280000000000005
2024-08-28,-1,217.85,218.18,218.18,stop,-1.0,-0.0015148037640579926,0.0015148037640578954
2024-08-29,-1,218.32,219.1,219.1,stop,-1.0,-0.0035727372663980628,0.0035727372663979535
2024-08-30,1,220.4,219.44,219.44,stop,-1.0,-0.004355716878402971,0.00435571687840294
2024-09-03,1,219.265,218.09,218.09,stop,-1.0,-0.005358812395959145,0.00535881239595915
2024-09-04,1,212.8,212.17,212.17,stop,-1.0,-0.00296052631578958,0.0029605263157895857
2024-09-05,-1,212.86,213.94,213.94,stop,-1.0,-0.005073757399229439,0.005073757399229465
2024-09-06,1,213.05,211.83,211.83,stop,-1.0,-0.005726355315653575,0.005726355315653597
2024-09-09,1,208.59,207.52,208.48,close,-0.10280373831777041,-0.0005273503044249672,0.005129680233951738
2024-09-10,-1,208.15,208.86,208.34,close,-0.2676056338028107,-0.0009128032668748176,0.00341100168147974
2024-09-11,-1,206.4,207.49,207.49,stop,-1.0,-0.005281007751938072,0.0052810077519380005
2024-09-12,1,210.04,209.825,209.825,stop,-1.0,-0.0010236145496096416,0.0010236145496096145
2024-09-13,1,214.82,213.94,216.86,close,2.3181818181818534,0.009496322502560384,0.00409645284424167
2024-09-16,1,217.835,217.57,217.57,stop,-1.0,-0.0012165170886221377,0.00121651708862219
2024-09-17,-1,219.2,219.68,219.68,stop,-1.0,-0.0021897810218978186,0.0021897810218978932
2024-09-18,1,219.68,219.0,219.0,stop,-1.0,-0.003095411507647472,0.0030954115076475184
2024-09-19,-1,223.3,224.68,223.97,close,-0.48550724637680415,-0.003000447828033881,0.006180026869682022
2024-09-20,-1,222.25,223.46,221.635,close,0.5082644628099215,0.002767154105736802,0.005444319460067527
2024-09-23,-1,222.38,223.11,220.77,close,2.2054794520547194,0.00723985969961316,0.0032826693047936784
2024-09-24,1,221.66,221.13,221.13,stop,-1.0,-0.0023910493548677803,0.0023910493548678206
2024-09-25,-1,219.83,220.61,217.73,close,2.6923076923077174,0.009552836282582078,0.00354819633353046
2024-09-26,-1,220.1,220.52,220.52,stop,-1.0,-0.0019082235347569476,0.001908223534757001
2024-09-27,1,221.09,220.61,220.61,stop,-1.0,-0.0021710615586412185,0.002171061558641231
2024-09-30,1,219.53,219.3,219.3,stop,-1.0,-0.0010476927982507878,0.001047692798250762
2024-10-01,-1,218.98,220.34,217.87,close,0.8161764705882162,0.005068956069047337,0.0062106128413554375
2024-10-02,-1,216.87,217.24,217.24,stop,-1.0,-0.0017060912067137224,0.0017060912067137204
2024-10-03,1,216.51,215.98,215.98,stop,-1.0,-0.0024479238834234085,0.0024479238834234037
2024-10-04,-1,219.24,219.46,219.46,stop,-1.0,-0.0010034665207079296,0.0010034665207078947
2024-10-07,-1,218.025,218.66,217.45,close,0.9055118110236619,0.0026373122348355427,0.0029125100332530254
2024-10-08,-1,217.02,217.67,217.67,stop,-1.0,-0.002995115657542957,0.002995115657542979
2024-10-09,-1,217.22,217.55,217.55,stop,-1.0,-0.0015191971273365024,0.0015191971273363987
2024-10-10,-1,215.34,216.06,216.06,stop,-1.0,-0.0033435497353022647,0.0033435497353023072
2024-10-11,1,218.145,216.71,221.3,close,2.1986062717770007,0.014462857273831675,0.006578193403470179
2024-10-14,-1,221.07,221.46,221.46,stop,-1.0,-0.0017641471027276534,0.0017641471027277098
2024-10-15,-1,222.42,222.86,222.86,stop,-1.0,-0.001978239366963619,0.0019782393669635205
2024-10-16,1,224.92,224.6,224.6,stop,-1.0,-0.001422728081095448,0.0014227280810954705
2024-10-17,-1,226.21,226.96,226.08,close,0.17333333333332726,0.0005746872375226308,0.003315503293399938
2024-10-18,-1,226.05,227.0299,225.65,close,0.40820491886928384,0.0017695200176952586,0.004334881663348757
2024-10-21,-1,225.41,225.69,222.60999999999999,target,10.0,0.012421809147775242,0.0012421809147775216
2024-10-22,1,221.55,221.28,221.28,stop,-1.0,-0.0012186865267433955,0.001218686526743445
2024-10-23,1,220.73,219.73,219.73,stop,-1.0,-0.004530421782267924,0.004530421782267929
2024-10-24,-1,220.26,220.45,220.45,stop,-1.0,-0.0008626169072913914,0.0008626169072913726
2024-10-25,-1,221.02,221.7,221.7,stop,-1.0,-0.003076644647543203,0.003076644647543111
2024-10-28,1,221.4,220.48,222.49,close,1.1847826086956355,0.004923215898825717,0.0041553748870822756
2024-10-29,-1,220.2,220.87,220.87,stop,-1.0,-0.003042688465031862,0.0030426884650318615
2024-10-30,1,221.48,220.9,221.49,close,0.017241379310378623,4.515080368450164e-05,0.002618746613689652
2024-10-31,-1,221.04,221.77,217.71,close,4.5616438356163025,0.015065146579804511,0.003302569670647929
2024-11-01,1,219.58,219.13,219.13,stop,-1.0,-0.002049366973312816,0.0020493669733127654
2024-11-04,-1,218.25,218.99,218.99,stop,-1.0,-0.003390607101947385,0.0033906071019473498
2024-11-05,1,219.8,219.06,224.26,close,6.027027027026925,0.02029117379435852,0.003366696997270287
2024-11-06,-1,235.08,236.75,236.75,stop,-1.0,-0.007103964607793056,0.007103964607793038
2024-11-07,-1,236.64,237.25,237.25,stop,-1.0,-0.002577755240027013,0.002577755240027103
2024-11-08,1,236.28,235.65,238.12,close,2.920634920634947,0.007787370915862457,0.0026663280853224795
2024-11-11,1,241.16,240.29,240.29,stop,-1.0,-0.003607563443357109,0.003607563443357126
2024-11-12,1,240.85,239.96,239.96,stop,-1.0,-0.0036952460037367185,0.003695246003736709
2024-11-13,1,239.2,238.54,238.54,stop,-1.0,-0.002759197324414653,0.0027591973244147014
2024-11-14,1,236.11,235.77,235.77,stop,-1.0,-0.0014400067765024671,0.001440006776502492
2024-11-15,-1,230.97,232.29,228.48,close,1.886363636363653,0.010780620859851986,0.005715027925704608
2024-11-18,-1,229.16,229.41,229.41,stop,-1.0,-0.001090940827369602,0.0010909408273695235
2024-11-19,1,227.23,226.4,230.64,close,4.108433734939834,0.01500682128240105,0.003652686705100489
2024-11-20,-1,230.22,230.62,230.62,stop,-1.0,-0.0017374685083832997,0.0017374685083833103
2024-11-21,-1,231.87,232.27,232.27,stop,-1.0,-0.0017251045844655089,0.0017251045844654577
2024-11-22,1,235.84,235.33,238.74,close,5.686274509804034,0.012296472184532004,0.0021624830393486725
2024-11-25,1,242.86,241.39,242.36,close,-0.34013605442176237,-0.0020587993082434863,0.006052869966235803
2024-11-26,-1,240.95,241.29,241.29,stop,-1.0,-0.0014110811371654819,0.0014110811371654012
2024-11-27,1,243.38,241.88,241.88,stop,-1.0,-0.006163201577779609,0.006163201577779604
2024-12-02,-1,241.61,242.55,242.55,stop,-1.0,-0.003890567443400439,0.0038905674434005118
2024-12-03,-1,241.3801,242.14,240.09,close,1.6977233846558974,0.005344682515252885,0.0031481468439195593
2024-12-04,1,241.19,239.81,239.81,stop,-1.0,-0.005721630250010379,0.005721630250010347
2024-12-05,-1,240.04,240.86,238.05,close,2.4268292682925954,0.008290284952507831,0.0034160973171139045
2024-12-06,-1,239.76,239.89,238.46000000000004,target,10.0,0.005422088755421939,0.0005422088755421899
2024-12-09,1,240.59,240.4307,240.4307,stop,-1.0,-0.0006621222827216666,0.00066212228272165
2024-12-10,-1,236.93,237.6901,237.6901,stop,-1.0,-0.0032081205419320913,0.003208120541932192
2024-12-11,-1,238.03,238.79,238.79,stop,-1.0,-0.003192874847708138,0.003192874847708234
2024-12-12,-1,236.82,237.34,237.34,stop,-1.0,-0.0021957604932016928,0.002195760493201631
2024-12-13,1,234.41,233.77,233.77,stop,-1.0,-0.002730258947997055,0.002730258947997041
2024-12-16,-1,232.5,233.08,233.08,stop,-1.0,-0.002494623655914019,0.0024946236559140324
2024-12-17,1,233.0,232.2,232.2,stop,-1.0,-0.0034334763948498104,0.0034334763948498342
2024-12-18,1,232.495,231.78,231.78,stop,-1.0,-0.0030753349534399232,0.0030753349534398734
2024-12-19,1,224.35,223.0,223.0,stop,-1.0,-0.006017383552484934,0.006017383552484931
2024-12-20,1,219.92,218.07,222.035,close,1.1432432432432518,0.009617133503092123,0.008412149872680949
2024-12-23,-1,221.3,222.4,221.37,close,-0.06363636363635776,-0.00031631269769549775,0.004970628106642541
2024-12-26,-1,221.86,222.48,222.48,stop,-1.0,-0.0027945551248533818,0.0027945551248534034
2024-12-27,1,224.4,223.9,223.9,stop,-1.0,-0.002228163992869847,0.0022281639928698753
2024-12-30,-1,219.97,220.68,220.68,stop,-1.0,-0.0032277128699369495,0.003227712869936846
2024-12-31,-1,221.72,222.24,222.24,stop,-1.0,-0.0023453003788562743,0.0023453003788562613
2025-01-02,-1,222.42,222.97,222.97,stop,-1.0,-0.002472799208704357,0.0024727992087043046
2025-01-03,1,222.66,222.01,222.01,stop,-1.0,-0.002919249079313735,0.0029192490793137774
2025-01-06,1,226.0,225.02,225.02,stop,-1.0,-0.0043362831858406725,0.004336283185840663
2025-01-07,1,226.28,225.43,225.43,stop,-1.0,-0.0037564079901006853,0.003756407990100735
2025-01-08,-1,220.74,220.92,220.92,stop,-1.0,-0.0008154389779830851,0.0008154389779830497
2025-01-10,-1,217.7,218.31,218.31,stop,-1.0,-0.0028020211299955022,0.0028020211299954693
2025-01-13,1,214.85,214.07,214.07,stop,-1.0,-0.003630439841750044,0.0036304398417500634
2025-01-14,1,219.54,218.91,218.91,stop,-1.0,-0.002869636512708329,0.0028696365127083697
2025-01-15,-1,224.875,225.575,224.09,close,1.1214285714285848,0.0034908282379099154,0.0031128404669260195
2025-01-16,1,224.69,223.7,223.7,stop,-1.0,-0.004406070586140953,0.0044060705861409455
2025-01-17,-1,226.28,226.93,226.93,stop,-1.0,-0.002872547286547622,0.0028725472865476654
2025-01-21,-1,227.5,228.18,228.18,stop,-1.0,-0.002989010989010943,0.002989010989011019
2025-01-22,1,229.36,228.78,228.78,stop,-1.0,-0.002528775723753096,0.0025287757237531065
2025-01-23,1,227.5,226.66,226.66,stop,-1.0,-0.0036923076923076614,0.0036923076923077074
2025-01-24,-1,228.53,229.21,229.21,stop,-1.0,-0.0029755393165011856,0.0029755393165011457
2025-01-27,1,226.895,226.56,226.56,stop,-1.0,-0.0014764538663258886,0.0014764538663258686
2025-01-28,-1,226.25,227.21,227.21,stop,-1.0,-0.004243093922651875,0.004243093922651969
2025-01-29,-1,226.65,227.04,227.04,stop,-1.0,-0.0017207147584381577,0.0017207147584380601
2025-01-30,1,228.95,228.4848,228.4848,stop,-1.0,-0.002031884690980479,0.002031884690980483
2025-01-31,1,228.78,228.27,228.27,stop,-1.0,-0.002229215840545473,0.0022292158405454623
2025-02-03,1,221.8,220.92,220.92,stop,-1.0,-0.003967538322813491,0.003967538322813453
2025-02-04,1,224.12,223.21,226.91,close,3.065934065934069,0.012448688202748581,0.004060324825986064
2025-02-05,-1,227.88,228.36,228.36,stop,-1.0,-0.0021063717746183652,0.0021063717746183
2025-02-06,-1,230.09,230.7,228.67,close,2.327868852459099,0.006171498109435514,0.002651136511799666
2025-02-07,-1,228.59,228.98,228.98,stop,-1.0,-0.0017061113784504478,0.0017061113784504413
2025-02-10,-1,226.47,227.45,227.45,stop,-1.0,-0.00432728396697124,0.004327283966971298
2025-02-11,-1,224.945,225.32,225.32,stop,-1.0,-0.0016670741736868333,0.0016670741736869014
2025-02-12,1,222.395,221.79,223.67,close,2.1074380165288247,0.005733042559409984,0.0027203849007397564
2025-02-13,-1,224.44,225.05,225.05,stop,-1.0,-0.002717875601497166,0.00271787560149712
2025-02-14,-1,227.03,227.7,227.7,stop,-1.0,-0.002951151830154597,0.00295115183015455
2025-02-18,1,226.3,226.03,226.03,stop,-1.0,-0.0011931064958020654,0.0011931064958020778
2025-02-19,1,225.64,225.08,226.41,close,1.3750000000000824,0.0034125155114341776,0.002481829462861079
2025-02-20,1,226.02,225.81,225.81,stop,-1.0,-0.0009291213166976453,0.0009291213166976725
2025-02-21,-1,225.055,226.1,226.1,stop,-1.0,-0.004643309413254526,0.004643309413254482
2025-02-24,-1,218.05,218.79,216.22,close,2.4729729729730545,0.008392570511350672,0.0033937170373766596
2025-02-25,1,216.94,215.93,215.93,stop,-1.0,-0.004655665160873901,0.004655665160873933
2025-02-26,-1,216.04,216.66,216.66,stop,-1.0,-0.0028698389187187257,0.002869838918718777
2025-02-27,-1,215.48,216.08,216.08,stop,-1.0,-0.0027844811583441764,0.0027844811583442675
2025-02-28,-1,211.09,211.65,211.65,stop,-1.0,-0.002652896868634347,0.0026528968686342427
2025-03-03,1,215.83,215.06,215.06,stop,-1.0,-0.0035676226659872023,0.003567622665987167
2025-03-04,-1,204.87,205.93,205.93,stop,-1.0,-0.005174012788597748,0.005174012788597658
2025-03-05,-1,206.21,206.64,206.64,stop,-1.0,-0.0020852528975314755,0.0020852528975315375
2025-03-06,-1,205.24,206.08,206.08,stop,-1.0,-0.004092769440654953,0.004092769440654859
2025-03-07,-1,204.94,205.0,205.0,stop,-1.0,-0.0002927686152045528,0.00029276861520446116
2025-03-10,-1,203.36,204.27,204.27,stop,-1.0,-0.004474822974036119,0.004474822974036175
2025-03-11,-1,200.74,201.37,201.37,stop,-1.0,-0.003138387964531253,0.0031383879645312117
2025-03-12,-1,202.64,203.75,201.12,close,1.369369369369336,0.007500986971969881,0.005477694433478157
2025-03-13,1,201.46,200.785,200.785,stop,-1.0,-0.0033505410503326116,0.0033505410503326285
2025-03-14,1,200.37,199.95,199.95,stop,-1.0,-0.0020961221739782543,0.00209612217397822
2025-03-17,1,203.57,202.6,205.37,close,1.8556701030927973,0.008842167313454885,0.00476494571891732
2025-03-18,-1,202.94,203.92,203.25,close,-0.3163265306122505,-0.001527545087217863,0.004829013501527495
2025-03-19,1,203.86,203.16,203.16,stop,-1.0,-0.0034337290297263845,0.0034337290297263663
2025-03-20,1,204.9,204.195,205.09,close,0.2695035460992828,0.000927281600780816,0.003440702781844863
2025-03-21,1,202.74,202.27,202.27,stop,-1.0,-0.0023182401104863137,0.0023182401104863315
2025-03-24,1,207.46,206.69,208.91,close,1.8831168831168432,0.006989299142003302,0.003711558854719031
2025-03-25,1,209.18,208.5,208.5,stop,-1.0,-0.0032507887943398206,0.0032507887943398353
2025-03-26,1,208.39,207.96,207.96,stop,-1.0,-0.0020634387446613056,0.0020634387446613485
2025-03-27,-1,204.64,205.39,205.39,stop,-1.0,-0.0036649726348709777,0.0036649726348709933
2025-03-28,-1,204.26,204.58,204.58,stop,-1.0,-0.0015666307647117517,0.0015666307647117478
2025-03-31,-1,197.07,197.74,197.74,stop,-1.0,-0.0033998071751155656,0.0033998071751155223
2025-04-01,-1,197.87,199.1,199.1,stop,-1.0,-0.00621620255723454,0.006216202557234496
2025-04-02,1,198.28,196.54,202.7,close,2.540229885057451,0.022291708694774925,0.008775469033689778
2025-04-03,1,194.94,193.1,193.1,stop,-1.0,-0.009438801682569053,0.009438801682569014
2025-04-04,1,182.94,182.41,182.41,stop,-1.0,-0.002897124740352086,0.002897124740352034
2025-04-07,1,174.92,173.42,173.42,stop,-1.0,-0.00857534873084842,0.008575348730848389
2025-04-08,-1,184.18,185.92,174.83,close,5.373563218390861,0.05076555543490058,0.009447279834943971
2025-04-09,1,173.62,172.69,172.69,stop,-1.0,-0.005356525745881857,0.00535652574588185
2025-04-10,1,184.92,184.12,184.12,stop,-1.0,-0.004326195111399422,0.004326195111399432
2025-04-11,-1,180.545,181.82,181.82,stop,-1.0,-0.007061951314076831,0.007061951314076855
2025-04-14,-1,186.715,187.97,186.56,close,0.12350597609561888,0.0008301421953244015,0.006721473904078384
2025-04-15,1,187.17,186.27,186.27,stop,-1.0,-0.0048084628946944985,0.004808462894694542
2025-04-16,1,186.35,185.44,185.44,stop,-1.0,-0.004883284142742084,0.004883284142742134
2025-04-17,1,185.96,184.91,184.91,stop,-1.0,-0.005646375564637651,0.005646375564637617
2025-04-21,-1,184.4,185.29,182.74,close,1.8651685393258675,0.009002169197396936,0.004826464208242876
2025-04-22,1,185.79,184.93,184.93,stop,-1.0,-0.004628882071155527,0.004628882071155527
2025-04-23,1,193.79,192.68,192.68,stop,-1.0,-0.005727849734248336,0.005727849734248338
2025-04-24,-1,190.36,190.79,190.79,stop,-1.0,-0.002258877915528368,0.0022588779155283587
2025-04-25,1,192.88,192.21,192.21,stop,-1.0,-0.0034736623807548606,0.003473662380754809
2025-04-28,1,195.07,194.44,194.44,stop,-1.0,-0.0032296098836315235,0.0032296098836314935
2025-04-29,1,194.5,194.23,194.23,stop,-1.0,-0.001388174807197995,0.001388174807197996
2025-04-30,-1,192.33,193.26,193.26,stop,-1.0,-0.004835439089065474,0.004835439089065556
2025-05-01,-1,194.28,196.1,196.1,stop,-1.0,-0.009367922585958421,0.009367922585958375
2025-05-02,1,199.231,198.18,200.44,close,1.1503330161750878,0.006068332739382898,0.005275283464922566
2025-05-05,1,199.12,198.08,198.99,close,-0.12499999999999659,-0.0006528726396143325,0.005222981116914383
2025-05-06,1,197.36,196.38,196.38,stop,-1.0,-0.0049655451965952,0.0049655451965951464
2025-05-07,-1,197.71,198.35,198.35,stop,-1.0,-0.0032370643872337013,0.003237064387233758
2025-05-08,-1,199.38,200.02,200.02,stop,-1.0,-0.0032099508476277627,0.00320995084762772
2025-05-09,1,201.97,201.48,201.48,stop,-1.0,-0.002426102886567305,0.002426102886567357
2025-05-12,1,209.26,208.24,208.24,stop,-1.0,-0.004874319028959073,0.004874319028959103
2025-05-13,-1,208.77,209.43,209.43,stop,-1.0,-0.0031613737605977743,0.0031613737605977704
2025-05-14,1,208.22,207.9,207.9,stop,-1.0,-0.0015368360388050561,0.0015368360388050772
2025-05-15,1,206.83,206.41,206.41,stop,-1.0,-0.0020306531934439764,0.0020306531934439678
2025-05-16,-1,207.865,208.53,208.53,stop,-1.0,-0.003199191783128441,0.0031991917831284346
2025-05-19,1,207.23,206.26,208.97,close,1.7938144329897021,0.008396467692901588,0.0046807894609853734
2025-05-20,-1,208.55,208.68,208.68,stop,-1.0,-0.0006233517142171241,0.0006233517142171923
2025-05-21,1,206.85,206.49,206.49,stop,-1.0,-0.0017403915881072374,0.0017403915881072528
2025-05-22,-1,201.71,202.65,202.65,stop,-1.0,-0.004660155669029775,0.004660155669029784
2025-05-23,1,201.25,199.65,202.55,close,0.81250000000001,0.006459627329192585,0.007950310559006184
2025-05-27,-1,204.55,205.82,205.82,stop,-1.0,-0.0062087509166461885,0.006208750916646208
2025-05-28,1,207.74,207.42,207.42,stop,-1.0,-0.0015403870222394644,0.0015403870222394415
2025-05-29,-1,206.21,207.06,206.15,close,0.0705882352941208,0.0002909655205858286,0.004122011541632289
2025-05-30,-1,204.35,205.17,205.17,stop,-1.0,-0.0040127232689013415,0.004012723268901361
2025-06-02,1,205.5,205.15,205.15,stop,-1.0,-0.0017031630170315504,0.0017031630170316024
2025-06-03,-1,206.04,206.61,206.61,stop,-1.0,-0.0027664531158999583,0.00276645311589993
2025-06-04,1,209.89,208.95,208.95,stop,-1.0,-0.004478536376196995,0.004478536376197045
2025-06-05,-1,208.54,208.725,208.725,stop,-1.0,-0.0008871199769828753,0.0008871199769828439
2025-06-06,1,211.54,211.02,211.02,stop,-1.0,-0.0024581639406258127,0.0024581639406258005
2025-06-09,-1,212.87,213.99,213.99,stop,-1.0,-0.005261427162117638,0.005261427162117745
2025-06-10,-1,214.16,214.64,214.64,stop,-1.0,-0.002241314904743996,0.0022413149047440686
2025-06-11,-1,215.06,215.5901,215.5901,stop,-1.0,-0.002464893518087985,0.0024648935180879962
2025-06-12,-1,211.89,212.19,212.19,stop,-1.0,-0.0014158289678607439,0.0014158289678607363
2025-06-13,1,210.58,209.54,209.54,stop,-1.0,-0.004938740621141746,0.004938740621141705
2025-06-16,1,210.49,209.99,209.99,stop,-1.0,-0.002375409758183289,0.0023754097581832863
2025-06-17,1,209.35,208.935,208.935,stop,-1.0,-0.001982326247910171,0.0019823262479101602
2025-06-18,-1,208.25,208.66,208.66,stop,-1.0,-0.001968787515006065,0.001968787515005986
2025-06-20,-1,210.86,211.25,209.21,close,4.230769230769393,0.007825097220904853,0.0018495684340319944
2025-06-23,-1,208.29,208.55,208.55,stop,-1.0,-0.0012482596380047895,0.001248259638004798
2025-06-24,-1,212.83,213.44,213.44,stop,-1.0,-0.0028661372926748196,0.0028661372926748353
2025-06-25,-1,214.24,214.73,212.03,close,4.510204081632847,0.010315533980582603,0.002287154592979745
2025-06-26,1,213.02,212.72,212.72,stop,-1.0,-0.0014083184677495808,0.0014083184677495604
2025-06-27,-1,215.37,216.12,216.12,stop,-1.0,-0.0034823791614431165,0.003482379161443098
2025-06-30,-1,216.13,216.71,215.81,close,0.5517241379310108,0.0014805903854161473,0.0026835700735668927
2025-07-01,1,214.67,214.1499,219.87099999999984,target,10.0,0.024227884660175336,0.002422788466017539
2025-07-02,-1,217.67,218.38,218.38,stop,-1.0,-0.0032618183488768437,0.003261818348876777
2025-07-07,-1,221.38,221.9,221.9,stop,-1.0,-0.002348902339868175,0.0023489023398681466
2025-07-08,-1,220.55,220.93,220.93,stop,-1.0,-0.0017229653139876344,0.0017229653139877372
2025-07-09,-1,222.48,222.65,222.65,stop,-1.0,-0.0007641136281912875,0.0007641136281913697
2025-07-10,-1,223.11,223.465,223.465,stop,-1.0,-0.0015911433821880205,0.0015911433821881123
2025-07-11,-1,223.08,223.54,221.7,close,3.000000000000185,0.006186121570737058,0.002062040523578893
2025-07-14,1,221.61,221.06,223.21,close,2.9090909090908386,0.00721989079915164,0.0024818374622084353
2025-07-15,-1,223.48,224.23,218.87,close,6.146666666666647,0.020628244138177876,0.0033560050116341507
2025-07-16,1,220.37,219.99,219.99,stop,-1.0,-0.0017243726460044462,0.0017243726460044264
2025-07-17,1,222.21,220.71,223.87,close,1.1066666666666645,0.007470410872598032,0.006750371270419873
2025-07-18,-1,224.58,225.36,222.3,close,2.9230769230769202,0.010152284263959421,0.0034731498797755857
2025-07-21,-1,223.47,223.77,223.77,stop,-1.0,-0.0013424620754465266,0.0013424620754464195
2025-07-22,1,222.25,221.46,221.46,stop,-1.0,-0.0035545556805398615,0.0035545556805398966
2025-07-23,-1,224.62,225.125,225.125,stop,-1.0,-0.002248241474490209,0.00224824147449023
2025-07-24,-1,225.46,225.66,225.66,stop,-1.0,-0.0008870753126939412,0.0008870753126939973
2025-07-25,-1,223.68,224.51,224.51,stop,-1.0,-0.0037106580829755487,0.003710658082975608
2025-07-28,-1,224.69,225.44,224.16,close,0.7066666666666682,0.002358805465307756,0.0033379322622279586
2025-07-29,-1,225.2,225.69,222.68,close,5.14285714285701,0.011190053285967894,0.0021758436944938238
2025-07-30,1,223.8,223.325,223.325,stop,-1.0,-0.002122430741733794,0.0021224307417337922
2025-07-31,1,220.84,220.12,220.12,stop,-1.0,-0.0032602789349754913,0.003260278934975543
2025-08-01,-1,215.42,216.31,216.31,stop,-1.0,-0.0041314641166094734,0.004131464116609483
2025-08-04,-1,216.54,216.84,216.84,stop,-1.0,-0.0013854253255749516,0.001385425325575004
2025-08-05,-1,220.04,220.56,220.56,stop,-1.0,-0.0023632066896928094,0.00236320668969283
2025-08-06,-1,220.48,220.99,220.58,close,-0.19607843137258618,-0.00045355587808426634,0.0023131349782294056
2025-08-07,-1,222.69,222.84,221.18999999999994,target,10.0,0.006735821096591876,0.000673582109659193
2025-08-08,-1,220.86,221.23,221.23,stop,-1.0,-0.0016752694014305902,0.0016752694014306624
2025-08-11,1,221.06,220.48,220.48,stop,-1.0,-0.0026237220664073746,0.002623722066407367
2025-08-12,1,222.24,221.15,226.78,close,4.165137614678879,0.020428365730741582,0.004904607631389504
2025-08-13,1,228.29,227.83,231.25,close,6.434782608695956,0.01296596434359798,0.0020149809452887973
2025-08-14,1,228.7,228.03,228.03,stop,-1.0,-0.002929602098819317,0.0029296020988193597
2025-08-15,-1,228.47,228.78,227.13,close,4.32258064516127,0.0058651026392961825,0.0013568521031207697
2025-08-18,1,227.33,227.18,227.18,stop,-1.0,-0.0006598337219021477,0.0006598337219021057
2025-08-19,1,228.03,227.765,227.765,stop,-1.0,-0.0011621277902030824,0.0011621277902031082
2025-08-20,1,226.2599,225.7,225.7,stop,-1.0,-0.00247458785228849,0.002474587852288448
2025-08-21,1,224.63,224.07,224.07,stop,-1.0,-0.0024929884699282923,0.002492988469928337
2025-08-22,1,227.62,227.18,232.01999999999998,target,10.0,0.019330463052455782,0.0019330463052455748
2025-08-25,-1,233.81,234.27,234.27,stop,-1.0,-0.0019674094350112803,0.001967409435011368
2025-08-26,1,233.05,232.59,234.27,close,2.65217391304343,0.005234928127011429,0.0019738253593649772
2025-08-27,1,234.56,233.555,235.95,close,1.3830845771144205,0.005925989085947991,0.0042846180081855196
2025-08-28,-1,236.52,236.97,236.24,close,0.6222222222222404,0.0011838322340606,0.001902587519025827
2025-08-29,-1,236.59,237.02,235.19,close,3.2558139534883335,0.005917409865167644,0.0018174901728729312
2025-09-02,-1,231.95,232.41,232.41,stop,-1.0,-0.001983186031472295,0.0019831860314723344
2025-09-03,1,234.24,233.22,233.22,stop,-1.0,-0.004354508196721341,0.004354508196721355
2025-09-04,-1,234.09,234.25,234.25,stop,-1.0,-0.0006834977999914393,0.0006834977999914417
2025-09-05,1,238.5,237.71,237.71,stop,-1.0,-0.003312368972746338,0.003312368972746298
2025-09-08,-1,237.66,238.56,238.26,close,-0.6666666666666562,-0.002524614996213037,0.00378692249431964
2025-09-09,-1,237.6,237.96,237.96,stop,-1.0,-0.0015151515151514694,0.0015151515151515726
2025-09-10,1,237.8,236.9,236.9,stop,-1.0,-0.003784693019344032,0.0037846930193440103
2025-09-11,1,237.22,236.24,240.76,close,3.612244897959213,0.014922856420200636,0.004131186240620478
2025-09-12,-1,239.84,240.24,240.24,stop,-1.0,-0.0016677785190126748,0.0016677785190126989
2025-09-15,-1,239.05,239.39,239.39,stop,-1.0,-0.0014222965906713902,0.0014222965906713029
2025-09-16,1,238.83,238.23,238.23,stop,-1.0,-0.0025122472051251066,0.0025122472051250793
2025-09-17,1,239.3,238.69,238.69,stop,-1.0,-0.00254910154617638,0.0025491015461764047
2025-09-18,-1,240.59,241.03,241.03,stop,-1.0,-0.0018288374412902542,0.0018288374412901522
2025-09-19,-1,244.52,245.57,242.93,close,1.5142857142857422,0.00650253557991165,0.004294127269752915
2025-09-22,-1,241.68,242.2977,242.2977,stop,-1.0,-0.0025558589870902093,0.0025558589870903056
2025-09-23,1,245.63,244.82,244.82,stop,-1.0,-0.003297642796075362,0.0032976427960754074
2025-09-24,1,244.6,243.55,243.55,stop,-1.0,-0.004292722812755501,0.004292722812755449
2025-09-25,-1,238.96,239.36,239.36,stop,-1.0,-0.0016739203213926857,0.0016739203213927253
2025-09-26,1,240.15,239.4,239.4,stop,-1.0,-0.0031230480949406836,0.003123048094940662
2025-09-29,-1,241.79,242.93,241.59,close,0.17543859649121582,0.0008271640679928804,0.004714835187559514
2025-09-30,1,241.6,241.07,241.07,stop,-1.0,-0.002193708609271483,0.002193708609271528
2025-10-01,1,241.47,240.55,242.53,close,1.1521739130434965,0.0043897792686462545,0.0038099971010891105
2025-10-02,-1,242.85,243.52,243.52,stop,-1.0,-0.0027589046736669065,0.002758904673666938
2025-10-03,1,246.0,245.03,245.82,close,-0.1855670103092856,-0.0007317073170731714,0.003943089430894304
2025-10-06,1,247.72,247.55,247.55,stop,-1.0,-0.0006862586791538394,0.0006862586791538329
2025-10-07,-1,247.16,247.53,247.53,stop,-1.0,-0.0014970059880239361,0.0014970059880239706
2025-10-08,-1,244.57,245.305,245.305,stop,-1.0,-0.003005274563519622,0.0030052745635197027
2025-10-09,1,246.59,245.74,245.74,stop,-1.0,-0.003447017316192902,0.0034470173161928476
2025-10-10,1,246.14,245.75,245.75,stop,-1.0,-0.0015844641261070214,0.0015844641261070383
2025-10-13,1,242.26,241.59,241.59,stop,-1.0,-0.002765623710063503,0.0027656237100635167
2025-10-14,1,241.4,241.02,241.02,stop,-1.0,-0.0015741507870753457,0.0015741507870753746
2025-10-15,1,250.61,250.12,250.12,stop,-1.0,-0.0019552292406528338,0.0019552292406528433
2025-10-16,-1,250.7,251.26,245.09999999999997,target,10.0,0.02233745512564833,0.0022337455125648275
2025-10-17,1,244.495,242.7,242.7,stop,-1.0,-0.007341663428700018,0.007341663428700038
2025-10-20,1,247.14,246.14,248.13,close,0.9900000000000091,0.004005826656955591,0.0040462895524803755
2025-10-21,-1,246.36,247.46,247.46,stop,-1.0,-0.0044650105536612195,0.004465010553661285
2025-10-22,1,246.44,245.945,245.945,stop,-1.0,-0.0020086024995942253,0.00200860249959424
2025-10-23,1,244.41,243.86,243.86,stop,-1.0,-0.0022503170901353453,0.0022503170901353583
2025-10-24,1,249.82,248.97,249.45,close,-0.4352941176470671,-0.001481066367784778,0.0034024497638299347
2025-10-27,-1,251.4,251.79,251.79,stop,-1.0,-0.0015513126491646378,0.0015513126491646235
2025-10-28,-1,248.96,249.58,249.58,stop,-1.0,-0.0024903598971721674,0.0024903598971722546
2025-10-29,-1,248.24,248.85,248.85,stop,-1.0,-0.002457299387689238,0.002457299387689273
2025-10-30,1,245.62,244.86,244.86,stop,-1.0,-0.003094210569171807,0.0030942105691718546
2025-10-31,-1,244.59,245.02,245.02,stop,-1.0,-0.0017580440737561265,0.0017580440737561096
2025-11-03,-1,244.49,246.26,245.42,close,-0.5254237288135525,-0.0038038365577324207,0.007239559900200343
2025-11-04,-1,241.24,242.29,242.29,stop,-1.0,-0.0043525120212235535,0.004352512021223606
2025-11-05,1,242.14,241.88,241.88,stop,-1.0,-0.0010737589824068028,0.0010737589824068347
2025-11-06,1,244.41,244.04,244.04,stop,-1.0,-0.001513849678818402,0.0015138496788183976
2025-11-07,-1,237.96,238.74,238.74,stop,-1.0,-0.0032778618255169256,0.0032778618255168983
2025-11-10,-1,244.63,245.09,245.09,stop,-1.0,-0.0018803907942608333,0.0018803907942607529
2025-11-12,1,245.64,244.64,244.64,stop,-1.0,-0.004070998208760779,0.004070998208760788
2025-11-13,1,242.27,241.59,241.59,stop,-1.0,-0.002806785817476398,0.0028067858174763973
2025-11-14,1,234.2,233.27,237.5,close,3.548387096774288,0.014090520922288796,0.003970964987190344
2025-11-17,1,236.71,236.0,236.0,stop,-1.0,-0.0029994508047822555,0.0029994508047822563
2025-11-18,1,232.43,231.17,231.17,stop,-1.0,-0.005420986963817098,0.005420986963817146
2025-11-19,1,234.06,233.44,233.44,stop,-1.0,-0.002648893446124956,0.0026488934461249445
2025-11-20,1,238.03,236.9929,236.9929,stop,-1.0,-0.0043570138217872145,0.004357013821787209
2025-11-21,1,230.61,229.58,235.61,close,4.854368932038829,0.021681626989289216,0.0044664151597935955
2025-11-24,1,236.62,235.48,239.895,close,2.8728070175438276,0.01384075733243173,0.004817851407319816
2025-11-25,1,241.61,240.58,240.58,stop,-1.0,-0.004263068581598417,0.004263068581598448
2025-11-26,1,245.51,244.77,247.32,close,2.445945945946013,0.007372408455867285,0.003014133843835203
2025-12-01,1,245.89,245.41,245.41,stop,-1.0,-0.0019520923990401506,0.0019520923990401797
2025-12-02,-1,246.86,247.37,245.18,close,3.2941176470588958,0.006805476788463105,0.002065948310783403
2025-12-03,-1,245.82,246.03,246.03,stop,-1.0,-0.0008542836221625549,0.0008542836221625904
2025-12-04,1,249.37,248.91,248.91,stop,-1.0,-0.00184464851425592,0.0018446485142559568
2025-12-05,-1,251.05,251.62,251.62,stop,-1.0,-0.0022704640509858542,0.002270464050985832
2025-12-08,-1,252.08,252.77,250.895,close,1.717391304347835,0.00470088860679152,0.002737226277372254
2025-12-09,1,251.725,250.1,251.37,close,-0.21846153846153216,-0.001410269142913867,0.006455457344324163
2025-12-10,-1,250.9,251.32,251.32,stop,-1.0,-0.0016739736946991268,0.0016739736946990334
2025-12-11,1,255.23,254.57,254.57,stop,-1.0,-0.0025859029110997245,0.002585902911099779
2025-12-12,-1,257.6,258.2,253.89,close,6.183333333333746,0.014402173913043659,0.0023291925465837183
2025-12-15,-1,254.91,255.685,251.93,close,3.8451612903225394,0.01169040053352155,0.0030402887293554813
2025-12-16,1,251.31,250.21,250.21,stop,-1.0,-0.004377064183677559,0.004377064183677507
2025-12-17,1,251.21,250.2448,250.2448,stop,-1.0,-0.0038422037339278514,0.0038422037339278293
2025-12-18,1,251.08,250.07,250.07,stop,-1.0,-0.004022622271785958,0.004022622271785962
2025-12-19,1,250.575,249.06,250.77,close,0.12871287128714412,0.0007782101167315147,0.00604609398383712
2025-12-22,1,253.1,252.2,253.59,close,0.5444444444444511,0.0019359936783880372,0.0035559067562228592
2025-12-23,1,252.71,252.17,252.17,stop,-1.0,-0.0021368366902774216,0.002136836690277474
2025-12-26,-1,251.6,252.75,251.39,close,0.18260869565217994,0.0008346581875994241,0.004570747217806064
2025-12-29,1,251.08,250.0806,250.0806,stop,-1.0,-0.003980404651903857,0.0039804046519038095
2025-12-30,-1,249.44,250.15,248.04,close,1.9718309859154788,0.0056125721616421265,0.0028463758819756574
2025-12-31,-1,247.77,248.28,246.19,close,3.098039215686354,0.006376881785526978,0.0020583605763409246
2026-01-02,-1,246.67,248.075,248.075,stop,-1.0,-0.005695868974743501,0.005695868974743589
2026-01-05,1,250.15,249.57,252.74,close,4.46551724137922,0.010353787727363617,0.0023186088346992305
2026-01-06,-1,252.01,252.32,252.32,stop,-1.0,-0.0012301099162732587,0.0012301099162731729
2026-01-07,-1,255.78,256.795,255.47,close,0.30541871921182046,0.0012119790444913292,0.003968253968254026
2026-01-08,1,255.98,254.36,258.28,close,1.4197530864197634,0.008985076959137306,0.006328619423392359
2026-01-09,1,260.59,259.485,259.485,stop,-1.0,-0.004240377604666223,0.004240377604666186
2026-01-12,-1,258.41,259.29,259.29,stop,-1.0,-0.003405440965906781,0.003405440965906874
2026-01-13,1,262.72,262.17,262.17,stop,-1.0,-0.002093483556638298,0.002093483556638289
2026-01-14,-1,261.03,261.51,261.51,stop,-1.0,-0.0018388690955062348,0.0018388690955063334
2026-01-15,1,264.36,263.79,263.79,stop,-1.0,-0.0021561507035859906,0.002156150703585993
2026-01-16,-1,265.36,266.1,266.1,stop,-1.0,-0.0027886644558337004,0.002788664455833619
2026-01-20,1,262.24,261.06,262.64,close,0.3389830508474364,0.0015253203172664875,0.004499694935936572
2026-01-21,1,264.91,264.48,264.48,stop,-1.0,-0.0016231927824544856,0.001623192782454444
2026-01-22,1,270.0,269.68,269.68,stop,-1.0,-0.001185185185185178,0.00118518518518516
2026-01-23,-1,268.06,269.05,264.82,close,3.272727272727252,0.01208684622845635,0.0036932030142505746
2026-01-26,-1,264.78,265.29,265.29,stop,-1.0,-0.0019261273510084997,0.0019261273510085648
2026-01-27,-1,263.93,264.39,264.39,stop,-1.0,-0.0017428863713861986,0.001742886371386275
2026-01-28,-1,265.7,266.675,263.31,close,2.45128205128198,0.008995107263831348,0.0036695521264584973
2026-01-29,-1,263.53,264.66,264.66,stop,-1.0,-0.004287936857283903,0.004287936857284
2026-01-30,1,262.9,260.84,260.84,stop,-1.0,-0.007835678965386061,0.007835678965386087
2026-02-02,1,260.04,258.35,262.15,close,1.2485207100591478,0.008114136286724971,0.0064990001538224795
2026-02-03,1,263.6,262.98,262.98,stop,-1.0,-0.0023520485584218598,0.0023520485584218685
2026-02-04,-1,263.58,264.46,264.46,stop,-1.0,-0.0033386448137187053,0.003338644813718778
2026-02-05,1,259.28,258.49,258.49,stop,-1.0,-0.0030468991052142735,0.0030468991052143
2026-02-06,1,261.3,259.58,264.995,close,2.14825581395345,0.014140834290087945,0.00658247225411415
2026-02-09,-1,263.68,264.89,264.89,stop,-1.0,-0.004588895631067791,0.004588895631067884
2026-02-10,1,267.55,266.88,266.88,stop,-1.0,-0.0025042048215287993,0.0025042048215287455
2026-02-11,1,268.51,268.18,268.18,stop,-1.0,-0.0012290045063497734,0.0012290045063497973
2026-02-12,1,267.2,266.18,266.18,stop,-1.0,-0.0038173652694609705,0.00381736526946101
2026-02-13,1,260.83,260.5,260.5,stop,-1.0,-0.0012651918874362345,0.0012651918874362002
2026-02-17,1,262.7574,262.34,262.34,stop,-1.0,-0.0015885375635473764,0.001588537563547376
2026-02-18,1,263.22,261.85,264.0,close,0.5693430656934089,0.0029633006610438883,0.0052047716738849795
2026-02-19,-1,261.94,262.7998,262.7998,stop,-1.0,-0.0032824310910894994,0.003282431091089589
2026-02-20,1,263.16,262.65,262.65,stop,-1.0,-0.0019379844961242565,0.0019379844961242123
2026-02-23,1,263.64,262.715,262.715,stop,-1.0,-0.0035085722955545684,0.0035085722955545875
2026-02-24,1,260.44,259.86,263.32,close,4.965517241379438,0.011058209184457102,0.002227000460758655
2026-02-25,-1,264.41,265.2814,264.565,close,-0.17787468441585236,-0.0005862108089709217,0.003295639347982278
2026-02-26,1,265.27,264.16,264.16,stop,-1.0,-0.004184415878161762,0.00418441587816171
2026-02-27,1,262.23,261.95,261.95,stop,-1.0,-0.0010677649391755972,0.0010677649391756456
2026-03-02,1,259.36,257.79,263.82,close,2.8407643312101905,0.017196175200493435,0.006053362122146797
2026-03-03,-1,256.0,257.12,257.12,stop,-1.0,-0.004375000000000018,0.004375000000000018
2026-03-04,-1,260.48,262.02,262.02,stop,-1.0,-0.00591216216216206,0.005912162162162022
2026-03-05,1,259.615,258.345,258.345,stop,-1.0,-0.004891859099050433,0.004891859099050447
2026-03-06,-1,251.37,251.77,251.77,stop,-1.0,-0.0015912797867685402,0.001591279786768531
2026-03-09,-1,247.45,247.83,247.83,stop,-1.0,-0.0015356637704588838,0.0015356637704587752
2026-03-10,1,253.71,252.95,252.95,stop,-1.0,-0.00299554609593633,0.002995546095936381
2026-03-11,-1,252.02,252.89,252.89,stop,-1.0,-0.003452106975636804,0.0034521069756367592
2026-03-12,-1,248.37,249.05,249.05,stop,-1.0,-0.002737850787132068,0.0027378507871321286
2026-03-13,1,249.71,249.13,249.13,stop,-1.0,-0.0023226943254175403,0.002322694325417534
2026-03-16,1,250.11,249.61,249.61,stop,-1.0,-0.0019991203870296514,0.001999120387029707
2026-03-17,1,250.98,249.76,249.76,stop,-1.0,-0.004860945095226721,0.004860945095226707
2026-03-18,-1,248.34,248.94,248.94,stop,-1.0,-0.002416042522348283,0.0024160425223483705
2026-03-19,1,243.16,242.52,249.55999999999986,target,10.0,0.026320118440532392,0.0026320118440532423
2026-03-20,-1,245.73,247.5,242.23,close,1.9774011299434915,0.014243275139380618,0.007203027713343956
2026-03-23,-1,246.42,247.92,247.92,stop,-1.0,-0.006087168249330421,0.006087168249330412
2026-03-24,1,246.43,244.6,248.79,close,1.2896174863387808,0.009576756076776327,0.007426043906991894
2026-03-25,1,252.18,251.72,251.72,stop,-1.0,-0.001824093901181767,0.001824093901181727
2026-03-26,1,249.265,248.8,248.8,stop,-1.0,-0.0018654845245019702,0.0018654845245019357
2026-03-27,-1,245.88,246.4,246.4,stop,-1.0,-0.002114852773710707,0.002114852773710795
2026-03-30,-1,244.24,245.37,239.6,close,4.106194690265516,0.018997707173272205,0.004626596790042562
2026-03-31,1,243.4,242.82,242.82,stop,-1.0,-0.002382908792111782,0.0023829087921118015
2026-04-01,1,250.64,249.915,249.915,stop,-1.0,-0.0028925949569102993,0.002892594956910287
2026-04-02,1,245.36,244.87,250.2600000000001,target,10.0,0.019970655363547918,0.001997065536354781
2026-04-06,1,251.87,250.82,250.82,stop,-1.0,-0.004168817246992584,0.004168817246992541
2026-04-07,-1,251.1,251.75,251.75,stop,-1.0,-0.0025886101154919405,0.0025886101154918586
2026-04-08,-1,261.42,262.27,260.44,close,1.1529411764706559,0.003748756789840213,0.0032514727258815923
2026-04-09,1,259.6,258.78,261.94,close,2.8536585365851614,0.009013867488443683,0.003158705701078775
2026-04-10,-1,261.85,262.75,261.31,close,0.600000000000038,0.0020622493794157926,0.0034370822990260727
2026-04-13,1,260.65,260.24,260.24,stop,-1.0,-0.0015729906004219307,0.0015729906004219
2026-04-14,-1,266.63,267.62,267.62,stop,-1.0,-0.003713010538949124,0.0037130105389491398
2026-04-15,1,268.815,268.42,268.42,stop,-1.0,-0.00146941204917872,0.0014694120491787355
2026-04-16,1,270.12,269.36,269.36,stop,-1.0,-0.002813564341774044,0.0028135643417739925
2026-04-17,1,274.05,273.39,273.39,stop,-1.0,-0.002408319649699009,0.0024083196496990514
2026-04-20,1,274.75,274.53,276.9500000000003,target,10.0,0.008007279344860008,0.0008007279344859956
2026-04-21,1,278.3,277.53,277.53,stop,-1.0,-0.002766798418972427,0.002766798418972471
2026-04-22,-1,277.335,278.01,276.48,close,1.266666666666588,0.0030829141651791403,0.002433879604088959
2026-04-23,1,276.74,276.64,276.64,stop,-1.0,-0.00036135000361359193,0.00036135000361358217
2026-04-24,-1,275.595,277.29,277.29,stop,-1.0,-0.006150329287541556,0.006150329287541475
2026-04-27,1,277.89,276.82,276.82,stop,-1.0,-0.0038504444204541244,0.0038504444204541122
2026-04-28,1,276.45,275.465,275.465,stop,-1.0,-0.0035630312895641447,0.003563031289564166
2026-04-29,-1,273.65,274.38,272.07,close,2.16438356164376,0.005773798647907835,0.0026676411474511903
2026-04-30,1,273.53,272.82,272.82,stop,-1.0,-0.002595693342594907,0.0025956933425948874
2026-05-01,-1,278.06,278.8,278.8,stop,-1.0,-0.002661296123138923,0.0026612961231389236
2026-05-04,1,279.1,278.17,278.17,stop,-1.0,-0.003332139018273006,0.0033321390182730446
2026-05-05,1,280.695,280.0,282.58,close,2.7122302158273515,0.006715474091095297,0.0024759970786796814
2026-05-06,-1,285.2387,285.5,285.5,stop,-1.0,-0.000916074852395532,0.0009160748523955748
2026-05-07,-1,286.15,287.58,282.29,close,2.699300699300656,0.013489428621352273,0.004997378997029554
2026-05-08,-1,283.38,284.18,284.18,stop,-1.0,-0.0028230644364457547,0.002823064436445802
2026-05-11,-1,284.735,285.39,285.39,stop,-1.0,-0.0023003845681071056,0.0023003845681070913
2026-05-12,-1,282.3,284.06,282.57,close,-0.15340909090908136,-0.000956429330499331,0.006234502302515023
2026-05-13,-1,281.76,283.01,283.01,stop,-1.0,-0.004436399772856259,0.004436399772856332
2026-05-14,-1,283.12,284.28,284.28,stop,-1.0,-0.004097202599604222,0.004097202599604295
2026-05-15,-1,278.84,280.33,277.62,close,0.8187919463087,0.004375268971453017,0.005343566202840371
2026-05-18,-1,277.64,279.08,275.99,close,1.1458333333333193,0.005942947702060164,0.005186572539979822
2026-05-19,-1,272.42,273.89,273.89,stop,-1.0,-0.0053960795829968156,0.005396079582996734
2026-05-20,-1,273.9,275.19,275.19,stop,-1.0,-0.0047097480832420935,0.004709748083242134
2026-05-21,-1,277.6,278.74,278.74,stop,-1.0,-0.004106628242074972,0.0041066282420748786
2026-05-22,1,284.26,283.82,283.82,stop,-1.0,-0.001547878702596206,0.0015478787025962068
2026-05-26,-1,288.22,288.79,288.79,stop,-1.0,-0.0019776559572548535,0.001977655957254851
2026-05-27,-1,290.76,291.3,291.3,stop,-1.0,-0.0018572018159306314,0.0018572018159307348
2026-05-28,-1,289.11,289.88,289.88,stop,-1.0,-0.0026633461312302043,0.0026633461312302645
2026-05-29,-1,290.7,291.41,290.41,close,0.40845070422527996,0.0009975920192637489,0.0024423804609564376
2026-06-01,-1,287.82,288.45,288.45,stop,-1.0,-0.002188868042526604,0.0021888680425265635
2026-06-02,1,290.63,288.4,291.64,close,0.45291479820627023,0.00347520902866183,0.007672986271203999
2026-06-03,-1,289.65,290.01,287.65,close,5.555555555555345,0.0069048852062834065,0.0012428793371310673
2026-06-04,1,287.65,286.66,291.97,close,4.363636363636624,0.015018251347123313,0.0034416826003822436
2026-06-05,-1,289.05,289.395,285.6000000000003,target,10.0,0.011935651271405279,0.001193565127140531
2026-06-08,-1,284.29,285.615,285.615,stop,-1.0,-0.00466073375778242,0.004660733757782505
2026-06-09,1,288.255,286.88,286.88,stop,-1.0,-0.004770082045411184,0.004770082045411181
2026-06-10,1,284.97,283.9,283.9,stop,-1.0,-0.003754781205039248,0.003754781205039302
2026-06-11,-1,284.365,285.02,285.02,stop,-1.0,-0.0023033777011938206,0.002303377701193792
2026-06-12,1,291.97,291.45,291.45,stop,-1.0,-0.0017810048977635606,0.001781004897763601
2026-06-15,1,297.21,296.55,296.55,stop,-1.0,-0.0022206520641969707,0.0022206520641969256
2026-06-16,1,296.42,295.29,295.29,stop,-1.0,-0.0038121584238580697,0.0038121584238580237
2026-06-17,1,293.32,292.39,292.39,stop,-1.0,-0.003170598663575608,0.0031705986635756403
2026-06-18,-1,294.21,295.11,295.11,stop,-1.0,-0.0030590394616092365,0.003059039461609171
2026-06-22,1,298.245,296.98,296.98,stop,-1.0,-0.0042414793206926316,0.004241479320692673
2026-06-23,1,293.56,292.4,295.31,close,1.50862068965514,0.005961302629786003,0.003951492028886855
2026-06-24,1,296.73,295.32,295.32,stop,-1.0,-0.004751794560711842,0.0047517945607118426
2026-06-25,1,299.81,299.391,299.391,stop,-1.0,-0.0013975517827956585,0.001397551782795713
2026-06-26,-1,296.18,297.09,297.09,stop,-1.0,-0.003072455938955887,0.0030724559389559325
2026-06-29,1,298.42,297.025,297.025,stop,-1.0,-0.00467461966356153,0.004674619663561553
2026-06-30,-1,297.83,299.05,299.05,stop,-1.0,-0.004096296545009093,0.0040962965450089895
2026-07-01,-1,299.57,300.73,300.73,stop,-1.0,-0.0038722168441434057,0.0038722168441433554
2026-07-06,1,299.02,297.62,298.88,close,-0.09999999999999187,-0.00046819610728376926,0.004681961072837862
2026-07-07,-1,299.08,299.972,296.2,close,3.2286995515695165,0.00962953056038518,0.0029824796041192855
2026-07-08,1,294.74,293.61,293.61,stop,-1.0,-0.003833887494062549,0.003833887494062548
2026-07-09,1,295.545,294.99,294.99,stop,-1.0,-0.001877886616251323,0.0018778866162513553
2026-07-10,-1,296.47,298.21,295.96,close,0.29310344827589757,0.0017202415084158762,0.0058690592640063145
2026-07-13,1,295.635,294.96,294.96,stop,-1.0,-0.0022832208635649165,0.0022832208635649074
2026-07-14,-1,294.74,295.79,295.79,stop,-1.0,-0.0035624618307661393,0.0035624618307661376
2026-07-15,1,295.81,295.14,295.14,stop,-1.0,-0.0022649673777087598,0.002264967377708718
2026-07-16,1,295.63,294.61,294.61,stop,-1.0,-0.0034502587694076325,0.0034502587694076443
2026-07-17,1,292.06,291.64,294.09,close,4.833333333333085,0.00695062658357859,0.0014380606724646167
2026-07-20,1,295.09,294.88,294.88,stop,-1.0,-0.0007116472940458252,0.000711647294045815
2026-07-21,1,294.44,293.24,293.24,stop,-1.0,-0.004075533215595617,0.004075533215595668
2026-07-22,1,296.31,295.43,295.43,stop,-1.0,-0.002969862643852683,0.0029698626438527066
2026-07-23,1,292.14,290.34,290.34,stop,-1.0,-0.006161429451632783,0.006161429451632818
2026-07-24,-1,292.36,293.51,293.51,stop,-1.0,-0.0039335066356545045,0.003933506635654595
2026-07-27,1,294.525,293.5,293.5,stop,-1.0,-0.003480179950768103,0.003480179950768109
2026-07-28,-1,292.44,293.29,293.29,stop,-1.0,-0.002906579127342379,0.0029065791273424385
2026-07-29,1,293.0,292.23,292.23,stop,-1.0,-0.0026279863481227794,0.002627986348122805
2026-07-30,-1,290.89,291.71,291.71,stop,-1.0,-0.002818934992608879,0.0028189349926088666
2026-07-31,-1,293.17,293.95,291.19,close,2.5384615384616507,0.006753760616707072,0.0026605723641572217
2026-08-03,-1,292.77,293.17,293.17,stop,-1.0,-0.00136626020425612,0.001366260204256017
2026-08-04,1,297.67,297.47,297.47,stop,-1.0,-0.0006718849732925136,0.0006718849732925341
2026-08-05,-1,301.8,302.79,302.79,stop,-1.0,-0.0032803180914513508,0.003280318091451322
2026-08-06,-1,299.22,299.9,299.9,stop,-1.0,-0.002272575362609386,0.002272575362609284
2026-08-07,-1,300.11,300.56,300.56,stop,-1.0,-0.0014994502015928113,0.0014994502015927113
2026-08-10,1,301.15,300.22,300.22,stop,-1.0,-0.0030881620454921155,0.0030881620454921137
2026-08-11,-1,300.85,301.39,301.39,stop,-1.0,-0.0017949144091737868,0.0017949144091738858
2026-08-12,1,303.11,302.35,302.35,stop,-1.0,-0.0025073405694302497,0.00250734056943021
2026-08-13,1,304.46,303.79,303.79,stop,-1.0,-0.0022006174866976425,0.0022006174866976255
2026-08-14,1,303.46,302.74,305.075,close,2.24305555555566,0.005321953469979546,0.0023726356027152524
2026-08-18,-1,302.3,303.15,300.26,close,2.4000000000001203,0.006748263314588221,0.002811776381078286
2026-08-19,-1,302.47,303.15,303.15,stop,-1.0,-0.002248156842000748,0.002248156842000694
2026-08-20,1,299.62,299.01,299.01,stop,-1.0,-0.0020359121553968906,0.0020359121553968815
2026-08-21,-1,299.47,300.07,300.07,stop,-1.0,-0.0020035395866029315,0.0020035395866028847
2026-08-24,-1,299.03,299.74,297.96,close,1.50704225352104,0.0035782362973614257,0.002374343711333433
2026-08-25,-1,299.1,299.78,299.25,close,-0.22058823529410043,-0.0005015045135405849,0.0022734871280506515
2026-08-26,-1,298.61,298.84,298.84,stop,-1.0,-0.0007702354241316822,0.0007702354241316812
2026-08-27,-1,298.55,299.2,299.2,stop,-1.0,-0.002177189750460551,0.002177189750460483
2026-08-28,1,299.79,299.68,299.68,stop,-1.0,-0.0003669235131259496,0.00036692351312590023
2026-08-31,-1,294.48,295.35,293.91,close,0.6551724137930922,0.001935615321923323,0.0029543602281988744
2026-09-01,1,292.06,291.79,291.79,stop,-1.0,-0.0009244675751557407,0.0009244675751557276
2026-09-02,1,292.59,291.19,294.01,close,1.0142857142857422,0.00485320756006713,0.004784852524009629
2026-09-03,-1,295.48,296.18,295.18,close,0.42857142857145175,0.001015297143630689,0.0023690266684716008
2026-09-04,1,294.35,293.56,295.96,close,2.0379746835441965,0.005469678953626378,0.002683879735009412
2026-09-08,-1,294.28,295.64,295.64,stop,-1.0,-0.004621448960174135,0.004621448960174031
2026-09-09,1,294.0,293.27,293.27,stop,-1.0,-0.00248299319727896,0.0024829931972789733
2026-09-10,-1,288.23,288.54,288.54,stop,-1.0,-0.001075529958713517,0.0010755299587135352
2026-09-11,1,291.23,290.6,290.6,stop,-1.0,-0.002163238677334034,0.00216323867733405
2026-09-14,1,287.97,287.36,287.36,stop,-1.0,-0.0021182762093273633,0.0021182762093274075
2026-09-15,-1,285.96,286.93,285.16,close,0.824742268041167,0.0027975940691004064,0.003392082808784541
2026-09-16,1,286.0,285.61,285.61,stop,-1.0,-0.0013636363636363447,0.001363636363636316
2026-09-17,-1,287.21,288.29,285.4,close,1.6759259259258645,0.006302008982974172,0.0037603147522719997
2026-09-18,-1,284.08,285.27,284.09,close,-0.008403361344530189,-3.5201351731961594e-05,0.004188960856096866
2026-09-21,-1,285.34,286.35,286.35,stop,-1.0,-0.0035396369243712034,0.0035396369243710936
2026-09-22,-1,287.1699,287.89,287.89,stop,-1.0,-0.00250757478412611,0.00250757478412606
2026-09-23,-1,285.21,286.18,281.95,close,3.3608247422679374,0.01143017425756454,0.0034010027698889497
2026-09-24,-1,281.08,281.73,281.73,stop,-1.0,-0.002312508894265042,0.0023125088942650995
2026-09-25,-1,281.89,282.37,282.37,stop,-1.0,-0.0017027918691689958,0.0017027918691688894
2026-09-28,-1,279.71,280.39,280.39,stop,-1.0,-0.0024310893425334434,0.0024310893425333628
2026-09-29,-1,279.96,280.57,280.57,stop,-1.0,-0.002178882697528195,0.0021788826975282674
2026-09-30,-1,279.705,280.32,280.32,stop,-1.0,-0.0021987451064515717,0.0021987451064514724
2026-10-01,1,278.11,277.211,277.211,stop,-1.0,-0.003232533889468203,0.0032325338894681993
2026-10-02,1,282.445,281.9,281.9,stop,-1.0,-0.0019295792101117204,0.0019295792101117596
