date,side,entry,stop,exit,how,R,ret,risk_pct
2021-10-06,1,341.56,340.105,340.105,stop,-1.0,-0.0042598664949057286,0.00425986649490568
2021-10-07,1,348.02,346.77,347.63,close,-0.31199999999998906,-0.0011206252514223136,0.003591747600712603
2021-10-08,-1,346.96,348.33,348.33,stop,-1.0,-0.003948581969102971,0.00394858196910308
2021-10-11,-1,347.48,348.08,348.08,stop,-1.0,-0.0017267180844939833,0.0017267180844939734
2021-10-12,-1,345.13,346.0999,343.78,close,1.391896071760005,0.0039115695535016926,0.002810245414771233
2021-10-13,1,344.06,343.85,343.85,stop,-1.0,-0.0006103586583734444,0.0006103586583734801
2021-10-14,1,347.58,347.21,347.21,stop,-1.0,-0.0010645031359687307,0.001064503135968711
2021-10-15,-1,351.12,351.72,351.72,stop,-1.0,-0.0017088174982913262,0.0017088174982912473
2021-10-18,-1,350.65,351.46,351.46,stop,-1.0,-0.002309995722230118,0.0023099957222301507
2021-10-19,1,353.66,353.21,353.21,stop,-1.0,-0.0012724085279648412,0.0012724085279648403
2021-10-20,1,354.63,354.37,356.05,close,5.461538461538714,0.004004173363787666,0.0007331585032286916
2021-10-21,1,355.35,354.95,354.95,stop,-1.0,-0.001125650766849673,0.0011256507668496807
2021-10-22,1,356.68,355.92,355.92,stop,-1.0,-0.0021307614668609753,0.0021307614668610265
2021-10-25,-1,356.74,357.43,357.43,stop,-1.0,-0.00193418175702198,0.0019341817570219142
2021-10-26,-1,358.17,358.68,358.68,stop,-1.0,-0.0014239048496522688,0.0014239048496523742
2021-10-27,-1,357.31,358.2,358.2,stop,-1.0,-0.002490834289552435,0.0024908342895524514
2021-10-28,1,356.44,355.75,357.29,close,1.2318840579710515,0.002384693075973665,0.0019358096734373182
2021-10-29,1,357.62,356.391,358.22,close,0.4882017900732547,0.0016777585146245944,0.003436608690789064
2021-11-01,1,359.91,359.12,359.12,stop,-1.0,-0.0021949931927426336,0.002194993192742687
2021-11-02,-1,359.22,359.65,359.65,stop,-1.0,-0.001197038026835795,0.001197038026835783
2021-11-03,1,360.08,359.51,359.51,stop,-1.0,-0.001582981559653418,0.0015829815596533916
2021-11-04,-1,360.83,361.61,361.61,stop,-1.0,-0.0021616827869079813,0.002161682786908044
2021-11-05,1,363.5,362.76,362.76,stop,-1.0,-0.002035763411279201,0.002035763411279255
2021-11-08,1,365.26,364.98,364.98,stop,-1.0,-0.0007665772326561626,0.0007665772326561155
2021-11-09,-1,363.96,364.3,363.31,close,1.911764705882107,0.0017859105396196284,0.0009341685899550276
2021-11-10,1,363.26,362.5,362.5,stop,-1.0,-0.0020921653911798455,0.0020921653911798463
2021-11-11,-1,360.745,361.26,359.47,close,2.4757281553398274,0.003534352520478401,0.0014276012141540046
2021-11-12,-1,360.46,360.78,360.78,stop,-1.0,-0.000887754535870755,0.0008877545358708128
2021-11-15,-1,362.41,362.73,361.25,close,3.6250000000001554,0.0032007946800585163,0.000882977842774739
2021-11-16,1,362.31,361.82,361.82,stop,-1.0,-0.0013524329993651607,0.0013524329993652097
2021-11-17,-1,361.2,361.44,361.44,stop,-1.0,-0.0006644518272425071,0.0006644518272425501
2021-11-18,-1,359.85,360.05,357.85000000000014,target,10.0,0.005557871335278297,0.0005557871335278272
2021-11-19,-1,356.57,357.89,355.88,close,0.5227272727272737,0.0019351039066662912,0.0037019379084050627
2021-11-22,-1,357.21,357.53,357.53,stop,-1.0,-0.0008958315836622432,0.0008958315836622525
2021-11-23,-1,355.91,356.91,356.91,stop,-1.0,-0.0028096990812283007,0.0028096990812284004
2021-11-24,1,356.64,355.8,358.01,close,1.6309523809524349,0.0038414087034543964,0.002355316285329674
2021-11-29,-1,351.46,352.77,351.29,close,0.12977099236638073,0.000483696579980486,0.0037273089398509145
2021-11-30,1,349.4,348.28,348.28,stop,-1.0,-0.0032054951345162896,0.003205495134516327
2021-12-01,-1,347.41,348.36,348.36,stop,-1.0,-0.0027345211709506323,0.002734521170950717
2021-12-02,-1,341.33,342.7,342.7,stop,-1.0,-0.004013711071397141,0.004013711071397195
2021-12-03,1,348.13,347.54,347.54,stop,-1.0,-0.0016947691954154465,0.0016947691954154339
2021-12-06,1,349.38,349.13,349.13,stop,-1.0,-0.000715553265785096,0.000715553265785105
2021-12-07,1,356.12,355.79,357.74,close,4.90909090909116,0.0045490284173874684,0.0009266539368751659
2021-12-08,1,358.42,357.606,357.606,stop,-1.0,-0.002271078622844813,0.002271078622844767
2021-12-09,-1,356.63,356.85,356.85,stop,-1.0,-0.0006168858480779527,0.0006168858480779163
2021-12-10,-1,359.47,359.97,359.97,stop,-1.0,-0.0013909366567446124,0.0013909366567446517
2021-12-13,1,359.59,359.43,359.43,stop,-1.0,-0.000444951194415788,0.000444951194415774
2021-12-14,1,357.09,355.64,355.64,stop,-1.0,-0.00406060096894334,0.004060600968943372
2021-12-15,-1,355.62,356.17,356.17,stop,-1.0,-0.0015465946797144081,0.0015465946797143337
2021-12-16,-1,361.19,361.64,361.64,stop,-1.0,-0.0012458816689275842,0.0012458816689276796
2021-12-17,-1,356.18,356.93,353.57,close,3.480000000000018,0.0073277556291763135,0.0021056769049357066
2021-12-20,-1,348.36,349.45,349.45,stop,-1.0,-0.003128947066253218,0.0031289470662532294
2021-12-21,1,352.45,352.14,352.14,stop,-1.0,-0.0008795573840261195,0.0008795573840261095
2021-12-22,-1,354.83,355.24,355.24,stop,-1.0,-0.0011554829073077144,0.0011554829073077953
2021-12-23,1,358.99,358.16,359.36,close,0.4457831325301345,0.0010306693779771336,0.002312042118164807
2021-12-27,1,360.27,360.06,360.06,stop,-1.0,-0.0005828961612123207,0.0005828961612123672
2021-12-28,1,363.87,362.89,363.96,close,0.09183673469385033,0.0002473410833538914,0.002693269574298563
2021-12-29,1,364.25,363.79,364.85,close,1.304347826087064,0.0016472203157171794,0.0012628689087164848
2021-12-30,1,366.16,365.48,365.48,stop,-1.0,-0.0018571116451824299,0.0018571116451824524
2021-12-31,1,364.24,363.51,363.51,stop,-1.0,-0.0020041730726994,0.002004173072699369
2022-01-03,1,364.44,363.8,363.8,stop,-1.0,-0.0017561189770606278,0.0017561189770606584
2022-01-04,1,367.68,367.2174,367.2174,stop,-1.0,-0.0012581592689295817,0.0012581592689295284
2022-01-05,1,368.12,367.71,367.71,stop,-1.0,-0.0011137672498099382,0.0011137672498099124
2022-01-06,-1,363.87,364.4,364.4,stop,-1.0,-0.0014565641575288168,0.0014565641575287128
2022-01-07,-1,361.75,362.32,362.32,stop,-1.0,-0.001575673807878264,0.0015756738078783502
2022-01-10,-1,360.62,361.22,360.77,close,-0.24999999999995262,-0.0004159503078031701,0.001663801231212974
2022-01-11,-1,359.2,360.87,360.87,stop,-1.0,-0.0046492204899777345,0.004649220489977773
2022-01-12,-1,363.69,364.56,364.56,stop,-1.0,-0.0023921471582941667,0.002392147158294164
2022-01-13,-1,364.06,364.81,364.81,stop,-1.0,-0.0020600999835191924,0.0020600999835192002
2022-01-14,-1,357.37,358.54,358.54,stop,-1.0,-0.0032739177882867843,0.003273917788286694
2022-01-18,-1,354.39,355.36,353.9,close,0.5051546391752529,0.0013826575241965289,0.002737097547899284
2022-01-19,-1,354.3,355.26,355.26,stop,-1.0,-0.00270956816257395,0.002709568162574032
2022-01-20,1,351.93,351.3,351.3,stop,-1.0,-0.0017901287187792603,0.0017901287187792898
2022-01-21,1,347.39,346.03,346.03,stop,-1.0,-0.003914908316301591,0.003914908316301603
2022-01-24,1,338.53,337.32,337.32,stop,-1.0,-0.003574277021238803,0.0035742770212388256
2022-01-25,-1,339.71,340.7,340.7,stop,-1.0,-0.002914250390038564,0.0029142503900385893
2022-01-26,-1,344.86,346.24,346.24,stop,-1.0,-0.00400162384735836,0.004001623847358335
2022-01-27,-1,344.38,345.135,345.135,stop,-1.0,-0.0021923456646726347,0.002192345664672732
2022-01-28,-1,339.54,342.13,342.13,stop,-1.0,-0.0076279672498085205,0.00762796724980849
2022-01-31,-1,345.76,345.79,345.79,stop,-1.0,-8.676538639518228e-05,8.67653863952729e-05
2022-02-01,-1,351.58,351.76,351.76,stop,-1.0,-0.000511974515046365,0.0005119745150463815
2022-02-02,1,354.51,353.23,353.23,stop,-1.0,-0.00361061747200353,0.003610617472003534
2022-02-03,-1,353.8999,355.22,350.99,close,2.2043027043405337,0.008222381526527656,0.003730150813831891
2022-02-04,1,350.56,349.92,349.92,stop,-1.0,-0.0018256503879506836,0.0018256503879506686
2022-02-07,-1,350.4,351.5699,351.5699,stop,-1.0,-0.003338755707762653,0.0033387557077626745
2022-02-08,1,351.76,351.4521,351.4521,stop,-1.0,-0.0008753127132136163,0.0008753127132136054
2022-02-09,-1,356.92,357.35,357.35,stop,-1.0,-0.001204751765101486,0.0012047517651014423
2022-02-10,1,355.06,354.62,354.62,stop,-1.0,-0.0012392271728721704,0.001239227172872184
2022-02-11,-1,352.32,353.0899,353.0899,stop,-1.0,-0.00218522933696641,0.002185229336966414
2022-02-14,-1,346.57,347.55,345.81,close,0.775510204081609,0.0021929191793865765,0.0028277115734195637
2022-02-15,1,350.4,348.66,348.66,stop,-1.0,-0.0049657534246574375,0.0049657534246573985
2022-02-16,1,349.24,348.76,348.76,stop,-1.0,-0.001374413011109854,0.0013744130111098905
2022-02-17,-1,347.51,347.7,347.7,stop,-1.0,-0.0005467468562054822,0.0005467468562055703
2022-02-18,-1,342.2,342.9,342.9,stop,-1.0,-0.002045587375803626,0.0020455873758035903
2022-02-22,-1,337.58,338.99,338.99,stop,-1.0,-0.004176787724391229,0.004176787724391329
2022-02-23,-1,338.03,338.26,335.7299999999998,target,10.0,0.00680412981096401,0.0006804129810964063
2022-02-24,1,323.88,322.79,322.79,stop,-1.0,-0.0033654439916017687,0.003365443991601751
2022-02-25,1,335.34,333.32,333.32,stop,-1.0,-0.006023737102642035,0.006023737102642041
2022-02-28,-1,335.93,336.41,336.41,stop,-1.0,-0.0014288691096360218,0.00142886910963599
2022-03-01,1,338.18,337.27,337.27,stop,-1.0,-0.0026908746821220353,0.002690874682122021
2022-03-02,-1,335.33,335.55,335.55,stop,-1.0,-0.0006560701398623525,0.0006560701398623067
2022-03-03,1,341.05,340.69,340.69,stop,-1.0,-0.0010555637003372143,0.001055563700337234
2022-03-04,-1,334.1,335.04,335.04,stop,-1.0,-0.002813528883567784,0.002813528883567787
2022-03-07,-1,334.26,335.33,328.43,close,5.448598130841141,0.017441512594985942,0.0032011009393884795
2022-03-08,1,328.8,328.49,328.49,stop,-1.0,-0.0009428223844282213,0.0009428223844282307
2022-03-09,-1,332.64,333.12,333.12,stop,-1.0,-0.0014430014430015792,0.0014430014430014976
2022-03-10,1,329.83,329.28,329.28,stop,-1.0,-0.0016675256950550166,0.001667525695055063
2022-03-11,1,335.005,333.95,333.95,stop,-1.0,-0.003149206728257803,0.0031492067282578077
2022-03-14,-1,331.48,332.53,332.53,stop,-1.0,-0.003167611922287872,0.0031676119222877833
2022-03-15,1,332.8,331.95,331.95,stop,-1.0,-0.002554086538461564,0.0025540865384616066
2022-03-16,1,339.63,338.98,338.98,stop,-1.0,-0.0019138474221946922,0.0019138474221946744
2022-03-17,1,340.17,339.61,345.52,close,9.55357142857133,0.01572743040244573,0.0016462357056765801
2022-03-18,-1,342.8,343.9465,343.9465,stop,-1.0,-0.00334451575262551,0.003344515752625447
2022-03-21,1,347.69,346.5799,346.5799,stop,-1.0,-0.0031927866777876623,0.0031927866777876515
2022-03-22,-1,346.9201,347.42,347.42,stop,-1.0,-0.001440965801635663,0.0014409658016356652
2022-03-23,1,345.85,345.75,345.75,stop,-1.0,-0.00028914269191848696,0.0002891426919185275
2022-03-24,-1,343.8,344.54,344.54,stop,-1.0,-0.0021524141942990127,0.0021524141942990374
2022-03-25,1,347.82,347.46,347.46,stop,-1.0,-0.0010350181128170322,0.0010350181128170135
2022-03-28,-1,347.14,348.16,348.16,stop,-1.0,-0.002938295788442735,0.0029382957884428146
2022-03-29,1,353.37,352.57,352.57,stop,-1.0,-0.002263916008716116,0.002263916008716109
2022-03-30,1,352.31,352.1001,352.1001,stop,-1.0,-0.0005957821236979299,0.0005957821236978929
2022-03-31,1,351.13,350.93,350.93,stop,-1.0,-0.0005695896106854281,0.0005695896106854687
2022-04-01,-1,347.53,348.15,348.15,stop,-1.0,-0.0017840186458724094,0.001784018645872312
2022-04-04,-1,346.44,347.65,347.65,stop,-1.0,-0.0034926682831082356,0.003492668283108127
2022-04-05,1,349.48,347.72,347.72,stop,-1.0,-0.005036053565297016,0.005036053565296987
2022-04-06,1,343.7,343.27,343.27,stop,-1.0,-0.0012510910677917542,0.0012510910677916987
2022-04-07,-1,343.47,344.11,344.11,stop,-1.0,-0.0018633359536495142,0.0018633359536494782
2022-04-08,1,345.95,345.61,345.61,stop,-1.0,-0.0009828009828009021,0.0009828009828009106
2022-04-11,1,346.23,345.36,345.36,stop,-1.0,-0.0025127805216186294,0.0025127805216185904
2022-04-12,-1,344.4,344.41,344.41,stop,-1.0,-2.90360046459881e-05,2.903600464589939e-05
2022-04-13,1,343.23,341.54,345.86,close,1.5562130177514788,0.0076625003641872524,0.00492381202109372
2022-04-14,1,347.72,346.51,346.51,stop,-1.0,-0.00347981134245956,0.0034798113424595544
2022-04-18,1,345.44,343.82,343.82,stop,-1.0,-0.004689671144048169,0.004689671144048183
2022-04-19,1,345.14,344.25,349.14,close,4.494382022471979,0.011589499913078782,0.0025786637306599827
2022-04-20,1,352.11,351.03,351.03,stop,-1.0,-0.00306722331089726,0.003067223310897279
2022-04-21,1,354.69,353.83,353.83,stop,-1.0,-0.0024246525134624664,0.0024246525134624984
2022-04-22,-1,345.92,346.41,341.0199999999999,target,10.0,0.014165124884366609,0.001416512488436659
2022-04-25,-1,335.4,336.66,336.66,stop,-1.0,-0.0037567084078713453,0.0037567084078713414
2022-04-26,1,338.2,337.35,337.35,stop,-1.0,-0.0025133057362506372,0.0025133057362506385
2022-04-27,-1,333.38,334.35,334.35,stop,-1.0,-0.0029095926570281705,0.002909592657028098
2022-04-28,-1,333.91,335.26,335.26,stop,-1.0,-0.004043005600311345,0.0040430056003113585
2022-04-29,1,337.73,337.4024,337.4024,stop,-1.0,-0.0009700056257958556,0.0009700056257958076
2022-05-02,-1,329.3,330.97,330.97,stop,-1.0,-0.005071363498329928,0.005071363498329839
2022-05-03,1,331.78,330.65,330.65,stop,-1.0,-0.003405871360540158,0.0034058713605401034
2022-05-04,-1,331.24,331.92,331.92,stop,-1.0,-0.0020528921627822605,0.002052892162782293
2022-05-05,-1,337.64,338.15,338.15,stop,-1.0,-0.0015104845397464484,0.0015104845397464486
2022-05-06,-1,327.575,328.325,328.325,stop,-1.0,-0.0022895520109897927,0.00228955201098985
2022-05-09,-1,324.9199,325.34,325.34,stop,-1.0,-0.0012929340431286906,0.0012929340431287553
2022-05-10,1,326.97,326.5,326.5,stop,-1.0,-0.0014374407437992565,0.0014374407437992085
2022-05-11,-1,320.87,322.71,322.71,stop,-1.0,-0.005734409573970645,0.005734409573970689
2022-05-12,-1,315.45,317.26,317.26,stop,-1.0,-0.005737834839118827,0.005737834839118727
2022-05-13,-1,319.86,320.33,320.33,stop,-1.0,-0.001469392859375862,0.0014693928593758846
2022-05-16,1,321.78,321.41,321.41,stop,-1.0,-0.001149853937472689,0.001149853937472645
2022-05-17,-1,326.27,327.04,327.04,stop,-1.0,-0.002360008581849593,0.002360008581849507
2022-05-18,-1,323.49,324.39,314.49000000000024,target,10.0,0.02782157099137461,0.0027821570991374608
2022-05-19,1,313.66,311.9,311.9,stop,-1.0,-0.005611171332015719,0.00561117133201571
2022-05-20,-1,314.23,314.87,314.87,stop,-1.0,-0.0020367246921044746,0.002036724692104466
2022-05-23,1,315.88,315.05,315.05,stop,-1.0,-0.0026275800937064497,0.0026275800937064202
2022-05-24,1,316.84,316.57,316.57,stop,-1.0,-0.0008521651306652167,0.0008521651306652627
2022-05-25,1,318.91,317.64,317.64,stop,-1.0,-0.003982314759650163,0.0039823147596501785
2022-05-26,1,324.23,322.9,326.43,close,1.6541353383458053,0.006785306726706297,0.004102026339327147
2022-05-27,1,327.18,326.82,330.78000000000014,target,10.0,0.011003117549972963,0.001100311754997291
2022-05-31,-1,328.2,330.31,330.31,stop,-1.0,-0.006429006703229767,0.00642900670322978
2022-06-01,-1,332.0,332.95,328.36,close,3.8315789473684525,0.010963855421686652,0.0028614457831324957
2022-06-02,-1,328.3,328.77,328.77,stop,-1.0,-0.0014316174230886158,0.0014316174230885484
2022-06-03,1,330.88,329.76,329.76,stop,-1.0,-0.0033849129593810368,0.0033849129593810584
2022-06-06,-1,331.47,331.82,331.82,stop,-1.0,-0.0010559024949465812,0.0010559024949466493
2022-06-07,1,327.77,326.82,332.16,close,4.621052631579048,0.013393538151752926,0.0028983738597186705
2022-06-08,-1,330.02,330.63,330.63,stop,-1.0,-0.001848372825889344,0.0018483728258893814
2022-06-09,1,328.95,327.59,327.59,stop,-1.0,-0.004134366925064636,0.004134366925064641
2022-06-10,-1,317.33,318.77,314.32,close,2.0902777777777746,0.00948539375413604,0.0045378627926763865
2022-06-13,1,308.96,307.5,307.5,stop,-1.0,-0.0047255308130501605,0.0047255308130501675
2022-06-14,-1,306.52,306.76,306.76,stop,-1.0,-0.0007829831658618946,0.0007829831658619637
2022-06-15,1,306.815,306.37,306.37,stop,-1.0,-0.001450385411404298,0.0014503854114042442
2022-06-16,-1,300.69,301.66,300.02,close,0.6907216494845331,0.002228208453889491,0.0032259137317503985
2022-06-17,1,299.98,298.24,298.24,stop,-1.0,-0.005800386692446202,0.005800386692446193
2022-06-21,-1,302.84,303.25,303.25,stop,-1.0,-0.0013538502179368805,0.0013538502179369471
2022-06-22,1,302.19,301.33,304.52,close,2.709302325581334,0.007710380886197354,0.002845891657566477
2022-06-23,1,305.86,305.63,305.63,stop,-1.0,-0.0007519780291637135,0.0007519780291637291
2022-06-24,1,310.04,309.12,315.07,close,5.467391304347702,0.016223713069281276,0.002967359050445155
2022-06-27,-1,314.76,315.69,315.69,stop,-1.0,-0.002954632100648169,0.002954632100648135
2022-06-28,1,318.36,316.0,316.0,stop,-1.0,-0.007412991581857042,0.00741299158185706
2022-06-29,-1,309.26,310.55,310.55,stop,-1.0,-0.004171247494018093,0.004171247494018045
2022-06-30,-1,305.57,307.12,307.12,stop,-1.0,-0.00507248748240996,0.00507248748240996
2022-07-01,1,307.41,307.0099,307.0099,stop,-1.0,-0.001301519143814489,0.0013015191438144789
2022-07-05,-1,305.83,306.98,306.98,stop,-1.0,-0.0037602589674003983,0.003760258967400301
2022-07-06,1,310.4,309.66,309.66,stop,-1.0,-0.0023840206185565815,0.0023840206185565473
2022-07-07,1,312.73,312.3,312.3,stop,-1.0,-0.0013749880088255173,0.0013749880088255262
2022-07-08,-1,313.18,313.84,313.84,stop,-1.0,-0.002107414266555807,0.0021074142665558726
2022-07-11,1,312.76,311.5928,311.5928,stop,-1.0,-0.003731935030054978,0.00373193503005493
2022-07-12,1,311.35,310.49,310.49,stop,-1.0,-0.0027621647663401694,0.0027621647663401755
2022-07-13,1,306.87,305.84,305.84,stop,-1.0,-0.003356470166520076,0.003356470166520121
2022-07-14,1,302.73,302.46,302.46,stop,-1.0,-0.0008918838569023091,0.0008918838569023177
2022-07-15,-1,310.27,311.19,311.19,stop,-1.0,-0.002965159377316562,0.0029651593773165823
2022-07-18,1,315.78,315.53,315.53,stop,-1.0,-0.0007916904173791428,0.0007916904173791881
2022-07-19,-1,313.07,313.2699,313.2699,stop,-1.0,-0.0006385153480052974,0.0006385153480052823
2022-07-20,-1,317.57,318.38,318.38,stop,-1.0,-0.002550618761218093,0.0025506187612180063
2022-07-21,-1,316.94,317.77,317.77,stop,-1.0,-0.0026187922004163866,0.0026187922004164326
2022-07-22,-1,321.05,322.2,319.08,close,1.7130434782609272,0.006136115869802339,0.0035819965737423367
2022-07-25,-1,318.88,320.16,320.16,stop,-1.0,-0.004014049172102352,0.004014049172102451
2022-07-26,1,319.03,318.72,318.72,stop,-1.0,-0.0009716954518381726,0.0009716954518382142
2022-07-27,1,319.14,318.75,318.75,stop,-1.0,-0.00122203421695799,0.0012220342169580321
2022-07-28,-1,322.4,322.95,322.95,stop,-1.0,-0.00170595533498763,0.0017059553349876284
2022-07-29,-1,325.18,325.76,325.76,stop,-1.0,-0.0017836275293683368,0.0017836275293683008
2022-08-01,-1,326.8,327.27,327.27,stop,-1.0,-0.0014381884944918433,0.0014381884944919536
2022-08-02,-1,326.04,326.98,326.98,stop,-1.0,-0.0028830818304501626,0.002883081830450244
2022-08-03,-1,325.73,325.88,325.88,stop,-1.0,-0.00046050409848641394,0.0004605040984864067
2022-08-04,-1,327.15,327.92,327.92,stop,-1.0,-0.0023536604004279482,0.0023536604004280566
2022-08-05,1,325.65,324.9298,327.98,close,3.235212440988774,0.00715492092737624,0.002211576846307315
2022-08-08,1,330.17,329.63,329.63,stop,-1.0,-0.0016355210951934929,0.0016355210951934471
2022-08-09,1,328.55,327.86,327.86,stop,-1.0,-0.0021001369654543023,0.002100136965454262
2022-08-10,-1,332.46,332.8,332.8,stop,-1.0,-0.0010226794200807188,0.001022679420080707
2022-08-11,-1,335.33,336.04,336.04,stop,-1.0,-0.002117317269555441,0.0021173172695554718
2022-08-12,1,335.31,334.69,334.69,stop,-1.0,-0.0018490352211386618,0.0018490352211386614
2022-08-15,1,336.21,336.06,337.70999999999975,target,10.0,0.004461497278485993,0.0004461497278485984
2022-08-16,1,339.6,338.75,341.77,close,2.5529411764704717,0.006389870435806744,0.002502944640753895
2022-08-17,1,340.02,339.35,339.35,stop,-1.0,-0.0019704723251572354,0.0019704723251572232
2022-08-18,-1,340.08,340.39,340.39,stop,-1.0,-0.0009115502234768869,0.0009115502234768357
2022-08-19,-1,338.32,338.52,338.52,stop,-1.0,-0.0005911563017262367,0.0005911563017261428
2022-08-22,-1,332.97,333.52,330.79,close,3.9636363636367036,0.006547136378652785,0.0016518004625039927
2022-08-23,1,330.85,330.1,330.1,stop,-1.0,-0.0022668883179688404,0.0022668883179688677
2022-08-24,-1,328.41,329.03,329.03,stop,-1.0,-0.0018878840473797176,0.0018878840473796402
2022-08-25,-1,329.11,330.1,330.1,stop,-1.0,-0.0030081127890371206,0.0030081127890371276
2022-08-26,1,333.56,332.926,332.926,stop,-1.0,-0.001900707518887157,0.0019007075188872003
2022-08-29,1,320.9956,320.03,320.03,stop,-1.0,-0.003008140921557989,0.0030081409215579643
2022-08-30,-1,321.88,322.17,318.9799999999998,target,10.0,0.009009568783398203,0.0009009568783398175
2022-08-31,-1,317.97,318.69,318.69,stop,-1.0,-0.002264364562694521,0.002264364562694501
2022-09-01,-1,313.61,314.64,314.64,stop,-1.0,-0.0032843340454704606,0.0032843340454704016
2022-09-02,-1,318.37,319.99,319.99,stop,-1.0,-0.0050884191349687136,0.005088419134968761
2022-09-06,1,314.86,314.48,314.48,stop,-1.0,-0.0012068855999491923,0.0012068855999491693
2022-09-07,1,312.0,311.45,316.37,close,7.94545454545439,0.014006410256410362,0.0017628205128205493
2022-09-08,-1,313.99,314.83,314.83,stop,-1.0,-0.0026752444345361504,0.002675244434536052
2022-09-09,1,320.7,319.84,319.84,stop,-1.0,-0.0026816339257873523,0.0026816339257873826
2022-09-12,1,323.62,323.28,323.28,stop,-1.0,-0.0010506149187319291,0.0010506149187319443
2022-09-13,1,318.87,318.62,318.62,stop,-1.0,-0.0007840185655596521,0.0007840185655596325
2022-09-14,-1,311.53,312.5,312.5,stop,-1.0,-0.0031136648155876134,0.0031136648155876715
2022-09-15,-1,311.36,311.63,311.63,stop,-1.0,-0.0008671634121273364,0.0008671634121273825
2022-09-16,-1,305.49,306.4,306.4,stop,-1.0,-0.002978820910668034,0.002978820910668003
2022-09-19,1,306.12,305.29,310.15,close,4.855421686747048,0.01316477198484245,0.0027113550241734748
2022-09-20,-1,307.37,307.77,307.77,stop,-1.0,-0.0013013631779288382,0.0013013631779288065
2022-09-21,-1,308.06,308.86,308.86,stop,-1.0,-0.0025968967084335493,0.002596896708433459
2022-09-22,-1,301.28,302.2,302.2,stop,-1.0,-0.0030536378120020746,0.0030536378120021774
2022-09-23,-1,297.35,298.0,295.93,close,2.1846153846154857,0.004775517067428958,0.0021859761224145863
2022-09-26,1,295.23,294.13,294.13,stop,-1.0,-0.003725908613623319,0.0037259086136233535
2022-09-27,1,295.38,294.35,294.35,stop,-1.0,-0.0034870336515673284,0.00348703365156738
2022-09-28,-1,291.5,292.42,292.42,stop,-1.0,-0.003156089193825151,0.0031560891938250974
2022-09-29,-1,293.86,294.85,292.22,close,1.6565656565656275,0.005580888858640165,0.003368951201252328
2022-09-30,1,291.34,291.08,291.08,stop,-1.0,-0.000892428090890296,0.0008924280908903375
2022-10-03,-1,290.09,290.72,290.72,stop,-1.0,-0.002171739804888384,0.0021717398048883185
2022-10-04,1,299.57,298.4408,303.14,close,3.16153028692888,0.011917081149647846,0.003769402810695226
2022-10-05,1,300.73,299.61,299.61,stop,-1.0,-0.0037242709407109276,0.0037242709407109514
2022-10-06,1,301.98,301.19,301.19,stop,-1.0,-0.0026160672892244774,0.0026160672892245195
2022-10-07,-1,296.235,296.89,292.97,close,4.984732824427668,0.01102165510489983,0.0022110824176750643
2022-10-10,1,294.56,293.99,293.99,stop,-1.0,-0.001935089625203723,0.0019350896252036704
2022-10-11,1,291.4,290.8,290.8,stop,-1.0,-0.0020590253946464188,0.002059025394646417
2022-10-12,-1,291.75,292.6,292.6,stop,-1.0,-0.0029134532990575668,0.00291345329905749
2022-10-13,1,288.06,286.62,300.54,close,8.666666666666693,0.04332430743595084,0.004998958550302013
2022-10-14,-1,302.34,303.11,303.11,stop,-1.0,-0.0025468016140770544,0.002546801614076995
2022-10-17,1,301.99,300.8,300.8,stop,-1.0,-0.003940527832047458,0.003940527832047411
2022-10-18,-1,307.65,308.27,308.27,stop,-1.0,-0.0020152771006014536,0.0020152771006013478
2022-10-19,1,305.91,304.15,304.15,stop,-1.0,-0.005753326141675785,0.005753326141675812
2022-10-20,1,305.05,304.45,304.45,stop,-1.0,-0.001966890673660182,0.00196689067366013
2022-10-21,-1,302.74,303.5,303.5,stop,-1.0,-0.002510404967959179,0.0025104049679592747
2022-10-24,1,313.1669,312.25,312.25,stop,-1.0,-0.0029278317727703396,0.002927831772770361
2022-10-25,1,314.91,314.11,318.48,close,4.462499999999928,0.01133657235400598,0.002540408370645617
2022-10-26,1,319.16,317.82,317.82,stop,-1.0,-0.004198521117934728,0.004198521117934678
2022-10-27,1,322.38,321.5362,321.5362,stop,-1.0,-0.0026174080277932,0.0026174080277932485
2022-10-28,1,323.24,321.46,328.56,close,2.9887640449437667,0.01645835911397109,0.0055067442148249894
2022-10-31,1,327.4,326.57,326.57,stop,-1.0,-0.002535125229077506,0.0025351252290775326
2022-11-01,1,329.65,329.15,329.15,stop,-1.0,-0.001516760200212297,0.0015167602002123465
2022-11-02,1,325.65,325.07,325.07,stop,-1.0,-0.0017810532780592192,0.0017810532780592173
2022-11-03,1,319.56,318.69,318.69,stop,-1.0,-0.002722493428464201,0.0027224934284641525
2022-11-04,-1,323.55,323.81,323.81,stop,-1.0,-0.0008035852263945653,0.0008035852263946558
2022-11-07,1,325.5,325.08,325.08,stop,-1.0,-0.001290322580645209,0.0012903225806452103
2022-11-08,-1,329.3,329.655,329.655,stop,-1.0,-0.0010780443364712955,0.0010780443364711853
2022-11-09,-1,329.46,330.02,330.02,stop,-1.0,-0.0016997511078735705,0.001699751107873497
2022-11-10,-1,332.45,334.59,334.59,stop,-1.0,-0.0064370582042412305,0.0064370582042411984
2022-11-11,-1,337.41,338.18,338.18,stop,-1.0,-0.0022820900388251797,0.002282090038825114
2022-11-14,1,337.45,336.54,336.54,stop,-1.0,-0.002696695806786109,0.0026966958067860965
2022-11-15,1,339.44,338.431,338.431,stop,-1.0,-0.0029725430120198792,0.0029725430120198402
2022-11-16,1,336.63,335.55,336.08,close,-0.5092592592592773,-0.0016338413094495463,0.0032082702076463303
2022-11-17,1,333.6595,332.73,336.13,close,2.65788058095763,0.00740425493654473,0.0027857741200234425
2022-11-18,-1,337.07,338.15,337.38,close,-0.28703703703704336,-0.0009196902720502997,0.003204082238110731
2022-11-21,1,337.84,337.57,337.57,stop,-1.0,-0.0007991948851526764,0.0007991948851526812
2022-11-22,1,339.08,338.75,338.75,stop,-1.0,-0.0009732216586055831,0.0009732216586055919
2022-11-23,1,341.825,340.61,340.61,stop,-1.0,-0.003554450376654694,0.003554450376654648
2022-11-28,1,342.74,341.51,341.51,stop,-1.0,-0.003588726148100685,0.003588726148100654
2022-11-29,1,339.05,337.7516,337.7516,stop,-1.0,-0.0038295236690754075,0.003829523669075402
2022-11-30,1,339.04,338.6,338.6,stop,-1.0,-0.0012977819726286421,0.0012977819726285916
2022-12-01,-1,345.64,346.76,344.36,close,1.142857142857114,0.0037032750839022244,0.0032403656984145487
2022-12-02,1,342.17,340.86,344.74,close,1.9618320610686937,0.007510886401496331,0.003828506298038993
2022-12-05,1,343.05,342.31,342.31,stop,-1.0,-0.002157119953359543,0.002157119953359595
2022-12-06,1,340.48,339.61,339.61,stop,-1.0,-0.002555216165413543,0.002555216165413547
2022-12-07,1,336.63,335.82,335.82,stop,-1.0,-0.002406202655734768,0.00240620265573479
2022-12-08,-1,337.68,338.21,338.21,stop,-1.0,-0.001569533285951108,0.0015695332859511156
2022-12-09,1,337.82,337.0857,337.0857,stop,-1.0,-0.002173642768338202,0.002173642768338224
2022-12-12,1,336.42,336.06,340.02000000000015,target,10.0,0.01070090957731451,0.0010700909577314476
2022-12-13,-1,346.21,348.22,341.82,close,2.1840796019899913,0.01268016521764248,0.005805724849080177
2022-12-14,1,342.66,341.77,341.77,stop,-1.0,-0.0025973267962412505,0.002597326796241298
2022-12-15,-1,336.31,337.37,332.78,close,3.3301886792453037,0.010496268323867963,0.003151853944277608
2022-12-16,1,329.69,329.05,329.05,stop,-1.0,-0.0019412175073553195,0.0019412175073553531
2022-12-19,1,328.98,328.4317,328.4317,stop,-1.0,-0.0016666666666668162,0.0016666666666667889
2022-12-20,-1,327.51,327.77,327.77,stop,-1.0,-0.000793868889499505,0.0007938688894995296
2022-12-21,-1,331.38,331.65,331.65,stop,-1.0,-0.0008147745790330063,0.0008147745790330793
2022-12-22,-1,330.67,331.85,330.27,close,0.3389830508474846,0.0012096652251490925,0.0035685124141893935
2022-12-23,-1,329.65,330.46,330.46,stop,-1.0,-0.0024571515243441144,0.002457151524344008
2022-12-27,-1,331.9,332.65,332.65,stop,-1.0,-0.0022597167821634123,0.002259716782163302
2022-12-28,1,333.37,332.27,332.27,stop,-1.0,-0.0032996370399256403,0.0032996370399256763
2022-12-29,1,330.58,330.125,332.14,close,3.4285714285715536,0.004718978764595594,0.0013763688063403233
2022-12-30,1,330.91,329.96,329.96,stop,-1.0,-0.00287087123387042,0.0028708712338703737
2023-01-03,-1,332.49,332.82,332.82,stop,-1.0,-0.0009925110529640513,0.000992511052963951
2023-01-04,-1,332.11,332.86,332.86,stop,-1.0,-0.002258287916654167,0.0022582879166541205
2023-01-05,-1,329.92,331.15,329.25,close,0.5447154471545016,0.002030795344325931,0.0037281765276429477
2023-01-06,1,333.0,331.83,331.83,stop,-1.0,-0.0035135135135135886,0.0035135135135135613
2023-01-09,1,337.69,336.97,336.97,stop,-1.0,-0.002132133021410132,0.0021321330214100816
2023-01-10,1,335.88,334.85,334.85,stop,-1.0,-0.003066571394545581,0.00306657139454559
2023-01-11,-1,338.33,338.55,338.55,stop,-1.0,-0.0006502527118494861,0.0006502527118494585
2023-01-12,-1,339.43,341.0,341.0,stop,-1.0,-0.0046254014082431905,0.004625401408243211
2023-01-13,1,339.99,339.11,343.03,close,3.454545454545431,0.008941439454101419,0.0025883114209241313
2023-01-17,-1,342.04,342.75,339.18,close,4.028169014084642,0.008361595135071953,0.0020757806104548574
2023-01-18,-1,339.58,340.04,340.04,stop,-1.0,-0.0013546145238236829,0.001354614523823654
2023-01-19,1,331.22,330.871,330.871,stop,-1.0,-0.0010536803333133227,0.0010536803333133457
2023-01-20,-1,329.55,330.84,330.84,stop,-1.0,-0.003914428766499611,0.003914428766499662
2023-01-23,-1,333.26,334.69,334.69,stop,-1.0,-0.004290944007681707,0.004290944007681711
2023-01-24,-1,334.43,335.05,335.05,stop,-1.0,-0.0018539006668061297,0.001853900666806221
2023-01-25,1,334.83,334.08,334.08,stop,-1.0,-0.0022399426574679637,0.002239942657467969
2023-01-26,-1,338.45,338.85,338.85,stop,-1.0,-0.0011818584724481163,0.0011818584724480252
2023-01-27,-1,339.13,339.555,339.555,stop,-1.0,-0.0012532067348804965,0.0012532067348804629
2023-01-30,1,338.84,338.31,338.31,stop,-1.0,-0.0015641600755518237,0.0015641600755518024
2023-01-31,-1,337.17,337.95,337.95,stop,-1.0,-0.0023133730758964077,0.002313373075896351
2023-02-01,-1,338.67,339.16,339.16,stop,-1.0,-0.001446836153187414,0.0014468361531874954
2023-02-02,-1,340.09,341.51,340.42,close,-0.23239436619720932,-0.0009703313828692828,0.004175365344467688
2023-02-03,1,338.95,338.69,338.69,stop,-1.0,-0.0007670747897919883,0.0007670747897919779
2023-02-06,1,338.39,337.65,337.65,stop,-1.0,-0.002186825851827834,0.0021868258518277996
2023-02-07,1,337.58,336.93,336.93,stop,-1.0,-0.0019254695183362758,0.0019254695183363272
2023-02-08,1,340.4524,339.98,339.98,stop,-1.0,-0.0013875654863939602,0.0013875654863939664
2023-02-09,1,341.9,341.75,341.75,stop,-1.0,-0.0004387247733255162,0.0004387247733254673
2023-02-10,1,337.08,336.68,336.68,stop,-1.0,-0.0011866619200189277,0.0011866619200189192
2023-02-13,1,339.37,338.88,342.56,close,6.510204081632527,0.0093997701623596,0.001443851843121104
2023-02-14,-1,340.65,341.85,341.89,gap-stop,-1.0333333333333017,-0.003640099809188335,0.0035226772346985047
2023-02-15,-1,339.39,339.65,339.65,stop,-1.0,-0.0007660803205751243,0.0007660803205751228
2023-02-16,1,338.71,338.46,338.46,stop,-1.0,-0.0007380945351480594,0.0007380945351480618
2023-02-17,1,336.23,335.08,338.26,close,1.7652173913042717,0.006037533831008357,0.0034202777860394195
2023-02-21,1,335.88,334.71,334.71,stop,-1.0,-0.003483386923901488,0.003483386923901441
2023-02-22,-1,331.69,332.03,332.03,stop,-1.0,-0.0010250535138229822,0.0010250535138230728
2023-02-23,-1,331.71,332.13,332.13,stop,-1.0,-0.0012661662295379017,0.0012661662295378974
2023-02-24,1,328.08,327.5,327.5,stop,-1.0,-0.0017678614971957662,0.0017678614971957576
2023-02-27,-1,330.21,330.87,330.87,stop,-1.0,-0.0019987280821296416,0.00199872808212963
2023-02-28,-1,327.86,328.87,326.55,close,1.297029702970311,0.003995607881412844,0.0030805831757457175
2023-03-01,1,326.52,325.88,325.88,stop,-1.0,-0.001960063702070247,0.001960063702070276
2023-03-02,1,327.59,327.24,327.24,stop,-1.0,-0.0010684086815835325,0.0010684086815835828
2023-03-03,-1,331.09,331.71,331.71,stop,-1.0,-0.0018726026156030695,0.001872602615603022
2023-03-06,1,335.07,334.3,334.3,stop,-1.0,-0.0022980272778821975,0.0022980272778821793
2023-03-07,-1,334.52,334.82,334.82,stop,-1.0,-0.0008968073657777964,0.0008968073657778649
2023-03-08,1,329.17,328.81,328.81,stop,-1.0,-0.0010936598110399265,0.0010936598110399295
2023-03-09,1,330.06,329.61,329.61,stop,-1.0,-0.0013633884748227576,0.001363388474822725
2023-03-10,-1,322.24,322.78,322.78,stop,-1.0,-0.0016757696127109867,0.00167576961271091
2023-03-13,1,317.77,316.66,318.89,close,1.0090090090090524,0.0035245617899739567,0.003493092488277549
2023-03-14,-1,321.19,322.41,322.41,stop,-1.0,-0.0037983747937357926,0.00379837479373588
2023-03-15,1,317.7,316.75,316.75,stop,-1.0,-0.002990242367012841,0.0029902423670128695
2023-03-16,1,317.69,316.9,316.9,stop,-1.0,-0.0024867008719192674,0.002486700871919231
2023-03-17,-1,320.19,321.09,318.49,close,1.888888888888924,0.005309347574877332,0.002810831069052679
2023-03-20,1,320.31,319.33,322.32,close,2.051020408163218,0.0062751709281632095,0.0030595360744279545
2023-03-21,1,325.55,325.36,325.36,stop,-1.0,-0.0005836277069574125,0.0005836277069574496
2023-03-22,-1,325.34,325.86,325.86,stop,-1.0,-0.0015983279031168696,0.0015983279031168583
2023-03-23,1,322.2,321.33,321.33,stop,-1.0,-0.002700186219739331,0.0027001862197393064
2023-03-24,-1,319.06,319.76,319.76,stop,-1.0,-0.0021939447125931544,0.002193944712593207
2023-03-27,1,325.2,324.55,324.55,stop,-1.0,-0.0019987699876997667,0.001998769987699807
2023-03-28,1,324.19,323.67,323.67,stop,-1.0,-0.0016039976556956326,0.001603997655695678
2023-03-29,-1,326.02,326.69,326.69,stop,-1.0,-0.0020550886448684746,0.002055088644868462
2023-03-30,-1,328.66,328.95,328.5,close,0.5517241379311899,0.0004868252905738668,0.0008823708391649839
2023-03-31,1,330.09,329.51,332.59,close,4.310344827586325,0.007573692023387535,0.001757096549425866
2023-04-03,1,333.74,333.51,336.0400000000002,target,10.0,0.0068915922574463995,0.0006891592257446461
2023-04-05,1,334.42,333.97,333.97,stop,-1.0,-0.0013456133006398696,0.0013456133006398798
2023-04-06,-1,334.37,334.42,334.42,stop,-1.0,-0.00014953494631697595,0.00014953494631698828
2023-04-10,-1,333.65,334.11,334.11,stop,-1.0,-0.001378690244268066,0.0013786902442680545
2023-04-11,1,336.315,336.04,336.04,stop,-1.0,-0.0008176858005143339,0.0008176858005143311
2023-04-12,-1,338.53,338.7062,338.7062,stop,-1.0,-0.0005204856290432769,0.0005204856290433675
2023-04-13,-1,336.78,337.18,337.18,stop,-1.0,-0.0011877189856881465,0.0011877189856880875
2023-04-14,1,340.08,339.9,339.9,stop,-1.0,-0.0005292872265350024,0.000529287226534953
2023-04-17,-1,338.87,339.31,339.31,stop,-1.0,-0.0012984330274146139,0.001298433027414636
2023-04-18,-1,339.55,339.99,339.99,stop,-1.0,-0.0012958327197760688,0.0012958327197761675
2023-04-19,-1,338.815,339.53,339.53,stop,-1.0,-0.002110296179330895,0.0021102961793308295
2023-04-20,-1,337.45,337.66,337.66,stop,-1.0,-0.0006223144169508199,0.0006223144169507672
2023-04-21,-1,337.58,338.44,338.44,stop,-1.0,-0.0025475442857989528,0.0025475442857989623
2023-04-24,1,338.32,337.89,337.89,stop,-1.0,-0.0012709860487113422,0.0012709860487112995
2023-04-25,1,338.49,338.06,338.06,stop,-1.0,-0.0012703477207598457,0.0012703477207598652
2023-04-26,1,336.06,335.46,335.46,stop,-1.0,-0.001785395465095596,0.0017853954650955863
2023-04-27,1,334.25,333.83,338.45000000000016,target,10.0,0.012565445026178512,0.0012565445026178487
2023-04-28,1,337.8,337.13,341.0,close,4.7761194029849445,0.009473060982829962,0.0019834221432800943
2023-05-01,1,341.46,341.03,341.03,stop,-1.0,-0.0012592983072687858,0.001259298307268807
2023-05-02,-1,338.92,340.0,336.84,close,1.9259259259259922,0.006137141508320676,0.003186592706243314
2023-05-03,-1,336.6,337.42,337.42,stop,-1.0,-0.002436125965537661,0.0024361259655377096
2023-05-04,1,333.36,333.26,333.26,stop,-1.0,-0.00029997600191988827,0.0002999760019199146
2023-05-05,1,335.13,333.94,336.75,close,1.3613445378151325,0.004833945036254672,0.003550860859964783
2023-05-08,-1,336.55,337.39,336.21,close,0.4047619047619547,0.0010102510771060613,0.0024959144257910414
2023-05-09,1,335.64,335.15,335.75,close,0.22448979591839102,0.0003277320939101269,0.0014598975092361135
2023-05-10,1,337.64,337.24,337.24,stop,-1.0,-0.0011846937566638571,0.001184693756663835
2023-05-11,-1,332.41,333.87,333.3,close,-0.6095890410958896,-0.0026774164435485748,0.004392166300652746
2023-05-12,-1,333.89,334.45,333.22,close,1.1964285714284935,0.002006648896342944,0.0016771990775405143
2023-05-15,-1,332.31,333.549,333.549,stop,-1.0,-0.0037284463302338366,0.003728446330233745
2023-05-16,-1,332.48,332.77,332.77,stop,-1.0,-0.0008722329162655917,0.0008722329162655306
2023-05-17,-1,332.1,332.17,331.4000000000001,target,10.0,0.002107798855766174,0.00021077988557661299
2023-05-18,-1,333.87,334.09,334.09,stop,-1.0,-0.0006589391080360496,0.0006589391080359734
2023-05-19,-1,335.5701,335.99,335.99,stop,-1.0,-0.0012513033789363082,0.0012513033789362763
2023-05-22,1,334.7,333.97,333.97,stop,-1.0,-0.0021810576635792334,0.0021810576635792095
2023-05-23,1,331.84,331.16,331.16,stop,-1.0,-0.002049180327868716,0.002049180327868702
2023-05-24,-1,329.45,330.24,327.97,close,1.8734177215188899,0.004492335711033468,0.0023979359538625605
2023-05-25,-1,326.94,328.23,328.23,stop,-1.0,-0.0039456781060744905,0.003945678106074572
2023-05-26,1,328.87,327.92,330.87,close,2.105263157894762,0.006081430352418815,0.002888679417398938
2023-05-30,1,331.2,330.58,330.58,stop,-1.0,-0.001871980676328544,0.0018719806763285163
2023-05-31,-1,328.9299,329.8158,329.8158,stop,-1.0,-0.0026932790238893833,0.0026932790238894345
2023-06-01,-1,327.72,329.0,329.0,stop,-1.0,-0.0039057732210423524,0.0039057732210422695
2023-06-02,1,333.87,333.11,338.06,close,5.513157894736905,0.012549794830323258,0.0022763351004881868
2023-06-05,-1,337.91,338.28,338.28,stop,-1.0,-0.0010949661152377388,0.0010949661152376304
2023-06-06,-1,335.72,336.03,336.03,stop,-1.0,-0.0009233885380672824,0.0009233885380672746
2023-06-07,-1,336.36,336.59,336.59,stop,-1.0,-0.0006837911761206072,0.000683791176120708
2023-06-08,1,337.67,336.75,338.79,close,1.21739130434781,0.003316847809992085,0.0027245535582077645
2023-06-09,-1,338.539,338.83,338.83,stop,-1.0,-0.0008595760015832621,0.0008595760015832647
2023-06-12,1,340.19,339.7,339.7,stop,-1.0,-0.0014403715570711073,0.0014403715570710752
2023-06-13,1,341.95,341.6,342.62,close,1.9142857142859464,0.0019593507822781575,0.0010235414534287641
2023-06-14,1,341.54,340.71,340.71,stop,-1.0,-0.002430169233472057,0.002430169233472041
2023-06-15,1,340.59,340.18,344.68999999999966,target,10.0,0.012037934173051656,0.001203793417305171
2023-06-16,1,345.52,344.81,344.81,stop,-1.0,-0.0020548738133826516,0.0020548738133826685
2023-06-20,1,341.45,340.86,340.86,stop,-1.0,-0.0017279250256259093,0.0017279250256259336
2023-06-21,-1,339.07,339.64,339.64,stop,-1.0,-0.0016810688058512824,0.0016810688058512791
2023-06-22,-1,338.44,339.17,339.17,stop,-1.0,-0.0021569554426190685,0.0021569554426191296
2023-06-23,-1,336.77,337.34,337.34,stop,-1.0,-0.0016925498114439552,0.001692549811443992
2023-06-26,1,337.32,336.72,336.72,stop,-1.0,-0.001778726431874711,0.0017787264318746767
2023-06-27,1,337.65,337.1,339.15,close,2.7272727272729527,0.004442470013327426,0.0016289056715532491
2023-06-28,-1,338.21,338.83,338.83,stop,-1.0,-0.0018331805682860747,0.0018331805682859897
2023-06-29,1,338.75,338.11,341.16,close,3.7656250000001195,0.007114391143911547,0.0018892988929888896
2023-06-30,1,343.29,342.84,342.84,stop,-1.0,-0.001310845058114296,0.0013108450581142633
2023-07-05,1,342.75,342.25,342.84,close,0.17999999999994998,0.00026258205689266845,0.0014587892049598833
2023-07-06,-1,339.73,340.87,339.26,close,0.41228070175441484,0.0013834515644777223,0.003355605922350061
2023-07-07,1,338.76,337.72,337.72,stop,-1.0,-0.003070020073208113,0.003070020073208064
2023-07-10,1,338.45,337.17,339.57,close,0.8750000000000222,0.003309203722854148,0.0037819471118332774
2023-07-11,1,341.05,340.59,340.59,stop,-1.0,-0.0013487758393198046,0.0013487758393198545
2023-07-12,1,345.33,344.69,344.69,stop,-1.0,-0.0018532997422754383,0.0018532997422754651
2023-07-13,1,344.68,344.26,344.26,stop,-1.0,-0.0012185215272136896,0.0012185215272136937
2023-07-14,-1,345.42,345.77,345.77,stop,-1.0,-0.0010132592206588686,0.0010132592206588092
2023-07-17,1,344.57,344.56,344.56,stop,-1.0,-2.9021679194385364e-05,2.902167919433179e-05
2023-07-18,1,346.0,345.25,349.58,close,4.773333333333312,0.010346820809248536,0.002167630057803468
2023-07-19,1,351.03,350.4,350.7,close,-0.5238095238095023,-0.0009400905905477819,0.0017947184001367276
2023-07-20,1,352.25,351.35,352.41,close,0.17777777777781006,0.0004542228530872716,0.0025550035486159753
2023-07-21,-1,352.66,352.98,352.98,stop,-1.0,-0.000907389553677751,0.0009073895536777438
2023-07-24,1,353.22,352.53,354.07,close,1.2318840579708676,0.002406432251854218,0.001953456769152524
2023-07-25,1,353.87,353.55,354.3,close,1.34375000000005,0.0012151355017380183,0.0009042868850142515
2023-07-26,1,354.23,353.12,355.2,close,0.8738738738738365,0.002738333850887731,0.0031335572932840628
2023-07-27,1,356.16,355.49,355.49,stop,-1.0,-0.0018811769991016192,0.001881176999101572
2023-07-28,-1,354.325,354.99,354.99,stop,-1.0,-0.001876808015240261,0.0018768080152403034
2023-07-31,-1,354.58,354.79,354.79,stop,-1.0,-0.0005922499858990182,0.0005922499858989125
2023-08-01,1,356.12,355.21,355.21,stop,-1.0,-0.0025553184319893063,0.0025553184319892872
2023-08-02,1,354.56,354.37,354.37,stop,-1.0,-0.0005358754512635455,0.0005358754512635315
2023-08-03,1,351.97,351.43,351.43,stop,-1.0,-0.0015342216666193176,0.0015342216666193722
2023-08-04,1,353.57,352.78,352.78,stop,-1.0,-0.002234352462030187,0.0022343524620302077
2023-08-07,1,353.07,351.88,354.66,close,1.3361344537815418,0.00450335627495968,0.003370436457359724
2023-08-08,-1,352.18,352.61,352.61,stop,-1.0,-0.0012209665511955237,0.0012209665511954309
2023-08-09,1,353.32,352.68,352.68,stop,-1.0,-0.0018113891090228984,0.0018113891090229435
2023-08-10,1,354.435,353.03,353.03,stop,-1.0,-0.0039640554685627105,0.003964055468562725
2023-08-11,1,351.26,350.61,353.03,close,2.7230769230769902,0.005039002448328889,0.0018504811250924594
2023-08-14,1,353.04,352.66,352.66,stop,-1.0,-0.0010763652843870375,0.0010763652843870253
2023-08-15,-1,351.55,352.02,349.63,close,4.085106382979014,0.005461527520978615,0.001336936424406117
2023-08-16,1,349.94,349.21,349.21,stop,-1.0,-0.0020860718980396653,0.002086071898039716
2023-08-17,-1,348.85,349.161,349.161,stop,-1.0,-0.0008915006449763396,0.0008915006449762895
2023-08-18,1,343.81,342.68,345.15,close,1.1858407079645845,0.0038975015270061864,0.0032866990488932706
2023-08-21,1,345.58,345.0,345.0,stop,-1.0,-0.0016783378667746263,0.0016783378667746516
2023-08-22,-1,344.48,345.0,345.0,stop,-1.0,-0.0015095215977705134,0.0015095215977704998
2023-08-23,-1,343.42,343.9,343.9,stop,-1.0,-0.0013977054335798655,0.0013977054335797604
2023-08-24,1,344.56,344.27,344.27,stop,-1.0,-0.0008416531228233604,0.0008416531228233702
2023-08-25,1,343.17,342.28,342.28,stop,-1.0,-0.002593466794883148,0.0025934667948831285
2023-08-28,1,346.02,345.12,345.12,stop,-1.0,-0.002601005722212557,0.0026010057222125233
2023-08-29,-1,345.56,345.74,345.74,stop,-1.0,-0.0005208936219469606,0.0005208936219470043
2023-08-30,1,349.68,349.01,349.01,stop,-1.0,-0.0019160375200183433,0.0019160375200183478
2023-08-31,1,351.25,350.37,350.37,stop,-1.0,-0.0025053380782917856,0.002505338078291802
2023-09-01,1,350.13,349.65,349.65,stop,-1.0,-0.0013709193728044244,0.001370919372804439
2023-09-05,-1,348.99,349.275,347.0,close,6.982456140351689,0.005702169116593603,0.0008166423106678362
2023-09-06,-1,345.95,346.51,345.0,close,1.6964285714285443,0.0027460615695908963,0.001618731030495743
2023-09-07,1,345.51,344.36,344.36,stop,-1.0,-0.0033284130705333315,0.003328413070533349
2023-09-08,1,345.91,345.67,345.67,stop,-1.0,-0.0006938220924518346,0.00069382209245182
2023-09-11,1,348.44,347.99,347.99,stop,-1.0,-0.001291470554471319,0.0012914705544713255
2023-09-12,1,347.08,346.36,347.25,close,0.2361111111111429,0.0004898006223350571,0.002074449694594821
2023-09-13,1,348.25,347.43,347.43,stop,-1.0,-0.0023546302943288078,0.002354630294328767
2023-09-14,-1,348.05,348.74,348.74,stop,-1.0,-0.001982473782502492,0.0019824737825025075
2023-09-15,1,348.68,348.21,348.21,stop,-1.0,-0.001347940805322967,0.0013479408053230105
2023-09-18,1,346.55,346.08,346.08,stop,-1.0,-0.0013562256528639738,0.0013562256528640232
2023-09-19,1,345.58,345.37,345.37,stop,-1.0,-0.000607674055211449,0.0006076740552114693
2023-09-20,-1,346.002,346.08,346.08,stop,-1.0,-0.0002254322229351402,0.00022543222293505393
2023-09-21,-1,342.16,343.31,343.31,stop,-1.0,-0.0033610007014261978,0.0033610007014261666
2023-09-22,-1,340.34,340.99,340.99,stop,-1.0,-0.0019098548510314561,0.0019098548510314219
2023-09-25,-1,338.65,338.94,338.94,stop,-1.0,-0.0008563413553817067,0.000856341355381723
2023-09-26,1,338.29,337.86,337.86,stop,-1.0,-0.0012710987614177327,0.0012710987614177386
2023-09-27,-1,336.5,337.15,335.49,close,1.5538461538461943,0.003001485884100985,0.001931649331352087
2023-09-28,1,335.92,335.03,335.03,stop,-1.0,-0.0026494403429389024,0.0026494403429389232
2023-09-29,-1,337.82,338.83,335.0,close,2.7920792079208105,0.008347640755431818,0.0029897578592149397
2023-10-02,1,334.5,333.9,333.9,stop,-1.0,-0.0017937219730942422,0.0017937219730942383
2023-10-03,1,332.87,332.52,332.52,stop,-1.0,-0.0010514615315289078,0.0010514615315288934
2023-10-04,1,330.41,329.83,329.83,stop,-1.0,-0.0017553948125057506,0.0017553948125057985
2023-10-05,1,331.17,330.63,330.63,stop,-1.0,-0.001630582480297238,0.00163058248029719
2023-10-06,-1,330.23,330.65,330.65,stop,-1.0,-0.0012718408382035307,0.0012718408382035521
2023-10-09,1,333.95,332.93,332.93,stop,-1.0,-0.0030543494535109073,0.00305434945351095
2023-10-10,-1,336.65,337.27,337.27,stop,-1.0,-0.0018416753304619782,0.0018416753304619177
2023-10-11,1,338.62,338.19,338.19,stop,-1.0,-0.001269860020081559,0.0012698600200815274
2023-10-12,-1,338.08,338.77,336.33,close,2.536231884057979,0.0051762896355892485,0.0020409370563180245
2023-10-13,1,338.38,337.41,337.41,stop,-1.0,-0.002866599680832138,0.002866599680832113
2023-10-16,1,339.07,338.66,338.66,stop,-1.0,-0.0012091898428052694,0.0012091898428052265
2023-10-17,1,339.45,338.27,339.98,close,0.4491525423729038,0.0015613492414199293,0.003476211518633103
2023-10-18,-1,339.43,339.97,336.7,close,5.055555555555397,0.008042895442359255,0.0015909023951919997
2023-10-19,1,336.925,336.6,336.6,stop,-1.0,-0.0009646063664019433,0.0009646063664019845
2023-10-20,1,334.15,333.26,333.26,stop,-1.0,-0.0026634744875055905,0.0026634744875055705
2023-10-23,-1,329.65,330.11,330.11,stop,-1.0,-0.0013954193841954066,0.0013954193841954692
2023-10-24,1,332.02,330.91,330.91,stop,-1.0,-0.003343172098066227,0.0033431720980662515
2023-10-25,1,332.26,331.99,331.99,stop,-1.0,-0.0008126166255341127,0.0008126166255341654
2023-10-26,1,330.64,330.0,330.0,stop,-1.0,-0.0019356399709653527,0.0019356399709653592
2023-10-27,-1,327.4,327.88,324.19,close,6.687499999999704,0.009804520464263833,0.0014660965180208253
2023-10-30,1,326.66,326.39,326.39,stop,-1.0,-0.0008265474805609907,0.000826547480560946
2023-10-31,-1,328.46,329.18,329.18,stop,-1.0,-0.002192047737928693,0.002192047737928598
2023-11-01,-1,330.48,331.12,331.12,stop,-1.0,-0.0019365770999757448,0.0019365770999757513
2023-11-02,1,335.69,334.69,334.69,stop,-1.0,-0.002978938901963102,0.002978938901963121
2023-11-03,-1,339.98,340.36,340.36,stop,-1.0,-0.0011177128066357511,0.001117712806635671
2023-11-06,1,341.48,340.83,340.83,stop,-1.0,-0.0019034789738785474,0.0019034789738785114
2023-11-07,-1,340.57,340.84,340.84,stop,-1.0,-0.0007927885603546958,0.000792788560354646
2023-11-08,1,342.25,341.86,341.86,stop,-1.0,-0.0011395178962746444,0.0011395178962746132
2023-11-09,-1,341.51,342.05,339.14,close,4.388888888888731,0.006939767503147842,0.0015812128488185426
2023-11-10,-1,340.25,340.92,340.92,stop,-1.0,-0.0019691403379868966,0.001969140337986821
2023-11-13,-1,342.35,342.76,342.76,stop,-1.0,-0.0011976047904189713,0.0011976047904190686
2023-11-14,-1,347.22,347.55,347.55,stop,-1.0,-0.0009504060825988869,0.0009504060825988827
2023-11-15,1,349.64,349.29,349.29,stop,-1.0,-0.0010010296304769906,0.0010010296304769645
2023-11-16,1,350.07,349.5,349.5,stop,-1.0,-0.0016282457794155603,0.001628245779415526
2023-11-17,-1,349.3193,350.22,349.41,close,-0.10069945597870959,-0.00025964783508958256,0.002578443275249976
2023-11-20,1,349.7,349.07,351.57,close,2.968253968253997,0.00534744066342574,0.0018015441807263239
2023-11-21,-1,350.76,351.21,350.85,close,-0.20000000000007578,-0.0002565856996237237,0.0012829284981183391
2023-11-22,1,352.38,351.75,351.75,stop,-1.0,-0.0017878426698449967,0.0017878426698450408
2023-11-27,1,353.66,353.57,353.57,stop,-1.0,-0.00025448170559305705,0.0002544817055930324
2023-11-28,-1,353.39,353.7,353.7,stop,-1.0,-0.0008772178046916324,0.0008772178046917068
2023-11-29,1,355.49,354.75,354.75,stop,-1.0,-0.0020816338012321633,0.002081633801232128
2023-11-30,-1,356.52,356.95,356.95,stop,-1.0,-0.0012061034444070806,0.001206103444407065
2023-12-01,1,360.32,359.86,362.98,close,5.782608695652486,0.007382326820603913,0.0012766429840141529
2023-12-04,1,362.21,361.02,362.65,close,0.36974789915966266,0.0012147649153806395,0.003285386930233836
2023-12-05,-1,361.74,361.96,361.96,stop,-1.0,-0.0006081716149719529,0.0006081716149719977
2023-12-06,1,363.16,362.65,362.65,stop,-1.0,-0.0014043396849874323,0.0014043396849874649
2023-12-07,-1,361.56,362.29,362.29,stop,-1.0,-0.0020190286536121427,0.0020190286536121756
2023-12-08,1,361.82,361.38,363.08,close,2.863636363636358,0.0034823945608313256,0.001216074291083958
2023-12-11,1,363.84,363.46,363.46,stop,-1.0,-0.0010444151275286195,0.0010444151275285716
2023-12-12,-1,364.71,365.41,365.41,stop,-1.0,-0.001919333168819204,0.0019193331688191866
2023-12-13,-1,366.58,366.68,366.68,stop,-1.0,-0.00027279175077743467,0.00027279175077751853
2023-12-14,-1,372.69,373.05,373.05,stop,-1.0,-0.0009659502535619424,0.0009659502535619782
2023-12-15,1,372.11,371.57,371.57,stop,-1.0,-0.0014511837897396296,0.001451183789739648
2023-12-19,1,373.57,373.12,375.47,close,4.222222222222404,0.005086061514575579,0.0012045935166099758
2023-12-20,-1,374.65,374.94,374.94,stop,-1.0,-0.0007740557853996854,0.000774055785399761
2023-12-21,1,373.5,372.76,372.76,stop,-1.0,-0.00198125836680052,0.00198125836680056
2023-12-22,1,374.21,373.51,373.51,stop,-1.0,-0.001870607412949865,0.0018706074129499176
2023-12-26,1,374.21,373.58,375.38,close,1.8571428571428958,0.003126586675930687,0.001683546671654941
2023-12-27,1,375.31,374.75,376.5801,close,2.2680357142857295,0.0033841357810877604,0.0014920998641123398
2023-12-28,1,377.02,376.52,377.12,close,0.20000000000004547,0.00026523791841293054,0.0013261895920640815
2023-12-29,1,377.37,376.91,376.91,stop,-1.0,-0.0012189628216339177,0.001218962821633886
2024-01-02,1,376.27,374.8,377.13,close,0.5850340136054633,0.0022855927924096964,0.003906769075397907
2024-01-04,1,375.17,374.61,374.61,stop,-1.0,-0.0014926566623131299,0.0014926566623130906
2024-01-05,1,374.67,373.94,373.94,stop,-1.0,-0.0019483812421597912,0.0019483812421598158
2024-01-08,1,373.6,373.175,373.175,stop,-1.0,-0.0011375802997859452,0.0011375802997858975
2024-01-09,-1,374.38,374.88,374.88,stop,-1.0,-0.001335541428495013,0.001335541428495112
2024-01-10,1,376.28,375.32,375.32,stop,-1.0,-0.002551291591368021,0.002551291591368076
2024-01-11,-1,377.33,378.12,377.15,close,0.22784810126582553,0.0004770360162192899,0.0020936580711844286
2024-01-12,1,378.08,377.43,377.43,stop,-1.0,-0.0017192128650020955,0.0017192128650020558
2024-01-16,-1,374.49,375.53,373.62,close,0.8365384615384952,0.002323159496915861,0.0027771102032096012
2024-01-17,1,372.37,371.63,371.63,stop,-1.0,-0.0019872707253538735,0.0019872707253538392
2024-01-18,-1,372.23,372.3,371.5300000000001,target,10.0,0.001880557719689202,0.0001880557719689256
2024-01-19,-1,375.48,375.99,375.99,stop,-1.0,-0.0013582614253755398,0.001358261425375495
2024-01-22,1,380.02,379.23,379.23,stop,-1.0,-0.0020788379558969172,0.0020788379558969623
2024-01-23,-1,379.31,379.8499,379.05,close,0.48157066123355496,0.0006854551685956389,0.0014233740212490804
2024-01-24,1,380.45,379.99,379.99,stop,-1.0,-0.0012090944933630388,0.001209094493363069
2024-01-25,1,379.31,378.6,378.6,stop,-1.0,-0.0018718198834725142,0.0018718198834725673
2024-01-26,1,380.79,379.95,381.05,close,0.30952380952378694,0.0006827910396807191,0.002205940282045305
2024-01-29,1,381.31,380.91,380.91,stop,-1.0,-0.001049015236946227,0.001049015236946257
2024-01-30,1,383.15,382.66,382.66,stop,-1.0,-0.0012788725042410798,0.0012788725042410343
2024-01-31,1,385.44,384.85,384.85,stop,-1.0,-0.0015307181403071413,0.0015307181403071165
2024-02-01,1,382.11,381.38,381.38,stop,-1.0,-0.0019104446363612526,0.0019104446363613049
2024-02-02,-1,383.77,384.46,384.46,stop,-1.0,-0.0017979518982724763,0.001797951898272397
2024-02-05,-1,384.99,385.99,383.599,close,1.3910000000000196,0.0036130808592431674,0.0025974700641575106
2024-02-06,1,384.44,383.5,385.12,close,0.723404255319158,0.0017688065757985871,0.002445114972427421
2024-02-07,1,386.41,386.15,386.15,stop,-1.0,-0.0006728604332186805,0.0006728604332187255
2024-02-08,-1,387.18,387.6638,387.41,close,-0.47540305911540026,-0.0005940389482927966,0.0012495480138436225
2024-02-09,1,387.2,386.84,386.84,stop,-1.0,-0.0009297520661157854,0.0009297520661157377
2024-02-12,1,386.62,386.44,388.4200000000001,target,10.0,0.0046557343127620054,0.00046557343127620615
2024-02-13,-1,384.88,385.16,382.0799999999997,target,10.0,0.007274994803575963,0.0007274994803575909
2024-02-14,-1,383.75,384.34,384.34,stop,-1.0,-0.0015374592833876655,0.001537459283387557
2024-02-15,1,385.68,384.88,388.27,close,3.2374999999999226,0.006715411740302768,0.002074258452603224
2024-02-16,-1,386.01,387.29,387.29,stop,-1.0,-0.0033159762700449846,0.003315976270044894
2024-02-20,1,386.32,385.15,385.15,stop,-1.0,-0.003028577345206118,0.003028577345206088
2024-02-21,-1,383.99,385.46,385.46,stop,-1.0,-0.003828224693351423,0.0038282246933513124
2024-02-22,1,388.69,387.91,390.57,close,2.4102564102564887,0.0048367593712213,0.002006740590187483
2024-02-23,-1,391.66,392.09,392.09,stop,-1.0,-0.0010978910279322296,0.0010978910279322626
2024-02-26,1,391.93,391.23,391.23,stop,-1.0,-0.0017860332202178641,0.001786033220217867
2024-02-27,-1,389.69,390.45,389.7,close,-0.013157894736830296,-2.566142318261022e-05,0.0019502681618722342
2024-02-28,-1,387.91,388.217,388.217,stop,-1.0,-0.0007914206903663068,0.0007914206903662177
2024-02-29,1,390.99,390.15,390.15,stop,-1.0,-0.0021483925420088257,0.0021483925420088283
2024-03-01,1,390.16,389.76,389.76,stop,-1.0,-0.001025220422390949,0.0010252204223909014
2024-03-04,1,390.04,389.35,390.27,close,0.3333333333332784,0.0005896831094245325,0.0017690493282740173
2024-03-05,-1,388.58,389.29,386.19,close,3.3661971830983997,0.006150599619126007,0.0018271655772300077
2024-03-06,1,388.53,388.1,388.1,stop,-1.0,-0.0011067356446090582,0.0011067356446090393
2024-03-07,1,389.3,389.03,389.03,stop,-1.0,-0.0006935525301824397,0.000693552530182478
2024-03-08,1,388.47,388.19,388.19,stop,-1.0,-0.0007207763791284849,0.0007207763791284514
2024-03-11,1,387.6,386.88,386.87,gap-stop,-1.0138888888888757,-0.0018833849329206176,0.0018575851393189558
2024-03-12,1,389.21,389.15,389.15,stop,-1.0,-0.0001541584234732163,0.00015415842347319512
2024-03-13,-1,391.47,391.765,391.765,stop,-1.0,-0.0007535698776406363,0.0007535698776405831
2024-03-14,-1,391.66,392.41,390.09,close,2.0933333333334,0.004008578869427737,0.001914926211509983
2024-03-15,1,388.55,387.53,387.53,stop,-1.0,-0.002625144769013099,0.0026251447690130965
2024-03-18,1,388.42,388.14,388.14,stop,-1.0,-0.0007208691622471175,0.0007208691622471282
2024-03-19,-1,387.79,388.28,388.28,stop,-1.0,-0.0012635704891821309,0.0012635704891821662
2024-03-20,1,390.3,389.89,394.40000000000026,target,10.0,0.010504739943633767,0.0010504739943633743
2024-03-21,1,396.89,395.81,397.68,close,0.7314814814815113,0.00199047595051538,0.0027211569956410698
2024-03-22,-1,397.62,398.06,394.5,close,7.090909090909138,0.007846687792364526,0.0011065841758462797
2024-03-25,-1,393.9,394.15,392.945,close,3.8199999999999363,0.0024244732165523697,0.0006346788525006347
2024-03-26,-1,393.25,393.74,393.74,stop,-1.0,-0.001246026700572278,0.0012460267005721783
2024-03-27,1,395.54,394.92,394.92,stop,-1.0,-0.0015674773727056834,0.0015674773727056795
2024-03-28,1,398.16,397.94,397.94,stop,-1.0,-0.0005525416917823156,0.0005525416917822666
2024-04-01,-1,397.7,398.05,395.3,close,6.857142857142347,0.006034699522252884,0.0008800603469952797
2024-04-02,-1,391.52,392.14,391.59,close,-0.11290322580643979,-0.00017879035553747258,0.0015835717204740615
2024-04-03,-1,391.3,391.72,391.72,stop,-1.0,-0.0010733452593918447,0.0010733452593918117
2024-04-04,-1,394.01,394.24,391.7099999999998,target,10.0,0.005837415294028481,0.0005837415294028532
2024-04-05,1,386.81,386.08,388.92,close,2.8904109589040563,0.005454874486181982,0.0018872314573046669
2024-04-08,1,389.64,389.01,389.01,stop,-1.0,-0.001616877117339044,0.0016168771173390706
2024-04-09,1,389.78,389.36,389.36,stop,-1.0,-0.0010775309148749468,0.0010775309148749529
2024-04-10,-1,384.36,385.17,385.17,stop,-1.0,-0.002107399313143965,0.0021073993131439333
2024-04-11,-1,384.88,385.67,385.67,stop,-1.0,-0.002052587819580287,0.002052587819580182
2024-04-12,1,382.58,381.98,381.98,stop,-1.0,-0.0015682994406397421,0.001568299440639777
2024-04-15,1,383.37,383.26,383.26,stop,-1.0,-0.0002869290763493071,0.00028692907634925434
2024-04-16,-1,379.4,379.79,379.79,stop,-1.0,-0.0010279388508172005,0.0010279388508171936
2024-04-17,1,379.28,378.69,378.69,stop,-1.0,-0.0015555789917738316,0.0015555789917738214
2024-04-18,-1,378.73,379.38,379.38,stop,-1.0,-0.0017162622448709808,0.0017162622448709563
2024-04-19,-1,378.5,378.73,378.73,stop,-1.0,-0.0006076618229855502,0.000607661822985517
2024-04-22,-1,380.86,381.91,381.91,stop,-1.0,-0.002756918552749177,0.0027569185527490715
2024-04-23,-1,383.13,383.83,383.83,stop,-1.0,-0.001827056090621948,0.0018270560906219525
2024-04-24,-1,384.7,385.01,385.01,stop,-1.0,-0.0008058227190017586,0.0008058227190018255
2024-04-25,-1,379.68,380.15,380.15,stop,-1.0,-0.001237884534344591,0.0012378845343446335
2024-04-26,1,381.315,380.53,382.27,close,1.216560509554081,0.002504491037593537,0.0020586654078649544
2024-04-29,1,383.61,382.93,382.93,stop,-1.0,-0.0017726336643987262,0.001772633664398756
2024-04-30,-1,382.07,382.48,382.48,stop,-1.0,-0.0010731017876306481,0.0010731017876306043
2024-05-01,1,379.27,378.15,378.15,stop,-1.0,-0.002953041368945586,0.002953041368945618
2024-05-02,-1,380.6046,381.65,381.65,stop,-1.0,-0.0027466825151349905,0.002746682515135057
2024-05-03,-1,386.64,387.99,386.72,close,-0.05925925925928858,-0.00020691082143597939,0.0034916201117319023
2024-05-06,1,388.41,388.27,388.27,stop,-1.0,-0.00036044386086875324,0.0003604438608687809
2024-05-07,-1,389.13,389.33,389.33,stop,-1.0,-0.0005139670547118502,0.0005139670547117638
2024-05-08,1,388.77,388.19,390.44,close,2.879310344827693,0.004295598940247558,0.001491884661882306
2024-05-09,1,390.45,390.01,394.03,close,8.136363636363642,0.009168907670636495,0.0011269048533743059
2024-05-10,1,395.35,394.9801,394.9801,stop,-1.0,-0.0009356266599216401,0.0009356266599216634
2024-05-13,-1,396.03,396.61,394.48,close,2.6724137931031815,0.003913844910738984,0.0014645355149863419
2024-05-14,1,394.73,394.36,394.36,stop,-1.0,-0.0009373495807261101,0.0009373495807260774
2024-05-15,1,397.86,397.13,397.13,stop,-1.0,-0.0018348162670286383,0.0018348162670286487
2024-05-16,1,399.9,399.67,399.67,stop,-1.0,-0.0005751437859463637,0.00057514378594639
2024-05-17,-1,398.83,399.27,399.27,stop,-1.0,-0.0011032269387960536,0.0011032269387959725
2024-05-20,-1,399.53,400.1,400.1,stop,-1.0,-0.0014266763447050579,0.0014266763447051537
2024-05-21,-1,398.07,398.53,398.53,stop,-1.0,-0.001155575652523444,0.0011555756525233741
2024-05-22,1,398.27,397.88,397.88,stop,-1.0,-0.0009792351922062181,0.000979235192206258
2024-05-23,-1,395.86,397.09,390.72,close,4.178861788618007,0.012984388420148485,0.0031071590966502334
2024-05-24,1,391.46,391.03,391.03,stop,-1.0,-0.0010984519491136213,0.0010984519491135923
2024-05-28,-1,389.55,389.94,389.94,stop,-1.0,-0.0010011551790527484,0.001001155179052718
2024-05-29,-1,384.36,385.65,385.65,stop,-1.0,-0.003356228535747574,0.0033562285357476417
2024-05-30,1,382.065,381.12,381.12,stop,-1.0,-0.0024734011228455532,0.0024734011228455715
2024-05-31,1,382.64,381.75,381.75,stop,-1.0,-0.00232594605895875,0.002325946058958777
2024-06-03,-1,387.28,387.89,386.26,close,1.6721311475409164,0.0026337533567444282,0.0015750877917785934
2024-06-04,1,385.06,384.54,387.52,close,4.730769230769357,0.006388614761335898,0.0013504388926400609
2024-06-05,-1,388.04,388.6,388.6,stop,-1.0,-0.0014431501907019584,0.0014431501907019952
2024-06-06,-1,388.23,388.82,388.82,stop,-1.0,-0.0015197176931200929,0.0015197176931199931
2024-06-07,-1,388.46,388.88,388.88,stop,-1.0,-0.0010811924007620988,0.0010811924007620242
2024-06-10,-1,387.57,388.48,388.48,stop,-1.0,-0.0023479629486287124,0.0023479629486286993
2024-06-11,-1,386.28,387.82,387.82,stop,-1.0,-0.0039867453660558105,0.0039867453660557646
2024-06-12,-1,390.73,391.91,387.61,close,2.644067796610158,0.007985053617587612,0.0030199882271645553
2024-06-13,-1,386.1,386.96,386.96,stop,-1.0,-0.002227402227402031,0.0022274022274021152
2024-06-14,1,385.47,384.6,384.6,stop,-1.0,-0.0022569849793758756,0.0022569849793758387
2024-06-17,1,385.96,384.98,388.63,close,2.724489795918491,0.006917815317649456,0.0025391232252045845
2024-06-18,1,389.06,388.5,388.5,stop,-1.0,-0.0014393666786614023,0.0014393666786613947
2024-06-20,1,389.18,388.38,392.08,close,3.62499999999992,0.007451564828613977,0.0020556040906521697
2024-06-21,-1,391.22,391.87,391.87,stop,-1.0,-0.0016614692500382944,0.0016614692500382833
2024-06-24,-1,392.0,392.72,392.72,stop,-1.0,-0.001836734693877684,0.0018367346938776205
2024-06-25,-1,393.53,393.63,393.63,stop,-1.0,-0.0002541102330191336,0.00025411023301914146
2024-06-26,1,390.11,389.01,391.2,close,0.9909090909090477,0.002794083719976248,0.002819717515572589
2024-06-27,1,390.96,390.37,390.37,stop,-1.0,-0.0015091057908737104,0.0015091057908736827
2024-06-28,1,393.8,390.95,390.95,stop,-1.0,-0.007237176231589704,0.007237176231589697
2024-07-01,1,393.5,391.93,391.93,stop,-1.0,-0.003989834815755988,0.0039898348157560186
2024-07-02,1,391.55,390.69,393.25,close,1.976744186046467,0.0043417188098582304,0.0021963989273400936
2024-07-05,-1,392.76,393.22,393.22,stop,-1.0,-0.0011711986964049181,0.0011711986964050218
2024-07-08,1,396.24,394.34,394.34,stop,-1.0,-0.004795073692711593,0.004795073692711574
2024-07-09,-1,392.97,393.35,393.35,stop,-1.0,-0.0009669949360002761,0.000966994936000192
2024-07-10,1,393.37,392.86,392.86,stop,-1.0,-0.0012964893103185604,0.0012964893103185064
2024-07-11,-1,396.9,397.65,397.65,stop,-1.0,-0.0018896447467875443,0.001889644746787604
2024-07-12,1,399.07,398.3,398.3,stop,-1.0,-0.0019294860550780335,0.001929486055078011
2024-07-16,1,404.29,403.85,408.69,target,10.0,0.010883276855722324,0.001088327685572232
2024-07-17,1,410.29,408.56,411.96,close,0.9653179190751107,0.004070291744863397,0.004216529771624992
2024-07-18,1,411.49,410.46,410.46,stop,-1.0,-0.0025030984957107316,0.0025030984957107815
2024-07-19,-1,404.4,406.06,402.91,close,0.8975903614457409,0.0036844708209692323,0.004104846686449122
2024-07-22,1,404.44,403.81,403.81,stop,-1.0,-0.0015577094253782509,0.0015577094253782897
2024-07-23,-1,403.645,404.45,404.45,stop,-1.0,-0.0019943266979647323,0.001994326697964813
2024-07-24,1,402.11,401.66,401.66,stop,-1.0,-0.0011190967645668959,0.0011190967645668811
2024-07-25,1,399.2201,398.3713,399.49,close,0.31797832233743206,0.0006760681639026433,0.0021261454520951797
2024-07-26,1,403.7001,401.71,406.02,close,1.1657203155619889,0.005746592581968635,0.004929649509623706
2024-07-29,-1,404.9,407.0,405.5,close,-0.28571428571429347,-0.0014818473697209011,0.005186465794023272
2024-07-30,1,406.66,405.8,405.8,stop,-1.0,-0.0021147887670289744,0.002114788767029001
2024-07-31,1,407.84,407.03,407.03,stop,-1.0,-0.00198607296979203,0.001986072969792081
2024-08-01,1,410.27,409.62,409.62,stop,-1.0,-0.0015843225193165056,0.0015843225193164924
2024-08-02,-1,398.52,400.38,397.2,close,0.7096774193548299,0.0033122553447756387,0.0046672688949112055
2024-08-05,-1,385.66,386.92,386.92,stop,-1.0,-0.0032671264844681414,0.0032671264844681604
2024-08-06,-1,387.17,387.86,387.86,stop,-1.0,-0.0017821628741896411,0.0017821628741896266
2024-08-07,1,392.73,391.59,391.59,stop,-1.0,-0.002902757619738905,0.0029027576197388615
2024-08-08,1,390.22,389.24,394.57,close,4.438775510203964,0.01114755778791432,0.002511403823484235
2024-08-09,-1,393.17,394.25,394.25,stop,-1.0,-0.002746903375130394,0.0027469033751303103
2024-08-12,-1,394.92,396.04,393.8,close,1.0,0.002836017421249837,0.002836017421249885
2024-08-13,1,395.39,394.45,394.45,stop,-1.0,-0.0023773995295783834,0.002377399529578385
2024-08-14,1,397.87,397.68,397.68,stop,-1.0,-0.00047754291602786214,0.00047754291602784257
2024-08-15,1,405.58,404.74,404.74,stop,-1.0,-0.0020711080428028605,0.002071108042802838
2024-08-16,1,405.25,405.01,405.01,gap-stop,-1.0,-0.0005922270203577717,0.0005922270203578263
2024-08-19,1,408.02,407.26,409.12,close,1.4473684210526787,0.002695946277143424,0.0018626537914807875
2024-08-20,-1,408.3,409.17,409.17,stop,-1.0,-0.0021307861866275424,0.0021307861866274908
2024-08-21,1,409.46,409.24,409.24,stop,-1.0,-0.0005372930200751025,0.0005372930200751489
2024-08-22,1,410.36,409.55,409.55,stop,-1.0,-0.0019738765961594407,0.0019738765961594754
2024-08-23,1,409.67,409.07,409.07,stop,-1.0,-0.0014645934532673266,0.0014645934532673194
2024-08-26,1,413.28,412.58,412.58,stop,-1.0,-0.0016937669376693165,0.0016937669376693493
2024-08-27,-1,412.13,412.639,412.639,stop,-1.0,-0.0012350471938467056,0.001235047193846637
2024-08-28,-1,412.18,413.19,413.19,stop,-1.0,-0.0024503857537969687,0.002450385753796863
2024-08-29,-1,412.8,414.57,414.57,stop,-1.0,-0.004287790697674376,0.0042877906976743745
2024-08-30,1,415.39,414.47,414.47,stop,-1.0,-0.0022147861046244444,0.0022147861046244713
2024-09-03,1,414.81,414.1,414.1,stop,-1.0,-0.001711627009956307,0.0017116270099563162
2024-09-04,1,410.93,409.6401,409.6401,stop,-1.0,-0.0031389774414133376,0.003138977441413352
2024-09-05,-1,409.64,411.66,408.47,close,0.5792079207920479,0.0028561663900008583,0.004931159066497507
2024-09-06,1,410.49,408.54,408.54,stop,-1.0,-0.0047504202294818,0.004750420229481811
2024-09-09,-1,406.5,407.46,407.46,stop,-1.0,-0.0023616236162360416,0.002361623616236112
2024-09-10,-1,408.55,410.13,408.23,close,0.20253164556961797,0.00078325786317468,0.003867335699424756
2024-09-11,-1,404.42,407.15,407.15,stop,-1.0,-0.006750407991691798,0.00675040799169171
2024-09-12,-1,409.4,410.88,410.88,stop,-1.0,-0.0036150464093795964,0.0036150464093796246
2024-09-13,1,413.46,412.35,414.94,close,1.3333333333334016,0.0035795482029701287,0.0026846611522274386
2024-09-16,1,417.67,416.39,416.39,stop,-1.0,-0.0030646203940910555,0.0030646203940910993
2024-09-17,1,418.53,417.93,417.93,stop,-1.0,-0.0014335889900364274,0.001433588990036475
2024-09-18,-1,416.59,417.67,417.6736,gap-stop,-1.0033333333333385,-0.0026011186058236824,0.002592477015771
2024-09-19,-1,421.99,422.15,420.3900000000003,target,10.0,0.0037915590416827127,0.00037915590416826977
2024-09-23,-1,420.99,421.7,421.11,close,-0.16901408450705352,-0.0002850424000571117,0.0016865008670039182
2024-09-24,1,421.86,421.03,421.03,stop,-1.0,-0.0019674773621581876,0.001967477362158159
2024-09-25,-1,422.06,422.94,419.09,close,3.3750000000000484,0.007036914182817711,0.002085011609723725
2024-09-26,1,421.32,420.78,420.78,stop,-1.0,-0.0012816861293079018,0.001281686129307938
2024-09-27,1,423.19,422.24,422.91,close,-0.294736842105238,-0.0006616413431318469,0.002244854557054724
2024-09-30,-1,421.47,422.57,422.57,stop,-1.0,-0.002609912923814184,0.002609912923814188
2024-10-01,-1,420.6,422.67,422.67,stop,-1.0,-0.004921540656205314,0.0049215406562054045
2024-10-02,-1,419.86,421.85,421.85,stop,-1.0,-0.004739675129805221,0.004739675129805195
2024-10-03,-1,420.3,420.83,420.83,stop,-1.0,-0.001261004044729841,0.0012610040447298897
2024-10-04,1,422.73,421.95,421.95,stop,-1.0,-0.0018451493861331159,0.0018451493861330625
2024-10-07,-1,421.51,422.24,422.24,stop,-1.0,-0.0017318687575620384,0.0017318687575621414
2024-10-08,-1,419.45,420.84,420.84,stop,-1.0,-0.003313863392537808,0.0033138633925378145
2024-10-09,-1,420.72,420.9,420.9,stop,-1.0,-0.00042783799201351336,0.0004278379920135719
2024-10-10,-1,424.5,425.06,425.06,stop,-1.0,-0.001319199057715048,0.0013191990577149642
2024-10-11,1,426.36,425.01,428.73,close,1.7555555555555293,0.0055586828032647695,0.003166338305657244
2024-10-14,-1,427.86,428.35,428.35,stop,-1.0,-0.0011452344224747169,0.0011452344224746624
2024-10-15,-1,428.69,430.13,427.53,close,0.8055555555555742,0.002705918029345278,0.003359070657118192
2024-10-16,1,427.71,426.92,430.73,close,3.8227848101268074,0.007060858993243269,0.0018470458955833712
2024-10-17,-1,432.27,432.8,432.8,stop,-1.0,-0.0012260855483841038,0.0012260855483841803
2024-10-18,-1,430.7599,432.5,432.5,stop,-1.0,-0.004039605357880394,0.004039605357880304
2024-10-21,-1,432.32,433.04,429.43,close,4.013888888888718,0.006684863064396751,0.0016654330125833348
2024-10-22,1,428.5,427.5,427.5,stop,-1.0,-0.002333722287047868,0.002333722287047841
2024-10-23,-1,426.95,427.11,427.11,stop,-1.0,-0.00037475114181995117,0.0003747511418199438
2024-10-25,-1,425.4,425.9,425.9,stop,-1.0,-0.0011753643629526245,0.0011753643629525154
2024-10-28,1,424.09,423.27,424.05,close,-0.048780487804834086,-9.431960197114897e-05,0.0019335518404112175
2024-10-29,1,422.32,421.76,422.51,close,0.33928571428570886,0.00044989581360099784,0.001326008713771553
2024-10-30,1,422.06,421.45,421.79,close,-0.44262295081963243,-0.0006397194711651455,0.0014452921385585311
2024-10-31,1,419.38,418.8903,418.8903,stop,-1.0,-0.0011676760932805008,0.0011676760932804872
2024-11-01,1,420.27,419.31,420.4,close,0.13541666666666483,0.0003093249577652557,0.0022842458419586923
2024-11-04,1,420.03,419.61,419.61,stop,-1.0,-0.0009999285765301957,0.0009999285765301504
2024-11-05,1,418.65,417.71,422.3,close,3.882978723404301,0.008718499940284286,0.0022453123133882665
2024-11-06,1,434.81,433.9,433.9,stop,-1.0,-0.002092868149306648,0.002092868149306651
2024-11-07,-1,436.75,438.0,438.0,stop,-1.0,-0.0028620492272466436,0.0028620492272467086
2024-11-08,-1,438.16,438.98,438.98,stop,-1.0,-0.0018714624794595736,0.0018714624794595425
2024-11-11,1,443.42,441.82,443.0,close,-0.26250000000000623,-0.0009471832574083905,0.003608317171079389
2024-11-12,1,443.89,443.42,443.42,stop,-1.0,-0.0010588208790465181,0.0010588208790465441
2024-11-13,-1,439.95,440.2,440.2,stop,-1.0,-0.0005682463916354408,0.0005682463916354131
2024-11-14,-1,440.46,440.94,437.7,close,5.749999999999763,0.006266176270262935,0.0010897697861327208
2024-11-15,1,435.95,435.59,435.59,stop,-1.0,-0.000825782773253847,0.0008257827732538448
2024-11-18,-1,433.87,434.4,434.4,stop,-1.0,-0.001221564062968028,0.0012215640629681074
2024-11-19,1,430.84,430.33,430.33,stop,-1.0,-0.0011837341008262836,0.0011837341008262717
2024-11-20,-1,433.21,433.83,433.83,stop,-1.0,-0.0014311765656378483,0.001431176565637923
2024-11-21,-1,435.04,436.05,436.05,stop,-1.0,-0.0023216255976461486,0.0023216255976461725
2024-11-22,-1,439.53,440.14,440.14,stop,-1.0,-0.0013878461083429716,0.0013878461083430339
2024-11-25,1,447.8142,446.5,446.5,stop,-1.0,-0.0029346992569686536,0.002934699256968689
2024-11-26,-1,445.97,446.88,446.88,stop,-1.0,-0.0020404959974884562,0.0020404959974885486
2024-11-27,1,450.4,449.14,449.14,stop,-1.0,-0.002797513321492029,0.002797513321491987
2024-12-02,-1,450.09,451.0,448.72,close,1.5054945054944067,0.003043835677308815,0.0020218178586505478
2024-12-03,-1,448.75,449.6,447.87,close,1.0352941176470258,0.0019610027855153644,0.0018941504178273487
2024-12-04,1,450.8901,449.75,449.75,stop,-1.0,-0.002528554075594047,0.0025285540755940706
2024-12-05,1,450.51,450.39,450.39,stop,-1.0,-0.0002663647865752683,0.0002663647865752249
2024-12-06,1,449.45,449.35,449.35,stop,-1.0,-0.00022249415952824148,0.00022249415952823652
2024-12-09,1,448.01,447.64,447.64,stop,-1.0,-0.0008258744224459713,0.0008258744224459377
2024-12-10,-1,443.31,444.63,444.63,stop,-1.0,-0.0029776003248291882,0.002977600324829111
2024-12-11,1,444.27,443.89,443.89,stop,-1.0,-0.0008553357192697675,0.0008553357192698032
2024-12-12,-1,442.21,442.81,442.81,stop,-1.0,-0.001356821419687515,0.0013568214196875302
2024-12-13,1,441.36,440.4,440.4,stop,-1.0,-0.002175095160413365,0.0021750951604133503
2024-12-16,-1,439.23,439.81,439.81,stop,-1.0,-0.001320492680372487,0.0013204926803724337
2024-12-17,1,436.5999,435.92,435.92,stop,-1.0,-0.0015572610071600268,0.0015572610071600454
2024-12-18,1,436.42,435.6,435.6,stop,-1.0,-0.0018789239723202567,0.0018789239723202263
2024-12-19,1,428.9,427.36,427.36,stop,-1.0,-0.0035905805549077963,0.0035905805549078192
2024-12-20,1,423.01,421.72,428.52,close,4.271317829457478,0.01302569679203791,0.003049573296139485
2024-12-23,-1,427.1,427.79,427.79,stop,-1.0,-0.0016155467103722287,0.0016155467103722728
2024-12-26,1,431.45,430.92,433.2,close,3.301886792453,0.00405608992930806,0.0012284158071618327
2024-12-27,1,431.0,430.28,430.28,stop,-1.0,-0.0016705336426914297,0.0016705336426914787
2024-12-30,-1,424.99,425.58,425.58,stop,-1.0,-0.00138826795924607,0.001388267959246041
2025-01-02,-1,427.7,428.7,428.7,stop,-1.0,-0.0023380874444705046,0.002338087444470423
2025-01-03,1,426.13,425.755,425.755,stop,-1.0,-0.0008800131415296342,0.0008800131415295802
2025-01-06,-1,428.54,429.03,429.03,stop,-1.0,-0.0011434171839266316,0.0011434171839267099
2025-01-07,-1,428.83,429.1,429.1,stop,-1.0,-0.0006296201291888792,0.000629620129188813
2025-01-08,-1,424.34,425.41,425.41,stop,-1.0,-0.002521562897676466,0.0025215628976765097
2025-01-10,-1,423.8,424.33,419.36,close,8.377358490566465,0.010476639924492659,0.0012505899008965848
2025-01-13,1,419.79,418.51,422.96,close,2.4765624999999107,0.0075513947449914465,0.0030491436194288323
2025-01-14,-1,424.43,425.02,425.02,stop,-1.0,-0.0013900996630775708,0.0013900996630774804
2025-01-15,1,431.7,430.77,430.77,stop,-1.0,-0.0021542738012508833,0.0021542738012508846
2025-01-16,1,432.65,431.71,431.71,stop,-1.0,-0.0021726568820061853,0.0021726568820062356
2025-01-17,-1,434.19,434.7,434.7,stop,-1.0,-0.0011746009811373082,0.0011746009811372691
2025-01-21,1,436.79,436.31,440.17,close,7.041666666666391,0.007738272396346169,0.001098926257469306
2025-01-22,-1,440.9825,441.73,441.73,stop,-1.0,-0.0016950786028924192,0.00169507860289241
2025-01-23,1,442.1,441.52,445.4,close,5.689655172413313,0.007464374575887778,0.0013119203800046164
2025-01-24,1,444.86,444.56,444.56,stop,-1.0,-0.0006743694645506837,0.0006743694645506707
2025-01-27,1,442.3,440.54,447.12,close,2.738636363636374,0.010897580827492703,0.003979199638254558
2025-01-28,1,447.7,446.87,446.87,stop,-1.0,-0.0018539200357381436,0.001853920035738182
2025-01-29,1,448.92,448.149,448.149,stop,-1.0,-0.0017174552258755194,0.0017174552258754677
2025-01-30,1,447.19,446.505,446.505,stop,-1.0,-0.001531787383438843,0.001531787383438812
2025-01-31,-1,449.82,450.36,445.35,close,8.277777777777409,0.009937308256635968,0.0012004801920768762
2025-02-03,1,441.14,439.45,439.45,stop,-1.0,-0.0038309833612911737,0.003830983361291195
2025-02-04,-1,443.7,444.25,444.25,stop,-1.0,-0.0012395762902861485,0.0012395762902862551
2025-02-05,-1,445.45,445.74,445.74,stop,-1.0,-0.0006510270512964933,0.0006510270512964878
2025-02-06,1,449.39,449.12,449.12,stop,-1.0,-0.0006008144373483848,0.0006008144373483652
2025-02-07,-1,447.45,447.85,447.85,stop,-1.0,-0.0008939546318025293,0.0008939546318025123
2025-02-10,-1,445.48,446.27,444.75,close,0.924050632911458,0.0016386818712400553,0.0017733680524377382
2025-02-11,1,443.78,443.26,443.26,stop,-1.0,-0.0011717517688945023,0.0011717517688944563
2025-02-12,-1,441.86,442.8,442.8,stop,-1.0,-0.0021273706603901488,0.0021273706603901635
2025-02-13,-1,443.81,445.33,445.33,stop,-1.0,-0.0034248890290888845,0.0034248890290889834
2025-02-14,-1,447.06,447.4,447.4,stop,-1.0,-0.0007605243144095386,0.000760524314409643
2025-02-18,-1,445.235,445.61,445.61,stop,-1.0,-0.0008422518445314608,0.0008422518445315395
2025-02-19,-1,444.46,444.8,444.8,stop,-1.0,-0.00076497322593716,0.0007649732259371639
2025-02-20,1,445.55,445.0,445.0,stop,-1.0,-0.0012344293569745979,0.0012344293569745513
2025-02-21,-1,439.11,439.39,436.3100000000003,target,10.0,0.0063765343535782115,0.0006376534353578208
2025-02-24,1,435.9,435.68,435.68,stop,-1.0,-0.0005047029135122338,0.0005047029135122057
2025-02-25,1,436.8,435.36,435.36,stop,-1.0,-0.003296703296703285,0.0032967032967032915
2025-02-26,-1,435.8,436.63,436.63,stop,-1.0,-0.0019045433685176416,0.001904543368517632
2025-02-27,1,435.19,434.36,434.36,stop,-1.0,-0.0019072129414737793,0.0019072129414738025
2025-02-28,-1,432.56,433.98,433.98,stop,-1.0,-0.0032827815794340687,0.003282781579434104
2025-03-03,1,440.19,439.41,439.41,stop,-1.0,-0.0017719621072718184,0.001771962107271798
2025-03-04,-1,427.91,429.79,429.79,stop,-1.0,-0.004393447220209845,0.004393447220209846
2025-03-05,1,426.6,425.03,425.03,stop,-1.0,-0.003680262541022161,0.0036802625410221517
2025-03-06,-1,425.35,426.55,426.55,stop,-1.0,-0.002821206065592996,0.0028212060655930142
2025-03-07,1,425.711,424.08,424.08,stop,-1.0,-0.003831237623646122,0.003831237623646156
2025-03-10,1,424.03,423.22,423.22,stop,-1.0,-0.0019102421998442587,0.001910242199844222
2025-03-11,-1,417.74,419.03,414.71,close,2.3488372093024146,0.007253315459376686,0.0030880451955761085
2025-03-12,-1,416.3,417.57,413.93,close,1.8661417322834948,0.00569300984866683,0.0030506846024501125
2025-03-13,1,413.44,412.46,412.46,stop,-1.0,-0.002370356037151744,0.0023703560371517466
2025-03-14,-1,410.26,411.3,411.3,stop,-1.0,-0.002534977818944073,0.002534977818944134
2025-03-17,1,416.66,414.84,419.21,close,1.4010989010988375,0.006120097921566536,0.004368069889118345
2025-03-18,-1,417.76,418.67,416.53,close,1.3516483516483344,0.002944274224435106,0.00217828418230569
2025-03-19,1,417.94,417.04,417.04,stop,-1.0,-0.002153419151074254,0.0021534191510742626
2025-03-20,1,418.25,417.64,420.14,close,3.098360655737613,0.004518828451882895,0.0014584578601315329
2025-03-21,-1,415.66,416.22,416.22,stop,-1.0,-0.001347254968002698,0.0013472549680027
2025-03-24,1,423.81,422.785,425.48,close,1.6292682926829785,0.003940445010735871,0.0024185366083857795
2025-03-25,1,426.54,425.97,425.97,stop,-1.0,-0.001336334224222746,0.0013363342242228
2025-03-26,1,426.86,426.31,426.31,stop,-1.0,-0.0012884786581081054,0.0012884786581080713
2025-03-27,-1,422.695,423.78,423.78,stop,-1.0,-0.002566862631448119,0.002566862631448159
2025-03-28,-1,421.72,422.25,422.25,stop,-1.0,-0.0012567580385089983,0.0012567580385088985
2025-03-31,1,412.95,412.16,412.16,stop,-1.0,-0.0019130645356579823,0.0019130645356579819
2025-04-01,-1,417.62,418.42,418.42,stop,-1.0,-0.0019156170681480233,0.0019156170681481044
2025-04-02,1,417.49,416.18,422.0,close,3.4427480916030406,0.010802653955783281,0.003137799707777437
2025-04-03,1,411.11,410.01,410.01,stop,-1.0,-0.0026756829072511756,0.0026756829072511557
2025-04-04,1,395.92,394.78,394.78,stop,-1.0,-0.002879369569610102,0.0028793695696101313
2025-04-07,-1,370.7,372.25,372.25,stop,-1.0,-0.004181278661990806,0.004181278661990859
2025-04-08,-1,391.7,393.61,393.61,stop,-1.0,-0.004876180750574388,0.0048761807505744836
2025-04-09,1,374.28,372.04,396.6799999999995,target,10.0,0.05984824195789118,0.005984824195789122
2025-04-10,-1,399.28,400.19,390.1799999999997,target,10.0,0.022791023842917868,0.002279102384291788
2025-04-11,-1,394.38,395.55,395.55,stop,-1.0,-0.00296668188041993,0.00296668188041994
2025-04-14,-1,406.38,407.76,407.76,stop,-1.0,-0.0033958364092721016,0.0033958364092720986
2025-04-15,1,405.84,404.81,404.81,stop,-1.0,-0.0025379459885668254,0.0025379459885668558
2025-04-16,-1,402.1,402.73,402.73,stop,-1.0,-0.0015667744342202639,0.0015667744342203317
2025-04-17,1,391.75,391.15,391.15,stop,-1.0,-0.0015315890236120566,0.0015315890236120555
2025-04-21,-1,387.3,388.7,381.58,close,4.085714285714372,0.014768912987348393,0.0036147689129872895
2025-04-22,-1,385.79,386.22,386.22,stop,-1.0,-0.0011145960237435304,0.001114596023743505
2025-04-23,1,400.23,398.955,398.955,stop,-1.0,-0.0031856682407616077,0.003185668240761647
2025-04-24,-1,394.11,395.55,395.55,stop,-1.0,-0.0036538022379539736,0.0036538022379538648
2025-04-25,1,400.23,399.7858,399.7858,stop,-1.0,-0.0011098618294481666,0.001109861829448126
2025-04-28,1,402.76,401.8,401.8,stop,-1.0,-0.002383553480981182,0.0023835534809811786
2025-04-29,1,403.16,402.29,402.29,stop,-1.0,-0.0021579521777954636,0.0021579521777954276
2025-04-30,-1,401.18,402.43,402.43,stop,-1.0,-0.0031158083653222146,0.003115808365322299
2025-05-01,-1,407.92,409.0,409.0,stop,-1.0,-0.0026475779564620883,0.0026475779564620124
2025-05-02,1,412.54,411.55,411.55,stop,-1.0,-0.0023997672952925653,0.0023997672952925995
2025-05-05,1,411.47,410.46,412.28,close,0.80198019801971,0.0019685517777723316,0.002454613945123697
2025-05-06,1,409.71,408.24,408.24,stop,-1.0,-0.0035879036391592845,0.0035879036391593335
2025-05-07,1,409.89,409.56,409.56,stop,-1.0,-0.0008050940496230341,0.0008050940496230308
2025-05-08,1,413.53,413.05,413.05,stop,-1.0,-0.0011607380359344166,0.0011607380359344216
2025-05-09,1,414.9328,414.41,414.41,stop,-1.0,-0.001259963059078384,0.0012599630590783882
2025-05-12,-1,422.21,423.61,423.61,stop,-1.0,-0.0033158854598422938,0.0033158854598423397
2025-05-13,-1,422.22,422.86,422.86,stop,-1.0,-0.0015157974515656036,0.0015157974515655022
2025-05-14,1,422.59,422.04,422.04,stop,-1.0,-0.0013014979057714982,0.0013014979057714442
2025-05-15,1,419.01,418.49,423.52,close,8.67307692307721,0.010763466265721666,0.0012410205007039972
2025-05-16,-1,422.64,423.76,423.76,stop,-1.0,-0.0026500094643195915,0.0026500094643195264
2025-05-19,1,424.68,423.63,428.05,close,3.209523809523779,0.00793538664406146,0.0024724498445888934
2025-05-20,1,427.68,427.34,427.34,stop,-1.0,-0.0007949869060981385,0.0007949869060980917
2025-05-21,1,423.62,423.05,423.05,stop,-1.0,-0.001345545536093673,0.0013455455360936528
2025-05-22,1,417.98,417.74,417.74,stop,-1.0,-0.0005741901526389315,0.0005741901526389039
2025-05-23,1,415.04,413.83,416.35,close,1.0826446280991429,0.0031563222821897607,0.002915381649961537
2025-05-27,-1,419.795,420.73,420.73,stop,-1.0,-0.002227277599780919,0.0022272775997808506
2025-05-28,1,424.36,423.67,423.67,stop,-1.0,-0.0016259779432556964,0.001625977943255721
2025-05-29,-1,421.84,422.55,422.55,stop,-1.0,-0.0016831025981416392,0.0016831025981415618
2025-05-30,-1,421.727,422.18,422.18,stop,-1.0,-0.0010741546071273422,0.0010741546071274342
2025-06-02,1,421.98,421.12,421.12,stop,-1.0,-0.0020380112801554606,0.0020380112801554897
2025-06-03,1,424.16,423.06,423.06,stop,-1.0,-0.002593360995850724,0.0025933609958506756
2025-06-04,1,426.8609,426.3,426.3,stop,-1.0,-0.001314011191936304,0.0013140111919363047
2025-06-05,-1,425.08,425.95,425.95,stop,-1.0,-0.002046673567328572,0.0020466735673285138
2025-06-06,1,428.88,427.52,427.52,stop,-1.0,-0.0031710501772057587,0.003171050177205777
2025-06-09,-1,427.36,428.71,428.71,stop,-1.0,-0.0031589292399849533,0.0031589292399849442
2025-06-10,1,428.42,428.19,428.19,stop,-1.0,-0.0005368563559124961,0.0005368563559124648
2025-06-11,-1,429.21,429.92,429.92,stop,-1.0,-0.0016542019058269908,0.0016542019058270693
2025-06-12,-1,427.27,428.33,428.33,stop,-1.0,-0.0024808668991505023,0.0024808668991504255
2025-06-13,-1,425.61,426.64,426.64,stop,-1.0,-0.002420055919738706,0.0024200559197386637
2025-06-16,1,425.87,424.88,426.28,close,0.4141414141413782,0.0009627351069574352,0.0023246530631413557
2025-06-17,1,424.95,424.21,424.21,stop,-1.0,-0.0017413813389810517,0.001741381338981078
2025-06-18,-1,423.33,423.69,423.69,stop,-1.0,-0.0008504003968534679,0.0008504003968535507
2025-06-20,-1,423.17,423.49,423.49,stop,-1.0,-0.0007561972729634991,0.0007561972729635682
2025-06-23,-1,421.5,422.0399,422.0399,stop,-1.0,-0.0012809015421115788,0.0012809015421114797
2025-06-24,1,428.74,428.38,428.38,stop,-1.0,-0.0008396697299062339,0.0008396697299062687
2025-06-25,1,430.81,430.36,430.36,stop,-1.0,-0.0010445439985143912,0.0010445439985143998
2025-06-26,1,431.96,430.8,433.9,close,1.6724137931034921,0.00449115658857302,0.0026854338364662657
2025-06-27,1,435.235,435.1,436.5849999999999,target,10.0,0.0031017726056037365,0.000310177260560366
2025-06-30,-1,439.99,440.46,440.46,stop,-1.0,-0.001068206095593105,0.0010682060955930146
2025-07-01,1,440.73,440.0,444.9,close,5.712328767123089,0.009461575114015242,0.0016563428856670027
2025-07-02,-1,443.89,444.99,444.99,stop,-1.0,-0.002478091419045203,0.00247809141904531
2025-07-07,1,447.52,446.61,446.61,stop,-1.0,-0.0020334286735788076,0.0020334286735787634
2025-07-08,-1,442.98,443.85,443.85,stop,-1.0,-0.001963971285385391,0.001963971285385355
2025-07-09,1,444.71,444.11,444.11,stop,-1.0,-0.0013491938566705386,0.0013491938566705627
2025-07-10,-1,444.36,444.41,444.41,stop,-1.0,-0.00011252137906203608,0.00011252137906204736
2025-07-11,-1,443.52,444.46,443.58,close,-0.06382978723404513,-0.00013528138528129396,0.0021194083694083643
2025-07-14,-1,442.88,443.32,443.32,stop,-1.0,-0.0009934971098266576,0.0009934971098265845
2025-07-15,-1,444.13,445.17,440.17,close,3.807692307692213,0.00891630828811385,0.0023416567221309537
2025-07-16,1,442.17,441.09,441.09,stop,-1.0,-0.002442499491146055,0.0024424994911460317
2025-07-17,1,443.5,441.98,445.12,close,1.0657894736842262,0.0036527621195039384,0.003427282976324649
2025-07-18,-1,444.3,445.78,443.29,close,0.6824324324324441,0.0022732388026108774,0.0033310826018455126
2025-07-21,-1,444.11,444.57,444.57,stop,-1.0,-0.0010357794240165585,0.0010357794240165264
2025-07-22,1,443.68,442.84,444.96,close,1.5238095238094336,0.0028849621348718824,0.0018932564010098085
2025-07-23,1,447.42,447.11,447.11,stop,-1.0,-0.0006928612936391021,0.0006928612936390914
2025-07-24,1,447.25,446.75,447.07,close,-0.36000000000001364,-0.00040245947456685194,0.0011179429849077697
2025-07-25,1,447.68,447.19,447.19,stop,-1.0,-0.0010945318084346622,0.0010945318084346165
2025-07-28,1,448.75,448.57,448.57,stop,-1.0,-0.0004011142061280948,0.0004011142061281489
2025-07-29,-1,448.32,448.85,446.44,close,3.5471698113205483,0.004193433261955759,0.0011821912919343985
2025-07-30,-1,446.66,446.99,446.99,stop,-1.0,-0.000738816997268632,0.0007388169972685803
2025-07-31,1,445.59,444.8,444.8,stop,-1.0,-0.0017729302722232498,0.0017729302722232628
2025-08-01,-1,436.45,437.76,435.74,close,0.541984732824411,0.001626761370145391,0.0030014892885783075
2025-08-04,1,438.76,437.59,441.78,close,2.5811965811965307,0.00688303400492285,0.0026666058893244963
2025-08-05,1,442.34,441.63,441.63,stop,-1.0,-0.001605100149206451,0.0016051001492064466
2025-08-06,-1,441.04,442.16,442.16,stop,-1.0,-0.0025394522038817424,0.002539452203881744
2025-08-07,1,444.76,443.92,443.92,stop,-1.0,-0.0018886590520730273,0.001888659052072972
2025-08-08,1,441.15,440.75,440.75,stop,-1.0,-0.0009067210699308381,0.000906721069930811
2025-08-11,1,442.54,442.08,442.08,stop,-1.0,-0.0010394540606499802,0.001039454060649967
2025-08-12,1,442.42,441.64,441.64,stop,-1.0,-0.001763030604403082,0.0017630306044031227
2025-08-13,1,446.84,446.05,449.43,close,3.278481012658419,0.005796258168472068,0.0017679706382596986
2025-08-14,1,448.06,447.22,447.22,stop,-1.0,-0.0018747489175556797,0.0018747489175556288
2025-08-15,-1,450.47,452.05,449.54,close,0.5886075949367191,0.002064510400248687,0.0035074477767664527
2025-08-18,1,449.39,448.82,448.82,stop,-1.0,-0.001268386034402158,0.0012683860344021745
2025-08-19,1,449.805,449.54,449.54,stop,-1.0,-0.0005891441847022394,0.0005891441847022295
2025-08-20,1,450.31,449.67,449.67,stop,-1.0,-0.0014212431436121387,0.001421243143612148
2025-08-21,-1,447.35,447.77,447.77,stop,-1.0,-0.0009388621884429682,0.000938862188442962
2025-08-22,1,450.82,450.29,456.1199999999997,target,10.0,0.011756355086286696,0.0011756355086286604
2025-08-25,1,455.8,455.36,455.36,stop,-1.0,-0.0009653356735410679,0.0009653356735410218
2025-08-26,1,453.15,452.54,454.49,close,2.1967213114756174,0.0029570782301666654,0.0013461326271653024
2025-08-27,1,454.92,454.21,456.01,close,1.5352112676055198,0.0023960256748438713,0.0015607139716874096
2025-08-28,-1,456.0,456.53,456.54,gap-stop,-1.018867924528393,-0.0011842105263157876,0.0011622807017543262
2025-08-29,1,456.24,456.07,456.07,stop,-1.0,-0.00037261090654050477,0.0003726109065404522
2025-09-02,-1,450.66,452.14,452.14,stop,-1.0,-0.003284072249589487,0.003284072249589405
2025-09-03,1,453.52,452.83,452.83,stop,-1.0,-0.0015214323513846884,0.001521432351384719
2025-09-04,-1,452.97,453.71,453.71,stop,-1.0,-0.00163366227343964,0.0016336622734396367
2025-09-05,1,458.19,457.12,457.12,stop,-1.0,-0.002335275758964639,0.002335275758964607
2025-09-08,-1,454.885,455.44,455.44,stop,-1.0,-0.0012200885938205008,0.0012200885938204312
2025-09-09,1,456.2,455.82,455.82,stop,-1.0,-0.000832967996492795,0.0008329679964927564
2025-09-10,-1,457.16,457.84,457.84,stop,-1.0,-0.0014874442208416827,0.001487444220841609
2025-09-11,1,457.53,456.6,461.91,close,4.709677419355148,0.009573142744738083,0.0020326535964853673
2025-09-12,1,461.5,460.79,460.79,stop,-1.0,-0.0015384615384614886,0.0015384615384614942
2025-09-15,-1,459.89,460.54,460.54,stop,-1.0,-0.00141338146078418,0.0014133814607841747
2025-09-16,1,460.48,459.91,459.91,stop,-1.0,-0.0012378387769284016,0.0012378387769284077
2025-09-17,1,460.77,459.76,459.76,stop,-1.0,-0.002191982985003338,0.0021919829850033444
2025-09-18,-1,461.0,461.81,461.81,stop,-1.0,-0.001757049891540241,0.001757049891540135
2025-09-19,-1,461.58,462.77,462.77,stop,-1.0,-0.002578101304215874,0.002578101304215949
2025-09-22,-1,460.68,461.45,461.45,stop,-1.0,-0.0016714422158548015,0.001671442215854784
2025-09-23,1,465.13,464.17,464.17,stop,-1.0,-0.0020639391137960983,0.002063939113796099
2025-09-24,1,464.39,463.38,463.38,stop,-1.0,-0.0021748961002605594,0.0021748961002605372
2025-09-25,1,460.06,459.57,459.57,stop,-1.0,-0.0010650784680259484,0.0010650784680259293
2025-09-26,1,461.82,460.98,460.98,stop,-1.0,-0.0018188904768090541,0.0018188904768090923
2025-09-29,-1,462.73,463.775,463.04,close,-0.2966507177033631,-0.000669937112354857,0.002258336394873812
2025-09-30,1,462.77,462.56,462.56,stop,-1.0,-0.00045378913931326537,0.00045378913931322156
2025-10-01,1,463.54,462.55,464.25,close,0.7171717171716899,0.0015316909004616797,0.002135738016136707
2025-10-02,1,464.99,463.83,463.83,stop,-1.0,-0.002494677304888282,0.002494677304888331
2025-10-03,1,466.65,465.68,467.51,close,0.8865979381443709,0.0018429229615344322,0.0020786456659165767
2025-10-06,-1,468.14,468.47,464.8399999999996,target,10.0,0.00704917332422017,0.0007049173324220126
2025-10-07,1,468.46,467.37,467.37,stop,-1.0,-0.0023267728301241686,0.0023267728301241838
2025-10-08,-1,465.79,467.37,467.37,stop,-1.0,-0.0033920865626140273,0.003392086562614019
2025-10-09,1,466.21,465.69,465.69,stop,-1.0,-0.0011153771905364485,0.0011153771905364146
2025-10-10,1,465.49,464.72,464.72,stop,-1.0,-0.0016541708737028982,0.0016541708737029405
2025-10-13,1,459.66,458.06,460.7,close,0.649999999999968,0.0022625418787798335,0.003480833659661538
2025-10-14,-1,456.6,457.405,457.405,stop,-1.0,-0.0017630310994305454,0.0017630310994304643
2025-10-15,1,464.65,464.19,464.19,stop,-1.0,-0.000989992467448575,0.0009899924674485732
2025-10-16,1,463.64,462.91,462.91,stop,-1.0,-0.001574497454921886,0.001574497454921839
2025-10-17,1,460.6,459.16,459.16,stop,-1.0,-0.00312635692574903,0.003126356925749018
2025-10-20,1,464.04,463.43,466.99,close,4.836065573770365,0.0063572105852942595,0.0013145418498405604
2025-10-21,1,467.07,466.91,468.6699999999997,target,10.0,0.0034256107221608545,0.0003425610722160879
2025-10-22,-1,468.45,469.24,465.81,close,3.3417721518986303,0.005635606788344516,0.0016864126374213266
2025-10-23,1,465.97,465.15,465.15,stop,-1.0,-0.0017597699422711166,0.001759769942271069
2025-10-24,1,470.11,469.28,472.17,close,2.481927710843254,0.004381953159898755,0.001765544234328223
2025-10-27,-1,474.71,475.16,475.16,stop,-1.0,-0.0009479471677447115,0.0009479471677446135
2025-10-28,-1,478.39,479.14,479.14,stop,-1.0,-0.0015677585233804248,0.0015677585233805054
2025-10-29,-1,478.605,479.0,479.0,stop,-1.0,-0.0008253152390802487,0.0008253152390802056
2025-10-30,1,475.93,473.91,475.03,close,-0.4455445544554664,-0.001891034395814617,0.004244321643939197
2025-10-31,-1,475.61,476.14,476.14,stop,-1.0,-0.0011143584028929787,0.0011143584028930694
2025-11-03,-1,475.37,476.3,473.49,close,2.0215053763440665,0.00395481414477139,0.001956370826934823
2025-11-04,-1,468.92,470.73,470.73,stop,-1.0,-0.003859933464130272,0.003859933464130347
2025-11-05,1,471.37,470.63,470.63,stop,-1.0,-0.0015698920168869535,0.0015698920168869658
2025-11-06,1,472.98,472.03,472.03,stop,-1.0,-0.0020085415873821733,0.0020085415873822266
2025-11-07,-1,466.87,468.28,468.28,stop,-1.0,-0.003020112665195862,0.003020112665195811
2025-11-10,1,472.69,471.64,471.64,stop,-1.0,-0.0022213289894010835,0.0022213289894011117
2025-11-11,-1,474.18,475.02,475.02,stop,-1.0,-0.001771479185119551,0.001771479185119522
2025-11-12,1,482.41,480.49,482.78,close,0.1927083333333045,0.0007669824423206517,0.003980016997989295
2025-11-13,1,482.02,481.29,481.29,stop,-1.0,-0.0015144599809135961,0.0015144599809135749
2025-11-14,-1,469.16,471.44,471.44,stop,-1.0,-0.004859749339244601,0.004859749339244549
2025-11-17,1,471.63,470.31,470.31,stop,-1.0,-0.002798804147318812,0.0027988041473188583
2025-11-18,1,462.46,460.9101,460.9101,stop,-1.0,-0.0033514249881070324,0.0033514249881070354
2025-11-20,1,467.82,466.46,466.46,stop,-1.0,-0.0029071010217605053,0.0029071010217605353
2025-11-21,1,459.94,458.9,458.9,stop,-1.0,-0.0022611644997173608,0.002261164499717399
2025-11-24,1,463.82,462.96,462.96,stop,-1.0,-0.0018541675650036726,0.0018541675650036948
2025-11-25,1,467.29,465.52,465.52,stop,-1.0,-0.003787797727321407,0.003787797727321446
2025-11-26,1,473.05,471.93,474.29,close,1.1071428571428608,0.0026212873903392886,0.0023676144170806566
2025-12-01,1,474.76,474.21,474.21,stop,-1.0,-0.0011584800741427648,0.0011584800741427487
2025-12-02,-1,473.51,475.01,475.01,stop,-1.0,-0.003167831724778747,0.00316783172477878
2025-12-03,1,475.16,474.67,480.0600000000001,target,10.0,0.010312315851502829,0.0010312315851502842
2025-12-04,1,480.72,479.69,479.69,stop,-1.0,-0.0021426194042271085,0.0021426194042270543
2025-12-05,1,479.81,479.45,479.45,stop,-1.0,-0.0007502969925595737,0.0007502969925595833
2025-12-08,-1,479.31,480.52,478.14,close,0.9669421487603601,0.0024410089503661414,0.002524462247814524
2025-12-09,1,479.495,477.93,477.93,stop,-1.0,-0.0032638505093900427,0.0032638505093900826
2025-12-10,-1,475.72,476.51,476.51,stop,-1.0,-0.0016606407130244083,0.0016606407130243916
2025-12-11,1,483.35,481.96,487.89,close,3.2661870503595845,0.009392779559325382,0.0028757629047275125
2025-12-12,1,488.8,488.33,488.33,stop,-1.0,-0.0009615384615385691,0.0009615384615385173
2025-12-15,-1,486.92,487.73,485.15,close,2.185185185185227,0.0036350940606260096,0.0016635176209644342
2025-12-16,1,484.89,484.36,484.36,stop,-1.0,-0.0010930314091854854,0.0010930314091855322
2025-12-17,1,483.55,482.4824,482.4824,stop,-1.0,-0.002207837865784379,0.00220783786578436
2025-12-18,1,483.23,482.08,482.08,stop,-1.0,-0.002379819133745853,0.002379819133745906
2025-12-19,1,481.97,480.43,481.16,close,-0.5259740259740204,-0.0016806025271282055,0.003195219619478433
2025-12-22,1,483.18,481.86,483.43,close,0.18939393939394036,0.0005174055217518347,0.0027319011548491102
2025-12-23,1,482.72,482.18,484.19,close,2.7222222222220642,0.003045243619489435,0.0011186609214451865
2025-12-26,-1,486.7,487.17,487.17,stop,-1.0,-0.0009656872816929951,0.0009656872816930908
2025-12-29,1,486.44,485.86,485.86,stop,-1.0,-0.0011923361565659985,0.0011923361565660392
2025-12-30,-1,482.95,484.665,483.61,close,-0.38483965014578003,-0.0013666010974220377,0.003551092245574142
2025-12-31,-1,482.89,483.81,480.58,close,2.5108695652173503,0.0047836981507175524,0.0019051958002858124
2026-01-02,-1,479.94,481.98,481.98,stop,-1.0,-0.0042505313164145075,0.004250531316414594
2026-01-05,1,487.21,484.245,489.79,close,0.870151770657694,0.00529545781080043,0.006085671476365377
2026-01-06,1,489.93,488.96,494.6,close,4.814432989690602,0.009531973955463124,0.0019798746759741746
2026-01-07,-1,494.69,496.25,489.97,close,3.0256410256410025,0.00954132891305659,0.0031534900644848334
2026-01-08,1,488.78,487.81,492.5,close,3.8350515463918975,0.007610786038708683,0.001984532918695467
2026-01-09,1,494.045,492.79,492.79,stop,-1.0,-0.0025402544302643992,0.0025402544302644404
2026-01-12,-1,490.35,492.38,492.38,stop,-1.0,-0.004139900071377545,0.004139900071377532
2026-01-13,-1,495.34,495.96,491.89,close,5.5645161290321985,0.006964912989057992,0.0012516655226713057
2026-01-14,1,491.12,490.56,490.56,stop,-1.0,-0.0011402508551880963,0.001140250855188146
2026-01-15,1,493.03,492.21,494.51,close,1.804878048780525,0.0030018457294689327,0.0016631847960570214
2026-01-16,1,494.995,494.45,494.45,stop,-1.0,-0.0011010212224366045,0.0011010212224366225
2026-01-20,1,486.63,485.955,485.955,stop,-1.0,-0.001387090808211644,0.001387090808211601
2026-01-21,1,486.68,485.56,490.79,close,3.6696428571428545,0.00844497411029832,0.002301306813511968
2026-01-22,1,495.17,493.19,493.19,stop,-1.0,-0.003998626734252886,0.00399862673425292
2026-01-23,-1,491.185,492.13,490.95,close,0.2486772486772649,0.0004784348056231513,0.0019239186864419581
2026-01-26,1,492.37,491.47,494.04,close,1.85555555555562,0.003391758230598896,0.0018278936572089634
2026-01-28,1,490.71,490.1,490.1,stop,-1.0,-0.0012430967373804336,0.0012430967373804423
2026-01-29,1,491.69,489.91,489.91,stop,-1.0,-0.0036201671785067724,0.0036201671785067273
2026-01-30,1,490.0,488.91,488.91,stop,-1.0,-0.002224489795918272,0.002224489795918316
2026-02-02,1,489.98,486.98,494.03,close,1.3499999999999848,0.00826564349565273,0.006122698885668802
2026-02-03,1,494.9,493.11,493.11,stop,-1.0,-0.0036168923014749943,0.003616892301474972
2026-02-04,1,495.41,493.89,493.89,stop,-1.0,-0.003068165761692443,0.0030681657616924134
2026-02-05,-1,491.86,493.17,493.17,stop,-1.0,-0.0026633594925384863,0.002663359492538532
2026-02-06,1,494.63,492.13,500.98,close,2.540000000000009,0.01283787881851084,0.005054282999413703
2026-02-09,1,500.14,499.71,499.71,stop,-1.0,-0.0008597592674051135,0.0008597592674051402
2026-02-10,1,503.25,502.22,502.22,stop,-1.0,-0.0020466964729258796,0.002046696472925927
2026-02-11,1,504.74,503.9,503.9,stop,-1.0,-0.0016642231644015126,0.0016642231644015371
2026-02-12,1,504.25,502.88,502.88,stop,-1.0,-0.002716906296479915,0.00271690629647993
2026-02-13,-1,493.57,495.16,495.16,stop,-1.0,-0.0032214275584010466,0.003221427558401102
2026-02-17,1,495.78,495.21,495.21,stop,-1.0,-0.0011497034975190834,0.0011497034975190472
2026-02-18,-1,496.52,497.0,497.0,stop,-1.0,-0.0009667284298719991,0.0009667284298719451
2026-02-19,-1,494.82,495.99,495.99,stop,-1.0,-0.002364496180429221,0.0023644961804292794
2026-02-20,-1,492.1,492.86,492.86,stop,-1.0,-0.001544401544401497,0.0015444015444015257
2026-02-23,1,496.5,494.34,494.34,stop,-1.0,-0.004350453172205504,0.004350453172205488
2026-02-24,1,489.14,487.45,491.75,close,1.5443786982248622,0.0053358956535960456,0.0034550435458150994
2026-02-25,-1,493.26,494.3,494.3,stop,-1.0,-0.002108421522118098,0.0021084215221181942
2026-02-26,1,497.43,496.16,496.16,stop,-1.0,-0.0025531230524897808,0.002553123052489761
2026-02-27,1,489.76,489.47,489.47,stop,-1.0,-0.0005921267559619858,0.0005921267559620296
2026-03-02,1,485.37,484.15,489.21,close,3.1475409836064663,0.007911490203349913,0.002513546366689386
2026-03-03,1,480.54,480.15,480.15,stop,-1.0,-0.0008115869646648788,0.000811586964664842
2026-03-04,-1,485.97,488.04,488.04,stop,-1.0,-0.00425952219272796,0.004259522192727932
2026-03-05,1,485.17,483.66,483.66,stop,-1.0,-0.0031123111486695,0.00311231114866952
2026-03-06,-1,472.02,473.82,473.82,stop,-1.0,-0.0038133977373839834,0.0038133977373840332
2026-03-09,-1,470.08,471.42,471.42,stop,-1.0,-0.00285057862491489,0.002850578624914976
2026-03-10,-1,477.67,478.39,478.39,stop,-1.0,-0.0015073167668053777,0.0015073167668054734
2026-03-11,-1,476.84,477.77,474.83,close,2.1612903225806197,0.004215250398456494,0.001950339736599293
2026-03-12,-1,468.99,470.43,470.43,stop,-1.0,-0.0030704279408941826,0.003070427940894257
2026-03-13,1,471.1,469.78,469.78,stop,-1.0,-0.0028019528762471824,0.002801952876247187
2026-03-16,-1,469.74,470.67,470.67,stop,-1.0,-0.0019798186230681747,0.001979818623068095
2026-03-17,1,474.62,473.19,473.19,stop,-1.0,-0.0030129366651215905,0.0030129366651215853
2026-03-18,1,469.1,468.09,468.09,stop,-1.0,-0.0021530590492433443,0.0021530590492433335
2026-03-19,1,460.15,458.77,458.77,stop,-1.0,-0.002999022058024603,0.0029990220580245475
2026-03-20,1,458.77,458.6,458.6,stop,-1.0,-0.00037055605205216224,0.0003705560520521374
2026-03-23,-1,462.1,463.96,463.96,stop,-1.0,-0.004025102791603397,0.0040251027916034555
2026-03-24,1,458.89,457.95,457.95,stop,-1.0,-0.002048421190263494,0.002048421190263457
2026-03-25,1,466.3,465.63,465.63,stop,-1.0,-0.0014368432339695314,0.0014368432339695817
2026-03-26,1,461.73,461.38,465.23000000000025,target,10.0,0.0075801875554983855,0.0007580187555498294
2026-03-27,-1,455.69,457.5,451.37,close,2.3867403314917057,0.009480129035089657,0.0039719985077574715
2026-03-30,-1,455.23,456.09,456.09,stop,-1.0,-0.0018891549326713886,0.0018891549326713018
2026-03-31,-1,456.14,457.49,457.49,stop,-1.0,-0.002959617661244307,0.0029596176612444046
2026-04-01,1,466.24,465.99,465.99,stop,-1.0,-0.0005362045298559215,0.0005362045298558683
2026-04-02,-1,459.95,460.27,460.27,stop,-1.0,-0.0006957277964996234,0.0006957277964996047
2026-04-06,1,464.96,463.46,466.8,close,1.2266666666666879,0.003957329662766851,0.0032260839642119753
2026-04-07,-1,464.17,466.05,466.05,stop,-1.0,-0.004050240213714806,0.0040502402137147925
2026-04-08,1,479.66,478.59,478.59,stop,-1.0,-0.0022307467789685065,0.0022307467789685403
2026-04-09,-1,477.52,477.88,477.88,stop,-1.0,-0.0007538951248116099,0.0007538951248115548
2026-04-10,-1,480.595,482.4,479.22,close,0.7617728531856167,0.002861036839750697,0.003755761087818121
2026-04-13,-1,475.84,476.87,476.87,stop,-1.0,-0.0021645931405516183,0.002164593140551508
2026-04-14,1,482.42,481.86,485.54,close,5.571428571428557,0.006467393557481049,0.0011608142282658312
2026-04-15,-1,486.23,487.0801,484.65,close,1.8586048700153457,0.0032494909816342954,0.0017483495465109055
2026-04-16,1,485.9,485.27,485.27,stop,-1.0,-0.0012965630788227545,0.0012965630788227937
2026-04-17,1,492.36,490.36,494.21,close,0.924999999999983,0.0037574132748394717,0.004062068405231944
2026-04-20,1,493.91,493.45,493.45,stop,-1.0,-0.0009313437670831481,0.0009313437670831454
2026-04-21,-1,496.96,497.46,497.46,stop,-1.0,-0.0010061171925306311,0.001006117192530586
2026-04-22,-1,495.14,495.61,495.61,stop,-1.0,-0.000949226481399279,0.0009492264813992554
2026-04-23,-1,492.23,493.56,493.56,stop,-1.0,-0.0027019889076245196,0.002701988907624452
2026-04-24,-1,491.19,493.49,492.17,close,-0.42608695652174494,-0.0019951546244834084,0.004682505751338609
2026-04-27,1,493.0,491.44,491.44,stop,-1.0,-0.0031643002028397538,0.003164300202839761
2026-04-28,-1,493.07,493.82,491.37,close,2.2666666666666515,0.0034477863183726143,0.0015210821992820492
2026-04-29,-1,490.02,491.49,488.7,close,0.8979591836734481,0.002693767601322339,0.0029998775560181774
2026-04-30,1,491.68,490.39,496.59,close,3.8062015503875117,0.009986169866579742,0.002623657663521031
2026-05-01,-1,498.12,498.855,498.855,stop,-1.0,-0.001475548060708265,0.0014755480607082905
2026-05-04,-1,492.99,493.72,493.72,stop,-1.0,-0.001480760258828706,0.0014807602588288163
2026-05-05,-1,491.6075,492.13,492.13,stop,-1.0,-0.001062839765463286,0.00106283976546326
2026-05-06,1,497.5,496.9,498.99,close,2.4833333333332543,0.0029949748743718363,0.0012060301507538145
2026-05-07,-1,499.98,501.2,495.92,close,3.327868852459099,0.008120324812992519,0.002440097603904097
2026-05-08,-1,497.35,498.55,496.08,close,1.0583333333333755,0.002553533728762547,0.0024127877752085827
2026-05-11,-1,495.465,496.53,496.53,stop,-1.0,-0.0021494959280674575,0.0021494959280675685
2026-05-12,-1,495.26,497.12,497.12,stop,-1.0,-0.003755603117554518,0.0037556031175544433
2026-05-13,-1,495.3,496.3,496.3,stop,-1.0,-0.0020189783969311037,0.0020189783969311527
2026-05-14,-1,499.91,501.69,501.69,stop,-1.0,-0.0035606409153647878,0.003560640915364711
2026-05-15,-1,496.7,497.74,495.4,close,1.2499999999999862,0.0026172740084557944,0.002093819206764688
2026-05-18,-1,494.89,496.025,496.025,stop,-1.0,-0.0022934389460282922,0.002293438946028392
2026-05-19,-1,493.59,495.36,495.36,stop,-1.0,-0.003585972163131501,0.003585972163131422
2026-05-20,-1,493.25,495.87,495.87,stop,-1.0,-0.005311708058793663,0.005311708058793724
2026-05-21,-1,497.79,498.78,498.78,stop,-1.0,-0.0019887904538056222,0.001988790453805726
2026-05-22,-1,506.15,507.3253,507.3253,stop,-1.0,-0.0023220389212685877,0.002322038921268497
2026-05-26,-1,506.94,508.09,508.09,stop,-1.0,-0.002268513039018316,0.0022685130390183795
2026-05-27,1,507.09,505.81,506.87,close,-0.17187499999998057,-0.00043384803486556933,0.002524206748308925
2026-05-28,-1,505.17,505.56,505.56,stop,-1.0,-0.0007720173406970954,0.000772017340697164
2026-05-29,1,508.62,507.2,510.73,close,1.4859154929577394,0.0041484802013291855,0.002791868192363682
2026-06-01,-1,509.79,509.98,509.98,stop,-1.0,-0.00037270248533705086,0.0003727024853370951
2026-06-02,1,512.23,508.93,514.06,close,0.5545454545454306,0.0035726138648652928,0.006442418444839254
2026-06-03,1,512.41,510.64,510.64,stop,-1.0,-0.0034542651392439616,0.0034542651392439295
2026-06-04,-1,513.15,513.92,513.92,stop,-1.0,-0.0015005359056805556,0.001500535905680565
2026-06-05,-1,516.77,517.75,509.63,close,7.285714285714136,0.013816591520405597,0.0018963949145655093
2026-06-08,1,512.13,510.57,510.57,stop,-1.0,-0.003046101575771787,0.0030461015757717812
2026-06-09,1,511.92,511.08,511.08,stop,-1.0,-0.001640881387716897,0.001640881387716893
2026-06-10,-1,506.15,507.75,507.75,stop,-1.0,-0.0031611182455795195,0.003161118245579419
2026-06-11,-1,502.72,503.55,503.55,stop,-1.0,-0.0016510184595799338,0.0016510184595798537
2026-06-12,-1,512.48,513.47,513.47,stop,-1.0,-0.0019317827037153013,0.0019317827037152846
2026-06-15,1,519.75,518.97,518.97,stop,-1.0,-0.001500721500721447,0.0015007215007214482
2026-06-16,1,522.275,520.13,520.13,stop,-1.0,-0.004107031736154343,0.00410703173615429
2026-06-17,1,522.01,521.11,521.11,stop,-1.0,-0.0017241049022048704,0.0017241049022048952
2026-06-18,1,518.43,518.4,518.4,stop,-1.0,-5.7867021584390166e-05,5.7867021584346425e-05
2026-06-22,1,517.89,516.6,516.6,stop,-1.0,-0.002490876440943035,0.0024908764409429874
2026-06-23,-1,514.12,515.0,515.0,stop,-1.0,-0.0017116626468529628,0.001711662646852866
2026-06-24,1,517.1,516.13,516.13,stop,-1.0,-0.0018758460645910136,0.0018758460645910409
2026-06-25,1,521.62,520.91,520.91,stop,-1.0,-0.0013611441279093306,0.0013611441279092757
2026-06-26,1,517.12,516.62,516.62,stop,-1.0,-0.0009668935643564192,0.0009668935643564356
2026-06-29,1,521.76,519.835,519.835,stop,-1.0,-0.00368943575590297,0.00368943575590301
2026-06-30,-1,519.79,522.48,522.48,stop,-1.0,-0.005175166894322736,0.005175166894322813
2026-07-01,-1,519.965,522.17,522.17,stop,-1.0,-0.004240670045098982,0.004240670045099049
2026-07-02,-1,524.66,525.81,525.81,stop,-1.0,-0.00219189570388445,0.002191895703884377
2026-07-06,1,529.57,528.72,528.72,stop,-1.0,-0.001605075816228263,0.0016050758162283033
2026-07-07,-1,531.28,532.54,528.48,close,2.2222222222222023,0.005270290618882623,0.0023716307784971973
2026-07-08,1,523.62,522.55,522.55,stop,-1.0,-0.002043466636110214,0.0020434666361102516
2026-07-09,-1,522.69,523.895,523.895,stop,-1.0,-0.002305381775048243,0.0023053817750481684
2026-07-10,-1,524.71,525.92,525.92,stop,-1.0,-0.002306035714966237,0.002306035714966215
2026-07-13,1,527.0,525.69,525.69,stop,-1.0,-0.0024857685009486152,0.002485768500948663
2026-07-14,1,523.49,522.56,524.67,close,1.2688172043009347,0.002254102275115022,0.001776538233777271
2026-07-15,1,526.03,524.53,524.53,stop,-1.0,-0.0028515483907761707,0.0028515483907761915
2026-07-16,-1,526.63,527.77,527.77,stop,-1.0,-0.0021647076695212597,0.00216470766952127
2026-07-17,1,519.88,518.9,520.76,close,0.8979591836734481,0.0016926983149958552,0.0018850503962453225
2026-07-20,1,522.165,521.83,521.83,stop,-1.0,-0.0006415596602604712,0.0006415596602604975
2026-07-21,1,519.95,519.2,519.2,stop,-1.0,-0.0014424463890758688,0.0014424463890758727
2026-07-22,1,522.37,521.01,521.5,close,-0.6397058823529381,-0.0016654861496639972,0.002603518578785178
2026-07-23,1,517.72,514.79,514.79,stop,-1.0,-0.005659429807618133,0.0056594298076181404
2026-07-24,-1,516.585,517.96,517.96,stop,-1.0,-0.0026617110446489622,0.0026617110446489926
2026-07-27,1,524.72,523.87,523.87,stop,-1.0,-0.0016199115718860124,0.0016199115718860014
2026-07-28,-1,524.61,526.195,526.195,stop,-1.0,-0.0030212920073959815,0.0030212920073960396
2026-07-29,-1,522.44,523.17,515.140000000001,target,10.0,0.013972896409155222,0.0013972896409155202
2026-07-30,-1,517.74,518.94,518.94,stop,-1.0,-0.002317765673890415,0.0023177656738904576
2026-07-31,-1,523.36,524.41,524.41,stop,-1.0,-0.0020062671965759282,0.0020062671965758836
2026-08-03,1,530.33,529.23,529.23,stop,-1.0,-0.0020741802274055754,0.0020741802274056205
2026-08-04,1,538.11,537.56,537.56,stop,-1.0,-0.0010220958540076985,0.0010220958540076716
2026-08-05,1,544.85,543.14,543.14,stop,-1.0,-0.0031384784803157872,0.00313847848031575
2026-08-06,-1,543.09,544.57,538.22,close,3.290540540540503,0.008967206172089348,0.0027251468449060344
2026-08-07,-1,537.71,538.95,538.95,stop,-1.0,-0.002306075765747373,0.0023060757657473526
2026-08-10,1,538.91,538.7,538.7,stop,-1.0,-0.00038967545601287235,0.00038967545601292
2026-08-11,1,540.12,539.48,539.48,stop,-1.0,-0.0011849218692142616,0.0011849218692142234
2026-08-12,-1,538.17,539.185,537.09,close,1.0640394088669376,0.002006800825018029,0.001886021145734594
2026-08-13,-1,538.33,539.35,539.35,stop,-1.0,-0.0018947485742946135,0.0018947485742945437
2026-08-14,1,537.7,536.34,536.34,stop,-1.0,-0.0025292914264459787,0.0025292914264459987
2026-08-17,1,535.05,534.495,534.495,stop,-1.0,-0.0010372862349312673,0.0010372862349312215
2026-08-18,-1,532.64,533.76,533.76,stop,-1.0,-0.0021027335536196734,0.002102733553619714
2026-08-19,-1,534.02,535.41,535.41,stop,-1.0,-0.00260289876783637,0.0026028987678363854
2026-08-20,1,530.92,529.52,529.52,stop,-1.0,-0.002636932117833113,0.0026369321178331528
2026-08-21,-1,529.65,530.19,530.19,gap-stop,-1.0,-0.0010195412064573084,0.0010195412064572403
2026-08-24,1,532.65,531.83,533.62,close,1.1829268292684179,0.0018210832629306228,0.0015394724490752584
2026-08-25,-1,534.56,536.52,535.23,close,-0.34183673469390835,-0.0012533672553129982,0.003666566896138949
2026-08-26,-1,535.03,535.58,535.58,stop,-1.0,-0.0010279797394538992,0.0010279797394539898
2026-08-27,1,533.9,532.92,535.17,close,1.2959183673468961,0.0023787226072298218,0.0018355497284135948
2026-08-28,-1,536.29,536.95,536.95,stop,-1.0,-0.001230677431986571,0.001230677431986578
2026-08-31,-1,531.8,533.56,531.55,close,0.14204545454545528,0.00047010154193305453,0.003309514855208708
2026-09-01,1,529.11,527.93,527.93,stop,-1.0,-0.0022301600801346577,0.002230160080134686
2026-09-02,1,529.92,529.24,530.66,close,1.0882352941177404,0.0013964371980677015,0.0012832125603863792
2026-09-03,1,534.55,533.89,533.89,stop,-1.0,-0.0012346833785426004,0.00123468337854264
2026-09-04,1,535.85,534.96,534.96,stop,-1.0,-0.0016609125688158421,0.0016609125688158745
2026-09-08,-1,529.44,530.39,528.09,close,1.4210526315790732,0.002549864007252989,0.001794348745844537
2026-09-09,-1,525.19,525.74,524.09,close,2.0000000000002065,0.0020944800929187934,0.0010472400464592898
2026-09-10,1,522.19,521.02,521.02,stop,-1.0,-0.0022405637794673527,0.0022405637794673827
2026-09-11,1,526.94,525.22,525.22,stop,-1.0,-0.0032641287433105015,0.0032641287433104855
2026-09-14,-1,524.46,524.93,524.93,stop,-1.0,-0.0008961598596650688,0.0008961598596650146
2026-09-15,-1,521.67,523.64,521.25,close,0.21319796954312348,0.0008051066766345816,0.003776333697548311
2026-09-16,-1,520.88,522.3,515.18,close,4.014084507042401,0.0109430195054524,0.002726155736445936
2026-09-17,-1,518.21,520.67,518.3,close,-0.036585365853626414,-0.00017367476505647517,0.0047471102448812695
2026-09-18,-1,515.95,517.08,515.89,close,0.05309734513279589,0.00011629033821114465,0.0021901347029750855
2026-09-21,-1,518.2,520.04,520.04,stop,-1.0,-0.003550752605171681,0.0035507526051715903
2026-09-22,-1,520.78,522.55,517.95,close,1.5988700564971505,0.005434156457621131,0.0033987480317984216
2026-09-23,1,516.8,515.71,515.71,stop,-1.0,-0.002109133126934837,0.0021091331269348264
2026-09-24,1,513.45,512.46,512.46,stop,-1.0,-0.0019281332164767795,0.0019281332164767923
2026-09-25,1,514.2225,513.08,513.08,stop,-1.0,-0.002221800874135038,0.0022218008741350824
2026-09-28,-1,514.115,514.39,514.39,stop,-1.0,-0.0005348997792322674,0.0005348997792322287
2026-09-29,-1,513.04,513.96,513.96,stop,-1.0,-0.001793232496491548,0.0017932324964916437
2026-09-30,-1,513.11,514.16,508.49,close,4.400000000000195,0.009003917288690544,0.002046344838338669
2026-10-01,1,510.27,508.82,508.82,stop,-1.0,-0.0028416328610343378,0.002841632861034332
2026-10-02,-1,511.76,512.64,512.64,stop,-1.0,-0.0017195560418945544,0.0017195560418946292
