date,side,entry,stop,exit,how,R,ret,risk_pct
2021-10-06,1,341.72,340.105,340.105,stop,-1.0,-0.004726091536930821,0.004726091536930847
2021-10-07,1,348.25,346.77,347.63,close,-0.41891891891891686,-0.0017803302225413153,0.004249820531227619
2021-10-08,-1,346.96,348.33,348.33,stop,-1.0,-0.003948581969102971,0.00394858196910308
2021-10-11,-1,347.44,348.08,348.08,stop,-1.0,-0.0018420446695832648,0.001842044669583198
2021-10-12,-1,344.99,346.0999,343.78,close,1.090188305252776,0.00350734803907371,0.003217194701295637
2021-10-13,1,344.44,343.85,343.85,stop,-1.0,-0.0017129253280686596,0.0017129253280686767
2021-10-14,-1,347.21,348.02,348.02,stop,-1.0,-0.002332882117450641,0.002332882117450541
2021-10-15,-1,350.961,351.72,351.72,stop,-1.0,-0.002162633454999341,0.002162633454999315
2021-10-18,-1,350.65,351.46,351.46,stop,-1.0,-0.002309995722230118,0.0023099957222301507
2021-10-19,-1,353.21,353.85,353.85,stop,-1.0,-0.0018119532289573304,0.0018119532289574
2021-10-20,1,354.79,354.37,356.05,close,2.9999999999998646,0.003551396600806056,0.001183798866935415
2021-10-21,-1,354.95,355.6,355.6,stop,-1.0,-0.001831243837160157,0.0018312438371602595
2021-10-22,1,356.79,355.92,355.92,stop,-1.0,-0.002438409148238452,0.002438409148238472
2021-10-25,-1,356.6,357.43,357.43,stop,-1.0,-0.0023275378575433603,0.0023275378575434214
2021-10-26,-1,358.16,358.68,358.68,stop,-1.0,-0.0014518650882286988,0.0014518650882286736
2021-10-27,-1,357.1238,358.2,358.2,stop,-1.0,-0.003013520801469882,0.003013520801469887
2021-10-28,1,356.67,355.75,357.29,close,0.6739130434782542,0.0017383015112009126,0.002579415145652889
2021-10-29,1,357.6864,356.391,358.22,close,0.4119190983480367,0.0014918095851561564,0.003621608202045066
2021-11-01,1,360.02,359.12,359.12,stop,-1.0,-0.0024998611188267184,0.002499861118826669
2021-11-02,-1,359.04,359.65,359.65,stop,-1.0,-0.001698975044563067,0.0016989750445631595
2021-11-03,-1,359.51,360.1899,360.1899,stop,-1.0,-0.0018911852243332916,0.001891185224333209
2021-11-04,-1,360.83,361.61,361.61,stop,-1.0,-0.0021616827869079813,0.002161682786908044
2021-11-05,1,363.55,362.76,362.76,stop,-1.0,-0.0021730160913217,0.002173016091321745
2021-11-08,-1,364.98,365.64,364.34,close,0.969696969697082,0.0017535207408626574,0.0018083182640143793
2021-11-09,-1,363.92,364.3,363.31,close,1.605263157894792,0.0016761925697955649,0.0010441855352824672
2021-11-10,1,363.46,362.5,362.5,stop,-1.0,-0.0026412810212952387,0.002641281021295272
2021-11-11,-1,360.59,361.26,359.47,close,1.6716417910446584,0.0031060206883162245,0.0018580659474750159
2021-11-12,-1,360.21,360.78,360.78,stop,-1.0,-0.0015824102606811774,0.0015824102606812505
2021-11-15,-1,362.32,362.73,361.25,close,2.6097560975608,0.0029531905497902633,0.0011315963788916567
2021-11-16,1,362.33,361.82,361.82,stop,-1.0,-0.0014075566472552259,0.0014075566472552396
2021-11-17,-1,361.08,361.44,361.44,stop,-1.0,-0.0009970089730808596,0.0009970089730807956
2021-11-18,-1,359.43,360.05,359.37,close,0.09677419354839005,0.00016693097404218982,0.0017249533984364258
2021-11-19,-1,356.26,357.89,355.88,close,0.23312883435582607,0.0010666367259866139,0.004575310166732149
2021-11-22,1,357.53,356.83,356.83,stop,-1.0,-0.0019578776606158366,0.001957877660615861
2021-11-23,-1,355.91,356.91,356.91,stop,-1.0,-0.0028096990812283007,0.0028096990812284004
2021-11-24,1,356.68,355.8,358.01,close,1.511363636363626,0.0037288325670068456,0.0024671974879443633
2021-11-29,-1,351.3,352.77,351.29,close,0.006802721088429324,2.846569883285799e-05,0.004184457728437149
2021-11-30,-1,348.28,349.93,349.93,stop,-1.0,-0.0047375674744458696,0.004737567474445947
2021-12-01,-1,347.22,348.36,348.36,stop,-1.0,-0.003283221012614357,0.003283221012614441
2021-12-03,-1,347.54,348.5,346.25,close,1.34375000000005,0.0037118029579329415,0.002762271968694192
2021-12-06,-1,349.13,349.79,349.79,stop,-1.0,-0.001890413313092587,0.001890413313092616
2021-12-07,1,356.7896,355.79,357.74,close,0.9507803121248645,0.0026637547731211964,0.002801651169204446
2021-12-08,-1,357.606,358.87,357.99,close,-0.3037974683544395,-0.0010738074864515834,0.0035346163095697778
2021-12-09,1,356.85,356.35,358.1,close,2.5,0.003502872355331421,0.0014011489421325487
2021-12-10,1,359.97,359.18,359.18,stop,-1.0,-0.0021946273300553765,0.002194627330055339
2021-12-13,-1,359.43,359.99,357.07,close,4.2142857142857215,0.0065659516456612055,0.0015580224243941859
2021-12-14,1,357.15,355.64,355.64,stop,-1.0,-0.004227915441691099,0.004227915441691141
2021-12-15,-1,355.56,356.17,356.17,stop,-1.0,-0.0017156035549557025,0.0017156035549556014
2021-12-16,-1,361.09,361.64,361.64,stop,-1.0,-0.001523165969702811,0.0015231659697028757
2021-12-17,-1,356.12,356.93,353.57,close,3.1481481481481532,0.007160507694035756,0.002274514208693705
2021-12-20,-1,348.19,349.45,349.45,stop,-1.0,-0.003618713920560568,0.0036187139205605874
2021-12-21,1,353.0463,352.14,352.14,stop,-1.0,-0.002567085393615498,0.0025670853936154764
2021-12-22,-1,354.82,355.24,355.24,stop,-1.0,-0.001183698776844544,0.0011836987768446422
2021-12-23,1,359.02,358.16,359.36,close,0.3953488372093592,0.0009470224500027768,0.0023954097264775134
2021-12-27,-1,360.06,360.69,360.69,stop,-1.0,-0.0017497083819362214,0.0017497083819363313
2021-12-28,1,363.9,362.89,363.96,close,0.05940594059406219,0.00016488046166540649,0.002775487771365735
2021-12-29,1,364.29,363.79,364.85,close,1.1200000000000045,0.0015372368168218298,0.0013725328721622882
2021-12-30,1,366.19,365.48,365.48,stop,-1.0,-0.0019388841858051231,0.0019388841858051272
2021-12-31,1,364.33,363.51,363.51,stop,-1.0,-0.0022507067768231526,0.002250706776823191
2022-01-03,1,364.45,363.8,363.8,stop,-1.0,-0.001783509397722538,0.0017835093977225333
2022-01-04,1,367.89,367.2174,367.2174,stop,-1.0,-0.001828263883225878,0.0018282638832259333
2022-01-05,-1,367.71,368.46,368.46,stop,-1.0,-0.0020396508117810352,0.002039650811781023
2022-01-06,1,364.4,363.0404,363.0404,stop,-1.0,-0.0037310647639956507,0.0037310647639956103
2022-01-07,1,362.32,361.39,361.39,stop,-1.0,-0.002566791786266287,0.0025667917862663026
2022-01-10,-1,360.49,361.22,360.77,close,-0.3835616438355695,-0.000776720574773071,0.002025021498515959
2022-01-11,-1,359.18,360.87,360.87,stop,-1.0,-0.0047051617573361515,0.004705161757336148
2022-01-12,-1,363.65,364.56,364.56,stop,-1.0,-0.002502406159769155,0.0025024061597690777
2022-01-13,-1,363.94,364.81,364.81,stop,-1.0,-0.0023905039292191343,0.0023905039292191144
2022-01-14,1,358.54,357.041,357.041,stop,-1.0,-0.004180844536174511,0.004180844536174551
2022-01-18,-1,354.06,355.36,353.9,close,0.12307692307694124,0.0004519008077727982,0.00367169406315317
2022-01-19,1,355.26,354.14,354.14,stop,-1.0,-0.0031526206158869474,0.003152620615886969
2022-01-20,1,352.58,351.3,351.3,stop,-1.0,-0.0036303817573315467,0.003630381757331592
2022-01-21,1,347.63,346.03,346.03,stop,-1.0,-0.004602594712769359,0.004602594712769389
2022-01-24,1,338.69,337.32,337.32,stop,-1.0,-0.004044996899819853,0.004044996899819908
2022-01-25,1,340.7,338.91,338.91,stop,-1.0,-0.005253889051951788,0.0052538890519517574
2022-01-26,1,346.24,344.6,344.6,stop,-1.0,-0.004736598890942689,0.004736598890942659
2022-01-27,-1,344.17,345.135,345.135,stop,-1.0,-0.002803846936107135,0.0028038469361070834
2022-01-28,-1,339.29,342.13,342.13,stop,-1.0,-0.008370420584161042,0.008370420584160968
2022-01-31,1,345.79,344.72,350.97,close,4.84112149532714,0.014980190288903739,0.0030943636311055642
2022-02-01,1,351.76,350.62,350.62,stop,-1.0,-0.0032408460313849696,0.0032408460313849965
2022-02-02,1,354.73,353.23,353.23,stop,-1.0,-0.004228568206805172,0.004228568206805176
2022-02-03,-1,353.65,355.22,350.99,close,1.6942675159234926,0.007521560865262122,0.004439417503181253
2022-02-04,1,350.949,349.92,349.92,stop,-1.0,-0.0029320499559765123,0.002932049955976499
2022-02-07,-1,350.27,351.5699,351.5699,stop,-1.0,-0.0037111371227911416,0.0037111371227910943
2022-02-08,-1,351.4521,352.01,352.01,stop,-1.0,-0.0015874140458971286,0.0015874140458970593
2022-02-10,1,355.51,354.62,354.62,stop,-1.0,-0.002503445753987199,0.0025034457539871912
2022-02-14,-1,345.94,347.55,345.81,close,0.08074534161490332,0.0003757877088512718,0.0046539862403885465
2022-02-15,1,350.4,348.66,348.66,stop,-1.0,-0.0049657534246574375,0.0049657534246573985
2022-02-16,1,349.63,348.76,348.76,stop,-1.0,-0.0024883448216685977,0.002488344821668634
2022-02-17,-1,347.06,347.7,347.7,stop,-1.0,-0.0018440615455539433,0.0018440615455540435
2022-02-22,-1,337.3,338.99,338.99,stop,-1.0,-0.005010376519418935,0.005010376519418908
2022-02-23,-1,337.71,338.26,332.20999999999987,target,10.0,0.016286162683959993,0.0016286162683959947
2022-02-24,-1,322.79,324.31,324.31,stop,-1.0,-0.004708943895411766,0.004708943895411821
2022-02-25,1,335.43,333.32,333.32,stop,-1.0,-0.006290433175327181,0.0062904331753272326
2022-02-28,1,336.41,335.5,335.5,stop,-1.0,-0.0027050325495675542,0.0027050325495675664
2022-03-01,1,338.23,337.27,337.27,stop,-1.0,-0.00283830529521345,0.0028383052952134238
2022-03-02,1,335.55,334.69,339.07,close,4.0930232558138675,0.010490239904634047,0.002562956340336801
2022-03-03,-1,340.69,341.67,341.67,stop,-1.0,-0.0028765153071708127,0.002876515307170795
2022-03-04,-1,333.98,335.04,335.04,stop,-1.0,-0.0031738427450744844,0.003173842745074562
2022-03-07,-1,334.15,335.33,328.43,close,4.847457627118591,0.017118060751159625,0.0035313481969175727
2022-03-09,-1,332.23,333.12,333.12,stop,-1.0,-0.002678867049935141,0.0026788670499352444
2022-03-10,1,330.02,329.28,329.28,stop,-1.0,-0.0022422883461609144,0.0022422883461608663
2022-03-11,1,335.4,333.95,333.95,stop,-1.0,-0.004323196183661282,0.004323196183661266
2022-03-14,-1,331.38,332.53,332.53,stop,-1.0,-0.0034703361699559565,0.0034703361699558732
2022-03-15,-1,331.95,333.29,333.29,stop,-1.0,-0.0040367525229705326,0.004036752522970423
2022-03-16,1,339.74,338.98,338.98,stop,-1.0,-0.002237004768352202,0.0022370047683522424
2022-03-17,1,340.34,339.61,345.52,close,7.0958904109592895,0.015220074043603482,0.0021449139096196787
2022-03-18,1,343.9465,342.65,347.2,close,2.5094485152332284,0.009459319981450554,0.003769481590887063
2022-03-21,1,347.69,346.5799,346.5799,stop,-1.0,-0.0031927866777876623,0.0031927866777876515
2022-03-22,1,347.42,346.858,348.12,close,1.2455516014234411,0.0020148523401071206,0.0016176385930574285
2022-03-23,-1,345.75,346.44,343.39,close,3.420289855072495,0.006825741142444053,0.0019956616052060673
2022-03-24,-1,343.78,344.54,344.54,stop,-1.0,-0.002210716155681025,0.002210716155681098
2022-03-25,1,347.88,347.46,347.46,stop,-1.0,-0.001207312866505772,0.0012073128665057375
2022-03-28,-1,347.13,348.16,348.16,stop,-1.0,-0.0029671880851553922,0.0029671880851555024
2022-03-29,-1,352.57,353.71,352.93,close,-0.3157894736842263,-0.0010210738293106036,0.0032334004594831846
2022-03-30,-1,352.1001,352.63,352.63,stop,-1.0,-0.0015049697514997185,0.0015049697514996384
2022-03-31,-1,350.93,351.39,351.39,stop,-1.0,-0.00131080272418993,0.001310802724189951
2022-04-01,-1,347.35,348.15,348.15,stop,-1.0,-0.0023031524399019787,0.0023031524399019848
2022-04-04,-1,346.35,347.65,347.65,stop,-1.0,-0.003753428612674803,0.0037534286126749083
2022-04-05,1,349.48,347.72,347.72,stop,-1.0,-0.005036053565297016,0.005036053565296987
2022-04-06,-1,343.27,344.19,344.19,stop,-1.0,-0.0026801060389780584,0.0026801060389781105
2022-04-07,1,344.11,343.03,343.03,stop,-1.0,-0.003138531283601309,0.003138531283601293
2022-04-08,-1,345.61,346.2301,346.2301,stop,-1.0,-0.001794218917276602,0.0017942189172766396
2022-04-11,1,346.39,345.36,345.36,stop,-1.0,-0.0029735269493922356,0.0029735269493922248
2022-04-12,1,344.41,343.98,343.98,stop,-1.0,-0.0012485119479690443,0.0012485119479690103
2022-04-13,1,343.28,341.54,345.86,close,1.4827586206897194,0.007515730598928183,0.005068748543462924
2022-04-14,1,347.79,346.51,346.51,stop,-1.0,-0.0036803818396159427,0.003680381839615945
2022-04-18,1,345.76,343.82,343.82,stop,-1.0,-0.005610828320222083,0.005610828320222113
2022-04-19,1,345.34,344.25,349.14,close,3.4862385321101823,0.011003648578212788,0.0031563097237504345
2022-04-20,1,352.11,351.03,351.03,stop,-1.0,-0.00306722331089726,0.003067223310897279
2022-04-21,-1,353.83,354.84,354.84,stop,-1.0,-0.002854478139219463,0.0028544781392193736
2022-04-22,-1,345.57,346.41,338.29,close,8.666666666666305,0.021066643516508887,0.0024307665595972795
2022-04-25,1,336.66,335.23,335.23,stop,-1.0,-0.0042476088635419185,0.0042476088635418725
2022-04-26,1,338.73,337.35,337.35,stop,-1.0,-0.0040740412718094365,0.004074041271809392
2022-04-27,-1,333.35,334.35,334.35,stop,-1.0,-0.0029998500074996937,0.0029998500074996247
2022-04-28,-1,333.91,335.26,335.26,stop,-1.0,-0.004043005600311345,0.0040430056003113585
2022-04-29,-1,337.4024,338.51,338.51,stop,-1.0,-0.00328272709382027,0.0032827270938202893
2022-05-02,-1,329.3,330.97,330.97,stop,-1.0,-0.005071363498329928,0.005071363498329839
2022-05-03,-1,330.65,331.93,331.93,stop,-1.0,-0.0038711628610312854,0.0038711628610313916
2022-05-04,1,331.92,331.13,331.13,stop,-1.0,-0.002380091588334632,0.0023800915883345998
2022-05-06,-1,327.4709,328.325,328.325,stop,-1.0,-0.002608170680203914,0.0026081706802040024
2022-05-09,1,325.34,324.25,324.25,stop,-1.0,-0.003350341181533101,0.0033503411815330886
2022-05-10,-1,326.5,327.61,321.78,close,4.252252252252225,0.014456355283307909,0.003399693721286412
2022-05-11,-1,320.75,322.71,322.71,stop,-1.0,-0.006110678098207201,0.006110678098207263
2022-05-12,-1,315.4246,317.26,317.26,stop,-1.0,-0.005818823262358164,0.005818823262358081
2022-05-17,-1,325.85,327.04,327.04,stop,-1.0,-0.0036519871106337476,0.00365198711063372
2022-05-18,-1,323.49,324.39,314.49000000000024,target,10.0,0.02782157099137461,0.0027821570991374608
2022-05-19,1,313.76,311.9,311.9,stop,-1.0,-0.00592809790922999,0.005928097909230028
2022-05-20,-1,313.7,314.87,314.87,stop,-1.0,-0.0037296780363405,0.0037296780363405037
2022-05-24,-1,316.57,317.54,317.54,stop,-1.0,-0.003064093249518285,0.0030640932495183603
2022-05-25,1,318.91,317.64,317.64,stop,-1.0,-0.003982314759650163,0.0039823147596501785
2022-05-26,1,324.23,322.9,326.43,close,1.6541353383458053,0.006785306726706297,0.004102026339327147
2022-05-27,1,327.2537,326.82,331.59069999999986,target,10.0,0.013252714942565635,0.0013252714942565587
2022-05-31,-1,328.16,330.31,330.31,stop,-1.0,-0.006551682106289647,0.006551682106289545
2022-06-01,-1,331.8201,332.95,328.36,close,3.062306398796462,0.010427638349816748,0.003405158397577373
2022-06-02,-1,327.66,328.77,328.77,stop,-1.0,-0.0033876579381064698,0.0033876579381064416
2022-06-03,-1,329.76,331.2,331.2,stop,-1.0,-0.004366812227074135,0.004366812227074229
2022-06-06,-1,330.98,331.82,331.82,stop,-1.0,-0.002537917698954617,0.0025379176989545438
2022-06-07,1,327.97,326.82,332.16,close,3.6434782608694554,0.01277555874012859,0.00350641826996382
2022-06-08,1,330.63,329.62,329.62,stop,-1.0,-0.0030547742189154237,0.0030547742189153764
2022-06-09,1,329.08,327.59,327.59,stop,-1.0,-0.0045277744013614285,0.004527774401361399
2022-06-10,-1,317.16,318.77,314.32,close,1.7639751552795702,0.008954470929499414,0.005076302181863907
2022-06-13,-1,307.5,309.325,309.325,stop,-1.0,-0.005934959349593427,0.005934959349593459
2022-06-14,1,306.76,305.67,305.67,stop,-1.0,-0.003553266397183341,0.0035532663971833845
2022-06-16,-1,300.56,301.66,300.02,close,0.49090909090909934,0.001796646260314172,0.003659834974713943
2022-06-17,1,300.13,298.24,298.24,stop,-1.0,-0.006297271182487574,0.006297271182487543
2022-06-21,1,303.25,302.62,302.62,stop,-1.0,-0.002077493816982634,0.0020774938169826726
2022-06-22,1,303.0,301.33,304.52,close,0.9101796407185433,0.005016501650164873,0.0055115511551155644
2022-06-23,1,306.52,305.63,305.63,stop,-1.0,-0.0029035625734046278,0.0029035625734046273
2022-06-24,1,310.07,309.12,315.07,close,5.263157894736905,0.01612539104073263,0.0030638242977391837
2022-06-27,-1,314.74,315.69,315.69,stop,-1.0,-0.0030183643642371916,0.0030183643642371118
2022-06-28,1,318.36,316.0,316.0,stop,-1.0,-0.007412991581857042,0.00741299158185706
2022-06-29,-1,309.1132,310.55,310.55,stop,-1.0,-0.0046481353756488986,0.004648135375648808
2022-06-30,-1,305.57,307.12,307.12,stop,-1.0,-0.00507248748240996,0.00507248748240996
2022-07-01,-1,307.0099,307.87,307.87,stop,-1.0,-0.0028015383217283585,0.00280153832172835
2022-07-05,-1,305.76,306.98,306.98,stop,-1.0,-0.003990057561486182,0.003990057561486222
2022-07-06,-1,309.66,310.8099,310.8099,stop,-1.0,-0.0037134276303041336,0.003713427630304212
2022-07-07,1,312.99,312.3,312.3,stop,-1.0,-0.002204543276142945,0.0022045432761430006
2022-07-08,1,313.84,312.905,312.905,stop,-1.0,-0.002979225082844761,0.002979225082844769
2022-07-11,-1,311.5928,313.02,313.02,stop,-1.0,-0.004580336901237603,0.004580336901237675
2022-07-12,1,311.685,310.49,310.49,stop,-1.0,-0.0038339990695733794,0.003833999069573426
2022-07-13,1,307.01,305.84,305.84,stop,-1.0,-0.0038109507833621326,0.0038109507833621573
2022-07-14,-1,302.46,303.12,303.12,stop,-1.0,-0.002182106724856192,0.0021821067248562623
2022-07-15,-1,310.21,311.19,311.19,stop,-1.0,-0.0031591502530543547,0.0031591502530544414
2022-07-18,-1,315.53,316.35,310.65,close,5.951219512194753,0.015466041263905161,0.0025988020156563563
2022-07-19,1,313.2699,312.66,318.16,close,8.017871782259654,0.015609862294462484,0.0019468835020536026
2022-07-20,-1,317.34,318.38,318.38,stop,-1.0,-0.003277242074746445,0.0032772420747463936
2022-07-21,-1,316.94,317.77,317.77,stop,-1.0,-0.0026187922004163866,0.0026187922004164326
2022-07-22,-1,320.98,322.2,319.08,close,1.5573770491803935,0.005919371923484462,0.0038008598666582666
2022-07-25,-1,318.78,320.16,320.16,stop,-1.0,-0.0043290043290045155,0.004329004329004494
2022-07-26,1,319.42,318.72,318.72,stop,-1.0,-0.0021914720430780132,0.002191472043078043
2022-07-27,-1,318.75,319.52,319.52,stop,-1.0,-0.0024156862745097207,0.0024156862745097468
2022-07-28,-1,322.31,322.95,322.95,stop,-1.0,-0.0019856659737518267,0.0019856659737519356
2022-07-29,-1,324.94,325.76,325.76,stop,-1.0,-0.002523542807902901,0.0025235428079029764
2022-08-01,1,327.27,326.45,328.01,close,0.9024390243902625,0.002261129953860852,0.002505576435359163
2022-08-02,-1,325.81,326.98,326.98,stop,-1.0,-0.0035910499984654898,0.003591049998465412
2022-08-03,1,325.88,325.28,325.28,stop,-1.0,-0.001841168528292747,0.0018411685282926928
2022-08-04,-1,327.15,327.92,327.92,stop,-1.0,-0.0023536604004279482,0.0023536604004280566
2022-08-05,1,325.69,324.9298,327.98,close,3.0123651670613363,0.007031226012465863,0.0023341214037888715
2022-08-09,1,328.74,327.86,327.86,stop,-1.0,-0.002676887509886261,0.0026768875098862185
2022-08-10,-1,332.19,332.8,332.8,stop,-1.0,-0.001836298503868239,0.0018362985038683092
2022-08-11,-1,335.33,336.04,336.04,stop,-1.0,-0.002117317269555441,0.0021173172695554718
2022-08-12,1,335.31,334.69,334.69,stop,-1.0,-0.0018490352211386618,0.0018490352211386614
2022-08-15,1,336.57,336.06,339.41,close,5.568627450980554,0.008438066375494158,0.0015152865674302252
2022-08-16,1,339.94,338.75,341.77,close,1.5378151260504098,0.005383302935812129,0.0035006177560745946
2022-08-17,1,340.24,339.35,339.35,stop,-1.0,-0.0026158006113331522,0.0026158006113331366
2022-08-18,-1,340.03,340.39,340.39,stop,-1.0,-0.0010587301120490444,0.001058730112048977
2022-08-19,1,338.52,337.85,337.85,stop,-1.0,-0.001979203592106682,0.001979203592106697
2022-08-22,-1,332.97,333.52,330.79,close,3.9636363636367036,0.006547136378652785,0.0016518004625039927
2022-08-23,1,330.85,330.1,330.1,stop,-1.0,-0.0022668883179688404,0.0022668883179688677
2022-08-25,1,330.1,329.0,333.12,close,2.7454545454544723,0.009148742805210386,0.0033323235383217894
2022-08-26,-1,332.926,333.67,325.4859999999997,target,10.0,0.022347308410878952,0.002234730841087894
2022-08-29,1,320.9956,320.03,320.03,stop,-1.0,-0.003008140921557989,0.0030081409215579643
2022-08-30,-1,321.43,322.17,318.08,close,4.527027027027002,0.010422175901440456,0.002302211990168961
2022-08-31,1,318.69,317.69,317.69,stop,-1.0,-0.0031378455552417694,0.003137845555241771
2022-09-01,-1,313.6,314.64,314.64,stop,-1.0,-0.0033163265306122014,0.0033163265306121285
2022-09-02,-1,318.11,319.99,319.99,stop,-1.0,-0.005909905378642666,0.005909905378642593
2022-09-06,-1,314.48,315.2,312.21,close,3.152777777777961,0.007218265072500785,0.0022894937674890945
2022-09-07,1,312.01,311.45,316.37,close,7.7857142857142785,0.013973911092593161,0.001794814268773444
2022-09-08,1,314.83,313.68,318.25,close,2.9739130434783334,0.01086300543150287,0.003652764984277157
2022-09-09,1,320.7,319.84,319.84,stop,-1.0,-0.0026816339257873523,0.0026816339257873826
2022-09-12,-1,323.28,323.7799,323.7799,stop,-1.0,-0.0015463375402129387,0.0015463375402128964
2022-09-13,-1,318.62,319.59,311.69,close,7.144329896907442,0.02175004707802397,0.0030443788839368854
2022-09-15,-1,311.15,311.63,311.63,stop,-1.0,-0.00154266430981842,0.001542664309818474
2022-09-19,1,306.36,305.29,310.15,close,3.542056074766344,0.012371066718892765,0.0034926230578404267
2022-09-20,-1,307.155,307.77,307.77,stop,-1.0,-0.0020022464228157677,0.002002246422815872
2022-09-21,1,308.86,307.85,307.85,stop,-1.0,-0.0032700900084180473,0.003270090008418024
2022-09-22,-1,301.28,302.2,302.2,stop,-1.0,-0.0030536378120020746,0.0030536378120021774
2022-09-23,-1,297.3,298.0,295.93,close,1.9571428571428955,0.004608139926000732,0.0023545240497813273
2022-09-26,1,295.38,294.13,294.13,stop,-1.0,-0.004231836955785773,0.0042318369557857675
2022-09-27,1,295.38,294.35,294.35,stop,-1.0,-0.0034870336515673284,0.00348703365156738
2022-09-28,-1,291.12,292.42,292.42,stop,-1.0,-0.004465512503434965,0.0044655125034350485
2022-09-29,-1,293.75,294.85,292.22,close,1.3909090909090374,0.0052085106382977475,0.003744680851063907
2022-09-30,-1,291.08,292.02,292.02,stop,-1.0,-0.003229352755256265,0.0032293527552562794
2022-10-03,-1,289.99,290.72,290.72,stop,-1.0,-0.002517328183730516,0.002517328183730536
2022-10-04,1,299.65,298.4408,303.14,close,2.8862057558717704,0.011646921408309696,0.004035374603704165
2022-10-05,1,300.81,299.61,299.61,stop,-1.0,-0.003989229081479917,0.003989229081479966
2022-10-06,1,302.155,301.19,301.19,stop,-1.0,-0.003193725074878695,0.003193725074878705
2022-10-07,-1,295.83,296.89,292.97,close,2.6981132075471232,0.009667714565797736,0.003583138964946092
2022-10-11,1,291.74,290.8,290.8,stop,-1.0,-0.003222047028175745,0.003222047028175765
2022-10-12,1,292.6,291.37,292.11,close,-0.3983739837398389,-0.0016746411483253842,0.004203691045796371
2022-10-13,1,288.06,286.62,300.54,close,8.666666666666693,0.04332430743595084,0.004998958550302013
2022-10-14,1,303.11,301.79,301.79,stop,-1.0,-0.0043548546732209426,0.00435485467322092
2022-10-17,1,302.2399,300.8,300.8,stop,-1.0,-0.00476409633539443,0.004764096335394387
2022-10-19,1,305.96,304.15,304.15,stop,-1.0,-0.005915805987710798,0.00591580598771082
2022-10-20,-1,304.45,305.36,305.36,stop,-1.0,-0.0029889965511578076,0.0029889965511579078
2022-10-21,1,303.5,302.01,310.88,close,4.953020134228154,0.024316309719934148,0.004909390444810573
2022-10-24,1,313.38,312.25,312.25,stop,-1.0,-0.0036058459378390806,0.0036058459378390307
2022-10-25,1,315.14,314.11,318.48,close,3.2427184466020584,0.0105984641746526,0.0032683886526622226
2022-10-26,1,319.33,317.82,317.82,stop,-1.0,-0.004728650612219276,0.004728650612219306
2022-10-27,1,322.67,321.5362,321.5362,stop,-1.0,-0.003513806675550901,0.003513806675550897
2022-10-28,1,323.69,321.46,328.56,close,2.183856502242137,0.015045259353084761,0.006889307670919763
2022-10-31,1,327.45,326.57,326.57,stop,-1.0,-0.002687433195907807,0.0026874331959077583
2022-11-01,-1,329.15,329.8284,326.41,close,4.038915094339489,0.008324472125170734,0.0020610663831080378
2022-11-02,-1,325.07,325.8,325.8,stop,-1.0,-0.0022456701633495335,0.0022456701633494884
2022-11-03,1,319.96,318.69,318.69,stop,-1.0,-0.003969246155769435,0.003969246155769415
2022-11-04,-1,322.96,323.81,323.81,stop,-1.0,-0.002631904879861313,0.0026319048798613535
2022-11-07,-1,325.08,325.89,325.89,stop,-1.0,-0.002491694352159568,0.0024916943521594757
2022-11-08,-1,328.8763,329.655,329.655,stop,-1.0,-0.0023677595497151316,0.002367759549715069
2022-11-09,-1,329.33,330.02,330.02,stop,-1.0,-0.002095162906507131,0.002095162906507144
2022-11-10,-1,332.44,334.59,334.59,stop,-1.0,-0.006467332450968533,0.006467332450968527
2022-11-11,-1,337.1539,338.18,338.18,stop,-1.0,-0.0030434172643412083,0.0030434172643412556
2022-11-14,1,337.87,336.54,336.54,stop,-1.0,-0.003936425252315967,0.003936425252315932
2022-11-15,1,339.98,338.431,338.431,stop,-1.0,-0.004556150361786138,0.00455615036178609
2022-11-16,1,336.828,335.55,336.08,close,-0.5852895148669891,-0.002220717992565957,0.003794221383020305
2022-11-17,1,333.95,332.73,336.13,close,1.7868852459016882,0.006527923341817621,0.0036532415032189563
2022-11-18,-1,336.95,338.15,337.38,close,-0.3583333333333424,-0.0012761537320078453,0.0035613592521145233
2022-11-21,-1,337.57,338.6457,337.01,close,0.5205912429116025,0.0016589151879610187,0.003186598335160066
2022-11-23,1,341.848,340.61,340.61,stop,-1.0,-0.003621492593199327,0.003621492593199315
2022-11-28,1,342.77,341.51,341.51,stop,-1.0,-0.003675934299967931,0.003675934299967882
2022-11-29,-1,337.7516,339.13,339.13,stop,-1.0,-0.004081105759380588,0.00408110575938056
2022-11-30,-1,338.6,339.41,339.41,stop,-1.0,-0.002392203189604203,0.0023922031896042592
2022-12-01,-1,345.3,346.76,344.36,close,0.6438356164383636,0.0027222704894295235,0.004228207355922327
2022-12-02,1,342.2,340.86,344.74,close,1.895522388059752,0.007422559906487436,0.003915838690824006
2022-12-05,1,343.05,342.31,342.31,stop,-1.0,-0.002157119953359543,0.002157119953359595
2022-12-06,1,340.5669,339.61,339.61,stop,-1.0,-0.0028097269581981443,0.002809726958198116
2022-12-07,1,336.71,335.82,335.82,stop,-1.0,-0.0026432241394671596,0.002643224139467157
2022-12-08,1,338.21,337.54,337.54,stop,-1.0,-0.0019810177108895433,0.001981017710889563
2022-12-09,1,337.92,337.0857,337.0857,stop,-1.0,-0.002468927556818268,0.0024689275568183047
2022-12-12,1,336.85,336.06,340.64,close,4.797468354430209,0.011251298797684273,0.00234525753302663
2022-12-13,-1,346.1,348.22,341.82,close,2.0188679245283114,0.012366368101704772,0.006125397284021972
2022-12-14,1,342.72,341.77,341.77,stop,-1.0,-0.0027719421101775055,0.0027719421101775367
2022-12-15,-1,336.0834,337.37,332.78,close,2.5675423597077227,0.009829107894052558,0.0038282164486553674
2022-12-16,1,330.18,329.05,329.05,stop,-1.0,-0.0034223756738748223,0.0034223756738748423
2022-12-19,1,329.12,328.4317,328.4317,stop,-1.0,-0.002091334467671402,0.0020913344676714465
2022-12-20,1,327.77,326.98,326.98,stop,-1.0,-0.002410226683344896,0.0024102266833449177
2022-12-21,1,331.65,331.24,331.24,stop,-1.0,-0.0012362430272877534,0.0012362430272877076
2022-12-22,-1,330.65,331.85,330.27,close,0.3166666666666509,0.0011492514743686177,0.0036292151822169836
2022-12-23,-1,329.24,330.46,330.46,stop,-1.0,-0.0037055035840116712,0.0037055035840115732
2022-12-27,-1,331.86,332.65,332.65,stop,-1.0,-0.002380521906828026,0.002380521906828071
2022-12-28,1,333.38,332.27,332.27,stop,-1.0,-0.0033295338652589157,0.003329533865258905
2022-12-29,1,330.85,330.125,332.14,close,1.7793103448274803,0.0038990479069063166,0.002191325374036641
2022-12-30,1,331.04,329.96,329.96,stop,-1.0,-0.003262445625906385,0.0032624456259063585
2023-01-03,1,332.82,331.76,331.76,stop,-1.0,-0.003184904753320117,0.00318490475332012
2023-01-04,1,332.86,331.77,331.77,stop,-1.0,-0.003274650003004309,0.0032746500030043616
2023-01-05,-1,329.41,331.15,329.25,close,0.09195402298852265,0.0004857168877691054,0.005282171154488182
2023-01-09,1,338.085,336.97,336.97,stop,-1.0,-0.0032979871925697957,0.003297987192569775
2023-01-10,1,335.89,334.85,334.85,stop,-1.0,-0.0030962517490844554,0.0030962517490844134
2023-01-11,-1,338.13,338.55,338.55,stop,-1.0,-0.0012421258095998144,0.001242125809599905
2023-01-12,-1,339.43,341.0,341.0,stop,-1.0,-0.0046254014082431905,0.004625401408243211
2023-01-13,1,340.21,339.11,343.03,close,2.5636363636364368,0.008288997971840795,0.003233297081214444
2023-01-17,-1,342.03,342.75,339.18,close,3.958333333333136,0.008332602403297806,0.0021050785018858795
2023-01-18,-1,339.35,340.04,340.04,stop,-1.0,-0.0020332989538824897,0.0020332989538824156
2023-01-19,1,331.58,330.871,330.871,stop,-1.0,-0.0021382471801676406,0.0021382471801676918
2023-01-20,-1,329.44,330.84,330.84,stop,-1.0,-0.0042496357455075184,0.004249635745507459
2023-01-23,-1,333.26,334.69,334.69,stop,-1.0,-0.004290944007681707,0.004290944007681711
2023-01-24,-1,334.33,335.05,335.05,stop,-1.0,-0.0021535608530494077,0.002153560853049464
2023-01-25,1,335.0,334.08,334.08,stop,-1.0,-0.002746268656716455,0.0027462686567164656
2023-01-26,1,338.85,338.1,338.1,stop,-1.0,-0.002213368747233324,0.002213368747233289
2023-01-27,1,339.555,338.99,338.99,stop,-1.0,-0.0016639425129949537,0.0016639425129949426
2023-01-30,1,339.07,338.31,338.31,stop,-1.0,-0.0022414250744683395,0.002241425074468372
2023-01-31,-1,337.06,337.95,337.95,stop,-1.0,-0.002640479439862231,0.0026404794398622988
2023-02-01,1,339.16,338.21,338.21,stop,-1.0,-0.0028010378582381534,0.0028010378582381335
2023-02-02,-1,339.84,341.51,340.42,close,-0.3473053892215781,-0.0017066854990583913,0.004914077212806073
2023-02-03,1,339.35,338.69,338.69,stop,-1.0,-0.001944894651539797,0.001944894651539782
2023-02-06,-1,337.65,338.53,338.53,stop,-1.0,-0.0026062490744853672,0.0026062490744854006
2023-02-07,1,337.775,336.93,336.93,stop,-1.0,-0.0025016653097474917,0.0025016653097475255
2023-02-08,1,340.51,339.98,339.98,stop,-1.0,-0.0015564887962173923,0.0015564887962173585
2023-02-09,-1,341.75,342.27,342.27,stop,-1.0,-0.0015215801024139886,0.001521580102413992
2023-02-10,-1,336.68,337.39,337.39,stop,-1.0,-0.0021088273731733054,0.002108827373173279
2023-02-13,1,339.46,338.88,342.56,close,5.344827586207082,0.009132151063453886,0.0017085960054203267
2023-02-14,1,341.89,340.2449,340.2449,stop,-1.0,-0.00481178156717077,0.004811781567170767
2023-02-15,1,339.65,339.05,339.05,stop,-1.0,-0.0017665243633150363,0.001766524363315077
2023-02-16,-1,338.46,338.97,338.97,stop,-1.0,-0.0015068250310230624,0.0015068250310230095
2023-02-17,1,336.23,335.08,338.26,close,1.7652173913042717,0.006037533831008357,0.0034202777860394195
2023-02-21,-1,334.71,335.94,331.29,close,2.7804878048779744,0.010217800484001005,0.0036748229810881607
2023-02-22,-1,331.55,332.03,332.03,stop,-1.0,-0.0014477454380936727,0.0014477454380936853
2023-02-23,-1,331.6,332.13,332.13,stop,-1.0,-0.0015983112183353132,0.0015983112183352614
2023-02-24,1,328.21,327.5,327.5,stop,-1.0,-0.0021632491392705733,0.002163249139270527
2023-02-27,-1,330.18,330.87,330.87,stop,-1.0,-0.0020897692167909376,0.0020897692167908344
2023-02-28,-1,327.73,328.87,326.55,close,1.035087719298264,0.003600524822262252,0.0034784731333719413
2023-03-01,1,326.82,325.88,325.88,stop,-1.0,-0.0028762009668931166,0.002876200966893084
2023-03-02,-1,327.24,327.84,327.84,stop,-1.0,-0.001833516685001646,0.0018335166850017293
2023-03-03,-1,331.0,331.71,331.71,stop,-1.0,-0.0021450151057400557,0.0021450151057401195
2023-03-06,1,335.16,334.3,334.3,stop,-1.0,-0.0025659386561642794,0.0025659386561642608
2023-03-07,-1,334.46,334.82,334.82,stop,-1.0,-0.0010763618967888355,0.0010763618967888945
2023-03-08,-1,328.81,329.5,328.51,close,0.4347826086956701,0.0009123810103099927,0.0020984763237127755
2023-03-09,1,330.06,329.61,329.61,stop,-1.0,-0.0013633884748227576,0.001363388474822725
2023-03-10,-1,321.87,322.78,322.78,stop,-1.0,-0.002827228384130187,0.00282722838413014
2023-03-13,1,318.35,316.66,318.89,close,0.31952662721891384,0.0016962462698286718,0.0053086225852049555
2023-03-14,1,322.41,321.11,321.11,stop,-1.0,-0.004032132998356142,0.004032132998356165
2023-03-15,1,318.13,316.75,316.75,stop,-1.0,-0.004337849306887076,0.004337849306887107
2023-03-16,1,317.81,316.9,316.9,stop,-1.0,-0.0028633460243542297,0.0028633460243542527
2023-03-17,-1,320.17,321.09,318.49,close,1.8260869565218278,0.005247212418402758,0.0028734734672204113
2023-03-20,1,321.13,319.33,322.32,close,0.6611111111111057,0.0037056643726840477,0.0056052066141438405
2023-03-21,-1,325.36,325.82,325.82,stop,-1.0,-0.0014138185394638736,0.0014138185394639154
2023-03-22,-1,325.14,325.86,325.86,stop,-1.0,-0.00221443070677263,0.0022144307067725514
2023-03-23,1,322.35,321.33,321.33,stop,-1.0,-0.0031642624476502235,0.0031642624476501896
2023-03-24,-1,318.72,319.76,319.76,stop,-1.0,-0.003263052208835271,0.003263052208835227
2023-03-28,1,324.24,323.67,323.67,stop,-1.0,-0.0017579570688378565,0.0017579570688378767
2023-03-29,-1,325.97,326.69,326.69,stop,-1.0,-0.002208792220142808,0.0022087922201428673
2023-03-30,-1,328.56,328.95,328.5,close,0.15384615384616507,0.0001826150474799615,0.0011869978086193886
2023-03-31,1,330.24,329.51,332.59,close,3.219178082191654,0.007116036821705363,0.002210513565891528
2023-04-03,1,333.88,333.51,335.86,close,5.351351351351335,0.005930274350065989,0.0011081825805678823
2023-04-04,1,336.0,335.5,335.5,stop,-1.0,-0.0014880952380952328,0.001488095238095238
2023-04-05,1,334.61,333.97,333.97,stop,-1.0,-0.001912674456830299,0.001912674456830299
2023-04-10,1,334.11,333.4327,335.95,close,2.716669127417641,0.005507168297865794,0.0020271766783394765
2023-04-11,1,336.53,336.04,336.04,stop,-1.0,-0.0014560366089203525,0.001456036608920311
2023-04-12,1,338.7062,338.29,338.29,stop,-1.0,-0.0012287935679948792,0.0012287935679949273
2023-04-13,-1,336.78,337.18,337.18,stop,-1.0,-0.0011877189856881465,0.0011877189856880875
2023-04-14,1,340.41,339.9,339.9,stop,-1.0,-0.0014981933550719528,0.0014981933550719654
2023-04-17,1,339.31,338.76,338.76,stop,-1.0,-0.0016209366066429753,0.0016209366066429263
2023-04-18,-1,339.2627,339.99,339.99,stop,-1.0,-0.0021437664676959844,0.002143766467696018
2023-04-19,-1,338.65,339.53,339.53,stop,-1.0,-0.0025985530783996236,0.0025985530783995143
2023-04-20,1,337.66,337.34,337.34,stop,-1.0,-0.000947698868684621,0.0009476988686846235
2023-04-21,-1,337.55,338.44,338.44,stop,-1.0,-0.002636646422752076,0.0026366464227521444
2023-04-24,1,338.89,337.89,337.89,stop,-1.0,-0.002950809997344317,0.002950809997344271
2023-04-25,1,338.58,338.06,338.06,stop,-1.0,-0.0015358260972295756,0.0015358260972295524
2023-04-26,-1,335.46,336.46,332.96,close,2.5,0.007452453347641996,0.0029809813390568175
2023-04-27,1,334.33,333.83,338.2,close,7.740000000000009,0.011575389585140483,0.0014955283701731823
2023-04-28,1,337.82,337.13,341.0,close,4.608695652173938,0.009413297022082823,0.002042507844414178
2023-05-01,1,341.65,341.03,341.03,stop,-1.0,-0.0018147226693985274,0.0018147226693985207
2023-05-02,-1,338.73,340.0,336.84,close,1.488188976378008,0.005579665220086905,0.00374929885159266
2023-05-03,-1,336.56,337.42,337.42,stop,-1.0,-0.0025552650344664585,0.002555265034466406
2023-05-04,-1,333.26,333.59,329.96000000000015,target,10.0,0.009902178479265,0.0009902178479264962
2023-05-05,1,335.21,333.94,336.75,close,1.2125984251968838,0.004594135019838408,0.0037886697890873837
2023-05-08,-1,336.4,337.39,336.21,close,0.19191919191918785,0.0005648038049940185,0.0029429250891795755
2023-05-09,1,335.64,335.15,335.75,close,0.22448979591839102,0.0003277320939101269,0.0014598975092361135
2023-05-10,-1,337.24,337.85,335.45,close,2.9344262295081647,0.005307792669908773,0.0018088008539912633
2023-05-11,-1,332.41,333.87,333.3,close,-0.6095890410958896,-0.0026774164435485748,0.004392166300652746
2023-05-12,-1,333.84,334.45,333.22,close,1.0163934426228423,0.0018571770908217822,0.001827222621615186
2023-05-15,-1,332.31,333.549,333.549,stop,-1.0,-0.0037284463302338366,0.003728446330233745
2023-05-16,-1,332.23,332.77,332.77,stop,-1.0,-0.0016253800078258607,0.001625380007825794
2023-05-17,-1,331.59,332.17,332.17,stop,-1.0,-0.001749148044271731,0.0017491480442716637
2023-05-18,1,334.09,333.62,333.62,stop,-1.0,-0.001406806549133388,0.0014068065491333786
2023-05-19,1,335.99,335.31,335.31,stop,-1.0,-0.002023869758028485,0.002023869758028533
2023-05-22,1,334.84,333.97,333.97,stop,-1.0,-0.002598255883406897,0.0025982558834068445
2023-05-23,1,332.17,331.16,331.16,stop,-1.0,-0.0030406117349549566,0.0030406117349549653
2023-05-24,-1,329.31,330.24,327.97,close,1.440860215053726,0.004069114208496427,0.002824086726792405
2023-05-25,-1,326.67,328.23,328.23,stop,-1.0,-0.004775461474882947,0.004775461474882916
2023-05-26,1,329.1,327.92,330.87,close,1.499999999999976,0.00537830446672749,0.003585536311151646
2023-05-30,-1,330.58,331.315,330.43,close,0.2040816326530265,0.00045374795813413193,0.0022233649948575646
2023-05-31,-1,328.71,329.8158,329.8158,stop,-1.0,-0.0033640595053392452,0.003364059505339189
2023-06-01,1,329.0,327.32,330.96,close,1.1666666666666496,0.005957446808510625,0.005106382978723425
2023-06-02,1,333.87,333.11,338.06,close,5.513157894736905,0.012549794830323258,0.0022763351004881868
2023-06-05,-1,337.7,338.28,338.28,stop,-1.0,-0.0017175007403020803,0.0017175007403019962
2023-06-06,-1,335.46,336.03,336.03,stop,-1.0,-0.0016991593632622592,0.0016991593632623657
2023-06-07,1,336.59,335.93,337.18,close,0.8939393939394853,0.0017528744169466037,0.0019608425681094752
2023-06-08,1,337.78,336.75,338.79,close,0.9805825242719169,0.002990111907158699,0.003049322043933841
2023-06-09,1,338.83,338.32,339.34,close,1.0,0.0015051795885843156,0.001505179588584219
2023-06-12,1,340.22,339.7,339.7,stop,-1.0,-0.0015284227852566667,0.001528422785256712
2023-06-13,1,342.13,341.6,342.62,close,0.9245283018868572,0.0014322041329319912,0.0015491187560283306
2023-06-14,1,341.56,340.71,340.71,stop,-1.0,-0.002488581801147749,0.002488581801147742
2023-06-15,1,340.78,340.18,344.85,close,6.783333333333802,0.011943189154293155,0.0017606667057924936
2023-06-20,1,341.47,340.86,340.86,stop,-1.0,-0.0017863941195420674,0.0017863941195420201
2023-06-21,-1,338.82,339.64,339.64,stop,-1.0,-0.002420164098931643,0.002420164098931566
2023-06-22,-1,338.44,339.17,339.17,stop,-1.0,-0.0021569554426190685,0.0021569554426191296
2023-06-23,1,337.34,336.22,337.18,close,-0.14285714285712112,-0.00047429892689854203,0.0033200924882905904
2023-06-26,1,337.32,336.72,336.72,stop,-1.0,-0.001778726431874711,0.0017787264318746767
2023-06-27,1,337.86,337.1,339.15,close,1.697368421052604,0.0038181495293907464,0.0022494524359201766
2023-06-28,-1,337.95,338.83,338.83,stop,-1.0,-0.0026039354934161985,0.0026039354934161724
2023-06-29,1,338.75,338.11,341.16,close,3.7656250000001195,0.007114391143911547,0.0018892988929888896
2023-06-30,1,343.55,342.84,342.84,stop,-1.0,-0.0020666569640519494,0.0020666569640519178
2023-07-05,1,342.85,342.25,342.84,close,-0.016666666666745617,-2.916727431834243e-05,0.001750036459092964
2023-07-06,-1,339.37,340.87,339.26,close,0.07333333333334242,0.0003241300055986107,0.0044199546217992165
2023-07-07,1,339.09,337.72,337.72,stop,-1.0,-0.004040225308914902,0.004040225308914883
2023-07-10,1,338.61,337.17,339.57,close,0.6666666666666535,0.0028351200496146145,0.004252680074421894
2023-07-11,-1,340.59,341.17,341.17,stop,-1.0,-0.0017029272732611567,0.001702927273261226
2023-07-12,1,345.43,344.69,344.69,stop,-1.0,-0.0021422574761891244,0.002142257476189124
2023-07-13,-1,344.26,344.88,343.97,close,0.4677419354838089,0.0008423865682912757,0.0018009643873816434
2023-07-14,-1,345.29,345.77,345.77,stop,-1.0,-0.0013901358278547438,0.0013901358278547347
2023-07-17,-1,344.56,345.21,345.21,stop,-1.0,-0.001886463895983237,0.001886463895983217
2023-07-18,1,346.0,345.25,349.58,close,4.773333333333312,0.010346820809248536,0.002167630057803468
2023-07-19,1,351.43,350.4,350.7,close,-0.7087378640776673,-0.0020772273283442555,0.002930882394787097
2023-07-20,1,352.4074,351.35,352.41,close,0.0024588613580759735,7.377824642773589e-06,0.003000504529700491
2023-07-24,1,353.22,352.53,354.07,close,1.2318840579708676,0.002406432251854218,0.001953456769152524
2023-07-25,1,353.98,353.55,354.3,close,0.7441860465116003,0.0009040058760381164,0.0012147578959263428
2023-07-26,1,354.4,353.12,355.2,close,0.6250000000000222,0.0022573363431150906,0.003611738148984122
2023-07-27,1,356.19,355.49,355.49,stop,-1.0,-0.0019652432690417942,0.0019652432690417717
2023-07-28,-1,354.325,354.99,354.99,stop,-1.0,-0.001876808015240261,0.0018768080152403034
2023-07-31,1,354.79,354.2,354.2,stop,-1.0,-0.0016629555511712413,0.0016629555511712048
2023-08-01,1,356.25,355.21,355.21,stop,-1.0,-0.0029192982456140992,0.0029192982456140927
2023-08-02,1,355.0,354.37,354.37,stop,-1.0,-0.0017746478873239546,0.0017746478873239308
2023-08-03,1,352.03,351.43,351.43,stop,-1.0,-0.0017044001931653119,0.0017044001931652585
2023-08-04,1,353.61,352.78,352.78,stop,-1.0,-0.0023472186872544043,0.0023472186872544355
2023-08-07,1,353.3,351.88,354.66,close,0.9577464788732383,0.0038494197565808186,0.004019247098782949
2023-08-08,-1,351.97,352.61,352.61,stop,-1.0,-0.0018183367900672653,0.0018183367900672963
2023-08-09,1,353.32,352.68,352.68,stop,-1.0,-0.0018113891090228984,0.0018113891090229435
2023-08-10,1,354.435,353.03,353.03,stop,-1.0,-0.0039640554685627105,0.003964055468562725
2023-08-11,1,351.47,350.61,353.03,close,1.8139534883720008,0.004438501152302932,0.0024468660198594862
2023-08-14,-1,352.66,353.36,353.36,stop,-1.0,-0.001984914648670122,0.0019849146486700746
2023-08-15,-1,351.39,352.02,349.63,close,2.7936507936507993,0.005008679814451189,0.0017928797063092162
2023-08-16,1,350.1,349.21,349.21,stop,-1.0,-0.002542130819765953,0.0025421308197659045
2023-08-17,1,349.161,348.64,348.64,gap-stop,-1.0,-0.0014921483212615438,0.0014921483212615814
2023-08-18,1,343.95,342.68,345.15,close,0.9448818897637841,0.0034888791975578037,0.0036923971507486024
2023-08-21,1,345.58,345.0,345.0,stop,-1.0,-0.0016783378667746263,0.0016783378667746516
2023-08-22,1,345.0,344.2,344.2,stop,-1.0,-0.002318840579710213,0.002318840579710178
2023-08-23,1,343.9,343.25,344.81,close,1.4000000000000874,0.0026461180575749754,0.0018900843268391315
2023-08-24,1,345.0,344.27,344.27,stop,-1.0,-0.0021159420289855735,0.00211594202898556
2023-08-25,-1,342.28,343.44,343.44,stop,-1.0,-0.0033890382143275666,0.0033890382143275245
2023-08-28,1,346.09,345.12,345.12,stop,-1.0,-0.002802739171891666,0.0028027391718916193
2023-08-29,1,345.74,345.4,348.68,close,8.647058823528596,0.008503499739688669,0.0009833979290797474
2023-08-30,1,349.78,349.01,349.01,stop,-1.0,-0.00220138372691403,0.0022013837269140085
2023-08-31,1,351.25,350.37,350.37,stop,-1.0,-0.0025053380782917856,0.002505338078291802
2023-09-01,-1,349.65,350.36,348.994,close,0.923943661971712,0.001876161876161686,0.002030602030602135
2023-09-05,-1,348.8,349.275,347.0,close,3.7894736842108223,0.0051605504587156625,0.0013618119266054069
2023-09-06,-1,345.72,346.51,345.0,close,0.9113924050633676,0.0020826102047900585,0.0022850861969222597
2023-09-07,1,345.57,344.36,344.36,stop,-1.0,-0.0035014613537054373,0.003501461353705413
2023-09-11,1,348.49,347.99,347.99,stop,-1.0,-0.0014347613991793073,0.0014347613991793164
2023-09-12,1,347.08,346.36,347.25,close,0.2361111111111429,0.0004898006223350571,0.002074449694594821
2023-09-13,-1,347.43,348.51,346.56,close,0.8055555555555717,0.0025041015456350735,0.0031085398497538615
2023-09-14,-1,347.91,348.74,348.74,stop,-1.0,-0.0023856744560375454,0.002385674456037435
2023-09-15,1,348.68,348.21,348.21,stop,-1.0,-0.001347940805322967,0.0013479408053230105
2023-09-18,1,346.55,346.08,346.08,stop,-1.0,-0.0013562256528639738,0.0013562256528640232
2023-09-19,-1,345.37,345.81,345.11,close,0.5909090909090733,0.000752815820713959,0.0012739960042852526
2023-09-20,1,346.08,345.63,345.63,stop,-1.0,-0.0013002773925103739,0.0013002773925103693
2023-09-21,-1,342.16,343.31,343.31,stop,-1.0,-0.0033610007014261978,0.0033610007014261666
2023-09-22,-1,340.21,340.99,340.99,stop,-1.0,-0.0022927015666796002,0.002292701566679491
2023-09-25,-1,338.52,338.94,338.94,stop,-1.0,-0.001240694789081953,0.001240694789081933
2023-09-26,1,338.39,337.86,337.86,stop,-1.0,-0.001566240137119812,0.0015662401371198107
2023-09-27,-1,336.43,337.15,335.49,close,1.305555555555606,0.0027940433373956353,0.002140118300983772
2023-09-28,1,335.94,335.03,335.03,stop,-1.0,-0.0027088170506638365,0.0027088170506638833
2023-09-29,-1,337.67,338.83,335.0,close,2.3017241379311115,0.007907128261320229,0.003435306660348767
2023-10-02,1,334.51,333.9,333.9,stop,-1.0,-0.0018235628232340373,0.001823562823234025
2023-10-03,1,333.11,332.52,332.52,stop,-1.0,-0.0017711866950858024,0.0017711866950858028
2023-10-04,-1,329.83,330.55,330.55,stop,-1.0,-0.002182942728072179,0.0021829427280721197
2023-10-05,1,331.41,330.63,330.63,stop,-1.0,-0.002353580157508861,0.002353580157508915
2023-10-06,-1,330.06,330.65,330.65,stop,-1.0,-0.0017875537781009143,0.0017875537781008755
2023-10-09,1,334.06,332.93,332.93,stop,-1.0,-0.0033826258755912386,0.0033826258755911974
2023-10-10,-1,336.56,337.27,337.27,stop,-1.0,-0.0021095792726408824,0.0021095792726407757
2023-10-11,-1,338.19,338.84,338.01,close,0.2769230769230971,0.0005322451876164092,0.0019219965108370361
2023-10-12,-1,337.9,338.77,336.33,close,1.804597701149408,0.004646345072506608,0.0025747262503699455
2023-10-13,1,338.51,337.41,337.41,stop,-1.0,-0.0032495347257096574,0.003249534725709627
2023-10-16,1,339.32,338.66,338.66,stop,-1.0,-0.0019450666037957864,0.001945066603795733
2023-10-17,1,339.5,338.27,339.98,close,0.3902439024390334,0.0014138438880706428,0.0036229749631812025
2023-10-18,-1,339.02,339.97,336.7,close,2.442105263157771,0.0068432540853047286,0.002802194560793008
2023-10-19,1,337.02,336.6,336.6,stop,-1.0,-0.0012462168417303188,0.0012462168417303398
2023-10-20,1,334.19,333.26,333.26,stop,-1.0,-0.0027828480804332756,0.002782848080433307
2023-10-23,-1,329.3,330.11,330.11,stop,-1.0,-0.0024597631339204895,0.002459763133920444
2023-10-24,1,332.15,330.91,330.91,stop,-1.0,-0.0037332530483213944,0.003733253048321398
2023-10-25,-1,331.99,332.44,332.44,stop,-1.0,-0.0013554625139311494,0.0013554625139311082
2023-10-26,-1,330.0,330.73,330.73,stop,-1.0,-0.002212121212121332,0.0022121212121212672
2023-10-27,-1,327.23,327.88,324.19,close,4.676923076923272,0.009290101763285818,0.0019863704428077413
2023-10-30,1,327.321,326.39,326.39,stop,-1.0,-0.0028443026875759614,0.0028443026875759267
2023-10-31,-1,328.25,329.18,329.18,stop,-1.0,-0.002833206397562904,0.002833206397562854
2023-11-01,-1,330.4274,331.12,331.12,stop,-1.0,-0.002096073146476529,0.002096073146476434
2023-11-02,1,335.69,334.69,334.69,stop,-1.0,-0.002978938901963102,0.002978938901963121
2023-11-03,-1,339.81,340.36,340.36,stop,-1.0,-0.0016185515435096498,0.0016185515435096418
2023-11-06,-1,340.83,341.64,341.03,close,-0.24691358024689886,-0.0005868028049174079,0.0023765513599155073
2023-11-07,-1,340.43,340.84,340.84,stop,-1.0,-0.001204359192785498,0.0012043591927855012
2023-11-08,1,342.39,341.86,341.86,stop,-1.0,-0.0015479424048598922,0.0015479424048598753
2023-11-09,-1,341.27,342.05,339.14,close,2.7307692307691216,0.006241392445863969,0.0022855803322883042
2023-11-10,-1,340.07,340.92,340.92,stop,-1.0,-0.002499485400064838,0.0024994854000647596
2023-11-13,-1,342.27,342.76,342.76,stop,-1.0,-0.0014316183130278493,0.0014316183130277532
2023-11-14,1,347.55,346.67,348.46,close,1.0340909090908783,0.002618328298086503,0.0025320097827650568
2023-11-15,-1,349.29,350.1,350.1,stop,-1.0,-0.0023189899510436263,0.0023189899510435517
2023-11-16,1,350.07,349.5,349.5,stop,-1.0,-0.0016282457794155603,0.001628245779415526
2023-11-17,-1,349.25,350.22,349.41,close,-0.16494845360826857,-0.00045812455261273755,0.002777380100214824
2023-11-20,1,349.75,349.07,351.57,close,2.676470588235257,0.005203716940671788,0.0019442458899213918
2023-11-21,-1,350.76,351.21,350.85,close,-0.20000000000007578,-0.0002565856996237237,0.0012829284981183391
2023-11-22,1,352.55,351.75,351.75,stop,-1.0,-0.002269181676358034,0.0022691816763579955
2023-11-27,-1,353.57,354.14,353.33,close,0.4210526315789684,0.000678790621376324,0.0016121277257685697
2023-11-28,-1,353.11,353.7,353.7,stop,-1.0,-0.0016708674350767172,0.0016708674350768174
2023-11-29,1,355.5,354.75,354.75,stop,-1.0,-0.002109704641350185,0.002109704641350211
2023-11-30,1,356.95,356.45,356.45,stop,-1.0,-0.0014007564084606017,0.0014007564084605687
2023-12-01,1,360.35,359.86,362.98,close,5.367346938775401,0.007298459830720194,0.001359789093936476
2023-12-04,1,362.2199,361.02,362.65,close,0.35844653721141495,0.001187400250510784,0.0033126285993674387
2023-12-05,-1,361.64,361.96,361.96,stop,-1.0,-0.0008848578697047138,0.0008848578697046598
2023-12-06,-1,362.65,363.5508,361.2,close,1.60968028419181,0.003998345512201795,0.0024839376809596136
2023-12-07,-1,361.51,362.29,362.29,stop,-1.0,-0.00215761666343961,0.002157616663439544
2023-12-08,1,361.91,361.38,363.08,close,2.20754716981112,0.0032328479456216197,0.0014644524881877526
2023-12-11,-1,363.46,364.05,364.05,stop,-1.0,-0.0016232872943378052,0.0016232872943378414
2023-12-12,-1,364.66,365.41,365.41,stop,-1.0,-0.002056710360335723,0.002056710360335655
2023-12-13,-1,366.19,366.68,366.68,stop,-1.0,-0.0013381031704853275,0.001338103170485292
2023-12-14,-1,372.33,373.05,373.05,stop,-1.0,-0.001933768431230387,0.0019337684312304335
2023-12-15,-1,371.57,372.61,372.61,stop,-1.0,-0.002798934251957874,0.0027989342519579635
2023-12-18,1,373.51,373.1,373.1,stop,-1.0,-0.001097694840834218,0.001097694840834163
2023-12-19,1,373.68,373.12,375.47,close,3.196428571428595,0.004790194819096705,0.0014986084350246261
2023-12-21,1,373.67,372.76,372.76,stop,-1.0,-0.0024353038777531477,0.0024353038777531646
2023-12-22,1,374.28,373.51,373.51,stop,-1.0,-0.002057283317302483,0.002057283317302506
2023-12-26,1,374.34,373.58,375.38,close,1.3684210526316223,0.0027782230058235324,0.0020302398888710554
2023-12-27,1,375.41,374.75,376.5801,close,1.7728787878787067,0.003116858900934938,0.0017580778349005754
2023-12-28,1,377.15,376.52,377.12,close,-0.04761904761900465,-7.954394803122433e-05,0.0016704229086570211
2023-12-29,1,377.41,376.91,376.91,stop,-1.0,-0.0013248191621844096,0.0013248191621843617
2024-01-02,1,376.3,374.8,377.13,close,0.5533333333333227,0.0022056869519000433,0.003986181238373638
2024-01-03,-1,375.52,376.12,374.26,close,2.099999999999905,0.0033553472518107474,0.0015977844056242617
2024-01-04,1,375.42,374.61,374.61,stop,-1.0,-0.002157583506472771,0.0021575835064727563
2024-01-05,1,374.74,373.94,373.94,stop,-1.0,-0.0021348134706730137,0.0021348134706730302
2024-01-09,-1,374.23,374.88,374.88,stop,-1.0,-0.0017368997675226705,0.0017368997675225857
2024-01-10,1,376.28,375.32,375.32,stop,-1.0,-0.002551291591368021,0.002551291591368076
2024-01-11,-1,376.7912,378.12,377.15,close,-0.27001806140876994,-0.0009522515387831998,0.003526621640845118
2024-01-12,-1,377.43,378.25,375.95,close,1.804878048780525,0.003921256921813332,0.0021725882945181707
2024-01-16,-1,374.26,375.53,373.62,close,0.5039370078740122,0.0017100411478651045,0.0033933629027948
2024-01-17,1,372.66,371.63,371.63,stop,-1.0,-0.0027639134868244764,0.0027639134868245306
2024-01-18,-1,371.52,372.3,372.3,stop,-1.0,-0.0020994832041345557,0.0020994832041344464
2024-01-19,-1,375.37,375.99,375.99,stop,-1.0,-0.001651703652396419,0.0016517036523963145
2024-01-22,1,380.21,379.23,379.23,stop,-1.0,-0.002577522947844524,0.002577522947844511
2024-01-23,-1,379.13,379.8499,379.05,close,0.1111265453534999,0.00021100941629514924,0.0018988209848864387
2024-01-24,1,380.52,379.99,379.99,stop,-1.0,-0.0013928308630294373,0.001392830863029467
2024-01-25,1,379.36,378.6,378.6,stop,-1.0,-0.002003374103753619,0.0020033741037536663
2024-01-26,1,381.13,379.95,381.05,close,-0.06779661016947765,-0.00020990213313043515,0.00309605646367383
2024-01-29,1,381.41,380.91,380.91,stop,-1.0,-0.0013109252510421499,0.0013109252510421854
2024-01-30,1,383.17,382.66,382.66,stop,-1.0,-0.0013310019051595567,0.0013310019051595658
2024-01-31,1,385.48,384.85,384.85,stop,-1.0,-0.0016343260350731859,0.0016343260350731436
2024-02-01,1,382.46,381.38,381.38,stop,-1.0,-0.0028238247136954664,0.0028238247136955085
2024-02-02,-1,383.77,384.46,384.46,stop,-1.0,-0.0017979518982724763,0.001797951898272397
2024-02-05,-1,384.63,385.99,383.599,close,0.7580882352941144,0.0026804981410706308,0.0035358656371058256
2024-02-06,1,384.44,383.5,385.12,close,0.723404255319158,0.0017688065757985871,0.002445114972427421
2024-02-07,1,386.69,386.15,386.15,stop,-1.0,-0.0013964674545502431,0.0013964674545502093
2024-02-08,-1,387.11,387.6638,387.41,close,-0.541711809317496,-0.0007749735217379428,0.0014306011211282761
2024-02-09,1,387.34,386.84,386.84,stop,-1.0,-0.001290855579077821,0.0012908555790778129
2024-02-12,1,387.06,386.44,388.16,close,1.7741935483871205,0.002841936650648469,0.0016018188394564268
2024-02-13,-1,384.485,385.16,382.84,close,2.437037037037053,0.004278450394683886,0.0017555951467547793
2024-02-14,-1,383.5,384.34,384.34,stop,-1.0,-0.0021903520208603755,0.00219035202086043
2024-02-15,1,385.68,384.88,388.27,close,3.2374999999999226,0.006715411740302768,0.002074258452603224
2024-02-16,-1,385.97,387.29,387.29,stop,-1.0,-0.0034199549187761136,0.003419954918776053
2024-02-20,1,386.38,385.15,385.15,stop,-1.0,-0.0031833945856410972,0.003183394585641126
2024-02-21,-1,383.94,385.46,385.46,stop,-1.0,-0.00395895191957063,0.003958951919570719
2024-02-22,1,388.89,387.91,390.57,close,1.7142857142857888,0.004319987657178226,0.002519992800020472
2024-02-23,1,392.09,391.43,391.43,stop,-1.0,-0.0016832870004335199,0.0016832870004334928
2024-02-26,1,391.96,391.23,391.23,stop,-1.0,-0.0018624349423409514,0.0018624349423409566
2024-02-27,-1,389.69,390.45,389.7,close,-0.013157894736830296,-2.566142318261022e-05,0.0019502681618722342
2024-02-28,1,388.217,387.6,389.66,close,2.3387358184767097,0.0037169933310494674,0.0015893173148006446
2024-02-29,-1,390.15,391.11,389.86,close,0.30208333333328397,0.0007433038574906625,0.002460592079969336
2024-03-01,-1,389.76,390.42,390.42,stop,-1.0,-0.0016933497536946174,0.0016933497536946456
2024-03-04,1,390.54,389.35,390.27,close,-0.22689075630255393,-0.0006913504378553981,0.0030470630409176976
2024-03-05,-1,388.47,389.29,386.19,close,2.780487804878108,0.005869179087188314,0.0021108451103045104
2024-03-06,-1,388.1,389.08,389.08,stop,-1.0,-0.0025251223911362253,0.0025251223911362053
2024-03-07,-1,389.03,389.49,389.49,stop,-1.0,-0.0011824280903787177,0.0011824280903787276
2024-03-08,1,388.9,388.19,388.19,stop,-1.0,-0.001825662123939309,0.0018256621239392636
2024-03-11,1,387.73,386.88,386.87,gap-stop,-1.011764705882342,-0.002218038325639049,0.0021922471823176506
2024-03-12,-1,389.15,389.75,389.75,stop,-1.0,-0.0015418219195684202,0.0015418219195683484
2024-03-13,-1,391.39,391.765,391.765,stop,-1.0,-0.0009581236107207847,0.0009581236107207645
2024-03-14,-1,391.51,392.41,390.09,close,1.5777777777777358,0.0036269827079769,0.0022987918571684865
2024-03-15,-1,387.53,389.26,387.01,close,0.30057803468206723,0.0013418316001341246,0.00446417051583108
2024-03-18,-1,388.14,388.65,388.65,stop,-1.0,-0.0013139588808162017,0.001313958880816177
2024-03-19,1,388.28,387.47,391.0,close,3.3580246913582847,0.00700525394045548,0.00208612341609134
2024-03-20,1,390.38,389.89,394.95,close,9.326530612244712,0.011706542343357773,0.0012551872534453843
2024-03-21,1,396.9,395.81,397.68,close,0.7155963302752729,0.0019652305366590905,0.0027462836986645884
2024-03-22,-1,397.46,398.06,394.5,close,4.933333333333112,0.007447290293362774,0.0015095858702763114
2024-03-25,-1,393.72,394.15,392.945,close,1.8023255813956378,0.0019684039418876864,0.0010921467032407547
2024-03-26,-1,393.21,393.74,393.74,stop,-1.0,-0.0013478802675415125,0.0013478802675415925
2024-03-27,1,395.63,394.92,394.92,stop,-1.0,-0.0017946060713291967,0.0017946060713292205
2024-03-28,-1,397.94,398.43,398.43,stop,-1.0,-0.0012313414082525398,0.0012313414082525233
2024-04-01,-1,397.51,398.05,395.3,close,4.0925925925924,0.005559608563306506,0.0013584563910342394
2024-04-02,-1,391.4,392.14,391.59,close,-0.2567567567567505,-0.0004854368932039055,0.0018906489524783065
2024-04-03,1,391.72,391.09,391.09,stop,-1.0,-0.0016082916368835853,0.0016082916368836216
2024-04-04,-1,393.82,394.24,389.61999999999983,target,10.0,0.010664770707430216,0.0010664770707430194
2024-04-05,1,386.81,386.08,388.92,close,2.8904109589040563,0.005454874486181982,0.0018872314573046669
2024-04-08,1,389.9,389.01,389.01,stop,-1.0,-0.002282636573480379,0.0022826365734803446
2024-04-09,-1,389.36,389.98,388.9,close,0.7419354838710209,0.001181425929730917,0.0015923566878981007
2024-04-10,-1,383.91,385.17,385.17,stop,-1.0,-0.003282019223255439,0.0032820192232554265
2024-04-11,-1,384.4499,385.67,385.67,stop,-1.0,-0.0031736254841008282,0.003173625484100795
2024-04-12,1,382.81,381.98,381.98,stop,-1.0,-0.0021681774248321073,0.0021681774248321207
2024-04-15,-1,383.26,383.82,377.65999999999997,target,10.0,0.014611490893910228,0.0014611490893910199
2024-04-16,-1,379.2,379.79,379.79,stop,-1.0,-0.0015559071729958074,0.0015559071729958646
2024-04-17,1,379.66,378.69,378.69,stop,-1.0,-0.0025549175578150063,0.0025549175578149586
2024-04-18,-1,378.73,379.38,379.38,stop,-1.0,-0.0017162622448709808,0.0017162622448709563
2024-04-19,1,378.73,377.92,379.78,close,1.2962962962962365,0.0027724236263300117,0.002138726797454657
2024-04-22,-1,380.81,381.91,381.91,stop,-1.0,-0.002888579606628028,0.002888579606628037
2024-04-23,-1,382.99,383.83,383.83,stop,-1.0,-0.0021932687537533635,0.0021932687537532963
2024-04-24,1,385.01,384.15,384.15,stop,-1.0,-0.0022337082153710552,0.0022337082153710648
2024-04-25,-1,379.5,380.15,380.15,stop,-1.0,-0.001712779973649381,0.001712779973649479
2024-04-26,1,381.315,380.53,382.27,close,1.216560509554081,0.002504491037593537,0.0020586654078649544
2024-04-29,-1,382.93,383.98,383.98,stop,-1.0,-0.0027420155119735057,0.0027420155119734974
2024-04-30,-1,381.76,382.48,382.48,stop,-1.0,-0.0018860016764459253,0.0018860016764460062
2024-05-01,-1,378.15,379.31,379.31,stop,-1.0,-0.003067565780774828,0.0030675657807748913
2024-05-02,-1,380.56,381.65,381.65,stop,-1.0,-0.0028642001261298677,0.0028642001261298482
2024-05-03,-1,386.64,387.99,386.72,close,-0.05925925925928858,-0.00020691082143597939,0.0034916201117319023
2024-05-06,-1,388.27,388.74,388.45,close,-0.3829787234042476,-0.00046359492106007316,0.001210497849434742
2024-05-07,1,389.33,388.61,388.61,stop,-1.0,-0.0018493309018056125,0.0018493309018055902
2024-05-08,1,388.81,388.19,390.44,close,2.6290322580644894,0.004192279005169608,0.0015946091921504194
2024-05-09,1,390.51,390.01,394.03,close,7.039999999999964,0.00901385367852292,0.001280376942972011
2024-05-10,1,395.4,394.9801,394.9801,stop,-1.0,-0.0010619625695498236,0.001061962569549783
2024-05-13,-1,396.03,396.61,394.48,close,2.6724137931031815,0.003913844910738984,0.0014645355149863419
2024-05-14,1,395.25,394.36,394.36,stop,-1.0,-0.0022517394054395456,0.002251739405439561
2024-05-15,1,397.95,397.13,397.13,stop,-1.0,-0.0020605603719060506,0.002060560371906001
2024-05-16,-1,399.67,400.07,400.07,stop,-1.0,-0.0010008256811868677,0.0010008256811869223
2024-05-17,-1,398.59,399.27,399.27,stop,-1.0,-0.0017060136982864904,0.001706013698286477
2024-05-20,-1,399.4,400.1,400.1,stop,-1.0,-0.0017526289434153242,0.0017526289434152366
2024-05-21,-1,397.97,398.53,398.53,stop,-1.0,-0.001407141241801968,0.0014071412418020087
2024-05-22,1,398.33,397.88,397.88,stop,-1.0,-0.0011297165666658282,0.0011297165666658013
2024-05-23,-1,395.83,397.09,390.72,close,4.055555555555551,0.01290958239648321,0.0031831847005027183
2024-05-24,1,391.55,391.03,391.03,stop,-1.0,-0.0013280551653684913,0.0013280551653685063
2024-05-28,1,389.94,389.14,389.14,stop,-1.0,-0.0020515976816946058,0.0020515976816946487
2024-05-29,-1,384.33,385.65,385.65,stop,-1.0,-0.0034345484349387334,0.003434548434938707
2024-05-30,-1,381.12,382.21,382.21,stop,-1.0,-0.002859991603694212,0.0028599916036943086
2024-05-31,1,382.76,381.75,381.75,stop,-1.0,-0.0026387292298045706,0.0026387292298045537
2024-06-03,-1,387.072,387.89,386.26,close,0.992665036674851,0.00209780092592593,0.0021133019179893756
2024-06-04,1,385.17,384.54,387.52,close,3.730158730158703,0.006101202066619793,0.0016356414050938428
2024-06-05,-1,387.96,388.6,388.6,stop,-1.0,-0.0016496546035675852,0.0016496546035674896
2024-06-06,1,388.82,387.89,387.89,stop,-1.0,-0.0023918522709737156,0.002391852270973733
2024-06-07,-1,388.14,388.88,388.88,stop,-1.0,-0.0019065285721646674,0.0019065285721647062
2024-06-10,-1,387.54,388.48,388.48,stop,-1.0,-0.0024255560716313074,0.0024255560716313095
2024-06-11,-1,386.28,387.82,387.82,stop,-1.0,-0.0039867453660558105,0.0039867453660557646
2024-06-12,-1,390.52,391.91,387.61,close,2.093525179856027,0.0074516029908838766,0.0035593567550958804
2024-06-13,-1,385.81,386.96,386.96,stop,-1.0,-0.002980741815919785,0.002980741815919694
2024-06-14,1,385.64,384.6,384.6,stop,-1.0,-0.0026968156830203815,0.0026968156830203395
2024-06-17,1,385.96,384.98,388.63,close,2.724489795918491,0.006917815317649456,0.0025391232252045845
2024-06-18,1,389.14,388.5,388.5,stop,-1.0,-0.001644652310222483,0.001644652310222507
2024-06-20,1,389.18,388.38,392.08,close,3.62499999999992,0.007451564828613977,0.0020556040906521697
2024-06-21,-1,391.09,391.87,391.87,stop,-1.0,-0.0019944258354855915,0.001994425835485514
2024-06-24,-1,391.97,392.72,392.72,stop,-1.0,-0.0019134117406944817,0.0019134117406944407
2024-06-25,1,393.63,393.07,393.07,stop,-1.0,-0.0014226557935116402,0.0014226557935116792
2024-06-26,1,390.17,389.01,391.2,close,0.8879310344827159,0.002639874926314123,0.002973063023810198
2024-06-27,1,391.13,390.37,390.37,stop,-1.0,-0.0019430879758647324,0.0019430879758647788
2024-06-28,1,394.02,390.95,390.95,stop,-1.0,-0.007791482665854499,0.007791482665854508
2024-07-01,1,393.65,391.93,391.93,stop,-1.0,-0.004369363647910518,0.004369363647910506
2024-07-02,1,391.67,390.69,393.25,close,1.6122448979591375,0.0040340082212066974,0.002502106365052259
2024-07-05,1,393.22,392.13,392.13,stop,-1.0,-0.0027719851482631563,0.0027719851482631394
2024-07-08,1,396.33,394.34,394.34,stop,-1.0,-0.005021068301667819,0.005021068301667825
2024-07-09,-1,392.7365,393.35,393.35,stop,-1.0,-0.0015621160752821162,0.001562116075282141
2024-07-10,-1,392.86,393.63,393.63,stop,-1.0,-0.0019599857455581127,0.0019599857455581677
2024-07-11,-1,396.76,397.65,397.65,stop,-1.0,-0.002243169674362333,0.0022431696743623005
2024-07-12,1,399.14,398.3,398.3,stop,-1.0,-0.002104524728165469,0.002104524728165493
2024-07-15,-1,402.1,403.08,403.08,stop,-1.0,-0.002437204675453719,0.002437204675453771
2024-07-16,1,404.44,403.85,409.61,close,8.762711864407178,0.012783107506675995,0.0014588072396399343
2024-07-17,1,410.29,408.56,411.96,close,0.9653179190751107,0.004070291744863397,0.004216529771624992
2024-07-18,1,411.64,410.46,410.46,stop,-1.0,-0.0028665824506850512,0.002866582450685081
2024-07-19,-1,404.14,406.06,402.91,close,0.6406249999999746,0.003043499777304781,0.004750828920671094
2024-07-22,1,404.57,403.81,403.81,stop,-1.0,-0.001878537706700878,0.0018785377067009194
2024-07-23,-1,403.47,404.45,404.45,stop,-1.0,-0.0024289290405730135,0.002428929040572933
2024-07-24,1,402.43,401.66,401.66,stop,-1.0,-0.0019133762393459541,0.001913376239345928
2024-07-25,1,399.466,398.3713,399.49,close,0.02192381474376647,6.008020707648498e-05,0.0027404084452744134
2024-07-26,1,403.78,401.71,406.02,close,1.0821256038647422,0.0055475754123532894,0.0051265540640942926
2024-07-29,-1,404.9,407.0,405.5,close,-0.28571428571429347,-0.0014818473697209011,0.005186465794023272
2024-07-30,1,407.16,405.8,405.8,stop,-1.0,-0.003340210236762009,0.0033402102367619943
2024-07-31,-1,407.03,408.25,408.25,stop,-1.0,-0.002997322064712815,0.002997322064712742
2024-08-01,-1,409.62,410.93,403.29,close,4.832061068702269,0.015453347004540707,0.003198086030955525
2024-08-02,-1,398.43,400.38,397.2,close,0.6307692307692437,0.0030871169339659055,0.004894209773360411
2024-08-06,1,387.86,386.26,389.91,close,1.281249999999989,0.005285412262156397,0.004125199814366067
2024-08-07,1,392.79,391.59,391.59,stop,-1.0,-0.0030550675933705973,0.003055067593370619
2024-08-08,1,390.39,389.24,394.57,close,3.6347826086957298,0.010707241476472174,0.002945772176541349
2024-08-09,-1,392.91,394.25,394.25,stop,-1.0,-0.0034104502303324846,0.003410450230332582
2024-08-12,-1,394.87,396.04,393.8,close,0.9145299145298963,0.0027097525767973973,0.0029630004811710586
2024-08-13,1,395.64,394.45,394.45,stop,-1.0,-0.0030077848549185937,0.003007784854918607
2024-08-14,-1,397.68,398.36,398.36,stop,-1.0,-0.0017099175216255258,0.0017099175216254447
2024-08-15,-1,404.74,405.64,405.64,stop,-1.0,-0.0022236497504570796,0.0022236497504570275
2024-08-16,1,405.9899,405.01,405.01,gap-stop,-1.0,-0.002413606840958371,0.0024136068409583255
2024-08-19,1,408.19,407.26,409.12,close,1.0,0.0022783507680246284,0.0022783507680247113
2024-08-20,-1,408.3,409.17,409.17,stop,-1.0,-0.0021307861866275424,0.0021307861866274908
2024-08-21,-1,409.24,409.74,409.74,stop,-1.0,-0.0012217769523996669,0.00122177695239957
2024-08-23,1,409.7,409.07,409.07,stop,-1.0,-0.0015377105198925989,0.0015377105198925932
2024-08-26,1,413.51,412.58,412.58,stop,-1.0,-0.0022490387173224047,0.0022490387173224515
2024-08-27,1,412.639,411.88,411.88,stop,-1.0,-0.0018393801846166014,0.0018393801846166128
2024-08-28,1,413.19,412.07,412.07,stop,-1.0,-0.0027106173915147913,0.0027106173915148104
2024-08-29,-1,412.7,414.57,414.57,stop,-1.0,-0.004531136418706172,0.004531136418706093
2024-08-30,-1,414.47,415.73,415.73,stop,-1.0,-0.0030400270224624215,0.0030400270224624
2024-09-03,1,414.92,414.1,414.1,stop,-1.0,-0.0019762845849802257,0.0019762845849802205
2024-09-04,1,410.93,409.6401,409.6401,stop,-1.0,-0.0031389774414133376,0.003138977441413352
2024-09-05,-1,409.64,411.66,408.47,close,0.5792079207920479,0.0028561663900008583,0.004931159066497507
2024-09-06,1,410.5391,408.54,408.54,stop,-1.0,-0.004869450924406493,0.004869450924406465
2024-09-09,1,407.46,406.11,409.07,close,1.1925925925926328,0.003951308103862905,0.003313208658518544
2024-09-10,-1,408.19,410.13,408.23,close,-0.0206185567010415,-9.799358142048575e-05,0.004752688698890217
2024-09-11,-1,404.4,407.15,407.15,stop,-1.0,-0.0068001978239367045,0.006800197823936697
2024-09-12,-1,409.17,410.88,410.88,stop,-1.0,-0.004179192022875533,0.004179192022875527
2024-09-13,1,413.79,412.35,414.94,close,0.7986111111110966,0.0027791875105729336,0.003480026100195746
2024-09-16,1,418.16,416.39,416.39,stop,-1.0,-0.004232829538932559,0.004232829538932558
2024-09-17,-1,417.93,419.0,419.0,stop,-1.0,-0.002560237360323514,0.002560237360323483
2024-09-18,-1,416.22,417.67,417.6736,gap-stop,-1.0024827586206937,-0.0034923838354716796,0.003483734563451993
2024-09-19,-1,421.34,422.15,422.15,stop,-1.0,-0.0019224379361086896,0.0019224379361086113
2024-09-20,1,419.8158,418.9059,418.9059,stop,-1.0,-0.0021673791219865013,0.002167379121986476
2024-09-23,-1,420.325,421.7,421.11,close,-0.5709090909091091,-0.0018676024504848954,0.0032712781776006662
2024-09-24,-1,421.03,422.1,422.1,stop,-1.0,-0.002541386599529849,0.002541386599529844
2024-09-25,-1,421.9801,422.94,419.09,close,3.010834461923121,0.006848901168562294,0.002274751818865403
2024-09-26,1,421.69,420.78,420.78,stop,-1.0,-0.0021579833526998993,0.00215798335269991
2024-09-27,1,423.35,422.24,422.91,close,-0.39639639639638946,-0.0010393291602692756,0.0026219440179520814
2024-09-30,-1,420.92,422.57,422.57,stop,-1.0,-0.003919984795210496,0.003919984795210437
2024-10-01,-1,420.57,422.67,422.67,stop,-1.0,-0.00499322348241682,0.004993223482416775
2024-10-02,1,421.85,419.58,421.87,close,0.008810572687216507,4.7410216901688784e-05,0.005381059618347846
2024-10-03,-1,419.63,420.83,420.83,stop,-1.0,-0.0028596620832637143,0.0028596620832638006
2024-10-07,1,422.24,421.21,421.21,stop,-1.0,-0.002439370973853827,0.0024393709738538025
2024-10-08,-1,419.19,420.84,420.84,stop,-1.0,-0.0039361625992986315,0.003936162599298593
2024-10-09,1,420.9,420.03,425.045,close,4.764367816091974,0.009847944880019055,0.002066999287241636
2024-10-10,-1,423.98,425.06,425.06,stop,-1.0,-0.002547289966507771,0.0025472899665078164
2024-10-11,1,426.78,425.01,428.73,close,1.1016949152542743,0.00456909883312262,0.004147335863911106
2024-10-14,1,428.35,427.19,430.89,close,2.1896551724137145,0.005929730360686225,0.002708065834014299
2024-10-15,-1,428.66,430.13,427.53,close,0.7687074829932483,0.002636121868147323,0.003429291279802105
2024-10-16,1,428.0,426.92,430.73,close,2.527777777777832,0.006378504672897245,0.002523364485981271
2024-10-17,-1,432.0606,432.8,432.8,stop,-1.0,-0.0017113340119419007,0.0017113340119418183
2024-10-18,-1,430.7599,432.5,432.5,stop,-1.0,-0.004039605357880394,0.004039605357880304
2024-10-21,-1,432.15,433.04,429.43,close,3.056179775280717,0.0062941108411430635,0.002059470091403548
2024-10-22,-1,427.5,428.5,428.5,stop,-1.0,-0.002339181286549641,0.0023391812865497076
2024-10-23,-1,426.29,427.11,427.11,stop,-1.0,-0.0019235731544253731,0.001923573154425375
2024-10-24,-1,423.99,424.67,423.82,close,0.25000000000002087,0.00040095285266161795,0.0016038114106464935
2024-10-25,-1,425.21,425.9,425.9,stop,-1.0,-0.0016227275934244112,0.0016227275934244203
2024-10-28,1,424.25,423.27,424.05,close,-0.20408163265304582,-0.0004714201532115547,0.002309958750736637
2024-10-29,1,422.7201,421.76,422.51,close,-0.21883137173212042,-0.0004970191859814399,0.0022712428389376595
2024-10-30,1,422.2025,421.45,421.79,close,-0.5481727574750394,-0.0009770193212971234,0.0017823200952149685
2024-10-31,1,419.57,418.8903,418.8903,stop,-1.0,-0.0016199918964653337,0.0016199918964653537
2024-11-01,1,420.41,419.31,420.4,close,-0.009090909090952311,-2.37863038463626e-05,0.0026164934230870403
2024-11-04,-1,419.61,420.3,418.08,close,2.2173913043478763,0.0036462429398728124,0.0016443840709229945
2024-11-05,1,418.88,417.71,422.3,close,2.9230769230768967,0.008164629488158992,0.002793162719633346
2024-11-06,-1,433.9,435.79,435.79,stop,-1.0,-0.00435584235999098,0.004355842359990881
2024-11-07,1,438.0,436.47,436.47,stop,-1.0,-0.00349315068493139,0.0034931506849314444
2024-11-08,-1,437.96,438.98,438.98,stop,-1.0,-0.002328979815508392,0.002328979815508354
2024-11-11,1,443.66,441.82,443.0,close,-0.3586956521739204,-0.0014876256592887271,0.00414732001983508
2024-11-12,-1,443.42,444.22,439.36,close,5.074999999999931,0.009156104821613775,0.0018041585855396946
2024-11-14,-1,440.295,440.94,437.7,close,4.023255813953644,0.005893775763976539,0.001464926923994099
2024-11-15,-1,435.59,436.51,434.5,close,1.1847826086956046,0.002502353130237056,0.00211207787139286
2024-11-18,1,434.4,433.54,433.54,stop,-1.0,-0.0019797421731122533,0.0019797421731122394
2024-11-19,-1,430.33,431.09,431.09,stop,-1.0,-0.001766086491762131,0.001766086491762115
2024-11-20,-1,433.21,433.83,433.83,stop,-1.0,-0.0014311765656378483,0.001431176565637923
2024-11-21,-1,434.95,436.05,436.05,stop,-1.0,-0.002529026324864958,0.0025290263248649793
2024-11-25,1,447.86,446.5,446.5,stop,-1.0,-0.0030366632429777995,0.0030366632429777466
2024-11-26,-1,445.87,446.88,446.88,stop,-1.0,-0.002265234261107585,0.0022652342611074773
2024-11-27,-1,449.14,450.64,447.74,close,0.9333333333333181,0.0031170681747338946,0.003339715901500646
2024-12-02,-1,450.09,451.0,448.72,close,1.5054945054944067,0.003043835677308815,0.0020218178586505478
2024-12-03,-1,448.75,449.6,447.87,close,1.0352941176470258,0.0019610027855153644,0.0018941504178273487
2024-12-04,1,450.92,449.75,449.75,stop,-1.0,-0.002594695289630078,0.0025946952896301247
2024-12-05,-1,450.39,451.48,448.66,close,1.5871559633026704,0.0038411154776970546,0.002420124780745647
2024-12-06,-1,449.35,449.96,447.13,close,3.6393442622953844,0.004940469567152661,0.0013575164125958757
2024-12-09,-1,447.64,448.28,445.07,close,4.015625000000075,0.005741220623715515,0.0014297203109641372
2024-12-10,-1,443.16,444.63,444.63,stop,-1.0,-0.003317086379637013,0.0033170863796370847
2024-12-11,-1,443.89,444.74,442.51,close,1.623529411764657,0.003108878325711273,0.0019148888238077514
2024-12-13,1,441.44,440.4,440.4,stop,-1.0,-0.0023559260601667686,0.0023559260601667734
2024-12-16,1,439.81,439.04,439.04,stop,-1.0,-0.001750756008276233,0.0017507560082762597
2024-12-17,1,436.74,435.92,435.92,stop,-1.0,-0.0018775472821358496,0.0018775472821358089
2024-12-18,1,436.57,435.6,435.6,stop,-1.0,-0.0022218659092470006,0.0022218659092470175
2024-12-19,1,428.94,427.36,427.36,stop,-1.0,-0.00368349885764907,0.0036834988576490515
2024-12-20,1,423.25,421.72,428.52,close,3.444444444444494,0.012451269935026543,0.003614884819846362
2024-12-23,-1,426.92,427.79,427.79,stop,-1.0,-0.0020378525250632773,0.0020378525250632543
2024-12-26,1,431.75,430.92,433.2,close,1.7469879518072486,0.0033584250144760297,0.0019224088013896563
2024-12-27,1,431.22,430.28,430.28,stop,-1.0,-0.0021798617874867476,0.0021798617874867923
2024-12-30,-1,424.45,425.58,425.58,stop,-1.0,-0.002662268818470981,0.002662268818470952
2024-12-31,-1,426.5,427.29,427.29,stop,-1.0,-0.0018522860492380389,0.0018522860492380315
2025-01-02,-1,427.58,428.7,428.7,stop,-1.0,-0.0026193928621545126,0.0026193928621544614
2025-01-03,1,426.4495,425.755,425.755,stop,-1.0,-0.0016285632882674372,0.0016285632882674385
2025-01-06,-1,428.43,429.03,429.03,stop,-1.0,-0.001400462152510329,0.0014004621525102487
2025-01-07,1,429.1,428.62,428.62,stop,-1.0,-0.0011186203682125306,0.0011186203682125803
2025-01-08,-1,424.33,425.41,425.41,stop,-1.0,-0.0025451888860086314,0.0025451888860086275
2025-01-10,-1,422.8,424.33,419.36,close,2.248366013071934,0.008136234626300864,0.0036187322611163026
2025-01-13,1,419.82,418.51,422.96,close,2.3969465648854817,0.00747939593158975,0.0031203849268734273
2025-01-14,-1,424.105,425.02,425.02,stop,-1.0,-0.0021574845851852764,0.0021574845851851866
2025-01-15,1,431.81,430.77,430.77,stop,-1.0,-0.0024084666867372206,0.0024084666867372696
2025-01-16,1,432.67,431.71,431.71,stop,-1.0,-0.0022187810571567823,0.0022187810571568083
2025-01-17,1,434.7,433.97,434.68,close,-0.027397260273949137,-4.600874166083013e-05,0.0016793190706233295
2025-01-21,1,437.0,436.31,440.17,close,4.594202898550763,0.0072540045766591454,0.0015789473684210474
2025-01-22,-1,440.61,441.73,441.73,stop,-1.0,-0.002541930505435719,0.0025419305054356564
2025-01-23,1,442.16,441.52,445.4,close,5.0624999999995834,0.007327664193956807,0.001447439840781715
2025-01-27,1,442.76,440.54,447.12,close,1.9639639639639963,0.009847321347908666,0.0050140030716414544
2025-01-28,1,447.7,446.87,446.87,stop,-1.0,-0.0018539200357381436,0.001853920035738182
2025-01-29,1,449.08,448.149,448.149,stop,-1.0,-0.0020731272824440206,0.0020731272824440704
2025-01-30,1,447.51,446.505,446.505,stop,-1.0,-0.0022457598712878335,0.0022457598712877823
2025-01-31,-1,449.36,450.36,445.35,close,4.009999999999991,0.008923802741677034,0.002225387217375823
2025-02-03,-1,439.45,441.715,441.715,stop,-1.0,-0.005154169985208679,0.005154169985208752
2025-02-04,-1,443.31,444.25,444.25,stop,-1.0,-0.002120412352529799,0.0021204123525298273
2025-02-05,1,445.74,445.12,445.12,stop,-1.0,-0.0013909453941759464,0.0013909453941759872
2025-02-06,-1,449.12,449.73,447.39,close,2.8360655737704583,0.003851977199857526,0.0013582116138226167
2025-02-07,-1,447.44,447.85,447.85,stop,-1.0,-0.0009163239763991804,0.0009163239763991262
2025-02-10,-1,445.44,446.27,444.75,close,0.8313253012048325,0.0015490301724138122,0.0018633261494252517
2025-02-11,1,443.86,443.26,443.26,stop,-1.0,-0.0013517775875276916,0.00135177758752765
2025-02-12,-1,441.38,442.8,442.8,stop,-1.0,-0.0032171824731523913,0.0032171824731524216
2025-02-13,-1,443.81,445.33,445.33,stop,-1.0,-0.0034248890290888845,0.0034248890290889834
2025-02-14,1,447.4,446.76,446.76,stop,-1.0,-0.0014304872597228346,0.0014304872597228127
2025-02-18,1,445.61,444.67,444.67,stop,-1.0,-0.0021094679203788047,0.0021094679203788012
2025-02-19,1,444.8,444.03,444.03,stop,-1.0,-0.0017311151079137943,0.001731115107913756
2025-02-20,1,445.55,445.0,445.0,stop,-1.0,-0.0012344293569745979,0.0012344293569745513
2025-02-21,-1,438.79,439.39,434.16,close,7.7166666666670976,0.010551744570295618,0.0013673967045738642
2025-02-24,-1,435.68,436.4,436.4,stop,-1.0,-0.0016525890561880363,0.00165258905618796
2025-02-25,-1,435.36,437.25,437.25,stop,-1.0,-0.00434123484013238,0.004341234840132273
2025-02-26,1,436.63,435.46,435.46,stop,-1.0,-0.0026796143187596266,0.002679614318759627
2025-02-27,1,435.24,434.36,434.36,stop,-1.0,-0.00202187298961487,0.0020218729896149144
2025-02-28,1,433.98,432.51,432.51,stop,-1.0,-0.0033872528687958203,0.00338725286879586
2025-03-03,1,440.435,439.41,439.41,stop,-1.0,-0.002327244655851546,0.0023272446558515497
2025-03-04,-1,427.69,429.79,429.79,stop,-1.0,-0.00491009843578305,0.00491009843578298
2025-03-05,1,426.6,425.03,425.03,stop,-1.0,-0.003680262541022161,0.0036802625410221517
2025-03-06,-1,425.2,426.55,426.55,stop,-1.0,-0.003174976481655767,0.003174976481655745
2025-03-07,1,425.711,424.08,424.08,stop,-1.0,-0.003831237623646122,0.003831237623646156
2025-03-10,1,425.07,423.22,423.22,stop,-1.0,-0.004352224339520427,0.004352224339520469
2025-03-11,-1,417.74,419.03,414.71,close,2.3488372093024146,0.007253315459376686,0.0030880451955761085
2025-03-12,-1,416.19,417.57,413.93,close,1.6376811594202887,0.00543021216271411,0.003315793267498007
2025-03-13,1,413.4944,412.46,412.46,stop,-1.0,-0.002501605825858788,0.002501605825858839
2025-03-14,1,411.3,409.91,415.36,close,2.9208633093525482,0.009871140286895175,0.0033795283248236963
2025-03-17,1,416.66,414.84,419.21,close,1.4010989010988375,0.006120097921566536,0.004368069889118345
2025-03-18,-1,417.69,418.67,416.53,close,1.1836734693877586,0.002777179247767547,0.002346237640355331
2025-03-19,1,418.1674,417.04,417.04,stop,-1.0,-0.0026960494768362153,0.0026960494768362288
2025-03-20,1,418.55,417.64,420.14,close,1.7472527472526718,0.003798829291601802,0.002174172739218791
2025-03-21,-1,414.82,416.22,416.22,stop,-1.0,-0.003374957813027324,0.0033749578130274193
2025-03-24,1,423.89,422.785,425.48,close,1.4389140271494003,0.003750973129821533,0.0026068083700959243
2025-03-25,-1,425.97,426.84,425.76,close,0.2413793103448839,0.0004929924642581573,0.002042397351926069
2025-03-26,1,427.19,426.31,426.31,stop,-1.0,-0.002059973313982111,0.0020599733139820583
2025-03-27,-1,422.37,423.78,423.78,stop,-1.0,-0.0033383052773634514,0.0033383052773633738
2025-03-28,1,422.25,421.29,421.29,stop,-1.0,-0.002273534635879204,0.00227353463587917
2025-03-31,1,413.26,412.16,412.16,stop,-1.0,-0.0026617625707786585,0.002661762570778604
2025-04-01,-1,416.8,418.42,418.42,stop,-1.0,-0.00388675623800383,0.0038867562380038496
2025-04-02,1,417.76,416.18,422.0,close,2.6835443037975013,0.010149368058215202,0.0037820758330141327
2025-04-03,-1,410.01,411.61,405.36,close,2.9062499999999445,0.011341186800321923,0.0039023438452721222
2025-04-04,-1,394.78,396.63,396.63,stop,-1.0,-0.0046861543137950434,0.004686154313795083
2025-04-07,-1,369.74,372.25,372.25,stop,-1.0,-0.0067885541191106125,0.006788554119110702
2025-04-08,-1,391.39,393.61,393.61,stop,-1.0,-0.005672091775466903,0.005672091775466995
2025-04-09,1,375.29,372.04,407.79,target,10.0,0.0865996962349116,0.008659969623491167
2025-04-10,-1,398.68,400.19,395.77,close,1.927152317880823,0.0072990869870573905,0.0037874987458613196
2025-04-11,1,395.55,392.75,392.75,stop,-1.0,-0.007078751106054937,0.007078751106054889
2025-04-14,-1,405.71,407.76,407.76,stop,-1.0,-0.005052870276798682,0.005052870276798727
2025-04-15,1,406.24,404.81,404.81,stop,-1.0,-0.0035200866482867355,0.0035200866482867437
2025-04-16,1,402.73,401.64,401.64,stop,-1.0,-0.002706527946763404,0.002706527946763419
2025-04-17,1,392.28,391.15,391.15,stop,-1.0,-0.0028805954930152255,0.0028805954930151817
2025-04-21,-1,386.95,388.7,381.58,close,3.068571428571431,0.013877761984752546,0.004522548132833699
2025-04-22,1,386.22,385.2,391.805,close,5.475490196078204,0.014460670084407878,0.002640981823831077
2025-04-23,1,400.57,398.955,398.955,stop,-1.0,-0.0040317547494820305,0.0040317547494820105
2025-04-24,-1,393.84,395.55,395.55,stop,-1.0,-0.004341864716636223,0.00434186471663629
2025-04-25,1,400.68,399.7858,399.7858,stop,-1.0,-0.002231706099630637,0.0022317060996306583
2025-04-28,1,403.32,401.8,401.8,stop,-1.0,-0.0037687196270950185,0.0037687196270950653
2025-04-29,1,403.16,402.29,402.29,stop,-1.0,-0.0021579521777954636,0.0021579521777954276
2025-04-30,-1,400.43,402.43,402.43,stop,-1.0,-0.004994630771920194,0.004994630771920186
2025-05-01,1,409.0,407.59,407.59,stop,-1.0,-0.003447432762836211,0.003447432762836247
2025-05-02,1,412.57,411.55,411.55,stop,-1.0,-0.0024723077295973894,0.0024723077295973578
2025-05-05,1,411.54,410.46,412.28,close,0.685185185185115,0.0017981241191620256,0.0026242892549935386
2025-05-06,1,409.71,408.24,408.24,stop,-1.0,-0.0035879036391592845,0.0035879036391593335
2025-05-07,-1,409.56,410.495,410.495,stop,-1.0,-0.0022829377868931466,0.002282937786893257
2025-05-08,-1,413.05,413.8,413.8,stop,-1.0,-0.001815760803776767,0.0018157608037767824
2025-05-09,1,415.07,414.41,414.41,stop,-1.0,-0.0015900932372852061,0.0015900932372852005
2025-05-12,-1,422.16,423.61,423.61,stop,-1.0,-0.0034347166950918773,0.003434716695091881
2025-05-13,1,422.86,422.11,422.11,stop,-1.0,-0.001773636664617162,0.001773636664617131
2025-05-14,-1,422.04,422.66,420.56,close,2.38709677419356,0.0035067766088522356,0.0014690550658705444
2025-05-15,1,419.35,418.49,423.52,close,4.848837209302201,0.00994396089185634,0.002050792893764191
2025-05-16,1,423.76,422.5,426.56,close,2.222222222222247,0.00660751368699275,0.0029733811591466652
2025-05-19,1,424.7325,423.63,428.05,close,3.0090702947845207,0.007810798561447507,0.0025957514435556977
2025-05-20,-1,427.34,428.2,426.98,close,0.4186046511627338,0.0008424205550614516,0.002012449103758164
2025-05-21,1,424.0,423.05,423.05,stop,-1.0,-0.002240566037735814,0.002240566037735822
2025-05-22,1,418.54,417.74,417.74,stop,-1.0,-0.0019114063171978835,0.0019114063171979054
2025-05-23,1,415.32,413.83,416.35,close,0.6912751677852506,0.0024800154098045812,0.003587595107387097
2025-05-27,-1,419.56,420.73,420.73,stop,-1.0,-0.002788635713604659,0.0027886357136047667
2025-05-28,1,424.41,423.67,423.67,stop,-1.0,-0.001743596993473262,0.0017435969934733136
2025-05-30,1,422.18,421.07,421.07,stop,-1.0,-0.002629210289450068,0.00262921028945003
2025-06-02,-1,421.12,422.11,422.11,stop,-1.0,-0.00235087386018229,0.002350873860182392
2025-06-03,1,424.2,423.06,423.06,stop,-1.0,-0.002687411598302658,0.0026874115983026555
2025-06-04,-1,426.3,427.16,424.92,close,1.604651162790667,0.0032371569317382054,0.002017358667605005
2025-06-05,-1,424.87,425.95,425.95,stop,-1.0,-0.0025419540094617776,0.00254195400946168
2025-06-06,1,429.01,427.52,427.52,stop,-1.0,-0.003473112514859822,0.003473112514859815
2025-06-09,-1,427.33,428.71,428.71,stop,-1.0,-0.003229354363138537,0.0032293543631385477
2025-06-10,-1,428.19,428.88,428.88,stop,-1.0,-0.0016114341764170703,0.001611434176417006
2025-06-11,-1,428.93,429.92,429.92,stop,-1.0,-0.002308068915673811,0.0023080689156739073
2025-06-12,-1,427.14,428.33,428.33,stop,-1.0,-0.0027859718125204935,0.0027859718125204797
2025-06-13,-1,425.18,426.64,426.64,stop,-1.0,-0.0034338397855024905,0.0034338397855025625
2025-06-16,1,425.92,424.88,426.28,close,0.3461538461537978,0.0008452291510141485,0.0024417731029301756
2025-06-17,1,425.18,424.21,424.21,stop,-1.0,-0.002281386706806554,0.002281386706806593
2025-06-18,1,423.69,422.91,422.91,stop,-1.0,-0.0018409686327266472,0.0018409686327266934
2025-06-20,1,423.49,422.75,422.75,stop,-1.0,-0.0017473848260880498,0.0017473848260880047
2025-06-23,1,422.0399,421.0704,421.0704,stop,-1.0,-0.002297176167466608,0.0022971761674665885
2025-06-24,1,429.17,428.38,428.38,stop,-1.0,-0.0018407624018454971,0.0018407624018454702
2025-06-26,1,431.965,430.8,433.9,close,1.6609442060086375,0.004479529591517872,0.0026969777644021246
2025-06-27,1,435.78,435.1,437.97,close,3.220588235294435,0.005025471568222528,0.0015604203956123503
2025-06-30,-1,439.895,440.46,440.46,stop,-1.0,-0.0012843974130190006,0.0012843974130190108
2025-07-01,1,441.05,440.0,444.9,close,3.6666666666665946,0.008729169028454775,0.0023806824623058866
2025-07-02,-1,443.8,444.99,444.99,stop,-1.0,-0.002681388012618191,0.0026813880126182912
2025-07-07,-1,446.61,447.84,444.06,close,2.0731707317073913,0.005709679586216154,0.0027540807415865325
2025-07-08,-1,442.98,443.85,443.85,stop,-1.0,-0.001963971285385391,0.001963971285385355
2025-07-09,1,444.96,444.11,444.11,stop,-1.0,-0.0019102840704782187,0.0019102840704781686
2025-07-10,1,444.41,443.85,443.85,stop,-1.0,-0.0012600976575685152,0.0012600976575684666
2025-07-11,-1,443.52,444.46,443.58,close,-0.06382978723404513,-0.00013528138528129396,0.0021194083694083643
2025-07-14,1,443.32,442.475,444.58,close,1.491124260355071,0.002842190742578632,0.001906072363078522
2025-07-15,-1,444.05,445.17,440.17,close,3.464285714285696,0.008737754757347171,0.0025222384866569183
2025-07-16,1,442.27,441.09,441.09,stop,-1.0,-0.002668053451511554,0.0026680534515115357
2025-07-17,1,443.6,441.98,445.12,close,0.9382716049382578,0.003426510369702429,0.0036519386834986574
2025-07-18,-1,444.07,445.78,443.29,close,0.45614035087718247,0.001756479834260305,0.0038507442520322914
2025-07-21,-1,443.95,444.57,444.57,stop,-1.0,-0.0013965536659534816,0.0013965536659533834
2025-07-22,1,443.77,442.84,444.96,close,1.2795698924731065,0.0026815692813844105,0.002095680194695466
2025-07-23,-1,447.11,447.87,447.87,stop,-1.0,-0.001699805417011424,0.0016998054170114533
2025-07-24,1,447.4,446.75,447.07,close,-0.507692307692301,-0.0007375949932945103,0.0014528386231559619
2025-07-25,1,447.81,447.19,447.19,stop,-1.0,-0.0013845157544494224,0.0013845157544494417
2025-07-28,-1,448.57,449.21,449.21,stop,-1.0,-0.001426756136166052,0.0014267561361660083
2025-07-29,-1,447.91,448.85,446.44,close,1.5638297872340754,0.0032819093121386755,0.002098635886673657
2025-07-30,-1,446.18,446.99,446.99,stop,-1.0,-0.0018154108207451003,0.0018154108207449958
2025-07-31,-1,444.8,445.78,445.78,stop,-1.0,-0.002203237410071779,0.0022032374100718556
2025-08-01,-1,435.94,437.76,435.74,close,0.10989010989010406,0.0004587787310179614,0.004174886452264057
2025-08-04,1,438.99,437.59,441.78,close,1.9928571428570683,0.0063554978473312485,0.0031891387047541723
2025-08-05,1,442.43,441.63,441.63,stop,-1.0,-0.0018081956467690397,0.001808195646769006
2025-08-06,-1,440.69,442.16,442.16,stop,-1.0,-0.0033356781410969205,0.003335678141096978
2025-08-07,-1,443.92,445.01,439.75,close,3.825688073394598,0.009393584429627011,0.00245539736889524
2025-08-08,-1,440.75,441.6,441.6,stop,-1.0,-0.0019285309132162087,0.0019285309132161606
2025-08-11,1,442.67,442.08,442.08,stop,-1.0,-0.0013328212889963664,0.0013328212889963896
2025-08-12,1,442.59,441.64,441.64,stop,-1.0,-0.0021464560880272154,0.0021464560880272683
2025-08-13,1,446.94,446.05,449.43,close,2.7977528089888173,0.005571217613102419,0.0019913187452454163
2025-08-14,1,448.06,447.22,447.22,stop,-1.0,-0.0018747489175556797,0.0018747489175556288
2025-08-15,-1,450.46,452.05,449.54,close,0.5786163522012205,0.002042356702037784,0.0035297251698264706
2025-08-18,1,449.53,448.82,448.82,stop,-1.0,-0.0015794274019531596,0.0015794274019531056
2025-08-19,1,450.24,449.54,449.54,stop,-1.0,-0.0015547263681592316,0.0015547263681591787
2025-08-20,1,450.44,449.67,449.67,stop,-1.0,-0.001709439659000056,0.0017094396590000484
2025-08-21,-1,446.8,447.77,447.77,stop,-1.0,-0.002170993733213944,0.0021709937332138997
2025-08-22,1,451.2699,450.29,456.63,close,5.470047964078031,0.011877814141824983,0.002171427786342467
2025-08-25,1,456.18,455.36,455.36,stop,-1.0,-0.0017975360603270651,0.0017975360603270489
2025-08-26,1,453.41,452.54,454.49,close,1.2413793103448028,0.002381950111378206,0.0019187931452769116
2025-08-27,1,454.96,454.21,456.01,close,1.4000000000000152,0.0023078951995780805,0.001648496571127132
2025-08-28,-1,455.63,456.53,456.54,gap-stop,-1.0111111111111644,-0.0019972345982486317,0.0019752869653007423
2025-08-29,-1,456.07,456.56,456.56,stop,-1.0,-0.0010743964742254697,0.0010743964742254677
2025-09-02,-1,450.54,452.14,452.14,stop,-1.0,-0.0035512940027522255,0.003551294002752177
2025-09-03,1,453.629,452.83,452.83,stop,-1.0,-0.0017613512363627848,0.0017613512363628316
2025-09-04,1,453.71,452.56,457.01,close,2.869565217391371,0.007273368451213402,0.0025346587026955046
2025-09-05,-1,457.12,458.67,455.02,close,1.3548387096774241,0.004593979698985007,0.0033907945397270113
2025-09-08,-1,454.17,455.44,455.44,stop,-1.0,-0.002796309751855075,0.002796309751854992
2025-09-09,-1,455.82,456.61,456.61,stop,-1.0,-0.0017331402746698643,0.0017331402746698708
2025-09-10,-1,457.12,457.84,457.84,stop,-1.0,-0.0015750787539376976,0.001575078753937632
2025-09-11,1,457.7,456.6,461.91,close,3.827272727272879,0.009198164736727188,0.002403320952588958
2025-09-12,1,461.63,460.79,460.79,stop,-1.0,-0.0018196391049107863,0.0018196391049108052
2025-09-15,-1,459.71,460.54,460.54,stop,-1.0,-0.0018054860673033524,0.001805486067303389
2025-09-16,-1,459.91,460.795,458.81,close,1.2429378531073831,0.002391772303276807,0.0019242895349089841
2025-09-17,1,460.78,459.76,459.76,stop,-1.0,-0.0022136377446937416,0.0022136377446937408
2025-09-18,-1,460.69,461.81,461.81,stop,-1.0,-0.002431135904838344,0.0024311359048384044
2025-09-19,-1,461.46,462.77,462.77,stop,-1.0,-0.002838815932041827,0.0028388159320417855
2025-09-22,-1,460.54,461.45,461.45,stop,-1.0,-0.001975941286316063,0.0019759412863159945
2025-09-23,1,465.31,464.17,464.17,stop,-1.0,-0.002449979583503459,0.0024499795835034414
2025-09-24,-1,463.38,464.4241,461.0,close,2.2794751460587706,0.005136173335059779,0.002253226293754617
2025-09-25,-1,459.57,460.49,460.49,stop,-1.0,-0.0020018713144895894,0.002001871314489666
2025-09-26,1,462.08,460.98,460.98,stop,-1.0,-0.0023805401662049253,0.0023805401662049122
2025-09-29,-1,462.73,463.775,463.04,close,-0.2966507177033631,-0.000669937112354857,0.002258336394873812
2025-09-30,-1,462.56,463.16,463.16,stop,-1.0,-0.0012971290210999076,0.0012971290211000145
2025-10-01,1,463.74,462.55,464.25,close,0.4285714285714217,0.0010997541725967785,0.002566093069392327
2025-10-02,1,465.05,463.83,463.83,stop,-1.0,-0.0026233738307709364,0.0026233738307709434
2025-10-03,1,466.73,465.68,467.51,close,0.7428571428571088,0.0016712017654745281,0.00224969468429287
2025-10-06,-1,467.8,468.47,466.83,close,1.4477611940298571,0.002073535699016693,0.0014322359982899015
2025-10-07,-1,467.37,468.61,465.97,close,1.1290322580644896,0.00299548537561245,0.002653144189828207
2025-10-08,-1,465.71,467.37,467.37,stop,-1.0,-0.0035644499796010365,0.0035644499796010933
2025-10-09,1,466.73,465.69,465.69,stop,-1.0,-0.0022282690206330003,0.0022282690206329578
2025-10-10,1,465.75,464.72,464.72,stop,-1.0,-0.002211486849167943,0.00221148684916795
2025-10-13,1,459.95,458.06,460.7,close,0.3968253968253997,0.0016306120230460408,0.004109142298075848
2025-10-14,-1,456.27,457.405,457.405,stop,-1.0,-0.0024875621890547706,0.0024875621890547064
2025-10-15,1,465.06,464.19,464.19,stop,-1.0,-0.0018707263578893185,0.0018707263578893144
2025-10-16,1,463.91,462.91,462.91,stop,-1.0,-0.0021555905240240314,0.002155590524024056
2025-10-17,1,460.6,459.16,459.16,stop,-1.0,-0.00312635692574903,0.003126356925749018
2025-10-20,1,464.5,463.43,466.99,close,2.327102803738341,0.005360602798708314,0.002303552206673828
2025-10-21,1,467.61,466.91,469.2,close,2.2714285714285727,0.0034002694553152413,0.00149697397403817
2025-10-22,-1,468.31,469.24,465.81,close,2.688172043010733,0.0053383442591445895,0.0019858640644018
2025-10-23,1,466.32,465.15,465.15,stop,-1.0,-0.0025090066906845454,0.002509006690684543
2025-10-24,1,470.12,469.28,472.17,close,2.4404761904761116,0.004360588785842001,0.0017867778439548026
2025-10-27,-1,474.14,475.16,475.16,stop,-1.0,-0.002151263339941867,0.002151263339941871
2025-10-28,-1,477.93,479.14,479.14,stop,-1.0,-0.0025317515117275757,0.002531751511727616
2025-10-29,1,479.0,477.795,477.795,stop,-1.0,-0.002515657620041689,0.0025156576200417204
2025-10-30,1,476.09,473.91,475.03,close,-0.4862385321101039,-0.0022264697851246407,0.004578966161860047
2025-10-31,-1,475.32,476.14,476.14,stop,-1.0,-0.001725153580745653,0.0017251535807455887
2025-11-03,-1,475.26,476.3,473.49,close,1.701923076923026,0.0037242772377225064,0.0021882758910912355
2025-11-04,-1,468.9,470.73,470.73,stop,-1.0,-0.0039027511196418896,0.003902751119641802
2025-11-05,-1,470.63,471.8,471.8,stop,-1.0,-0.002486029364893838,0.0024860293648938997
2025-11-06,-1,472.03,473.44,469.25,close,1.9716312056737046,0.005889456178632679,0.0029870982776518972
2025-11-07,-1,466.62,468.28,468.28,stop,-1.0,-0.0035574986070034953,0.0035574986070034892
2025-11-10,1,472.92,471.64,471.64,stop,-1.0,-0.0027065888522371795,0.002706588852237227
2025-11-11,1,475.02,474.0,479.43,close,4.323529411764808,0.009283819628647327,0.0021472780093469367
2025-11-12,1,482.49,480.49,482.78,close,0.1449999999999818,0.0006010487263983233,0.004145163630334308
2025-11-13,-1,481.29,482.41,474.77,close,5.821428571428583,0.01354692596978957,0.002327079307693915
2025-11-14,-1,469.03,471.44,471.44,stop,-1.0,-0.005138264076924859,0.00513826407692477
2025-11-17,1,471.63,470.31,470.31,stop,-1.0,-0.002798804147318812,0.0027988041473188583
2025-11-18,1,462.97,460.9101,460.9101,stop,-1.0,-0.004449316370391254,0.004449316370391229
2025-11-19,1,461.775,460.69,460.69,stop,-1.0,-0.0023496291483947607,0.002349629148394737
2025-11-20,1,468.24,466.46,466.46,stop,-1.0,-0.003801469331966567,0.003801469331966576
2025-11-21,1,460.23,458.9,458.9,stop,-1.0,-0.0028898594181171466,0.002889859418117117
2025-11-25,1,467.45,465.52,465.52,stop,-1.0,-0.00412878382714732,0.004128783827147303
2025-11-26,1,473.05,471.93,474.29,close,1.1071428571428608,0.0026212873903392886,0.0023676144170806566
2025-12-01,1,474.95,474.21,474.21,stop,-1.0,-0.0015580587430256143,0.0015580587430256009
2025-12-02,-1,473.49,475.01,475.01,stop,-1.0,-0.0032102050729687637,0.0032102050729687676
2025-12-03,1,475.4,474.67,479.43,close,5.520547945205812,0.0084770719394196,0.0015355490113587744
2025-12-04,-1,479.69,481.23,479.11,close,0.37662337662336126,0.001209114219600127,0.00321040672100736
2025-12-05,1,480.18,479.45,479.45,stop,-1.0,-0.0015202632346204004,0.0015202632346203887
2025-12-08,-1,479.01,480.52,478.14,close,0.5761589403973575,0.0018162460073902764,0.0031523350243209763
2025-12-09,1,479.6,477.93,477.93,stop,-1.0,-0.003482068390325277,0.0034820683903253043
2025-12-10,-1,475.72,476.51,476.51,stop,-1.0,-0.0016606407130244083,0.0016606407130243916
2025-12-11,1,483.48,481.96,487.89,close,2.9013157894735895,0.009121370067014078,0.0031438735831886295
2025-12-12,1,489.1816,488.33,488.33,stop,-1.0,-0.001740866786485884,0.0017408667864858755
2025-12-15,-1,486.84,487.73,485.15,close,1.8988764044942872,0.003471366362665318,0.0018281160134747418
2025-12-16,-1,484.36,485.48,481.96,close,2.1428571428571646,0.0049549921545958275,0.002312329672144695
2025-12-17,1,484.01,482.4824,482.4824,stop,-1.0,-0.0031561331377450985,0.003156133137745102
2025-12-18,-1,482.08,483.96,483.96,stop,-1.0,-0.0038997676734151554,0.0038997676734151914
2025-12-19,1,481.99,480.43,481.16,close,-0.5320512820512711,-0.0017220274279549086,0.003236581671818922
2025-12-22,1,483.71,481.86,483.43,close,-0.1513513513513394,-0.0005788592338383802,0.0038246056521468773
2025-12-23,1,483.34,482.18,484.19,close,0.7327586206896949,0.0017585964331527926,0.0023999668970082514
2025-12-29,-1,485.86,486.91,484.56,close,1.2380952380952355,0.0026756678878689932,0.002161116370971085
2025-12-31,-1,482.88,483.81,480.58,close,2.4731182795698867,0.004763088137839655,0.001925944333996038
2026-01-02,-1,479.73,481.98,481.98,stop,-1.0,-0.004690138202739114,0.004690138202739041
2026-01-05,1,487.36,484.245,489.79,close,0.7800963081861957,0.004986047275114869,0.006391579120157602
2026-01-06,1,490.125,488.96,494.6,close,3.8412017167381496,0.009130323896965109,0.0023769446569753033
2026-01-07,-1,494.57,496.25,489.97,close,2.7380952380952066,0.009301008957275925,0.0033968902278747335
2026-01-08,1,489.545,487.81,492.5,close,1.7031700288184213,0.006036217303822866,0.0035441072832936983
2026-01-09,-1,492.79,494.53,494.53,stop,-1.0,-0.003530915805921353,0.0035309158059212893
2026-01-12,-1,490.26,492.38,492.38,stop,-1.0,-0.004324236119610081,0.004324236119610012
2026-01-13,-1,494.87,495.96,491.89,close,2.73394495412852,0.006021783498696642,0.0022025986622748904
2026-01-14,1,491.8,490.56,490.56,stop,-1.0,-0.0025213501423343443,0.0025213501423343005
2026-01-15,1,493.69,492.21,494.51,close,0.5540540540540426,0.0016609613320099914,0.002997832648018024
2026-01-16,-1,494.45,496.0,493.43,close,0.6580645161290157,0.0020628981696834137,0.003134796238244537
2026-01-20,1,487.6716,485.955,485.955,stop,-1.0,-0.0035199917321411256,0.003519991732141113
2026-01-21,1,486.95,485.56,490.79,close,2.762589928057604,0.007885819899373647,0.002854502515658664
2026-01-22,1,495.48,493.19,493.19,stop,-1.0,-0.004621780899329964,0.0046217808993299836
2026-01-23,-1,490.92,492.13,490.95,close,-0.024793388429729935,-6.110975311646172e-05,0.002464760042369387
2026-01-26,1,492.96,491.47,494.04,close,0.7248322147651514,0.002190847127556017,0.0030225576111651093
2026-01-27,-1,489.42,491.21,491.21,stop,-1.0,-0.0036573903804502095,0.0036573903804502546
2026-01-28,-1,490.1,491.39,490.18,close,-0.0620155038759584,-0.00016323199347079154,0.0026321158947152897
2026-01-29,1,491.8,489.91,489.91,stop,-1.0,-0.0038430256201708035,0.003843025620170773
2026-01-30,-1,488.91,490.48,489.03,close,-0.0764331210190753,-0.00024544394673853276,0.003211224969830834
2026-02-02,1,490.22,486.98,494.03,close,1.1759259259259058,0.007772020725388407,0.006609277467259616
2026-02-03,1,495.62,493.11,493.11,stop,-1.0,-0.005064363827125606,0.005064363827125602
2026-02-04,1,495.625,493.89,493.89,stop,-1.0,-0.0035006305170239838,0.0035006305170239872
2026-02-05,-1,491.77,493.17,493.17,stop,-1.0,-0.0028468593041464096,0.002846859304146317
2026-02-06,1,495.0,492.13,500.98,close,2.083623693379794,0.012080808080808136,0.005797979797979807
2026-02-09,-1,499.71,500.68,500.68,stop,-1.0,-0.001941125852994885,0.0019411258529947917
2026-02-10,1,503.96,502.22,502.22,stop,-1.0,-0.00345265497261682,0.00345265497261678
2026-02-11,-1,503.9,505.12,501.31,close,2.122950819672063,0.005139908712045949,0.002421115300654946
2026-02-12,1,504.3,502.88,502.88,stop,-1.0,-0.0028157842554035195,0.002815784255403561
2026-02-13,-1,493.57,495.16,495.16,stop,-1.0,-0.0032214275584010466,0.003221427558401102
2026-02-17,-1,495.21,497.5743,495.88,close,-0.2833819735228236,-0.0013529613699239107,0.004774338159568697
2026-02-18,1,497.0,494.65,496.98,close,-0.008510638297864517,-4.0241448692079906e-05,0.004728370221328013
2026-02-19,-1,494.28,495.99,495.99,stop,-1.0,-0.0034595775673706974,0.003459577567370795
2026-02-20,-1,491.65,492.86,492.86,stop,-1.0,-0.002461100376283998,0.002461100376284016
2026-02-23,-1,494.34,496.99,488.01,close,2.388679245282982,0.012804952057288488,0.005360682930776458
2026-02-24,1,489.79,487.45,491.75,close,0.8376068376068174,0.004001715020723218,0.004777557728822621
2026-02-25,-1,492.78,494.3,494.3,stop,-1.0,-0.003084540768700128,0.003084540768700107
2026-02-26,1,497.55,496.16,496.16,stop,-1.0,-0.0027936890764747035,0.0027936890764746988
2026-02-27,-1,489.47,490.95,489.72,close,-0.16891891891892333,-0.0005107565325761509,0.003023678672850147
2026-03-02,1,485.47,484.15,489.21,close,2.8333333333331896,0.007703874595752502,0.002719014563206892
2026-03-03,1,481.27,480.15,480.15,stop,-1.0,-0.002327176013464438,0.0023271760134643852
2026-03-04,-1,485.68,488.04,488.04,stop,-1.0,-0.0048591665294019926,0.004859166529402104
2026-03-05,1,485.34,483.66,483.66,stop,-1.0,-0.0034614909135862737,0.003461490913586249
2026-03-06,-1,471.6,473.82,473.82,stop,-1.0,-0.004707379134859968,0.004707379134859988
2026-03-09,-1,469.74,471.42,471.42,stop,-1.0,-0.003576446544897083,0.0035764465448971917
2026-03-10,-1,476.9,478.39,478.39,stop,-1.0,-0.0031243447263578084,0.0031243447263577463
2026-03-11,-1,476.74,477.77,474.83,close,1.8543689320389083,0.0040063766413559465,0.0021605067751813835
2026-03-12,-1,468.77,470.43,470.43,stop,-1.0,-0.0035411822428910167,0.0035411822428910236
2026-03-13,1,471.16,469.78,469.78,stop,-1.0,-0.002928941336276525,0.002928941336276535
2026-03-16,-1,469.665,470.67,470.67,stop,-1.0,-0.0021398230653764116,0.0021398230653763757
2026-03-17,1,474.82,473.19,473.19,stop,-1.0,-0.003432879828145441,0.0034328798281453928
2026-03-18,1,469.38,468.09,468.09,stop,-1.0,-0.002748306276364576,0.00274830627636461
2026-03-19,1,460.4,458.77,458.77,stop,-1.0,-0.0035403996524761006,0.003540399652476098
2026-03-20,-1,458.6,459.76,459.76,stop,-1.0,-0.002529437418229419,0.0025294374182293243
2026-03-23,-1,461.7,463.96,463.96,stop,-1.0,-0.004894953432965199,0.00489495343296511
2026-03-24,1,458.89,457.95,457.95,stop,-1.0,-0.002048421190263494,0.002048421190263457
2026-03-25,-1,465.63,467.24,464.18,close,0.9006211180124076,0.003114060520155504,0.003457680991345089
2026-03-26,1,462.49,461.38,461.38,stop,-1.0,-0.0024000518930139547,0.0024000518930139326
2026-03-27,-1,455.43,457.5,451.37,close,1.9613526570048385,0.008914652087038677,0.004545155128120662
2026-03-30,-1,454.94,456.09,456.09,stop,-1.0,-0.0025278058645095136,0.0025278058645095557
2026-03-31,-1,455.58,457.49,457.49,stop,-1.0,-0.004192457965670249,0.00419245796567019
2026-04-01,-1,465.99,467.24,467.24,stop,-1.0,-0.0026824609970170776,0.0026824609970171032
2026-04-02,-1,459.21,460.27,460.27,stop,-1.0,-0.0023083121012172914,0.002308312101217313
2026-04-06,1,465.02,463.46,466.8,close,1.1410256410256583,0.003827792353017223,0.0033546944217453063
2026-04-07,-1,464.17,466.05,466.05,stop,-1.0,-0.004050240213714806,0.0040502402137147925
2026-04-08,1,479.98,478.59,478.59,stop,-1.0,-0.0028959539980832893,0.0028959539980833436
2026-04-09,1,477.88,477.01,481.86,close,4.574712643678158,0.008328450657068664,0.0018205407215200564
2026-04-10,-1,480.445,482.4,479.22,close,0.6265984654731335,0.0025497195308515908,0.004069144230869265
2026-04-13,1,476.87,475.15,482.1,close,3.040697674418567,0.01096734959213208,0.003606853020739462
2026-04-14,1,482.67,481.86,485.54,close,3.5432098765432056,0.005946091532517128,0.0016781652060413993
2026-04-15,-1,485.74,487.0801,484.65,close,0.8133721364077504,0.002243998847119899,0.0027588833532342545
2026-04-16,-1,485.27,486.78,485.74,close,-0.31125827814571533,-0.0009685329816391253,0.0031116697920744968
2026-04-17,1,493.0,490.36,494.21,close,0.45833333333332793,0.002454361054766707,0.0053549695740364835
2026-04-20,-1,493.45,494.775,494.34,close,-0.6716981132075427,-0.001803627520518658,0.0026851758030195334
2026-04-21,1,497.46,496.3117,496.3117,stop,-1.0,-0.0023083262975918117,0.0023083262975917783
2026-04-22,-1,494.45,495.61,495.61,stop,-1.0,-0.002346041055718562,0.002346041055718526
2026-04-23,-1,492.14,493.56,493.56,stop,-1.0,-0.002885357825009205,0.0028853578250091763
2026-04-24,-1,491.08,493.49,492.17,close,-0.45228215767635704,-0.0022195976215688695,0.004907550704569571
2026-04-27,-1,491.44,493.55,491.82,close,-0.1800947867298545,-0.000773237831678264,0.00429350480221393
2026-04-28,-1,492.41,493.82,491.37,close,0.7375886524823007,0.002112061087305328,0.0028634674356734593
2026-04-29,-1,489.775,491.49,488.7,close,0.6268221574343841,0.0021948854065642065,0.00350160788116999
2026-04-30,1,491.825,490.39,496.59,close,3.320557491289184,0.00968840542876026,0.0029177044680526658
2026-05-01,1,498.855,497.26,497.26,stop,-1.0,-0.0031973218670756642,0.0031973218670756577
2026-05-04,-1,492.57,493.72,493.72,stop,-1.0,-0.002334693546095057,0.0023346935460950404
2026-05-05,-1,491.095,492.13,492.13,stop,-1.0,-0.00210753520194662,0.002107535201946605
2026-05-06,1,497.9,496.9,498.99,close,1.0900000000000318,0.0021891946173930865,0.002008435428800964
2026-05-07,-1,499.9,501.2,495.92,close,3.061538461538405,0.007961592318463606,0.002600520104020827
2026-05-08,-1,497.145,498.55,496.08,close,0.7580071174377049,0.002142232145551093,0.0028261372436613657
2026-05-11,-1,495.335,496.53,496.53,stop,-1.0,-0.0024125087062289996,0.002412508706229104
2026-05-12,-1,495.26,497.12,497.12,stop,-1.0,-0.003755603117554518,0.0037556031175544433
2026-05-13,-1,495.29,496.3,496.3,stop,-1.0,-0.0020392093520966714,0.002039209352096733
2026-05-14,-1,499.91,501.69,501.69,stop,-1.0,-0.0035606409153647878,0.003560640915364711
2026-05-15,-1,496.42,497.74,495.4,close,0.772727272727306,0.0020547117360300016,0.0026590387172152475
2026-05-18,-1,494.77,496.025,496.025,stop,-1.0,-0.0025365321260384377,0.0025365321260383523
2026-05-19,1,495.36,492.58,493.97,close,-0.4999999999999898,-0.0028060400516795037,0.005612080103359233
2026-05-20,-1,493.04,495.87,495.87,stop,-1.0,-0.005739899399642923,0.005739899399642998
2026-05-21,-1,497.58,498.78,498.78,stop,-1.0,-0.0024116724948752832,0.002411672494875173
2026-05-22,-1,506.15,507.3253,507.3253,stop,-1.0,-0.0023220389212685877,0.002322038921268497
2026-05-26,-1,506.73,508.09,508.09,stop,-1.0,-0.0026838750419355684,0.002683875041935462
2026-05-27,1,507.2,505.81,506.87,close,-0.23741007194243693,-0.0006506309148264222,0.002740536277602497
2026-05-28,1,505.56,503.64,507.08,close,0.7916666666666506,0.0030065669752352697,0.0037977688108236725
2026-05-29,1,508.62,507.2,510.73,close,1.4859154929577394,0.0041484802013291855,0.002791868192363682
2026-06-01,1,509.98,508.62,508.62,stop,-1.0,-0.0026667712459312876,0.00266677124593124
2026-06-02,1,512.64,508.93,514.06,close,0.38274932614554363,0.002769975031210903,0.0072370474406990865
2026-06-03,1,512.61,510.64,510.64,stop,-1.0,-0.003843077583348009,0.0038430775833480173
2026-06-04,1,513.92,512.68,516.65,close,2.201612903225805,0.00531211083437122,0.002412826899128287
2026-06-05,-1,516.37,517.75,509.63,close,4.884057971014515,0.013052656041210753,0.002672502275500117
2026-06-08,-1,510.57,513.755,508.88,close,0.5306122448979581,0.003310026049317405,0.006238126016021314
2026-06-09,1,512.42,511.08,511.08,stop,-1.0,-0.0026150423480737484,0.002615042348073797
2026-06-10,-1,506.15,507.75,507.75,stop,-1.0,-0.0031611182455795195,0.003161118245579419
2026-06-11,-1,502.31,503.55,503.55,stop,-1.0,-0.0024685950906810916,0.0024685950906810717
2026-06-12,-1,511.98,513.47,513.47,stop,-1.0,-0.002910269932419274,0.002910269932419253
2026-06-15,-1,518.97,520.11,520.11,stop,-1.0,-0.002196658766402626,0.002196658766402656
2026-06-16,-1,520.13,522.37,522.37,stop,-1.0,-0.004306615653778989,0.004306615653778881
2026-06-17,1,522.01,521.11,521.11,stop,-1.0,-0.0017241049022048704,0.0017241049022048952
2026-06-18,-1,518.4,519.52,515.5,close,2.5892857142856833,0.005594135802469147,0.0021604938271605027
2026-06-22,1,518.695,516.6,516.6,stop,-1.0,-0.004038982446331718,0.004038982446331711
2026-06-23,-1,513.52,515.0,515.0,stop,-1.0,-0.0028820688580775133,0.002882068858077618
2026-06-24,1,517.25,516.13,516.13,stop,-1.0,-0.002165297245045883,0.0021652972450459246
2026-06-25,-1,520.91,522.53,522.53,stop,-1.0,-0.0031099422165057344,0.003109942216505739
2026-06-26,-1,516.62,518.24,518.24,stop,-1.0,-0.0031357671015446176,0.0031357671015446644
2026-06-29,1,521.9,519.835,519.835,stop,-1.0,-0.00395669668518861,0.00395669668518862
2026-06-30,-1,519.62,522.48,522.48,stop,-1.0,-0.005504022170047307,0.0055040221700473685
2026-07-01,-1,519.82,522.17,522.17,stop,-1.0,-0.004520795660035937,0.004520795660035991
2026-07-02,-1,524.42,525.81,525.81,stop,-1.0,-0.0026505472712710088,0.002650547271271093
2026-07-06,-1,528.72,529.935,529.935,stop,-1.0,-0.002298002723558623,0.0022980027235586288
2026-07-07,-1,531.28,532.54,528.48,close,2.2222222222222023,0.005270290618882623,0.0023716307784971973
2026-07-08,1,524.03,522.55,522.55,stop,-1.0,-0.0028242657863100096,0.0028242657863099788
2026-07-09,1,523.895,522.135,524.22,close,0.1846590909091177,0.0006203533150728191,0.0033594517985474017
2026-07-10,-1,524.6,525.92,525.92,stop,-1.0,-0.002516202821196911,0.002516202821196981
2026-07-13,1,527.43,525.69,525.69,stop,-1.0,-0.0032990159831634003,0.0032990159831634445
2026-07-14,1,523.99,522.56,524.67,close,0.4755244755244194,0.0012977346895932662,0.0027290597148801766
2026-07-15,1,526.12,524.53,524.53,stop,-1.0,-0.003022124230213752,0.0030221242302137
2026-07-16,-1,526.42,527.77,527.77,stop,-1.0,-0.00256449223053834,0.0025644922305383968
2026-07-17,1,520.39,518.9,520.76,close,0.24832214765100824,0.0007110052076326756,0.0028632371874940123
2026-07-20,-1,521.83,523.4,517.91,close,2.4968152866243516,0.007512024988981181,0.0030086426614030167
2026-07-21,-1,519.18,520.16,520.16,stop,-1.0,-0.001887591971955871,0.0018875919719558117
2026-07-22,1,522.68,521.01,521.5,close,-0.7065868263472928,-0.002257595469503215,0.003195071554297006
2026-07-23,1,517.84,514.79,514.79,stop,-1.0,-0.0058898501467635755,0.00588985014676361
2026-07-24,1,517.96,516.54,516.54,stop,-1.0,-0.0027415244420420093,0.0027415244420419967
2026-07-27,1,525.27,523.87,523.87,stop,-1.0,-0.00266529594303877,0.002665295943038775
2026-07-28,-1,524.3,526.195,526.195,stop,-1.0,-0.0036143429334352106,0.003614342933435239
2026-07-29,-1,522.23,523.17,515.38,close,7.287234042553674,0.01311682591961405,0.0017999731918885182
2026-07-30,-1,517.7,518.94,518.94,stop,-1.0,-0.0023952095808383866,0.0023952095808383407
2026-07-31,-1,523.22,524.41,524.41,stop,-1.0,-0.002274377890753243,0.0022743778907532985
2026-08-03,1,531.0092,529.23,529.23,stop,-1.0,-0.0033506010818643572,0.0033506010818643937
2026-08-04,-1,537.56,539.08,539.08,stop,-1.0,-0.002827591338641522,0.002827591338641446
2026-08-05,1,544.85,543.14,543.14,stop,-1.0,-0.0031384784803157872,0.00313847848031575
2026-08-06,-1,543.0,544.57,538.22,close,3.044585987261032,0.008802946593001737,0.0028913443830571824
2026-08-07,1,538.95,537.43,539.58,close,0.4144736842104973,0.0011689396047871448,0.0028202987290102894
2026-08-10,-1,538.7,539.61,539.61,stop,-1.0,-0.0016892519027287278,0.0016892519027287324
2026-08-11,1,540.55,539.48,539.48,stop,-1.0,-0.001979465359356114,0.0019794653593560936
2026-08-12,-1,537.4,539.185,537.09,close,0.17366946778708736,0.000576851507257059,0.0033215481950129664
2026-08-13,-1,538.21,539.35,539.35,stop,-1.0,-0.002118132327530109,0.0021181323275301206
2026-08-14,1,537.7,536.34,536.34,stop,-1.0,-0.0025292914264459787,0.0025292914264459987
2026-08-17,1,535.62,534.495,534.495,stop,-1.0,-0.002100369665060997,0.002100369665061051
2026-08-18,1,533.76,532.02,532.95,close,-0.4655172413792765,-0.0015175359712229497,0.0032598920863309523
2026-08-19,1,535.41,533.58,534.35,close,-0.5792349726775888,-0.001979791188061353,0.0034179413907097877
2026-08-20,1,531.07,529.52,529.52,stop,-1.0,-0.0029186359613611046,0.002918635961361154
2026-08-21,1,530.19,529.43,532.19,close,2.631578947368059,0.003772232595861791,0.0014334483864277042
2026-08-24,1,533.47,531.83,533.62,close,0.09146341463413324,0.0002811779481506349,0.0030742122331152387
2026-08-25,-1,534.45,536.52,535.23,close,-0.37681159420289695,-0.0014594442885209613,0.0038731406118438323
2026-08-26,1,535.58,534.46,534.46,stop,-1.0,-0.002091190858508507,0.0020911908585085413
2026-08-27,1,533.93,532.92,535.17,close,1.2277227722772477,0.0023224018129717194,0.0018916337347592213
2026-08-28,-1,536.0469,536.95,536.95,stop,-1.0,-0.0016847406448949886,0.0016847406448950546
2026-08-31,-1,531.8,533.56,531.55,close,0.14204545454545528,0.00047010154193305453,0.003309514855208708
2026-09-01,1,529.39,527.93,527.93,stop,-1.0,-0.002757891157747716,0.002757891157747665
2026-09-02,1,530.13,529.24,530.66,close,0.5955056179775066,0.0009997547771301019,0.001678833493671338
2026-09-03,1,535.02,533.89,533.89,stop,-1.0,-0.0021120705768008508,0.002112070576800859
2026-09-04,-1,534.96,536.37,534.1,close,0.6099290780142078,0.0016075968296694887,0.002635711081202273
2026-09-08,-1,528.77,530.39,528.09,close,0.41975308641972103,0.0012860033663028014,0.0030637139020746346
2026-09-09,-1,524.65,525.74,524.09,close,0.5137614678898432,0.001067378252167961,0.0020775755265415646
2026-09-10,1,522.73,521.02,521.02,stop,-1.0,-0.003271287280240398,0.0032712872802403464
2026-09-11,1,527.11,525.22,525.22,stop,-1.0,-0.0035855893456773202,0.0035855893456773467
2026-09-14,1,524.93,524.25,524.25,stop,-1.0,-0.0012954108166802758,0.0012954108166802242
2026-09-15,-1,521.53,523.64,521.25,close,0.13270142180093408,0.0005368818668148867,0.004045788353498387
2026-09-16,-1,520.88,522.3,515.18,close,4.014084507042401,0.0109430195054524,0.002726155736445936
2026-09-17,-1,518.14,520.67,518.3,close,-0.06324110671935569,-0.000308796850271964,0.004882850194927959
2026-09-18,-1,515.95,517.08,515.89,close,0.05309734513279589,0.00011629033821114465,0.0021901347029750855
2026-09-21,-1,518.02,520.04,520.04,stop,-1.0,-0.00389946334118374,0.003899463341183703
2026-09-22,-1,520.74,522.55,517.95,close,1.5414364640884242,0.005357760110611731,0.0034758228674577436
2026-09-23,1,517.51,515.71,515.71,stop,-1.0,-0.0034781936580934314,0.0034781936580934756
2026-09-24,-1,512.46,514.03,514.03,stop,-1.0,-0.0030636537485850823,0.003063653748585131
2026-09-25,1,514.54,513.08,513.08,stop,-1.0,-0.0028374859097445304,0.002837485909744476
2026-09-28,-1,513.56,514.39,514.39,stop,-1.0,-0.001616169483604768,0.001616169483604722
2026-09-29,1,513.96,512.66,512.66,stop,-1.0,-0.002529379718266167,0.0025293797182661453
2026-09-30,-1,512.82,514.16,508.49,close,3.2313432835823175,0.008443508443508496,0.002613002613002453
2026-10-01,1,510.53,508.82,508.82,stop,-1.0,-0.003349460364718948,0.0033494603647189775
2026-10-02,1,512.64,511.17,511.17,stop,-1.0,-0.002867509363295828,0.0028675093632958225
