date,side,entry,stop,exit,how,R,ret,risk_pct
2021-10-06,1,286.87,285.5093,293.07,close,4.556478283236533,0.02161257712552711,0.004743263499145984
2021-10-07,1,296.07,294.2305,294.2305,stop,-1.0,-0.0062130577228357575,0.006213057722835771
2021-10-08,-1,295.0899,296.47,296.47,stop,-1.0,-0.004676879825436409,0.004676879825436341
2021-10-11,1,294.16,292.745,294.21,close,0.03533568904590375,0.0001699755235244904,0.004810307315746601
2021-10-12,-1,295.24,295.44,293.2400000000001,target,10.0,0.006774149844194222,0.0006774149844194168
2021-10-13,1,296.255,294.5,294.5,stop,-1.0,-0.005923950650621901,0.005923950650621916
2021-10-14,-1,298.85,299.51,299.51,stop,-1.0,-0.002208465785511038,0.0022084657855110192
2021-10-15,-1,301.57,303.1,303.1,stop,-1.0,-0.005073448950492443,0.005073448950492521
2021-10-18,-1,302.85,303.57,303.57,stop,-1.0,-0.0023774145616641817,0.0023774145616640924
2021-10-19,-1,307.44,308.55,308.55,stop,-1.0,-0.0036104605776736687,0.0036104605776737368
2021-10-20,-1,309.09,309.7,307.49,close,2.6229508196720164,0.00517648581319341,0.001973535216280092
2021-10-21,-1,306.94,307.41,307.41,stop,-1.0,-0.0015312438913144266,0.0015312438913143522
2021-10-22,1,310.76,310.02,310.02,stop,-1.0,-0.0023812588492727604,0.00238125884927278
2021-10-25,-1,309.27,309.4,307.97,target,10.0,0.0042034468263975056,0.0004203446826397499
2021-10-26,-1,310.2,311.1,311.1,stop,-1.0,-0.0029013539651838727,0.0029013539651838623
2021-10-27,1,317.75,316.0,323.26,close,3.1485714285714232,0.01734067663257277,0.0055074744295830055
2021-10-28,-1,323.78,324.4,324.4,stop,-1.0,-0.0019148804743962522,0.001914880474396209
2021-10-29,1,326.29,323.9,331.62,close,2.2301255230125054,0.01633516197247853,0.007324772441693104
2021-11-01,-1,329.87,331.49,329.38,close,0.3024691358024739,0.0014854336556825443,0.004911025555521886
2021-11-02,1,330.96,330.0,333.26,close,2.395833333333396,0.006949480299734079,0.0029006526468454787
2021-11-03,-1,332.19,334.0091,334.0091,stop,-1.0,-0.005476082964568363,0.005476082964568445
2021-11-04,-1,330.56,333.24,333.24,stop,-1.0,-0.008107454017425075,0.008107454017424996
2021-11-05,-1,336.77,338.79,336.11,close,0.3267326732673047,0.001959794518514024,0.005998158980906966
2021-11-08,-1,336.79,337.65,336.93,close,-0.16279069767441093,-0.0004156893019389152,0.002553519997624504
2021-11-09,1,337.41,336.77,336.77,stop,-1.0,-0.001896802110192497,0.0018968021101924755
2021-11-10,-1,332.73,334.6303,330.77,close,1.0314160921960105,0.0058906620983981695,0.005711237339584524
2021-11-11,1,332.39,330.51,332.46,close,0.03723404255318795,0.00021059598664208146,0.005656006498390431
2021-11-12,1,334.75,333.83,333.83,stop,-1.0,-0.0027483196415235556,0.0027483196415235725
2021-11-15,-1,337.01,337.88,336.08,close,1.0689655172413817,0.0027595620308003,0.002581525770748656
2021-11-16,1,337.0,335.51,339.58,close,1.7315436241610527,0.007655786350148297,0.004421364985163232
2021-11-17,1,339.34,338.92,338.92,stop,-1.0,-0.0012376967053691068,0.0012376967053691257
2021-11-18,1,338.59,337.12,341.27,close,1.8231292517007216,0.007915177648483374,0.004341534008682981
2021-11-19,1,343.1,342.2,343.04,close,-0.06666666666666667,-0.0001748761294083634,0.0026231419411251356
2021-11-22,1,345.45,344.06,344.06,stop,-1.0,-0.004023737154436158,0.004023737154436203
2021-11-23,-1,334.8852,337.49,337.49,stop,-1.0,-0.0077781878685592165,0.0077781878685591705
2021-11-24,-1,335.51,336.5,336.5,stop,-1.0,-0.0029507317218562257,0.0029507317218563055
2021-11-29,1,335.66,334.74,336.55,close,0.9673913043477945,0.0026514925817791024,0.0027408687362212233
2021-11-30,1,335.55,334.45,334.45,stop,-1.0,-0.0032781999701982922,0.0032781999701982497
2021-12-01,-1,334.79,335.93,335.93,stop,-1.0,-0.003405119627228892,0.0034051196272289683
2021-12-02,1,330.37,328.52,328.52,stop,-1.0,-0.005599782062535974,0.005599782062536013
2021-12-03,1,332.01,330.09,330.09,stop,-1.0,-0.005782958344628275,0.005782958344628222
2021-12-06,-1,321.0,324.85,324.85,stop,-1.0,-0.011993769470405091,0.011993769470405055
2021-12-07,-1,330.585,332.21,332.21,stop,-1.0,-0.004915528532752456,0.004915528532752545
2021-12-08,-1,333.83,335.5,334.96,close,-0.6766467065868171,-0.003384956414941742,0.00500254620615288
2021-12-09,1,335.59,334.08,334.08,stop,-1.0,-0.004499538126880975,0.004499538126880988
2021-12-10,1,337.62,334.79,342.23,close,1.6289752650176819,0.013654404359931371,0.00838220484568445
2021-12-13,1,341.85,340.08,340.08,stop,-1.0,-0.005177709521720142,0.005177709521720165
2021-12-14,1,333.69,331.8,331.8,stop,-1.0,-0.005663939584644395,0.00566393958464439
2021-12-15,1,328.91,327.84,327.84,stop,-1.0,-0.0032531695600621635,0.003253169560062175
2021-12-16,-1,335.5,336.26,336.26,stop,-1.0,-0.002265275707898695,0.0022652757078986314
2021-12-17,1,321.55,319.5,319.5,stop,-1.0,-0.006375369304929324,0.006375369304929284
2021-12-20,1,321.675,319.35,319.35,stop,-1.0,-0.007227792026113233,0.007227792026113278
2021-12-21,1,323.14,322.98,322.98,stop,-1.0,-0.0004951414247693631,0.0004951414247693513
2021-12-22,-1,326.395,328.3617,328.3617,stop,-1.0,-0.006025521224283459,0.00602552122428347
2021-12-23,1,334.04,332.73,334.49,close,0.34351145038167014,0.0013471440546042324,0.00392168602562568
2021-12-27,1,337.315,335.43,342.45,close,2.724137931034491,0.015223159361427818,0.00558824837318231
2021-12-28,-1,342.17,343.15,343.15,stop,-1.0,-0.002864073413800128,0.0028640734138000445
2021-12-29,1,341.97,341.25,341.25,stop,-1.0,-0.0021054478463023996,0.002105447846302387
2021-12-30,-1,341.66,342.37,342.37,stop,-1.0,-0.002078089328572119,0.0020780893285722046
2021-12-31,-1,337.88,339.355,336.33,close,1.05084745762711,0.004587427489049389,0.004365455191192207
2022-01-03,1,336.68,335.15,335.15,stop,-1.0,-0.004544374480218716,0.004544374480218693
2022-01-04,-1,332.62,334.83,334.83,stop,-1.0,-0.006644218627863463,0.006644218627863566
2022-01-05,-1,321.36,326.07,316.34,close,1.0658174097664672,0.015621110281304529,0.014656460044809494
2022-01-06,1,315.59,311.49,313.84,close,-0.42682926829268647,-0.005545169365315794,0.012991539655882525
2022-01-07,-1,313.51,315.32,315.32,stop,-1.0,-0.005773340563299367,0.005773340563299424
2022-01-10,-1,308.54,310.01,310.01,stop,-1.0,-0.004764374149218709,0.004764374149218806
2022-01-11,-1,310.32,313.48,313.48,stop,-1.0,-0.010183036865171413,0.010183036865171517
2022-01-12,1,321.4,318.5505,318.5505,stop,-1.0,-0.008865899191039084,0.008865899191039134
2022-01-13,-1,319.63,320.88,307.13,target,10.0,0.0391077182992835,0.003910771829928355
2022-01-14,1,304.99,303.75,310.2,close,4.201612903225759,0.017082527295976924,0.004065707072363058
2022-01-18,1,305.17,302.38,302.38,stop,-1.0,-0.009142445194481819,0.00914244519448183
2022-01-19,-1,305.89,307.05,307.05,stop,-1.0,-0.003792212886985613,0.0037922128869855997
2022-01-20,-1,308.08,309.74,309.74,stop,-1.0,-0.005388210854323727,0.005388210854323634
2022-01-21,1,302.91,300.1,300.1,stop,-1.0,-0.00927668284308869,0.009276682843088713
2022-01-24,-1,290.255,292.57,292.57,stop,-1.0,-0.007975745465194306,0.007975745465194391
2022-01-25,1,291.66,290.85,290.85,stop,-1.0,-0.0027772063361448662,0.0027772063361448337
2022-01-26,-1,302.305,308.5,296.94,close,0.8660209846650548,0.01774697739038389,0.020492548915830015
2022-01-27,1,303.54,301.79,301.79,stop,-1.0,-0.0057653027607563745,0.0057653027607564074
2022-01-28,-1,297.38,300.8,300.8,stop,-1.0,-0.011500437151119813,0.011500437151119832
2022-01-31,-1,308.29,309.4,309.4,stop,-1.0,-0.003600506017061633,0.003600506017061717
2022-02-01,-1,309.44,310.63,308.55,close,0.7478991596638556,0.0028761633919337504,0.0038456566701137464
2022-02-02,1,311.13,308.88,313.39,close,1.0044444444444405,0.007263844695143407,0.007231703789412786
2022-02-03,-1,309.415,310.32,310.32,stop,-1.0,-0.0029248743596785864,0.00292487435967866
2022-02-04,1,300.9226,300.1732,300.1732,stop,-1.0,-0.0024903413701728994,0.002490341370172862
2022-02-07,1,306.9693,305.61,305.61,stop,-1.0,-0.004428130109427775,0.004428130109427757
2022-02-08,1,301.52,300.77,300.77,stop,-1.0,-0.0024873971875829515,0.0024873971875829133
2022-02-09,-1,309.8473,310.31,310.31,stop,-1.0,-0.001493316223830199,0.0014933162238302024
2022-02-10,1,304.1,303.33,303.33,stop,-1.0,-0.002532061821769238,0.002532061821769282
2022-02-11,-1,303.04,304.18,304.18,stop,-1.0,-0.003761879619852193,0.0037618796198521194
2022-02-14,-1,293.58,295.1,295.1,stop,-1.0,-0.005177464404932275,0.005177464404932348
2022-02-15,1,300.34,299.21,299.21,stop,-1.0,-0.00376240261037486,0.0037624026103748936
2022-02-16,-1,297.16,298.66,298.66,stop,-1.0,-0.005047785704670904,0.005047785704670884
2022-02-17,-1,296.19,296.8,290.08999999999986,target,10.0,0.020594888416219814,0.0020594888416219778
2022-02-18,-1,291.49,293.86,287.82,close,1.5485232067510586,0.012590483378503659,0.008130639129987322
2022-02-22,1,285.53,284.5,287.72,close,2.126213592233119,0.0076699471158898636,0.003607326725738006
2022-02-23,1,290.94,290.18,290.18,stop,-1.0,-0.0026122224513644987,0.0026122224513645113
2022-02-24,1,274.99,271.52,294.58,close,5.645533141210323,0.071238954143787,0.01261864067784293
2022-02-25,-1,293.65,295.5,295.5,stop,-1.0,-0.006300017027073057,0.006300017027073124
2022-02-28,1,296.25,294.23,294.23,stop,-1.0,-0.006818565400843801,0.00681856540084382
2022-03-01,1,296.75,295.51,295.51,stop,-1.0,-0.0041786015164280155,0.004178601516428001
2022-03-02,-1,294.99,296.6665,296.6665,stop,-1.0,-0.0056832434997795556,0.005683243499779572
2022-03-03,-1,301.92,303.13,295.94,close,4.942148760330677,0.019806571277159568,0.00400768415474291
2022-03-04,-1,293.6442,295.66,289.68,close,1.9665641432681713,0.013500011238090193,0.00686477035814095
2022-03-07,-1,288.065,289.69,278.91,close,5.633846153846137,0.031781021644420426,0.005641087948900422
2022-03-08,-1,276.81,278.7199,278.7199,stop,-1.0,-0.0068996784798236455,0.006899678479823681
2022-03-09,-1,282.28,284.88,284.88,stop,-1.0,-0.00921071276746499,0.00921071276746501
2022-03-10,1,283.56,282.73,282.73,stop,-1.0,-0.0029270701086189232,0.002927070108618931
2022-03-11,-1,287.48,289.51,280.02,close,3.6748768472907076,0.02594963127869776,0.007061360790315753
2022-03-14,1,281.89,280.01,280.01,stop,-1.0,-0.006669268154244512,0.006669268154244548
2022-03-15,-1,280.17,281.87,281.87,stop,-1.0,-0.006067744583645673,0.006067744583645603
2022-03-16,1,290.21,289.03,289.03,stop,-1.0,-0.0040660211570932026,0.0040660211570931635
2022-03-17,-1,292.82,293.88,293.88,stop,-1.0,-0.0036199713134348332,0.0036199713134348827
2022-03-18,-1,293.16,295.48,295.48,stop,-1.0,-0.007913767226088053,0.007913767226088119
2022-03-21,-1,298.61,299.37,299.37,stop,-1.0,-0.0025451257493049884,0.002545125749305083
2022-03-22,1,300.6,298.77,304.17,close,1.9508196721311002,0.011876247504990056,0.006087824351297541
2022-03-23,-1,298.67,300.79,300.79,stop,-1.0,-0.0070981350654568676,0.007098135065456874
2022-03-24,-1,298.69,299.9,299.9,stop,-1.0,-0.004051022799558046,0.004051022799558002
2022-03-25,-1,303.79,305.5,303.69,close,0.05847953216375669,0.00032917475887961345,0.005628888376839196
2022-03-28,1,307.38,304.33,310.76,close,1.1081967213114698,0.010996161103520086,0.009922571409981169
2022-03-29,-1,313.5,314.4,314.4,stop,-1.0,-0.002870813397129135,0.002870813397129114
2022-03-30,1,314.95,313.41,313.41,stop,-1.0,-0.0048896650261944785,0.004889665026194518
2022-03-31,-1,312.58,315.14,308.08,close,1.7578124999999984,0.014396314543476896,0.008189903384733516
2022-04-01,-1,308.23,310.13,309.42,close,-0.6263157894736905,-0.003860753333549516,0.006164228011549743
2022-04-04,1,311.35,309.71,315.07,close,2.2682926829267513,0.011947968524168795,0.0052673839730208545
2022-04-05,1,313.84,313.2,313.2,stop,-1.0,-0.0020392556716798405,0.0020392556716797936
2022-04-06,1,305.7,304.7,304.7,stop,-1.0,-0.003271180896303516,0.003271180896303566
2022-04-07,1,299.54,296.35,301.5,close,0.6144200626959188,0.006543366495292746,0.010649662816318347
2022-04-08,-1,299.32,300.6349,300.6349,stop,-1.0,-0.0043929573700387525,0.004392957370038831
2022-04-11,-1,290.945,292.61,285.26,close,3.4144144144143738,0.019539775558954475,0.005722731100379868
2022-04-12,-1,287.76,289.41,289.41,stop,-1.0,-0.005733944954128489,0.005733944954128559
2022-04-13,-1,281.77,282.73,282.73,stop,-1.0,-0.003407034105831208,0.003407034105831126
2022-04-14,-1,287.03,288.305,279.78,close,5.686274509803769,0.025258683761279266,0.004442044385604411
2022-04-18,1,280.76,278.91,278.91,stop,-1.0,-0.006589257729021081,0.006589257729021107
2022-04-19,1,279.61,279.15,279.15,stop,-1.0,-0.0016451485998356663,0.0016451485998356151
2022-04-20,-1,287.795,289.7,286.36,close,0.7532808398950251,0.004986188085269072,0.006619294984276908
2022-04-21,1,291.42,288.45,288.45,stop,-1.0,-0.010191476219888917,0.010191476219888914
2022-04-22,1,281.92,281.19,281.19,stop,-1.0,-0.0025893870601589875,0.002589387060158975
2022-04-25,-1,271.8,273.62,273.62,stop,-1.0,-0.006696100073583455,0.006696100073583492
2022-04-26,-1,277.08,278.3599,270.22,close,5.359793733885435,0.024758192579760196,0.004619243539771899
2022-04-27,-1,280.11,282.99,282.99,stop,-1.0,-0.01028167505622779,0.010281675056227894
2022-04-28,-1,283.5073,287.61,287.61,stop,-1.0,-0.014471232310420357,0.014471232310420322
2022-04-29,1,289.13,286.945,286.945,stop,-1.0,-0.007557154221284557,0.007557154221284551
2022-05-02,-1,277.33,278.89,278.89,stop,-1.0,-0.005625067608985734,0.0056250676089856936
2022-05-03,-1,283.32,283.97,283.97,stop,-1.0,-0.0022942256106170955,0.0022942256106170907
2022-05-04,-1,282.12,283.1,283.1,stop,-1.0,-0.0034736991351198565,0.0034736991351198717
2022-05-05,-1,284.81,286.35,277.52,close,4.733766233766184,0.02559601137600509,0.005407113514272745
2022-05-06,-1,273.97,276.1,276.1,stop,-1.0,-0.007774573858451594,0.007774573858451638
2022-05-09,1,270.59,269.73,269.73,stop,-1.0,-0.0031782401419119255,0.0031782401419119585
2022-05-11,-1,265.26,268.45,268.45,stop,-1.0,-0.01202593681670816,0.012025936816708127
2022-05-12,-1,254.5199,258.51,258.51,stop,-1.0,-0.01567696671262242,0.015676966712622406
2022-05-13,-1,255.755,258.71,258.71,stop,-1.0,-0.011554026314245958,0.011554026314245994
2022-05-16,-1,257.71,260.13,260.13,stop,-1.0,-0.009390400062085247,0.009390400062085353
2022-05-17,1,266.76,265.68,265.68,stop,-1.0,-0.004048582995951344,0.004048582995951357
2022-05-18,-1,262.38,263.6,254.14,close,6.754098360655594,0.03140483268541816,0.00464974464517123
2022-05-19,1,254.9573,253.56,253.56,stop,-1.0,-0.00548052556251577,0.0054805255625157675
2022-05-20,-1,256.75,257.5,257.5,stop,-1.0,-0.0029211295034079487,0.0029211295034079843
2022-05-23,-1,254.52,255.99,255.99,stop,-1.0,-0.005775577557755707,0.005775577557755771
2022-05-24,1,258.58,257.32,257.32,stop,-1.0,-0.004872766648619353,0.004872766648619348
2022-05-25,1,258.75,257.54,257.54,stop,-1.0,-0.0046763285024153944,0.00467632850241538
2022-05-26,-1,262.24,262.51,262.51,stop,-1.0,-0.0010295912141549124,0.001029591214154903
2022-05-27,1,268.935,267.56,273.23,close,3.123636363636375,0.015970401769944464,0.0051127595887482105
2022-05-31,-1,270.09,272.65,272.65,stop,-1.0,-0.009478322040801235,0.009478322040801224
2022-06-01,1,276.82,275.0,275.0,stop,-1.0,-0.006574669460299054,0.006574669460299087
2022-06-02,1,265.0,261.6,274.63,close,2.832352941176488,0.03633962264150936,0.012830188679245198
2022-06-03,1,272.17,269.4701,269.4701,stop,-1.0,-0.009919903001800345,0.009919903001800396
2022-06-06,1,273.26,271.91,271.91,stop,-1.0,-0.004940349849959613,0.004940349849959621
2022-06-07,1,267.37,265.94,272.5,close,3.587412587412567,0.019186894565583312,0.005348393611848775
2022-06-08,-1,271.1901,272.25,272.25,stop,-1.0,-0.003908328511992298,0.003908328511992243
2022-06-09,1,269.624,267.21,267.21,stop,-1.0,-0.008953208913153321,0.008953208913153295
2022-06-10,-1,257.6,260.58,252.89,close,1.5805369127517106,0.01828416149068335,0.011568322981366308
2022-06-13,1,246.055,244.2171,244.2171,stop,-1.0,-0.007469468208327501,0.007469468208327484
2022-06-14,1,243.84,243.67,243.67,stop,-1.0,-0.0006971784776903522,0.000697178477690354
2022-06-15,-1,247.67,248.84,248.84,stop,-1.0,-0.004724027940404607,0.004724027940404635
2022-06-16,-1,245.85,246.7,246.7,stop,-1.0,-0.0034573927191376974,0.0034573927191376627
2022-06-17,1,247.05,244.36,244.36,stop,-1.0,-0.010888484112527852,0.010888484112527819
2022-06-21,1,252.125,249.51,253.74,close,0.6175908221797336,0.006405552801189929,0.010371839365394186
2022-06-22,-1,251.0,251.97,251.97,stop,-1.0,-0.003864541832669266,0.003864541832669318
2022-06-23,-1,254.845,255.74,255.74,stop,-1.0,-0.003511938629362943,0.0035119386293629862
2022-06-24,1,264.82,261.72,267.98,close,1.0193548387096967,0.011932633486896771,0.011706064496639098
2022-06-27,-1,266.45,268.3,264.92,close,0.8270270270270021,0.005742165509476371,0.006943141302308211
2022-06-28,1,265.96,263.58,263.58,stop,-1.0,-0.008948714092344656,0.008948714092344698
2022-06-29,-1,256.28,258.44,258.44,stop,-1.0,-0.008428281567036233,0.008428281567036153
2022-06-30,1,257.435,256.81,256.81,stop,-1.0,-0.0024277973080583104,0.0024277973080583447
2022-07-01,-1,255.74,257.18,257.18,stop,-1.0,-0.005630718698678372,0.005630718698678336
2022-07-05,-1,255.16,256.51,256.51,stop,-1.0,-0.005290797930710189,0.005290797930710121
2022-07-06,1,263.765,263.03,263.03,stop,-1.0,-0.002786571379826741,0.0027865713798267914
2022-07-07,1,266.6,265.02,268.38,close,1.1265822784809663,0.0066766691672917045,0.005926481620405254
2022-07-08,1,265.14,264.22,264.22,stop,-1.0,-0.0034698649769930867,0.0034698649769931323
2022-07-11,-1,264.81,265.82,265.82,stop,-1.0,-0.0038140553604470995,0.0038140553604470787
2022-07-12,-1,264.75,265.94,252.85000000000002,target,10.0,0.0449480642115202,0.004494806421152022
2022-07-13,-1,250.02,251.22,251.22,stop,-1.0,-0.004799616030717546,0.004799616030717497
2022-07-14,-1,249.8,251.4,251.4,stop,-1.0,-0.006405124099279291,0.0064051240992794006
2022-07-15,1,257.67,255.68,255.68,stop,-1.0,-0.007723056622812141,0.0077230566228121585
2022-07-18,-1,259.43,260.24,260.24,stop,-1.0,-0.0031222295031414493,0.0031222295031415113
2022-07-19,-1,255.69,258.06,258.06,stop,-1.0,-0.00926903672415813,0.009269036724158177
2022-07-20,-1,259.57,260.1499,260.1499,stop,-1.0,-0.0022340794390722785,0.0022340794390723474
2022-07-21,-1,258.48,260.45,260.45,stop,-1.0,-0.007621479418136623,0.007621479418136685
2022-07-22,-1,263.02,265.33,260.46,close,1.1082251082251082,0.009733100144475704,0.008782602083491759
2022-07-25,1,261.025,260.38,260.38,stop,-1.0,-0.0024710276793410424,0.00247102767934099
2022-07-26,-1,255.82,259.88,251.745,close,1.003694581280785,0.01592916894691576,0.0158705339691971
2022-07-27,1,262.28,258.85,268.68,close,1.8658892128280256,0.024401403080677175,0.013077626963550215
2022-07-28,1,271.22,269.6301,269.6301,stop,-1.0,-0.005862030823685527,0.005862030823685568
2022-07-29,-1,277.23,278.84,278.84,stop,-1.0,-0.0058074522959274955,0.005807452295927413
2022-08-01,-1,277.63,278.25,278.25,stop,-1.0,-0.002233188056045776,0.002233188056045833
2022-08-02,-1,275.69,276.015,276.015,stop,-1.0,-0.0011788603141209553,0.0011788603141208917
2022-08-03,1,278.285,276.61,282.47,close,2.4985074626865518,0.0150385396266417,0.0060190092890382565
2022-08-04,1,282.44,281.11,281.11,stop,-1.0,-0.004708964735873011,0.0047089647358730495
2022-08-05,1,280.545,278.68,282.86,close,1.2412868632707703,0.0082517956121122,0.006647774866777198
2022-08-08,-1,283.96,284.35,284.35,stop,-1.0,-0.0013734328778702842,0.0013734328778702747
2022-08-09,-1,278.62,280.33,280.33,stop,-1.0,-0.006137391429186678,0.006137391429186632
2022-08-10,1,288.57,287.71,287.71,stop,-1.0,-0.002980212773330604,0.002980212773330608
2022-08-11,-1,288.92,291.21,287.22,close,0.7423580786026269,0.005883981725045007,0.007926069500207543
2022-08-12,-1,288.44,288.99,288.99,stop,-1.0,-0.001906809041741786,0.0019068090417418229
2022-08-15,1,291.58,290.717,290.717,stop,-1.0,-0.0029597366074490816,0.002959736607449069
2022-08-16,1,292.17,291.62,291.62,stop,-1.0,-0.0018824656877844959,0.001882465687784548
2022-08-17,1,290.4943,289.47,291.3769,close,0.8616616225714958,0.003038269597716692,0.0035260588589861573
2022-08-18,-1,289.84,290.74,290.74,stop,-1.0,-0.0031051614683965667,0.0031051614683964748
2022-08-19,-1,288.38,289.25,286.16,close,2.551724137930987,0.0076981760177542435,0.003016852763714559
2022-08-22,-1,280.79,282.46,277.86,close,1.7544910179641189,0.010434844545745947,0.00594750525303593
2022-08-23,1,277.95,276.379,276.379,stop,-1.0,-0.005652095700665494,0.005652095700665478
2022-08-24,1,275.5,275.41,275.41,stop,-1.0,-0.00032667876588010625,0.000326678765880127
2022-08-25,-1,274.96,277.63,277.63,stop,-1.0,-0.009710503345941257,0.009710503345941287
2022-08-26,-1,278.842,279.3,279.3,stop,-1.0,-0.001642507226314649,0.00164250722631464
2022-08-29,1,266.43,265.01,265.01,stop,-1.0,-0.005329730135495314,0.0053297301354953116
2022-08-30,-1,266.51,267.05,261.1099999999998,target,10.0,0.020261903868523556,0.0020261903868523524
2022-08-31,-1,264.57,265.45,265.45,stop,-1.0,-0.0033261518690705927,0.00332615186907055
2022-09-01,-1,257.99,259.63,259.63,stop,-1.0,-0.006356835536261096,0.006356835536261042
2022-09-02,-1,261.4,261.94,261.94,stop,-1.0,-0.002065799540933444,0.002065799540933514
2022-09-06,1,256.5,256.15,256.15,stop,-1.0,-0.0013645224171541237,0.0013645224171540847
2022-09-07,-1,254.655,255.03,255.03,stop,-1.0,-0.0014725805501560885,0.0014725805501560935
2022-09-08,-1,255.7,257.51,257.51,stop,-1.0,-0.007078607743449261,0.007078607743449364
2022-09-09,1,262.13,260.29,264.44,close,1.255434782608714,0.008812421317666796,0.007019417846106798
2022-09-12,-1,265.56,266.17,266.17,stop,-1.0,-0.002297032685645517,0.0022970326856454797
2022-09-13,1,259.49,258.5,258.5,stop,-1.0,-0.0038151759220008685,0.003815175922000883
2022-09-14,-1,251.58,254.035,254.035,stop,-1.0,-0.009758327371015119,0.00975832737101512
2022-09-15,-1,249.28,250.18,250.18,stop,-1.0,-0.0036103979460846425,0.003610397946084747
2022-09-16,-1,243.09,244.43,244.43,stop,-1.0,-0.005512361676745181,0.005512361676745252
2022-09-19,-1,242.36,242.705,242.705,stop,-1.0,-0.0014235022280904008,0.0014235022280904392
2022-09-20,1,242.21,241.08,241.08,stop,-1.0,-0.004665373023409414,0.004665373023409419
2022-09-21,-1,243.85,244.43,244.43,stop,-1.0,-0.002378511379946824,0.0023785113799467397
2022-09-22,1,239.325,237.57,240.78,close,0.8290598290598383,0.006079598871826963,0.007333124412409884
2022-09-23,-1,239.1,239.54,239.54,stop,-1.0,-0.0018402342116268233,0.0018402342116269248
2022-09-26,1,238.85,236.95,236.95,stop,-1.0,-0.007954783336822313,0.007954783336822297
2022-09-27,1,241.01,239.555,239.555,stop,-1.0,-0.0060370938965187415,0.006037093896518751
2022-09-28,-1,235.36,236.85,236.85,stop,-1.0,-0.006330727396328895,0.006330727396328946
2022-09-29,1,239.85,238.62,238.62,stop,-1.0,-0.00512820512820511,0.005128205128205086
2022-09-30,1,239.4,237.35,237.35,stop,-1.0,-0.008563074352548106,0.008563074352548085
2022-10-03,-1,235.39,236.5,236.5,stop,-1.0,-0.004715578401801368,0.004715578401801325
2022-10-04,1,245.91,244.975,248.89,close,3.1871657754010507,0.012118254646008575,0.003802204058395357
2022-10-05,1,246.9383,245.73,245.73,stop,-1.0,-0.0048931251247781304,0.004893125124778167
2022-10-06,1,249.09,247.93,247.93,stop,-1.0,-0.004656951302742018,0.004656951302741967
2022-10-07,-1,238.55,241.32,234.25,close,1.5523465703971262,0.018025571159086207,0.01161182142108565
2022-10-10,1,233.37,232.84,232.84,stop,-1.0,-0.0022710716887346383,0.002271071688734632
2022-10-11,-1,227.07,227.94,227.94,stop,-1.0,-0.003831417624521105,0.003831417624521093
2022-10-12,-1,224.55,225.5,225.5,stop,-1.0,-0.004230683589401041,0.004230683589400973
2022-10-13,1,220.72,219.13,234.24,close,8.503144654088038,0.061254077564334874,0.007203696991663662
2022-10-14,1,236.39,235.52,235.52,stop,-1.0,-0.003680358729218569,0.0036803587292185635
2022-10-17,1,236.83,235.68,235.68,stop,-1.0,-0.004855803741080078,0.004855803741080123
2022-10-18,-1,242.34,243.93,238.56,close,2.377358490566033,0.01559792027729634,0.006561029957910388
2022-10-19,1,238.13,236.64,236.64,stop,-1.0,-0.006257086465376038,0.006257086465376094
2022-10-20,1,236.56,235.77,235.77,stop,-1.0,-0.0033395333107879566,0.003339533310787927
2022-10-21,1,235.63,234.5,242.03,close,5.6637168141593195,0.027161227347960892,0.004795654203624307
2022-10-24,-1,241.78,244.14,244.14,stop,-1.0,-0.009760939697245341,0.009760939697245369
2022-10-25,1,247.82,247.24,247.24,stop,-1.0,-0.002340408360907098,0.002340408360907046
2022-10-26,1,231.65,230.25,230.25,stop,-1.0,-0.006043600259011517,0.006043600259011464
2022-10-27,1,231.07,230.88,230.88,stop,-1.0,-0.0008222616523131387,0.000822261652313142
2022-10-28,1,228.42,226.05,235.78,close,3.1054852320675477,0.032221346642150595,0.010375623850801052
2022-10-31,1,233.83,233.0449,233.0449,stop,-1.0,-0.0033575674635418773,0.003357567463541889
2022-11-01,-1,234.1801,235.74,228.16,close,3.8592858516571686,0.025707137369913258,0.006661112536889338
2022-11-02,-1,228.18,229.46,229.46,stop,-1.0,-0.005609606451047355,0.005609606451047424
2022-11-03,-1,219.24,220.41,214.24,close,4.27350427350432,0.022806057288815906,0.005336617405582865
2022-11-04,-1,216.39,218.48,218.48,stop,-1.0,-0.009658486991080961,0.009658486991080935
2022-11-07,1,222.64,221.86,221.86,stop,-1.0,-0.003503413582464865,0.0035034135824648436
2022-11-08,1,228.76,228.1,228.1,stop,-1.0,-0.0028851197761846636,0.002885119776184633
2022-11-09,-1,226.86,227.47,227.47,stop,-1.0,-0.0026888830115490148,0.0026888830115489076
2022-11-10,1,236.55,235.43,235.43,stop,-1.0,-0.004734728387233211,0.004734728387233162
2022-11-11,1,243.17,241.93,247.32,close,3.346774193548444,0.017066249948595624,0.0050993132376525915
2022-11-14,-1,239.4,242.2,242.2,stop,-1.0,-0.011695906432748426,0.011695906432748466
2022-11-15,-1,245.69,247.0,242.03,close,2.793893129770985,0.014896821197443955,0.005331922341161636
2022-11-16,1,243.28,241.84,241.84,stop,-1.0,-0.005919105557382398,0.005919105557382431
2022-11-17,1,239.28,237.63,241.7,close,1.4666666666666541,0.010113674356402536,0.006895687061183574
2022-11-18,-1,241.56,243.74,241.31,close,0.11467889908256845,0.0010349395595297128,0.009024672959099216
2022-11-21,1,243.27,241.19,242.08,close,-0.57211538461538,-0.004891684136967167,0.008550170592346005
2022-11-22,-1,242.72,243.9,243.9,stop,-1.0,-0.004861568885959233,0.004861568885959158
2022-11-23,-1,244.75,245.23,245.23,stop,-1.0,-0.0019611848825331624,0.0019611848825331554
2022-11-28,-1,245.88,246.65,241.77,close,5.337662337662247,0.016715470961444545,0.0031316089149178877
2022-11-29,1,242.25,241.32,241.32,stop,-1.0,-0.0038390092879256876,0.003839009287925725
2022-11-30,1,242.65,239.86,255.16,close,4.483870967741945,0.05155573871831853,0.011498042447970295
2022-12-01,1,255.11,253.13,253.13,stop,-1.0,-0.007761357845635253,0.0077613578456352875
2022-12-02,1,250.96,249.69,255.02,close,3.1968503937007635,0.0161778769525025,0.005060567421103005
2022-12-05,1,252.5,251.61,251.61,stop,-1.0,-0.003524752475247417,0.0035247524752474706
2022-12-06,1,251.25,250.42,250.42,stop,-1.0,-0.003303482587064699,0.003303482587064726
2022-12-07,-1,244.85,245.14,245.14,stop,-1.0,-0.0011843986113946325,0.001184398611394699
2022-12-08,-1,243.8,245.0613,245.0613,stop,-1.0,-0.005173502871205882,0.005173502871205813
2022-12-09,1,245.05,244.56,244.56,stop,-1.0,-0.001999591920016308,0.00199959192001636
2022-12-12,1,249.0,247.17,252.52,close,1.9234972677595552,0.014136546184738918,0.007349397590361496
2022-12-13,-1,261.13,262.89,262.89,stop,-1.0,-0.006739937961934617,0.006739937961934634
2022-12-14,1,259.3299,256.92,256.92,stop,-1.0,-0.009292796549877136,0.009292796549877176
2022-12-15,-1,252.96,254.2,248.96,close,3.2258064516129537,0.015812776723592714,0.004901960784313649
2022-12-16,1,249.42,248.25,248.25,stop,-1.0,-0.004690882848207845,0.004690882848207793
2022-12-19,-1,243.06,245.21,240.45,close,1.2139534883720962,0.010738089360651792,0.008845552538467891
2022-12-20,1,240.315,239.02,239.02,stop,-1.0,-0.005388760585065433,0.005388760585065383
2022-12-21,-1,240.22,241.95,241.95,stop,-1.0,-0.007201731745899442,0.00720173174589955
2022-12-22,-1,240.39,241.99,238.28,close,1.3187499999999721,0.008777403386164062,0.006655850908939735
2022-12-23,-1,235.57,237.0,237.0,stop,-1.0,-0.006070382476546232,0.006070382476546279
2022-12-27,-1,238.01,238.93,236.96,close,1.1413043478260487,0.004411579345405592,0.0038653838074031175
2022-12-28,1,238.94,236.55,236.55,stop,-1.0,-0.010002511090650312,0.010002511090650316
2022-12-29,1,237.34,235.65,240.9825,close,2.1553254437869755,0.015347181258953402,0.007120586500379193
2022-12-30,1,238.52,237.8,237.8,stop,-1.0,-0.0030186147912124595,0.003018614791212472
2023-01-03,1,243.26,241.7,241.7,stop,-1.0,-0.00641289155635949,0.006412891556359461
2023-01-04,-1,229.565,232.87,229.1,close,0.1406959152798797,0.0020255700999717297,0.014396793936357925
2023-01-05,-1,225.455,227.55,222.2501,close,1.5297852028639671,0.01421525359827902,0.009292319975161336
2023-01-06,1,223.07,220.88,220.88,stop,-1.0,-0.009817546061774318,0.009817546061774322
2023-01-09,1,227.17,226.4389,226.4389,stop,-1.0,-0.0032182946691904357,0.0032182946691904648
2023-01-10,1,230.48,227.61,227.61,stop,-1.0,-0.012452273516140089,0.012452273516140125
2023-01-11,1,232.54,231.11,235.79,close,2.272727272727307,0.013976090135030539,0.006149479659413342
2023-01-12,1,235.865,234.99,234.99,stop,-1.0,-0.003709749220952685,0.0037097492209526633
2023-01-13,-1,235.75,237.25,237.25,stop,-1.0,-0.006362672322375307,0.006362672322375398
2023-01-17,1,238.11,237.73,237.73,stop,-1.0,-0.001595901054134763,0.0015959010541347438
2023-01-18,-1,241.22,242.38,235.8,close,4.672413793103451,0.022469115330403744,0.004808888151894522
2023-01-19,1,234.72,233.78,233.78,stop,-1.0,-0.004004771642808436,0.004004771642808443
2023-01-20,1,235.08,234.51,240.15,close,8.894736842104914,0.021567126084736987,0.0024247064828995303
2023-01-23,-1,240.0701,241.1,241.1,stop,-1.0,-0.004289996963386944,0.004289996963386935
2023-01-24,-1,241.585,242.78,242.78,stop,-1.0,-0.004946499161785578,0.004946499161785679
2023-01-25,-1,232.56,235.0,235.0,stop,-1.0,-0.01049191606467148,0.010491916064671473
2023-01-26,1,244.35,243.23,243.23,stop,-1.0,-0.004583589113975828,0.004583589113975873
2023-01-27,-1,247.94,249.36,249.36,stop,-1.0,-0.005727192062595865,0.005727192062595854
2023-01-30,1,244.595,244.16,244.16,stop,-1.0,-0.0017784500909666656,0.0017784500909667094
2023-01-31,1,243.56,243.17,243.17,stop,-1.0,-0.0016012481524060318,0.0016012481524060387
2023-02-01,-1,246.56,248.4499,248.4499,stop,-1.0,-0.0076650713822192795,0.0076650713822193845
2023-02-02,1,260.16,258.755,258.755,stop,-1.0,-0.005400522755227621,0.005400522755227666
2023-02-03,1,259.82,259.02,259.02,stop,-1.0,-0.003079054730197872,0.003079054730197873
2023-02-06,1,257.57,256.635,256.635,stop,-1.0,-0.003630081142990238,0.003630081142990264
2023-02-07,-1,260.4,261.125,261.125,stop,-1.0,-0.0027841781874040628,0.0027841781874040814
2023-02-08,1,275.85,273.1,273.1,stop,-1.0,-0.009969186151894127,0.009969186151894145
2023-02-09,-1,271.795,273.98,263.7,close,3.7048054919908555,0.029783476517228125,0.008039147151345691
2023-02-10,1,263.13,261.5,261.5,stop,-1.0,-0.0061946566336031905,0.0061946566336031446
2023-02-13,1,269.115,267.15,271.31,close,1.1170483460559582,0.00815636437954037,0.0073017111643722266
2023-02-14,-1,271.61,272.86,272.86,stop,-1.0,-0.004602186959242971,0.004602186959243032
2023-02-15,1,269.3,268.22,268.22,stop,-1.0,-0.004010397326401738,0.004010397326401723
2023-02-16,1,264.13,263.68,263.68,stop,-1.0,-0.0017037065081587643,0.0017037065081588181
2023-02-17,1,259.73,259.02,259.02,stop,-1.0,-0.0027336079775152067,0.0027336079775152518
2023-02-21,-1,254.465,254.71,254.71,stop,-1.0,-0.0009628043149352283,0.0009628043149352742
2023-02-22,-1,253.78,254.34,251.59,close,3.9107142857142656,0.00862952163291042,0.0022066356686894248
2023-02-23,-1,255.1,255.92,255.92,stop,-1.0,-0.0032144257154056444,0.0032144257154056964
2023-02-24,1,250.19,249.51,249.51,stop,-1.0,-0.0027179343698788827,0.002717934369878919
2023-02-27,-1,251.455,252.82,250.2,close,0.9194139194139499,0.004990952655544834,0.005428406673162119
2023-02-28,1,249.16,248.73,249.4,close,0.5581395348837332,0.0009632364745544297,0.0017257986835768455
2023-03-01,-1,248.72,250.93,246.4,close,1.0497737556561018,0.009327758121582486,0.008885493727886813
2023-03-02,1,246.91,245.61,251.11,close,3.2307692307692863,0.01701024664857642,0.005265076343606913
2023-03-03,-1,251.87,252.81,252.81,stop,-1.0,-0.0037320840115933063,0.0037320840115932733
2023-03-06,1,257.31,255.98,256.9,close,-0.30827067669174524,-0.0015934087287708953,0.005168862461622217
2023-03-07,1,257.06,256.05,256.05,stop,-1.0,-0.003929043803003185,0.0039290438030031545
2023-03-08,-1,253.75,254.5417,253.75,close,-0.0,-0.0,0.003119999999999967
2023-03-09,1,256.3101,255.4,255.4,stop,-1.0,-0.0035507769689917534,0.003550776968991747
2023-03-10,-1,250.61,251.85,251.85,stop,-1.0,-0.0049479270579784185,0.004947927057978455
2023-03-13,-1,246.89,248.3,248.3,stop,-1.0,-0.005711045404836357,0.005711045404836263
2023-03-14,1,257.17,256.645,256.645,stop,-1.0,-0.0020414511801533086,0.0020414511801533385
2023-03-15,1,261.63,259.21,265.47,close,1.586776859504135,0.014677215915606112,0.009249703780147597
2023-03-16,-1,264.72,265.4,265.4,stop,-1.0,-0.0025687518887880234,0.0025687518887879644
2023-03-17,1,279.02,277.39,277.39,stop,-1.0,-0.005841875134398933,0.005841875134398952
2023-03-20,-1,274.66,277.48,272.23,close,0.861702127659579,0.008847302118983547,0.010267239496104249
2023-03-21,-1,274.66,275.0,271.2600000000003,target,10.0,0.012378941236436902,0.0012378941236436867
2023-03-22,1,273.79,273.09,273.09,stop,-1.0,-0.0025567040432450394,0.0025567040432449887
2023-03-23,-1,277.4,278.61,278.61,stop,-1.0,-0.004361932227829879,0.00436193222782998
2023-03-24,1,277.22,276.81,276.81,stop,-1.0,-0.0014789697713009087,0.001478969771300862
2023-03-27,-1,279.795,281.4589,276.38,close,2.052406995612714,0.012205364641970085,0.005946853946639548
2023-03-28,-1,275.37,276.14,275.26,close,0.14285714285716394,0.000399462541308071,0.0027962377891563414
2023-03-29,1,279.44,278.41,278.41,stop,-1.0,-0.0036859433152017784,0.0036859433152017346
2023-03-30,-1,283.49,284.46,284.09,close,-0.6185567010309115,-0.002116476771667264,0.003421637447528909
2023-03-31,1,284.15,283.25,283.25,stop,-1.0,-0.0031673411930317474,0.0031673411930317696
2023-04-03,-1,285.7,286.68,286.68,stop,-1.0,-0.003430171508575386,0.0034301715085754926
2023-04-04,-1,286.61,287.76,287.76,stop,-1.0,-0.0040124210599767896,0.004012421059976893
2023-04-05,1,286.26,285.564,285.564,stop,-1.0,-0.0024313561098301406,0.002431356109830118
2023-04-06,-1,282.5,283.21,283.21,stop,-1.0,-0.0025132743362830112,0.0025132743362831136
2023-04-10,-1,288.65,289.28,289.28,stop,-1.0,-0.002182574051619701,0.0021825740516195928
2023-04-11,-1,284.43,285.98,282.87,close,1.00645161290322,0.005484653517561444,0.005449495482192495
2023-04-12,1,285.095,284.52,284.52,stop,-1.0,-0.002016871569126222,0.00201687156912624
2023-04-13,1,285.38,283.17,289.87,close,2.0316742081448194,0.015733408087462264,0.007744060550844417
2023-04-14,-1,286.8,287.1,287.1,stop,-1.0,-0.0010460251046024993,0.00104602510460255
2023-04-17,1,290.38,289.26,289.26,stop,-1.0,-0.003857014945932935,0.003857014945932931
2023-04-18,-1,290.27,291.755,288.28,close,1.340067340067334,0.006855686085368795,0.0051159265511420875
2023-04-19,1,286.62,285.6,285.6,stop,-1.0,-0.003558718861209953,0.003558718861209901
2023-04-20,1,286.0719,285.15,285.15,stop,-1.0,-0.0032226164121679224,0.003222616412167887
2023-04-21,-1,284.11,285.09,285.09,stop,-1.0,-0.0034493682024565597,0.0034493682024566586
2023-04-24,1,283.05,281.2535,281.2535,stop,-1.0,-0.006346935170464696,0.006346935170464714
2023-04-25,-1,279.35,279.99,279.99,stop,-1.0,-0.002291032754608846,0.0022910327546088647
2023-04-26,-1,294.72,297.3,297.3,stop,-1.0,-0.008754071661237761,0.00875407166123773
2023-04-27,1,297.13,295.25,304.68,close,4.015957446808526,0.02540975330663353,0.0063271968498636805
2023-04-28,-1,303.84,304.7,304.7,stop,-1.0,-0.002830437072143255,0.002830437072143278
2023-05-01,1,307.31,306.5,306.5,stop,-1.0,-0.0026357749503758132,0.002635774950375849
2023-05-02,-1,307.42,308.1741,308.1741,stop,-1.0,-0.002452995901372601,0.002452995901372695
2023-05-03,-1,306.22,306.9,306.9,stop,-1.0,-0.0022206256939454327,0.002220625693945366
2023-05-04,-1,305.87,306.5,306.5,stop,-1.0,-0.0020596985647496346,0.0020596985647497153
2023-05-05,1,305.77,304.27,310.62,close,3.2333333333333485,0.01586159531674136,0.00490564803610557
2023-05-08,-1,309.08,310.2,308.64,close,0.39285714285713924,0.0014235796557525715,0.0036236573055519754
2023-05-09,1,308.795,307.675,307.675,stop,-1.0,-0.0036270017325410464,0.003627001732541021
2023-05-10,1,309.695,308.62,308.62,stop,-1.0,-0.0034711571061850632,0.003471157106185081
2023-05-11,-1,307.58,310.26,310.26,stop,-1.0,-0.008713180310813362,0.00871318031081347
2023-05-12,-1,309.6,310.65,309.02,close,0.5523809523810153,0.0018733850129200036,0.003391472868216907
2023-05-15,-1,307.7485,309.28,309.28,stop,-1.0,-0.004976466172865068,0.004976466172865162
2023-05-16,1,312.65,309.83,311.76,close,-0.3156028368794285,-0.002846633615864347,0.009019670558132076
2023-05-17,1,312.62,312.05,312.05,stop,-1.0,-0.0018232998528564526,0.0018232998528564812
2023-05-18,-1,314.19,314.739,314.739,stop,-1.0,-0.0017473503294185289,0.0017473503294184352
2023-05-19,1,317.67,316.715,316.715,stop,-1.0,-0.003006264362388822,0.003006264362388771
2023-05-22,1,319.76,318.01,321.235,close,0.8428571428571558,0.0046128346259695086,0.005472854640980736
2023-05-23,1,321.56,320.02,320.02,stop,-1.0,-0.004789152879711489,0.004789152879711471
2023-05-24,1,314.86,313.76,313.76,stop,-1.0,-0.0034936162103792467,0.0034936162103792884
2023-05-25,-1,321.15,323.49,323.49,stop,-1.0,-0.007286314806165484,0.007286314806165443
2023-05-26,1,326.0,323.88,332.86,close,3.235849056603773,0.02104294478527602,0.006503067484662591
2023-05-30,-1,333.6,335.34,335.34,stop,-1.0,-0.0052158273381293085,0.005215827338129353
2023-05-31,1,333.28,331.45,331.45,stop,-1.0,-0.005490878540566402,0.005490878540566443
2023-06-01,1,325.94,324.72,332.63,close,5.48360655737718,0.020525250046020682,0.0037430201877645284
2023-06-02,1,335.49,334.0,334.0,stop,-1.0,-0.004441265015350693,0.004441265015350708
2023-06-05,1,336.385,335.09,335.09,stop,-1.0,-0.0038497554885028595,0.003849755488502805
2023-06-06,-1,333.19,335.37,333.67,close,-0.22018348623853976,-0.0014406194663705296,0.00654281340976622
2023-06-07,1,334.09,331.22,331.22,stop,-1.0,-0.00859049956598501,0.008590499565985057
2023-06-08,1,324.1584,323.7,323.7,stop,-1.0,-0.0014141234655649093,0.0014141234655649316
2023-06-09,1,326.76,324.41,326.81,close,0.021276595744686,0.00015301750520269053,0.007191822744521869
2023-06-12,-1,328.39,329.04,329.04,stop,-1.0,-0.0019793538171077873,0.001979353817107811
2023-06-13,1,334.575,333.72,333.72,stop,-1.0,-0.002555480833893675,0.0025554808338936305
2023-06-14,-1,334.165,335.49,335.49,stop,-1.0,-0.003965107057890549,0.003965107057890529
2023-06-15,1,337.7,337.2,342.7,target,10.0,0.014806040864672854,0.0014806040864672786
2023-06-16,-1,348.48,351.47,342.56,close,1.9799331103678923,0.016988062442607976,0.008580119375573946
2023-06-20,1,340.78,338.6,338.6,stop,-1.0,-0.006397089031046299,0.0063970890310462766
2023-06-21,-1,335.83,337.1,337.1,stop,-1.0,-0.0037816752523598396,0.00378167525235994
2023-06-22,1,334.7,333.34,339.69,close,3.6691176470587936,0.014908873618165508,0.004063340304750564
2023-06-23,1,335.905,333.62,333.62,stop,-1.0,-0.006802518569238192,0.0068025185692382325
2023-06-26,1,334.39,332.511,332.511,stop,-1.0,-0.005619187176649887,0.005619187176649907
2023-06-27,1,332.8,331.36,331.36,stop,-1.0,-0.0043269230769230616,0.00432692307692307
2023-06-28,1,336.34,334.08,334.08,stop,-1.0,-0.006719391092346982,0.006719391092347003
2023-06-29,1,335.8,334.26,334.26,stop,-1.0,-0.004586063132817175,0.004586063132817213
2023-06-30,1,339.46,337.2,340.39,close,0.41150442477876575,0.0027396453190360326,0.006657632710775912
2023-07-05,1,337.61,334.7276,338.18,close,0.19775187343879738,0.0016883386155623903,0.008537661799117378
2023-07-06,-1,335.54,338.7,338.7,stop,-1.0,-0.009417655123085122,0.00941765512308508
2023-07-07,1,339.91,338.88,338.88,stop,-1.0,-0.003030213880144794,0.003030213880144831
2023-07-10,-1,332.64,335.23,331.86,close,0.3011583011582869,0.0023448773448773164,0.007786195286195383
2023-07-11,-1,329.69,331.45,331.45,stop,-1.0,-0.0053383481452273784,0.005338348145227307
2023-07-12,1,337.09,336.28,336.28,stop,-1.0,-0.002402919101723633,0.002402919101723582
2023-07-13,1,340.4,339.02,342.67,close,1.6449275362319176,0.0066686251468861535,0.004054054054054041
2023-07-14,-1,346.785,348.91,348.91,stop,-1.0,-0.006127716020012386,0.006127716020012399
2023-07-17,1,345.95,345.62,345.62,stop,-1.0,-0.000953895071542088,0.0009538950715420844
2023-07-18,-1,344.87,345.95,345.95,stop,-1.0,-0.003131614811378247,0.0031316148113781543
2023-07-19,-1,358.85,362.46,355.01,close,1.0637119113573623,0.010700849937299806,0.010059913612930073
2023-07-20,1,355.719,353.55,353.55,stop,-1.0,-0.0060975095510782396,0.00609750955107819
2023-07-24,-1,345.63,346.92,345.16,close,0.3643410852712891,0.0013598356624134889,0.003732314903220266
2023-07-25,-1,345.49,347.3832,347.3832,stop,-1.0,-0.005479753393730524,0.005479753393730582
2023-07-26,-1,338.22,344.67,337.93,close,0.04496124031008077,0.000857430075099086,0.019070427532375343
2023-07-27,-1,340.28,340.97,340.97,stop,-1.0,-0.002027741859645049,0.002027741859645159
2023-07-28,1,334.79,333.35,333.35,stop,-1.0,-0.0043012037396577,0.004301203739657689
2023-07-31,-1,336.15,337.68,337.68,stop,-1.0,-0.004551539491298717,0.004551539491298616
2023-08-01,-1,334.915,335.63,335.63,stop,-1.0,-0.002134870041652359,0.0021348700416522846
2023-08-02,-1,332.2,333.63,327.51,close,3.2797202797202627,0.0141180012040939,0.004304635761589425
2023-08-03,1,327.27,325.95,326.64,close,-0.4772727272727263,-0.001925016041800287,0.004033366944724519
2023-08-04,1,333.955,331.68,331.68,stop,-1.0,-0.00681229506969494,0.006812295069694951
2023-08-07,1,329.44,328.37,328.37,stop,-1.0,-0.003247935891209308,0.0032479358912093042
2023-08-08,1,327.31,326.85,326.85,stop,-1.0,-0.0014053954966238846,0.001405395496623933
2023-08-09,1,326.68,325.83,325.83,stop,-1.0,-0.002601934614913759,0.0026019346149137464
2023-08-10,1,326.15,325.5,325.5,stop,-1.0,-0.001992948030047459,0.0019929480300474546
2023-08-11,-1,319.995,320.53,320.53,stop,-1.0,-0.0016719011234549441,0.0016719011234549545
2023-08-14,-1,320.65,321.63,321.63,stop,-1.0,-0.0030562919070638017,0.003056291907063834
2023-08-15,1,323.77,322.86,322.86,stop,-1.0,-0.0028106371807146147,0.002810637180714607
2023-08-16,-1,320.28,321.76,321.76,stop,-1.0,-0.004620956662920062,0.004620956662920003
2023-08-17,1,320.57,320.405,320.405,stop,-1.0,-0.0005147081760614736,0.0005147081760614545
2023-08-18,-1,313.46,315.2,315.2,stop,-1.0,-0.005550947489312952,0.005550947489312861
2023-08-21,1,318.1,317.04,321.86,close,3.5471698113207384,0.011820182332599849,0.0033322854448286773
2023-08-22,1,325.57,325.06,325.06,stop,-1.0,-0.001566483398347529,0.0015664833983474857
2023-08-23,1,324.93,323.46,327.01,close,1.4149659863945208,0.0064013787585017745,0.004524051334133589
2023-08-24,-1,329.73,332.98,319.98,close,3.0,0.029569647893731288,0.00985654929791041
2023-08-25,1,322.17,321.31,321.31,stop,-1.0,-0.002669398143837154,0.002669398143837147
2023-08-28,-1,325.43,326.15,323.74,close,2.3472222222223156,0.005193129090741433,0.0022124573641027884
2023-08-29,1,323.11,321.88,328.4,close,4.300813008129988,0.016372133329206617,0.0038067531181332
2023-08-30,1,328.98,328.03,328.03,stop,-1.0,-0.002887713538817116,0.0028877135388170874
2023-08-31,1,329.38,329.2,329.2,stop,-1.0,-0.0005464812678365183,0.0005464812678365621
2023-09-01,-1,330.45,331.99,328.66,close,1.1623376623376234,0.005416855802693132,0.0046603116961719485
2023-09-05,1,329.775,328.92,328.92,stop,-1.0,-0.002592676825107887,0.002592676825107911
2023-09-06,-1,332.45,333.86,333.86,stop,-1.0,-0.004241239284102916,0.004241239284102948
2023-09-07,-1,330.75,332.01,332.01,stop,-1.0,-0.003809523809523707,0.003809523809523782
2023-09-08,1,332.205,329.46,334.3,close,0.763205828779608,0.006306346984542799,0.008262970153971207
2023-09-11,1,337.264,336.88,336.88,stop,-1.0,-0.0011385739361450264,0.0011385739361450215
2023-09-12,-1,335.675,336.28,336.28,stop,-1.0,-0.0018023385715348894,0.0018023385715348517
2023-09-13,1,333.52,331.17,335.92,close,1.02127659574471,0.007195970256656414,0.007046054209642498
2023-09-14,-1,338.75,340.4699,340.4699,stop,-1.0,-0.005077195571955739,0.005077195571955706
2023-09-15,-1,335.43,337.3975,330.25,close,2.6327827191868254,0.015442864383030774,0.005865605342396245
2023-09-18,-1,327.79,328.45,328.45,stop,-1.0,-0.0020134842429604394,0.002013484242960335
2023-09-19,-1,325.54,326.68,326.68,stop,-1.0,-0.003501873809670153,0.0035018738096700445
2023-09-20,-1,328.22,329.59,320.75,close,5.452554744525775,0.022759124977149603,0.004174029614282943
2023-09-21,-1,319.28,320.28,320.28,stop,-1.0,-0.003132047105988578,0.0031320471059884743
2023-09-22,-1,319.13,321.45,317.01,close,0.9137931034482805,0.006643060821608815,0.007269764672703892
2023-09-25,-1,316.1,317.41,317.41,stop,-1.0,-0.0041442581461563766,0.004144258146156286
2023-09-26,-1,314.5,315.5,315.5,stop,-1.0,-0.0031796502384737746,0.003179650238473768
2023-09-27,1,313.18,312.3,312.3,stop,-1.0,-0.002809885688741298,0.0028098856887412843
2023-09-28,-1,310.385,311.26,311.26,stop,-1.0,-0.0028190795302607263,0.0028190795302608053
2023-09-29,-1,317.11,318.0,318.0,stop,-1.0,-0.0028065970798776263,0.002806597079877602
2023-10-02,1,317.07,315.18,321.81,close,2.507936507936531,0.014949380263033385,0.005960828839057578
2023-10-03,-1,320.25,321.39,313.39,close,6.017543859649207,0.021420765027322486,0.0035597189695549926
2023-10-04,1,316.56,314.0,318.95,close,0.9335937499999939,0.007549911549153299,0.008086934546373522
2023-10-05,-1,317.78,319.98,319.37,close,-0.7227272727272722,-0.005003461514255347,0.006923028510290282
2023-10-06,1,319.03,316.3,327.26,close,3.014652014652064,0.025796946995580328,0.008557188979092755
2023-10-09,-1,324.175,325.1998,325.1998,stop,-1.0,-0.003161255494717352,0.003161255494717269
2023-10-10,-1,329.72,331.1,328.39,close,0.9637681159420618,0.004033725585345316,0.004185369404343065
2023-10-11,1,331.78,330.76,330.76,stop,-1.0,-0.003074326360841484,0.003074326360841467
2023-10-12,1,331.17,329.59,329.59,stop,-1.0,-0.004770963553462071,0.004770963553462092
2023-10-13,-1,331.96,333.25,333.25,stop,-1.0,-0.0038860103626943143,0.0038860103626943625
2023-10-16,1,332.47,330.67,330.67,stop,-1.0,-0.005414022317803191,0.005414022317803144
2023-10-17,1,329.8,328.82,328.82,stop,-1.0,-0.0029714978775016165,0.002971497877501571
2023-10-18,1,335.3,332.19,332.19,stop,-1.0,-0.009275275872353106,0.009275275872353156
2023-10-19,1,334.56,332.03,332.03,stop,-1.0,-0.00756217120994751,0.007562171209947482
2023-10-20,-1,329.73,331.88,331.88,stop,-1.0,-0.006520486458617691,0.006520486458617587
2023-10-23,1,326.595,325.17,325.17,stop,-1.0,-0.004363202131079769,0.004363202131079812
2023-10-24,1,331.32,329.9,329.9,stop,-1.0,-0.004285886756006274,0.004285886756006326
2023-10-25,-1,343.55,346.2,340.68,close,1.0830188679245394,0.008353951389899583,0.007713578809489091
2023-10-26,-1,338.11,341.63,327.84,close,2.9176136363636624,0.030374730117417537,0.010410813049007666
2023-10-27,1,331.055,329.8,329.8,stop,-1.0,-0.003790910875836273,0.0037909108758363277
2023-10-30,-1,332.92,333.79,333.79,stop,-1.0,-0.002613240418118501,0.0026132404181184806
2023-10-31,-1,336.525,339.0,338.14,close,-0.6525252525252502,-0.004799049104821318,0.007354579897481682
2023-11-01,1,341.6406,339.65,346.07,close,2.2251582437455655,0.012965086702224404,0.0058265908677131144
2023-11-02,1,347.43,345.9,345.9,stop,-1.0,-0.004403764787151432,0.0044037647871514535
2023-11-03,-1,348.255,349.95,349.95,stop,-1.0,-0.004867123228668557,0.004867123228668628
2023-11-06,1,355.74,353.35,356.64,close,0.3765690376568964,0.0025299375948726333,0.006718389835272913
2023-11-07,-1,358.15,359.75,359.75,stop,-1.0,-0.004467401926567138,0.004467401926567144
2023-11-08,1,363.85,361.405,361.405,stop,-1.0,-0.00671980211625689,0.006719802116256836
2023-11-09,1,362.94,361.63,361.63,stop,-1.0,-0.003609412024025982,0.003609412024026016
2023-11-10,1,362.05,361.07,369.52,close,7.622448979591665,0.020632509321916848,0.0027068084518713387
2023-11-13,-1,367.44,368.47,366.66,close,0.7572815533980101,0.0021227955584584013,0.0028031787502722336
2023-11-14,-1,370.195,371.68,371.68,stop,-1.0,-0.0040113993976147455,0.004011399397614807
2023-11-15,1,372.605,370.96,370.96,stop,-1.0,-0.004414862924544849,0.004414862924544863
2023-11-16,1,372.21,370.18,376.2,close,1.9655172413793411,0.010719754977029039,0.005453910426909467
2023-11-17,-1,372.595,374.37,369.79,close,1.5802816901408692,0.007528281377903623,0.004763885720420234
2023-11-20,1,375.28,371.0,377.61,close,0.5443925233644991,0.006208697505862393,0.011404817736090315
2023-11-21,-1,374.9334,375.89,375.89,stop,-1.0,-0.0025513864595685387,0.0025513864595685
2023-11-22,1,379.58,377.52,377.52,stop,-1.0,-0.005427050951051116,0.005427050951051168
2023-11-27,-1,376.47,378.18,378.18,stop,-1.0,-0.004542194597179083,0.0045421945971790036
2023-11-28,1,380.13,378.16,382.7,close,1.3045685279187977,0.0067608449740876875,0.005182437587141164
2023-11-29,-1,382.96,384.3,378.86,close,3.0597014925372155,0.010706078963860333,0.003499059954042281
2023-11-30,1,378.955,377.655,377.655,stop,-1.0,-0.00343048646936972,0.0034304864693697444
2023-12-01,-1,376.42,378.16,374.44,close,1.1379310344827631,0.005260081823495133,0.0046224961479199005
2023-12-04,-1,368.06,369.3,369.3,stop,-1.0,-0.003369015921317109,0.0033690159213172013
2023-12-05,1,366.6,365.621,372.58,close,6.108273748722886,0.01631205673758851,0.0026704855428260825
2023-12-06,-1,372.67,374.18,368.81,close,2.5562913907285014,0.010357689108326462,0.004051842112324552
2023-12-07,1,370.045,368.03,368.03,stop,-1.0,-0.005445283681714486,0.005445283681714503
2023-12-08,-1,368.65,370.21,370.21,stop,-1.0,-0.004231656042316567,0.004231656042316567
2023-12-11,1,368.63,366.1,371.3,close,1.0553359683794643,0.007243035021566424,0.006863250413693874
2023-12-12,1,371.31,370.7,370.7,stop,-1.0,-0.0016428321348738173,0.0016428321348738617
2023-12-13,1,376.73,375.8,375.8,stop,-1.0,-0.0024686114724072894,0.0024686114724073124
2023-12-14,-1,371.985,373.76,365.95,close,3.4000000000000576,0.016223772463943464,0.004771697783512715
2023-12-15,1,367.96,366.28,368.77,close,0.48214285714285654,0.002201326231112022,0.004565713664528772
2023-12-18,1,371.02,368.68,372.59,close,0.6709401709401752,0.004231577812516818,0.0063069376313944665
2023-12-19,1,372.1292,371.49,371.49,stop,-1.0,-0.0017176829982705755,0.0017176829982705377
2023-12-20,-1,373.17,375.25,375.25,stop,-1.0,-0.005573867138301436,0.005573867138301536
2023-12-21,1,373.57,372.1,372.1,stop,-1.0,-0.003935005487592624,0.003935005487592608
2023-12-22,-1,373.21,374.02,374.02,stop,-1.0,-0.0021703598510223188,0.002170359851022219
2023-12-26,1,375.215,374.57,374.57,stop,-1.0,-0.0017190144317257294,0.0017190144317257622
2023-12-27,1,374.71,373.69,373.69,stop,-1.0,-0.002722105094606464,0.002722105094606447
2023-12-28,1,375.73,375.12,375.12,stop,-1.0,-0.001623506241183903,0.001623506241183865
2024-01-02,-1,371.42,375.9,370.73,close,0.15401785714285796,0.0018577351785040719,0.012061816811157077
2024-01-03,1,372.05,368.51,370.6,close,-0.4096045197740057,-0.0038973256282757163,0.009514850154549174
2024-01-04,1,371.8,370.5,370.5,stop,-1.0,-0.0034965034965035446,0.003496503496503527
2024-01-05,1,369.62,368.79,368.79,stop,-1.0,-0.002245549483253062,0.0022455494832530278
2024-01-08,1,369.7681,369.01,374.67,close,6.466033504814572,0.013256687096588449,0.0020502038980647953
2024-01-09,1,372.7,371.75,371.75,stop,-1.0,-0.0025489669975851115,0.0025489669975851587
2024-01-10,1,378.37,376.32,382.77,close,2.146341463414611,0.011628828924068912,0.005417977112350375
2024-01-11,1,388.57,385.95,385.95,stop,-1.0,-0.006742671848058324,0.006742671848058277
2024-01-12,1,385.88,384.98,384.98,stop,-1.0,-0.002332331294703005,0.0023323312947029578
2024-01-16,-1,393.45,394.03,387.65000000000015,target,10.0,0.01474139026559873,0.0014741390265598782
2024-01-17,-1,386.07,388.55,388.55,stop,-1.0,-0.006423705545626435,0.006423705545626488
2024-01-18,-1,391.46,392.42,392.42,stop,-1.0,-0.002452357839881625,0.0024523578398815624
2024-01-19,-1,394.21,395.85,395.85,stop,-1.0,-0.004160219172522295,0.004160219172522369
2024-01-22,-1,397.84,400.62,396.5,close,0.48201438848919453,0.0033681882163683063,0.006987733762316584
2024-01-23,-1,394.46,395.97,395.97,stop,-1.0,-0.0038280180499925542,0.003828018049992516
2024-01-24,-1,401.105,402.39,402.39,stop,-1.0,-0.003203649917103979,0.003203649917103921
2024-01-25,-1,404.11,404.81,404.81,stop,-1.0,-0.0017322016282694808,0.0017322016282695024
2024-01-26,-1,403.93,404.6,404.6,stop,-1.0,-0.0016587032406605307,0.00165870324066055
2024-01-29,-1,404.77,406.06,406.06,stop,-1.0,-0.0031869950836278527,0.0031869950836277898
2024-01-30,-1,410.795,413.05,408.6,close,0.9733924611973381,0.005343297751919995,0.005489356004819911
2024-01-31,1,413.9,406.76,406.76,stop,-1.0,-0.01725054360956746,0.017250543609567497
2024-02-01,1,405.26,401.8,403.8,close,-0.4219653179190717,-0.0036026254750036735,0.00853772886541968
2024-02-02,1,408.225,403.56,411.11,close,0.6184351554126427,0.007067181088860286,0.01142752158735996
2024-02-05,-1,409.8,411.16,405.58,close,3.102941176470577,0.010297706198145518,0.0033186920448999846
2024-02-06,1,407.88,405.66,405.66,stop,-1.0,-0.0054427772874373614,0.005442777287437409
2024-02-07,1,408.445,407.4,414.06,close,5.373205741626721,0.01374726095312706,0.0025584840064146112
2024-02-09,1,415.75,415.09,420.59,close,7.333333333333018,0.011641611545399888,0.0015874924834636801
2024-02-12,-1,418.51,420.74,415.25,close,1.461883408071733,0.00778953907911395,0.005328427038780479
2024-02-13,1,406.2,403.39,406.55,close,0.12455516014235675,0.0008616445100935177,0.006917774495322507
2024-02-14,-1,407.64,408.77,408.77,stop,-1.0,-0.0027720537729369887,0.002772053772936894
2024-02-15,1,408.25,407.2,407.2,stop,-1.0,-0.0025719534598898086,0.0025719534598898012
2024-02-16,-1,406.79,408.29,404.06,close,1.820000000000012,0.006711079426731326,0.0036874062784237565
2024-02-20,-1,402.66,404.49,402.93,close,-0.14754098360654871,-0.0006705409029950093,0.004544777231411076
2024-02-21,-1,398.9984,400.49,400.49,stop,-1.0,-0.0037383608555823233,0.003738360855582392
2024-02-22,-1,409.1,410.6,410.6,stop,-1.0,-0.0036665851869959187,0.003666585186995844
2024-02-23,-1,415.38,415.86,410.5799999999998,target,10.0,0.011555683952044316,0.001155568395204435
2024-02-26,-1,410.88,412.16,407.48,close,2.656249999999921,0.00827492211837999,0.00311526479750786
2024-02-27,-1,407.55,408.32,407.55,close,-0.0,-0.0,0.0018893387314439499
2024-02-28,-1,407.62,409.3,407.74,close,-0.07142857142857384,-0.00029439183553314763,0.00412148569746334
2024-02-29,-1,408.09,409.06,409.06,stop,-1.0,-0.002376926658335332,0.002376926658335238
2024-03-01,1,413.435,410.88,415.56,close,0.8317025440313089,0.005139864791321447,0.006179931549094795
2024-03-04,-1,412.79,414.09,414.09,stop,-1.0,-0.0031493010974101843,0.003149301097410195
2024-03-05,-1,409.86,414.25,402.85,close,1.5968109339407774,0.0171034011613721,0.010710974479090387
2024-03-06,-1,402.4,404.46,404.46,stop,-1.0,-0.005119284294234694,0.0051192842942345985
2024-03-07,-1,403.7779,406.76,406.76,stop,-1.0,-0.0073854958381822655,0.007385495838182334
2024-03-08,-1,407.7,408.4,408.4,stop,-1.0,-0.0017169487368162706,0.0017169487368162587
2024-03-11,-1,402.66,404.35,404.35,stop,-1.0,-0.004197089355784112,0.00419708935578403
2024-03-12,1,408.435,407.62,407.62,stop,-1.0,-0.0019954215481043924,0.001995421548104344
2024-03-13,-1,415.66,418.18,415.23,close,0.17063492063492458,0.001034499350430651,0.006062647356012081
2024-03-14,1,420.7236,417.99,425.49,close,1.7436347673398047,0.011329053088536156,0.006497377375550046
2024-03-15,1,420.705,418.99,418.99,stop,-1.0,-0.004076490652594966,0.00407649065259499
2024-03-18,1,416.95,413.78,417.37,close,0.13249211356467314,0.0010073150257825514,0.007602830075548665
2024-03-19,-1,417.075,418.34,418.34,stop,-1.0,-0.0030330276329197936,0.003033027632919706
2024-03-20,-1,421.3,422.82,422.82,stop,-1.0,-0.003607880370282368,0.0036078803702824158
2024-03-21,1,430.7499,427.64,427.64,stop,-1.0,-0.007219734699880465,0.007219734699880461
2024-03-22,-1,428.185,429.7,429.7,stop,-1.0,-0.0035381902682252164,0.0035381902682251514
2024-03-25,-1,424.63,427.41,422.89,close,0.6258992805755362,0.00409768504344965,0.0065468761039022905
2024-03-26,-1,424.615,425.99,421.88,close,1.989090909090919,0.006441129022761838,0.003238227570858307
2024-03-27,-1,422.865,424.45,421.48,close,0.873817034700321,0.0032752769796506875,0.0037482411644377744
2024-03-28,-1,419.5,421.15,421.15,stop,-1.0,-0.0039332538736591705,0.003933253873659064
2024-04-01,1,426.44,422.47,422.47,stop,-1.0,-0.009309633242660098,0.009309633242660095
2024-04-02,1,420.32,419.99,419.99,stop,-1.0,-0.0007851161020174802,0.0007851161020174726
2024-04-03,-1,419.61,420.074,420.074,stop,-1.0,-0.001105788708562816,0.0011057887085627097
2024-04-04,1,425.29,423.32,423.32,stop,-1.0,-0.004632133367819646,0.00463213336781967
2024-04-05,-1,418.98,420.31,420.31,stop,-1.0,-0.0031743758651963105,0.003174375865196391
2024-04-08,-1,423.71,425.89,425.89,stop,-1.0,-0.005145028439262678,0.005145028439262719
2024-04-09,-1,424.72,426.855,426.855,stop,-1.0,-0.005026841213034539,0.005026841213034448
2024-04-10,-1,420.6,424.03,423.13,close,-0.7376093294460669,-0.0060152163575843964,0.008155016642890988
2024-04-11,-1,425.65,426.8,426.8,stop,-1.0,-0.002701750264301639,0.0027017502643017365
2024-04-12,-1,423.63,424.29,424.29,stop,-1.0,-0.0015579633170454965,0.001557963317045594
2024-04-15,-1,423.855,426.6,426.6,stop,-1.0,-0.006476271366387065,0.006476271366387101
2024-04-16,-1,414.48,415.34,415.34,stop,-1.0,-0.002074889017564141,0.0020748890175640725
2024-04-17,1,417.875,417.12,417.12,stop,-1.0,-0.0018067603948549449,0.0018067603948549098
2024-04-18,-1,409.58,411.5,411.5,stop,-1.0,-0.004687728893012499,0.004687728893012394
2024-04-19,1,403.97,403.13,403.13,stop,-1.0,-0.0020793623288858365,0.002079362328885887
2024-04-22,1,401.0,398.37,398.37,stop,-1.0,-0.006558603491271797,0.006558603491271809
2024-04-23,-1,403.75,405.17,405.17,stop,-1.0,-0.003517027863777056,0.003517027863777129
2024-04-24,-1,409.49,410.18,410.18,stop,-1.0,-0.001685022833280314,0.0016850228332804165
2024-04-25,-1,391.11,395.0,395.0,stop,-1.0,-0.009946050983099308,0.009946050983099348
2024-04-26,-1,410.356,413.0,406.14,close,1.5945537065052948,0.01027400598504713,0.006443185916618755
2024-04-29,-1,402.95,406.32,402.21,close,0.21958456973294008,0.0018364561359970333,0.008363320511229693
2024-04-30,-1,400.3,402.16,389.2,close,5.967741935483839,0.02772920309767679,0.004646515113664785
2024-05-01,-1,391.13,392.61,392.61,stop,-1.0,-0.0037839081635262506,0.0037839081635262397
2024-05-02,-1,396.855,399.93,397.94,close,-0.3528455284552792,-0.002733996043895015,0.007748421967721179
2024-05-03,1,404.2,401.86,406.84,close,1.1282051282051344,0.00653142008906471,0.005789213260761937
2024-05-06,-1,407.6,408.88,408.88,stop,-1.0,-0.003140333660451411,0.003140333660451356
2024-05-07,-1,413.66,414.67,409.17,close,4.445544554455495,0.010854324807813232,0.002441618720688466
2024-05-08,1,408.12,406.7132,410.47,close,1.670457776514052,0.005758110359698199,0.0034470253846908567
2024-05-09,-1,410.44,411.33,411.33,stop,-1.0,-0.002168404638924093,0.0021684046389240483
2024-05-10,1,414.3931,411.8,414.64,close,0.0952142223593317,0.0005958110789006099,0.0062575848873931365
2024-05-13,-1,413.92,418.348,413.75,close,0.03839205058717616,0.00041070738306925314,0.010697719366061068
2024-05-14,1,412.765,411.55,416.42,close,3.0082304526749835,0.00885491744697342,0.002943563528884414
2024-05-15,1,419.29,417.59,417.59,stop,-1.0,-0.004054473037754414,0.0040544730377544075
2024-05-16,1,423.815,421.77,421.77,stop,-1.0,-0.00482521855054685,0.004825218550546856
2024-05-17,-1,419.94,422.92,420.24,close,-0.10067114093960051,-0.0007143877696813572,0.007096251845501782
2024-05-20,1,422.72,419.99,425.43,close,0.9926739926739786,0.006410862982588972,0.006458175624526916
2024-05-21,-1,426.49,427.01,427.01,stop,-1.0,-0.0012192548477103493,0.0012192548477103374
2024-05-22,1,431.9055,430.03,430.03,stop,-1.0,-0.004342385081921973,0.0043423850819219595
2024-05-23,-1,431.97,433.6,427.15,close,2.9570552147239653,0.011158182281177043,0.0037734101905224793
2024-05-24,-1,425.5,427.41,427.41,stop,-1.0,-0.0044888366627497955,0.004488836662749765
2024-05-28,-1,428.23,430.0,430.0,stop,-1.0,-0.004133292856642434,0.004133292856642416
2024-05-29,1,427.8,425.69,429.51,close,0.8104265402843452,0.0039971949509116644,0.004932211313698021
2024-05-30,-1,421.46,424.3,414.64,close,2.401408450704196,0.016181844065866313,0.006738480520096882
2024-05-31,-1,414.78,416.75,415.3075,close,-0.26776649746194137,-0.001271758522590316,0.004749505762090813
2024-06-03,-1,414.72,416.3799,416.3799,stop,-1.0,-0.004002459490740629,0.004002459490740724
2024-06-04,-1,410.27,412.53,412.53,stop,-1.0,-0.0055085675287005476,0.00550856752870059
2024-06-05,1,417.94,417.45,417.45,stop,-1.0,-0.0011724170933626876,0.0011724170933627054
2024-06-06,1,424.4,422.59,422.59,stop,-1.0,-0.004264844486333685,0.004264844486333653
2024-06-07,-1,424.555,426.2,426.2,stop,-1.0,-0.0038746452167564005,0.0038746452167563255
2024-06-10,1,424.92,423.89,427.87,close,2.8640776699028194,0.006942483290972357,0.0024239856914243375
2024-06-11,1,426.91,425.25,432.65,close,3.457831325301124,0.013445456887868579,0.0038884073926589327
2024-06-12,1,436.0866,433.25,441.0,close,1.7321441161954685,0.011267028154499537,0.006504671319870815
2024-06-13,-1,439.83,441.68,441.68,stop,-1.0,-0.004206170565900447,0.0042061705659005135
2024-06-14,1,439.29,436.721,442.55,close,1.2689762553522652,0.007421065810740091,0.005848073026929856
2024-06-17,1,442.535,441.85,441.85,stop,-1.0,-0.0015479001660885228,0.001547900166088563
2024-06-18,-1,448.57,450.14,446.42,close,1.3694267515923482,0.0047930088949327265,0.003500011146532299
2024-06-20,-1,443.005,446.53,445.785,close,-0.788652482269517,-0.006275324206273192,0.007957020801119576
2024-06-21,1,449.81,446.7,446.7,stop,-1.0,-0.006914030368377788,0.00691403036837779
2024-06-24,-1,449.37,450.11,450.11,stop,-1.0,-0.0016467498942964731,0.0016467498942964796
2024-06-25,-1,447.58,449.0,449.0,stop,-1.0,-0.003172617185754456,0.0031726171857545376
2024-06-26,-1,448.98,449.64,449.64,stop,-1.0,-0.0014699986636375062,0.0014699986636375075
2024-06-27,1,454.275,451.77,453.03,close,-0.4970059880239548,-0.002740630675251765,0.00551428099719332
2024-06-28,-1,452.16,453.179,453.179,stop,-1.0,-0.0022536270346777965,0.0022536270346778763
2024-07-01,-1,446.9,448.68,448.68,stop,-1.0,-0.003982993958379977,0.0039829939583800175
2024-07-02,1,454.06,453.113,459.42,close,5.6599788806758164,0.011804607320618388,0.002085627450116731
2024-07-05,1,461.87,458.965,467.39,close,1.9001721170395613,0.011951414900296609,0.006289648602420659
2024-07-08,-1,465.29,467.08,467.08,stop,-1.0,-0.003847063121923844,0.003847063121923883
2024-07-09,-1,466.175,467.33,459.53,close,5.7532467532469225,0.014254303641336508,0.002477610339464735
2024-07-10,-1,459.25,461.235,461.235,stop,-1.0,-0.004322264561785527,0.00432226456178555
2024-07-11,1,464.1124,462.25,462.25,stop,-1.0,-0.004012821032146507,0.00401282103214648
2024-07-12,-1,451.535,454.39,454.39,stop,-1.0,-0.00632287641046636,0.006322876410466434
2024-07-15,1,454.73,452.25,452.25,stop,-1.0,-0.005453785762980279,0.00545378576298027
2024-07-16,-1,453.88,454.3,449.67999999999984,target,10.0,0.009253547193091016,0.0009253547193091036
2024-07-17,-1,441.815,443.63,443.63,stop,-1.0,-0.0041080542761109395,0.004108054276111037
2024-07-18,-1,443.12,444.65,440.43,close,1.7581699346405528,0.0060705903592706,0.003452789312150146
2024-07-19,1,436.94,432.0,437.09,close,0.03036437246963104,0.00034329656245701834,0.011305900123586758
2024-07-22,-1,440.7,442.03,442.03,stop,-1.0,-0.0030179260267755303,0.003017926026775548
2024-07-23,1,443.86,443.23,443.23,stop,-1.0,-0.001419366466903993,0.0014193664669039684
2024-07-24,-1,438.91,441.48,428.94,close,3.8793774319066356,0.02271536305848587,0.0058554145496798726
2024-07-25,-1,428.89,429.8,419.78999999999974,target,10.0,0.021217561612535296,0.002121756161253527
2024-07-26,1,420.36,417.27,425.49,close,1.660194174757263,0.012203825292606219,0.0073508421353126645
2024-07-29,-1,427.235,432.15,426.8,close,0.08850457782299197,0.001018175009069977,0.011504207286387968
2024-07-30,-1,426.575,428.01,428.01,stop,-1.0,-0.0033640039852311787,0.0033640039852312073
2024-07-31,-1,416.24,421.775,418.36,close,-0.3830171635049714,-0.005093215452623534,0.013297616759561714
2024-08-01,-1,418.89,421.34,421.34,stop,-1.0,-0.00584879085201373,0.0058487908520136285
2024-08-02,-1,411.585,415.0,408.49,close,0.9062957540263402,0.007519710387890677,0.008297192560467511
2024-08-05,1,389.965,385.58,395.23,close,1.2006841505131252,0.013501211647199307,0.011244598874257924
2024-08-06,1,401.015,398.5,399.43,close,-0.6302186878727587,-0.003952470605837588,0.006271585850903299
2024-08-07,-1,407.99,409.32,409.32,stop,-1.0,-0.0032598838206818748,0.0032598838206818405
2024-08-08,1,402.81,401.0381,401.0381,stop,-1.0,-0.00439884809215263,0.004398848092152669
2024-08-09,1,405.08,403.12,403.12,stop,-1.0,-0.004838550409795528,0.004838550409795545
2024-08-12,1,407.76,407.0,407.0,stop,-1.0,-0.0018638414753776589,0.0018638414753776509
2024-08-13,1,412.36,409.57,413.96,close,0.5734767025089441,0.003880104762828518,0.006765932680182414
2024-08-14,1,415.17,414.58,414.58,stop,-1.0,-0.0014211046077511336,0.0014211046077511184
2024-08-15,-1,418.81,420.43,420.43,stop,-1.0,-0.0038681024808386866,0.0038681024808385773
2024-08-16,-1,420.015,421.34,418.54,close,1.113207547169795,0.0035117793412139386,0.003154649238717638
2024-08-19,-1,418.54,419.87,419.87,stop,-1.0,-0.0031777130023413758,0.0031777130023414348
2024-08-20,1,422.83,421.64,424.87,close,1.7142857142857348,0.004824634013669948,0.002814369841307376
2024-08-21,-1,422.89,424.15,424.15,stop,-1.0,-0.00297949821466581,0.002979498214665731
2024-08-22,1,426.2964,424.06,424.06,stop,-1.0,-0.005246115144298624,0.005246115144298669
2024-08-23,1,417.29,416.65,416.65,stop,-1.0,-0.0015337055764577112,0.001533705576457723
2024-08-26,1,417.015,414.71,414.71,stop,-1.0,-0.005527379111063158,0.005527379111063168
2024-08-27,-1,410.97,413.12,413.12,stop,-1.0,-0.0052315254154804425,0.005231525415480393
2024-08-28,-1,413.145,415.0,410.61,close,1.3665768194069776,0.006135860291180961,0.004489949049365279
2024-08-29,1,416.475,414.495,414.495,stop,-1.0,-0.004754186925985948,0.004754186925985997
2024-08-30,1,415.75,415.0,415.0,stop,-1.0,-0.0018039687312086938,0.0018039687312086591
2024-09-03,-1,416.4,418.02,418.02,stop,-1.0,-0.0038904899135445703,0.0038904899135446796
2024-09-04,1,406.48,404.37,408.8,close,1.0995260663507005,0.005707537886242786,0.005190907301712295
2024-09-05,1,410.34,407.62,407.62,stop,-1.0,-0.006628649412682042,0.006628649412682095
2024-09-06,1,409.35,408.77,408.77,stop,-1.0,-0.0014168804201784013,0.0014168804201784315
2024-09-09,-1,406.79,408.5,408.5,stop,-1.0,-0.00420364315740307,0.004203643157403032
2024-09-10,1,413.13,407.7,414.23,close,0.20257826887661534,0.0026626001500738017,0.013143562559000815
2024-09-11,-1,415.41,417.01,417.01,stop,-1.0,-0.00385161647528931,0.0038516164752893907
2024-09-12,-1,422.51,424.01,424.01,stop,-1.0,-0.003550211829305816,0.003550211829305815
2024-09-13,1,426.68,425.46,430.57,close,3.188524590163852,0.009116902596793874,0.002859285647323585
2024-09-16,-1,429.8,431.235,431.235,stop,-1.0,-0.003338762214983637,0.0033387622149837187
2024-09-17,-1,438.3899,440.23,440.23,stop,-1.0,-0.004197405095327289,0.004197405095327257
2024-09-18,-1,433.23,435.78,435.78,stop,-1.0,-0.0058860189737550694,0.005886018973755175
2024-09-19,-1,440.94,441.5,438.68,close,4.035714285714253,0.0051254138885108436,0.0012700140608699647
2024-09-20,1,438.13,436.83,436.83,stop,-1.0,-0.0029671558669801534,0.002967155866980146
2024-09-23,-1,431.46,434.68,434.68,stop,-1.0,-0.007463032494321675,0.007463032494321669
2024-09-24,-1,431.95,433.35,429.305,close,1.8892857142856552,0.00612339391133232,0.0032411158698924278
2024-09-25,1,430.99,428.57,432.04,close,0.433884297520663,0.0024362514211466735,0.005614979465880915
2024-09-26,-1,431.605,435.3,431.31,close,0.07983761840325208,0.0006834953255870913,0.008561068569641207
2024-09-27,-1,431.07,431.57,431.57,stop,-1.0,-0.0011599044238754797,0.0011599044238754727
2024-09-30,1,428.67,426.33,426.33,stop,-1.0,-0.005458744488767708,0.005458744488767657
2024-10-01,-1,426.07,428.48,420.73,close,2.2157676348547386,0.012533151829511535,0.005656347548524949
2024-10-02,-1,418.92,422.82,417.12,close,0.46153846153846717,0.004296763105127499,0.009309653394442799
2024-10-03,-1,417.55,418.12,418.12,stop,-1.0,-0.001365105975332348,0.001365105975332279
2024-10-04,1,418.99,417.2,417.2,stop,-1.0,-0.00427217833361182,0.00427217833361183
2024-10-07,1,416.315,414.895,414.895,stop,-1.0,-0.003410878781691773,0.003410878781691786
2024-10-08,-1,410.75,412.17,412.17,stop,-1.0,-0.003457090687766229,0.00345709068776632
2024-10-09,-1,415.27,416.0,416.0,stop,-1.0,-0.0017578924555108344,0.0017578924555109164
2024-10-10,-1,414.75,416.25,416.25,stop,-1.0,-0.003616636528029016,0.003616636528028933
2024-10-11,-1,414.125,416.135,416.135,stop,-1.0,-0.004853607002716531,0.0048536070027165494
2024-10-14,1,418.265,417.52,419.11,close,1.1342281879194929,0.0020202503197734867,0.001781167441693674
2024-10-15,-1,421.56,422.48,418.78,close,3.0217391304347623,0.006594553562956684,0.002182370243856191
2024-10-16,-1,414.76,415.84,415.84,stop,-1.0,-0.0026039155174075734,0.002603915517407619
2024-10-17,-1,419.5931,422.5,416.72,close,0.9883724930338017,0.006847348061729264,0.006927902293912858
2024-10-18,1,417.47,416.7,416.7,stop,-1.0,-0.00184444391213745,0.0018444439121374915
2024-10-21,-1,416.14,417.415,417.415,stop,-1.0,-0.0030638727351373074,0.0030638727351372957
2024-10-22,1,420.69,418.04,427.46,close,2.5547169811320907,0.016092609760155918,0.0062991751646104665
2024-10-23,-1,426.71,431.08,424.62,close,0.4782608695652112,0.00489794005296329,0.010241147383468877
2024-10-24,-1,424.83,425.9782,424.68,close,0.13063926145268523,0.00035308240943432434,0.0027027281500836362
2024-10-25,1,428.34,426.565,428.32,close,-0.011267605633792713,-4.669188028194604e-05,0.00414390437502913
2024-10-28,-1,430.765,431.94,426.71,close,3.4510638297872065,0.00941348531101649,0.002727705361391969
2024-10-29,-1,426.42,428.12,428.12,stop,-1.0,-0.00398667979925893,0.003986679799258919
2024-10-30,-1,435.825,438.5,433.63,close,0.8205607476635454,0.005036425170653391,0.00613778466127462
2024-10-31,-1,410.19,416.16,406.31,close,0.649916247906194,0.009459031180672373,0.01455423096613771
2024-11-01,1,409.56,407.5,410.01,close,0.2184466019417418,0.001098740111338925,0.0050297880652407515
2024-11-04,-1,406.52,410.22,410.22,stop,-1.0,-0.009101643215586153,0.00910164321558606
2024-11-05,1,410.1444,408.08,411.48,close,0.6469676419298475,0.003256414082454917,0.005033349230173652
2024-11-06,1,414.12,410.52,420.21,close,1.691666666666649,0.014705882352941124,0.008693132425384002
2024-11-07,-1,420.4,422.15,422.15,stop,-1.0,-0.004162702188392098,0.004162702188392008
2024-11-08,1,425.25,424.38,424.38,stop,-1.0,-0.002045855379188777,0.002045855379188723
2024-11-11,1,423.555,422.14,422.14,stop,-1.0,-0.003340770384011593,0.00334077038401157
2024-11-12,1,419.76,417.2,423.13,close,1.3164062500000007,0.008028397179340674,0.006098723079855161
2024-11-13,-1,421.11,422.47,422.47,stop,-1.0,-0.003229559972453888,0.0032295599724537854
2024-11-14,1,427.11,424.42,424.42,stop,-1.0,-0.0062981433354405425,0.006298143335440513
2024-11-15,1,420.975,419.54,419.54,stop,-1.0,-0.003408753488924554,0.0034087534889245255
2024-11-18,-1,414.9183,415.2853,415.2853,stop,-1.0,-0.0008845114809350463,0.0008845114809349664
2024-11-19,-1,412.135,413.86,413.86,stop,-1.0,-0.004185521734383135,0.004185521734383206
2024-11-20,-1,416.77,417.29,411.5699999999996,target,10.0,0.012476905727380583,0.0012476905727380537
2024-11-21,-1,417.45,419.78,412.8,close,1.9957081545064417,0.011139058569888505,0.00558150676727748
2024-11-22,1,412.68,411.06,417.02,close,2.6790123456789896,0.010516623049336093,0.00392555975574296
2024-11-25,1,418.74,416.6101,416.6101,stop,-1.0,-0.005086449825667527,0.005086449825667527
2024-11-26,1,421.2,418.85,427.65,close,2.744680851063865,0.015313390313390185,0.005579297245963832
2024-11-27,1,426.235,424.1,424.1,stop,-1.0,-0.0050089739228359464,0.0050089739228359725
2024-12-02,1,424.6887,421.31,430.97,close,1.859087814840051,0.014790362917591171,0.00795570967628755
2024-12-03,1,430.05,428.6,428.6,stop,-1.0,-0.003371700965004054,0.003371700965004043
2024-12-04,1,435.39,432.63,437.33,close,0.7028985507246391,0.004455775281931196,0.006339144215530883
2024-12-05,1,439.3181,437.8682,437.8682,stop,-1.0,-0.003300342052831473,0.003300342052831453
2024-12-06,1,443.01,442.0,442.0,stop,-1.0,-0.0022798582424775615,0.002279858242477576
2024-12-09,1,442.8329,442.07,442.07,stop,-1.0,-0.001722771727213579,0.0017227717272135876
2024-12-10,1,447.16,443.87,443.87,stop,-1.0,-0.0073575453976205685,0.007357545397620584
2024-12-11,1,445.9044,444.05,444.05,stop,-1.0,-0.00415873895839558,0.004158738958395562
2024-12-12,1,453.1,449.11,449.38,close,-0.9323308270676739,-0.008210108143897665,0.008806003089825666
2024-12-13,1,449.38,447.9,447.9,stop,-1.0,-0.0032934264987316553,0.003293426498731626
2024-12-16,1,448.275,446.42,446.42,stop,-1.0,-0.004138084880932369,0.004138084880932378
2024-12-17,-1,450.26,452.085,452.085,stop,-1.0,-0.00405321369875189,0.004053213698751807
2024-12-18,-1,448.505,452.32,452.32,stop,-1.0,-0.008506036721998678,0.008506036721998634
2024-12-19,1,441.95,440.98,440.98,stop,-1.0,-0.002194818418373101,0.002194818418373052
2024-12-20,-1,429.81,433.205,433.205,stop,-1.0,-0.007898839021893256,0.007898839021893353
2024-12-23,-1,436.61,437.5,437.5,stop,-1.0,-0.0020384324683355715,0.002038432468335554
2024-12-26,1,439.55,438.44,438.44,stop,-1.0,-0.002525309976112,0.0025253099761119637
2024-12-27,-1,432.24,435.22,430.7,close,0.5167785234899366,0.003562835461780489,0.006894317971497358
2024-12-30,-1,423.8,426.11,426.11,stop,-1.0,-0.005450684285040142,0.005450684285040118
2024-12-31,1,426.4,424.9,424.9,stop,-1.0,-0.0035178236397748197,0.0035178236397748596
2025-01-02,-1,423.82,426.07,418.69,close,2.279999999999998,0.012104195177197852,0.0053088575338587135
2025-01-03,1,421.63,420.52,420.52,stop,-1.0,-0.0026326399924104793,0.0026326399924104394
2025-01-06,-1,427.885,428.91,428.91,stop,-1.0,-0.0023955034647160645,0.0023955034647160666
2025-01-07,-1,427.542,430.405,430.405,stop,-1.0,-0.006696418129680914,0.006696418129680826
2025-01-08,1,424.01,422.79,422.79,stop,-1.0,-0.002877290629937912,0.0028772906299379037
2025-01-10,-1,421.76,424.71,418.91,close,0.9661016949152464,0.006757397572078827,0.006994499241274632
2025-01-13,1,417.1243,415.0,415.0,stop,-1.0,-0.00509272655656845,0.005092726556568402
2025-01-14,1,418.32,416.7266,416.7266,stop,-1.0,-0.003809045706635983,0.0038090457066360063
2025-01-15,1,421.3779,418.265,426.26,close,1.5683446304089246,0.011586037141482652,0.007387430617505153
2025-01-16,-1,426.765,429.49,424.54,close,0.8165137614678706,0.005213642168406474,0.006385247150070936
2025-01-17,-1,431.35,434.48,428.91,close,0.7795527156549524,0.005656659325373847,0.007256288396893463
2025-01-21,-1,429.19,430.79,430.79,stop,-1.0,-0.0037279526550013653,0.0037279526550013345
2025-01-22,-1,437.42,438.74,438.74,stop,-1.0,-0.0030176946641671254,0.003017694664167146
2025-01-23,1,442.64,441.5048,446.7,close,3.5764622973925397,0.009172239291523665,0.002564612326043732
2025-01-24,-1,442.759,445.5,445.5,stop,-1.0,-0.006190726783645184,0.006190726783645246
2025-01-27,1,424.67,423.5,434.57,close,8.461538461538327,0.02331221889938062,0.0027550804153813925
2025-01-28,-1,433.52,434.6,434.6,stop,-1.0,-0.0024912345451191253,0.00249123454511912
2025-01-29,-1,442.8238,446.88,441.77,close,0.2597998126325197,0.0023797275575523358,0.009159850938454504
2025-01-30,-1,416.5,419.56,419.56,stop,-1.0,-0.007346938775510292,0.00734693877551021
2025-01-31,-1,417.02,419.75,419.75,stop,-1.0,-0.006546448611577382,0.006546448611577427
2025-02-03,1,413.03,409.12,409.12,stop,-1.0,-0.00946662470038484,0.009466624700384884
2025-02-04,-1,410.57,412.88,412.88,stop,-1.0,-0.005626324378303238,0.00562632437830334
2025-02-05,1,412.755,410.83,410.83,stop,-1.0,-0.004663783600440952,0.004663783600440967
2025-02-06,1,415.41,414.0,415.91,close,0.35460992907800787,0.0012036301485278678,0.003394237018848908
2025-02-07,1,418.175,415.46,415.46,stop,-1.0,-0.0064924971602798864,0.006492497160279863
2025-02-10,-1,412.38,414.1889,414.1889,stop,-1.0,-0.004386488190503801,0.0043864881905038905
2025-02-11,1,410.62,409.3,411.55,close,0.7045454545454634,0.0022648677609469203,0.0032146510155374635
2025-02-12,-1,407.17,408.85,408.85,stop,-1.0,-0.004126040720092261,0.004126040720092362
2025-02-13,1,408.64,406.36,410.52,close,0.8245614035087798,0.004600626468284963,0.005579483163664773
2025-02-14,1,408.545,406.17,406.17,stop,-1.0,-0.005813313098924189,0.005813313098924231
2025-02-18,1,410.1145,407.73,407.73,stop,-1.0,-0.005814229928471248,0.005814229928471202
2025-02-19,1,408.6,407.65,414.82,close,6.547368421052287,0.01522271169848266,0.002325012236906621
2025-02-20,-1,414.23,415.53,415.53,stop,-1.0,-0.003138353088863566,0.003138353088863565
2025-02-21,-1,416.41,418.048,408.14,close,5.048840048840144,0.01986023390408498,0.003933623111836836
2025-02-24,-1,406.2099,409.37,404.09,close,0.6708332014809751,0.005218730513461223,0.007779475586390188
2025-02-25,-1,400.655,401.915,397.91,close,2.1785714285713045,0.0068512810273176905,0.0031448503076213895
2025-02-26,-1,395.89,398.01,398.01,stop,-1.0,-0.005355022859885317,0.005355022859885333
2025-02-27,1,404.48,400.8,400.8,stop,-1.0,-0.009098101265822778,0.009098101265822802
2025-02-28,-1,386.99,392.9,392.9,stop,-1.0,-0.015271712447350039,0.015271712447349978
2025-03-03,-1,396.82,398.82,388.53,close,4.14500000000001,0.020891084118744074,0.005040068544932211
2025-03-04,-1,383.185,384.84,384.84,stop,-1.0,-0.004319062593786116,0.00431906259378622
2025-03-05,1,391.47,388.89,388.89,stop,-1.0,-0.006590543336654209,0.006590543336654254
2025-03-06,1,397.41,393.29,393.29,stop,-1.0,-0.010367127148285138,0.010367127148285157
2025-03-07,1,393.505,390.9,390.9,stop,-1.0,-0.006619992122082308,0.006619992122082358
2025-03-10,-1,384.5,385.97,385.97,stop,-1.0,-0.0038231469440832555,0.003823146944083296
2025-03-11,1,380.435,378.6505,378.6505,stop,-1.0,-0.004690683033895304,0.004690683033895356
2025-03-12,1,384.085,381.62,381.62,stop,-1.0,-0.006417850215447052,0.006417850215447037
2025-03-13,1,384.42,382.54,382.54,stop,-1.0,-0.00489048436605799,0.004890484366057946
2025-03-14,1,382.37,379.51,388.54,close,2.1573426573426526,0.016136203154013096,0.0074796662918116315
2025-03-17,1,388.73,385.93,385.93,stop,-1.0,-0.007202942916677446,0.007202942916677414
2025-03-18,-1,386.07,387.37,383.58,close,1.9153846153846057,0.006449607584116945,0.003367265003755825
2025-03-19,-1,385.045,385.8,385.8,stop,-1.0,-0.001960809775480854,0.001960809775480776
2025-03-20,-1,384.98,385.99,385.99,stop,-1.0,-0.002623512909761594,0.0026235129097615223
2025-03-21,1,384.3,383.0,383.0,stop,-1.0,-0.003382773874577194,0.0033827738745771828
2025-03-24,-1,392.62,395.4,392.91,close,-0.10431654676259831,-0.0007386276807090919,0.0070806377667973425
2025-03-25,-1,392.85,394.63,394.63,stop,-1.0,-0.004530991472572188,0.004530991472572159
2025-03-26,-1,394.53,395.31,389.82,close,6.038461538461283,0.011938255645958407,0.0019770359668467028
2025-03-27,-1,389.02,390.42,390.42,stop,-1.0,-0.0035987866947715386,0.003598786694771565
2025-03-28,-1,386.96,388.5699,388.5699,stop,-1.0,-0.004160378333678105,0.0041603783336779995
2025-03-31,-1,368.665,373.025,373.025,stop,-1.0,-0.011826454911640472,0.011826454911640532
2025-04-01,-1,374.63,375.75,375.75,stop,-1.0,-0.0029896164215359455,0.0029896164215359278
2025-04-02,1,379.28,376.62,382.11,close,1.0639097744361183,0.007461506011390062,0.007013288335794053
2025-04-03,-1,372.44,375.99,375.99,stop,-1.0,-0.009531736655568723,0.009531736655568713
2025-04-04,1,366.04,363.99,363.99,stop,-1.0,-0.005600480821768117,0.005600480821768144
2025-04-07,-1,349.785,354.44,354.44,stop,-1.0,-0.01330817502179893,0.013308175021799026
2025-04-08,1,370.525,367.0,367.0,stop,-1.0,-0.009513528102017332,0.009513528102017346
2025-04-09,1,356.55,353.1,391.0499999999999,target,10.0,0.09676062263357132,0.00967606226335714
2025-04-10,-1,381.55,382.94,382.94,stop,-1.0,-0.0036430349888612046,0.003643034988861188
2025-04-11,1,382.505,380.3,380.3,stop,-1.0,-0.005764630527705483,0.005764630527705479
2025-04-14,-1,392.355,393.22,393.22,stop,-1.0,-0.0022046361076066834,0.0022046361076066548
2025-04-15,1,390.01,388.06,388.06,stop,-1.0,-0.004999871798158972,0.004999871798158992
2025-04-16,-1,380.095,381.61,371.61,close,5.60066006600666,0.022323366526789346,0.003985845643852159
2025-04-17,-1,372.3,374.3215,367.6,close,2.3250061835270746,0.012624227773301078,0.005429760945474088
2025-04-21,1,364.31,362.5,362.5,stop,-1.0,-0.004968296231231628,0.00496829623123165
2025-04-22,-1,360.12,363.5,363.5,stop,-1.0,-0.00938576030212146,0.009385760302121503
2025-04-23,1,377.67,375.26,375.26,stop,-1.0,-0.006381232292742456,0.006381232292742407
2025-04-24,1,376.355,375.19,388.0050000000002,target,10.0,0.030954816596033607,0.0030954816596033543
2025-04-25,1,387.7075,387.0,387.0,stop,-1.0,-0.001824829284963525,0.0018248292849634888
2025-04-28,-1,387.98,392.0,392.0,stop,-1.0,-0.010361358832929435,0.010361358832929485
2025-04-29,1,391.72,390.38,393.98,close,1.6865671641790576,0.0057694271418360366,0.0034208107832125797
2025-04-30,-1,387.45,390.305,390.305,stop,-1.0,-0.007368692734546434,0.007368692734546441
2025-05-01,1,435.7036,431.11,431.11,stop,-1.0,-0.010542947086046528,0.010542947086046525
2025-05-02,-1,431.21,434.34,434.34,stop,-1.0,-0.007258644280049076,0.007258644280049154
2025-05-05,1,434.6829,432.11,436.02,close,0.5196859574798717,0.00307603542720436,0.005919027410556072
2025-05-06,1,433.26,431.17,433.29,close,0.014354066985660248,6.924248719020198e-05,0.004823893274246353
2025-05-07,1,434.27,432.585,432.585,stop,-1.0,-0.0038800746079628023,0.0038800746079627937
2025-05-08,1,439.27,437.62,437.62,stop,-1.0,-0.0037562319302478775,0.0037562319302478597
2025-05-09,-1,439.1,440.74,438.85,close,0.15243902439024518,0.0005693463903438944,0.003734912320655856
2025-05-12,-1,442.36,446.04,446.04,stop,-1.0,-0.00831901618591191,0.008319016185911942
2025-05-13,-1,447.53,447.99,447.99,stop,-1.0,-0.0010278640538066153,0.00102786405380653
2025-05-14,1,451.5016,448.14,452.9,close,0.41599238457876514,0.003097220474966189,0.007445377823688797
2025-05-15,1,452.0,450.4301,453.05,close,0.6688324097076241,0.0023230088495576062,0.0034732300884956157
2025-05-16,-1,450.04,453.0,453.0,stop,-1.0,-0.00657719313838756,0.006577193138387653
2025-05-19,1,455.84,450.8,458.86,close,0.5992063492063612,0.006625131625131786,0.011056511056510978
2025-05-20,1,456.56,455.2431,455.2431,stop,-1.0,-0.0028843963553529806,0.0028843963553530218
2025-05-21,1,455.76,454.25,454.25,stop,-1.0,-0.003313147270493255,0.0033131472704932222
2025-05-22,1,455.26,454.16,454.16,stop,-1.0,-0.002416201730878975,0.0024162017308789834
2025-05-23,1,450.39,449.0,449.0,stop,-1.0,-0.0030862141699415924,0.003086214169941576
2025-05-27,1,459.01,456.115,460.71,close,0.5872193436960274,0.0037036230147491356,0.0063070521339403975
2025-05-28,-1,461.18,462.5,462.5,stop,-1.0,-0.002862222993191388,0.002862222993191364
2025-05-29,-1,460.36,461.72,458.45,close,1.4044117647058867,0.00414892692675306,0.002954209748892201
2025-05-30,-1,459.21,460.12,460.12,stop,-1.0,-0.0019816641623657816,0.0019816641623658566
2025-06-02,1,460.21,456.89,462.02,close,0.545180722891568,0.003932987114578124,0.007214097911822849
2025-06-03,1,462.995,461.47,461.47,stop,-1.0,-0.0032937720709725893,0.0032937720709726396
2025-06-04,-1,463.32,464.5,464.5,stop,-1.0,-0.0025468358801692403,0.002546835880169228
2025-06-05,1,465.405,464.955,464.955,stop,-1.0,-0.0009668997969509707,0.0009668997969510183
2025-06-06,-1,469.52,470.91,470.91,stop,-1.0,-0.0029604702675072314,0.0029604702675073338
2025-06-09,1,470.31,469.51,469.51,stop,-1.0,-0.0017010057196317208,0.0017010057196317563
2025-06-10,-1,470.99,472.8,470.93,close,0.033149171270719445,0.00012739123972904665,0.0038429690651606238
2025-06-11,1,470.735,469.655,472.9,close,2.00462962962952,0.004599190627422978,0.002294284470030996
2025-06-12,-1,474.1,475.96,475.96,stop,-1.0,-0.00392322294874492,0.003923222948744899
2025-06-13,1,478.155,475.37,475.37,stop,-1.0,-0.0058244711442941854,0.005824471144294148
2025-06-16,1,477.03,475.0,479.14,close,1.0394088669950945,0.004423201895058959,0.004255497557805531
2025-06-17,1,476.07,474.91,474.91,stop,-1.0,-0.002436616463965313,0.002436616463965316
2025-06-18,-1,475.815,478.51,478.51,stop,-1.0,-0.005663966037220414,0.005663966037220334
2025-06-20,1,483.245,480.98,480.98,stop,-1.0,-0.004687063497811672,0.004687063497811641
2025-06-23,-1,473.365,478.21,478.21,stop,-1.0,-0.01023523074160515,0.010235230741605253
2025-06-24,-1,488.73,489.66,489.66,stop,-1.0,-0.0019028911669018989,0.0019028911669019843
2025-06-25,1,493.6,491.61,491.61,stop,-1.0,-0.004031604538087485,0.004031604538087538
2025-06-26,1,494.55,492.93,492.93,stop,-1.0,-0.0032757051865331954,0.003275705186533221
2025-06-27,-1,497.5,498.17,498.17,stop,-1.0,-0.0013467336683417042,0.0013467336683417406
2025-06-30,-1,496.705,498.0,498.0,stop,-1.0,-0.002607181324931318,0.0026071813249313293
2025-07-01,1,497.2,495.64,495.64,stop,-1.0,-0.0031375703942075894,0.003137570394207567
2025-07-02,-1,489.96,490.385,490.385,stop,-1.0,-0.0008674177483876111,0.0008674177483876468
2025-07-07,-1,496.81,498.04,498.04,stop,-1.0,-0.0024757955757734873,0.0024757955757734713
2025-07-08,-1,496.55,498.2,496.66,close,-0.06666666666667585,-0.00022152854697421454,0.0033229282046117756
2025-07-09,1,502.1131,500.08,500.08,stop,-1.0,-0.004049087745370494,0.004049087745370496
2025-07-10,-1,501.74,504.44,501.52,close,0.08148148148149192,0.0004384741100968981,0.005381273169370568
2025-07-11,1,499.92,497.795,503.17,close,1.5294117647058822,0.006501040166426719,0.0042506801088174105
2025-07-14,1,502.1,501.18,501.18,stop,-1.0,-0.0018323043218482216,0.001832304321848269
2025-07-15,1,503.12,502.8,502.8,stop,-1.0,-0.0006360311655271289,0.0006360311655270972
2025-07-16,-1,503.635,505.5,505.5,stop,-1.0,-0.003703078618443989,0.003703078618443931
2025-07-17,1,506.7,505.62,511.88,close,4.796296296296373,0.01022301164397077,0.002131438721136736
2025-07-18,-1,512.19,514.64,509.96,close,0.910204081632709,0.004353853062340263,0.0047833811671448715
2025-07-21,1,507.45,505.55,510.2,close,1.447368421052649,0.0054192531283869805,0.0037442112523400875
2025-07-22,-1,509.4932,511.2,505.46,close,2.3630185141786106,0.007916101726185953,0.003349995642728867
2025-07-23,-1,503.69,506.79,505.97,close,-0.735483870967746,-0.004526593738211959,0.006154579205463724
2025-07-24,-1,508.67,510.53,510.53,stop,-1.0,-0.003656594648789868,0.003656594648789897
2025-07-25,-1,510.54,512.48,512.48,stop,-1.0,-0.0037998981470599436,0.0037998981470599713
2025-07-28,1,514.375,512.36,512.36,stop,-1.0,-0.003917375455650074,0.003917375455650034
2025-07-29,1,516.75,515.13,515.13,stop,-1.0,-0.003134978229317853,0.0031349782293178608
2025-07-30,-1,512.31,515.95,514.04,close,-0.4752747252747172,-0.003376861665788322,0.007105073100271516
2025-07-31,-1,544.74,555.45,533.565,close,1.043417366946771,0.02051437382971688,0.019660755589822734
2025-08-01,-1,531.29,535.8,524.0,close,1.616407982261636,0.013721319806508592,0.008488772610062284
2025-08-04,1,530.5501,528.13,535.47,close,2.032932523449398,0.009273205301440823,0.004561491930733869
2025-08-05,-1,535.575,537.3,527.72,close,4.553623188406048,0.014666479951454092,0.0032208374177284393
2025-08-06,-1,529.415,531.7,524.84,close,2.002188183807338,0.008641613856804065,0.004316084735037885
2025-08-07,-1,525.66,528.09,521.1,close,1.8765432098764716,0.0086748088117794,0.004622759958908922
2025-08-08,1,522.605,522.25,522.25,stop,-1.0,-0.0006792893294170765,0.0006792893294170898
2025-08-11,-1,521.375,522.885,522.885,stop,-1.0,-0.00289618796451685,0.002896187964516885
2025-08-12,1,525.06,523.64,523.64,stop,-1.0,-0.0027044528244389854,0.002704452824439034
2025-08-13,-1,531.49,532.7,519.3899999999996,target,10.0,0.02276618562908117,0.002276618562908119
2025-08-14,-1,521.345,523.02,523.02,stop,-1.0,-0.003212843702346646,0.003212843702346727
2025-08-15,-1,520.885,523.15,523.15,stop,-1.0,-0.0043483686418306355,0.004348368641830704
2025-08-18,1,522.33,519.9,519.9,stop,-1.0,-0.0046522313479985256,0.004652231347998513
2025-08-19,-1,512.2,515.1641,509.74,close,0.8299315137816219,0.004802811401796281,0.005786997266692535
2025-08-20,-1,508.42,510.94,510.94,stop,-1.0,-0.004956532001101355,0.0049565320011014154
2025-08-21,1,504.19,502.7201,504.15,close,-0.027212735560256197,-7.933517126479384e-05,0.002915369206053265
2025-08-22,-1,503.92,504.75,504.75,stop,-1.0,-0.0016470868391806892,0.0016470868391807907
2025-08-25,-1,506.46,508.15,508.15,stop,-1.0,-0.0033368874146033622,0.0033368874146033206
2025-08-26,-1,503.7,504.515,504.515,stop,-1.0,-0.0016180266031367019,0.0016180266031367832
2025-08-27,-1,501.45,503.57,503.57,stop,-1.0,-0.004227739555289656,0.004227739555289669
2025-08-28,1,509.31,506.62,506.62,stop,-1.0,-0.0052816555732264625,0.005281655573226518
2025-08-29,-1,508.2,509.6,506.92,close,0.9142857142856725,0.0025186934277843243,0.0027548209366391858
2025-09-02,1,501.755,496.81,505.08,close,0.6723963599595537,0.006626740142101184,0.009855407519606169
2025-09-03,1,505.11,503.05,503.05,stop,-1.0,-0.004078319573954214,0.004078319573954193
2025-09-04,1,506.71,503.9,503.9,stop,-1.0,-0.005545578338694734,0.005545578338694721
2025-09-05,-1,507.07,511.97,495.0153,close,2.4601428571428334,0.023773246297355333,0.009663360088350788
2025-09-08,-1,497.59,498.6199,498.6199,stop,-1.0,-0.0020697763218713305,0.002069776321871416
2025-09-09,-1,501.4056,502.095,502.095,stop,-1.0,-0.0013749347833371672,0.0013749347833371518
2025-09-10,-1,500.045,503.2299,500.21,close,-0.0518069641118921,-0.00032997030267267746,0.006369226769590678
2025-09-11,-1,500.835,502.8,502.8,stop,-1.0,-0.003923447842103744,0.0039234478421037505
2025-09-12,-1,505.0,506.65,506.65,stop,-1.0,-0.0032673267326732702,0.003267326732673222
2025-09-15,1,509.145,507.0,515.45,close,2.939393939393994,0.012383505681093032,0.004212945231711952
2025-09-16,-1,515.415,517.23,509.149,close,3.452341597796019,0.012157193717683756,0.0035214341841041776
2025-09-17,-1,508.9747,510.83,510.83,stop,-1.0,-0.003645171361169819,0.003645171361169818
2025-09-18,-1,509.145,511.49,511.49,stop,-1.0,-0.004605760637932166,0.004605760637932273
2025-09-19,1,511.18,510.31,518.0,close,7.8390804597700665,0.013341680034430148,0.001701944520521156
2025-09-22,-1,515.22,517.74,514.37,close,0.33730158730159876,0.0016497806762160172,0.004891114475369709
2025-09-23,-1,512.15,514.5899,509.62,close,1.0369277429402877,0.004939958996387772,0.00476403397442149
2025-09-24,-1,509.34,512.48,509.98,close,-0.20382165605096636,-0.0012565280559155845,0.0061648407743355
2025-09-25,1,508.55,506.54,506.54,stop,-1.0,-0.003952413725297421,0.003952413725297396
2025-09-26,1,511.45,508.0,508.0,stop,-1.0,-0.00674552742203538,0.006745527422035368
2025-09-29,1,511.73,508.88,514.6,close,1.0070175438596427,0.005608426318566506,0.005569343208332563
2025-09-30,-1,511.33,513.48,513.48,stop,-1.0,-0.004204721021649593,0.004204721021649491
2025-10-01,1,516.5,513.27,513.27,stop,-1.0,-0.006253630203291394,0.00625363020329142
2025-10-02,1,520.53,516.5,516.5,stop,-1.0,-0.00774210900428407,0.007742109004284043
2025-10-03,-1,516.6,517.69,517.69,stop,-1.0,-0.0021099496709253707,0.002109949670925342
2025-10-06,1,521.56,518.2,528.52,close,2.071428571428644,0.013344581639696429,0.00644221182606009
2025-10-07,-1,527.4799,529.8,523.97,close,1.5128227231585494,0.006654092411862544,0.004398461439004427
2025-10-08,1,526.485,523.09,524.83,close,-0.48748159057436863,-0.0031434893681681064,0.006448426830773872
2025-10-09,1,522.895,521.8,521.8,stop,-1.0,-0.0020941106723147973,0.0020941106723147617
2025-10-10,1,522.42,519.6,519.6,stop,-1.0,-0.0053979556678532825,0.00539795566785333
2025-10-13,-1,513.81,516.41,513.97,close,-0.06153846153849248,-0.0003113991553298501,0.005060236274109151
2025-10-14,-1,507.7719,510.225,510.225,stop,-1.0,-0.004831106250660966,0.0048311062506609884
2025-10-15,1,515.08,513.81,513.81,stop,-1.0,-0.0024656364059953972,0.0024656364059953704
2025-10-16,-1,512.175,514.245,514.245,stop,-1.0,-0.004041587348074582,0.004041587348074487
2025-10-17,1,509.37,508.36,508.36,stop,-1.0,-0.0019828415493649,0.001982841549364884
2025-10-20,-1,514.16,516.04,516.04,stop,-1.0,-0.0036564493542865506,0.003656449354286595
2025-10-21,1,517.81,516.23,516.23,stop,-1.0,-0.0030513122573915252,0.0030513122573915673
2025-10-22,-1,520.0466,521.3,521.3,stop,-1.0,-0.0024101686271960077,0.0024101686271959903
2025-10-23,-1,520.78,523.2,523.2,stop,-1.0,-0.004646875840086162,0.004646875840086165
2025-10-24,1,523.79,520.71,523.5,close,-0.09415584415583457,-0.0005536569999426977,0.005880219171805356
2025-10-27,-1,530.77,532.286,532.286,stop,-1.0,-0.0028562277445973727,0.0028562277445974013
2025-10-28,-1,545.915,553.72,542.01,close,0.5003203074951879,0.007153128234248851,0.014297097533498922
2025-10-29,-1,542.34,546.27,542.56,close,-0.055979643765882034,-0.0004056495925064407,0.00724637681159411
2025-10-30,1,533.475,528.6,528.6,stop,-1.0,-0.009138197666244907,0.009138197666244904
2025-10-31,-1,525.485,529.32,517.82,close,1.9986962190351736,0.014586524829443226,0.007298019924450815
2025-11-03,1,522.12,519.69,519.69,stop,-1.0,-0.004654102505171176,0.004654102505171129
2025-11-04,-1,509.86,512.035,512.035,stop,-1.0,-0.0042658769073862235,0.004265876907386252
2025-11-05,-1,511.99,513.55,513.55,stop,-1.0,-0.0030469345104395806,0.0030469345104395503
2025-11-06,-1,503.465,505.7,497.36,close,2.73154362416104,0.01212596704835478,0.004439236093869512
2025-11-07,1,498.59,496.41,496.41,stop,-1.0,-0.004372329970516731,0.0043723299705167576
2025-11-10,-1,499.175,500.92,500.92,stop,-1.0,-0.0034957680172285066,0.003495768017228436
2025-11-11,-1,503.405,504.935,504.935,stop,-1.0,-0.0030393023509898143,0.0030393023509898186
2025-11-12,-1,507.4601,509.355,509.355,stop,-1.0,-0.003734086679918258,0.0037340866799182968
2025-11-13,-1,510.17,511.6,511.6,stop,-1.0,-0.0028029872395476385,0.002802987239547615
2025-11-14,-1,497.64,500.46,500.46,stop,-1.0,-0.005666747046057408,0.005666747046057377
2025-11-17,1,509.98,506.05,506.05,stop,-1.0,-0.007706184556257156,0.0077061845562571216
2025-11-18,1,499.744,495.09,495.09,stop,-1.0,-0.009312768137286431,0.009312768137286397
2025-11-19,1,491.095,488.95,488.95,stop,-1.0,-0.004367790346063494,0.004367790346063468
2025-11-20,-1,491.815,493.28,493.28,stop,-1.0,-0.002978762339497454,0.0029787623394975245
2025-11-21,-1,477.4,478.5968,478.5968,stop,-1.0,-0.002506912442396203,0.0025069124423963054
2025-11-24,-1,474.93,475.85,475.85,stop,-1.0,-0.0019371275766955076,0.0019371275766955464
2025-11-25,-1,471.33,474.59,474.59,stop,-1.0,-0.006916597712855133,0.006916597712855093
2025-11-26,-1,483.4,486.5,486.5,stop,-1.0,-0.006412908564336073,0.006412908564336001
2025-12-01,-1,487.835,488.7592,488.7592,stop,-1.0,-0.0018944930150563977,0.0018944930150564057
2025-12-02,1,486.94,486.32,493.14000000000004,target,10.0,0.012732574855218504,0.0012732574855218396
2025-12-03,-1,476.14,479.9599,479.9599,stop,-1.0,-0.00802264039988243,0.008022640399882427
2025-12-04,-1,478.64,481.322,480.82,close,-0.8128262490678574,-0.00455457128530834,0.005603376232659236
2025-12-05,-1,481.79,483.22,483.22,stop,-1.0,-0.0029680981340418633,0.0029680981340418165
2025-12-08,1,487.32,484.38,491.12,close,1.2925170068027259,0.007797750964458672,0.006032996798818021
2025-12-09,1,489.67,489.1,489.1,stop,-1.0,-0.0011640492576633354,0.0011640492576633103
2025-12-10,-1,480.63,484.25,478.5215,close,0.5824585635359087,0.004386950460853467,0.007531781203836641
2025-12-11,1,477.92,475.86,483.69,close,2.8009708737863956,0.0120731503180449,0.004310344827586211
2025-12-12,1,481.35,478.71,478.71,stop,-1.0,-0.005484574633842443,0.005484574633842408
2025-12-15,-1,477.88,480.7205,474.81,close,1.0807956345713683,0.006424206913869579,0.005943960826985896
2025-12-16,1,473.315,470.88,476.24,close,1.201232032854213,0.006179816823891127,0.005144565458521285
2025-12-17,1,477.555,476.06,476.06,stop,-1.0,-0.003130529467810006,0.00313052946781
2025-12-18,1,480.755,477.89,483.88,close,1.090750436300171,0.006500192405695104,0.005959376397541386
2025-12-19,-1,484.02,487.85,487.85,stop,-1.0,-0.007912896161315741,0.007912896161315732
2025-12-22,1,486.16,485.28,485.28,stop,-1.0,-0.0018101036695739037,0.0018101036695739104
2025-12-23,1,485.66,484.74,486.5,close,0.9130434782608265,0.001729605073508056,0.0018943293662233164
2025-12-26,1,486.86,486.38,486.38,stop,-1.0,-0.0009859097071026612,0.0009859097071026953
2025-12-29,1,486.6401,484.18,487.101,close,0.18735010771918983,0.000947106496155925,0.0050552759626673
2025-12-30,1,487.68,485.5,487.55,close,-0.05963302752293351,-0.00026656824146975566,0.004470144356955395
2025-12-31,-1,487.15,488.14,483.65,close,3.535353535353503,0.007184645386431265,0.0020322282664477246
2026-01-02,-1,483.35,484.66,470.25,target,10.0,0.027102513706423914,0.002710251370642396
2026-01-05,-1,470.33,474.3,474.3,stop,-1.0,-0.00844088193396142,0.008440881933961319
2026-01-06,-1,473.07,474.25,474.25,stop,-1.0,-0.0024943454457058145,0.002494345445705724
2026-01-07,1,482.77,477.95,483.5,close,0.15145228215768033,0.0015121072146155878,0.00998405037595541
2026-01-08,-1,480.995,482.66,478.14,close,1.7147147147147046,0.005935612636306042,0.003461574444640839
2026-01-09,1,474.375,473.99,473.99,stop,-1.0,-0.0008115942028985579,0.0008115942028985315
2026-01-12,1,480.14,475.6803,477.19,close,-0.6614794717133416,-0.006144041321281324,0.009288332569667176
2026-01-13,-1,474.48,474.85,474.85,stop,-1.0,-0.0007798010453550219,0.0007798010453549245
2026-01-14,1,467.72,466.002,466.002,stop,-1.0,-0.003673137774737101,0.00367313777473706
2026-01-15,-1,461.21,464.25,456.91,close,1.414473684210502,0.009323301749745161,0.006591357516099002
2026-01-16,1,458.83,456.48,459.87,close,0.44255319148937683,0.0022666347013056143,0.005121722642372918
2026-01-20,1,451.4,449.28,454.66,close,1.537735849056623,0.007221976074435199,0.004696499778467002
2026-01-21,-1,450.7,452.69,444.2,close,3.2663316582914423,0.014422010206345703,0.004415353893942776
2026-01-22,1,448.175,446.0,446.0,stop,-1.0,-0.004853015005299333,0.0048530150052992944
2026-01-23,1,454.1,450.53,465.81,close,3.2801120448178755,0.025787271526095612,0.007861704470381084
2026-01-26,-1,464.29,466.03,466.03,stop,-1.0,-0.0037476577139285983,0.0037476577139286915
2026-01-27,1,477.57,473.16,480.585,close,0.683673469387757,0.006313210628808408,0.009234248382436016
2026-01-28,-1,481.11,483.74,481.72,close,-0.23193916349810445,-0.0012679013115504123,0.00546652532684832
2026-01-29,-1,431.91,442.5,433.47,close,-0.14730878186968896,-0.003611863582690944,0.024518997013266593
2026-01-30,-1,436.03,439.6,430.36,close,1.5882352941176134,0.01300369240648569,0.008187510033713392
2026-02-02,-1,427.33,430.5,430.5,stop,-1.0,-0.007418154587789383,0.007418154587789333
2026-02-03,-1,416.54,422.05,411.33,close,0.9455535390199719,0.012507802371921173,0.013228021318480795
2026-02-04,1,412.53,410.1,410.1,stop,-1.0,-0.005890480692313127,0.005890480692313165
2026-02-05,-1,405.71,408.3,393.66,close,4.652509652509578,0.029701017968499555,0.00638387025215063
2026-02-06,-1,397.0,399.35,399.35,stop,-1.0,-0.00591939546599507,0.0059193954659950195
2026-02-09,1,405.23,400.87,413.625,close,1.92545871559632,0.020716630061940133,0.010759321866594312
2026-02-10,-1,417.48,419.9,419.9,stop,-1.0,-0.005796684871131497,0.005796684871131453
2026-02-11,-1,412.36,416.46,404.2,close,1.990243902439047,0.01978853429042593,0.009942768454748195
2026-02-12,-1,403.01,405.34,405.34,stop,-1.0,-0.0057814942557257165,0.0057814942557256254
2026-02-13,-1,401.52,404.59,404.59,stop,-1.0,-0.00764594540745156,0.007645945407451667
2026-02-17,1,399.39,396.22,396.22,stop,-1.0,-0.007937104083727609,0.007937104083727583
2026-02-18,-1,397.12,398.46,398.46,stop,-1.0,-0.003374294923448762,0.0033742949234487687
2026-02-19,-1,398.895,400.71,400.71,stop,-1.0,-0.0045500695671794045,0.004550069567179327
2026-02-20,-1,395.59,396.85,396.85,stop,-1.0,-0.0031851159028288833,0.003185115902828807
2026-02-23,-1,392.6899,395.36,384.589,close,3.0339313134339734,0.020629254788574913,0.006799512796229265
2026-02-24,-1,383.15,384.67,384.67,stop,-1.0,-0.003967114707033925,0.0039671147070339
2026-02-25,1,392.65,390.16,400.49,close,3.1485943775101135,0.019966891633770523,0.006341525531643836
2026-02-26,-1,402.565,405.95,405.95,stop,-1.0,-0.008408579980872632,0.00840857998087263
2026-02-27,1,393.2,389.88,392.73,close,-0.14156626506023234,-0.0011953204476092827,0.008443540183112903
2026-03-02,1,393.52,390.63,398.37,close,1.6782006920415382,0.012324659483635036,0.0073439723521040515
2026-03-03,1,394.63,392.74,392.74,stop,-1.0,-0.004789296302865953,0.004789296302865941
2026-03-04,1,404.64,400.31,405.0,close,0.08314087759815589,0.000889679715302627,0.010700869909054923
2026-03-05,1,407.22,404.4,410.6,close,1.1985815602836651,0.008300181719954836,0.00692500368351272
2026-03-06,1,411.775,408.95,408.95,stop,-1.0,-0.006860542772144984,0.006860542772144955
2026-03-09,1,407.49,404.222,404.222,stop,-1.0,-0.008019828707452992,0.008019828707453014
2026-03-10,-1,407.67,410.2,405.76,close,0.7549407114624687,0.0046851620182991605,0.006205999950940645
2026-03-11,1,407.34,405.57,405.57,stop,-1.0,-0.004345264398291304,0.004345264398291309
2026-03-12,-1,404.42,405.77,405.77,stop,-1.0,-0.0033381138420454093,0.003338113842045314
2026-03-13,-1,401.0,401.4,401.4,stop,-1.0,-0.0009975062344138586,0.0009975062344139084
2026-03-16,-1,396.265,398.17,398.17,stop,-1.0,-0.004807388994738426,0.0048073889947384445
2026-03-17,1,402.015,399.15,399.15,stop,-1.0,-0.007126599753740526,0.007126599753740555
2026-03-18,-1,397.1,397.27,397.27,stop,-1.0,-0.00042810375220336816,0.0004281037522033721
2026-03-19,-1,389.505,390.2,390.2,stop,-1.0,-0.0017843159908088602,0.0017843159908088296
2026-03-20,-1,384.365,387.0,381.87,close,0.9468690702087337,0.0064912257879879975,0.006855462906352011
2026-03-23,1,386.185,383.52,383.52,stop,-1.0,-0.006900837681422134,0.0069008376814221695
2026-03-24,-1,380.44,382.47,372.75,close,3.7881773399014214,0.02021343707286305,0.0053359268215750965
2026-03-25,-1,376.22,377.06,371.03,close,6.1785714285716775,0.013795119876668038,0.002232736165009768
2026-03-26,-1,369.8008,371.28,371.28,stop,-1.0,-0.0039999913466926,0.003999991346692575
2026-03-27,-1,359.895,362.45,356.65,close,1.2700587084148711,0.009016518706845056,0.007099292849303288
2026-03-30,-1,360.065,362.0,362.0,stop,-1.0,-0.005374029689083848,0.005374029689083922
2026-03-31,1,366.82,364.37,364.37,stop,-1.0,-0.006679025134943561,0.006679025134943538
2026-04-01,-1,372.785,373.99,369.45,close,2.767634854771851,0.008946175409418444,0.003232426197405969
2026-04-02,-1,365.795,367.61,367.61,stop,-1.0,-0.00496179554121845,0.004961795541218435
2026-04-06,-1,372.78,373.73,372.861,close,-0.08526315789475095,-0.00021728633510376127,0.0025484199796127626
2026-04-07,1,370.65,370.0,370.0,stop,-1.0,-0.0017536759746390462,0.0017536759746390861
2026-04-08,-1,381.78,385.0,374.3,close,2.3229813664595955,0.01959243543401945,0.008434176751008507
2026-04-09,-1,369.18,372.96,372.96,stop,-1.0,-0.010238907849829282,0.010238907849829277
2026-04-10,1,375.18,371.59,371.59,stop,-1.0,-0.009568740337971171,0.009568740337971192
2026-04-13,-1,372.43,373.84,373.84,stop,-1.0,-0.003785946352334646,0.0037859463523345813
2026-04-14,1,391.85,386.52,393.11,close,0.23639774859286702,0.0032155161413807143,0.013602143677427691
2026-04-15,1,400.005,396.73,411.2728,close,3.440549618320641,0.02816914788565139,0.008187397657529225
2026-04-16,-1,416.66,420.0,420.0,stop,-1.0,-0.00801612825805198,0.008016128258052068
2026-04-17,-1,424.12,425.31,425.31,stop,-1.0,-0.0028058096765066765,0.0028058096765066435
2026-04-20,-1,420.8319,423.33,418.08,close,1.1015972138825798,0.006539190588926491,0.005936099425922715
2026-04-21,-1,418.4601,420.24,420.24,stop,-1.0,-0.004253452121241619,0.004253452121241661
2026-04-22,-1,424.23,426.88,426.88,stop,-1.0,-0.006246611507908284,0.006246611507908392
2026-04-23,1,421.59,418.07,418.07,stop,-1.0,-0.008349344149529148,0.008349344149529122
2026-04-24,1,419.76,415.8,424.63,close,1.2297979797979872,0.011601867733943116,0.009433962264150894
2026-04-27,-1,418.5399,423.4,423.4,stop,-1.0,-0.011612035077181337,0.011612035077181384
2026-04-28,-1,422.29,424.72,424.72,stop,-1.0,-0.005754339434985489,0.005754339434985453
2026-04-29,-1,422.3325,425.33,425.33,stop,-1.0,-0.007097488353370762,0.007097488353370869
2026-04-30,-1,410.59,414.42,407.81,close,0.7258485639686535,0.00677074453834714,0.009328040137363406
2026-05-01,1,414.64,410.57,410.57,stop,-1.0,-0.009815743777734864,0.009815743777734887
2026-05-04,1,415.14,410.8,413.7,close,-0.33179723502304287,-0.003468709351062249,0.01045430457195157
2026-05-05,-1,414.52,416.7799,411.27,close,1.4381167308287874,0.007840393708385629,0.005451847920486384
2026-05-06,-1,406.425,408.2,408.2,stop,-1.0,-0.004367349449467817,0.004367349449467865
2026-05-07,1,421.52,418.76,420.99,close,-0.19202898550723713,-0.0012573543366861673,0.006547732017460598
2026-05-08,-1,417.41,417.66,417.66,stop,-1.0,-0.0005989315061929457,0.0005989315061929517
2026-05-11,1,410.625,405.5,412.69,close,0.40292682926829226,0.005028919330289261,0.012480974124809741
2026-05-12,-1,410.475,415.5,407.85,close,0.5223880597014949,0.006395030147999248,0.012241914854741402
2026-05-13,1,403.89,401.54,401.54,stop,-1.0,-0.0058184159053206175,0.005818415905320671
2026-05-14,-1,404.2175,405.57,405.57,stop,-1.0,-0.003345970919121477,0.0033459709191215633
2026-05-15,1,415.14,412.91,421.98,close,3.067264573991099,0.016476369417546044,0.005371681842269984
2026-05-18,1,416.79,415.61,423.67,close,5.8305084745762334,0.016507113894287384,0.002831161976055104
2026-05-19,-1,425.76,432.7,417.6,close,1.1757925072046067,0.01916572717023668,0.01630026305900037
2026-05-20,-1,413.65,416.05,416.05,stop,-1.0,-0.005802006527257486,0.005802006527257426
2026-05-21,-1,423.66,426.34,419.1,close,1.7014925373134655,0.010763347967709946,0.006325827314355733
2026-05-22,1,421.84,419.25,419.25,stop,-1.0,-0.006139768632656861,0.0061397686326568725
2026-05-26,-1,416.45,417.5,417.5,stop,-1.0,-0.0025213110817625672,0.002521311081762544
2026-05-27,1,412.09,409.58,412.69,close,0.23904382470120514,0.001455992622970692,0.006090902472760783
2026-05-28,1,415.06,412.67,427.03,close,5.008368200836836,0.02883920397051032,0.0057582036332096236
2026-05-29,1,438.205,432.36,449.475,close,1.9281437125748666,0.025718556383427904,0.013338505950411271
2026-06-01,-1,460.52,465.78,465.78,stop,-1.0,-0.011421870928515654,0.011421870928515572
2026-06-02,1,448.39,445.69,445.69,stop,-1.0,-0.006021543745400204,0.006021543745400184
2026-06-03,-1,436.0401,440.39,427.6,close,1.9402974781029425,0.019356247280926664,0.009975917352555399
2026-06-04,-1,429.701,436.15,428.14,close,0.24205303147775567,0.003632758592602814,0.015008110290643854
2026-06-05,1,428.35,426.6,426.6,stop,-1.0,-0.004085444146142203,0.004085444146142174
2026-06-08,-1,411.6499,417.1599,411.75,close,-0.018166969147005045,-0.0002431677986560743,0.013385160545405188
2026-06-09,-1,408.98,409.25,409.25,stop,-1.0,-0.0006601789818572179,0.000660178981857259
2026-06-10,-1,398.1,401.2,401.2,stop,-1.0,-0.007786988193920985,0.007786988193921039
2026-06-11,-1,391.34,396.85,390.03,close,0.2377495462794902,0.0033474727858128217,0.01407982828231218
2026-06-12,-1,383.38,391.74,390.67,close,-0.8720095693779915,-0.019015076425478616,0.02180604100370393
2026-06-15,-1,395.93,397.99,397.99,stop,-1.0,-0.005202939913621085,0.0052029399136211
2026-06-16,-1,391.9,396.84,393.97,close,-0.419028340080982,-0.005281959683592907,0.01260525644297014
2026-06-17,-1,387.71,390.37,378.8501,close,3.3307894736841726,0.022851873823218294,0.00686079801913808
2026-06-18,-1,375.815,379.521,379.521,stop,-1.0,-0.00986123491611579,0.009861234916115688
2026-06-22,-1,375.52,377.5,377.5,stop,-1.0,-0.005272688538559889,0.005272688538559912
2026-06-23,-1,371.42,373.39,373.39,stop,-1.0,-0.005303968553120431,0.005303968553120377
2026-06-24,1,375.75,371.0,371.0,stop,-1.0,-0.01264138389886893,0.012641383898868928
2026-06-25,-1,359.96,364.23,352.6932,close,1.7018266978922538,0.020187798644293764,0.01186242915879553
2026-06-26,1,357.53,355.43,371.19,close,6.504761904762022,0.038206584062876026,0.0058736329818475826
2026-06-29,1,378.275,375.1,375.1,stop,-1.0,-0.008393364615689514,0.008393364615689524
2026-06-30,-1,369.135,371.15,371.15,stop,-1.0,-0.0054587075189294065,0.005458707518929352
2026-07-01,-1,376.85,381.0,381.0,stop,-1.0,-0.011012339126973636,0.011012339126973535
2026-07-02,1,385.06,383.99,383.99,stop,-1.0,-0.0027787877213940604,0.002778787721394051
2026-07-06,1,387.125,385.87,385.87,stop,-1.0,-0.003241846948660032,0.003241846948659982
2026-07-07,1,392.76,391.32,391.32,stop,-1.0,-0.0036663611365719273,0.003666361136571947
2026-07-08,-1,383.12,384.59,384.59,stop,-1.0,-0.003836917936938633,0.003836917936938741
2026-07-09,1,375.84,373.35,384.33,close,3.4096385542169365,0.02258939974457208,0.006625159642400895
2026-07-10,1,389.462,386.355,386.355,stop,-1.0,-0.007977671762585237,0.007977671762585235
2026-07-13,-1,387.12,391.07,391.07,stop,-1.0,-0.010203554453399377,0.010203554453399433
2026-07-14,-1,381.08,382.82,382.82,stop,-1.0,-0.0045659703999161305,0.0045659703999160525
2026-07-15,1,390.36,386.805,386.805,stop,-1.0,-0.009106978173993308,0.009106978173993254
2026-07-16,-1,396.08,398.73,398.73,stop,-1.0,-0.006690567562108729,0.006690567562108752
2026-07-17,1,395.6,393.4,393.4,stop,-1.0,-0.005561172901921263,0.005561172901921247
2026-07-20,1,392.205,389.65,402.51,close,4.033268101761244,0.02627452480208059,0.006514450351219406
2026-07-21,1,399.46,396.32,396.32,stop,-1.0,-0.00786061182596498,0.007860611825965019
2026-07-22,-1,394.6,401.0,390.28,close,0.6750000000000103,0.01094779523568179,0.016218955904713575
2026-07-23,1,391.475,387.7361,387.7361,stop,-1.0,-0.00955080145603171,0.009550801456031677
2026-07-24,-1,385.33,389.03,381.74,close,0.9702702702702665,0.00931668959074039,0.009602159188228243
2026-07-27,-1,389.41,392.44,392.44,stop,-1.0,-0.007781002028710127,0.0077810020287100295
2026-07-28,1,396.1599,392.1,392.1,stop,-1.0,-0.010248134654718855,0.010248134654718891
2026-07-29,-1,390.76,394.28,394.28,stop,-1.0,-0.009008086805200044,0.009008086805200077
2026-07-30,1,446.89,432.44,451.49,close,0.3183391003460226,0.01029336078229548,0.03233457897916711
2026-07-31,1,458.46,449.33,465.1,close,0.7272727272727324,0.014483270078087696,0.019914496357370318
2026-08-03,1,484.45,475.0,487.6599,close,0.33967195767195857,0.006625864382289182,0.01950665703374959
2026-08-04,1,487.0,479.17,492.905,close,0.7541507024265626,0.012125256673511275,0.01607802874743323
2026-08-05,-1,493.705,498.24,487.47,close,1.374862183020931,0.012628999098651894,0.009185647299500764
2026-08-06,1,489.6,488.52,500.40000000000043,target,10.0,0.022058823529412575,0.00220588235294126
2026-08-07,1,503.275,499.12,499.12,stop,-1.0,-0.008255923699766465,0.008255923699766476
2026-08-10,1,503.75,503.34,503.34,stop,-1.0,-0.000813895781637819,0.0008138957816377668
2026-08-11,-1,502.495,505.33,503.775,close,-0.4514991181657785,-0.002547289027751365,0.00564184718255899
2026-08-12,-1,497.99,501.5,492.43,close,1.5840455840455887,0.011164882828972433,0.007048334303901667
2026-08-13,1,497.065,493.25,493.25,stop,-1.0,-0.007675052558518525,0.007675052558518499
2026-08-14,-1,496.22,496.83,496.83,stop,-1.0,-0.0012292934585464987,0.0012292934585465252
2026-08-17,1,491.57,489.8,489.8,stop,-1.0,-0.003600707935797476,0.0036007079357975097
2026-08-18,-1,478.8,482.77,482.77,stop,-1.0,-0.008291562238930572,0.008291562238930598
2026-08-19,1,481.36,479.36,484.52,close,1.579999999999984,0.006564733255775224,0.0041548944656805715
2026-08-20,-1,481.82,483.82,483.82,stop,-1.0,-0.004150927732348153,0.00415092773234818
2026-08-21,1,483.5,478.53,483.33,close,-0.03420523138833299,-0.0003516028955532491,0.01027921406411588
2026-08-24,1,483.655,481.86,487.31,close,2.0362116991644084,0.007557039625352813,0.00371132315390094
2026-08-25,-1,484.895,488.29,488.29,stop,-1.0,-0.007001515792078861,0.007001515792078777
2026-08-26,1,494.095,487.31,487.31,stop,-1.0,-0.013732177010494007,0.013732177010493984
2026-08-27,-1,491.51,497.01,497.01,stop,-1.0,-0.011190006307094436,0.011190006307094465
2026-08-28,1,508.81,504.8675,513.67,close,1.2327203551046195,0.009551699062518404,0.007748471924687006
2026-08-31,1,510.54,507.31,507.31,stop,-1.0,-0.006326634543816434,0.006326634543816386
2026-09-01,1,499.04,496.78,501.15,close,0.933628318584032,0.004228117986533997,0.004528695094581692
2026-09-02,-1,497.1605,500.27,496.81,close,0.11271908666988727,0.0007050037161038247,0.00625451941576205
2026-09-03,1,508.45,500.8,510.08,close,0.21307189542483665,0.0032058216147112795,0.015045727210148446
2026-09-04,-1,506.2,511.0,499.68,close,1.3583333333333263,0.012880284472540415,0.009482418016594255
2026-09-08,1,494.36,491.3,491.3,stop,-1.0,-0.0061898211829436445,0.006189821182943608
2026-09-09,1,493.13,491.14,491.14,stop,-1.0,-0.004035447042362028,0.004035447042362073
2026-09-10,-1,487.7451,489.7,489.7,stop,-1.0,-0.0040080361647918394,0.004008036164791833
2026-09-11,1,496.457,493.316,493.316,stop,-1.0,-0.006326831931063537,0.006326831931063556
2026-09-14,-1,496.75,499.8,499.8,stop,-1.0,-0.006139909411172706,0.006139909411172645
2026-09-15,1,500.37,499.1,499.1,stop,-1.0,-0.002538121789875447,0.002538121789875456
2026-09-16,1,494.519,491.13,491.13,stop,-1.0,-0.006853123944681627,0.00685312394468162
2026-09-17,-1,495.18,501.47,498.48,close,-0.5246422893481718,-0.006664243305464668,0.012702451633749385
2026-09-18,-1,495.38,498.65,493.11,close,0.6941896024464814,0.0045823408292623435,0.006600993176955028
2026-09-21,-1,494.395,496.0,496.0,stop,-1.0,-0.0032463920549359315,0.0032463920549358678
2026-09-22,-1,501.74,508.5,497.94,close,0.5621301775147953,0.007573643719854917,0.013473113564794496
2026-09-23,1,502.62,500.3001,500.3001,stop,-1.0,-0.004615614181687988,0.0046156141816879916
2026-09-24,1,495.185,491.7,491.7,stop,-1.0,-0.007037773761321531,0.007037773761321554
2026-09-25,1,508.85,497.25,516.1,close,0.6249999999999988,0.014247813697553235,0.022796501916085333
2026-09-28,-1,505.05,506.49,506.49,stop,-1.0,-0.002851202851202883,0.0028512028512028467
2026-09-29,-1,507.52,509.42,509.42,stop,-1.0,-0.0037436948297604467,0.003743694829760471
2026-09-30,1,514.25,510.31,512.9,close,-0.3426395939086354,-0.002625182304326734,0.007661643169664556
2026-10-01,-1,519.145,522.58,522.58,stop,-1.0,-0.00661664852786803,0.006616648527868051
2026-10-02,1,521.874,518.85,518.85,stop,-1.0,-0.0057945021212016945,0.005794502121201671
