date,side,entry,stop,exit,how,R,ret,risk_pct
2021-10-06,1,261.2667,258.4067,258.4067,stop,-1.0,-0.010946668672280113,0.01094666867228014
2021-10-07,1,262.1067,261.1267,261.1267,stop,-1.0,-0.003738935326719872,0.0037389353267198487
2021-10-08,-1,263.5405,265.46,261.8385,close,0.8866892419901141,0.006458210407887965,0.00728351050407801
2021-10-11,1,263.3,261.8333,263.89,close,0.4022635849185067,0.002240789973414259,0.005570451955943801
2021-10-12,1,267.0,265.5233,268.5767,close,1.067718561657766,0.005905243445692987,0.005530711610486868
2021-10-13,-1,269.13,270.5967,270.5967,stop,-1.0,-0.0054497826329282795,0.005449782632928336
2021-10-14,-1,271.7183,272.3133,272.3133,stop,-1.0,-0.0021897678588451708,0.002189767858845088
2021-10-15,1,274.8,274.1167,281.0233,close,9.107712571344521,0.022646652110625887,0.0024865356622999677
2021-10-18,1,285.8433,283.8233,290.0367,close,2.075940594059423,0.014670275637036045,0.007066808982403932
2021-10-19,-1,290.715,292.65,288.0533,close,1.3755555555555519,0.009155702320141734,0.006656003302203197
2021-10-20,-1,287.5267,288.5833,288.5833,stop,-1.0,-0.0036747891587112225,0.0036747891587111843
2021-10-21,1,289.7008,285.1682,297.8667,close,1.801592904734581,0.028187357439123373,0.01564579731916516
2021-10-22,1,300.7017,296.9867,303.1667,close,0.6635262449528813,0.008197492731168321,0.012354436306811807
2021-10-25,1,320.2365,315.2333,315.2333,stop,-1.0,-0.015623453291551681,0.01562345329155169
2021-10-26,1,345.8533,341.0,341.0,stop,-1.0,-0.01403282836971631,0.014032828369716265
2021-10-27,-1,346.2133,349.6667,349.6667,stop,-1.0,-0.009974775665752889,0.00997477566575284
2021-10-28,-1,355.5076,360.3333,359.03,close,-0.729925192200087,-0.009908086353146661,0.013574112058363823
2021-10-29,-1,359.02,361.5633,361.5633,stop,-1.0,-0.0070840064620356635,0.007084006462035666
2021-11-01,-1,377.6867,383.3333,383.3333,stop,-1.0,-0.014950486739406132,0.014950486739406061
2021-11-02,-1,385.6633,388.51,388.51,stop,-1.0,-0.0073813090330348,0.00738130903303477
2021-11-03,1,395.9273,392.0859,392.0859,stop,-1.0,-0.009702286253057135,0.009702286253057118
2021-11-04,-1,409.7433,413.1633,413.1633,stop,-1.0,-0.008346689256419904,0.008346689256419852
2021-11-05,1,409.8767,408.3333,408.3333,stop,-1.0,-0.003765522655959752,0.0037655226559597547
2021-11-08,1,388.91,377.6667,387.5767,close,-0.1185861802139945,-0.003428299606592855,0.028909773469440313
2021-11-09,-1,386.8533,391.5,340.3862999999999,target,10.0,0.12011529952051614,0.012011529952051618
2021-11-10,-1,332.805,339.0,339.0,stop,-1.0,-0.018614503988822362,0.01861450398882226
2021-11-11,-1,362.3533,368.3233,354.5033,close,1.3149078726968058,0.021663939586033742,0.016475633035493337
2021-11-12,1,349.46,347.6667,347.6667,stop,-1.0,-0.005131631660275859,0.0051316316602758195
2021-11-15,-1,335.605,341.1867,341.1867,stop,-1.0,-0.016631754592452364,0.0166317545924523
2021-11-16,1,340.7867,334.06,351.5133,close,1.5946303536652486,0.031475993634728194,0.019738739804106186
2021-11-17,-1,353.685,356.3333,356.3333,stop,-1.0,-0.0074877362624934385,0.007487736262493479
2021-11-18,-1,366.1235,368.98,368.98,stop,-1.0,-0.007802012162562821,0.007802012162562741
2021-11-19,-1,364.99,368.0833,368.0833,stop,-1.0,-0.008475026713060663,0.00847502671306063
2021-11-22,1,391.378,385.5167,385.5167,stop,-1.0,-0.01497605895068188,0.014976058950681877
2021-11-23,-1,386.5917,390.8333,390.8333,stop,-1.0,-0.010971782374013639,0.010971782374013734
2021-11-24,-1,354.6667,361.5766,361.5766,stop,-1.0,-0.019482798920789524,0.01948279892078956
2021-11-29,1,371.1567,366.73,378.9933,close,1.7703029344658565,0.02111399309240536,0.011926768397283365
2021-11-30,1,386.0667,381.3347,381.3347,stop,-1.0,-0.012256949382062787,0.012256949382062808
2021-12-01,1,388.4533,386.0,386.0,stop,-1.0,-0.006315559682463778,0.006315559682463794
2021-12-02,1,367.5833,362.1267,362.1267,stop,-1.0,-0.01484452639714584,0.014844526397145844
2021-12-03,1,361.8233,359.1533,359.1533,stop,-1.0,-0.007379292599454024,0.007379292599453976
2021-12-06,-1,325.0133,334.34,334.34,stop,-1.0,-0.028696364118022233,0.028696364118022122
2021-12-07,-1,347.3067,349.5833,349.5833,stop,-1.0,-0.006555013191510639,0.006555013191510646
2021-12-08,-1,348.8217,351.67,351.67,stop,-1.0,-0.008165489704338835,0.008165489704338906
2021-12-09,-1,352.8033,354.1633,339.20329999999984,target,10.0,0.03854839226277118,0.0038548392262771174
2021-12-10,-1,335.7567,337.6029,337.6029,stop,-1.0,-0.005498624450383183,0.00549862445038313
2021-12-13,-1,330.7967,335.0,321.9933,close,2.0944020174624662,0.026612720138985746,0.012706595924324557
2021-12-14,-1,310.57,317.3533,317.3533,stop,-1.0,-0.021841452812570328,0.021841452812570425
2021-12-15,-1,317.3667,318.96,318.96,stop,-1.0,-0.005020375483628214,0.005020375483628242
2021-12-16,-1,329.0267,331.66,308.9067,close,7.640603045608117,0.0611500525641232,0.00800330185969716
2021-12-17,1,307.96,303.0134,310.3867,close,0.49057938786237915,0.00787991947006117,0.016062475646187784
2021-12-20,-1,300.4967,304.5483,304.5483,stop,-1.0,-0.013483009963171089,0.013483009963171004
2021-12-21,-1,304.8659,306.5,306.5,stop,-1.0,-0.005360061587734055,0.005360061587734113
2021-12-22,1,324.3633,319.0167,336.21,close,2.2157445853439706,0.03652293585618338,0.01648336911111697
2021-12-23,1,337.3767,333.6167,333.6167,stop,-1.0,-0.011144812312172236,0.01114481231217226
2021-12-27,1,361.3139,356.9051,364.6067,close,0.7468698965704978,0.009113405268936559,0.012202132273350085
2021-12-28,-1,367.6667,373.0,362.95,close,0.884386777417358,0.01282873863746703,0.01450580104208515
2021-12-29,-1,362.21,368.0,361.8534,close,0.06158894645940524,0.0009845117473288312,0.01598520195466724
2021-12-30,1,357.007,353.3333,353.3333,stop,-1.0,-0.010290274420389545,0.010290274420389506
2021-12-31,1,359.9798,356.6667,356.6667,stop,-1.0,-0.009203571978205538,0.009203571978205498
2022-01-03,-1,381.4933,383.3333,383.3333,stop,-1.0,-0.0048231515468293296,0.004823151546829347
2022-01-04,1,397.4917,392.7,392.7,stop,-1.0,-0.012054842906153773,0.012054842906153744
2022-01-05,-1,377.7917,384.3049,384.3049,stop,-1.0,-0.017240188177770843,0.017240188177770933
2022-01-06,1,360.44,356.72,356.72,stop,-1.0,-0.010320719121074129,0.01032071912107416
2022-01-07,-1,352.5333,360.1233,360.1233,stop,-1.0,-0.02152988100698572,0.021529881006985652
2022-01-10,-1,328.2467,335.79,335.79,stop,-1.0,-0.022980581373704734,0.022980581373704734
2022-01-11,1,352.73,347.44,347.44,stop,-1.0,-0.014997306721855286,0.014997306721855301
2022-01-12,1,361.225,359.0334,359.0334,stop,-1.0,-0.006067132673541531,0.006067132673541562
2022-01-13,-1,367.8367,370.0,370.0,stop,-1.0,-0.005881142365620429,0.005881142365620376
2022-01-14,-1,338.6867,343.1646,343.1646,stop,-1.0,-0.013221363578788337,0.013221363578788402
2022-01-18,-1,341.99,344.0,344.0,stop,-1.0,-0.005877364835229049,0.005877364835229074
2022-01-19,1,349.2876,346.5033,346.5033,stop,-1.0,-0.00797136800733833,0.00797136800733829
2022-01-20,1,336.715,334.2167,334.2167,stop,-1.0,-0.007419627875206003,0.007419627875205952
2022-01-21,-1,331.24,334.85,314.3233,close,4.68606648199444,0.051070824779616,0.010898442217123577
2022-01-24,-1,301.6533,305.3033,305.3033,stop,-1.0,-0.01209998365673437,0.012099983656734328
2022-01-25,1,306.04,303.1667,303.1667,stop,-1.0,-0.009388642007580827,0.009388642007580801
2022-01-26,-1,314.7333,318.9833,318.9833,stop,-1.0,-0.013503496452393238,0.013503496452393186
2022-01-27,-1,300.52,311.7967,276.42,close,2.1371500527636593,0.08019432982829755,0.037523958471981915
2022-01-28,-1,273.8666,279.7733,279.7733,stop,-1.0,-0.021567799797419518,0.021567799797419622
2022-01-31,1,292.7583,287.35,312.0467,close,3.5664441691474176,0.06588506628163904,0.01847360091925659
2022-02-01,-1,310.3067,311.7633,311.7633,stop,-1.0,-0.004694065580923779,0.004694065580923767
2022-02-02,-1,308.1047,309.5023,309.5023,stop,-1.0,-0.004536120351296136,0.004536120351296203
2022-02-03,1,297.6267,293.5067,297.2011,close,-0.10330097087379389,-0.00142997923237409,0.013842844072793214
2022-02-04,-1,294.4233,301.0,301.0,stop,-1.0,-0.022337566354293292,0.022337566354293348
2022-02-07,-1,306.505,309.6888,309.6888,stop,-1.0,-0.010387432505179373,0.010387432505179425
2022-02-08,-1,299.2767,303.3133,303.3133,stop,-1.0,-0.0134878525458213,0.01348785254582138
2022-02-09,1,313.1767,310.5167,310.5167,stop,-1.0,-0.008493607602353404,0.008493607602353459
2022-02-10,1,306.279,301.9933,301.9933,stop,-1.0,-0.013992797416734426,0.01399279741673448
2022-02-11,1,303.1933,301.9133,301.9133,stop,-1.0,-0.0042217291740946905,0.004221729174094644
2022-02-14,-1,286.6567,288.2,288.2,stop,-1.0,-0.005383791831832241,0.00538379183183225
2022-02-15,1,301.64,297.7925,307.42,close,1.5022742040286101,0.01916191486540253,0.012755271184192974
2022-02-16,1,304.8171,303.75,303.75,stop,-1.0,-0.003500787849500475,0.003500787849500511
2022-02-17,1,304.6467,302.9,302.9,stop,-1.0,-0.00573352673769334,0.00573352673769331
2022-02-18,-1,291.0,295.6233,285.66,close,1.155019142171178,0.018350515463917416,0.015887628865979286
2022-02-22,1,278.35,277.0567,277.0567,stop,-1.0,-0.004646308604275395,0.004646308604275354
2022-02-23,1,278.0867,275.3667,275.3667,stop,-1.0,-0.009781122218358584,0.009781122218358617
2022-02-24,1,238.64,233.3333,266.7833,close,5.303352365877123,0.11793203151190079,0.022237261146496726
2022-02-25,1,271.96,267.6233,267.6233,stop,-1.0,-0.015946095013972705,0.01594609501397267
2022-02-28,1,276.3933,271.5692,290.38,close,2.899338736759193,0.050604338093579004,0.017453751592386598
2022-03-01,-1,287.9133,292.2183,292.2183,stop,-1.0,-0.014952417967492249,0.014952417967492321
2022-03-02,1,291.2383,289.4334,289.4334,stop,-1.0,-0.006197330502203835,0.00619733050220378
2022-03-03,1,295.01,291.4167,291.4167,stop,-1.0,-0.012180265075760088,0.012180265075760142
2022-03-04,-1,280.7967,283.3,283.3,stop,-1.0,-0.008914990810077184,0.00891499081007727
2022-03-07,-1,284.9483,288.1533,288.1533,stop,-1.0,-0.011247654399061169,0.011247654399061106
2022-03-08,-1,261.9867,266.3267,266.3267,stop,-1.0,-0.016565726428097394,0.016565726428097425
2022-03-09,1,280.0167,279.0,279.0,stop,-1.0,-0.0036308548740129343,0.0036308548740129226
2022-03-10,-1,281.8333,284.8167,279.4267,close,0.8066635382449594,0.008539090306220132,0.010585690193458393
2022-03-11,-1,279.14,281.2673,265.1033,close,6.5983641235369035,0.05028551981084761,0.007620907071720252
2022-03-14,-1,253.7296,262.3333,262.3333,stop,-1.0,-0.033908932974316075,0.03390893297431598
2022-03-15,1,259.7067,257.4058,257.4058,stop,-1.0,-0.008859609705872074,0.008859609705872096
2022-03-16,1,270.9967,268.0,268.0,stop,-1.0,-0.011058068234779173,0.011058068234779153
2022-03-17,1,278.6467,275.2393,290.6433,close,3.520748958149914,0.043053084784424156,0.012228388134508664
2022-03-18,-1,289.5483,292.83,292.83,stop,-1.0,-0.011333860361121051,0.011333860361121101
2022-03-21,1,309.34,303.1667,303.1667,stop,-1.0,-0.0199563586991659,0.019956358699165913
2022-03-22,1,311.271,308.1667,308.1667,stop,-1.0,-0.009972981742597309,0.009972981742597361
2022-03-23,1,329.6667,325.4667,332.91,close,0.7722142857142957,0.009838118317682776,0.012740140268944327
2022-03-24,1,339.54,335.2503,335.2503,stop,-1.0,-0.0126338575720093,0.012633857572009303
2022-03-25,1,336.5333,334.7267,334.7267,stop,-1.0,-0.005368265190992982,0.005368265190992995
2022-03-28,-1,351.7701,356.6667,356.6667,stop,-1.0,-0.013919886880664256,0.013919886880664326
2022-03-29,1,369.4233,367.1883,367.1883,stop,-1.0,-0.006049970318601883,0.0060499703186018775
2022-03-30,1,364.6433,362.61,362.61,stop,-1.0,-0.005576134266007338,0.005576134266007347
2022-03-31,-1,362.1667,365.0,365.0,stop,-1.0,-0.007823193021335273,0.007823193021335226
2022-04-01,-1,360.2133,362.2267,362.2267,stop,-1.0,-0.005589466019161327,0.005589466019161397
2022-04-04,-1,360.29,364.55,364.55,stop,-1.0,-0.01182380859862886,0.011823808598628856
2022-04-05,1,379.2117,378.4167,378.4167,stop,-1.0,-0.002096454302438544,0.002096454302438495
2022-04-06,-1,356.5467,359.6667,348.5133,close,2.5748076923076795,0.022531129863212818,0.008750606863000008
2022-04-07,1,353.9567,348.8367,348.8367,stop,-1.0,-0.01446504614830002,0.014465046148300072
2022-04-08,-1,345.9566,349.48,341.83,close,1.1711982743940377,0.011928085777233366,0.010184514473780925
2022-04-11,1,329.7067,325.3333,325.3333,stop,-1.0,-0.01326451661431205,0.013264516614312065
2022-04-12,1,334.4767,331.5533,331.5533,stop,-1.0,-0.008740220170792234,0.008740220170792212
2022-04-13,-1,325.6667,327.5407,327.5407,stop,-1.0,-0.005754349462195663,0.005754349462195624
2022-04-14,1,336.99,332.6767,332.6767,stop,-1.0,-0.012799489599097935,0.012799489599097975
2022-04-18,-1,327.4583,332.0,332.0,stop,-1.0,-0.013869552245278305,0.013869552245278229
2022-04-19,1,335.7633,333.0776,333.0776,stop,-1.0,-0.007998789623523517,0.007998789623523466
2022-04-20,-1,342.58,344.6667,325.6633,close,8.106915224996373,0.04938029073501082,0.0060911319983653674
2022-04-21,1,358.3923,353.9667,353.9667,stop,-1.0,-0.01234847958508034,0.012348479585080301
2022-04-22,-1,336.5583,339.6933,339.6933,stop,-1.0,-0.009314879472590798,0.009314879472590775
2022-04-25,1,326.9933,325.1,332.7633,close,3.0475888660012567,0.017645621485210983,0.0057900268904590825
2022-04-26,-1,329.51,333.3333,292.1233,close,9.778646718803088,0.11346150344450856,0.011602986252314096
2022-04-27,1,303.4033,297.4567,297.4567,stop,-1.0,-0.019599654980680836,0.019599654980680795
2022-04-28,-1,294.9867,300.0,292.5,close,0.49602058524324844,0.008429871584040849,0.01699500350354784
2022-04-29,1,304.26,296.6967,296.6967,stop,-1.0,-0.024858016170380526,0.024858016170380498
2022-05-02,-1,285.8033,290.25,290.25,stop,-1.0,-0.015558602717323566,0.015558602717323494
2022-05-03,-1,297.3533,302.0,302.0,stop,-1.0,-0.015626865415651947,0.015626865415652055
2022-05-04,1,301.6667,300.9333,300.9333,stop,-1.0,-0.0024311599523580973,0.002431159952358074
2022-05-05,1,313.1667,312.3867,312.3867,stop,-1.0,-0.002490686270283482,0.002490686270283439
2022-05-06,-1,285.43,295.8267,295.8267,stop,-1.0,-0.0364246925691063,0.03642469256910629
2022-05-09,-1,275.62,280.2633,280.2633,stop,-1.0,-0.016846745519193185,0.01684674551919313
2022-05-10,-1,272.0833,275.12,266.6867,close,1.7771264859880929,0.019834366901607114,0.011160920203481786
2022-05-11,-1,261.3562,265.6667,265.6667,stop,-1.0,-0.016492817082586875,0.01649281708258687
2022-05-12,-1,233.185,238.9533,238.9533,stop,-1.0,-0.024737011385809637,0.024737011385809596
2022-05-13,-1,251.6533,258.0383,258.0383,stop,-1.0,-0.02537220851067712,0.025372208510677154
2022-05-16,-1,252.7031,256.3433,256.3433,stop,-1.0,-0.014405046871209803,0.014405046871209705
2022-05-17,1,250.3733,247.8816,247.8816,stop,-1.0,-0.009951939763545137,0.009951939763545109
2022-05-18,1,249.1666,246.3733,246.3733,stop,-1.0,-0.011210571561356852,0.011210571561356892
2022-05-19,-1,233.63,236.94,236.94,stop,-1.0,-0.014167701065787686,0.014167701065787795
2022-05-20,-1,237.78,240.5273,221.2967,close,5.999818003130361,0.06932164185381451,0.011553957439650079
2022-05-23,-1,216.0473,219.3367,219.3367,stop,-1.0,-0.015225369629705998,0.01522536962970609
2022-05-24,-1,214.4656,217.9733,209.3967,close,1.4450779713202342,0.023635025850299418,0.016355536738759037
2022-05-25,1,210.6433,207.67,219.56,close,2.998923754750588,0.04233080283113666,0.014115331463189301
2022-05-26,1,220.9167,217.8867,235.85,close,4.928481848184817,0.0675969720713736,0.013715576957287525
2022-05-27,1,243.5533,240.177,253.22,close,2.863104581938794,0.03969028545291731,0.013862674001953637
2022-05-31,-1,255.1333,259.6,252.67,close,0.5514809590973171,0.009654952920688964,0.01750731872319306
2022-06-01,1,254.7767,251.72,251.72,stop,-1.0,-0.011997564926463089,0.01199756492646308
2022-06-02,1,245.12,242.0667,258.2967,close,4.315560213539433,0.053756119451697115,0.012456347911227184
2022-06-03,1,246.1642,242.0567,242.0567,stop,-1.0,-0.01668601689441429,0.01668601689441433
2022-06-06,-1,241.36,244.8667,238.3267,close,0.8650012832577721,0.01256753397414656,0.014528919456413634
2022-06-07,-1,232.2083,234.4967,234.4967,stop,-1.0,-0.009854944892150774,0.009854944892150693
2022-06-08,1,241.5833,239.1767,241.8433,close,0.10803623369068029,0.0010762333323537376,0.009961781298624522
2022-06-09,-1,247.6127,249.5833,249.5833,stop,-1.0,-0.00795839631812112,0.007958396318121078
2022-06-10,-1,232.5867,237.1167,237.1167,stop,-1.0,-0.01947660807776197,0.019476608077761973
2022-06-13,1,223.3833,222.3367,222.3367,stop,-1.0,-0.004685220426056791,0.004685220426056844
2022-06-14,-1,216.2733,218.9583,218.9583,stop,-1.0,-0.01241484732512066,0.012414847325120586
2022-06-15,1,222.525,218.15,233.0,close,2.394285714285713,0.04707336254353445,0.019660712279519155
2022-06-16,-1,221.6667,225.1667,213.1467,close,2.4342857142857093,0.03843608444570146,0.01578947130985394
2022-06-17,1,215.5101,213.3333,213.3333,stop,-1.0,-0.010100686696354333,0.010100686696354305
2022-06-21,1,227.655,224.3333,237.0,close,2.8133184815004424,0.04104895565658562,0.014590938042212965
2022-06-22,1,237.9183,233.8267,236.0233,close,-0.463144002346266,-0.007964919049942676,0.017197500150261665
2022-06-23,-1,236.0183,239.3167,235.05,close,0.2935665777346602,0.004102647972636042,0.013975187517239073
2022-06-24,1,239.8167,236.0867,245.63,close,1.5585254691689046,0.024240597089360216,0.015553545687185212
2022-06-27,-1,247.3733,252.07,244.8767,close,0.5315647156514158,0.010092439240613316,0.018986285100291714
2022-06-28,1,247.185,244.0,244.0,stop,-1.0,-0.012885086069138518,0.012885086069138508
2022-06-29,-1,226.77,231.1733,228.4667,close,-0.3853246428814735,-0.007482030250915095,0.019417471446840417
2022-06-30,1,226.8367,224.0033,224.0033,stop,-1.0,-0.01249092408768071,0.012490924087680749
2022-07-01,-1,226.4166,228.9467,228.9467,stop,-1.0,-0.011174534022682092,0.011174534022682103
2022-07-05,-1,219.6583,224.1333,224.1333,stop,-1.0,-0.020372551367282776,0.020372551367282703
2022-07-06,1,232.9967,230.6667,230.6667,stop,-1.0,-0.0100001416329073,0.0100001416329073
2022-07-07,1,235.3207,232.21,244.49,close,2.947664512810647,0.03896512291523879,0.013218981585555288
2022-07-08,1,243.5241,241.1614,250.69,close,3.0329284293392895,0.029425835061088312,0.009702119831261128
2022-07-11,-1,249.52,253.0633,234.365,close,4.277086331950456,0.06073661429945498,0.014200464892593731
2022-07-12,-1,236.3901,238.93,238.93,stop,-1.0,-0.01074452779536883,0.01074452779536883
2022-07-13,1,226.5233,225.0333,241.4233000000001,target,10.0,0.06577689800563613,0.006577689800563603
2022-07-14,-1,232.1817,236.83,236.83,stop,-1.0,-0.0200200963297279,0.020020096329727993
2022-07-15,1,241.94,239.55,239.55,stop,-1.0,-0.00987848226833099,0.009878482268330935
2022-07-18,1,247.5383,243.7667,243.7667,stop,-1.0,-0.015236430079708874,0.015236430079708905
2022-07-19,1,245.92,244.1227,244.1227,stop,-1.0,-0.007308474300585455,0.007308474300585469
2022-07-20,1,249.8567,246.5,246.5,stop,-1.0,-0.013434500655775894,0.013434500655775849
2022-07-21,1,257.3333,254.8667,271.7367,close,5.83937403713613,0.05597176890826017,0.009585234402232435
2022-07-22,-1,274.24,277.5,277.5,stop,-1.0,-0.011887397899649876,0.011887397899649908
2022-07-25,-1,271.5867,274.1467,268.3867,close,1.2499999999999944,0.0117826093840383,0.009426087507230663
2022-07-26,-1,264.8783,267.31,258.7817,close,2.507134926183361,0.023016608004506334,0.009180442490003816
2022-07-27,-1,262.7911,265.2167,265.2167,stop,-1.0,-0.009230145160928238,0.009230145160928325
2022-07-28,1,282.4433,279.1667,279.1667,stop,-1.0,-0.01160091246632522,0.011600912466325206
2022-07-29,-1,279.7,282.1667,282.1667,stop,-1.0,-0.008819091884161523,0.008819091884161613
2022-08-01,1,302.1467,298.72,298.72,stop,-1.0,-0.011341179632277876,0.011341179632277905
2022-08-02,1,296.3179,292.6667,300.5567,close,1.1609333917615987,0.014304906993468647,0.012321901579351154
2022-08-03,1,307.5177,303.3333,303.3333,stop,-1.0,-0.013607021644607697,0.013607021644607717
2022-08-04,1,311.5576,308.8833,308.8833,stop,-1.0,-0.008583645528146167,0.00858364552814619
2022-08-05,1,303.1933,301.1,301.1,stop,-1.0,-0.006904176312603205,0.006904176312603211
2022-08-08,1,296.6313,292.75,292.75,stop,-1.0,-0.013084593567839975,0.013084593567839975
2022-08-09,-1,285.6667,292.3967,283.3,close,0.35166419019316103,0.008284829838409502,0.023558923738748752
2022-08-10,-1,292.0274,297.51,294.2833,close,-0.4114653631488711,-0.007724960055118135,0.018774265702464873
2022-08-11,-1,295.2795,298.2367,286.7167,close,2.8955768970647844,0.028998965387031506,0.010014918069151432
2022-08-12,-1,286.7167,289.5233,289.5233,stop,-1.0,-0.009788756636777807,0.009788756636777708
2022-08-15,1,306.11,301.23,309.28,close,0.6495901639344185,0.010355754467348266,0.015941981640586703
2022-08-16,-1,310.2983,312.6667,312.6667,stop,-1.0,-0.007632655415772627,0.007632655415772527
2022-08-17,1,304.0167,301.8367,301.8367,stop,-1.0,-0.007170658717103429,0.007170658717103391
2022-08-18,-1,303.1466,306.1333,306.1333,stop,-1.0,-0.009852328873225069,0.009852328873225171
2022-08-19,-1,298.0133,300.36,296.67,close,0.5724208462947971,0.004507516946391288,0.007874480769817985
2022-08-22,-1,290.2238,292.4,289.99,close,0.10743497840270858,0.0008055852070022462,0.007498351272362896
2022-08-23,-1,291.1367,292.23,292.23,stop,-1.0,-0.003755280594991861,0.0037552805949919717
2022-08-24,1,298.1433,297.0167,297.0167,stop,-1.0,-0.003778719830363486,0.00377871983036344
2022-08-25,-1,298.5,302.96,296.11,close,0.5358744394618828,0.008006700167504155,0.01494137353433829
2022-08-26,1,298.3358,296.53,296.53,stop,-1.0,-0.006052910847441195,0.006052910847441149
2022-08-29,1,284.372,281.95,281.95,stop,-1.0,-0.008517012926729906,0.008517012926729866
2022-08-30,-1,286.49,288.48,277.7288,close,4.402613065326628,0.030581172117700506,0.006946141226569894
2022-08-31,-1,277.49,281.25,275.48,close,0.5345744680851052,0.007243504270424084,0.01355003783920138
2022-09-01,-1,272.47,275.0,275.0,stop,-1.0,-0.009285425918449608,0.009285425918449636
2022-09-02,-1,278.19,282.35,270.25,close,1.908653846153834,0.028541644200007155,0.014953808548114688
2022-09-06,-1,271.11,272.97,272.97,stop,-1.0,-0.00686068385526184,0.006860683855261752
2022-09-07,1,275.5,272.27,283.73,close,2.5479876160990624,0.0298729582577133,0.011724137931034549
2022-09-08,-1,280.69,281.58,281.58,stop,-1.0,-0.003170757775481814,0.0031707577754817996
2022-09-09,1,293.9,291.245,299.71,close,2.1883239171374997,0.019768628785301168,0.009033684926845774
2022-09-12,1,303.15,300.4,304.52,close,0.49818181818181984,0.004519214910110536,0.009071416790367805
2022-09-13,1,294.85,292.0673,292.0673,stop,-1.0,-0.00943768017636093,0.009437680176360977
2022-09-14,-1,292.13,294.45,294.45,stop,-1.0,-0.007941669804539142,0.007941669804539052
2022-09-15,1,303.45,300.7247,303.67,close,0.08072505779181262,0.0007249958807054036,0.008981051244027037
2022-09-16,-1,298.63,300.6,300.6,stop,-1.0,-0.00659679201687724,0.0065967920168771635
2022-09-19,1,302.26,297.8,309.2,close,1.5560538116591995,0.022960365248461567,0.014755508502613576
2022-09-20,1,308.86,306.03,306.03,stop,-1.0,-0.009162727449329888,0.009162727449329925
2022-09-21,1,308.5795,307.65,307.65,stop,-1.0,-0.0030121897274446585,0.0030121897274446897
2022-09-22,-1,298.1144,301.29,288.49,close,3.0307343494142476,0.032284250609832976,0.010652286504778136
2022-09-23,-1,282.7,284.5,275.36,close,4.077777777777738,0.025963919349133224,0.00636717368234882
2022-09-26,1,272.8,270.31,276.05,close,1.3052208835341317,0.011913489736070426,0.009127565982404724
2022-09-27,1,286.233,283.27,283.27,stop,-1.0,-0.01035170647689132,0.010351706476891282
2022-09-28,-1,278.705,283.14,283.14,stop,-1.0,-0.015912882797222805,0.015912882797222878
2022-09-29,-1,281.88,283.65,268.28,close,7.683615819209131,0.04824748119767286,0.0062792677735205825
2022-09-30,1,268.83,263.63,263.63,stop,-1.0,-0.01934307926942669,0.019343079269426734
2022-10-03,-1,247.715,255.16,242.34,close,0.7219610476830094,0.021698322669196468,0.030054699957612552
2022-10-04,1,252.025,248.84,248.84,stop,-1.0,-0.012637635155242521,0.012637635155242544
2022-10-05,-1,244.3301,246.6697,240.71,close,1.547315780475274,0.014816430722207286,0.009575570099631682
2022-10-06,1,241.66,239.36,239.36,stop,-1.0,-0.009517503931142812,0.009517503931142857
2022-10-07,-1,231.69,234.5715,223.08,close,2.9880270692347803,0.037161724718373645,0.012436876861323271
2022-10-10,-1,221.57,225.5,225.5,stop,-1.0,-0.017737058266010797,0.017737058266010772
2022-10-11,-1,220.1195,222.67,222.67,stop,-1.0,-0.011586888031273945,0.011586888031273921
2022-10-12,-1,214.83,216.3655,216.3655,stop,-1.0,-0.007147511986221655,0.007147511986221593
2022-10-13,1,208.715,206.22,221.7,close,5.204408817635255,0.06221402390820008,0.011954100088637638
2022-10-14,-1,222.985,226.26,205.07,close,5.470229007633632,0.08034172702199704,0.014687086575330075
2022-10-17,1,212.42,209.45,219.49,close,2.3804713804713886,0.033283118350437846,0.01398173429997175
2022-10-18,-1,225.04,229.82,220.1801,close,1.0167154811715442,0.021595716317099112,0.021240668325631006
2022-10-19,1,221.67,218.0,218.0,stop,-1.0,-0.01655614201290201,0.016556142012902005
2022-10-20,1,208.63,205.55,205.55,stop,-1.0,-0.014762977520011433,0.014762977520011428
2022-10-21,-1,206.0393,207.7,207.7,stop,-1.0,-0.008060112803722319,0.008060112803722356
2022-10-24,-1,203.14,206.78,206.78,stop,-1.0,-0.01791867677463821,0.017918676774638254
2022-10-25,1,213.42,210.0,222.411,close,2.6289473684210662,0.04212819791959532,0.0160247399493955
2022-10-26,1,222.1,218.2,224.6,close,0.6410256410256401,0.011256190904997743,0.017559657811796515
2022-10-27,1,230.64,228.2,228.2,stop,-1.0,-0.010579257717655222,0.010579257717655211
2022-10-28,1,226.34,223.7109,223.7109,stop,-1.0,-0.011615710877440955,0.011615710877440991
2022-10-31,1,226.405,224.8,224.8,stop,-1.0,-0.0070890660541949035,0.007089066054194871
2022-11-01,1,235.6342,234.03,234.03,stop,-1.0,-0.00680801004268472,0.00680801004268477
2022-11-02,-1,224.28,226.4999,226.4999,stop,-1.0,-0.009897895487783082,0.009897895487783108
2022-11-03,1,215.725,210.14,215.36,close,-0.06535362578334471,-0.001691968941939903,0.025889442577355468
2022-11-04,-1,219.6,223.8,207.53,close,2.8738095238095105,0.054963570127504524,0.019125683060109366
2022-11-07,-1,205.1,208.9,197.06,close,2.115789473684202,0.039200390053632295,0.0185275475377865
2022-11-08,-1,189.0348,194.1,194.1,stop,-1.0,-0.026795066305251858,0.026795066305251757
2022-11-09,-1,187.815,190.775,190.775,stop,-1.0,-0.015760189548225778,0.01576018954822569
2022-11-10,-1,185.21,190.15,190.15,stop,-1.0,-0.02667242589493002,0.026672425894930067
2022-11-11,-1,183.56,186.99,186.99,stop,-1.0,-0.018685988232730377,0.018685988232730478
2022-11-14,-1,190.92,194.85,194.85,stop,-1.0,-0.02058453802639848,0.02058453802639853
2022-11-15,-1,195.69,197.75,197.75,stop,-1.0,-0.010526853697174099,0.010526853697174113
2022-11-16,1,191.99,189.92,189.92,stop,-1.0,-0.010781811552685094,0.010781811552685148
2022-11-17,-1,183.6242,186.16,183.18,close,0.17517154349711964,0.0024190711246120378,0.01380972660466319
2022-11-18,-1,181.87,185.19,180.2,close,0.5030120481927769,0.00918238302083918,0.01825479738274588
2022-11-21,-1,173.39,176.77,167.86,close,1.6360946745561933,0.03189341945902291,0.019493627083453625
2022-11-22,1,170.01,167.9,167.9,stop,-1.0,-0.012411034645020802,0.012411034645020795
2022-11-23,-1,172.9362,174.19,174.19,stop,-1.0,-0.007250072570115451,0.00725007257011536
2022-11-28,1,181.75,179.0,182.92,close,0.4254545454545409,0.006437414030261213,0.015130674002751032
2022-11-29,-1,183.4019,185.75,185.75,stop,-1.0,-0.012803029848654779,0.01280302984865472
2022-11-30,1,184.43,182.43,182.43,stop,-1.0,-0.010844222740335141,0.010844222740335085
2022-12-01,1,197.97,195.1,195.1,stop,-1.0,-0.014497146032227182,0.014497146032227128
2022-12-02,1,194.08,191.6,191.6,stop,-1.0,-0.012778235779060232,0.012778235779060274
2022-12-05,1,189.4,188.3603,188.3603,stop,-1.0,-0.005489440337909213,0.005489440337909242
2022-12-06,-1,180.43,183.65,179.81,close,0.19254658385093315,0.0034362356592584353,0.017846256165826076
2022-12-07,1,177.69,174.88,174.88,stop,-1.0,-0.01581405819123194,0.015814058191231935
2022-12-08,-1,172.04,173.75,173.75,stop,-1.0,-0.00993954894210658,0.009939548942106533
2022-12-09,1,174.79,173.36,179.03,close,2.965034965035016,0.024257680645345836,0.008181246066708498
2022-12-12,-1,174.13,177.37,167.73,close,1.9753086419753048,0.03675414919887443,0.01860678803193022
2022-12-13,-1,172.9013,175.05,160.98,close,5.5481453902359075,0.06894858511763646,0.012427321252067042
2022-12-14,1,160.015,158.9001,158.9001,stop,-1.0,-0.006967471799518621,0.006967471799518654
2022-12-15,1,156.68,153.28,157.71,close,0.30294117647058805,0.0065739086035230265,0.02170028082716368
2022-12-16,-1,157.85,160.99,150.19,close,2.43949044585986,0.04852708267342409,0.019892302819132183
2022-12-19,-1,150.77,154.13,154.13,stop,-1.0,-0.022285600583670462,0.022285600583670392
2022-12-20,-1,145.4015,147.53,147.53,stop,-1.0,-0.014638776078651272,0.014638776078651201
2022-12-21,-1,138.97,139.6,139.6,stop,-1.0,-0.004533352522126943,0.004533352522127045
2022-12-22,-1,135.15,136.63,125.345,close,6.625000000000051,0.07254901960784321,0.010950795412504549
2022-12-23,-1,123.81,126.6,126.6,stop,-1.0,-0.022534528713350932,0.022534528713351036
2022-12-27,1,119.26,117.08,117.08,stop,-1.0,-0.018279389569008986,0.018279389569008944
2022-12-28,1,112.935,108.24,112.71,close,-0.04792332268370781,-0.00199229645371235,0.04157258600079698
2022-12-29,-1,118.0715,120.6,120.6,stop,-1.0,-0.021414990069576367,0.021414990069576433
2022-12-30,1,122.49,119.75,123.24,close,0.2737226277372268,0.006122948812147921,0.022369172993713732
2023-01-03,-1,115.74,118.8,108.055,close,2.511437908496726,0.06639882495247962,0.026438569206842944
2023-01-04,1,109.735,107.52,113.64,close,1.7629796839729097,0.035585729256846,0.020184991114958795
2023-01-05,-1,109.21,111.33,111.33,stop,-1.0,-0.019412141745261513,0.019412141745261464
2023-01-06,1,103.9,102.13,102.13,stop,-1.0,-0.01703561116458141,0.017035611164581427
2023-01-09,1,119.05,117.73,117.73,stop,-1.0,-0.011087778244435076,0.011087778244435055
2023-01-10,1,122.24,120.3,120.3,stop,-1.0,-0.015870418848167533,0.015870418848167523
2023-01-11,-1,120.845,122.5,122.5,stop,-1.0,-0.013695229426124333,0.013695229426124384
2023-01-12,-1,120.425,122.92,122.92,stop,-1.0,-0.0207182893917377,0.020718289391737633
2023-01-13,1,118.1,116.41,116.41,stop,-1.0,-0.014309906858594346,0.014309906858594392
2023-01-17,1,127.16,125.06,125.06,stop,-1.0,-0.01651462724127084,0.016514627241270795
2023-01-18,-1,135.63,136.68,128.75,close,6.552380952380877,0.05072624050726238,0.0077416500774165845
2023-01-19,1,127.8815,126.82,126.82,stop,-1.0,-0.008300653339224251,0.008300653339224277
2023-01-20,-1,127.9145,129.05,129.05,stop,-1.0,-0.008877023324173727,0.008877023324173627
2023-01-23,-1,135.17,136.63,136.63,stop,-1.0,-0.010801213286971922,0.010801213286972021
2023-01-24,1,143.2314,141.77,141.77,stop,-1.0,-0.010203069997221315,0.010203069997221263
2023-01-25,-1,141.17,142.13,142.13,stop,-1.0,-0.006800311680952076,0.006800311680952101
2023-01-26,-1,158.15,161.42,160.265,close,-0.6467889908256858,-0.013373379702813715,0.02067657287385382
2023-01-27,1,163.8,161.17,177.865,close,5.347908745247099,0.08586691086691078,0.0160561660561662
2023-01-30,-1,175.58,179.77,166.7,close,2.1193317422434435,0.05057523635949435,0.023863765804761346
2023-01-31,1,169.22,162.78,173.29,close,0.6319875776397507,0.0240515305519442,0.03805696726155299
2023-02-01,-1,171.71,174.9,174.9,stop,-1.0,-0.018577834721332565,0.018577834721332464
2023-02-02,-1,186.71,187.97,187.97,stop,-1.0,-0.006748433399389464,0.006748433399389378
2023-02-03,1,189.5299,183.69,189.98,close,0.07707323755543621,0.0023748231809335163,0.03081255253128926
2023-02-06,1,196.6511,192.6363,192.6363,stop,-1.0,-0.020415853254825422,0.020415853254825464
2023-02-07,-1,195.08,197.25,197.25,stop,-1.0,-0.011123641582940325,0.011123641582940267
2023-02-08,-1,195.46,196.3899,196.3899,stop,-1.0,-0.004757495139670498,0.004757495139670539
2023-02-09,-1,207.14,208.12,208.12,stop,-1.0,-0.004731099739306854,0.004731099739306837
2023-02-10,1,203.925,201.55,201.55,stop,-1.0,-0.011646438641657486,0.011646438641657472
2023-02-13,-1,191.06,194.98,194.98,stop,-1.0,-0.020517115042395062,0.020517115042394993
2023-02-14,1,193.65,189.44,209.28,close,3.712589073634196,0.08071262587141748,0.021740253033823948
2023-02-15,1,212.5513,210.5,210.5,stop,-1.0,-0.009650846642669353,0.009650846642669311
2023-02-16,-1,210.4459,211.97,211.97,stop,-1.0,-0.007242241355141621,0.00724224135514165
2023-02-17,1,204.2985,199.56,199.56,stop,-1.0,-0.023194002892825916,0.02319400289282588
2023-02-21,1,206.04,203.71,203.71,stop,-1.0,-0.011308483789555401,0.01130848378955535
2023-02-22,-1,197.856,199.9,199.9,stop,-1.0,-0.010330745592754376,0.010330745592754383
2023-02-23,1,204.9122,203.18,203.18,stop,-1.0,-0.008453376616912034,0.008453376616912053
2023-02-24,1,197.01,195.955,195.955,stop,-1.0,-0.005355058118877154,0.0053550581188771046
2023-02-27,1,203.7829,201.26,207.6,close,1.5129810931863927,0.018731208555771817,0.012380332206480627
2023-02-28,-1,208.915,211.23,205.74,close,1.3714902807775318,0.015197568389057725,0.011081061675801153
2023-03-01,-1,204.35,207.2,202.75,close,0.5614035087719289,0.00782970393931981,0.013946660141913356
2023-03-02,1,189.0901,186.01,190.87,close,0.5778708483490759,0.009412972968970923,0.016289060082997554
2023-03-03,-1,193.93,194.99,194.99,stop,-1.0,-0.005465889754034947,0.005465889754034972
2023-03-06,-1,196.635,198.6,193.8299,close,1.4275318066157643,0.014265517329061339,0.009993134487756522
2023-03-07,1,191.8215,190.32,190.32,stop,-1.0,-0.007827589712310679,0.007827589712310628
2023-03-08,-1,183.6498,186.5,182.05,close,0.5612939442846071,0.008711144798415171,0.015519755534718802
2023-03-09,1,182.51,180.0,180.0,stop,-1.0,-0.013752671086515789,0.013752671086515757
2023-03-10,-1,172.7,176.0,176.0,stop,-1.0,-0.019108280254777066,0.01910828025477714
2023-03-13,-1,166.955,168.85,168.85,stop,-1.0,-0.011350363870503921,0.011350363870503918
2023-03-14,1,180.87,177.1401,183.24,close,0.6354057749537508,0.01310333388621654,0.02062199369713062
2023-03-15,-1,180.285,182.0,182.0,stop,-1.0,-0.009512715977480157,0.00951271597748012
2023-03-16,-1,179.64,181.3499,181.3499,stop,-1.0,-0.009518481407259083,0.00951848140725899
2023-03-17,-1,184.03,186.2199,180.1,close,1.7946024932645404,0.021355213823833097,0.011899690267891075
2023-03-20,-1,177.23,179.68,179.68,stop,-1.0,-0.013823844721548406,0.013823844721548368
2023-03-21,1,189.005,188.04,197.615,close,8.922279792746096,0.04555435041401035,0.005105685034787458
2023-03-22,-1,198.56,200.66,191.0,close,3.6000000000000107,0.03807413376309432,0.01057614826752616
2023-03-23,1,197.47,195.1038,195.1038,stop,-1.0,-0.011982579632349166,0.011982579632349178
2023-03-24,-1,190.56,192.36,190.42,close,0.0777777777777855,0.0007346767422334866,0.009445843828715425
2023-03-27,1,196.2556,194.08,194.08,stop,-1.0,-0.011085543546273224,0.0110855435462732
2023-03-28,-1,190.6,192.35,189.205,close,0.7971428571428467,0.0073189926547743145,0.009181532004197272
2023-03-29,1,194.1399,192.6203,192.6203,stop,-1.0,-0.007827345125860363,0.0078273451258604
2023-03-30,1,195.925,195.1,195.1,stop,-1.0,-0.004210794947046126,0.00421079494704615
2023-03-31,1,198.1,197.2,207.10000000000005,target,10.0,0.04543160020191861,0.004543160020191851
2023-04-03,1,202.5657,199.02,199.02,stop,-1.0,-0.017503950570111226,0.01750395057011124
2023-04-04,1,198.43,196.47,196.47,stop,-1.0,-0.009877538678627285,0.009877538678627264
2023-04-05,-1,189.8834,190.68,185.5,close,5.5026362038663414,0.023084693027405234,0.004195206110697471
2023-04-06,-1,180.4625,183.8199,183.8199,stop,-1.0,-0.018604419200664912,0.01860441920066487
2023-04-10,-1,177.4,180.68,180.68,stop,-1.0,-0.018489289740698966,0.01848928974069899
2023-04-11,1,187.885,185.78,185.78,stop,-1.0,-0.011203661814407684,0.011203661814407696
2023-04-12,-1,189.7675,191.5846,180.55,close,5.072643222717567,0.048572595412807784,0.009575401478124452
2023-04-13,-1,182.34,183.4197,183.4197,stop,-1.0,-0.005921355709114895,0.005921355709114854
2023-04-14,-1,182.69,184.2499,184.2499,stop,-1.0,-0.00853850785483612,0.008538507854836055
2023-04-17,-1,185.93,187.17,187.17,stop,-1.0,-0.006669176571828084,0.006669176571828003
2023-04-18,-1,186.9,187.6,187.6,stop,-1.0,-0.0037453183520599342,0.003745318352059864
2023-04-19,1,179.5392,177.65,180.54,close,0.5297480414990495,0.005574270131536663,0.010522493137988741
2023-04-20,1,167.32,165.01,165.01,stop,-1.0,-0.013805880946688998,0.013805880946688994
2023-04-21,-1,162.532,165.37,165.37,stop,-1.0,-0.01746117687593829,0.017461176875938237
2023-04-24,-1,163.54,165.2,165.2,stop,-1.0,-0.010150421915127827,0.010150421915127777
2023-04-25,-1,159.45,160.67,160.67,stop,-1.0,-0.007651301348384987,0.007651301348385067
2023-04-26,-1,159.6,160.67,153.64,close,5.570093457943968,0.03734335839599001,0.00670426065162903
2023-04-27,1,154.44,152.37,160.15,close,2.7584541062802064,0.03697228697228705,0.013403263403263359
2023-04-28,-1,158.4015,161.66,161.66,stop,-1.0,-0.020571143581342266,0.020571143581342335
2023-05-01,-1,161.375,163.24,163.24,stop,-1.0,-0.011556932610379711,0.011556932610379607
2023-05-02,1,164.37,161.83,161.83,stop,-1.0,-0.015452941534343179,0.015452941534343201
2023-05-03,1,161.5576,159.91,160.6082,close,-0.5762320951687246,-0.005876541864944795,0.010198220325134882
2023-05-04,-1,162.13,162.86,162.86,stop,-1.0,-0.004502559674335549,0.004502559674335522
2023-05-05,1,164.87,163.51,170.07,close,3.823529411764659,0.031540001213076874,0.008248923394189443
2023-05-08,-1,171.0654,173.8,171.85,close,-0.28691581949827516,-0.0045865499393797915,0.015985699036742674
2023-05-09,1,169.085,168.3,168.3,stop,-1.0,-0.004642635360913139,0.00464263536091313
2023-05-10,1,173.4008,171.72,171.72,stop,-1.0,-0.0096931502046127,0.009693150204612694
2023-05-11,-1,167.34,168.78,168.78,stop,-1.0,-0.008605234851201127,0.008605234851201134
2023-05-15,1,168.7499,166.73,166.73,stop,-1.0,-0.011969784870983657,0.011969784870983668
2023-05-16,1,166.52,165.12,165.12,stop,-1.0,-0.00840739851068939,0.00840739851068944
2023-05-17,-1,167.43,168.47,168.47,stop,-1.0,-0.006211551095980372,0.006211551095980362
2023-05-18,-1,174.05,174.8,174.8,stop,-1.0,-0.004309106578569422,0.0043091065785693765
2023-05-19,1,178.31,176.31,180.13,close,0.9099999999999966,0.010206942964499977,0.01121642084010992
2023-05-22,1,182.86,180.11,188.93,close,2.207272727272725,0.03319479383134638,0.015038827518320025
2023-05-23,1,187.8714,186.065,186.065,stop,-1.0,-0.009615087767483432,0.009615087767483483
2023-05-24,1,182.7742,181.26,181.26,stop,-1.0,-0.008284539065141705,0.00828453906514167
2023-05-25,-1,185.18,186.78,184.44,close,0.46250000000000735,0.003996111891133025,0.008640241926773918
2023-05-26,1,186.71,184.53,193.16,close,2.958715596330261,0.03454555192544584,0.011675860960848411
2023-05-30,1,201.97,198.5879,198.5879,stop,-1.0,-0.016745556270733264,0.01674555627073332
2023-05-31,-1,199.14,202.34,202.34,stop,-1.0,-0.016069097117605846,0.01606909711760579
2023-06-01,-1,202.0983,205.99,205.99,stop,-1.0,-0.01925647073726,0.01925647073726011
2023-06-02,1,212.1834,209.752,213.985,close,0.7409722793452375,0.008490767892304518,0.011458954847551677
2023-06-05,1,220.93,217.45,217.45,stop,-1.0,-0.01575159552799532,0.015751595527995373
2023-06-06,-1,214.5087,216.86,216.86,stop,-1.0,-0.010961326976481667,0.010961326976481648
2023-06-07,1,228.285,226.4,226.4,stop,-1.0,-0.008257222331734426,0.008257222331734416
2023-06-08,1,224.9251,223.01,234.83,close,5.17200146206467,0.04403643701836746,0.008514389901349362
2023-06-09,-1,248.095,249.5,249.5,stop,-1.0,-0.005663153227594364,0.005663153227594273
2023-06-12,1,248.7401,247.45,247.45,stop,-1.0,-0.005186538077294411,0.005186538077294428
2023-06-13,1,255.28,252.57,252.57,stop,-1.0,-0.010615794421811375,0.010615794421811375
2023-06-14,-1,257.9289,260.56,260.56,stop,-1.0,-0.010200873186370307,0.010200873186370366
2023-06-15,1,251.16,247.29,255.81,close,1.2015503875968994,0.018514094601051134,0.01540850453893934
2023-06-16,1,259.56,257.3,257.3,stop,-1.0,-0.008707042687625122,0.008707042687625177
2023-06-20,1,264.3842,261.12,274.46,close,3.086759389743247,0.03811044684213338,0.012346426148007393
2023-06-21,-1,275.01,276.97,276.97,stop,-1.0,-0.007127013563143381,0.007127013563143291
2023-06-22,1,254.445,248.25,264.59,close,1.6376109765940263,0.03987109198451533,0.024347108412427022
2023-06-23,1,261.0085,258.89,258.89,stop,-1.0,-0.008116593904030078,0.008116593904030097
2023-06-26,1,254.221,250.0,250.0,stop,-1.0,-0.01660366374139033,0.01660366374139038
2023-06-27,-1,243.1948,244.9584,244.9584,stop,-1.0,-0.00725179979177204,0.007251799791771967
2023-06-28,1,250.915,248.89,256.4,close,2.7086419753086273,0.021859992427714525,0.008070462108682246
2023-06-29,1,260.4381,257.42,257.42,stop,-1.0,-0.011588550215963056,0.01158855021596304
2023-06-30,1,261.06,259.89,261.68,close,0.5299145299145266,0.0023749329656017615,0.004481728338313093
2023-07-06,1,278.42,277.88,277.88,stop,-1.0,-0.0019395158393794576,0.0019395158393794283
2023-07-07,1,279.15,277.98,277.98,stop,-1.0,-0.004191295002686557,0.004191295002686581
2023-07-10,-1,274.4881,277.52,269.5,close,1.6452059764503981,0.018172372499937084,0.011045651888005372
2023-07-11,1,269.36,267.23,267.23,stop,-1.0,-0.007907632907632856,0.00790763290763289
2023-07-12,-1,274.46,276.52,272.0,close,1.1941747572815422,0.00896305472564296,0.0075056474531808
2023-07-13,-1,273.81,274.97,274.97,stop,-1.0,-0.004236514371279476,0.004236514371279446
2023-07-14,1,277.78,276.31,281.39,close,2.4557823129252285,0.0129958960328318,0.00529195766433858
2023-07-17,1,290.2,286.04,286.04,stop,-1.0,-0.014334941419710479,0.014334941419710435
2023-07-18,-1,287.5889,290.52,290.52,stop,-1.0,-0.01019197889765544,0.0101919788976555
2023-07-19,-1,295.1,296.8399,296.8399,stop,-1.0,-0.005895967468654506,0.005895967468654616
2023-07-20,1,280.335,276.6,276.6,stop,-1.0,-0.013323345283321575,0.013323345283321587
2023-07-21,-1,264.13,268.0,259.95,close,1.080103359173127,0.015825540453564546,0.014651875970166223
2023-07-24,1,257.08,254.12,269.13,close,4.070945945945978,0.04687256885016344,0.011513925626264118
2023-07-25,-1,270.35,272.9,265.23,close,2.0078431372549397,0.018938413168115398,0.009432217495838559
2023-07-26,-1,261.865,264.2346,264.2346,stop,-1.0,-0.009048937429591453,0.00904893742959155
2023-07-27,-1,267.84,268.99,268.99,stop,-1.0,-0.004293608124253501,0.004293608124253413
2023-07-28,-1,258.915,260.0,260.0,stop,-1.0,-0.004190564470965219,0.004190564470965295
2023-07-31,-1,267.08,269.08,267.49,close,-0.2050000000000125,-0.0015351205631273235,0.007488392990864161
2023-08-01,-1,264.319,266.47,261.0818,close,1.5049744304974495,0.012247322364264512,0.008137893984163114
2023-08-02,-1,255.18,256.72,256.72,stop,-1.0,-0.006034955717532764,0.006034955717532802
2023-08-03,1,253.435,252.0,259.3,close,4.087108013937282,0.02314202852802505,0.005662201353404235
2023-08-04,1,263.21,260.86,260.86,stop,-1.0,-0.008928232210022258,0.008928232210022287
2023-08-07,1,251.8363,250.25,250.25,stop,-1.0,-0.006298933076764546,0.006298933076764527
2023-08-08,1,248.73,247.17,247.17,stop,-1.0,-0.0062718610541551145,0.006271861054155117
2023-08-09,-1,248.42,251.1,242.19,close,2.324626865671632,0.025078496095322422,0.010788181305853019
2023-08-10,1,246.2194,244.53,244.53,stop,-1.0,-0.006861360234002745,0.006861360234002707
2023-08-11,-1,241.44,242.6,242.6,stop,-1.0,-0.004804506295559952,0.004804506295559959
2023-08-14,-1,234.85,236.04,236.04,stop,-1.0,-0.005067064083457584,0.0050670640834575165
2023-08-15,1,239.2292,238.57,238.57,stop,-1.0,-0.0027555164670532983,0.0027555164670533465
2023-08-16,1,229.71,227.45,227.45,stop,-1.0,-0.009838492011666977,0.009838492011666969
2023-08-17,-1,224.2924,226.74,219.19,close,2.0846543552867876,0.022748876020765696,0.010912540951008695
2023-08-18,1,216.78,213.5,213.5,stop,-1.0,-0.01513054709844086,0.01513054709844082
2023-08-21,1,221.725,220.58,231.27,close,8.336244541484863,0.04304882173864022,0.0051640545721050035
2023-08-22,-1,239.4735,240.82,233.19,close,4.666542888971438,0.02623881139249229,0.00562275157794074
2023-08-23,1,230.8,229.29,236.8425,close,4.001655629139015,0.026180675909878603,0.00654246100519939
2023-08-24,-1,235.35,238.92,230.01,close,1.4957983193277349,0.022689611217335925,0.01516889738687059
2023-08-25,1,233.57,230.93,230.93,stop,-1.0,-0.0113028214239842,0.011302821423984186
2023-08-28,-1,241.8221,244.38,238.89,close,1.1462918800578723,0.012125029101972107,0.010577610565783645
2023-08-29,1,240.27,237.77,257.18,close,6.7639999999999985,0.07037915678195361,0.01040496108544554
2023-08-30,1,254.6495,253.41,253.41,stop,-1.0,-0.004867474705428365,0.004867474705428413
2023-08-31,1,257.3,255.12,255.12,stop,-1.0,-0.008472600077730319,0.008472600077730302
2023-09-01,-1,256.39,259.0794,244.99,close,4.238863687067685,0.0444635126174967,0.010489488669605035
2023-09-05,1,248.48,244.86,256.49,close,2.212707182320462,0.032235994848680116,0.01456857694784279
2023-09-06,-1,252.3614,255.39,251.99,close,0.1226309185762386,0.001471698920674891,0.01200104294872347
2023-09-07,-1,244.0,245.0999,245.0999,stop,-1.0,-0.00450778688524589,0.004507786885245865
2023-09-08,1,255.54,250.31,250.31,stop,-1.0,-0.02046646317601941,0.02046646317601937
2023-09-11,-1,261.8,264.87,264.87,stop,-1.0,-0.011726508785332213,0.011726508785332289
2023-09-12,-1,269.4201,272.585,272.585,stop,-1.0,-0.011747081973468187,0.01174708197346816
2023-09-13,1,271.7,268.61,268.61,stop,-1.0,-0.011372837688627069,0.01137283768862707
2023-09-14,-1,271.1061,272.75,272.75,stop,-1.0,-0.006063677652402344,0.006063677652402412
2023-09-15,-1,276.36,278.98,274.42,close,0.7404580152671735,0.007019829208279038,0.009480387899840804
2023-09-18,-1,269.0,271.44,265.2,close,1.557377049180334,0.014126394052044633,0.009070631970260215
2023-09-19,1,267.76,263.08,263.08,stop,-1.0,-0.01747833881087546,0.017478338810875436
2023-09-20,-1,265.8782,267.62,267.62,stop,-1.0,-0.006551120024131496,0.006551120024131395
2023-09-21,1,258.1399,256.33,256.33,stop,-1.0,-0.00701131440742031,0.007011314407420268
2023-09-22,-1,255.66,257.7888,244.74,close,5.129650507328105,0.04271297817413744,0.008326683877024111
2023-09-25,-1,238.84,243.65,243.65,stop,-1.0,-0.020139005191760262,0.020139005191760182
2023-09-26,1,244.94,241.6601,244.13,close,-0.24695874874234056,-0.003306932309953492,0.013390626275822642
2023-09-27,-1,242.7849,245.19,245.19,stop,-1.0,-0.009906299773997596,0.009906299773997495
2023-09-28,1,241.683,238.65,246.37,close,1.5453346521595885,0.019393172047682317,0.012549496654708801
2023-09-29,1,251.5667,248.6,248.6,stop,-1.0,-0.01179289627760749,0.011792896277607502
2023-10-02,-1,243.62,246.61,246.61,stop,-1.0,-0.01227321237993606,0.012273212379936003
2023-10-03,-1,247.5768,249.02,249.02,stop,-1.0,-0.005829302260955016,0.00582930226095506
2023-10-04,1,250.15,247.6,261.26,close,4.356862745098014,0.04441335198880658,0.010193883669798166
2023-10-05,1,262.98,258.72,258.72,stop,-1.0,-0.01619895049053155,0.016198950490531563
2023-10-06,1,254.05,253.33,253.33,stop,-1.0,-0.00283408777799643,0.0028340877779964527
2023-10-09,-1,254.3,256.62,256.62,stop,-1.0,-0.00912308297286657,0.009123082972866665
2023-10-10,1,260.4725,257.65,263.56,close,1.093888396811311,0.011853458618472201,0.010836076745146023
2023-10-11,1,267.9954,266.05,266.05,stop,-1.0,-0.007259079820026826,0.007259079820026785
2023-10-12,1,264.29,262.8,262.8,stop,-1.0,-0.005637746414922984,0.005637746414923035
2023-10-13,-1,257.33,259.6,251.13,close,2.731277533039596,0.024093576341662426,0.008821357789608825
2023-10-16,1,253.43,248.48,253.88,close,0.0909090909090883,0.001775638243301847,0.019532020676320944
2023-10-17,-1,249.31,251.4,251.4,stop,-1.0,-0.008383137459387902,0.008383137459387924
2023-10-18,1,254.26,251.28,251.28,stop,-1.0,-0.011720286321088569,0.011720286321088609
2023-10-19,1,228.46,224.32,224.32,stop,-1.0,-0.018121334150398405,0.018121334150398384
2023-10-20,-1,214.31,217.84,217.84,stop,-1.0,-0.016471466567122395,0.016471466567122398
2023-10-23,-1,206.35,210.48,210.48,stop,-1.0,-0.020014538405621396,0.020014538405621497
2023-10-24,1,218.0899,214.8214,214.8214,stop,-1.0,-0.014986938872455724,0.014986938872455757
2023-10-25,-1,215.2956,216.26,216.26,stop,-1.0,-0.004479422709985581,0.004479422709985636
2023-10-26,1,212.584,211.06,211.06,stop,-1.0,-0.007168930869679735,0.007168930869679754
2023-10-27,1,211.105,209.8787,209.8787,stop,-1.0,-0.005808957627720712,0.005808957627720711
2023-10-30,1,209.84,207.55,207.55,stop,-1.0,-0.010913076629813112,0.010913076629813154
2023-10-31,1,196.59,195.15,195.15,stop,-1.0,-0.007324889363650278,0.007324889363650225
2023-11-01,-1,202.01,204.73,204.73,stop,-1.0,-0.013464679966338267,0.013464679966338294
2023-11-02,-1,211.76,213.78,213.78,stop,-1.0,-0.009539100868908301,0.009539100868908247
2023-11-03,-1,220.78,222.88,222.88,stop,-1.0,-0.009511731135066537,0.009511731135066556
2023-11-06,-1,223.1925,224.98,224.98,stop,-1.0,-0.008008781657089736,0.008008781657089707
2023-11-07,-1,218.13,220.9598,220.9598,stop,-1.0,-0.012972997753633253,0.012972997753633182
2023-11-08,-1,221.2275,224.15,222.1,close,-0.29854576561163326,-0.00394390389983168,0.013210382976799964
2023-11-09,-1,218.55,220.8,209.94,close,3.826666666666673,0.03939601921757041,0.01029512697323267
2023-11-10,1,210.646,208.28,208.28,stop,-1.0,-0.01123211454288231,0.011232114542882303
2023-11-13,-1,214.1,217.44,217.44,stop,-1.0,-0.015600186828584883,0.01560018682858479
2023-11-14,-1,231.7254,235.39,235.39,stop,-1.0,-0.015814407915575757,0.015814407915575843
2023-11-15,1,239.7917,236.45,242.925,close,0.9376365323039222,0.013066757523300554,0.013935845152271755
2023-11-16,1,239.88,238.68,238.68,stop,-1.0,-0.005002501250625291,0.005002501250625266
2023-11-17,-1,229.275,232.11,232.11,stop,-1.0,-0.012365063788027486,0.012365063788027512
2023-11-20,-1,231.29,234.3215,234.3215,stop,-1.0,-0.013106922045916347,0.013106922045916358
2023-11-21,1,236.849,233.34,241.24,close,1.2513536620119798,0.018539238079958276,0.014815346486579999
2023-11-22,-1,241.74,244.01,234.2101,close,3.3171365638766774,0.031148754860593986,0.00939025399189204
2023-11-27,-1,233.2394,237.8,237.8,stop,-1.0,-0.01955330017141188,0.01955330017141196
2023-11-28,1,237.72,235.67,235.67,stop,-1.0,-0.008623590779067825,0.00862359077906786
2023-11-29,1,251.71,247.72,247.72,stop,-1.0,-0.01585157522545788,0.015851575225457906
2023-11-30,-1,242.5313,245.22,240.0499,close,0.9228995425298355,0.010231256749128836,0.011085991787451812
2023-12-01,-1,233.0399,235.76,235.76,stop,-1.0,-0.0116722501168256,0.011672250116825498
2023-12-04,1,236.7901,234.92,234.92,stop,-1.0,-0.007897711939815033,0.007897711939815085
2023-12-05,1,236.7965,233.7,238.85,close,0.6631680930082261,0.008672003175722587,0.013076629088690162
2023-12-06,1,244.1429,242.29,242.29,stop,-1.0,-0.007589407678863513,0.007589407678863507
2023-12-07,-1,240.77,242.7,242.7,stop,-1.0,-0.00801594883083423,0.008015948830834316
2023-12-08,1,241.2083,239.2701,243.77,close,1.3216902280466458,0.01062028130872772,0.00803537855040641
2023-12-11,-1,241.448,243.441,239.6238,close,0.9153035624686521,0.00755524999171675,0.008254365329180589
2023-12-12,-1,235.07,238.99,236.93,close,-0.4744897959183689,-0.007912536691198513,0.016675883779299853
2023-12-13,1,236.585,234.0,234.0,stop,-1.0,-0.010926305556142601,0.010926305556142647
2023-12-14,1,243.86,240.79,251.1401,close,2.3713680781758715,0.02985360452718755,0.01258919051915042
2023-12-15,-1,250.1705,252.34,252.34,stop,-1.0,-0.00867208563759525,0.008672085637595157
2023-12-18,1,255.7473,252.56,252.56,stop,-1.0,-0.01246269266576805,0.012462692665768098
2023-12-19,1,254.94,253.01,257.195,close,1.1683937823834132,0.008845218482780304,0.007570408723621271
2023-12-20,-1,255.41,256.63,256.63,stop,-1.0,-0.0047766336478602955,0.004776633647860299
2023-12-21,1,253.6,251.57,251.57,stop,-1.0,-0.008004731861198766,0.008004731861198744
2023-12-22,-1,256.31,258.0,258.0,stop,-1.0,-0.0065935780890327145,0.006593578089032803
2023-12-26,-1,254.1589,255.48,255.48,stop,-1.0,-0.005197929326889561,0.005197929326889601
2023-12-27,1,260.1936,257.52,261.55,close,0.5073309395571503,0.005213041366121329,0.01027542568302995
2023-12-28,1,263.86,263.15,263.15,stop,-1.0,-0.0026908208898659414,0.0026908208898659756
2023-12-29,-1,252.33,255.19,248.49,close,1.3426573426573507,0.015218166686482015,0.011334363730036004
2024-01-02,-1,245.075,250.9,250.9,stop,-1.0,-0.023768234214016193,0.02376823421401619
2024-01-03,-1,241.34,245.68,238.42,close,0.6728110599078373,0.012099113284163465,0.017982928648379894
2024-01-04,1,240.68,238.45,238.45,stop,-1.0,-0.009265414658467752,0.00926541465846775
2024-01-05,-1,236.72,237.57,237.57,stop,-1.0,-0.003590740114903568,0.0035907401149036598
2024-01-08,1,237.46,235.3,240.38,close,1.3518518518518483,0.012296807883432903,0.00909626884527919
2024-01-09,-1,237.9183,238.9646,234.8742,close,2.909395010991092,0.012794728274369782,0.004397728127680814
2024-01-10,-1,233.58,235.5,233.89,close,-0.16145833333332077,-0.001327168421953795,0.008219881839198508
2024-01-11,-1,228.83,230.93,227.3053,close,0.7260476190476325,0.0066630249530219565,0.009177118384827139
2024-01-12,1,223.29,219.6,219.6,stop,-1.0,-0.016525594518339348,0.01652559451833937
2024-01-16,-1,212.32,215.42,215.42,stop,-1.0,-0.014600602863602097,0.014600602863602083
2024-01-17,-1,212.705,215.38,215.38,stop,-1.0,-0.012576103053524745,0.012576103053524754
2024-01-18,-1,215.75,217.45,211.8,close,2.323529411764715,0.018308227114716025,0.007879490150637259
2024-01-19,1,211.78,209.12,209.12,stop,-1.0,-0.012560203985267693,0.012560203985267715
2024-01-22,1,214.13,210.11,210.11,stop,-1.0,-0.018773642179984007,0.018773642179984038
2024-01-23,1,212.38,211.2206,211.2206,stop,-1.0,-0.005459082776155921,0.005459082776155971
2024-01-24,-1,210.8,212.36,212.36,stop,-1.0,-0.007400379506641297,0.007400379506641377
2024-01-25,-1,189.6204,193.0,182.54,close,2.095040833234695,0.0373398642762065,0.01782297685270156
2024-01-26,-1,184.975,186.3,186.3,stop,-1.0,-0.007163130152723518,0.007163130152723433
2024-01-29,-1,185.56,186.21,186.21,stop,-1.0,-0.0035029101099375293,0.003502910109937517
2024-01-30,-1,193.8499,195.51,195.51,stop,-1.0,-0.008563842436854596,0.008563842436854494
2024-01-31,1,188.74,185.8459,187.22,close,-0.5252064545109034,-0.008053406803009477,0.01533379251880899
2024-02-01,1,188.69,187.76,187.76,stop,-1.0,-0.004928719063013398,0.004928719063013444
2024-02-02,-1,184.8204,186.38,186.38,stop,-1.0,-0.008438462420814918,0.008438462420814958
2024-02-05,-1,183.901,184.68,176.11100000000005,target,10.0,0.04235974790784147,0.004235974790784152
2024-02-06,1,180.955,177.11,185.1,close,1.0780234070221022,0.02290624740957692,0.021248376668232427
2024-02-07,-1,187.48,188.88,188.88,stop,-1.0,-0.0074674631960742754,0.007467463196074279
2024-02-08,-1,186.86,189.0,189.0,stop,-1.0,-0.011452424274858153,0.01145242427485811
2024-02-09,1,191.6892,189.48,193.57,close,0.851348904580837,0.009811716048687025,0.011524905941492842
2024-02-12,1,193.36,191.43,191.43,stop,-1.0,-0.009981381878361617,0.00998138187836164
2024-02-13,1,184.89,183.25,183.25,stop,-1.0,-0.008870139001568411,0.008870139001568427
2024-02-14,1,186.2,184.9501,184.9501,stop,-1.0,-0.006712674543501551,0.006712674543501594
2024-02-15,1,192.66,188.8595,200.49,close,2.0602552295750596,0.04064154469012782,0.019726461123222256
2024-02-16,-1,199.04,202.43,202.43,stop,-1.0,-0.01703175241157573,0.01703175241157564
2024-02-20,1,198.36,195.29,195.29,stop,-1.0,-0.015476910667473365,0.015476910667473389
2024-02-21,1,195.8275,192.7,192.7,stop,-1.0,-0.015970688488593288,0.015970688488593267
2024-02-22,-1,191.4899,194.3,194.3,stop,-1.0,-0.01467492541382076,0.01467492541382081
2024-02-23,1,196.79,194.61,194.61,stop,-1.0,-0.011077798668631456,0.011077798668631426
2024-02-26,1,194.5,192.0,199.35,close,1.9399999999999977,0.02493573264781479,0.012853470437017995
2024-02-27,-1,203.345,205.6,199.72,close,1.607538802660757,0.01782684600063933,0.011089527650052843
2024-02-28,-1,200.045,201.3499,201.3499,stop,-1.0,-0.00652303231772855,0.006523032317728529
2024-02-29,-1,203.71,205.28,201.75,close,1.2484076433121125,0.009621520789357407,0.007707034509842389
2024-03-01,-1,199.95,201.46,201.46,stop,-1.0,-0.007551887971993132,0.007551887971993096
2024-03-04,-1,196.35,199.75,188.13,close,2.417647058823525,0.04186401833460651,0.017316017316017344
2024-03-05,1,183.4999,181.71,181.71,stop,-1.0,-0.00975422874889842,0.00975422874889844
2024-03-06,-1,178.99,181.576,176.5,close,0.9628770301624223,0.013911391697860265,0.01444773451030775
2024-03-07,1,178.1071,173.7,178.57,close,0.10503505706700303,0.0025989980186078565,0.0247441006001446
2024-03-08,-1,180.39,182.73,175.34,close,2.158119658119648,0.027994899939020934,0.012971894229170151
2024-03-11,1,177.0059,174.8,177.83,close,0.3735890112879192,0.00465577701082287,0.01246229645452488
2024-03-12,-1,175.21,177.96,177.96,stop,-1.0,-0.015695451172878183,0.01569545117287826
2024-03-13,1,175.12,172.6,172.6,stop,-1.0,-0.01439013248058485,0.0143901324805848
2024-03-14,1,171.05,167.2,167.2,stop,-1.0,-0.02250803858520911,0.022508038585209136
2024-03-15,1,164.87,162.55,162.55,stop,-1.0,-0.014071692848911188,0.014071692848911221
2024-03-18,-1,168.61,170.2,170.2,stop,-1.0,-0.009430045667516707,0.009430045667516606
2024-03-19,-1,170.74,172.82,171.31,close,-0.27403846153846034,-0.0033384092772636986,0.01218226543282174
2024-03-20,1,174.08,172.21,172.21,stop,-1.0,-0.0107421875,0.010742187500000026
2024-03-21,-1,176.0429,178.18,172.77,close,1.5314678770296135,0.018591491051328957,0.012139654595555991
2024-03-22,1,167.904,166.3,170.78,close,1.793017456359122,0.01712883552506206,0.009553077949304276
2024-03-25,1,174.07,168.73,172.64,close,-0.26779026217228574,-0.00821508588498887,0.030677313724363782
2024-03-26,1,178.822,177.6301,177.6301,stop,-1.0,-0.006665287268904252,0.006665287268904295
2024-03-27,-1,178.78,181.577,181.577,stop,-1.0,-0.015644926725584485,0.015644926725584502
2024-03-28,1,179.31,176.45,176.45,stop,-1.0,-0.01595003067313594,0.015950030673135985
2024-04-01,-1,175.94,176.75,175.12,close,1.0123456790123344,0.004660679777196752,0.004603842218938287
2024-04-02,-1,164.0099,166.6391,166.6391,stop,-1.0,-0.01603073960779211,0.016030739607792128
2024-04-03,1,165.97,163.98,163.98,stop,-1.0,-0.011990118696149965,0.011990118696149962
2024-04-04,-1,168.58,170.74,170.74,stop,-1.0,-0.0128129078182464,0.012812907818246509
2024-04-05,-1,168.8027,169.85,169.85,stop,-1.0,-0.006204284647105762,0.006204284647105805
2024-04-08,1,170.66,167.79,172.99,close,0.8118466898954735,0.013652877065510438,0.01681706316652997
2024-04-09,-1,172.6,174.0391,174.0391,stop,-1.0,-0.008337775202780895,0.008337775202780975
2024-04-10,1,174.041,172.68,172.68,stop,-1.0,-0.00781999643762099,0.007819996437620963
2024-04-11,1,174.0382,171.81,171.81,stop,-1.0,-0.012802936366843487,0.012802936366843527
2024-04-12,-1,172.24,173.08,173.08,stop,-1.0,-0.0048769159312587185,0.004876915931258728
2024-04-15,-1,168.73,170.69,161.46,close,3.7091836734693633,0.04308658804006393,0.011616191548628033
2024-04-16,-1,155.505,157.8,157.8,stop,-1.0,-0.014758367898138447,0.014758367898138426
2024-04-17,-1,156.06,157.71,157.71,stop,-1.0,-0.010572856593617841,0.010572856593617876
2024-04-18,1,151.91,151.1,151.1,stop,-1.0,-0.0053321045355803065,0.005332104535580293
2024-04-19,1,149.8,148.35,148.35,stop,-1.0,-0.00967957276368503,0.009679572763685026
2024-04-22,-1,139.1359,141.35,141.35,stop,-1.0,-0.015913218658879513,0.015913218658879572
2024-04-23,-1,142.12,144.0,144.0,stop,-1.0,-0.013228257810301125,0.013228257810301122
2024-04-24,-1,159.9837,164.63,164.63,stop,-1.0,-0.029042333687744337,0.029042333687744417
2024-04-25,1,160.53,158.36,170.31,close,4.50691244239634,0.06092319192674278,0.01351772254407268
2024-04-26,-1,168.072,170.4,170.4,stop,-1.0,-0.013851206625731916,0.013851206625731846
2024-04-29,-1,187.96,188.49,188.49,stop,-1.0,-0.0028197488827410577,0.002819748882741015
2024-04-30,1,188.587,186.7731,186.7731,stop,-1.0,-0.009618372422277144,0.009618372422277198
2024-05-01,-1,180.62,184.11,184.11,stop,-1.0,-0.019322334182261258,0.01932233418226115
2024-05-02,1,183.0155,182.2874,182.2874,stop,-1.0,-0.003978351560387061,0.003978351560387027
2024-05-03,-1,182.01,182.99,182.99,stop,-1.0,-0.005384319542882432,0.005384319542882359
2024-05-06,1,185.32,183.3285,183.3285,stop,-1.0,-0.010746276710554725,0.010746276710554727
2024-05-07,-1,180.25,183.26,177.81,close,0.810631229235882,0.013536754507628257,0.01669902912621354
2024-05-08,1,171.6885,170.15,174.78,close,2.0094247643808893,0.01800644772363902,0.008960996222810491
2024-05-09,-1,173.79,175.62,171.96,close,0.9999999999999845,0.010529949939582117,0.010529949939582327
2024-05-10,-1,171.46,173.0599,168.46,close,1.8751171948246872,0.017496792254753313,0.009331039309459879
2024-05-13,1,170.2736,169.0,171.92,close,1.2927135678392083,0.009669144247845818,0.0074797267456610285
2024-05-14,1,176.84,174.07,177.61,close,0.2779783393501832,0.004354218502601315,0.01566387695091614
2024-05-15,-1,176.14,180.0,174.0899,close,0.5311139896373003,0.01163903712955594,0.021914386283638093
2024-05-16,-1,171.8,174.24,174.24,stop,-1.0,-0.014202561117578671,0.014202561117578566
2024-05-17,-1,173.01,173.85,173.85,stop,-1.0,-0.00485521068146344,0.004855210681463519
2024-05-20,-1,175.48,177.754,174.97,close,0.22427440633244974,0.0029063141098699674,0.012958741736950085
2024-05-21,1,178.35,174.71,186.69,close,2.291208791208801,0.046761984861227957,0.020409307541351198
2024-05-22,-1,181.935,183.8,180.196,close,0.9324396782841801,0.009558358754500285,0.010250913787891329
2024-05-23,-1,179.58,181.9,173.74,close,2.5172413793103536,0.0325203252032521,0.012919033299922002
2024-05-24,1,175.45,173.73,179.34,close,2.2616279069767544,0.022171558848674833,0.009803362781419201
2024-05-28,-1,173.829,176.4,176.4,stop,-1.0,-0.014790397459572224,0.014790397459572327
2024-05-29,1,175.34,173.93,176.21,close,0.6170212765957493,0.004961788525151167,0.008041519333865613
2024-05-30,-1,178.16,179.08,179.08,stop,-1.0,-0.005163897620116931,0.005163897620116839
2024-05-31,-1,177.7,178.75,178.75,stop,-1.0,-0.005908835115363109,0.005908835115363035
2024-06-03,1,181.41,177.25,177.25,stop,-1.0,-0.022931481175238355,0.022931481175238393
2024-06-04,1,175.19,174.42,174.42,stop,-1.0,-0.0043952280381300834,0.004395228038130089
2024-06-05,-1,172.8,175.35,175.35,stop,-1.0,-0.01475694444444442,0.014756944444444345
2024-06-06,1,176.09,174.27,174.27,stop,-1.0,-0.010335623828723883,0.01033562382872391
2024-06-07,1,178.3901,175.94,175.94,stop,-1.0,-0.013734506567348759,0.013734506567348705
2024-06-10,1,176.6595,175.6207,175.6207,stop,-1.0,-0.005880238537978477,0.005880238537978478
2024-06-11,-1,171.795,174.75,170.58,close,0.4111675126903451,0.0070723827818037766,0.01720073343228856
2024-06-12,-1,170.1637,172.77,172.77,stop,-1.0,-0.015316427651725917,0.015316427651725981
2024-06-13,-1,186.6588,188.58,188.58,stop,-1.0,-0.01029257661572891,0.010292576615728799
2024-06-14,-1,182.6593,186.0,177.965,close,1.4051845421618225,0.025699759059626293,0.018289241226699095
2024-06-17,1,180.195,177.0,187.52,close,2.2926447574335,0.04065040650406515,0.017730791642387375
2024-06-18,-1,184.8,187.2,184.881,close,-0.03374999999999568,-0.00043831168831154343,0.012987012987012863
2024-06-20,-1,182.1843,185.21,181.52,close,0.21955250024787556,0.0036463076126757032,0.016607907487088625
2024-06-21,1,183.39,181.6,181.6,stop,-1.0,-0.00976061944489881,0.009760619444898807
2024-06-24,1,186.38,184.3,184.3,stop,-1.0,-0.011159995707693882,0.011159995707693873
2024-06-25,-1,183.6,184.7491,184.7491,stop,-1.0,-0.0062587145969499325,0.006258714596949914
2024-06-26,1,189.7562,186.36,196.4,close,1.9562452152405665,0.03501229472343992,0.01789770242026344
2024-06-27,1,195.1,194.7,194.7,stop,-1.0,-0.002050230650948226,0.0020502306509482607
2024-06-28,-1,199.2713,201.18,201.18,stop,-1.0,-0.009578398896378904,0.00957839889637901
2024-07-01,1,203.67,200.85,209.8601,close,2.1950709219858213,0.03039279226199243,0.013845927235233433
2024-07-02,1,220.6801,218.06,231.24,close,4.030342353345279,0.04785161870055332,0.011872842181963883
2024-07-05,-1,245.88,252.37,251.42,close,-0.8536209553158681,-0.022531316089149156,0.02639498942573617
2024-07-08,-1,246.0399,249.27,249.27,stop,-1.0,-0.013128358449178368,0.013128358449178453
2024-07-09,1,254.65,250.3,262.4099,close,1.783885057471264,0.030472805811898596,0.017082269782053777
2024-07-10,-1,262.28,264.49,264.49,stop,-1.0,-0.00842610950129652,0.008426109501296464
2024-07-11,1,265.7613,262.63,262.63,stop,-1.0,-0.011782377644901643,0.011782377644901684
2024-07-12,-1,234.6199,236.93,236.93,stop,-1.0,-0.009846138371041757,0.009846138371041866
2024-07-15,1,257.01,252.86,252.86,stop,-1.0,-0.016147231625228464,0.016147231625228502
2024-07-16,1,255.43,253.9,253.9,stop,-1.0,-0.005989899385350217,0.005989899385350198
2024-07-17,1,253.4003,252.0,252.0,stop,-1.0,-0.005526039235154712,0.005526039235154762
2024-07-18,-1,251.0,252.65,252.65,stop,-1.0,-0.006573705179282907,0.0065737051792828915
2024-07-19,-1,247.5501,249.01,239.19,close,5.726488115624332,0.03377134567911699,0.005897392083461104
2024-07-22,1,246.8,243.75,251.69,close,1.6032786885245798,0.019813614262560675,0.012358184764991943
2024-07-23,-1,253.2908,255.7594,246.35,close,2.811634124605027,0.027402495471608113,0.009746110004785051
2024-07-24,-1,221.59,225.99,215.5,close,1.3840909090909082,0.027483189674624375,0.01985649171894041
2024-07-25,1,220.5319,216.231,220.25,close,-0.06554442093515463,-0.001278273120578044,0.01950239398472517
2024-07-26,-1,218.48,222.2799,219.96,close,-0.3894839337877352,-0.006774075430245441,0.017392438667154925
2024-07-29,1,227.74,224.7,232.125,close,1.442434210526303,0.019254412927022013,0.013348555370159042
2024-07-30,-1,228.87,232.41,222.68,close,1.7485875706214722,0.027045921265347106,0.015467295844802692
2024-07-31,1,229.63,226.7875,232.1,close,0.8689533861037811,0.010756434263815784,0.012378609066759576
2024-08-01,1,229.21,226.77,226.77,stop,-1.0,-0.010645259805418639,0.010645259805418602
2024-08-02,-1,213.46,215.03,215.03,stop,-1.0,-0.007355007964021221,0.00735500796402133
2024-08-05,1,187.7,182.0,198.87,close,1.9596491228070243,0.0595098561534364,0.030367607884922692
2024-08-06,-1,198.05,201.23,201.23,stop,-1.0,-0.016056551375914996,0.016056551375915062
2024-08-07,1,202.55,200.12,200.12,stop,-1.0,-0.01199703776845229,0.011997037768452267
2024-08-08,-1,194.67,196.2,196.2,stop,-1.0,-0.007859454461396131,0.007859454461396215
2024-08-09,1,198.07,196.23,196.23,stop,-1.0,-0.00928964507497354,0.009289645074973511
2024-08-12,-1,197.44,199.26,197.51,close,-0.038461538461534855,-0.00035453808752028415,0.009217990275526708
2024-08-13,-1,197.68,198.77,198.77,stop,-1.0,-0.005513961958721225,0.005513961958721183
2024-08-14,-1,206.01,208.44,201.34,close,1.9218106995884667,0.02266880248531622,0.011795543905635683
2024-08-15,1,208.63,204.82,214.14,close,1.4461942257217815,0.02641039160235814,0.01826199491923502
2024-08-16,1,214.35,210.8,216.12,close,0.4985915492957799,0.008257522743177148,0.01656169815721942
2024-08-19,-1,215.53,219.58,219.58,stop,-1.0,-0.01879088757945535,0.018790887579455347
2024-08-20,1,227.1893,224.73,224.73,stop,-1.0,-0.010824893601943497,0.010824893601943459
2024-08-21,-1,221.3878,223.6,223.6,stop,-1.0,-0.009992420539885138,0.009992420539885196
2024-08-22,-1,222.03,224.8,210.66,close,4.10469314079421,0.0512092960410756,0.012475791559699186
2024-08-23,1,215.89,214.21,220.29,close,2.619047619047656,0.02038074945574131,0.007781740701282961
2024-08-26,-1,216.8199,219.09,213.24,close,1.5769789877097746,0.01651093834099171,0.010469979923429601
2024-08-27,1,215.446,212.7,212.7,stop,-1.0,-0.01274565320312282,0.012745653203122868
2024-08-28,-1,208.55,211.84,205.55,close,0.9118541033434673,0.014385039558858836,0.015775593382881765
2024-08-29,1,211.5401,209.51,209.51,stop,-1.0,-0.009596762032352268,0.00959676203235228
2024-08-30,-1,207.26,210.4,210.4,stop,-1.0,-0.01515005307343431,0.015150053073434406
2024-09-03,1,218.8,215.07,215.07,stop,-1.0,-0.017047531992687492,0.017047531992687468
2024-09-04,1,213.75,210.57,219.46,close,1.7955974842767282,0.0267134502923978,0.014877192982456173
2024-09-05,1,224.585,222.25,230.18,close,2.396145610278364,0.024912616603958382,0.010396954382527808
2024-09-06,-1,228.0,233.6,210.71,close,3.0875000000000017,0.07583333333333331,0.024561403508771906
2024-09-09,1,217.6432,213.67,216.49,close,-0.2902446390818465,-0.005298580428885424,0.018255566909510704
2024-09-10,1,222.1,219.1,219.1,stop,-1.0,-0.013507429085997336,0.0135074290859973
2024-09-11,-1,221.2181,224.55,224.55,stop,-1.0,-0.015061606622604584,0.015061606622604655
2024-09-12,1,228.945,223.83,229.83,close,0.17302052785924196,0.00386555722990245,0.022341610430452644
2024-09-13,1,231.4499,226.32,230.28,close,-0.22805512778027015,-0.005054657617048042,0.022164191905030075
2024-09-16,-1,225.11,229.79,229.79,stop,-1.0,-0.020789836080138402,0.020789836080138503
2024-09-17,1,232.18,229.41,229.41,stop,-1.0,-0.011930398828495226,0.011930398828495177
2024-09-18,-1,227.9399,231.75,231.75,stop,-1.0,-0.016715371025432635,0.016715371025432607
2024-09-19,-1,232.91,234.608,234.608,stop,-1.0,-0.0072903696706883014,0.007290369670688281
2024-09-20,1,242.44,240.8137,240.8137,stop,-1.0,-0.006708051476653987,0.006708051476653961
2024-09-23,1,245.8,241.92,250.0,close,1.082474226804114,0.01708706265256299,0.015785191212367874
2024-09-24,1,254.68,251.25,251.25,stop,-1.0,-0.013467881262761106,0.013467881262761138
2024-09-25,1,255.86,252.28,256.99,close,0.3156424581005563,0.004416477761275628,0.013992026889705356
2024-09-26,1,260.81,259.4,259.4,stop,-1.0,-0.0054062344235268345,0.0054062344235268015
2024-09-27,1,258.72,256.66,256.66,stop,-1.0,-0.007962275819418663,0.007962275819418685
2024-09-30,1,262.3006,258.1,258.1,stop,-1.0,-0.016014450595995378,0.016014450595995405
2024-10-01,-1,261.4716,263.98,258.02,close,1.3760165842768495,0.013200668829808082,0.009593393699353943
2024-10-02,1,250.18,245.11,245.11,stop,-1.0,-0.020265408905587923,0.02026540890558795
2024-10-03,1,249.18,244.436,244.436,stop,-1.0,-0.019038446103218587,0.019038446103218556
2024-10-04,1,247.72,246.1,246.1,stop,-1.0,-0.006539641530760587,0.006539641530760554
2024-10-07,-1,247.1593,249.83,240.84,close,2.366158684988944,0.025567720899031476,0.010805581663324062
2024-10-08,1,244.2,243.0376,243.0376,stop,-1.0,-0.004760032760032673,0.004760032760032723
2024-10-09,-1,240.215,244.61,244.61,stop,-1.0,-0.018296109735029153,0.018296109735029077
2024-10-10,-1,240.11,242.37,242.37,stop,-1.0,-0.009412352671692048,0.009412352671692104
2024-10-11,-1,215.61,220.34,220.34,stop,-1.0,-0.02193775798896147,0.0219377579889615
2024-10-14,-1,219.1504,221.91,219.1501,close,0.00010871140744366451,1.3689228949287369e-06,0.012592265403120442
2024-10-15,1,222.854,219.3351,219.3351,stop,-1.0,-0.01579015857915944,0.01579015857915946
2024-10-16,-1,220.09,222.8199,221.36,close,-0.4652185061723933,-0.005770366668181204,0.012403562179108485
2024-10-17,-1,219.2,221.8,221.8,stop,-1.0,-0.011861313868613221,0.011861313868613244
2024-10-18,-1,219.45,221.9496,221.9496,stop,-1.0,-0.011390293916609728,0.011390293916609775
2024-10-21,-1,215.94,219.42,219.42,stop,-1.0,-0.016115587663239728,0.01611558766323974
2024-10-22,-1,216.61,217.76,217.76,stop,-1.0,-0.00530908083652637,0.005309080836526371
2024-10-23,1,217.81,216.6401,216.6401,stop,-1.0,-0.005371195078279323,0.005371195078279292
2024-10-24,1,247.12,242.65,260.54,close,3.002237136465329,0.05430560051796696,0.018088378115895108
2024-10-25,1,262.0,255.32,269.1101,close,1.0643862275449074,0.027137786259541885,0.025496183206106898
2024-10-28,-1,268.7706,270.9,270.9,stop,-1.0,-0.007922741549856838,0.007922741549856924
2024-10-29,-1,262.9,264.98,259.4,close,1.6826923076922746,0.013313046785850102,0.007911753518448236
2024-10-30,1,259.02,257.66,257.66,stop,-1.0,-0.005250559802331689,0.0052505598023316995
2024-10-31,1,258.075,256.55,256.55,stop,-1.0,-0.005909134941392891,0.005909134941392918
2024-11-01,1,252.16,251.33,251.33,stop,-1.0,-0.003291560913705527,0.0032915609137055208
2024-11-04,-1,241.72,245.32,245.32,stop,-1.0,-0.014893264934635164,0.014893264934635091
2024-11-05,1,249.1802,246.2101,251.5,close,0.7810511430591511,0.009309728461571076,0.01191948637973644
2024-11-06,1,287.9,281.4488,281.4488,stop,-1.0,-0.022407780479333006,0.022407780479333006
2024-11-07,-1,288.2144,289.96,289.96,stop,-1.0,-0.00605660230717131,0.006056602307171215
2024-11-08,1,302.1,297.66,321.26,close,4.315315315315311,0.06342270771267788,0.014697120158887777
2024-11-11,1,348.75,341.5,341.5,stop,-1.0,-0.02078853046594986,0.02078853046594982
2024-11-12,-1,340.4101,345.84,328.24,close,2.2413119946960434,0.035751289400637654,0.01595105433123158
2024-11-13,1,342.5102,334.68,334.68,stop,-1.0,-0.02286121697981547,0.022861216979815465
2024-11-14,1,328.18,323.55,323.55,stop,-1.0,-0.014108111402279189,0.014108111402279223
2024-11-15,1,316.3,310.02,310.02,stop,-1.0,-0.019854568447676302,0.01985456844767635
2024-11-18,-1,339.5902,340.7599,340.7599,stop,-1.0,-0.0034444456877731344,0.0034444456877731878
2024-11-19,-1,333.87,336.95,336.95,stop,-1.0,-0.009225147512504916,0.00922514751250482
2024-11-20,-1,343.6301,346.5999,341.94,close,0.5690955619907233,0.004918370072936051,0.008642432662330697
2024-11-21,1,345.215,343.49,343.49,stop,-1.0,-0.0049968859985805025,0.0049968859985804965
2024-11-22,1,342.995,339.75,339.75,stop,-1.0,-0.00946077931165179,0.009460779311651787
2024-11-25,-1,357.67,361.93,338.45,close,4.511737089201894,0.053736684653451605,0.011910420219755614
2024-11-26,1,342.74,338.95,338.95,stop,-1.0,-0.011057944797805974,0.011057944797805976
2024-11-27,-1,340.81,342.55,332.79,close,4.609195402298816,0.023532173351720864,0.005105483994014287
2024-12-02,1,357.82,352.0,352.0,stop,-1.0,-0.016265161254261917,0.0162651612542619
2024-12-03,1,352.0,349.5,349.5,stop,-1.0,-0.007102272727272707,0.007102272727272727
2024-12-04,-1,349.9173,353.42,353.42,stop,-1.0,-0.010010079524504834,0.010010079524504802
2024-12-05,1,366.89,359.5,369.49,close,0.35182679296346786,0.007086592711712081,0.020142276976750487
2024-12-06,-1,375.45,377.52,377.52,stop,-1.0,-0.00551338393927292,0.005513383939272855
2024-12-09,1,399.03,395.551,395.551,stop,-1.0,-0.008718642708568258,0.008718642708568241
2024-12-10,1,397.82,390.85,400.99,close,0.45480631276901423,0.007968427932230737,0.017520486652254714
2024-12-11,-1,409.01,412.53,412.53,stop,-1.0,-0.008606146548984173,0.008606146548984088
2024-12-12,-1,421.6,426.92,426.92,stop,-1.0,-0.012618595825427015,0.012618595825426928
2024-12-13,-1,419.1237,420.37,420.37,stop,-1.0,-0.0029735851253460677,0.0029735851253460954
2024-12-16,1,441.85,438.2,438.2,stop,-1.0,-0.008260721964467699,0.008260721964467655
2024-12-17,-1,469.01,476.245,476.245,stop,-1.0,-0.015426110317477315,0.015426110317477268
2024-12-18,-1,464.6,469.11,469.11,stop,-1.0,-0.009707275075333532,0.0097072750753336
2024-12-19,-1,448.82,456.36,436.15,close,1.6803713527851434,0.028229579786997028,0.01679960786061232
2024-12-20,-1,423.0227,428.5,428.5,stop,-1.0,-0.012948004917939349,0.012948004917939425
2024-12-23,-1,430.6786,432.8,432.8,stop,-1.0,-0.0049257149066612715,0.004925714906661241
2024-12-26,-1,457.422,465.3299,453.96,close,0.4377900580432293,0.007568503482561106,0.017287974780399683
2024-12-27,-1,445.8,450.0,431.7057,close,3.355785714285731,0.0316157469717363,0.009421265141318951
2024-12-30,1,422.49,418.11,418.11,stop,-1.0,-0.010367109280693065,0.010367109280693024
2024-12-31,-1,420.11,427.93,403.64,close,2.1061381074168852,0.039204017995287055,0.01861417247863653
2025-01-02,-1,381.83,392.7299,379.03,close,0.2568830906705576,0.0073331063562318555,0.028546473561532625
2025-01-03,1,383.578,379.45,410.77,close,6.587209302325606,0.07089040560198967,0.010761826799242882
2025-01-06,-1,421.9101,426.43,411.05,close,2.4027301488970934,0.025740317664829537,0.010712945719953154
2025-01-07,1,409.64,404.5,404.5,stop,-1.0,-0.012547602773166688,0.01254760277316665
2025-01-08,1,399.07,391.73,391.73,stop,-1.0,-0.018392763174380322,0.01839276317438037
2025-01-10,1,396.5,388.9001,388.9001,stop,-1.0,-0.01916746532156366,0.01916746532156366
2025-01-13,1,385.67,380.07,403.37,close,3.160714285714271,0.04589415821816578,0.014520185650945167
2025-01-14,1,415.2,412.18,412.18,stop,-1.0,-0.007273603082851632,0.0072736030828515945
2025-01-15,-1,409.26,411.97,411.97,stop,-1.0,-0.006621707472022731,0.006621707472022764
2025-01-16,-1,419.5042,424.0,413.51,close,1.3332888473686706,0.014288772317416654,0.010716936803016452
2025-01-17,1,423.29,419.75,426.48,close,0.901129943502819,0.007536204493373333,0.008363060785749771
2025-01-21,-1,418.19,433.2,424.08,close,-0.39240506329113856,-0.014084507042253502,0.03589277601090411
2025-01-22,1,427.26,416.1,416.1,stop,-1.0,-0.02611992697654819,0.026119926976548163
2025-01-23,1,418.21,415.17,415.17,stop,-1.0,-0.007269075344922271,0.007269075344922321
2025-01-24,-1,414.48,418.88,406.535,close,1.805681818181826,0.01916859679598526,0.010615711252653872
2025-01-27,1,398.85,393.393,393.393,stop,-1.0,-0.013681835276419863,0.013681835276419833
2025-01-28,-1,391.93,397.1499,397.1499,stop,-1.0,-0.013318449723164871,0.01331844972316484
2025-01-29,1,395.64,394.0,394.0,stop,-1.0,-0.004145182489131538,0.004145182489131499
2025-01-30,-1,403.82,412.5,400.48,close,0.38479262672810743,0.008271011836956998,0.02149472537269082
2025-01-31,1,406.98,401.34,404.58,close,-0.4255319148936198,-0.005897095680377551,0.01385817484888703
2025-02-03,-1,385.57,389.17,383.86,close,0.4749999999999913,0.004434992348989808,0.009336825997873338
2025-02-04,1,383.3739,382.13,382.13,stop,-1.0,-0.003244613157025067,0.0032446131570250257
2025-02-05,-1,383.44,388.39,378.17,close,1.0646464646464635,0.013744001669100725,0.012909451283121189
2025-02-06,-1,371.365,375.4,374.31,close,-0.7298636926889756,-0.007930203438665462,0.010865321179971101
2025-02-07,1,376.285,370.0,370.0,stop,-1.0,-0.016702765191278002,0.016702765191277953
2025-02-10,-1,354.985,358.07,358.07,stop,-1.0,-0.008690508049635781,0.008690508049635842
2025-02-11,1,347.45,343.35,343.35,stop,-1.0,-0.011800259030076199,0.011800259030076173
2025-02-12,1,330.9,329.36,329.36,stop,-1.0,-0.004653974010274897,0.004653974010274898
2025-02-13,1,346.2192,342.85,356.03,close,2.9119078713047717,0.02833696109285677,0.00973140715477356
2025-02-14,-1,358.025,362.0,355.9,close,0.5345911949685505,0.005935339710914089,0.011102576635709861
2025-02-18,-1,354.78,359.1,354.05,close,0.16898148148147057,0.002057613168724215,0.012176560121765743
2025-02-19,1,358.33,353.67,360.6,close,0.4871244635193249,0.006334942650629394,0.013004772137415143
2025-02-20,-1,357.75,362.3,354.38,close,0.7406593406593398,0.009419986023759597,0.012718378756114637
2025-02-21,1,354.32,351.8501,351.8501,stop,-1.0,-0.006970817340257396,0.006970817340257382
2025-02-24,1,340.93,337.41,337.41,stop,-1.0,-0.010324700085061367,0.010324700085061396
2025-02-25,-1,324.9,328.89,302.49,close,5.616541353383438,0.06897506925207741,0.012280701754385994
2025-02-26,1,305.205,302.8,302.8,stop,-1.0,-0.007879949542110909,0.00787994954211095
2025-02-27,1,294.56,290.34,290.34,stop,-1.0,-0.014326453014666063,0.014326453014666035
2025-02-28,-1,275.17,279.5,279.5,stop,-1.0,-0.015735727005124156,0.015735727005124045
2025-03-03,-1,300.07,302.83,302.83,stop,-1.0,-0.009197853834105318,0.009197853834105344
2025-03-04,1,274.52,270.07,270.07,stop,-1.0,-0.016210112195832682,0.016210112195832686
2025-03-05,1,274.2287,270.5,270.5,stop,-1.0,-0.01359704509411308,0.013597045094113065
2025-03-06,-1,267.41,272.118,272.118,stop,-1.0,-0.017605923488276387,0.017605923488276314
2025-03-07,1,263.2194,258.97,258.97,stop,-1.0,-0.01614394683674525,0.01614394683674524
2025-03-10,-1,247.6675,253.37,222.06,close,4.490574309513358,0.10339467229248889,0.023024821585391764
2025-03-11,-1,224.758,226.0,226.0,stop,-1.0,-0.005525943459187221,0.005525943459187171
2025-03-12,-1,246.73,248.48,248.48,stop,-1.0,-0.007092773477080261,0.00709277347708021
2025-03-13,-1,244.44,248.29,240.69,close,0.9740259740259755,0.015341188021600338,0.015750286368843045
2025-03-14,1,248.72,246.111,246.111,stop,-1.0,-0.0104897073013831,0.010489707301383117
2025-03-17,-1,239.76,245.4,237.8,close,0.34751773049644935,0.008174841508174713,0.023523523523523587
2025-03-18,-1,227.7136,230.1,225.48,close,0.9359704994971683,0.00980881247321208,0.010479830805011121
2025-03-19,1,232.7667,230.2801,230.2801,stop,-1.0,-0.0106827995585278,0.010682799558527838
2025-03-20,1,234.3152,232.13,232.13,stop,-1.0,-0.009325899472164001,0.009325899472164029
2025-03-21,1,239.8101,234.55,249.115,close,1.7689587650424923,0.0388011180513248,0.021934438958158952
2025-03-24,1,262.0048,256.33,278.45,close,2.8979347289772304,0.06276678900539223,0.02165914517596626
2025-03-25,-1,277.16,283.6,283.6,stop,-1.0,-0.023235676143743778,0.023235676143743677
2025-03-26,-1,281.14,283.92,283.92,stop,-1.0,-0.00988831187308814,0.009888311873088246
2025-03-27,1,275.44,271.8216,273.24,close,-0.6080035374751226,-0.007987220447284282,0.013136799302933518
2025-03-28,-1,269.375,275.59,275.59,stop,-1.0,-0.02307192575406014,0.02307192575406023
2025-03-31,-1,244.68,250.88,250.88,stop,-1.0,-0.02533921857119492,0.025339218571194984
2025-04-01,1,264.0475,261.63,261.63,stop,-1.0,-0.009155549664359719,0.0091555496643597
2025-04-02,-1,254.377,254.99,254.99,stop,-1.0,-0.002409809062926316,0.0024098090629262846
2025-04-03,1,272.73,264.0,264.0,stop,-1.0,-0.03200967990320103,0.032009679903201034
2025-04-04,1,257.685,255.0,255.0,stop,-1.0,-0.0104196984690611,0.010419698469061071
2025-04-07,1,224.35,220.54,220.54,stop,-1.0,-0.01698239358145759,0.016982393581457554
2025-04-08,1,247.45,244.14,244.14,stop,-1.0,-0.013376439684784858,0.013376439684784814
2025-04-09,1,227.75,223.88,266.45000000000005,target,10.0,0.16992316136114183,0.01699231613611418
2025-04-10,1,260.82,256.6,256.6,stop,-1.0,-0.016179740817421906,0.016179740817421864
2025-04-11,1,254.63,251.29,251.29,stop,-1.0,-0.013117071829713667,0.013117071829713715
2025-04-14,1,259.33,258.0,258.0,stop,-1.0,-0.0051286006246866744,0.005128600624686632
2025-04-15,1,250.865,247.54,254.12,close,0.9789473684210462,0.012975106132780523,0.013254140673270551
2025-04-16,1,248.83,247.0301,247.0301,stop,-1.0,-0.007233452557971365,0.007233452557971338
2025-04-17,-1,241.14,243.88,243.88,stop,-1.0,-0.011362693870780483,0.011362693870780498
2025-04-21,1,231.6,228.4001,228.4001,stop,-1.0,-0.013816493955094877,0.013816493955094928
2025-04-22,1,231.8499,229.8501,238.15,close,3.150365036503668,0.027173184029840147,0.008625408076518444
2025-04-23,-1,248.231,255.1819,255.1819,stop,-1.0,-0.02800174031446523,0.028001740314465232
2025-04-24,1,253.15,249.2,259.51,close,1.6101265822784703,0.02512344459806437,0.015603397195338799
2025-04-25,1,262.0,259.63,285.70000000000005,target,10.0,0.09045801526717567,0.009045801526717575
2025-04-28,1,289.3313,286.18,286.18,stop,-1.0,-0.010891666404568068,0.010891666404568023
2025-04-29,1,286.0296,284.5,284.5,stop,-1.0,-0.005347698280178004,0.005347698280178052
2025-04-30,-1,278.8272,280.44,280.44,stop,-1.0,-0.005784227650673879,0.00578422765067394
2025-05-01,1,285.9557,279.92,279.92,stop,-1.0,-0.021107115542722044,0.02110711554272205
2025-05-02,-1,284.28,287.94,287.94,stop,-1.0,-0.012874630645842267,0.012874630645842216
2025-05-05,-1,281.2462,284.849,280.21,close,0.2876096369490417,0.003684316445875524,0.012810128634626893
2025-05-06,1,275.3406,271.35,275.23,close,-0.02771513055680286,-0.00040168431390064097,0.014493322089077935
2025-05-07,-1,275.75,277.92,276.17,close,-0.1935483870967801,-0.0015231187669990653,0.007869446962828706
2025-05-08,1,284.6075,279.41,284.89,close,0.05435305435304876,0.0009925950651334947,0.018261992393032476
2025-05-09,1,296.76,290.0,298.1017,close,0.19847633136094744,0.004521161881655189,0.022779350316754248
2025-05-12,-1,315.775,322.21,318.62,close,-0.4421134421134462,-0.009009579605732121,0.020378434011558873
2025-05-13,1,320.68,316.8,333.93,close,3.4149484536082513,0.04131844829736808,0.012099289010851924
2025-05-14,-1,342.065,343.12,343.12,stop,-1.0,-0.0030842091415375084,0.003084209141537447
2025-05-15,1,341.7186,338.1,338.1,stop,-1.0,-0.010589414799194286,0.010589414799194303
2025-05-16,1,349.32,345.5,345.5,stop,-1.0,-0.010935531890530203,0.010935531890530153
2025-05-19,-1,334.43,338.7399,338.7399,stop,-1.0,-0.01288730078043221,0.012887300780432289
2025-05-20,1,352.5,347.37,347.37,stop,-1.0,-0.014553191489361739,0.014553191489361688
2025-05-21,1,344.87,342.25,342.25,stop,-1.0,-0.007597065560935978,0.007597065560936018
2025-05-22,1,331.8932,331.39,336.9251999999999,target,10.0,0.015161503760848127,0.0015161503760848145
2025-05-23,-1,335.78,338.0,338.0,stop,-1.0,-0.006611471797010049,0.006611471797010029
2025-05-27,1,352.14,347.32,362.75,close,2.2012448132780142,0.030130061907196026,0.013687737831544254
2025-05-28,-1,361.56,365.0,356.92,close,1.3488372093023224,0.012833278017479799,0.00951432680606261
2025-05-29,-1,365.04,367.71,358.38,close,2.4943820224719575,0.018244575936883667,0.007314266929651433
2025-05-30,1,356.818,355.15,355.15,stop,-1.0,-0.004674652063517026,0.004674652063516993
2025-06-02,1,346.465,342.23,342.23,stop,-1.0,-0.012223456914839725,0.012223456914839758
2025-06-03,-1,345.0799,348.66,348.66,stop,-1.0,-0.010374698729192833,0.010374698729192907
2025-06-04,-1,342.365,345.6,332.21,close,3.1391035548686204,0.029661326362215856,0.009448979889883644
2025-06-05,-1,319.69,324.5499,284.7317,close,7.193213852136903,0.10935062091401049,0.015201914354530895
2025-06-06,-1,298.705,302.55,302.55,stop,-1.0,-0.012872231800606038,0.012872231800606041
2025-06-09,-1,284.88,286.42,286.42,stop,-1.0,-0.00540578489188448,0.005405784891884374
2025-06-10,-1,312.315,315.84,315.84,stop,-1.0,-0.011286681715575453,0.011286681715575548
2025-06-11,-1,333.28,335.5,326.49,close,3.0585585585585044,0.020373259721555348,0.006661065770523366
2025-06-12,1,323.63,322.77,332.23000000000013,target,10.0,0.026573556221611616,0.002657355622161152
2025-06-13,1,316.775,313.3,325.35,close,2.467625899280613,0.027069686686133743,0.01096993133927856
2025-06-16,-1,328.2099,332.05,329.12,close,-0.23699903648342446,-0.0027729206218338742,0.011700134578512125
2025-06-17,1,326.27,324.17,324.17,stop,-1.0,-0.006436387041407365,0.006436387041407319
2025-06-18,-1,316.355,317.5,317.5,stop,-1.0,-0.003619351677703886,0.003619351677703788
2025-06-20,1,330.7612,327.0001,327.0001,stop,-1.0,-0.011371043520219448,0.011371043520219419
2025-06-23,1,332.6299,327.48,348.71,close,3.1224101438862797,0.04834231679112411,0.01548237245058247
2025-06-24,-1,349.081,356.26,340.4807,close,1.197980220086368,0.024636975372478,0.02056542750822867
2025-06-25,-1,338.725,343.0,327.59,close,2.6046783625731242,0.03287327478042679,0.012620857627869148
2025-06-26,1,329.555,324.52,324.52,stop,-1.0,-0.015278178149322641,0.015278178149322646
2025-06-27,-1,322.0,324.51,324.51,stop,-1.0,-0.007795031055900514,0.007795031055900593
2025-06-30,1,321.7281,319.2301,319.2301,stop,-1.0,-0.0077643202443304915,0.00776432024433051
2025-07-01,-1,295.6494,298.66,298.66,stop,-1.0,-0.010183007305274439,0.01018300730527446
2025-07-02,-1,307.805,313.0,313.0,stop,-1.0,-0.0168775685905036,0.016877568590503704
2025-07-07,-1,290.78,294.7089,294.7089,stop,-1.0,-0.01351158951784881,0.013511589517848737
2025-07-08,1,298.27,296.3,296.3,stop,-1.0,-0.006604754081872,0.006604754081872031
2025-07-09,1,299.01,296.13,296.13,stop,-1.0,-0.009631784890137385,0.009631784890137439
2025-07-10,1,304.36,300.0,309.94,close,1.2798165137614603,0.01833355237219081,0.014325141280063127
2025-07-11,-1,307.291,308.71,308.71,stop,-1.0,-0.004617772730083125,0.0046177727300831545
2025-07-14,1,320.41,316.29,316.29,stop,-1.0,-0.012858525014824762,0.012858525014824769
2025-07-15,1,319.8,317.75,317.75,stop,-1.0,-0.0064102564102564985,0.006410256410256446
2025-07-16,1,314.78,312.62,321.68,close,3.1944444444445073,0.02192007116081074,0.006861935319905865
2025-07-17,1,323.19,321.76,321.76,stop,-1.0,-0.004424641851542455,0.004424641851542457
2025-07-18,1,325.17,321.42,329.55,close,1.1679999999999988,0.013469877294953303,0.011532429190884767
2025-07-21,-1,332.98,338.0,328.53,close,0.8864541832669446,0.01336416601597712,0.015075980539371679
2025-07-22,-1,327.79,330.47,330.47,stop,-1.0,-0.008175966319899919,0.008175966319899957
2025-07-23,1,330.92,329.01,329.01,stop,-1.0,-0.0057717877432612585,0.005771787743261286
2025-07-24,-1,304.89,310.15,305.07,close,-0.03422053231939299,-0.0005903768572272927,0.017252123716750275
2025-07-25,1,310.99,308.01,316.105,close,1.7164429530201268,0.016447474195311784,0.00958230168172616
2025-07-28,-1,317.14,319.35,319.35,stop,-1.0,-0.00696853124802943,0.006968531248029377
2025-07-29,-1,322.23,326.25,321.4,close,0.2064676616915534,0.00257579989448542,0.012475560934736
2025-07-30,1,322.5,321.95,321.95,stop,-1.0,-0.0017054263565892125,0.0017054263565891826
2025-07-31,1,319.92,318.6,318.6,stop,-1.0,-0.004126031507876937,0.004126031507876948
2025-08-01,-1,304.34,308.7599,308.7599,stop,-1.0,-0.014522902017480632,0.014522902017480585
2025-08-04,-1,308.36,309.1,309.1,stop,-1.0,-0.0023997924503826873,0.002399792450382699
2025-08-05,-1,305.9809,310.0,310.0,stop,-1.0,-0.01313513359820817,0.01313513359820819
2025-08-06,1,311.2432,306.9345,319.96,close,2.0230696033606432,0.028006394999151807,0.013843515296077111
2025-08-07,1,321.37,318.1,318.1,stop,-1.0,-0.010175187478607128,0.010175187478607156
2025-08-08,1,325.715,320.98,329.6764,close,0.8366209081309529,0.012162166311038947,0.014537248821822628
2025-08-11,1,340.12,334.15,339.127,close,-0.1663316582914557,-0.0029195578031282476,0.01755262848406453
2025-08-12,-1,343.0411,345.26,340.71,close,1.0505655955653577,0.006795395653756864,0.006468321142860198
2025-08-13,1,346.4,340.24,340.24,stop,-1.0,-0.01778290993071585,0.017782909930715844
2025-08-14,1,336.16,334.8067,334.8067,stop,-1.0,-0.004025761542122974,0.004025761542122939
2025-08-15,-1,336.8701,339.3,330.6,close,2.580394254907558,0.018612812475788054,0.007213166143270157
2025-08-18,1,332.87,329.59,335.15,close,0.6951219512194976,0.006849520833959177,0.009853696638327364
2025-08-19,-1,334.71,337.37,337.37,stop,-1.0,-0.007947178154223078,0.007947178154223133
2025-08-20,-1,329.08,331.37,323.915,close,2.2554585152838067,0.015695271666464006,0.006958794214172908
2025-08-21,1,323.3,321.58,321.58,stop,-1.0,-0.005320136096504835,0.005320136096504878
2025-08-22,-1,321.5302,322.6,322.6,stop,-1.0,-0.0033272146753244858,0.003327214675324568
2025-08-25,-1,337.53,341.46,341.46,stop,-1.0,-0.011643409474713318,0.01164340947471338
2025-08-26,1,347.8733,344.3,344.3,stop,-1.0,-0.010271843225680088,0.010271843225680042
2025-08-27,1,354.2499,351.7,351.7,stop,-1.0,-0.007198026026260074,0.007198026026260095
2025-08-28,1,351.9534,350.71,350.71,stop,-1.0,-0.0035328540653393192,0.0035328540653393557
2025-08-29,-1,346.6663,348.7499,334.0,close,6.079045882126941,0.036537442491525685,0.006010390972529049
2025-09-02,-1,327.92,328.88,328.88,stop,-1.0,-0.0029275433032447395,0.002927543303244631
2025-09-03,-1,330.9868,335.2,335.2,stop,-1.0,-0.012729208536412795,0.012729208536412847
2025-09-04,1,337.37,334.14,334.14,stop,-1.0,-0.009574058155734089,0.009574058155734115
2025-09-05,1,349.36,347.57,347.57,stop,-1.0,-0.0051236546828486995,0.005123654682848696
2025-09-08,-1,354.37,358.44,346.4,close,1.9582309582309683,0.022490617151564862,0.011485170866608328
2025-09-09,1,348.98,346.8501,346.8501,stop,-1.0,-0.006103215083959057,0.006103215083959025
2025-09-10,1,351.15,348.33,348.33,stop,-1.0,-0.00803075608714221,0.008030756087142227
2025-09-11,1,350.25,348.2501,348.2501,stop,-1.0,-0.005709921484653879,0.0057099214846538906
2025-09-12,1,374.3022,370.24,396.0,close,5.3413913642853315,0.05796866809759593,0.010852728089762812
2025-09-15,1,423.9456,418.93,418.93,stop,-1.0,-0.01183076319225862,0.011830763192258644
2025-09-16,-1,413.61,417.0,417.0,stop,-1.0,-0.00819612678610282,0.008196126786102818
2025-09-17,-1,413.9,417.2,417.2,stop,-1.0,-0.007972940323749622,0.007972940323749726
2025-09-18,1,429.81,426.55,426.55,stop,-1.0,-0.0075847467485632425,0.007584746748563297
2025-09-19,1,424.79,421.72,425.87,close,0.351791530944621,0.00254243273146737,0.0072271004496339206
2025-09-22,1,435.13,429.13,434.0,close,-0.18833333333333258,-0.0025969250568795843,0.013788982602900283
2025-09-23,-1,434.97,440.97,425.83,close,1.5233333333333405,0.021012943421385488,0.013794054762397406
2025-09-24,1,433.175,429.0301,442.77,close,2.3148930010374085,0.022150401108097073,0.00956865008368444
2025-09-25,-1,426.71,435.35,423.21,close,0.40509259259259056,0.008202291954723329,0.020247943568231452
2025-09-26,1,432.77,426.3,426.3,stop,-1.0,-0.014950204496614772,0.014950204496614763
2025-09-29,1,449.16,443.0,443.0,stop,-1.0,-0.013714489268857433,0.013714489268857478
2025-09-30,-1,440.145,443.5799,443.5799,stop,-1.0,-0.007804019130059459,0.007804019130059475
2025-10-01,-1,442.1801,446.1431,446.1431,stop,-1.0,-0.008962411469896514,0.008962411469896592
2025-10-02,-1,466.08,470.75,435.97,close,6.447537473233374,0.06460264332303456,0.010019739100583624
2025-10-03,-1,441.97,446.77,429.84,close,2.527083333333368,0.0274453017173113,0.010860465642464318
2025-10-06,1,445.39,438.99,438.99,stop,-1.0,-0.01436942903971794,0.014369429039717949
2025-10-07,-1,447.6672,448.025,448.025,stop,-1.0,-0.0007992544461599138,0.0007992544461599989
2025-10-08,-1,428.5057,437.8,437.8,stop,-1.0,-0.021690026527068307,0.021690026527068418
2025-10-09,-1,431.72,433.07,433.07,stop,-1.0,-0.003127026776614361,0.0031270267766143932
2025-10-10,1,440.225,435.88,435.88,stop,-1.0,-0.009869952865012244,0.009869952865012271
2025-10-13,-1,421.58,426.51,426.51,stop,-1.0,-0.01169410313582242,0.0116941031358224
2025-10-14,-1,422.435,426.83,426.83,stop,-1.0,-0.010403967474285958,0.010403967474285942
2025-10-15,-1,432.4,438.806,438.806,stop,-1.0,-0.014814986123959262,0.014814986123959312
2025-10-16,1,434.875,432.75,432.75,stop,-1.0,-0.004886461626904315,0.004886461626904283
2025-10-17,1,428.485,423.6,439.27,close,2.207778915046057,0.025170075965319505,0.011400632460879589
2025-10-20,-1,442.25,445.8599,445.8599,stop,-1.0,-0.008162577727529596,0.008162577727529636
2025-10-21,-1,444.75,447.1699,447.1699,stop,-1.0,-0.005441034288926394,0.005441034288926327
2025-10-22,-1,443.18,445.539,438.72,close,1.8906316235693161,0.010063631030281073,0.005322893632384089
2025-10-23,-1,416.4967,420.4,420.4,stop,-1.0,-0.009371742921372439,0.009371742921372491
2025-10-24,-1,444.97,451.68,433.65,close,1.6870342771982243,0.02543991729779549,0.015079668292244374
2025-10-27,1,442.63,438.69,452.35,close,2.4670050761421405,0.021959650272236564,0.008901339719404464
2025-10-28,-1,452.43,454.85,454.85,stop,-1.0,-0.00534889375151959,0.005348893751519607
2025-10-29,1,462.9129,461.35,461.35,stop,-1.0,-0.0033762290919089333,0.003376229091908989
2025-10-30,1,452.46,449.01,449.01,stop,-1.0,-0.007624983423949017,0.007624983423949054
2025-10-31,1,448.3393,446.37,446.37,stop,-1.0,-0.004392432249414657,0.004392432249414619
2025-11-03,1,456.1077,453.8,468.36,close,5.309312302292296,0.026862734393653165,0.005059550628064405
2025-11-04,-1,449.36,455.3299,455.3299,stop,-1.0,-0.013285339149011977,0.013285339149011918
2025-11-05,-1,447.76,455.41,455.41,stop,-1.0,-0.01708504556012147,0.01708504556012157
2025-11-06,-1,461.315,462.3,462.3,stop,-1.0,-0.0021352004595558416,0.0021352004595558646
2025-11-07,-1,429.8499,438.02,438.02,stop,-1.0,-0.019006867280880968,0.019006867280881048
2025-11-10,-1,436.62,443.38,443.38,stop,-1.0,-0.015482570656405903,0.015482570656406007
2025-11-11,1,440.3179,437.1,437.1,stop,-1.0,-0.007308128967729921,0.007308128967729874
2025-11-12,-1,438.85,442.329,430.57,close,2.379994251221634,0.018867494588128086,0.007927537883103531
2025-11-13,1,423.44,420.59,420.59,stop,-1.0,-0.006730587568486768,0.006730587568486734
2025-11-14,1,386.845,382.78,404.32,close,4.298892988929823,0.045173131357520324,0.010508084633380434
2025-11-17,1,405.0,398.74,408.91,close,0.6246006389776407,0.009654320987654286,0.015456790123456767
2025-11-18,-1,403.675,408.9,401.26,close,0.462200956937806,0.005982535455502647,0.012943580850931977
2025-11-19,-1,403.4,406.53,406.53,stop,-1.0,-0.00775904809122463,0.00775904809122458
2025-11-20,1,419.1689,414.63,414.63,stop,-1.0,-0.010828331968330662,0.010828331968330695
2025-11-21,-1,400.29,402.8,391.2,close,3.621513944223133,0.022708536311174532,0.006270453920907319
2025-11-24,1,409.39,401.09,417.52,close,0.9795180722891548,0.019858814333520547,0.02027406629375415
2025-11-25,-1,413.51,415.19,415.19,stop,-1.0,-0.0040627796183889675,0.004062779618388931
2025-11-26,-1,421.455,425.52,425.52,stop,-1.0,-0.00964515784603348,0.009645157846033378
2025-12-01,1,428.895,425.29,430.26,close,0.37864077669903573,0.003182597139159915,0.008405320649576147
2025-12-02,-1,430.23,432.4899,432.4899,stop,-1.0,-0.0052527717732375745,0.005252771773237476
2025-12-03,1,435.4126,431.11,446.88,close,2.6652256774973364,0.02633685841888811,0.00988166166987355
2025-12-04,-1,446.14,450.88,450.88,stop,-1.0,-0.010624467655892866,0.01062446765589279
2025-12-05,1,455.23,452.97,452.97,stop,-1.0,-0.004964523427717804,0.004964523427717837
2025-12-08,-1,446.48,449.7463,439.58,close,2.1124820132872153,0.015454219673893599,0.007315669234904142
2025-12-09,1,438.3875,435.7,445.21,close,2.538604651162787,0.01556271563399969,0.0061304211456759145
2025-12-10,1,449.4,444.27,444.27,stop,-1.0,-0.011415220293724992,0.011415220293724958
2025-12-11,-1,446.1969,449.2699,446.94,close,-0.24181581516432638,-0.0016654082536207149,0.006887094016117053
2025-12-12,1,452.8617,447.98,447.98,stop,-1.0,-0.010779670702998234,0.010779670702998215
2025-12-15,1,474.97,467.66,475.07,close,0.013679890560870843,0.00021053961302808233,0.015390445712360784
2025-12-16,-1,467.1085,473.49,473.49,stop,-1.0,-0.013661708147036489,0.013661708147036539
2025-12-17,1,493.06,487.17,487.17,stop,-1.0,-0.011945807812436593,0.011945807812436593
2025-12-18,-1,476.435,482.325,482.325,stop,-1.0,-0.01236265177831175,0.012362651778311808
2025-12-19,-1,485.565,490.49,480.91,close,0.9451776649746115,0.00958677005138342,0.010142823308928798
2025-12-22,1,494.54,487.63,487.63,stop,-1.0,-0.013972580579932892,0.013972580579932918
2025-12-23,-1,488.4,491.97,485.61,close,0.7815126050419957,0.005712530712530639,0.007309582309582412
2025-12-26,1,486.84,484.694,484.694,stop,-1.0,-0.0044080190617039605,0.004408019061703965
2025-12-29,-1,463.915,469.4,459.62,close,0.7830446672743937,0.009258161516657148,0.011823286593449138
2025-12-30,-1,456.445,462.0,462.0,stop,-1.0,-0.012170140980841015,0.01217014098084108
2025-12-31,-1,455.03,456.55,449.55,close,3.60526315789462,0.012043161989319318,0.00334043909192809
2026-01-02,-1,453.94,458.34,438.1,close,3.600000000000013,0.03489447944662283,0.0096929109573952
2026-01-05,1,450.74,444.57,451.69,close,0.15397082658022465,0.0021076452056618677,0.013688600967298256
2026-01-06,-1,439.99,448.25,432.95,close,0.8523002421307541,0.016000363644628313,0.01877315393531669
2026-01-07,-1,432.8364,435.92,435.92,stop,-1.0,-0.007124169778697009,0.007124169778696962
2026-01-08,1,429.28,424.365,435.85,close,1.3367243133265714,0.015304696235557413,0.011449403652627572
2026-01-09,-1,433.37,436.01,436.01,stop,-1.0,-0.006091792232964854,0.006091792232964872
2026-01-12,1,443.56,438.0,448.93,close,0.9658273381294968,0.01210659211831544,0.012534944539633877
2026-01-13,1,450.2964,448.19,448.19,stop,-1.0,-0.004677807772835885,0.004677807772835865
2026-01-14,-1,439.93,443.0,443.0,stop,-1.0,-0.0069783829245562146,0.006978382924556163
2026-01-15,1,443.27,440.9,440.9,stop,-1.0,-0.005346628465720649,0.005346628465720677
2026-01-16,1,443.8208,439.22,439.22,stop,-1.0,-0.01036634605678688,0.010366346056786865
2026-01-20,-1,427.72,430.725,419.25,close,2.818635607321145,0.01980267464696539,0.007025624240157101
2026-01-21,1,422.425,419.6201,431.46,close,3.2211487040535722,0.021388412144167424,0.006639995265431809
2026-01-22,-1,433.41,435.55,435.55,stop,-1.0,-0.004937587965206047,0.0049375879652061245
2026-01-23,-1,445.22,449.98,449.98,stop,-1.0,-0.010691343605408576,0.010691343605408542
2026-01-26,-1,439.66,445.04,435.2,close,0.8289962825278885,0.010144202338170483,0.012236728381021687
2026-01-27,-1,433.62,437.52,430.91,close,0.6948717948717936,0.006249711729163776,0.00899405008994045
2026-01-28,1,433.43,431.2,431.2,stop,-1.0,-0.0051450061140208,0.00514500611402076
2026-01-29,-1,430.39,440.2299,416.44,close,1.4176973343225021,0.032412463114849244,0.022862752387369595
2026-01-30,1,425.7717,423.5,423.5,stop,-1.0,-0.0053354884789196255,0.005335488478919594
2026-02-02,-1,415.2801,421.7,421.7,stop,-1.0,-0.015459204522441539,0.015459204522441561
2026-02-03,1,424.8898,420.75,420.75,stop,-1.0,-0.009743232245160938,0.009743232245160932
2026-02-04,-1,418.34,420.99,420.99,stop,-1.0,-0.006334560405411915,0.006334560405411947
2026-02-05,1,398.53,392.84,392.84,stop,-1.0,-0.014277469701151735,0.014277469701151728
2026-02-06,1,402.91,397.751,411.03,close,1.5739484396200565,0.02015338413045087,0.01280434836564009
2026-02-09,1,409.7801,407.29,417.16,close,2.963696237098939,0.018009415293714914,0.0060766738062682495
2026-02-10,1,422.295,417.0,425.12,close,0.5335221907459831,0.006689636391622011,0.0125386282101375
2026-02-11,1,434.24,427.955,427.955,stop,-1.0,-0.014473563006632384,0.014473563006632334
2026-02-12,1,433.53,429.71,429.71,stop,-1.0,-0.008811385601919075,0.008811385601919113
2026-02-13,1,414.6501,412.41,412.41,stop,-1.0,-0.005402386252891245,0.005402386252891254
2026-02-17,-1,409.35,413.72,410.67,close,-0.30205949656750386,-0.003224624404543741,0.010675461096860888
2026-02-18,-1,411.04,414.0972,414.0972,stop,-1.0,-0.007437718956792461,0.007437718956792443
2026-02-19,-1,405.935,407.43,407.43,stop,-1.0,-0.003682855629595805,0.0036828556295958824
2026-02-20,1,408.43,405.5,411.78,close,1.1433447098975966,0.008202139901574146,0.007173811913914274
2026-02-23,-1,406.31,407.7,399.85,close,4.64748201438852,0.015899190273436448,0.0034210332012502434
2026-02-24,1,401.24,397.64,409.36,close,2.2555555555555427,0.02023726448011165,0.008972186222709656
2026-02-25,1,418.4,412.15,417.39,close,-0.16159999999999855,-0.0024139579349904405,0.014937858508604207
2026-02-26,-1,411.645,416.81,408.5,close,0.6089060987415236,0.007640078222740376,0.012547219084405302
2026-02-27,1,403.92,400.9,400.9,stop,-1.0,-0.007476728064963467,0.007476728064963454
2026-03-02,1,393.745,388.25,403.235,close,1.7270245677888991,0.024101893357376003,0.013955732771209805
2026-03-03,-1,393.72,396.34,392.35,close,0.5229007633587908,0.0034796301940465124,0.0066544752616071005
2026-03-04,1,402.8237,394.58,406.06,close,0.39257857515436423,0.008034035733250233,0.0204647839737334
2026-03-05,1,404.7399,400.3,400.3,stop,-1.0,-0.01096976107371661,0.010969761073716642
2026-03-06,-1,396.52,398.27,398.27,stop,-1.0,-0.004413396549984849,0.004413396549984868
2026-03-09,1,392.36,389.502,389.502,stop,-1.0,-0.0072841268223060585,0.007284126822306056
2026-03-10,1,403.98,401.12,401.12,stop,-1.0,-0.00707955839397989,0.007079558393979933
2026-03-11,1,408.86,402.15,407.86,close,-0.14903129657227937,-0.00244582497676471,0.016411485594090974
2026-03-12,1,405.26,403.2,403.2,stop,-1.0,-0.005083156492128538,0.005083156492128516
2026-03-13,-1,397.3118,400.2,391.17,close,2.126514784294725,0.015458388097207232,0.007269353691483574
2026-03-16,1,398.985,394.976,394.976,stop,-1.0,-0.010047996791859415,0.010047996791859378
2026-03-17,-1,394.46,396.59,396.59,stop,-1.0,-0.005399787050651472,0.005399787050651512
2026-03-18,-1,398.3,401.54,401.54,stop,-1.0,-0.008134571930705548,0.008134571930705521
2026-03-19,-1,381.69,387.27,380.24,close,0.25985663082437144,0.003798894390735885,0.014619193586418257
2026-03-20,-1,374.625,379.89,367.97,close,1.2640075973409288,0.017764431097764377,0.014054054054054018
2026-03-23,1,375.73,372.73,380.85,close,1.706666666666668,0.013626806483379106,0.007984456923854896
2026-03-24,1,383.21,376.31,383.11,close,-0.01449275362318351,-0.00026095352417720985,0.018005793168236677
2026-03-25,1,393.13,389.28,389.28,stop,-1.0,-0.009793198178719598,0.009793198178719565
2026-03-26,1,381.67,381.3101,381.3101,stop,-1.0,-0.0009429611968455598,0.0009429611968455439
2026-03-27,-1,365.54,369.86,361.76,close,0.8750000000000082,0.010340865568747692,0.011818132078568674
2026-03-30,-1,365.07,367.29,355.28,close,4.409909909909865,0.026816774865094373,0.006081025556742618
2026-03-31,1,364.31,361.0,371.75,close,2.2477341389728074,0.020422167933902502,0.00908566879855069
2026-04-01,-1,376.1589,379.14,379.14,stop,-1.0,-0.007925108245478096,0.007925108245478093
2026-04-02,1,367.45,363.65,363.65,stop,-1.0,-0.010341543067084014,0.010341543067083988
2026-04-06,1,367.46,361.4424,361.4424,stop,-1.0,-0.01637620421270336,0.01637620421270331
2026-04-07,1,346.53,344.88,344.88,stop,-1.0,-0.004761492511470844,0.004761492511470803
2026-04-08,-1,356.215,364.5,343.24,close,1.5660832830416327,0.036424631191836254,0.023258425389161112
2026-04-09,1,343.23,342.04,342.04,stop,-1.0,-0.0034670629024269317,0.0034670629024269374
2026-04-10,1,347.2656,344.95,344.95,stop,-1.0,-0.006668094968231841,0.0066680949682318595
2026-04-13,-1,349.04,350.59,350.59,stop,-1.0,-0.004440751776300544,0.00444075177630058
2026-04-14,1,359.83,354.77,364.16,close,0.8557312252964504,0.012033460245115757,0.014062196037017487
2026-04-15,-1,364.7867,366.84,366.84,stop,-1.0,-0.005628768812020679,0.0056287688120207745
2026-04-16,-1,389.43,394.06,388.79,close,0.1382289416846624,0.0016434275736332271,0.011889171353003096
2026-04-17,-1,392.82,399.05,399.05,stop,-1.0,-0.015859681278957316,0.01585968127895733
2026-04-20,1,404.78,401.29,401.29,stop,-1.0,-0.008621967488512183,0.00862196748851216
2026-04-21,-1,390.72,393.38,393.38,stop,-1.0,-0.006807944307944291,0.006807944307944226
2026-04-22,1,387.906,385.3,387.2,close,-0.2709132770529619,-0.0018200285636211788,0.0067181224317231355
2026-04-23,1,379.0,371.2,371.2,stop,-1.0,-0.02058047493403692,0.02058047493403697
2026-04-24,1,376.93,370.73,376.16,close,-0.12419354838709407,-0.002042819621680403,0.01644867747327087
2026-04-27,-1,368.985,372.17,372.17,stop,-1.0,-0.008631787200021668,0.008631787200021687
2026-04-28,1,377.74,372.54,375.94,close,-0.3461538461538491,-0.004765182400592982,0.013766082490601971
2026-04-29,-1,375.035,376.4,372.79,close,1.6446886446887055,0.005986107963256826,0.0036396602983720244
2026-04-30,-1,370.58,373.05,373.05,stop,-1.0,-0.006665227481245761,0.006665227481245689
2026-05-01,1,384.38,381.73,381.73,stop,-1.0,-0.006894219262188361,0.0068942192621884
2026-05-04,-1,388.4002,392.36,392.36,stop,-1.0,-0.010195154379426308,0.010195154379426247
2026-05-05,1,399.96,393.9,393.9,stop,-1.0,-0.015151515151515138,0.015151515151515157
2026-05-06,1,387.7535,384.02,398.51,close,2.8810767376456514,0.027740561980742928,0.009628539781072235
2026-05-07,1,412.295,406.91,406.91,stop,-1.0,-0.01306103639384415,0.013061036393844191
2026-05-08,1,422.005,416.39,428.32,close,1.1246660730186977,0.0149642776744352,0.013305529555337044
2026-05-11,1,422.6,421.51,421.51,stop,-1.0,-0.0025792711784193845,0.002579271178419384
2026-05-12,-1,440.0,444.88,444.88,stop,-1.0,-0.01109090909090904,0.01109090909090908
2026-05-13,1,437.7482,435.0001,435.0001,stop,-1.0,-0.006277809937311085,0.0062778099373110435
2026-05-14,-1,443.3,447.0,447.0,stop,-1.0,-0.008346492217459867,0.008346492217459934
2026-05-15,-1,429.25,434.66,422.21,close,1.3012939001848407,0.016400698893418775,0.012603377984857368
2026-05-18,-1,419.172,421.13,410.07,close,4.648621041879556,0.021714236637943474,0.00467111352857531
2026-05-19,-1,402.01,404.58,404.58,stop,-1.0,-0.00639287579910941,0.006392875799109458
2026-05-20,1,408.9867,406.88,406.88,stop,-1.0,-0.005151023248433195,0.005151023248433236
2026-05-21,1,426.14,420.6,420.6,stop,-1.0,-0.013000422396395428,0.013000422396395466
2026-05-22,1,426.71,422.5,422.5,stop,-1.0,-0.009866185465538635,0.009866185465538609
2026-05-26,1,432.44,429.98,429.98,stop,-1.0,-0.005688650448617105,0.005688650448617102
2026-05-27,-1,441.765,444.7,444.7,stop,-1.0,-0.006643803832354411,0.0066438038323543116
2026-05-28,-1,437.54,440.9594,440.9594,stop,-1.0,-0.007815056909082685,0.00781505690908259
2026-05-29,-1,437.091,440.69,440.69,stop,-1.0,-0.00823398331239944,0.008233983312399454
2026-06-01,-1,424.2664,429.6,415.75,close,1.5967451627418443,0.020073237003920164,0.012571346682179043
2026-06-02,-1,413.9075,419.4927,419.4927,stop,-1.0,-0.013493836183205099,0.013493836183205151
2026-06-03,1,418.8999,416.0,423.759,close,1.675609503775995,0.011599668560436482,0.006922656224076449
2026-06-04,1,423.75,418.04,418.04,stop,-1.0,-0.013474926253687292,0.013474926253687267
2026-06-05,-1,419.345,424.6799,390.81,close,5.348741307241055,0.0680465964778405,0.012721983092680127
2026-06-08,-1,395.97,400.07,400.07,stop,-1.0,-0.01035431977169976,0.01035431977169979
2026-06-09,1,416.4506,410.81,410.81,stop,-1.0,-0.013544463617053304,0.013544463617053274
2026-06-10,1,391.935,391.091,391.091,stop,-1.0,-0.002153418296401144,0.002153418296401174
2026-06-11,-1,381.28,388.4,388.4,stop,-1.0,-0.01867394041124637,0.018673940411246343
2026-06-12,1,399.875,396.55,396.55,stop,-1.0,-0.008315098468271276,0.008315098468271307
2026-06-15,1,414.7901,409.8,409.8,stop,-1.0,-0.012030422133990193,0.01203042213399014
2026-06-16,-1,401.3,404.44,404.44,stop,-1.0,-0.007824570147022092,0.007824570147022144
2026-06-17,-1,400.6,403.54,403.54,stop,-1.0,-0.007338991512730875,0.007338991512730897
2026-06-18,-1,391.54,399.0,399.0,stop,-1.0,-0.01905297032231701,0.01905297032231695
2026-06-22,1,397.4703,394.4,405.04,close,2.465459401361409,0.019044693402249235,0.0077246023161982955
2026-06-23,-1,390.06,392.87,381.6,close,3.01067615658362,0.02168897092754951,0.00720401989437523
2026-06-24,1,382.78,378.6,378.6,stop,-1.0,-0.010920110768587565,0.01092011076858757
2026-06-25,-1,373.29,379.117,375.12,close,-0.3140552599965651,-0.004902354737603476,0.015609847571593125
2026-06-26,1,371.14,368.6,379.19,close,3.169291338582727,0.021689928328932462,0.006843778628010895
2026-06-29,1,385.355,379.3,411.78,close,4.36416184971097,0.06857313386358022,0.01571278431576081
2026-06-30,1,409.3775,406.0,420.3,close,3.2339008142117014,0.026680753094637577,0.008250331295686739
2026-07-01,1,423.43,419.3301,419.3301,stop,-1.0,-0.00968259216399403,0.009682592163994027
2026-07-02,-1,425.25,432.35,392.8101,close,4.568999999999988,0.07628430335097003,0.01669606114050564
2026-07-06,-1,394.314,400.66,400.66,stop,-1.0,-0.01609377298295267,0.01609377298295268
2026-07-07,1,417.1207,414.54,414.54,stop,-1.0,-0.006186938217163429,0.006186938217163471
2026-07-08,-1,397.59,399.63,393.92,close,1.7990196078430991,0.009230614452073627,0.005130913755376193
2026-07-09,-1,392.17,395.538,395.538,stop,-1.0,-0.008588112298238082,0.008588112298237995
2026-07-10,1,410.85,407.05,407.05,stop,-1.0,-0.009249117682852637,0.00924911768285265
2026-07-13,-1,400.33,405.57,394.81,close,1.0534351145038114,0.013788624384882375,0.013089201408837733
2026-07-14,-1,397.3,400.82,400.82,stop,-1.0,-0.008859803674804878,0.008859803674804887
2026-07-15,1,404.67,399.395,399.395,stop,-1.0,-0.013035312723947978,0.013035312723947992
2026-07-16,-1,388.805,392.5,392.5,stop,-1.0,-0.009503478607528093,0.009503478607528178
2026-07-17,-1,381.6372,383.0,383.0,stop,-1.0,-0.00357093071639758,0.003570930716397649
2026-07-20,-1,381.6601,386.61,369.59,close,2.4384533020869092,0.03162526027740398,0.012969393447206072
2026-07-21,1,374.315,369.98,378.89,close,1.0553633217993104,0.012222326115704618,0.01158115490963488
2026-07-22,1,377.95,374.93,374.93,stop,-1.0,-0.007990474930546276,0.007990474930546321
2026-07-23,-1,337.85,342.11,319.345,close,4.343896713615032,0.05477282817818552,0.012609146070741425
2026-07-24,1,322.02,317.5,317.5,stop,-1.0,-0.014036395254953038,0.014036395254953054
2026-07-27,1,315.01,310.84,310.84,stop,-1.0,-0.013237674994444726,0.013237674994444672
2026-07-28,-1,304.93,307.19,307.19,stop,-1.0,-0.007411537074082597,0.007411537074082547
2026-07-29,-1,306.12,309.06,298.35,close,2.642857142857139,0.025382203057624397,0.009604076832614654
2026-07-30,1,304.015,301.33,308.87,close,1.8081936685288693,0.01596960676282433,0.008831801062447584
2026-07-31,1,315.0,308.5,308.5,stop,-1.0,-0.020634920634920673,0.020634920634920634
2026-08-03,1,314.06,310.425,322.095,close,2.210453920220095,0.025584283257976237,0.01157422148634016
2026-08-04,1,324.445,322.2,322.2,stop,-1.0,-0.006919508699471444,0.00691950869947142
2026-08-05,-1,323.35,323.88,323.88,stop,-1.0,-0.001639090768517093,0.0016390907685170022
2026-08-06,1,318.015,315.5205,319.53,close,0.6073361395069196,0.004763926229894855,0.00784396962407421
2026-08-07,-1,321.71,324.41,324.41,stop,-1.0,-0.008392651767119563,0.008392651767119598
2026-08-10,1,328.33,326.15,330.88,close,1.1697247706422034,0.007766576310419326,0.0066396613163585624
2026-08-11,-1,332.49,333.8,333.8,stop,-1.0,-0.003939968119341941,0.003939968119341942
2026-08-12,-1,330.23,335.5,327.45,close,0.5275142314990586,0.00841837507191967,0.01595857432698417
2026-08-13,1,328.63,325.24,340.04,close,3.3657817109144754,0.0347198977573564,0.010315552444998894
2026-08-14,1,345.23,342.01,342.01,stop,-1.0,-0.009327115256495766,0.009327115256495749
2026-08-17,-1,337.81,341.5,341.5,stop,-1.0,-0.010923300079926479,0.01092330007992658
2026-08-18,1,334.55,331.12,336.84,close,0.6676384839650027,0.006845015692721557,0.010252578089971624
2026-08-19,1,340.42,337.58,337.58,stop,-1.0,-0.008342635567828105,0.00834263556782807
2026-08-20,-1,343.995,347.5,345.28,close,-0.3666191155492068,-0.0037355194116193147,0.01018910158577885
2026-08-21,-1,348.14,351.5799,351.5799,stop,-1.0,-0.00988079508243822,0.009880795082438165
2026-08-24,-1,355.24,363.24,348.94,close,0.7875000000000014,0.017734489359306438,0.022519986488008105
2026-08-25,-1,349.29,352.16,352.16,stop,-1.0,-0.008216668098141922,0.008216668098141958
2026-08-26,-1,343.63,345.42,345.42,stop,-1.0,-0.0052090911736462076,0.005209091173646132
2026-08-27,1,347.365,345.45,354.59,close,3.7728459530025527,0.020799447267283666,0.005512933081916775
2026-08-28,1,357.84,354.925,354.925,stop,-1.0,-0.008146098815112746,0.0081460988151128
2026-08-31,1,352.4001,347.15,367.92,close,2.9561151216167145,0.044040566390304736,0.014898122900646259
2026-09-01,-1,356.08,362.7,356.12,close,-0.00604229607251064,-0.0001123343068973881,0.01859132779150754
2026-09-02,-1,356.7,360.62,356.99,close,-0.07397959183673962,-0.0008130081300814496,0.010989627137650731
2026-09-03,1,370.8199,365.82,376.355,close,1.1070421408428113,0.01492665307336516,0.013483364835598156
2026-09-04,-1,359.36,364.69,353.9499,close,1.0150281425891212,0.01505481967943012,0.014831923419412243
2026-09-08,1,361.49,355.75,368.04,close,1.1411149825783973,0.018119450053943442,0.015878724169409966
2026-09-09,1,373.925,367.8301,367.8301,stop,-1.0,-0.016299792739185692,0.016299792739185654
2026-09-10,-1,360.12,362.01,362.01,stop,-1.0,-0.005248250583138825,0.005248250583138916
2026-09-11,1,364.45,361.6,365.47,close,0.3578947368421231,0.0027987378241185468,0.007820002743860518
2026-09-14,1,365.331,359.05,359.05,stop,-1.0,-0.01719262805510624,0.017192628055106206
2026-09-15,-1,355.55,360.69,360.69,stop,-1.0,-0.014456475882435704,0.014456475882435624
2026-09-16,-1,357.496,358.5799,358.5799,stop,-1.0,-0.003031922035491297,0.0030319220354913853
2026-09-17,1,369.2262,366.33,366.33,stop,-1.0,-0.007843972069154437,0.007843972069154414
2026-09-18,-1,367.13,370.4,370.4,stop,-1.0,-0.008906926701713225,0.00890692670171324
2026-09-21,1,373.685,371.07,375.32,close,0.625239005736132,0.004375342868993881,0.006997872539705926
2026-09-22,-1,374.845,379.25,379.25,stop,-1.0,-0.011751523963237975,0.011751523963238066
2026-09-23,1,381.56,379.88,379.88,stop,-1.0,-0.004402977251284246,0.00440297725128422
2026-09-24,-1,377.045,378.7499,378.7499,stop,-1.0,-0.004521741436698479,0.004521741436698561
2026-09-25,-1,372.41,386.83,372.08,close,0.022884882108185983,0.0008861201364088744,0.038720764748529736
2026-09-28,-1,366.26,369.43,357.39,close,2.798107255520492,0.02421776879812154,0.008655053786927363
2026-09-29,-1,353.055,358.74,352.9,close,0.027264731750225066,0.0004390250810780705,0.016102307005990576
2026-09-30,-1,347.225,352.5,352.5,stop,-1.0,-0.015191878464972275,0.015191878464972214
2026-10-01,-1,356.8475,358.4,358.4,stop,-1.0,-0.00435059794449999,0.004350597944499967
2026-10-02,1,367.74,359.411,370.7,close,0.35538480009604717,0.008049165171044814,0.02264915429379455
