date,side,entry,stop,exit,how,R,ret,risk_pct
2021-10-06,-1,139.37,139.66,139.66,stop,-1.0,-0.002080792136040621,0.0020807921360406975
2021-10-07,1,143.58,142.72,143.28,close,-0.34883720930233325,-0.0020894274968659143,0.005989692157682223
2021-10-08,-1,143.374,144.1781,143.01,close,0.45268001492351934,0.0025388145688898245,0.00560840877704469
2021-10-11,1,142.868,141.81,142.8,close,-0.06427221172021182,-0.0004759638267490818,0.007405437186773754
2021-10-12,-1,142.98,143.25,141.46,close,5.629629629629349,0.010630857462582077,0.0018883759966429588
2021-10-13,-1,140.49,141.4,140.96,close,-0.5164835164835172,-0.0033454338387073346,0.006477329347284479
2021-10-14,-1,142.0,142.34,142.34,stop,-1.0,-0.002394366197183029,0.0023943661971831225
2021-10-15,-1,143.74,144.18,144.18,stop,-1.0,-0.0030610825100876315,0.0030610825100876424
2021-10-18,-1,143.39,143.86,143.86,stop,-1.0,-0.0032777739033407194,0.0032777739033407302
2021-10-19,1,147.2,146.73,146.73,stop,-1.0,-0.003192934782608736,0.003192934782608688
2021-10-20,1,149.015,148.7,148.7,stop,-1.0,-0.002113881152904007,0.002113881152904055
2021-10-21,1,149.07,148.775,148.775,stop,-1.0,-0.0019789360703024172,0.0019789360703024584
2021-10-22,-1,149.44,149.75,149.75,stop,-1.0,-0.0020744111349035865,0.0020744111349036555
2021-10-25,1,148.92,148.63,148.63,stop,-1.0,-0.001947354284179359,0.001947354284179372
2021-10-26,1,149.695,149.16,149.16,stop,-1.0,-0.0035739336651190445,0.0035739336651190528
2021-10-27,-1,148.92,149.69,149.69,stop,-1.0,-0.005170561375235083,0.0051705613752350945
2021-10-28,1,150.6,149.72,152.4766,close,2.132500000000007,0.012460823373174001,0.005843293492695853
2021-10-29,-1,147.1699,148.7,148.7,stop,-1.0,-0.010396827068578363,0.010396827068578397
2021-11-01,1,149.44,148.77,148.77,stop,-1.0,-0.00448340471092068,0.004483404710920688
2021-11-02,1,149.09,148.65,150.0,close,2.068181818181821,0.006103695754242411,0.0029512375075457626
2021-11-03,-1,150.16,150.8,150.8,stop,-1.0,-0.004262120404901593,0.004262120404901537
2021-11-04,1,152.01,151.28,151.28,stop,-1.0,-0.004802315637129073,0.004802315637129069
2021-11-05,-1,151.7,152.2,151.27,close,0.8599999999999568,0.0028345418589319493,0.0032959789057350037
2021-11-08,-1,151.12,151.57,150.45,close,1.488888888888962,0.004433562731604113,0.002977766013763821
2021-11-09,1,150.28,150.0601,150.83,close,2.5011368804002845,0.0036598349747138936,0.0014632685653446602
2021-11-10,-1,148.32,150.13,147.92,close,0.2209944751381244,0.0026968716289105243,0.012203344120819864
2021-11-11,-1,148.36,149.43,147.87,close,0.4579439252336563,0.0033027770288488467,0.007212186573200277
2021-11-12,-1,147.79,148.5,148.5,stop,-1.0,-0.0048041139454633175,0.004804113945463212
2021-11-15,1,151.32,150.29,150.29,stop,-1.0,-0.006806767116045442,0.0068067671160454745
2021-11-16,-1,149.75,150.39,150.39,stop,-1.0,-0.004273789649415605,0.004273789649415602
2021-11-17,1,151.93,150.99,153.65,close,1.8297872340425565,0.011321003093530013,0.006187059830184938
2021-11-18,-1,153.29,154.0,154.0,stop,-1.0,-0.004631743753669593,0.0046317437536695675
2021-11-19,-1,157.115,157.87,157.87,stop,-1.0,-0.004805397320434057,0.004805397320434048
2021-11-22,1,162.78,161.63,161.63,stop,-1.0,-0.007064749969283746,0.007064749969283731
2021-11-23,-1,159.71,161.8,161.41,close,-0.8133971291865961,-0.010644292780664921,0.013086218771523406
2021-11-24,-1,160.465,161.39,161.39,stop,-1.0,-0.005764496930794838,0.005764496930794771
2021-11-29,1,159.565,159.08,159.08,stop,-1.0,-0.003039513677811412,0.0030395136778114578
2021-11-30,1,160.46,159.92,165.43,close,9.203703703703352,0.030973451327433565,0.0033653246915120306
2021-12-01,-1,166.16,167.73,167.73,stop,-1.0,-0.0094487241213288,0.009448724121328798
2021-12-02,1,159.28,157.8,163.79,close,3.047297297297312,0.028314917127071793,0.00929181315921641
2021-12-03,1,164.47,163.41,163.41,stop,-1.0,-0.006444944366753802,0.006444944366753829
2021-12-06,1,165.17,164.28,165.29,close,0.1348314606741645,0.0007265241872009831,0.005388387721741154
2021-12-07,1,169.22,168.34,171.2,close,2.25,0.011700744592837653,0.005200330930150074
2021-12-08,-1,171.389,172.27,172.27,stop,-1.0,-0.00514035323153772,0.005140353231537614
2021-12-09,1,176.52,174.55,174.55,stop,-1.0,-0.011160208474960354,0.011160208474960338
2021-12-10,1,176.06,175.14,175.14,stop,-1.0,-0.005225491309780894,0.005225491309780847
2021-12-13,-1,180.69,181.8,181.8,stop,-1.0,-0.006143118047484686,0.006143118047484718
2021-12-14,1,177.14,174.71,174.71,stop,-1.0,-0.013717963192954596,0.013717963192954603
2021-12-15,-1,175.02,175.8494,175.8494,stop,-1.0,-0.004738886984344548,0.0047388869843446035
2021-12-16,1,180.79,178.7,178.7,stop,-1.0,-0.011560373914486388,0.01156037391448644
2021-12-17,1,171.25,169.69,170.97,close,-0.17948717948717996,-0.0016350364963503283,0.009109489051094904
2021-12-20,1,168.9867,167.46,169.88,close,0.5851182288596182,0.005286214832291414,0.009034438804947403
2021-12-21,-1,171.19,172.32,172.32,stop,-1.0,-0.006600852853554606,0.006600852853554504
2021-12-22,-1,172.67,173.68,173.68,stop,-1.0,-0.0058493079284185345,0.0058493079284184825
2021-12-23,1,176.0,175.27,176.29,close,0.3972602739725974,0.0016477272727273284,0.0041477272727272144
2021-12-27,1,177.62,177.07,180.33,close,4.92727272727264,0.015257290845625437,0.0030964981421011785
2021-12-28,-1,179.78,180.43,180.43,stop,-1.0,-0.003615530092335062,0.003615530092335108
2021-12-29,1,180.022,179.25,179.25,stop,-1.0,-0.0042883647554187165,0.004288364755418735
2021-12-30,1,179.6,179.05,179.05,stop,-1.0,-0.003062360801781683,0.0030623608017816425
2021-12-31,1,178.56,177.72,177.72,stop,-1.0,-0.0047043010752688685,0.0047043010752688364
2022-01-03,1,178.97,177.71,182.0,close,2.404761904761923,0.016930211767335335,0.007040286081466117
2022-01-04,-1,181.98,182.94,179.69,close,2.3854166666666385,0.0125838004176283,0.005275304978569118
2022-01-05,-1,178.72,180.17,174.835,close,2.6793103448276008,0.021737914055505736,0.00811324977618615
2022-01-06,1,174.24,172.11,172.11,stop,-1.0,-0.012224517906336052,0.01222451790633606
2022-01-07,-1,172.43,173.19,173.19,stop,-1.0,-0.004407585686945437,0.004407585686945374
2022-01-10,1,169.97,168.75,168.75,stop,-1.0,-0.007177737247749616,0.007177737247749596
2022-01-11,-1,171.67,172.7,172.7,stop,-1.0,-0.005999883497407765,0.005999883497407824
2022-01-12,1,176.58,175.61,175.61,stop,-1.0,-0.005493260844942838,0.005493260844942795
2022-01-13,1,175.96,175.55,175.55,stop,-1.0,-0.0023300750170492934,0.00233007501704931
2022-01-14,1,171.45,171.28,173.14999999999986,target,10.0,0.00991542723826111,0.0009915427238261156
2022-01-18,1,171.665,171.44,171.44,stop,-1.0,-0.0013106923368187973,0.001310692336818771
2022-01-19,-1,169.46,170.98,170.98,stop,-1.0,-0.008969668358314475,0.00896966835831454
2022-01-20,1,167.48,166.76,166.76,stop,-1.0,-0.004299020778600449,0.0042990207786004235
2022-01-21,1,165.2501,164.36,164.36,stop,-1.0,-0.005386381006728502,0.005386381006728527
2022-01-24,1,160.09,159.1,159.1,stop,-1.0,-0.006184021487913083,0.006184021487913105
2022-01-25,-1,158.34,159.75,159.75,stop,-1.0,-0.008904888215232942,0.00890488821523302
2022-01-26,-1,162.77,163.63,163.63,stop,-1.0,-0.005283528905817958,0.0052835289058179346
2022-01-28,-1,163.51,166.865,166.865,stop,-1.0,-0.020518622714207124,0.020518622714207194
2022-01-31,1,171.02,169.51,174.8,close,2.5033112582781145,0.022102678049350954,0.008829376681090044
2022-02-01,-1,173.59,174.59,174.59,stop,-1.0,-0.005760700501181049,0.005760700501180944
2022-02-02,1,175.09,173.95,173.95,stop,-1.0,-0.006510937232280578,0.006510937232280626
2022-02-03,-1,174.47,175.29,175.29,stop,-1.0,-0.004699948415200383,0.004699948415200282
2022-02-04,-1,171.09,171.94,171.94,stop,-1.0,-0.004968145420538805,0.004968145420538864
2022-02-07,-1,172.84,173.14,173.14,stop,-1.0,-0.0017357093265446544,0.0017357093265446826
2022-02-08,1,171.8,171.6,171.6,stop,-1.0,-0.0011641443538999985,0.0011641443538999829
2022-02-09,1,176.25,175.73,175.73,stop,-1.0,-0.0029503546099290956,0.002950354609929136
2022-02-10,1,174.28,173.75,173.75,stop,-1.0,-0.0030410833142070492,0.0030410833142070297
2022-02-11,-1,172.21,173.08,168.43,close,4.3448275862068755,0.021949944834794732,0.005051971430230558
2022-02-14,1,168.21,167.09,167.09,stop,-1.0,-0.006658343736995476,0.006658343736995449
2022-02-15,-1,170.7346,171.05,171.05,stop,-1.0,-0.0018473115584070054,0.0018473115584070891
2022-02-16,-1,171.35,172.32,172.32,stop,-1.0,-0.005660927925299042,0.005660927925299089
2022-02-17,1,171.41,170.74,170.74,stop,-1.0,-0.003908756781984657,0.003908756781984642
2022-02-18,-1,169.61,170.5413,167.6,close,2.158273381295001,0.011850716349271928,0.005490831908495921
2022-02-22,-1,164.28,165.4662,165.4662,stop,-1.0,-0.007220598977355719,0.007220598977355644
2022-02-23,1,165.63,165.46,165.46,stop,-1.0,-0.0010263841091588954,0.0010263841091588933
2022-02-24,1,153.81,152.0,162.77,close,4.950276243093921,0.05825368961706001,0.01176776542487486
2022-02-25,-1,162.54,164.0,164.0,stop,-1.0,-0.008982404331241645,0.008982404331241589
2022-02-28,1,163.48,162.78,162.78,stop,-1.0,-0.004281869341815403,0.004281869341815443
2022-03-01,1,165.78,164.56,164.56,stop,-1.0,-0.007359150681626292,0.007359150681626245
2022-03-02,-1,163.31,164.69,164.69,stop,-1.0,-0.00845018676137399,0.008450186761374046
2022-03-03,-1,168.2,168.91,166.2882,close,2.6926760563379974,0.011366230677764544,0.004221165279429298
2022-03-04,1,165.29,164.17,164.17,stop,-1.0,-0.006775969508137192,0.006775969508137241
2022-03-07,1,163.73,163.33,163.33,stop,-1.0,-0.002443046478959099,0.0024430464789591236
2022-03-08,-1,158.61,159.49,159.49,stop,-1.0,-0.005548199987390534,0.005548199987390426
2022-03-09,-1,159.8094,161.64,161.64,stop,-1.0,-0.011454895644436247,0.011454895644436282
2022-03-10,-1,159.34,160.39,158.52,close,0.7809523809523872,0.005146228191289071,0.006589682440065162
2022-03-11,-1,158.34,159.28,154.73,close,3.840425531914917,0.022799040040419438,0.005936592143488681
2022-03-14,1,152.13,151.3,151.3,stop,-1.0,-0.0054558601196343925,0.005455860119634419
2022-03-15,1,151.9,150.66,150.66,stop,-1.0,-0.008163265306122547,0.008163265306122509
2022-03-16,-1,156.03,157.075,157.075,stop,-1.0,-0.0066974299814137606,0.00669742998141375
2022-03-17,-1,158.23,159.0513,159.0513,stop,-1.0,-0.0051905454085825475,0.005190545408582494
2022-03-18,-1,160.28,160.62,160.62,stop,-1.0,-0.002121287746443823,0.002121287746443745
2022-03-21,1,164.05,163.5,163.5,stop,-1.0,-0.0033526363913441992,0.0033526363913441715
2022-03-22,1,166.02,164.91,168.83,close,2.5315315315315026,0.016925671605830583,0.006685941452837089
2022-03-23,1,168.12,167.65,170.22,close,4.468085106382977,0.012491077801570327,0.002795622174637157
2022-03-24,1,171.19,170.72,170.72,stop,-1.0,-0.0027454874700625354,0.002745487470062497
2022-03-25,-1,173.49,174.11,174.11,stop,-1.0,-0.0035736930082426177,0.003573693008242576
2022-03-28,1,173.57,172.0,175.59,close,1.2866242038216682,0.011637955867949579,0.009045341936970635
2022-03-29,1,177.39,176.34,179.0,close,1.5333333333333712,0.009076047127797526,0.005919161170302627
2022-03-30,1,179.57,178.2,178.2,stop,-1.0,-0.007629336748900206,0.007629336748900176
2022-03-31,-1,177.08,178.03,174.68,close,2.5263157894737205,0.013553196295459702,0.0053648068669527255
2022-04-01,1,174.1219,173.22,173.22,stop,-1.0,-0.005179704563297416,0.00517970456329739
2022-04-04,1,176.05,174.44,178.465,close,1.4999999999999822,0.013717693836978073,0.009145129224652165
2022-04-05,-1,177.46,178.18,178.18,stop,-1.0,-0.0040572523385551396,0.00405725233855516
2022-04-06,1,172.77,172.01,172.01,stop,-1.0,-0.004398911848121911,0.004398911848121892
2022-04-07,1,172.31,171.03,171.03,stop,-1.0,-0.0074284719401079835,0.007428471940107951
2022-04-08,-1,170.78,171.78,170.14,close,0.6400000000000148,0.0037475114181989566,0.005855486590935707
2022-04-11,-1,167.76,169.03,165.78,close,1.5590551181102157,0.011802575107296098,0.007570338578922331
2022-04-12,-1,167.57,168.34,168.34,stop,-1.0,-0.004595094587336757,0.004595094587336697
2022-04-13,-1,167.07,167.8,167.8,stop,-1.0,-0.004369425989106501,0.004369425989106472
2022-04-14,1,171.05,170.32,170.32,stop,-1.0,-0.004267757965507268,0.0042677579655072675
2022-04-18,1,165.18,163.57,165.11,close,-0.04347826086956061,-0.00042378011865840115,0.009746942729144047
2022-04-19,-1,164.47,165.135,165.135,stop,-1.0,-0.004043290569708757,0.004043290569708713
2022-04-20,-1,167.77,168.88,167.23,close,0.4864864864865114,0.0032186922572571275,0.006616200751028105
2022-04-21,1,170.03,168.445,168.445,stop,-1.0,-0.009321884373345912,0.009321884373345926
2022-04-22,1,167.6,166.15,166.15,stop,-1.0,-0.008651551312649053,0.008651551312649098
2022-04-25,-1,159.91,161.26,161.26,stop,-1.0,-0.008442248764930271,0.008442248764930238
2022-04-26,-1,161.07,162.34,156.72,close,3.4251968503936685,0.027006891413671075,0.007884770596635067
2022-04-27,1,157.67,155.46,155.46,stop,-1.0,-0.014016616984841579,0.01401661698484163
2022-04-28,1,160.26,159.15,159.15,stop,-1.0,-0.0069262448521152375,0.006926244852115221
2022-04-29,1,163.67,160.79,160.79,stop,-1.0,-0.017596382965723634,0.017596382965723686
2022-05-02,1,156.76,156.63,156.63,stop,-1.0,-0.0008292931870375053,0.0008292931870374806
2022-05-03,-1,157.055,158.15,158.15,stop,-1.0,-0.006972079844640433,0.006972079844640405
2022-05-04,1,160.085,159.47,159.47,stop,-1.0,-0.0038417090920449537,0.0038417090920449077
2022-05-05,-1,163.49,164.08,157.58999999999997,target,10.0,0.03608783411829486,0.00360878341182949
2022-05-06,-1,155.52,157.08,157.08,stop,-1.0,-0.010030864197530853,0.010030864197530878
2022-05-09,1,154.9575,154.435,154.435,stop,-1.0,-0.0033718922930481288,0.003371892293048145
2022-05-10,1,155.9601,155.51,155.51,stop,-1.0,-0.002885994558864846,0.0028859945588648656
2022-05-11,-1,152.1918,154.2,154.2,stop,-1.0,-0.013195191856591348,0.013195191856591406
2022-05-12,-1,141.7,144.11,144.11,stop,-1.0,-0.017007762879322597,0.01700776287932269
2022-05-13,-1,143.3812,144.88,144.88,stop,-1.0,-0.010453253285646946,0.010453253285646853
2022-05-16,-1,145.09,145.89,145.89,stop,-1.0,-0.005513819008890808,0.0055138190088909154
2022-05-17,-1,148.68,149.34,149.34,stop,-1.0,-0.004439063761097595,0.004439063761097636
2022-05-18,1,147.0101,146.72,146.72,stop,-1.0,-0.0019733338049562343,0.0019733338049562265
2022-05-19,1,141.14,139.59,139.59,stop,-1.0,-0.010982003684285035,0.010982003684284987
2022-05-20,-1,138.66,139.58,139.58,stop,-1.0,-0.006634934371844814,0.006634934371844915
2022-05-23,1,138.8491,137.65,143.15,close,3.5867734133934275,0.030975353819362228,0.008635994039572365
2022-05-24,1,141.5601,140.75,140.75,stop,-1.0,-0.005722657726294433,0.005722657726294384
2022-05-25,1,139.62,138.34,140.7011,close,0.8446093749999931,0.007743160005729832,0.009167741011316437
2022-05-26,1,138.25,137.14,143.75,close,4.954954954954894,0.039783001808318286,0.00802893309222433
2022-05-27,1,145.79,145.26,149.65,close,7.283018867924539,0.026476438713217698,0.0036353659373070937
2022-05-31,-1,148.3159,150.26,150.26,stop,-1.0,-0.013107832673368014,0.013107832673368073
2022-06-01,1,150.53,149.88,149.88,stop,-1.0,-0.0043180761310038784,0.004318076131003825
2022-06-02,-1,147.75,148.16,148.16,stop,-1.0,-0.002774957698815639,0.002774957698815544
2022-06-03,1,147.64,146.51,146.51,stop,-1.0,-0.007653752370631262,0.0076537523706312355
2022-06-06,1,147.85,147.03,147.03,stop,-1.0,-0.00554616165032118,0.005546161650321226
2022-06-07,1,145.54,144.1,148.69,close,2.1875000000000075,0.02164353442352618,0.009894187165040523
2022-06-08,1,149.015,148.1106,148.1106,stop,-1.0,-0.006069187665671105,0.006069187665671116
2022-06-09,1,147.42,146.77,146.77,stop,-1.0,-0.0044091710758376035,0.004409171075837589
2022-06-10,-1,139.54,140.76,137.12,close,1.9836065573770407,0.01734269743442729,0.008743012756198931
2022-06-13,1,133.08,132.62,132.62,stop,-1.0,-0.003456567478208661,0.0034565674782086556
2022-06-14,-1,132.37,133.2099,133.2099,stop,-1.0,-0.0063450932990858355,0.006345093299085896
2022-06-15,-1,133.98,134.74,134.74,stop,-1.0,-0.005672488431109235,0.005672488431109265
2022-06-16,-1,131.19,132.39,130.1,close,0.9083333333333448,0.00830856010366643,0.009147038646238195
2022-06-17,1,131.3801,130.01,130.01,stop,-1.0,-0.010428519996559693,0.01042851999655966
2022-06-21,1,135.05,133.32,135.86,close,0.4682080924855455,0.005997778600518311,0.012810070344317054
2022-06-22,-1,134.58,135.02,135.02,stop,-1.0,-0.0032694308218159662,0.003269430821816003
2022-06-23,-1,136.6,137.45,137.45,stop,-1.0,-0.006222547584187277,0.006222547584187367
2022-06-24,1,140.645,139.81,139.81,stop,-1.0,-0.005936933413914547,0.005936933413914522
2022-06-27,-1,142.13,143.49,141.71,close,0.3088235294117524,0.0029550411595017367,0.009568704706958515
2022-06-28,1,143.3682,141.89,141.89,stop,-1.0,-0.010310515163055811,0.01031051516305579
2022-06-29,-1,136.82,138.04,138.04,stop,-1.0,-0.00891682502558111,0.008916825025581047
2022-06-30,-1,137.02,137.6,137.6,stop,-1.0,-0.00423295869216167,0.004232958692161612
2022-07-01,1,136.8,136.04,136.04,stop,-1.0,-0.005555555555555647,0.005555555555555696
2022-07-05,-1,137.29,137.95,137.95,stop,-1.0,-0.004807342122514324,0.004807342122514361
2022-07-06,1,142.12,141.29,141.29,stop,-1.0,-0.005840135097101129,0.005840135097101129
2022-07-07,1,144.12,143.28,146.35,close,2.654761904761882,0.015473216763807862,0.005828476269775211
2022-07-08,1,145.73,145.0,147.03,close,1.7808219178082596,0.008920606601249048,0.0050092637068550735
2022-07-11,-1,145.4112,145.85,145.85,stop,-1.0,-0.003017649259479338,0.0030176492594792305
2022-07-12,1,146.68,145.74,145.74,stop,-1.0,-0.006408508317425676,0.006408508317425673
2022-07-13,1,143.12,142.1201,145.45,close,2.330233023302322,0.016280044717719377,0.00698644494130797
2022-07-14,-1,143.83,144.5736,144.5736,stop,-1.0,-0.005169992352082264,0.005169992352082225
2022-07-15,1,150.3401,149.78,149.78,stop,-1.0,-0.003725552929657483,0.0037255529296575268
2022-07-18,1,150.81,150.27,150.27,stop,-1.0,-0.003580664412174195,0.003580664412174206
2022-07-19,1,148.07,147.65,147.65,stop,-1.0,-0.0028364962517727355,0.002836496251772726
2022-07-20,-1,151.1,151.73,151.73,stop,-1.0,-0.004169424222369322,0.004169424222369262
2022-07-21,-1,153.455,154.74,154.74,stop,-1.0,-0.00837379036199537,0.008373790361995351
2022-07-22,-1,155.23,155.92,155.92,stop,-1.0,-0.004445017071442292,0.0044450170714423615
2022-07-25,1,154.84,153.955,153.955,stop,-1.0,-0.005715577370188574,0.0057155773701885225
2022-07-26,1,152.28,152.1,152.1,stop,-1.0,-0.0011820330969267712,0.0011820330969267588
2022-07-27,-1,152.31,152.85,152.85,stop,-1.0,-0.003545400827260181,0.003545400827260141
2022-07-28,-1,156.56,157.49,157.49,stop,-1.0,-0.0059402146142053525,0.00594021461420546
2022-07-29,-1,160.29,161.725,161.725,stop,-1.0,-0.008952523551063685,0.008952523551063712
2022-08-01,1,161.64,161.01,161.01,stop,-1.0,-0.0038975501113585054,0.003897550111358547
2022-08-02,1,160.56,159.75,159.75,stop,-1.0,-0.005044843049327397,0.005044843049327368
2022-08-03,1,161.99,160.75,166.1299,close,3.3386290322580265,0.025556515834310733,0.007654793505772017
2022-08-04,1,166.27,165.71,165.71,stop,-1.0,-0.003368015877789121,0.0033680158777891515
2022-08-05,1,164.01,163.0,165.34,close,1.316831683168341,0.008109261630388387,0.0061581610877384976
2022-08-08,1,166.75,165.9,165.9,stop,-1.0,-0.005097451274362785,0.0050974512743627845
2022-08-09,1,164.2699,163.25,164.93,close,0.6472203157172227,0.004018386813408936,0.006208684609901186
2022-08-10,1,168.0148,167.6,167.6,stop,-1.0,-0.0024688301268698254,0.002468830126869858
2022-08-11,-1,169.6877,170.55,170.55,stop,-1.0,-0.005081688301509235,0.005081688301509212
2022-08-12,1,169.87,169.6,169.6,stop,-1.0,-0.0015894507564608862,0.0015894507564608831
2022-08-15,1,171.7112,171.47,171.47,stop,-1.0,-0.001404684144074464,0.0014046841440744232
2022-08-16,-1,172.46,172.87,172.87,stop,-1.0,-0.002377362866751609,0.002377362866751691
2022-08-17,1,173.17,172.57,174.62,close,2.416666666666718,0.008373274816654286,0.0034648033724085834
2022-08-18,-1,173.43,174.26,174.26,stop,-1.0,-0.004785792538776423,0.00478579253877636
2022-08-19,1,173.28,173.03,173.03,stop,-1.0,-0.0014427516158818099,0.0014427516158818097
2022-08-22,-1,169.05,169.86,167.59,close,1.8024691358024738,0.008636498077491894,0.004791481810115364
2022-08-23,1,167.86,167.08,167.08,stop,-1.0,-0.004646729417371653,0.004646729417371626
2022-08-24,-1,166.89,167.59,167.59,stop,-1.0,-0.004194379531428094,0.004194379531427989
2022-08-25,1,169.16,168.68,168.68,stop,-1.0,-0.0028375502482855808,0.0028375502482855864
2022-08-26,-1,170.19,170.59,170.59,stop,-1.0,-0.0023503143545449134,0.0023503143545449538
2022-08-29,1,162.36,160.6,160.6,stop,-1.0,-0.01084010840108418,0.010840108401084129
2022-08-30,-1,161.97,162.56,158.91,close,5.186440677966075,0.018892387479162775,0.003642649873433373
2022-08-31,-1,159.27,160.305,160.305,stop,-1.0,-0.006498398945187445,0.006498398945187396
2022-09-01,-1,156.23,156.89,156.89,stop,-1.0,-0.004224540741214922,0.004224540741214854
2022-09-02,-1,159.215,160.01,160.01,stop,-1.0,-0.004993248123606353,0.004993248123606365
2022-09-06,-1,156.43,157.09,154.54,close,2.8636363636364006,0.012082081442178705,0.004219139551236953
2022-09-07,1,155.26,154.75,154.75,stop,-1.0,-0.0032848125724590505,0.0032848125724590426
2022-09-08,-1,154.39,155.11,155.11,stop,-1.0,-0.0046635144763262915,0.004663514476326364
2022-09-09,-1,155.02,155.58,155.58,stop,-1.0,-0.0036124371048897874,0.003612437104889706
2022-09-12,1,160.325,159.3,163.45,close,3.0487804878049456,0.019491657570559706,0.006393263683143473
2022-09-13,-1,159.37,160.54,153.85,close,4.717948717948777,0.03463638074920006,0.007341406789232525
2022-09-14,-1,154.16,155.03,155.03,stop,-1.0,-0.005643487285936777,0.005643487285936719
2022-09-15,1,154.67,154.36,154.36,stop,-1.0,-0.002004267149414707,0.0020042671494147142
2022-09-16,-1,150.57,151.33,151.33,stop,-1.0,-0.005047486219034392,0.0050474862190344645
2022-09-19,1,149.5299,149.1,153.82890000000003,target,10.0,0.028750102822245216,0.002875010282224515
2022-09-20,1,154.19,153.08,156.9,close,2.441441441441481,0.017575718269667417,0.0071989104351772824
2022-09-21,1,157.73,157.34,157.34,stop,-1.0,-0.002472579724846158,0.00247257972484617
2022-09-22,1,153.07,152.15,152.15,stop,-1.0,-0.0060103220748676245,0.006010322074867626
2022-09-23,1,151.3809,150.71,150.71,stop,-1.0,-0.004431866899985315,0.004431866899985328
2022-09-26,1,150.85,149.64,150.75,close,-0.08264462809916831,-0.0006629101756711053,0.008021213125621532
2022-09-27,1,154.1029,152.7,152.7,stop,-1.0,-0.009103657361412498,0.009103657361412516
2022-09-28,-1,146.43,148.37,148.37,stop,-1.0,-0.013248651232670827,0.013248651232670884
2022-09-29,1,146.12,145.59,145.59,stop,-1.0,-0.0036271557623870354,0.0036271557623870866
2022-09-30,1,142.28,140.95,140.95,stop,-1.0,-0.009347764970480843,0.00934776497048083
2022-10-03,1,138.82,137.685,142.44,close,3.18942731277536,0.02607693415934298,0.008176055323440361
2022-10-04,-1,144.77,145.34,145.34,stop,-1.0,-0.003937279823167827,0.003937279823167736
2022-10-05,1,144.655,143.93,143.93,stop,-1.0,-0.005011924924821054,0.005011924924821087
2022-10-06,1,146.72,145.81,145.81,stop,-1.0,-0.006202290076335881,0.006202290076335854
2022-10-07,1,142.56,142.03,142.03,stop,-1.0,-0.0037177328843995827,0.003717732884399559
2022-10-10,-1,139.905,140.63,140.63,stop,-1.0,-0.00518208784532348,0.005182087845323572
2022-10-11,-1,139.75,140.0702,140.0702,stop,-1.0,-0.0022912343470482543,0.002291234347048299
2022-10-12,-1,139.01,139.37,139.37,stop,-1.0,-0.0025897417451983262,0.0025897417451982855
2022-10-13,1,135.91,134.37,142.93,close,4.558441558441588,0.05165182841586358,0.011331027886101038
2022-10-14,-1,142.855,144.52,138.38,close,2.687687687687651,0.03132546988204821,0.011655174827622558
2022-10-17,1,141.68,140.49,140.49,stop,-1.0,-0.008399209486166015,0.00839920948616599
2022-10-18,1,146.245,145.46,145.46,stop,-1.0,-0.005367704878799229,0.005367704878799251
2022-10-19,1,143.41,141.5,143.9,close,0.25654450261780626,0.003416777072728694,0.013318457569207146
2022-10-20,1,143.94,142.91,142.91,stop,-1.0,-0.007155759344171231,0.00715575934417119
2022-10-21,1,142.87,142.79,142.79,stop,-1.0,-0.0005599496045356478,0.0005599496045356793
2022-10-24,-1,146.7,147.98,147.98,stop,-1.0,-0.008725289706884798,0.008725289706884807
2022-10-25,-1,149.86,150.74,150.74,stop,-1.0,-0.005872147337514955,0.005872147337514983
2022-10-26,-1,150.93,151.32,151.32,stop,-1.0,-0.0025839793281652312,0.002583979328165284
2022-10-27,1,148.25,148.01,148.01,stop,-1.0,-0.001618887015177095,0.0016188870151771272
2022-10-28,1,150.04,147.82,155.71,close,2.5540540540540624,0.03778992268728354,0.014796054385497194
2022-10-31,-1,152.73,153.99,153.99,stop,-1.0,-0.008249852681202263,0.00824985268120225
2022-11-01,-1,154.74,155.45,150.57,close,5.87323943661991,0.026948429623885328,0.004588341734522292
2022-11-02,1,149.76,148.89,148.89,stop,-1.0,-0.005809294871794934,0.005809294871794902
2022-11-03,1,142.64,141.77,141.77,stop,-1.0,-0.006099270891755326,0.006099270891755302
2022-11-04,-1,140.26,142.67,138.39,close,0.7759336099585092,0.013332382717809788,0.01718237558819333
2022-11-07,-1,136.97,138.22,138.22,stop,-1.0,-0.00912608600423459,0.009126086004234504
2022-11-08,-1,139.16,140.49,140.49,stop,-1.0,-0.009557344064386353,0.009557344064386408
2022-11-09,-1,138.11,138.55,134.87,close,7.363636363636422,0.023459561219318026,0.0031858663384258757
2022-11-10,1,141.49,141.13,141.13,stop,-1.0,-0.002544349423987624,0.002544349423987657
2022-11-11,-1,144.77,146.34,146.34,stop,-1.0,-0.01084478828486568,0.010844788284865601
2022-11-14,1,149.07,148.72,148.72,stop,-1.0,-0.0023478902529012746,0.0023478902529012833
2022-11-15,1,152.48,151.81,151.81,stop,-1.0,-0.00439401888772295,0.004394018887722898
2022-11-16,1,149.71,148.62,148.62,stop,-1.0,-0.007280742769354087,0.007280742769354107
2022-11-17,1,147.24,146.15,150.75,close,3.2201834862385135,0.023838630806845895,0.007402879652268428
2022-11-18,-1,151.345,152.7,151.31,close,0.025830258302580705,0.00023125970464832335,0.008953054279956324
2022-11-21,-1,149.19,150.37,148.02,close,0.9915254237287973,0.007842348682887468,0.0079093773041089
2022-11-22,1,148.16,147.932,147.932,stop,-1.0,-0.0015388768898488836,0.0015388768898488704
2022-11-23,1,150.3,149.3881,149.3881,stop,-1.0,-0.006067198935462481,0.0060671989354624265
2022-11-28,1,146.075,144.82,144.82,stop,-1.0,-0.008591476981002932,0.008591476981002879
2022-11-29,-1,143.97,144.39,144.39,stop,-1.0,-0.002917274432173267,0.0029172744321732825
2022-11-30,-1,141.13,141.43,141.43,stop,-1.0,-0.0021256997094878383,0.002125699709487787
2022-12-02,1,146.4953,145.76,145.76,stop,-1.0,-0.005019273655878398,0.005019273655878348
2022-12-05,1,148.975,147.5,147.5,stop,-1.0,-0.00990099009900991,0.009900990099009863
2022-12-06,-1,146.48,147.3,142.92,close,4.341463414634035,0.024303659202621564,0.005598033861278138
2022-12-07,1,143.21,142.13,142.13,stop,-1.0,-0.007541372809161451,0.0075413728091614585
2022-12-08,-1,142.09,142.6675,142.6675,stop,-1.0,-0.004064325427545867,0.004064325427545826
2022-12-09,-1,141.28,142.55,142.55,stop,-1.0,-0.008989241223103184,0.00898924122310313
2022-12-12,-1,142.6,143.01,143.01,stop,-1.0,-0.0028751753155680237,0.0028751753155679986
2022-12-13,-1,149.12,149.88,149.88,stop,-1.0,-0.005096566523605128,0.005096566523605089
2022-12-14,1,145.7544,145.07,145.07,stop,-1.0,-0.004695570082275502,0.004695570082275463
2022-12-15,-1,140.3612,141.8,136.49,close,2.690575479566269,0.027580271471033257,0.010250696061304796
2022-12-16,-1,136.5966,137.52,137.52,stop,-1.0,-0.006760051128651856,0.006760051128651922
2022-12-19,-1,134.01,135.2,132.35,close,1.394957983193277,0.012387135288411288,0.008879934333258696
2022-12-20,-1,130.29,131.63,131.63,stop,-1.0,-0.01028474940517321,0.010284749405173103
2022-12-21,1,133.39,132.75,135.43,close,3.1875000000001,0.015293500262388626,0.004797960866631579
2022-12-22,-1,133.3,134.56,132.25,close,0.8333333333333484,0.007876969242310627,0.009452363090772624
2022-12-23,-1,130.62,131.7689,131.7689,stop,-1.0,-0.00879574337773703,0.008795743377736929
2022-12-27,-1,130.87,131.41,130.05,close,1.5185185185185284,0.0062657599144188,0.0041262321387635975
2022-12-28,1,130.57,129.13,129.13,stop,-1.0,-0.011028567052155935,0.011028567052155915
2022-12-29,1,128.7199,127.73,129.6,close,0.8890797050207155,0.00683732662937131,0.007690341586654368
2022-12-30,1,128.57,127.9,127.9,stop,-1.0,-0.005211169012988903,0.005211169012988936
2023-01-03,-1,129.83,130.6999,130.6999,stop,-1.0,-0.006700300392821434,0.006700300392821391
2023-01-04,-1,126.7215,127.19,127.19,stop,-1.0,-0.003697083762423725,0.0036970837624238323
2023-01-05,-1,125.68,127.16,127.16,stop,-1.0,-0.01177593889242523,0.011775938892425125
2023-01-06,1,126.9315,125.47,125.47,stop,-1.0,-0.01151408436834045,0.011514084368340411
2023-01-09,1,131.115,130.465,130.465,stop,-1.0,-0.004957480074743614,0.004957480074743589
2023-01-10,1,131.19,129.795,129.795,stop,-1.0,-0.010633432426252032,0.010633432426252079
2023-01-11,-1,131.0715,131.59,131.59,stop,-1.0,-0.003955856154846948,0.003955856154846915
2023-01-12,-1,132.73,134.26,133.385,close,-0.4281045751633991,-0.0049348301062306366,0.011527160400813691
2023-01-13,1,132.4,131.66,134.7,close,3.108108108108047,0.017371601208459042,0.005589123867069555
2023-01-17,1,135.185,134.13,135.93,close,0.706161137440758,0.005510966453378785,0.007804120279616872
2023-01-18,1,137.3015,136.815,136.815,stop,-1.0,-0.003543297050651373,0.003543297050651352
2023-01-19,1,134.735,133.86,133.86,stop,-1.0,-0.006494229413292807,0.006494229413292759
2023-01-20,-1,134.52,135.29,135.29,stop,-1.0,-0.005724055902467828,0.005724055902467899
2023-01-23,1,139.06,137.9,141.1,close,1.7586206896551708,0.014669926650366705,0.008341722997267343
2023-01-24,1,141.1615,140.3,142.5,close,1.553685432385426,0.009482047158750895,0.006102938832471872
2023-01-25,-1,139.84,141.09,141.09,stop,-1.0,-0.00893878718535479,0.00893878718535469
2023-01-26,1,143.705,142.78,142.78,stop,-1.0,-0.00643679760620719,0.006436797606207239
2023-01-27,1,144.131,143.08,145.97,close,1.7497621313035396,0.012759225981919142,0.007291977437192469
2023-01-30,-1,144.64,145.55,143.03,close,1.7692307692307043,0.011131084070796327,0.0062914823008851295
2023-01-31,1,143.3615,142.35,142.35,stop,-1.0,-0.007055590238662535,0.007055590238662488
2023-02-01,-1,142.87,144.0,144.0,stop,-1.0,-0.00790928816406522,0.007909288164065203
2023-02-02,1,149.14,148.72,148.72,stop,-1.0,-0.0028161459031781355,0.002816145903178138
2023-02-03,1,149.5,147.83,154.5,close,2.9940119760479265,0.03344481605351168,0.011170568561872827
2023-02-06,1,152.76,152.05,152.05,stop,-1.0,-0.004647813563759984,0.004647813563760013
2023-02-07,1,152.29,150.64,154.64,close,1.4242424242424159,0.015431085429115532,0.010834591897038583
2023-02-08,1,154.11,153.23,153.23,stop,-1.0,-0.005710206995003686,0.005710206995003723
2023-02-09,-1,153.6915,154.2699,154.2699,stop,-1.0,-0.003763383140902521,0.003763383140902498
2023-02-10,1,150.0515,149.22,151.02,close,1.1647624774503904,0.006454450638614162,0.005541430775433804
2023-02-13,1,151.3215,150.92,153.84,close,6.272727272727337,0.01664337189361742,0.0026532911714462165
2023-02-14,-1,151.36,152.25,152.25,stop,-1.0,-0.005880021141648983,0.005880021141648958
2023-02-15,1,153.6,152.88,155.36,close,2.4444444444444753,0.01145833333333357,0.004687499999999993
2023-02-16,1,153.86,153.3475,153.69,close,-0.33170731707319073,-0.0011049005589498506,0.0033309502144808073
2023-02-17,1,152.9616,152.18,152.18,stop,-1.0,-0.005109779186410202,0.005109779186410167
2023-02-21,1,150.405,150.08,150.08,stop,-1.0,-0.002160832419134895,0.0021608324191349265
2023-02-22,-1,148.815,149.5,149.5,stop,-1.0,-0.004603030608473668,0.004603030608473623
2023-02-23,-1,149.69,150.34,149.42,close,0.4153846153846275,0.0018037277039214539,0.004342307435366462
2023-02-24,-1,146.96,147.19,146.71,close,1.0869565217391788,0.0017011431682090183,0.0015650517147522437
2023-02-27,1,148.15,147.7,147.7,stop,-1.0,-0.0030374620317247247,0.0030374620317247182
2023-02-28,-1,146.9714,147.38,147.38,stop,-1.0,-0.002780132733307239,0.002780132733307344
2023-03-01,-1,146.755,146.95,146.95,stop,-1.0,-0.001328745187557434,0.0013287451875574473
2023-03-02,1,144.54,144.1,144.1,stop,-1.0,-0.0030441400304414,0.003044140030441385
2023-03-03,-1,147.93,148.56,148.56,stop,-1.0,-0.00425877104035699,0.004258771040356895
2023-03-06,1,154.22,153.4601,153.4601,stop,-1.0,-0.004927376475165279,0.004927376475165268
2023-03-07,-1,153.4215,153.83,153.83,stop,-1.0,-0.002662599440104607,0.002662599440104572
2023-03-08,-1,152.72,153.1,153.1,stop,-1.0,-0.002488213724463062,0.00248821372446304
2023-03-09,-1,153.4452,153.77,153.77,stop,-1.0,-0.0021167165867685966,0.002116716586768504
2023-03-10,-1,149.89,150.51,150.51,stop,-1.0,-0.004136366668890501,0.00413636666889055
2023-03-13,1,149.18,147.7,150.46,close,0.864864864864855,0.008580238637887039,0.0099209009250571
2023-03-14,1,151.78,151.18,151.18,stop,-1.0,-0.003953089998682269,0.003953089998682266
2023-03-15,1,151.37,150.9,150.9,stop,-1.0,-0.0031049745656338557,0.0031049745656338695
2023-03-16,-1,152.1375,152.67,152.67,stop,-1.0,-0.003500123243776132,0.003500123243776182
2023-03-17,-1,155.32,156.31,156.31,stop,-1.0,-0.006373937677053965,0.006373937677053883
2023-03-20,-1,154.91,155.43,155.43,stop,-1.0,-0.003356787812278217,0.003356787812278163
2023-03-21,1,158.13,157.26,157.26,stop,-1.0,-0.0055018023145513295,0.005501802314551348
2023-03-22,1,159.59,159.21,159.21,stop,-1.0,-0.0023811015727802642,0.002381101572780221
2023-03-23,1,159.2415,158.73,158.73,stop,-1.0,-0.003212102372811221,0.003212102372811185
2023-03-24,-1,158.305,159.12,159.12,stop,-1.0,-0.005148289693945207,0.005148289693945218
2023-03-27,-1,159.75,160.319,160.319,stop,-1.0,-0.003561815336463159,0.003561815336463151
2023-03-28,-1,157.75,158.49,157.67,close,0.10810810810812368,0.0005071315372425778,0.004690966719492926
2023-03-29,1,159.88,159.35,159.35,stop,-1.0,-0.0033149862396797403,0.003314986239679767
2023-03-30,1,161.91,161.51,161.51,stop,-1.0,-0.002470508307084174,0.0024705083070842176
2023-03-31,1,163.03,161.91,164.84,close,1.616071428571424,0.011102251119425866,0.006869901245169629
2023-04-03,1,165.495,164.22,166.1,close,0.4745098039215585,0.0036556995679626336,0.007704160246533162
2023-04-04,-1,166.16,166.7,166.7,stop,-1.0,-0.003249879634087627,0.0032498796340875787
2023-04-05,-1,164.69,165.0,165.0,stop,-1.0,-0.0018823243669925382,0.0018823243669925452
2023-04-06,-1,162.06,162.74,162.74,stop,-1.0,-0.0041959767987165275,0.0041959767987165665
2023-04-10,1,161.53,161.37,161.37,stop,-1.0,-0.000990528075280106,0.0009905280752801125
2023-04-11,-1,162.05,162.36,160.8,close,4.0322580645161,0.0077136686207960325,0.0019129898179574343
2023-04-12,1,161.5882,161.16,161.16,stop,-1.0,-0.0026499459737777675,0.0026499459737778126
2023-04-13,1,162.21,161.42,165.59,close,4.278481012658111,0.020837186363356075,0.004870229948831887
2023-04-14,1,164.97,164.52,164.52,stop,-1.0,-0.0027277686852154037,0.002727768685215425
2023-04-17,-1,165.07,165.18,165.18,stop,-1.0,-0.0006663839583207487,0.0006663839583207951
2023-04-18,-1,165.95,166.27,166.27,stop,-1.0,-0.0019282916541127904,0.0019282916541128149
2023-04-19,1,165.89,165.54,167.62,close,4.942857142857275,0.010428597263246742,0.0021098318162637553
2023-04-20,1,166.91,165.89,165.89,stop,-1.0,-0.0061110778263735455,0.006111077826373556
2023-04-21,1,165.5,164.67,164.67,stop,-1.0,-0.00501510574018138,0.005015105740181345
2023-04-24,-1,164.71,165.02,165.02,stop,-1.0,-0.001882095804747852,0.0018820958047477522
2023-04-25,1,165.93,165.05,165.05,stop,-1.0,-0.005303441210148807,0.0053034412101488305
2023-04-26,1,163.6,162.8,163.72,close,0.15000000000000888,0.0007334963325182908,0.004889975550122145
2023-04-27,1,165.69,165.19,168.4,close,5.420000000000016,0.016355845253183787,0.003017683626048645
2023-04-28,1,168.505,168.26,168.26,stop,-1.0,-0.0014539627904216479,0.0014539627904216763
2023-05-01,1,169.43,169.28,169.28,stop,-1.0,-0.0008853213716579766,0.0008853213716579453
2023-05-02,1,170.205,169.66,169.66,stop,-1.0,-0.0032020210922124592,0.0032020210922124254
2023-05-03,1,170.24,169.49,169.49,stop,-1.0,-0.004405545112781906,0.004405545112781955
2023-05-04,-1,164.85,165.12,165.12,stop,-1.0,-0.0016378525932667642,0.0016378525932666682
2023-05-05,1,172.24,170.76,173.62,close,0.9324324324324179,0.008012076172782212,0.00859266140269402
2023-05-08,1,172.665,172.11,173.52,close,1.5405405405406332,0.004951785248892504,0.0032143167405089532
2023-05-09,-1,173.05,173.54,171.78,close,2.5918367346940006,0.007338919387460341,0.0028315515746892843
2023-05-10,1,173.87,172.83,172.83,stop,-1.0,-0.005981480416403007,0.005981480416403014
2023-05-11,-1,173.15,173.96,173.96,stop,-1.0,-0.004678024833959071,0.004678024833959008
2023-05-12,1,173.83,173.51,173.51,stop,-1.0,-0.0018408790197320668,0.0018408790197320462
2023-05-15,-1,172.94,173.21,172.14,close,2.9629629629628926,0.004625881808719812,0.0015612351104429874
2023-05-16,1,172.41,171.985,171.985,stop,-1.0,-0.0024650542311930312,0.0024650542311929874
2023-05-17,-1,171.53,172.15,172.15,stop,-1.0,-0.003614528070891465,0.0036145280708914157
2023-05-18,1,173.145,172.86,172.86,stop,-1.0,-0.0016460192324352363,0.0016460192324352224
2023-05-19,-1,175.87,176.39,175.19,close,1.3076923076923666,0.003866492295445556,0.0029567294023993963
2023-05-22,1,174.36,173.65,173.65,stop,-1.0,-0.004072034870383212,0.004072034870383161
2023-05-23,-1,172.86,173.32,173.32,stop,-1.0,-0.002661113039453822,0.0026611130394537746
2023-05-24,1,171.81,170.52,171.85,close,0.031007751937978518,0.00023281531924790322,0.0075082940457481635
2023-05-25,-1,172.19,173.22,173.22,stop,-1.0,-0.0059817643301005585,0.005981764330100477
2023-05-26,1,173.48,173.11,175.38,close,5.1351351351354815,0.010952271155176385,0.002132810698639475
2023-05-30,1,177.9853,176.57,177.33,close,-0.46301137568005496,-0.0036817647300084744,0.00795178028747319
2023-05-31,1,178.0915,177.05,177.05,stop,-1.0,-0.005848117400324981,0.00584811740032503
2023-06-01,-1,177.58,177.865,177.865,stop,-1.0,-0.001604910462889908,0.0016049104628899457
2023-06-02,1,181.39,180.85,180.85,stop,-1.0,-0.0029770108605766676,0.0029770108605766143
2023-06-05,1,183.4004,181.97,181.97,stop,-1.0,-0.0077993286819439955,0.007799328681943942
2023-06-06,-1,178.23,180.12,179.16,close,-0.4920634920634918,-0.005217976771587418,0.010604275374516157
2023-06-07,1,180.3391,178.22,178.22,stop,-1.0,-0.0117506408759942,0.011750640875994187
2023-06-08,1,178.255,177.86,177.86,stop,-1.0,-0.002215926621974007,0.002215926621974036
2023-06-09,1,181.72,181.49,181.49,stop,-1.0,-0.0012656834690732977,0.0012656834690732432
2023-06-12,1,181.819,181.24,181.24,stop,-1.0,-0.00318448566981433,0.0031844856698143723
2023-06-13,1,183.89,182.71,182.71,stop,-1.0,-0.00641687965631621,0.006416879656316159
2023-06-14,-1,183.36,183.5,183.5,stop,-1.0,-0.0007635253054101288,0.0007635253054100477
2023-06-15,1,184.43,183.78,186.03,close,2.4615384615384315,0.008675378192267935,0.0035243723906089337
2023-06-16,-1,185.3,186.99,185.01,close,0.17159763313610701,0.0015650296815975517,0.009120345385860753
2023-06-20,1,185.76,184.41,185.03,close,-0.5407407407407354,-0.003929801894918095,0.007267441860465086
2023-06-21,1,185.325,184.57,184.57,stop,-1.0,-0.00407392418723862,0.0040739241872386105
2023-06-22,1,184.61,183.67,186.97,close,2.510638297872255,0.012783706191430433,0.005091815177942831
2023-06-23,1,186.04,185.3601,185.3601,stop,-1.0,-0.0036545904106644045,0.0036545904106643923
2023-06-26,1,186.99,186.34,186.34,stop,-1.0,-0.0034761217177389225,0.003476121717738947
2023-06-27,1,186.25,185.67,188.04,close,3.086206896551644,0.009610738255033446,0.0031140939597316107
2023-06-28,1,188.08,187.71,187.71,stop,-1.0,-0.001967247979583142,0.0019672479795831803
2023-06-29,1,189.83,189.05,189.05,stop,-1.0,-0.004108939577516679,0.004108939577516731
2023-06-30,1,191.68,191.26,193.8,close,5.047619047618867,0.01106010016694503,0.002191151919866527
2023-07-05,1,192.18,191.55,191.55,stop,-1.0,-0.0032781767093349456,0.0032781767093349747
2023-07-06,-1,189.81,190.46,190.46,stop,-1.0,-0.0034244771086877623,0.0034244771086876648
2023-07-07,-1,191.31,191.5,191.5,stop,-1.0,-0.000993152475040393,0.0009931524750404982
2023-07-10,-1,189.07,189.99,188.63,close,0.47826086956520664,0.002327180409372187,0.004865922674141937
2023-07-11,-1,188.565,189.3,188.06,close,0.6870748299319539,0.002678121602630368,0.0038978601543235153
2023-07-12,1,190.19,189.45,189.45,stop,-1.0,-0.0038908459961092268,0.003890845996109202
2023-07-13,-1,190.35,190.5182,190.5182,stop,-1.0,-0.0008836354084582609,0.0008836354084581718
2023-07-14,1,190.28,190.1,190.1,stop,-1.0,-0.0009459743535842335,0.0009459743535842276
2023-07-17,1,192.665,191.81,193.98,close,1.5380116959064485,0.006825318558119076,0.004437754651856797
2023-07-18,-1,192.985,193.58,193.58,stop,-1.0,-0.003083141176775328,0.003083141176775391
2023-07-19,-1,193.0352,193.54,193.54,stop,-1.0,-0.002615067096571,0.00261506709657093
2023-07-20,1,195.88,195.02,195.02,stop,-1.0,-0.004390443128445942,0.004390443128445912
2023-07-21,1,194.63,193.9,193.9,stop,-1.0,-0.0037507064686841396,0.0037507064686841175
2023-07-24,1,194.45,193.25,193.25,stop,-1.0,-0.006171252249935644,0.0061712522499356584
2023-07-25,-1,193.28,193.55,193.55,stop,-1.0,-0.0013969370860926755,0.0013969370860927681
2023-07-26,-1,193.5156,194.18,194.18,stop,-1.0,-0.0034333149368837024,0.0034333149368836443
2023-07-27,1,196.815,195.82,195.82,stop,-1.0,-0.005055508980514767,0.00505550898051472
2023-07-28,1,195.2501,194.14,195.84,close,0.5313935681470058,0.003021253254159584,0.005685528458116113
2023-07-31,-1,195.6,196.38,196.38,stop,-1.0,-0.003987730061349781,0.003987730061349699
2023-08-01,1,196.39,195.8,195.8,stop,-1.0,-0.003004226284433864,0.003004226284433907
2023-08-02,-1,194.1601,195.18,192.59,close,1.539464653397378,0.00808662541891969,0.005252881513761102
2023-08-03,-1,191.31,192.17,192.17,stop,-1.0,-0.004495321729130586,0.004495321729130653
2023-08-04,-1,185.0,185.53,185.53,stop,-1.0,-0.0028648648648648134,0.002864864864864871
2023-08-07,-1,180.55,183.13,178.809,close,0.6748062015503972,0.009642758238715077,0.014289670451398416
2023-08-08,-1,178.94,179.74,179.74,stop,-1.0,-0.004470772325919414,0.004470772325919366
2023-08-09,-1,180.28,180.93,178.2,close,3.1999999999999913,0.011537608165076652,0.0036055025515864527
2023-08-10,1,179.62,178.86,178.86,stop,-1.0,-0.004231154659837366,0.0042311546598373835
2023-08-11,1,177.41,176.84,176.84,stop,-1.0,-0.0032128966800066827,0.0032128966800067256
2023-08-14,1,178.26,177.305,179.51,close,1.3089005235602313,0.007012229327947983,0.005357343206552138
2023-08-15,1,179.2,178.88,178.88,stop,-1.0,-0.0017857142857142794,0.0017857142857142477
2023-08-16,1,177.2,176.84,176.84,stop,-1.0,-0.002031602708803537,0.0020316027088035284
2023-08-17,1,177.27,176.9,176.9,stop,-1.0,-0.002087211598127192,0.002087211598127176
2023-08-18,1,172.89,171.96,174.49,close,1.7204301075269461,0.00925443923882252,0.00537914280756538
2023-08-21,-1,174.75,175.12,175.12,stop,-1.0,-0.0021173104434906165,0.002117310443490727
2023-08-22,-1,176.58,177.085,177.085,stop,-1.0,-0.0028598935326764607,0.0028598935326763814
2023-08-23,1,178.94,178.325,181.14,close,3.577235772357652,0.012294623896278,0.003436906225550515
2023-08-24,-1,179.72,181.104,176.33,close,2.4494219653178835,0.01886267527264629,0.007700868016915282
2023-08-25,1,177.99,177.38,177.38,stop,-1.0,-0.0034271588291477917,0.0034271588291477813
2023-08-28,-1,179.98,180.2,180.2,stop,-1.0,-0.001222358039782101,0.0012223580397821919
2023-08-29,1,180.005,179.5,184.12,close,8.14851485148524,0.02286047609788633,0.0028054776256214854
2023-08-30,1,185.4,184.74,187.67,close,3.4393939393939297,0.01224379719525337,0.003559870550161794
2023-08-31,-1,187.8,188.37,188.37,stop,-1.0,-0.0030351437699680517,0.003035143769968015
2023-09-01,-1,189.02,189.92,189.47,close,-0.5,-0.0023807004549782906,0.004761400909956498
2023-09-05,-1,187.79,188.63,188.63,stop,-1.0,-0.004473081633739939,0.004473081633739834
2023-09-06,-1,187.855,188.85,182.9,close,4.9798994974873985,0.02637672673072311,0.0052966383646962
2023-09-07,-1,175.01,175.43,175.43,stop,-1.0,-0.0023998628649792852,0.002399862864979235
2023-09-08,1,179.2,178.33,178.33,stop,-1.0,-0.004854910714285565,0.004854910714285582
2023-09-11,-1,179.81,180.3,179.38,close,0.8775510204081609,0.0023914131583337994,0.002725098715310656
2023-09-12,1,179.76,179.2,179.2,stop,-1.0,-0.0031152647975077885,0.003115264797507801
2023-09-13,-1,175.6488,177.3,174.2,close,0.8774224806201494,0.008248277244137237,0.00940057660513489
2023-09-14,1,174.29,173.58,175.73,close,2.0281690140845625,0.00826209191577254,0.0040736703195821886
2023-09-15,-1,175.18,176.495,174.96,close,0.16730038022813631,0.0012558511245576165,0.0075065646763329014
2023-09-18,1,177.989,176.17,177.98,close,-0.004947773501932089,-5.056492255151035e-05,0.010219732680109539
2023-09-19,1,178.08,177.31,177.31,stop,-1.0,-0.004323899371069251,0.0043238993710692395
2023-09-20,-1,178.67,179.695,175.49,close,3.102439024390206,0.0177981754071751,0.005736833268036076
2023-09-21,1,175.54,174.44,174.44,stop,-1.0,-0.006266378033496611,0.006266378033496607
2023-09-22,-1,174.55,174.76,174.76,stop,-1.0,-0.0012030936694356065,0.0012030936694355744
2023-09-25,1,174.55,174.15,176.09,close,3.8499999999999255,0.008822686909194966,0.00229160698940135
2023-09-26,-1,174.43,175.2,171.9,close,3.2857142857143646,0.014504385713466683,0.004414378260620202
2023-09-27,-1,172.1,173.04,170.43,close,1.776595744680842,0.009703660662405467,0.005461940732132468
2023-09-28,-1,168.83,169.8,169.8,stop,-1.0,-0.005745424391399689,0.005745424391399625
2023-09-29,-1,172.005,172.67,172.67,stop,-1.0,-0.0038661666812009887,0.0038661666812010815
2023-10-02,1,173.02,170.93,173.75,close,0.34928229665071225,0.0042191654144028146,0.01207952837822219
2023-10-03,1,172.7,172.21,172.21,stop,-1.0,-0.0028372900984364735,0.0028372900984364835
2023-10-04,1,172.16,170.97,173.66,close,1.2605042016806747,0.008712825278810454,0.006912174721189578
2023-10-05,1,174.0,173.7,173.7,stop,-1.0,-0.0017241379310345417,0.001724137931034548
2023-10-06,1,174.185,173.8,173.8,stop,-1.0,-0.002210293653299611,0.0022102936532996005
2023-10-09,-1,176.195,176.88,176.88,stop,-1.0,-0.003887738017537501,0.0038877380175374007
2023-10-10,1,178.5,178.1,178.1,stop,-1.0,-0.0022408963585434094,0.0022408963585434493
2023-10-11,1,178.385,178.06,178.06,stop,-1.0,-0.0018219020657566087,0.0018219020657565864
2023-10-12,-1,179.9615,180.42,180.42,stop,-1.0,-0.0025477671613094444,0.002547767161309428
2023-10-13,1,181.48,181.28,181.28,stop,-1.0,-0.0011020498126514955,0.0011020498126514692
2023-10-16,1,178.12,176.51,178.675,close,0.34472049689441125,0.003115876936896411,0.009038850213339398
2023-10-17,-1,176.17,176.99,176.99,stop,-1.0,-0.004654594993472427,0.004654594993472337
2023-10-18,1,176.41,175.42,175.42,stop,-1.0,-0.005611926761521557,0.005611926761521507
2023-10-19,1,176.35,175.93,175.93,stop,-1.0,-0.0023816274454209196,0.002381627445420967
2023-10-20,-1,174.83,175.39,175.39,stop,-1.0,-0.0032031115941197896,0.0032031115941198525
2023-10-23,1,171.0,170.52,170.52,stop,-1.0,-0.0028070175438595912,0.0028070175438595895
2023-10-24,-1,172.8734,173.31,173.31,stop,-1.0,-0.0025255475972589814,0.002525547597259026
2023-10-25,-1,171.22,172.01,172.01,stop,-1.0,-0.0046139469688120105,0.004613946968812008
2023-10-26,1,170.73,170.07,170.07,stop,-1.0,-0.00386575294324365,0.0038657529432436985
2023-10-27,1,167.71,166.88,166.88,stop,-1.0,-0.004949019140182531,0.004949019140182532
2023-10-30,1,170.02,168.87,170.23,close,0.1826086956521552,0.0012351488060227123,0.006763910128220242
2023-10-31,-1,168.61,169.45,169.45,stop,-1.0,-0.004981910918687937,0.004981910918687948
2023-11-01,-1,170.39,171.335,171.335,stop,-1.0,-0.005546100123246855,0.0055461001232467964
2023-11-02,1,175.945,175.46,177.78,close,3.783505154639307,0.010429395549745646,0.0027565432379435917
2023-11-03,1,174.575,173.35,176.63,close,1.6775510204081767,0.011771444937705988,0.007017041386223654
2023-11-06,1,177.185,176.21,179.29,close,2.158974358974361,0.011880238169145185,0.005502723142478168
2023-11-07,-1,179.045,179.71,179.71,stop,-1.0,-0.0037141500740038857,0.0037141500740038567
2023-11-08,1,183.22,182.18,182.18,stop,-1.0,-0.00567623621875335,0.005676236218753368
2023-11-09,1,183.35,182.89,182.89,stop,-1.0,-0.00250886283065177,0.0025088628306518023
2023-11-10,1,184.2112,183.67,183.67,stop,-1.0,-0.0029379321127054325,0.002937932112705435
2023-11-13,-1,185.38,186.03,184.77,close,0.9384615384615075,0.003290538353651895,0.0035063113604488385
2023-11-14,-1,186.605,187.73,187.73,stop,-1.0,-0.006028777363950688,0.006028777363950591
2023-11-15,1,188.565,187.8,187.8,stop,-1.0,-0.004056956487152874,0.004056956487152899
2023-11-16,1,190.08,189.52,189.52,stop,-1.0,-0.002946127946127919,0.002946127946127958
2023-11-17,-1,189.86,190.38,189.71,close,0.2884615384615595,0.0007900558306120908,0.0027388602127882745
2023-11-20,1,191.315,189.88,191.5,close,0.12891986062717908,0.0009669916106944676,0.007500718709980933
2023-11-21,-1,191.22,191.52,190.65,close,1.8999999999999053,0.002980859742704678,0.001568873548792027
2023-11-22,1,192.67,191.465,191.465,stop,-1.0,-0.006254217055068123,0.006254217055068169
2023-11-27,-1,189.6701,190.39,190.39,stop,-1.0,-0.003795537620320699,0.0037955376203207335
2023-11-28,1,190.07,189.4,190.39,close,0.4776119402985062,0.0016835902562213345,0.003525017098963474
2023-11-29,1,191.78,190.9,190.9,stop,-1.0,-0.0045885910939618135,0.0045885910939618075
2023-11-30,1,189.95,189.62,189.62,stop,-1.0,-0.0017372992892865646,0.0017372992892865707
2023-12-01,-1,189.51,190.49,190.49,stop,-1.0,-0.005171231069600601,0.005171231069600645
2023-12-04,-1,189.7278,190.05,189.45,close,0.8621973929236664,0.0014642029265085066,0.0016982224007236124
2023-12-05,1,192.09,190.18,193.5,close,0.7382198952879576,0.0073403092300483586,0.009943255765526559
2023-12-06,-1,193.505,194.76,192.33,close,0.9362549800796711,0.0060721945169374125,0.006485620526601356
2023-12-07,1,194.39,193.59,194.24,close,-0.18749999999997558,-0.0007716446319253611,0.004115438036935969
2023-12-08,-1,194.0676,194.55,194.55,stop,-1.0,-0.002485731775937916,0.002485731775937934
2023-12-11,-1,192.72,193.49,193.19,close,-0.6103896103896008,-0.00243877127438763,0.003995433789954391
2023-12-12,-1,192.5968,193.39,193.39,stop,-1.0,-0.004118448489279114,0.004118448489279078
2023-12-13,1,196.1678,194.85,197.88,close,1.2992866899377664,0.008728241841933215,0.006717718198399561
2023-12-14,1,199.2501,198.0,198.0,stop,-1.0,-0.006274024454692939,0.006274024454692887
2023-12-15,-1,197.25,198.01,198.01,stop,-1.0,-0.0038529784537388867,0.0038529784537388637
2023-12-18,-1,195.455,196.63,195.8623,close,-0.34663829787233885,-0.0020838556189404223,0.006011613926479153
2023-12-19,1,196.55,195.98,195.98,stop,-1.0,-0.002900025438819731,0.0029000254388197484
2023-12-20,1,196.94,196.69,196.69,stop,-1.0,-0.001269422159033251,0.0012694221590332081
2023-12-21,1,196.9495,195.77,195.77,stop,-1.0,-0.005988844856168685,0.005988844856168664
2023-12-22,-1,194.72,195.41,193.53,close,1.7246376811594226,0.006111339359079704,0.003543549712407548
2023-12-26,-1,193.41,193.7757,193.7757,stop,-1.0,-0.0018908019233752071,0.0018908019233752336
2023-12-27,1,192.5703,192.36,192.36,stop,-1.0,-0.0010920687146459551,0.0010920687146459733
2023-12-28,1,194.25,193.99,193.99,stop,-1.0,-0.0013384813384812455,0.0013384813384812917
2023-12-29,1,194.04,193.81,193.81,stop,-1.0,-0.0011853226138940354,0.0011853226138939898
2024-01-02,1,187.76,186.35,186.35,stop,-1.0,-0.007509586706433757,0.007509586706433727
2024-01-03,1,185.63,183.86,183.86,stop,-1.0,-0.009535096697732004,0.00953509669773195
2024-01-04,1,182.79,181.62,181.62,stop,-1.0,-0.006400787789266338,0.006400787789266303
2024-01-05,1,182.4875,181.75,181.75,stop,-1.0,-0.004041372696760082,0.004041372696760114
2024-01-08,-1,181.78,182.3778,182.3778,stop,-1.0,-0.0032885906040269752,0.0032885906040268816
2024-01-09,-1,183.8536,184.23,184.23,stop,-1.0,-0.0020472810975689093,0.002047281097568879
2024-01-10,1,184.7202,184.26,184.26,stop,-1.0,-0.002491335544244855,0.002491335544244834
2024-01-11,1,186.75,186.35,186.35,stop,-1.0,-0.0021419009370816644,0.0021419009370816904
2024-01-12,1,186.46,185.91,185.91,stop,-1.0,-0.002949694304408501,0.0029496943044085133
2024-01-16,-1,182.12,182.62,182.62,stop,-1.0,-0.0027454425653414827,0.002745442565341533
2024-01-17,-1,180.66,181.56,181.56,stop,-1.0,-0.004981733643308006,0.004981733643307903
2024-01-18,1,186.8,185.83,188.73,close,1.9896907216494646,0.010331905781584494,0.005192719486081364
2024-01-19,-1,189.13,189.79,189.79,stop,-1.0,-0.0034896631946279566,0.0034896631946280156
2024-01-22,1,193.81,192.26,193.87,close,0.03870967741935602,0.00030958154893978573,0.00799752334760854
2024-01-23,1,195.04,194.728,194.728,stop,-1.0,-0.0015996718621820172,0.0015996718621820315
2024-01-24,1,195.87,195.39,195.39,stop,-1.0,-0.0024506049931077856,0.002450604993107766
2024-01-25,1,195.3404,194.87,194.87,stop,-1.0,-0.00240810400715874,0.0024081040071587023
2024-01-26,-1,194.23,194.5425,194.5425,stop,-1.0,-0.0016089172630386894,0.0016089172630386656
2024-01-29,-1,191.71,192.178,192.178,stop,-1.0,-0.0024411872098482057,0.0024411872098481524
2024-01-30,1,191.5301,190.68,190.68,stop,-1.0,-0.004438466851946488,0.004438466851946496
2024-01-31,-1,186.3459,187.095,184.36,close,2.651047924175665,0.010657063020973245,0.00401994355657945
2024-02-01,1,185.03,183.82,186.89,close,1.5371900826446059,0.010052423931254273,0.006539480084310695
2024-02-02,1,181.5792,179.25,185.84,close,1.829297612914324,0.023465242715024814,0.012827460413968043
2024-02-05,-1,187.28,188.28,188.28,stop,-1.0,-0.0053395984621955606,0.005339598462195643
2024-02-06,1,187.92,186.7695,189.29,close,1.1907866145154384,0.007290336313324763,0.006122286079182599
2024-02-07,-1,190.07,191.05,189.41,close,0.673469387755086,0.003472404903456572,0.005155995159678109
2024-02-08,-1,188.9,189.535,188.34,close,0.8818897637795438,0.002964531498147127,0.0033615669666489725
2024-02-09,-1,188.41,188.93,188.93,stop,-1.0,-0.002759938432142617,0.0027599384321427218
2024-02-12,1,188.6311,188.15,188.15,stop,-1.0,-0.0025504808061872497,0.0025504808061873035
2024-02-13,-1,184.65,186.21,185.03,close,-0.2435897435897403,-0.002057947468182997,0.008448415922014634
2024-02-14,-1,185.06,185.53,184.02,close,2.212765957446797,0.0056197989841132445,0.0025397168485896404
2024-02-15,-1,183.3,183.78,183.78,stop,-1.0,-0.002618657937806912,0.002618657937806818
2024-02-16,1,184.02,183.31,183.31,stop,-1.0,-0.0038582762743180066,0.003858276274318052
2024-02-20,1,182.11,181.65,181.65,stop,-1.0,-0.0025259458568996918,0.0025259458568997195
2024-02-21,1,182.43,181.53,181.53,stop,-1.0,-0.0049333991119882015,0.004933399111988191
2024-02-22,-1,182.77,184.19,184.19,stop,-1.0,-0.007769327570170015,0.00776932757017009
2024-02-23,-1,184.66,185.04,182.52,close,5.631578947368452,0.011588866024044076,0.002057836022961093
2024-02-26,-1,182.0,182.76,181.14,close,1.1315789473684525,0.004725274725274842,0.004175824175824126
2024-02-27,-1,180.85,181.54,181.54,stop,-1.0,-0.0038153165606855666,0.0038153165606856386
2024-02-28,-1,181.82,183.12,181.42,close,0.3076923076923094,0.002199978000219982,0.007149928500715056
2024-02-29,1,182.11,181.17,181.17,stop,-1.0,-0.005161715446708182,0.005161715446708176
2024-03-01,1,180.3357,179.53,179.53,stop,-1.0,-0.004467778703828529,0.00446777870382848
2024-03-04,1,176.62,175.41,175.41,stop,-1.0,-0.006850866266561062,0.006850866266561023
2024-03-05,1,171.61,170.2,170.2,stop,-1.0,-0.008216304411164943,0.008216304411164995
2024-03-06,-1,169.88,171.24,169.12,close,0.5588235294117524,0.0044737461737697215,0.008005651047798526
2024-03-07,1,169.67,168.61,168.61,stop,-1.0,-0.006247421465196967,0.006247421465196994
2024-03-08,1,169.4713,168.94,170.74,close,2.3879164313946126,0.007486223331029995,0.003135044104813121
2024-03-11,1,173.5,172.74,172.74,stop,-1.0,-0.004380403458213222,0.004380403458213204
2024-03-12,-1,172.69,173.47,173.47,stop,-1.0,-0.004516764143841501,0.004516764143841573
2024-03-13,1,172.81,172.72,172.72,stop,-1.0,-0.0005208031942596225,0.0005208031942596112
2024-03-14,-1,172.84,173.05,173.05,stop,-1.0,-0.00121499652858148,0.001214996528581393
2024-03-15,1,171.738,171.0,171.0,stop,-1.0,-0.004297243475526624,0.004297243475526672
2024-03-18,1,175.87,174.88,174.88,stop,-1.0,-0.005629157900722159,0.005629157900722176
2024-03-19,-1,173.48,174.34,174.34,stop,-1.0,-0.004957343786027302,0.004957343786027287
2024-03-20,-1,175.32,176.1,176.1,stop,-1.0,-0.004449007529089721,0.004449007529089671
2024-03-21,-1,176.73,177.33,177.33,stop,-1.0,-0.0033950093362757894,0.0033950093362758037
2024-03-22,-1,170.8091,172.33,172.33,stop,-1.0,-0.008904092346368131,0.00890409234636803
2024-03-25,-1,170.36,170.69,170.69,stop,-1.0,-0.0019370744306175247,0.0019370744306174224
2024-03-26,1,170.0175,169.65,169.65,stop,-1.0,-0.0021615421941859614,0.0021615421941859328
2024-03-27,1,170.59,170.11,173.41,close,5.875000000000111,0.01653086347382615,0.0028137639955448136
2024-03-28,-1,171.25,171.97,171.97,stop,-1.0,-0.004204379562043892,0.004204379562043789
2024-04-01,-1,170.735,171.25,170.01,close,1.4077669902913437,0.0042463466775999326,0.0030163703985708044
2024-04-02,-1,168.71,169.33,169.33,stop,-1.0,-0.003674945172188915,0.0036749451721889903
2024-04-03,-1,168.741,168.96,168.96,stop,-1.0,-0.0012978469962841022,0.0012978469962842112
2024-04-04,-1,170.29,170.77,170.77,stop,-1.0,-0.0028187210053438605,0.002818721005343932
2024-04-05,-1,169.04,169.65,169.65,stop,-1.0,-0.0036086133459536374,0.003608613345953701
2024-04-08,-1,168.54,169.2,168.46,close,0.12121212121209772,0.00047466476800750446,0.003915984336062636
2024-04-09,-1,168.615,168.92,168.92,stop,-1.0,-0.0018088544909999893,0.0018088544910000793
2024-04-10,-1,168.281,169.09,167.75,close,0.6563658838071786,0.0031554364426168435,0.004807435182819198
2024-04-11,-1,168.24,168.64,168.64,stop,-1.0,-0.002377555872562942,0.00237755587256287
2024-04-12,1,175.5699,174.21,176.56,close,0.7280682403118065,0.005639349341772126,0.00774563293594165
2024-04-15,-1,174.24,175.98,175.98,stop,-1.0,-0.009986225895316725,0.009986225895316694
2024-04-16,1,172.16,171.46,171.46,stop,-1.0,-0.004065985130111471,0.004065985130111458
2024-04-17,1,170.125,169.31,169.31,stop,-1.0,-0.0047905951506245215,0.0047905951506245275
2024-04-18,1,168.62,167.94,167.94,stop,-1.0,-0.004032736330209952,0.0040327363302099795
2024-04-19,-1,165.78,166.4,164.93,close,1.3709677419354647,0.0051272771142477636,0.003739896248039598
2024-04-22,1,165.97,165.32,165.32,stop,-1.0,-0.003916370428390659,0.003916370428390707
2024-04-23,1,165.479,164.92,166.91,close,2.559928443649225,0.008647622961221568,0.0033780721420846507
2024-04-24,1,166.57,166.21,168.95,close,6.61111111111137,0.014288287206579708,0.002161253527045598
2024-04-25,1,170.06,169.37,169.37,stop,-1.0,-0.004057391508879182,0.004057391508879206
2024-04-26,-1,169.76,170.09,170.09,stop,-1.0,-0.0019439208294063093,0.0019439208294062943
2024-04-29,1,174.61,173.13,173.13,stop,-1.0,-0.008476032300555603,0.008476032300555627
2024-04-30,-1,173.165,173.9228,173.9228,stop,-1.0,-0.004376173014177143,0.0043761730141772485
2024-05-01,-1,169.11,170.27,170.27,stop,-1.0,-0.006859440600792466,0.0068594406007923625
2024-05-02,-1,171.96,172.66,172.66,stop,-1.0,-0.004070714119562613,0.004070714119562622
2024-05-03,-1,185.01,187.0,183.39,close,0.8140703517587925,0.008756283444138147,0.010756175341873462
2024-05-06,1,183.322,182.16,182.16,stop,-1.0,-0.006338573657280633,0.006338573657280665
2024-05-07,-1,183.4,184.01,184.01,stop,-1.0,-0.0033260632497273956,0.003326063249727291
2024-05-08,-1,182.67,182.96,182.96,stop,-1.0,-0.0015875622707615111,0.0015875622707615946
2024-05-09,-1,182.41,182.72,182.72,stop,-1.0,-0.0016994682309083853,0.0016994682309084057
2024-05-10,-1,184.74,184.99,184.99,stop,-1.0,-0.0013532532207427561,0.0013532532207426653
2024-05-13,-1,184.92,185.65,185.65,stop,-1.0,-0.003947653039152232,0.003947653039152165
2024-05-14,1,187.56,187.3,187.3,stop,-1.0,-0.0013862230752825777,0.0013862230752825278
2024-05-15,-1,187.71,188.65,188.65,stop,-1.0,-0.005007724681689751,0.005007724681689829
2024-05-16,1,190.4955,189.975,189.975,stop,-1.0,-0.002732348008220642,0.0027323480082206584
2024-05-17,1,190.04,189.18,189.93,close,-0.12790697674417106,-0.0005788255104187678,0.004525363081456458
2024-05-20,1,189.71,189.01,191.08,close,1.957142857142816,0.007221548679563483,0.003689842391017959
2024-05-21,1,191.503,190.9201,192.36,close,1.4702350317379225,0.004475125716046469,0.003043816545954868
2024-05-22,1,192.37,191.98,191.98,stop,-1.0,-0.002027343140822424,0.0020273431408224505
2024-05-23,-1,190.61,191.0,186.71000000000015,target,10.0,0.02046062640994628,0.0020460626409946293
2024-05-24,1,189.11,188.23,188.23,stop,-1.0,-0.004653376341811732,0.00465337634181177
2024-05-28,1,192.145,191.03,191.03,stop,-1.0,-0.005802909261235056,0.005802909261235052
2024-05-29,1,190.58,189.51,190.37,close,-0.19626168224299412,-0.001101899464791778,0.005614440130129192
2024-05-30,1,191.36,190.63,191.29,close,-0.0958904109589313,-0.0003658026755853916,0.0038147993311037735
2024-05-31,1,191.76,191.29,191.29,stop,-1.0,-0.002450980392156854,0.002450980392156857
2024-06-03,1,193.14,192.52,194.09,close,1.5322580645162156,0.004918711815263599,0.003210106658382397
2024-06-04,-1,193.91,195.0,195.0,stop,-1.0,-0.0056211644577381925,0.005621164457738144
2024-06-05,1,195.47,195.29,195.29,stop,-1.0,-0.0009208574205761266,0.0009208574205760824
2024-06-06,1,195.77,195.59,195.59,stop,-1.0,-0.0009194462890126376,0.0009194462890126517
2024-06-07,1,194.99,194.55,194.55,stop,-1.0,-0.002256525975691037,0.0022565259756910493
2024-06-10,-1,196.81,197.3,193.13,close,7.510204081632527,0.018698236878207486,0.0024897108886744023
2024-06-11,1,195.98,193.63,207.14,close,4.748936170212776,0.0569445861822635,0.011991019491784848
2024-06-12,1,209.7873,206.9,213.08,close,1.14040799362728,0.015695421028823153,0.01376298755930403
2024-06-13,1,215.01,214.51,214.51,stop,-1.0,-0.002325473233803055,0.002325473233803079
2024-06-14,1,214.5296,213.318,213.318,stop,-1.0,-0.005647705491456545,0.005647705491456544
2024-06-17,-1,212.995,214.44,214.44,stop,-1.0,-0.006784196812131604,0.006784196812131708
2024-06-18,1,218.435,217.25,217.25,stop,-1.0,-0.005424954792043413,0.00542495479204341
2024-06-20,-1,212.6115,214.24,209.56,close,1.8738102548357383,0.014352469174997662,0.007659510421590565
2024-06-21,1,211.11,210.11,210.11,stop,-1.0,-0.004736867036142289,0.004736867036142295
2024-06-24,-1,207.475,207.78,207.78,stop,-1.0,-0.0014700566333294418,0.0014700566333293497
2024-06-25,1,210.53,208.61,209.07,close,-0.7604166666666757,-0.0069348786396238316,0.009119840402792892
2024-06-26,1,212.09,210.89,210.89,stop,-1.0,-0.0056579753878071015,0.005657975387807143
2024-06-27,1,215.1,214.26,214.26,stop,-1.0,-0.003905160390516027,0.0039051603905160552
2024-06-28,-1,214.45,216.07,210.61,close,2.3703703703703485,0.017906271858241896,0.007554208440195872
2024-07-01,1,213.325,211.92,216.73,close,2.4234875444839847,0.015961560998476454,0.006586194773233335
2024-07-02,-1,215.57,216.47,216.47,stop,-1.0,-0.004174977965394122,0.004174977965394098
2024-07-05,1,222.27,221.65,226.32,close,6.5322580645160535,0.0182210824672695,0.002789400278940048
2024-07-08,-1,226.85,227.35,227.35,stop,-1.0,-0.002204099625302991,0.002204099625303064
2024-07-09,-1,227.075,228.27,228.27,stop,-1.0,-0.005262578443245625,0.005262578443245719
2024-07-10,1,230.37,229.25,232.91,close,2.2678571428571264,0.01102574119894073,0.004861744150714088
2024-07-11,-1,231.26,231.88,231.88,stop,-1.0,-0.002680965147453085,0.0026809651474531027
2024-07-12,1,230.18,228.68,230.56,close,0.2533333333333303,0.0016508819184986034,0.006516639151968025
2024-07-15,1,236.5799,235.32,235.32,stop,-1.0,-0.005325473550373494,0.005325473550373536
2024-07-16,1,236.23,234.89,234.89,stop,-1.0,-0.005672437878338932,0.005672437878338921
2024-07-17,1,230.915,229.34,229.34,stop,-1.0,-0.006820691596474804,0.006820691596474845
2024-07-18,-1,230.016,230.44,230.44,stop,-1.0,-0.0018433500278240977,0.0018433500278241801
2024-07-19,1,224.94,224.42,224.42,stop,-1.0,-0.0023117275717969843,0.002311727571796969
2024-07-22,-1,226.46,227.75,227.75,stop,-1.0,-0.0056963702199064326,0.00569637021990635
2024-07-23,-1,223.025,224.44,224.44,stop,-1.0,-0.006344580204012962,0.006344580204012967
2024-07-24,-1,222.88,224.8,218.57,close,2.244791666666649,0.019337760229720002,0.008614501076812706
2024-07-25,1,219.11,218.83,218.83,stop,-1.0,-0.0012778969467390766,0.001277896946739086
2024-07-26,-1,217.15,219.1499,219.1499,stop,-1.0,-0.00920976283674868,0.009209762836748776
2024-07-29,1,217.11,215.75,218.22,close,0.8161764705882162,0.00511261572474786,0.0062641057528442425
2024-07-30,-1,218.78,219.79,219.79,stop,-1.0,-0.004616509735807517,0.004616509735807619
2024-07-31,1,221.61,220.63,221.99,close,0.3877551020408045,0.0017147240647985562,0.004422183114480475
2024-08-01,-1,223.29,224.48,218.28,close,4.2100840336134455,0.022437189305387517,0.005329392270141958
2024-08-02,1,220.45,217.71,219.8,close,-0.23722627737225616,-0.0029485144023586596,0.012429122249943211
2024-08-05,1,205.6879,196.0,209.2,close,0.36252438608986165,0.017074898426207685,0.04709999956244394
2024-08-06,1,205.285,204.5,204.5,stop,-1.0,-0.0038239520666389915,0.003823952066639046
2024-08-07,1,209.74,206.39,209.86,close,0.03582089552238917,0.0005721369314388713,0.01597215600267008
2024-08-08,-1,212.41,213.21,213.21,stop,-1.0,-0.003766301021609131,0.003766301021609206
2024-08-09,1,213.17,211.97,216.3,close,2.608333333333378,0.014683116761270432,0.005629309940423083
2024-08-12,1,217.6257,215.6,217.55,close,-0.03736979809447768,-0.00034784494662154497,0.009308183730138492
2024-08-13,1,220.9,219.01,221.27,close,0.19576719576719664,0.00167496604798556,0.008555907650520665
2024-08-14,1,220.91,219.7,221.61,close,0.5785123966942252,0.0031687112398715023,0.005477343714634955
2024-08-15,-1,223.22,224.87,224.87,stop,-1.0,-0.007391810769644236,0.007391810769644323
2024-08-16,-1,223.94,224.5469,224.5469,stop,-1.0,-0.0027101009198893244,0.002710100919889238
2024-08-19,-1,224.76,225.74,225.74,stop,-1.0,-0.004360206442427517,0.004360206442427559
2024-08-20,1,226.53,225.45,226.51,close,-0.018518518518527777,-8.828852690601074e-05,0.004767580452920198
2024-08-21,-1,226.4,226.67,226.67,stop,-1.0,-0.001192579505300273,0.001192579505300273
2024-08-22,-1,227.2,227.8,227.8,stop,-1.0,-0.002640845070422726,0.0026408450704226353
2024-08-23,1,226.02,225.51,225.51,stop,-1.0,-0.0022564374834086465,0.0022564374834086335
2024-08-26,1,226.87,226.32,226.32,stop,-1.0,-0.0024242958522502356,0.0024242958522502373
2024-08-27,-1,225.59,226.27,226.27,stop,-1.0,-0.0030143180105501877,0.0030143180105501434
2024-08-28,1,229.17,227.87,227.87,stop,-1.0,-0.005672644761530621,0.005672644761530668
2024-08-29,-1,229.875,230.35,230.35,stop,-1.0,-0.002066340402392619,0.00206634040239258
2024-08-30,-1,230.01,230.4,230.4,stop,-1.0,-0.0016955784531107465,0.0016955784531107986
2024-09-03,-1,227.035,229.0,222.76,close,2.1755725190839685,0.018829695861871554,0.008655053185632186
2024-09-04,-1,219.58,221.78,220.79,close,-0.5499999999999935,-0.005510520083796155,0.0100191274250842
2024-09-05,1,223.38,221.52,222.38,close,-0.5376344086021548,-0.004476676515354994,0.008326618318560235
2024-09-06,1,224.52,223.46,223.46,stop,-1.0,-0.0047211829681097495,0.0047211829681097555
2024-09-09,-1,220.61,221.27,220.99,close,-0.5757575757575718,-0.0017224967136575398,0.0029917048184578965
2024-09-10,-1,218.3902,220.02,220.02,stop,-1.0,-0.007462789081195131,0.007462789081195114
2024-09-11,1,222.63,220.5,220.5,stop,-1.0,-0.009567443740735704,0.00956744374073573
2024-09-12,-1,221.61,222.58,222.58,stop,-1.0,-0.0043770587969858,0.00437705879698569
2024-09-13,-1,222.925,223.85,223.85,stop,-1.0,-0.004149377593360981,0.0041493775933609195
2024-09-16,-1,214.37,216.8,216.8,stop,-1.0,-0.011335541353734158,0.011335541353734229
2024-09-17,-1,214.75,216.13,216.13,stop,-1.0,-0.006426076833527361,0.006426076833527336
2024-09-18,1,218.505,217.54,220.69,close,2.2642487046632067,0.009999771172284344,0.004416374911329276
2024-09-19,1,225.95,224.63,228.81,close,2.1666666666666883,0.01265766762558096,0.005842000442575762
2024-09-20,1,230.97,229.69,229.69,stop,-1.0,-0.005541845261289313,0.00554184526128935
2024-09-23,-1,226.72,227.53,227.53,stop,-1.0,-0.0035726887791107664,0.0035726887791108076
2024-09-24,-1,227.85,229.35,227.36,close,0.3266666666666538,0.0021505376344085336,0.0065832784726793945
2024-09-25,1,225.215,224.61,224.61,stop,-1.0,-0.0026863219590168574,0.002686321959016894
2024-09-26,-1,226.645,227.64,227.64,stop,-1.0,-0.004390125526704702,0.004390125526704653
2024-09-27,1,229.08,228.42,228.42,stop,-1.0,-0.002881089575694218,0.0028810895756941897
2024-09-30,1,232.29,229.65,233.0,close,0.26893939393939836,0.003056524172370789,0.01136510396487144
2024-10-01,-1,227.63,229.65,226.26,close,0.678217821782177,0.006018538856916944,0.008874049993410404
2024-10-02,-1,224.55,226.12,226.12,stop,-1.0,-0.006991761300378485,0.006991761300378504
2024-10-03,1,225.73,224.89,224.89,stop,-1.0,-0.003721259912284558,0.003721259912284603
2024-10-04,-1,227.07,228.0,226.8,close,0.2903225806451396,0.0011890606420926764,0.004095653322763936
2024-10-07,-1,224.41,225.11,225.11,stop,-1.0,-0.003119290584198575,0.003119290584198641
2024-10-08,-1,223.9603,224.425,224.425,stop,-1.0,-0.002074921314179523,0.002074921314179441
2024-10-09,1,225.245,224.83,229.39499999999992,target,10.0,0.018424382339230272,0.0018424382339230262
2024-10-10,1,227.83,227.68,227.68,stop,-1.0,-0.0006583856384145825,0.0006583856384146323
2024-10-11,-1,228.1145,229.41,227.51,close,0.46661520648398275,0.0026499849856103097,0.005679165506795947
2024-10-14,1,230.22,228.6,231.4,close,0.7283950617283972,0.005125532099730767,0.007036747458952326
2024-10-15,1,234.05,232.37,233.8,close,-0.1488095238095232,-0.0010681478316598714,0.007177953428754568
2024-10-16,-1,231.435,232.12,231.75,close,-0.4598540145985353,-0.0013610733035194222,0.0029597943267008113
2024-10-17,-1,231.6399,233.85,232.26,close,-0.2805755395683382,-0.0026769999469002936,0.009541102374849854
2024-10-18,-1,234.9,236.18,234.98,close,-0.06249999999998751,-0.00034057045551283416,0.005449127288207753
2024-10-21,1,234.91,234.45,236.58,close,3.6304347826086674,0.0071091056149164,0.001958196756204538
2024-10-22,-1,232.984,234.2,234.2,stop,-1.0,-0.005219242523091694,0.005219242523091627
2024-10-23,1,234.08,233.81,233.81,stop,-1.0,-0.0011534518113466286,0.001153451811346592
2024-10-24,-1,229.388,230.175,230.175,stop,-1.0,-0.003430868223272432,0.0034308682232723864
2024-10-25,1,231.1,229.57,231.41,close,0.20261437908496865,0.001341410644742469,0.00662051060147123
2024-10-28,1,233.77,233.301,233.301,stop,-1.0,-0.002006245454934441,0.0020062454549344333
2024-10-29,1,233.09,232.32,233.75,close,0.8571428571428413,0.002831524303916977,0.003303445021236476
2024-10-30,-1,232.49,233.06,233.06,stop,-1.0,-0.002451718353477572,0.0024517183534775396
2024-10-31,-1,228.835,229.48,229.48,stop,-1.0,-0.002818624773308187,0.002818624773308199
2024-11-01,1,222.24,220.27,222.85,close,0.3096446700507541,0.002744780417566428,0.008864290856731455
2024-11-04,-1,220.68,222.41,222.41,stop,-1.0,-0.007839405473989425,0.00783940547398944
2024-11-05,1,223.16,221.795,221.795,stop,-1.0,-0.0061166875784191,0.006116687578419112
2024-11-06,1,225.19,221.19,222.7,close,-0.6225000000000023,-0.011057329366312985,0.017762778098494605
2024-11-07,1,225.87,224.57,227.69,close,1.3999999999999826,0.008057732323903055,0.005755523088502286
2024-11-08,1,228.14,227.14,227.14,stop,-1.0,-0.004383273428596457,0.004383273428596476
2024-11-11,-1,223.87,225.7,224.25,close,-0.20765027322404303,-0.0016974136775806947,0.008174386920980855
2024-11-12,-1,223.905,225.04,225.04,stop,-1.0,-0.0050691141332261935,0.005069114133226104
2024-11-13,-1,223.635,225.2099,225.2099,stop,-1.0,-0.007042278713081718,0.007042278713081646
2024-11-14,1,226.22,225.0,228.19,close,1.6147540983606563,0.008708337017063084,0.0053929802846786265
2024-11-15,-1,226.33,226.92,224.92,close,2.38983050847472,0.0062298413820528475,0.0026068130605751555
2024-11-18,1,226.4847,225.17,227.99,close,1.1449760401612434,0.006646365074550298,0.005804807123836693
2024-11-19,1,227.75,226.66,228.3,close,0.5045871559633116,0.0024149286498353906,0.0047859495060373364
2024-11-20,1,229.66,227.882,227.882,stop,-1.0,-0.007741879299834498,0.007741879299834501
2024-11-21,-1,228.835,229.93,229.93,stop,-1.0,-0.004785107173290726,0.004785107173290794
2024-11-22,1,228.8,228.06,229.74,close,1.2702702702702515,0.004108391608391493,0.0032342657342657737
2024-11-25,1,232.315,231.42,231.42,stop,-1.0,-0.0038525278178336286,0.003852527817833589
2024-11-26,1,234.41,233.33,235.08,close,0.6203703703703942,0.002858239836184495,0.004607311974745037
2024-11-27,1,234.685,234.29,234.29,stop,-1.0,-0.001683107143618079,0.0016831071436180847
2024-12-02,1,239.29,237.16,239.6,close,0.14553990610328776,0.0012954991850893105,0.008901333110451734
2024-12-03,-1,239.55,239.95,239.95,stop,-1.0,-0.0016697975370485452,0.0016697975370485378
2024-12-04,1,243.04,242.51,242.51,stop,-1.0,-0.002180710994075019,0.0021807109940750542
2024-12-05,-1,243.67,244.54,243.08,close,0.6781609195401976,0.002421307506053183,0.0035704025936717882
2024-12-06,-1,242.4,243.05,243.05,stop,-1.0,-0.0026815181518151654,0.002681518151815205
2024-12-09,1,243.235,241.75,246.82,close,2.4141414141413784,0.014738832816000969,0.006105206898678289
2024-12-10,-1,246.6228,247.6501,247.6501,stop,-1.0,-0.004165470507998537,0.004165470507998436
2024-12-11,1,248.66,247.65,247.65,stop,-1.0,-0.004061771093058719,0.004061771093058758
2024-12-12,-1,246.7232,247.58,247.58,stop,-1.0,-0.003472717604181552,0.0034727176041816138
2024-12-13,1,248.49,247.7,247.7,stop,-1.0,-0.0031792023823896676,0.0031792023823897157
2024-12-16,1,249.92,247.65,251.04,close,0.49339207048458744,0.004481434058898781,0.009082906530089556
2024-12-17,1,250.76,249.78,253.48,close,2.7755102040816606,0.010847025043866587,0.003908119317275442
2024-12-18,-1,252.1374,253.4,253.4,stop,-1.0,-0.005007587133047275,0.005007587133047267
2024-12-19,1,247.82,247.0949,249.85,close,2.799613846366029,0.008191429263174843,0.002925913969816793
2024-12-20,-1,247.1,248.72,248.72,stop,-1.0,-0.006556050182112472,0.006556050182112524
2024-12-23,-1,254.32,255.65,255.65,stop,-1.0,-0.005229631959735803,0.005229631959735815
2024-12-26,1,259.531,258.1,258.1,stop,-1.0,-0.005513792186675137,0.00551379218667513
2024-12-27,-1,256.9301,258.7,255.73,close,0.6780609073958909,0.0046709202230489355,0.006888644031976039
2024-12-30,-1,251.46,253.0,253.0,stop,-1.0,-0.006124234470691103,0.006124234470691132
2024-12-31,1,252.47,252.31,252.31,stop,-1.0,-0.000633738662019212,0.0006337386620192363
2025-01-02,-1,246.345,249.1,243.82,close,0.9165154264972812,0.010249852848647212,0.011183502811098239
2025-01-03,-1,242.5125,243.4,243.4,stop,-1.0,-0.0036596051749910874,0.0036596051749910505
2025-01-06,1,245.96,243.8,243.8,stop,-1.0,-0.008781915758659942,0.008781915758659931
2025-01-07,1,243.93,242.68,242.68,stop,-1.0,-0.005124420940433749,0.005124420940433731
2025-01-08,-1,241.265,242.0,242.0,stop,-1.0,-0.0030464427082255163,0.003046442708225452
2025-01-10,-1,238.36,240.16,236.93,close,0.7944444444444557,0.005999328746433941,0.007551602617888836
2025-01-13,-1,231.255,233.65,233.65,stop,-1.0,-0.010356532831722554,0.010356532831722602
2025-01-14,1,235.877,234.26,234.26,stop,-1.0,-0.006855267787872599,0.006855267787872572
2025-01-15,1,236.7968,234.43,237.88,close,0.4576643569376426,0.004574386140353326,0.009995067500912105
2025-01-16,-1,236.27,238.01,228.24,close,4.614942528735684,0.03398654082194097,0.0073644559190755516
2025-01-17,-1,231.19,232.29,229.96,close,1.1181818181818146,0.005320299320904831,0.004757991262597839
2025-01-21,-1,222.3297,224.42,222.66,close,-0.15801559584748429,-0.0014856314743374455,0.009401802818066974
2025-01-22,1,222.61,219.79,223.77,close,0.4113475177304921,0.005210906967342055,0.012667894524055619
2025-01-23,1,225.27,224.48,224.48,stop,-1.0,-0.003506902827717928,0.0035069028277179403
2025-01-24,-1,224.48,225.63,222.79,close,1.4695652173912952,0.007528510334996463,0.005122950819672157
2025-01-27,1,226.52,223.98,229.94,close,1.3464566929133701,0.015098004591205916,0.011213137912767174
2025-01-28,1,234.1743,230.81,238.24,close,1.208483191154189,0.017361853969457774,0.01436664911563731
2025-01-29,1,234.99,234.01,239.35,close,4.448979591836637,0.0185539810204689,0.0041703902293715395
2025-01-30,1,240.0,238.41,238.41,stop,-1.0,-0.006624999999999992,0.0066250000000000146
2025-01-31,-1,245.31,247.19,235.84,close,5.037234042553203,0.03860421507480327,0.007663772369654704
2025-02-03,1,230.09,229.44,229.44,stop,-1.0,-0.00282498152896693,0.002824981528966951
2025-02-04,-1,226.9373,228.2399,228.2399,stop,-1.0,-0.0057399114204672586,0.005739911420467294
2025-02-05,1,229.255,228.27,232.45,close,3.243654822335067,0.013936446315238493,0.004296525702819939
2025-02-06,-1,231.14,231.81,231.81,stop,-1.0,-0.002898676127022659,0.0028986761270226526
2025-02-07,1,233.43,232.09,232.09,stop,-1.0,-0.0057404789444372994,0.005740478944437319
2025-02-10,1,229.81,229.19,229.19,stop,-1.0,-0.002697880858100188,0.0026978808581001896
2025-02-11,1,231.07,228.13,232.77,close,0.578231292517013,0.007357077941749335,0.012723417146319287
2025-02-12,1,231.245,230.68,236.89499999999998,target,10.0,0.024432960712663876,0.0024432960712663957
2025-02-13,1,238.36,236.82,236.82,stop,-1.0,-0.006460815573082868,0.006460815573082817
2025-02-14,1,242.7,240.99,244.57,close,1.093567251462004,0.007704985578903978,0.007045735475896084
2025-02-18,-1,243.765,245.005,245.005,stop,-1.0,-0.005086866449244276,0.005086866449244187
2025-02-19,-1,244.54,246.01,244.89,close,-0.23809523809523442,-0.0014312586897848867,0.0060112864970965855
2025-02-20,1,245.725,244.41,244.41,stop,-1.0,-0.005351510835283291,0.005351510835283336
2025-02-21,1,246.24,245.6801,245.6801,stop,-1.0,-0.0022737979207277936,0.002273797920727741
2025-02-24,1,246.065,244.42,247.23,close,0.7082066869300819,0.0047345213663056995,0.006685225448560381
2025-02-25,-1,247.96,249.52,249.52,stop,-1.0,-0.00629133731246978,0.006291337312469762
2025-02-26,-1,243.455,244.98,240.31,close,2.0622950819672505,0.01291819843502906,0.006263991292025126
2025-02-27,1,241.61,238.92,238.92,stop,-1.0,-0.011133645130582459,0.01113364513058245
2025-02-28,-1,235.61,237.31,237.31,stop,-1.0,-0.007215313441704563,0.007215313441704463
2025-03-03,1,243.25,241.02,241.02,stop,-1.0,-0.009167523124357646,0.009167523124357615
2025-03-04,-1,237.68,239.39,239.39,stop,-1.0,-0.007194547290474418,0.007194547290474501
2025-03-05,-1,235.11,235.95,235.95,stop,-1.0,-0.003572795712645016,0.003572795712645038
2025-03-06,-1,234.24,234.8,234.8,stop,-1.0,-0.0023907103825135945,0.002390710382513671
2025-03-07,1,236.08,234.76,239.03,close,2.2348484848484396,0.012495764147746558,0.005591324974584978
2025-03-10,-1,232.31,236.16,227.541,close,1.238701298701302,0.020528604020489838,0.01657268305281733
2025-03-11,1,224.38,222.65,222.65,stop,-1.0,-0.007710134593100992,0.007710134593100944
2025-03-12,1,220.39,219.27,219.27,stop,-1.0,-0.005081900267707162,0.005081900267707138
2025-03-13,-1,214.92,216.03,216.03,stop,-1.0,-0.005164712451144693,0.0051647124511446756
2025-03-14,1,213.4,210.97,210.97,stop,-1.0,-0.011387066541705737,0.01138706654170575
2025-03-17,1,213.45,212.17,212.17,stop,-1.0,-0.005996720543452794,0.005996720543452805
2025-03-18,-1,214.11,215.05,215.05,stop,-1.0,-0.004390266685348587,0.004390266685348642
2025-03-19,1,214.98,213.9101,213.9101,stop,-1.0,-0.004976742022513636,0.004976742022513675
2025-03-20,1,214.15,212.9,212.9,stop,-1.0,-0.005837030119075437,0.0058370301190754145
2025-03-21,1,212.69,211.28,218.36,close,4.021276595744702,0.02665851709060152,0.006629366683906139
2025-03-24,-1,218.86,221.03,221.03,stop,-1.0,-0.009915014164305846,0.009915014164305892
2025-03-25,-1,220.28,221.1,221.1,stop,-1.0,-0.0037225349555112253,0.003722534955511137
2025-03-26,1,224.04,223.31,223.31,stop,-1.0,-0.0032583467237993213,0.003258346723799276
2025-03-27,-1,221.26,222.1,222.1,stop,-1.0,-0.003796438579047212,0.0037964385790472902
2025-03-28,1,221.83,220.99,220.99,stop,-1.0,-0.0037866834963711238,0.0037866834963711103
2025-03-31,1,217.1,216.8,216.8,stop,-1.0,-0.0013818516812528214,0.0013818516812528004
2025-04-01,1,219.94,218.9,223.14,close,3.0769230769230895,0.014549422569791748,0.004728562335182286
2025-04-02,1,221.92,221.02,223.8,close,2.088888888888968,0.008471521268925919,0.004055515501081368
2025-04-03,1,206.93,204.57,204.57,stop,-1.0,-0.011404822886966648,0.011404822886966672
2025-04-04,1,196.835,192.77,192.77,stop,-1.0,-0.020651814971930804,0.020651814971930794
2025-04-07,-1,176.615,178.39,178.39,stop,-1.0,-0.010050108994139606,0.010050108994139667
2025-04-08,-1,186.25,187.52,187.52,stop,-1.0,-0.006818791946308744,0.00681879194630878
2025-04-09,1,174.79,171.89,198.85,close,8.296551724137915,0.13765089536014652,0.016591338177241295
2025-04-10,1,192.23,188.99,188.99,stop,-1.0,-0.016854809342974453,0.016854809342974463
2025-04-11,1,188.27,186.06,198.02,close,4.411764705882337,0.05178732671163755,0.011738460721304552
2025-04-14,-1,208.68,212.94,202.59,close,1.4295774647887363,0.029183438757906854,0.02041403105232888
2025-04-15,1,202.505,201.79,201.79,stop,-1.0,-0.0035307770178514275,0.003530777017851428
2025-04-16,1,199.275,198.3,198.3,stop,-1.0,-0.004892736168611189,0.004892736168611187
2025-04-17,-1,195.1258,197.2,197.2,stop,-1.0,-0.010630065321961535,0.010630065321961476
2025-04-21,1,193.52,192.38,192.38,stop,-1.0,-0.0058908639933857865,0.005890863993385773
2025-04-22,1,196.855,195.97,199.56,close,3.0564971751412884,0.013741078458764155,0.004495694800741617
2025-04-23,-1,205.66,206.87,206.87,stop,-1.0,-0.005883497033939644,0.0058834970339395505
2025-04-24,-1,204.445,205.49,205.49,stop,-1.0,-0.005111399153806762,0.005111399153806725
2025-04-25,1,207.57,206.2,209.23,close,1.2116788321167817,0.00799730211494909,0.006600183070771328
2025-04-28,-1,209.62,210.31,210.31,stop,-1.0,-0.0032916706421142194,0.003291670642114291
2025-04-29,1,209.25,208.37,211.24,close,2.2613636363636584,0.009510155316607039,0.004205495818399022
2025-04-30,-1,208.96,209.72,209.72,stop,-1.0,-0.0036370597243491343,0.003637059724349114
2025-05-01,1,210.9357,208.9,212.83,close,0.9305398634376496,0.008980461818459462,0.00965080827948987
2025-05-02,-1,203.2199,206.43,206.43,stop,-1.0,-0.015796189251151116,0.015796189251151147
2025-05-05,-1,202.9,204.1,198.77,close,3.4416666666666953,0.020354854608181316,0.005914243469689446
2025-05-06,1,199.47,197.4,197.4,stop,-1.0,-0.010377500375996385,0.010377500375996357
2025-05-07,-1,198.53,199.365,199.365,stop,-1.0,-0.004205913463960043,0.004205913463960147
2025-05-08,-1,197.08,198.13,198.13,stop,-1.0,-0.005327785670793395,0.0053277856707934996
2025-05-09,1,200.14,198.715,198.715,stop,-1.0,-0.0071200159888077375,0.00712001598880775
2025-05-12,-1,208.8594,211.2679,210.83,close,-0.8181855926925538,-0.009435055353027133,0.011531681121366832
2025-05-13,1,211.24,209.89,209.89,stop,-1.0,-0.006390835069115752,0.006390835069115805
2025-05-14,1,212.77,211.85,211.85,stop,-1.0,-0.004323917845560965,0.004323917845561009
2025-05-15,1,211.715,210.95,210.95,stop,-1.0,-0.0036133481331035444,0.0036133481331035344
2025-05-16,-1,211.83,212.57,211.19,close,0.8648648648649074,0.0030212906576028153,0.00349336732285314
2025-05-19,-1,205.75,208.27,208.27,stop,-1.0,-0.0122478736330498,0.012247873633049867
2025-05-20,-1,206.64,208.3,208.3,stop,-1.0,-0.008033294618660536,0.008033294618660593
2025-05-21,-1,204.32,205.25,205.25,stop,-1.0,-0.0045516836335159905,0.004551683633516087
2025-05-22,-1,199.97,201.4422,201.4422,stop,-1.0,-0.007362104315647322,0.007362104315647423
2025-05-23,1,196.5,193.46,195.34,close,-0.3815789473684209,-0.005903307888040721,0.015470737913485964
2025-05-27,-1,198.06,199.17,199.17,stop,-1.0,-0.005604362314450162,0.005604362314450092
2025-05-28,1,202.4,200.5,200.5,stop,-1.0,-0.009387351778656128,0.009387351778656154
2025-05-29,-1,203.14,203.81,199.94,close,4.7761194029849445,0.015752682878802715,0.003298217977749414
2025-05-30,-1,198.97,199.58,199.58,stop,-1.0,-0.0030657888123839516,0.003065788812383845
2025-06-02,1,201.72,200.15,200.15,stop,-1.0,-0.007783065635534325,0.00778306563553437
2025-06-03,-1,201.07,202.6449,202.6449,stop,-1.0,-0.00783259561346794,0.007832595613468015
2025-06-04,1,203.075,202.6508,202.6508,stop,-1.0,-0.0020888834174564996,0.00208888341745653
2025-06-05,-1,203.3,203.595,203.595,stop,-1.0,-0.0014510575504180778,0.0014510575504180397
2025-06-06,1,205.05,202.9831,202.9831,stop,-1.0,-0.010079980492562757,0.010079980492562809
2025-06-09,1,204.84,203.98,203.98,stop,-1.0,-0.004198398750244192,0.004198398750244159
2025-06-10,1,202.135,200.57,202.75,close,0.39297124600639616,0.003042521087392114,0.007742350409379859
2025-06-11,1,203.995,202.85,202.85,stop,-1.0,-0.0056128826686928646,0.0056128826686929105
2025-06-12,-1,198.08,199.39,199.39,stop,-1.0,-0.006613489499192049,0.006613489499192113
2025-06-13,-1,198.89,200.37,196.45,close,1.648648648648627,0.012268087887777113,0.007441299210619027
2025-06-16,-1,196.93,197.84,197.84,stop,-1.0,-0.004620931295384212,0.0046209312953841295
2025-06-17,-1,197.08,197.93,197.93,stop,-1.0,-0.0043129693525472135,0.00431296935254716
2025-06-18,-1,195.205,196.14,196.14,stop,-1.0,-0.004789836325913566,0.004789836325913649
2025-06-20,1,199.41,197.52,197.52,stop,-1.0,-0.009477959981946671,0.009477959981946674
2025-06-23,-1,200.2799,201.73,201.73,stop,-1.0,-0.0072403671062348796,0.007240367106234784
2025-06-24,-1,202.24,202.78,202.78,stop,-1.0,-0.002670094936708889,0.002670094936708821
2025-06-25,1,202.865,201.2,201.2,stop,-1.0,-0.0082074285855126,0.008207428585512634
2025-06-26,1,201.585,201.25,201.25,stop,-1.0,-0.0016618299972717132,0.0016618299972716618
2025-06-27,1,202.815,201.25,201.25,stop,-1.0,-0.007716391785617449,0.007716391785617423
2025-06-30,-1,200.91,202.19,202.19,stop,-1.0,-0.006371011895873746,0.00637101189587378
2025-07-01,1,207.04,206.1401,207.86,close,0.9112123569285693,0.00396058732612059,0.0043465030911901195
2025-07-02,1,209.65,208.14,212.41,close,1.8278145695363943,0.013164798473646488,0.007202480324350199
2025-07-07,1,214.4,212.67,212.67,stop,-1.0,-0.008069029850746312,0.008069029850746354
2025-07-08,-1,209.29,210.49,210.49,stop,-1.0,-0.005733670982846828,0.00573367098284685
2025-07-09,1,210.59,209.35,209.35,stop,-1.0,-0.005888218813808854,0.0058882188138088655
2025-07-10,-1,210.37,211.14,211.14,stop,-1.0,-0.003660217711650704,0.003660217711650814
2025-07-11,1,210.7162,209.88,209.88,stop,-1.0,-0.003968370728021808,0.003968370728021818
2025-07-14,-1,209.72,210.91,208.54,close,0.9915966386554698,0.005626549685294746,0.0056742323097463175
2025-07-15,1,210.43,208.92,209.01,close,-0.940397350993376,-0.006748087249916934,0.007175782920686305
2025-07-16,1,210.77,210.19,210.19,stop,-1.0,-0.0027518147743986754,0.0027518147743986927
2025-07-17,-1,210.515,210.92,210.92,stop,-1.0,-0.001923853407120646,0.0019238534071206383
2025-07-18,-1,210.3244,211.01,211.01,stop,-1.0,-0.0032597264035936213,0.0032597264035936573
2025-07-21,1,212.91,211.63,212.54,close,-0.2890625000000033,-0.0017378234934949388,0.006011929923441835
2025-07-22,-1,212.48,213.31,213.31,stop,-1.0,-0.00390625,0.003906250000000059
2025-07-23,-1,214.51,215.15,214.31,close,0.312499999999975,0.000932357465852407,0.002983543890727774
2025-07-24,1,215.25,213.69,213.69,stop,-1.0,-0.00724738675958192,0.007247386759581892
2025-07-25,-1,214.55,214.86,214.86,stop,-1.0,-0.0014448846422745465,0.0014448846422745387
2025-07-28,1,214.105,213.58,213.58,stop,-1.0,-0.002452067910604483,0.0024520679106045037
2025-07-29,1,214.43,214.11,214.11,stop,-1.0,-0.0014923284988107577,0.001492328498810769
2025-07-30,-1,211.7809,212.39,209.02,close,4.532753242489027,0.013036586396601324,0.0028760856148972065
2025-07-31,1,208.717,207.82,207.82,stop,-1.0,-0.004297685382599448,0.0042976853825995
2025-08-01,1,211.79,210.09,210.09,stop,-1.0,-0.008026819018839393,0.008026819018839363
2025-08-04,1,205.48,204.195,204.195,stop,-1.0,-0.006253649990266674,0.006253649990266676
2025-08-05,-1,202.98,204.26,204.26,stop,-1.0,-0.0063060400039411935,0.006306040003941281
2025-08-06,1,208.6,205.59,213.25,close,1.5448504983388769,0.02229146692233952,0.01442953020134224
2025-08-07,-1,218.14,219.53,219.53,stop,-1.0,-0.006372054643806857,0.006372054643806798
2025-08-08,-1,219.8199,221.01,221.01,stop,-1.0,-0.005413977533426317,0.005413977533426232
2025-08-11,-1,226.065,228.73,228.73,stop,-1.0,-0.011788644858779618,0.011788644858779519
2025-08-12,1,229.83,227.92,227.92,stop,-1.0,-0.008310490362441914,0.008310490362441914
2025-08-13,1,231.17,230.84,230.84,stop,-1.0,-0.0014275208720854193,0.0014275208720854094
2025-08-14,-1,233.57,235.12,232.83,close,0.4774193548386937,0.0031682150961167554,0.0066361262148392835
2025-08-15,-1,233.7,234.28,231.65,close,3.5344827586205843,0.00877192982456132,0.0024818142918271824
2025-08-18,1,231.935,231.37,231.37,stop,-1.0,-0.002436027335244728,0.0024360273352447784
2025-08-19,-1,230.7194,231.58,231.58,stop,-1.0,-0.003730072113571792,0.0037300721135717463
2025-08-20,-1,228.79,230.47,225.96,close,1.684523809523793,0.012369421740460629,0.007342978277022627
2025-08-21,-1,225.495,226.52,224.91,close,0.5707317073170778,0.002594292556375999,0.004545555333821174
2025-08-22,-1,225.685,226.96,226.96,stop,-1.0,-0.005649467177703427,0.005649467177703461
2025-08-25,1,226.86,226.23,227.15,close,0.46031746031743026,0.0012783214317200198,0.0027770431102883885
2025-08-26,-1,226.61,227.05,227.05,stop,-1.0,-0.001941661886059709,0.00194166188605974
2025-08-27,1,229.22,228.26,230.5,close,1.3333333333333235,0.0055841549603001805,0.004188116220225146
2025-08-28,-1,230.715,230.85,230.85,stop,-1.0,-0.0005851375073142595,0.0005851375073141794
2025-08-29,-1,231.97,233.38,232.27,close,-0.2127659574468171,-0.0012932706815536044,0.006078372203302137
2025-09-02,-1,228.14,229.7,229.7,stop,-1.0,-0.006837906548610606,0.006837906548610512
2025-09-03,-1,235.62,237.97,237.97,stop,-1.0,-0.009973686444274765,0.009973686444274656
2025-09-04,-1,237.86,239.365,239.365,stop,-1.0,-0.006327251324308447,0.006327251324308397
2025-09-05,1,240.05,239.18,239.18,stop,-1.0,-0.0036242449489689577,0.0036242449489689837
2025-09-08,1,239.73,238.74,238.74,stop,-1.0,-0.00412964585158293,0.00412964585158295
2025-09-09,1,237.785,236.73,236.73,stop,-1.0,-0.004436781125806921,0.004436781125806955
2025-09-10,-1,230.655,232.42,226.78,close,2.195467422096334,0.01679998265808247,0.0076521211332942545
2025-09-11,1,227.47,226.65,230.02,close,3.1097560975610152,0.011210269486086055,0.0036048709719962773
2025-09-12,1,230.53,229.1601,229.1601,stop,-1.0,-0.005942393614713937,0.005942393614713925
2025-09-15,1,237.23,236.74,236.74,stop,-1.0,-0.0020655060489819244,0.002065506048981919
2025-09-16,-1,237.01,237.93,237.93,stop,-1.0,-0.003881692755580035,0.0038816927555800004
2025-09-17,1,239.5,238.79,238.79,stop,-1.0,-0.0029645093945720458,0.0029645093945720583
2025-09-18,-1,239.19,241.2,237.85,close,0.6666666666666714,0.0056022408963585235,0.008403361344537777
2025-09-19,1,241.69,240.95,240.95,stop,-1.0,-0.0030617733460217567,0.003061773346021801
2025-09-22,1,249.985,248.12,256.09,close,3.273458445040178,0.02442146528791711,0.007460447626857648
2025-09-23,1,256.875,255.79,255.79,stop,-1.0,-0.0042238442822384314,0.004223844282238474
2025-09-24,-1,253.53,255.74,252.24,close,0.5837104072398133,0.005088155247899628,0.008716917130122698
2025-09-25,-1,252.01,254.32,254.32,stop,-1.0,-0.009166302924487058,0.009166302924487132
2025-09-26,1,254.55,253.78,255.46,close,1.1818181818181617,0.0035749361618542252,0.0030249459831074845
2025-09-29,-1,253.6,254.87,254.87,stop,-1.0,-0.0050078864353313435,0.005007886435331271
2025-09-30,1,255.245,254.52,254.52,stop,-1.0,-0.0028404082352249116,0.0028404082352249576
2025-10-01,1,256.49,254.93,255.41,close,-0.6923076923076993,-0.004210690475262235,0.006082108464267621
2025-10-02,-1,255.89,257.3,257.3,stop,-1.0,-0.005510180155535727,0.00551018015553568
2025-10-03,1,256.72,253.95,258.015,close,0.46750902527073684,0.005044406357120446,0.010789965721408688
2025-10-06,-1,257.9051,259.07,256.65,close,1.077431539187947,0.004866518731114766,0.00451677768295388
2025-10-07,1,257.02,256.805,256.805,stop,-1.0,-0.0008365107773713465,0.0008365107773713135
2025-10-08,1,256.64,256.36,256.36,stop,-1.0,-0.001091022443890144,0.001091022443890168
2025-10-09,-1,256.57,258.0,254.03,close,1.7762237762237623,0.009899832404412057,0.0055735276922477565
2025-10-10,1,255.32,254.43,254.43,stop,-1.0,-0.0034858217139275283,0.003485821713927567
2025-10-13,-1,246.78,249.49,249.49,stop,-1.0,-0.010981440959559219,0.010981440959559153
2025-10-14,-1,246.43,247.14,247.14,stop,-1.0,-0.0028811427180130966,0.0028811427180131456
2025-10-15,-1,249.115,250.25,250.25,stop,-1.0,-0.004556128695582418,0.004556128695582325
2025-10-16,-1,247.51,248.38,248.38,stop,-1.0,-0.003515009494565957,0.0035150094945658947
2025-10-17,1,248.35,247.33,247.33,stop,-1.0,-0.004107106905576696,0.0041071069055767335
2025-10-20,1,258.4,255.63,262.23,close,1.3826714801444282,0.014821981424148811,0.010719814241485999
2025-10-21,1,263.29,261.83,262.84,close,-0.3082191780822153,-0.001709142010710818,0.005545216301416827
2025-10-22,-1,260.31,262.85,258.43,close,0.7401574803149529,0.0072221581959970305,0.009757596711613156
2025-10-23,-1,259.17,260.1799,260.1799,stop,-1.0,-0.0038966701392906256,0.003896670139290655
2025-10-24,-1,260.116,261.68,261.68,stop,-1.0,-0.006012702025250283,0.006012702025250356
2025-10-27,1,266.07,264.705,264.705,stop,-1.0,-0.005130228887134991,0.005130228887134999
2025-10-28,1,269.1862,268.9,268.9,stop,-1.0,-0.0010632045773520948,0.0010632045773520634
2025-10-29,1,269.6,268.7,268.7,stop,-1.0,-0.003338278931750871,0.003338278931750868
2025-10-30,-1,271.4,274.14,271.38,close,0.007299270072986038,7.369196757545105e-05,0.010095799557848228
2025-10-31,-1,272.97,277.32,270.25,close,0.6252873563218503,0.009964464959519415,0.015935817122760616
2025-11-03,-1,269.2601,270.85,269.06,close,0.12585697213662517,0.0007431476108046287,0.005904699582299791
2025-11-04,1,268.585,267.615,270.25,close,1.7164948453608981,0.006199154829942266,0.0036115196306568515
2025-11-05,-1,267.2166,269.19,269.19,stop,-1.0,-0.007385020242005824,0.007385020242005809
2025-11-06,1,268.78,267.89,269.66,close,0.9887640449438941,0.003274053128953236,0.003311258278145645
2025-11-07,-1,268.06,270.5,270.5,stop,-1.0,-0.0091024397522943,0.009102439752294253
2025-11-10,1,271.51,268.95,268.95,stop,-1.0,-0.00942875032227175,0.009428750322271749
2025-11-11,1,270.68,269.8,275.31,close,5.261363636363658,0.017105068715826732,0.003251071375794279
2025-11-12,-1,273.1,275.24,275.24,stop,-1.0,-0.00783595752471622,0.00783595752471617
2025-11-13,1,274.28,273.57,273.57,stop,-1.0,-0.0025885955957415385,0.0025885955957415034
2025-11-14,-1,269.9,272.0,272.0,stop,-1.0,-0.0077806595035199155,0.007780659503519907
2025-11-17,-1,267.59,269.36,269.36,stop,-1.0,-0.006614596958032903,0.006614596958032956
2025-11-18,-1,269.14,270.71,267.43,close,1.0891719745222848,0.006353570632384509,0.005833395258973
2025-11-19,1,266.645,265.5,268.5201,close,1.6376419213974336,0.007032196365954757,0.004294098895535194
2025-11-20,1,272.55,270.81,270.81,stop,-1.0,-0.006384149697303276,0.006384149697303281
2025-11-21,1,267.94,265.67,271.5,close,1.5682819383260047,0.01328655669179657,0.008472045980443314
2025-11-24,1,275.05,270.9,275.8,close,0.1807228915662636,0.002726776949645515,0.015088165788038661
2025-11-25,1,278.515,275.25,276.89,close,-0.4977029096477816,-0.005834515196668,0.011722887456689897
2025-11-26,1,278.59,276.96,276.96,stop,-1.0,-0.005850891991815876,0.0058508919918159145
2025-12-01,-1,277.565,278.78,278.78,stop,-1.0,-0.004377353052438027,0.004377353052438078
2025-12-02,1,283.63,282.6301,286.23,close,2.6002600260027053,0.009166872333674192,0.003525367556323267
2025-12-03,1,287.56,285.9,285.9,stop,-1.0,-0.005772708304353946,0.005772708304353961
2025-12-04,-1,283.205,284.73,280.65,close,1.6754098360655407,0.009021733373351437,0.005384791935170757
2025-12-05,-1,279.51,281.05,281.05,stop,-1.0,-0.005509641873278293,0.00550964187327831
2025-12-08,1,279.11,277.85,277.85,stop,-1.0,-0.004514349181326316,0.004514349181326326
2025-12-09,1,278.9,278.11,278.11,stop,-1.0,-0.0028325564718535423,0.002832556471853581
2025-12-10,-1,277.21,278.3,278.3,stop,-1.0,-0.003932037083799411,0.003932037083799401
2025-12-11,-1,278.19,279.59,278.08,close,0.07857142857143959,0.0003954132068011429,0.0050325317229231005
2025-12-12,1,278.93,276.82,278.37,close,-0.2654028436018951,-0.0020076721758147675,0.007564621948159085
2025-12-15,-1,278.01,280.15,274.115,close,1.8200934579439283,0.014010287399733756,0.0076975648357972245
2025-12-16,-1,272.71,273.93,273.93,stop,-1.0,-0.0044736166623886575,0.004473616662388718
2025-12-17,1,275.74,274.83,274.83,stop,-1.0,-0.003300210343076926,0.003300210343076902
2025-12-18,-1,269.88,273.63,272.16,close,-0.6080000000000079,-0.008448199199644346,0.013895064473099156
2025-12-19,1,272.3,271.57,271.57,stop,-1.0,-0.0026808666911495305,0.0026808666911495344
2025-12-22,1,273.42,272.72,272.72,stop,-1.0,-0.0025601638504864077,0.0025601638504863895
2025-12-23,-1,270.1101,271.37,271.37,stop,-1.0,-0.00466439425997045,0.004664394259970345
2025-12-26,1,274.93,273.9,273.9,stop,-1.0,-0.0037464081766268587,0.003746408176626885
2025-12-29,1,273.4,272.35,273.74,close,0.3238095238095681,0.0012435991221655396,0.003840526700804516
2025-12-30,1,272.815,272.72,272.72,stop,-1.0,-0.00034822132214129553,0.0003482213221412695
2025-12-31,-1,272.69,273.68,271.84,close,0.8585858585858737,0.003117092669331578,0.0036304961678096342
2026-01-02,1,273.16,271.95,271.95,stop,-1.0,-0.004429638307219319,0.004429638307219345
2026-01-05,-1,268.21,271.51,267.26,close,0.28787878787878346,0.0035420006711158747,0.012303791804929017
2026-01-06,-1,264.615,267.55,262.22,close,0.8160136286200954,0.009050885248379603,0.011091585888932986
2026-01-07,-1,262.42,263.68,260.36,close,1.6349206349206484,0.007850011432055437,0.004801463303101863
2026-01-08,1,257.31,256.2501,256.2501,stop,-1.0,-0.004119155882010173,0.0041191558820101335
2026-01-09,-1,258.645,260.0,260.0,stop,-1.0,-0.005238840882290541,0.005238840882290469
2026-01-12,-1,258.04,260.27,260.27,stop,-1.0,-0.008642070996744522,0.008642070996744541
2026-01-13,1,259.74,258.39,261.05,close,0.9703703703703557,0.005043505043505148,0.0051975051975052845
2026-01-14,1,261.7,259.23,259.23,stop,-1.0,-0.009438288116163429,0.009438288116163434
2026-01-15,-1,260.65,261.03,261.03,stop,-1.0,-0.001457893727220494,0.001457893727220393
2026-01-16,1,258.345,257.88,257.88,stop,-1.0,-0.0017999187133485028,0.0017999187133485525
2026-01-20,1,254.02,252.36,252.36,stop,-1.0,-0.006534918510353482,0.0065349185103535015
2026-01-21,-1,247.0,248.75,248.75,stop,-1.0,-0.007085020242914908,0.00708502024291498
2026-01-22,1,250.0,248.8,248.8,stop,-1.0,-0.0047999999999999154,0.0047999999999999545
2026-01-23,-1,246.305,247.32,247.32,stop,-1.0,-0.004120907005541907,0.004120907005541854
2026-01-26,-1,251.195,251.88,251.88,stop,-1.0,-0.002726965106789603,0.002726965106789555
2026-01-27,1,260.2,258.66,258.66,stop,-1.0,-0.005918524212144338,0.005918524212144365
2026-01-28,-1,257.415,258.855,256.44,close,0.6770833333333502,0.0037876580618846356,0.005594079599090953
2026-01-29,-1,257.685,259.65,258.175,close,-0.24936386768448618,-0.0019015464617653244,0.007625589382385374
2026-01-30,-1,254.0,256.96,256.96,stop,-1.0,-0.011653543307086567,0.011653543307086534
2026-02-02,1,262.7001,259.61,259.61,stop,-1.0,-0.011762842876725244,0.011762842876725233
2026-02-03,1,269.465,268.51,268.51,stop,-1.0,-0.003544059525355747,0.003544059525355739
2026-02-04,1,274.63,272.285,276.4,close,0.7547974413646072,0.0064450351381859505,0.008538761242398756
2026-02-05,-1,276.22,279.5,275.91,close,0.0945121951219527,0.0011222938237637203,0.011874592715950953
2026-02-06,1,278.57,277.0,277.0,stop,-1.0,-0.005635926338083741,0.005635926338083761
2026-02-09,-1,274.73,278.2,274.53,close,0.05763688760808276,0.0007279874786155771,0.012630582753976523
2026-02-10,-1,274.24,275.31,275.31,stop,-1.0,-0.0039016919486580814,0.0039016919486580845
2026-02-11,1,274.81,274.61,274.61,stop,-1.0,-0.00072777555401915,0.0007277755540190991
2026-02-12,-1,272.5701,275.72,261.54,close,3.5017302136575754,0.040467021144285464,0.011556293225118978
2026-02-13,-1,259.34,262.23,255.79,close,1.228373702422121,0.013688594123544284,0.011143672399167285
2026-02-17,1,258.7,255.54,263.75,close,1.5981012658227902,0.019520680324700557,0.012214920757634314
2026-02-18,-1,263.53,264.92,264.92,stop,-1.0,-0.00527454179789788,0.005274541797897937
2026-02-19,1,263.41,262.36,262.36,stop,-1.0,-0.003986181238373687,0.003986181238373681
2026-02-20,1,259.09,258.16,264.59,close,5.913978494623974,0.021228144660156767,0.0035894862788990313
2026-02-23,1,265.44,263.381,266.39,close,0.4613890237979488,0.0035789632308618202,0.00775693188667882
2026-02-24,1,271.8701,267.71,272.17,close,0.07208961323045995,0.0011031003409349704,0.015301793025419126
2026-02-25,1,272.21,271.45,271.45,stop,-1.0,-0.0027919620880937357,0.002791962088093718
2026-02-26,-1,274.73,276.11,273.0,close,1.2536231884058144,0.006297091690023016,0.005023113602446021
2026-02-27,-1,269.47,272.81,264.17,close,1.5868263473054045,0.019668237651686682,0.012394700708798658
2026-03-02,-1,262.16,263.12,263.12,stop,-1.0,-0.0036618858712236246,0.0036618858712236016
2026-03-03,-1,261.3543,263.83,263.83,stop,-1.0,-0.009472581855358708,0.009472581855358648
2026-03-04,1,264.635,263.92,263.92,stop,-1.0,-0.002701834602376718,0.002701834602376764
2026-03-05,-1,260.8,261.1,261.1,stop,-1.0,-0.0011503067484663898,0.0011503067484663011
2026-03-06,-1,255.36,258.77,257.44,close,-0.6099706744868045,-0.008145363408521344,0.013353696741854512
2026-03-09,-1,254.45,257.02,257.02,stop,-1.0,-0.010100216152485686,0.010100216152485728
2026-03-10,1,259.41,256.95,260.72,close,0.5325203252032451,0.005049920974519173,0.009483057707875704
2026-03-11,1,261.67,260.21,260.21,stop,-1.0,-0.005579546757366272,0.005579546757366287
2026-03-12,-1,258.25,258.95,255.75,close,3.5714285714286294,0.009680542110358181,0.002710551790900246
2026-03-13,1,255.615,254.83,254.83,stop,-1.0,-0.003071024783365628,0.003071024783365595
2026-03-16,-1,251.4901,252.2,252.2,stop,-1.0,-0.0028227751311085125,0.0028227751311084457
2026-03-17,1,253.6,252.18,254.23,close,0.4436619718309866,0.0024842271293374907,0.005599369085173452
2026-03-18,1,253.9,251.38,251.38,stop,-1.0,-0.009925167388735723,0.009925167388735763
2026-03-19,-1,248.74,249.47,249.47,stop,-1.0,-0.0029347913483959154,0.002934791348395874
2026-03-20,-1,247.16,248.73,248.73,stop,-1.0,-0.0063521605437772966,0.006352160543777283
2026-03-23,-1,251.54,254.6,251.44,close,0.032679738562089625,0.0003975510853144737,0.012165063210622575
2026-03-24,1,251.3,249.55,251.75,close,0.2571428571428506,0.0017906884202147921,0.006963788300835654
2026-03-25,-1,254.04,255.0,252.61,close,1.4895833333332984,0.005629034797669519,0.0037789324515824594
2026-03-26,-1,251.77,252.47,252.47,stop,-1.0,-0.002780315367200137,0.002780315367200177
2026-03-27,-1,253.14,255.1,255.1,stop,-1.0,-0.007742751046851515,0.007742751046851576
2026-03-30,-1,247.91,250.87,246.54,close,0.4628378378378381,0.005526199023839329,0.011939816869025082
2026-03-31,1,248.68,247.8,247.8,stop,-1.0,-0.0035386842528550844,0.0035386842528550566
2026-04-01,1,254.79,253.82,253.82,stop,-1.0,-0.003807056791867769,0.0038070567918678084
2026-04-02,-1,252.155,254.8,254.8,stop,-1.0,-0.01048957982193488,0.010489579821934962
2026-04-06,1,258.0399,256.46,258.887,close,0.5361731755174421,0.00328282564053084,0.006122696528715168
2026-04-07,-1,252.92,256.2,253.49,close,-0.1737804878048846,-0.002253677052032277,0.012968527597659344
2026-04-08,-1,257.915,258.56,258.56,stop,-1.0,-0.002500823914855621,0.002500823914855599
2026-04-09,-1,258.91,260.03,260.03,stop,-1.0,-0.0043258275076278885,0.004325827507627931
2026-04-10,-1,259.88,260.55,260.55,stop,-1.0,-0.002578112975219371,0.002578112975219393
2026-04-13,-1,258.59,260.18,259.21,close,-0.389937106918234,-0.0023976178506517343,0.006148729649251835
2026-04-14,1,260.03,259.1,259.1,stop,-1.0,-0.0035765104026456163,0.0035765104026456566
2026-04-15,1,259.63,257.81,266.37,close,3.703296703296722,0.025960020028502173,0.007009975734699353
2026-04-16,-1,264.11,267.16,263.36,close,0.24590163934426137,0.0028397258717958174,0.011548218545303137
2026-04-17,1,268.394,266.72,270.185,close,1.0698924731182917,0.0066730254774696185,0.006237099189996714
2026-04-20,1,272.4,270.29,272.93,close,0.2511848341232419,0.0019456681350955574,0.007745961820851531
2026-04-21,-1,270.985,272.8,266.22,close,2.6253443526170757,0.017583999114342053,0.006697787700426214
2026-04-22,-1,267.35,268.15,268.15,stop,-1.0,-0.002992332148868293,0.002992332148868354
2026-04-23,1,275.09,274.15,274.15,stop,-1.0,-0.003417063506488738,0.0034170635064887777
2026-04-24,-1,270.42,273.06,271.06,close,-0.24242424242423852,-0.0023666888543745213,0.00976259152429549
2026-04-27,1,266.18,265.07,267.64,close,1.3153153153152808,0.00548501014351177,0.004170110451574174
2026-04-28,-1,269.1205,273.23,270.76,close,-0.398953643995617,-0.006092066564977294,0.015270111344174917
2026-04-29,1,268.16,267.04,270.19,close,1.8124999999999682,0.0075701073985678935,0.004176610978520303
2026-04-30,-1,269.06,270.96,270.96,stop,-1.0,-0.007061621943061036,0.007061621943060942
2026-05-01,1,280.68,278.37,280.15,close,-0.229437229437242,-0.0018882713410289798,0.008230012825994023
2026-05-04,-1,277.1283,280.63,276.84,close,0.08233143901535016,0.001040312375170771,0.012635663698005476
2026-05-05,1,279.2,276.501,284.21,close,1.8562430529825744,0.01794412607449858,0.00966690544412612
2026-05-06,-1,281.18,282.97,282.97,stop,-1.0,-0.006366028878298735,0.006366028878298672
2026-05-07,-1,289.0,290.15,290.15,stop,-1.0,-0.003979238754325154,0.003979238754325181
2026-05-08,1,293.0,290.0,293.22,close,0.07333333333334242,0.0007508532423208258,0.010238907849829351
2026-05-11,-1,291.28,292.84,292.84,stop,-1.0,-0.005355671518813443,0.005355671518813521
2026-05-12,1,293.27,292.56,294.88,close,2.2676056338029014,0.0054898216660415056,0.002420977256453028
2026-05-13,1,296.91,293.5,298.88,close,0.5777126099706615,0.006635007241251545,0.011484961772927906
2026-05-14,-1,297.71,300.45,298.18,close,-0.17153284671533786,-0.001578717543918584,0.009203587383695574
2026-05-15,-1,297.37,298.7,298.7,stop,-1.0,-0.004472542623667364,0.004472542623667431
2026-05-18,-1,298.1,300.66,297.83,close,0.105468750000015,0.0009057363300907229,0.00858772224085878
2026-05-19,1,299.28,296.35,298.98,close,-0.10238907849827975,-0.001002405773857129,0.009790163058005714
2026-05-20,1,300.845,298.08,302.265,close,0.5135623869800857,0.004720038558061246,0.009190779304957845
2026-05-21,1,301.37,300.4,305.1,close,3.8453608247421784,0.012376812555994432,0.00321863490062059
2026-05-22,1,308.235,305.84,308.81,close,0.24008350730688074,0.001865459795286073,0.007770045582104688
2026-05-26,1,310.785,309.4,309.4,stop,-1.0,-0.004456457036214889,0.0044564570362149
2026-05-27,1,310.625,308.3,310.93,close,0.1311827956989283,0.0009818913480885705,0.0074849094567404064
2026-05-28,-1,309.83,310.94,310.94,stop,-1.0,-0.0035826098182873967,0.003582609818287492
2026-05-29,1,314.4,311.5,311.5,stop,-1.0,-0.00922391857506355,0.009223918575063541
2026-06-01,1,310.01,308.5,308.5,stop,-1.0,-0.004870810619012289,0.0048708106190122604
2026-06-02,1,309.63,306.685,315.22,close,1.8981324278438183,0.018053806155734264,0.009511352259147994
2026-06-03,1,316.14,314.0,314.0,stop,-1.0,-0.0067691529069399126,0.00676915290693992
2026-06-04,-1,310.85,313.54,311.21,close,-0.13382899628251194,-0.0011581148463888358,0.008653691491072858
2026-06-05,1,313.34,312.4,312.4,stop,-1.0,-0.002999936171570794,0.0029999361715708104
2026-06-08,1,313.605,308.522,308.522,stop,-1.0,-0.01620828749541625,0.016208287495416293
2026-06-09,-1,297.99,300.75,290.36,close,2.764492753623196,0.02560488607000233,0.00926205577368365
2026-06-10,-1,288.71,291.0,291.0,stop,-1.0,-0.007931834713033936,0.007931834713033912
2026-06-11,-1,291.335,293.785,293.785,stop,-1.0,-0.008409562874354348,0.008409562874354423
2026-06-12,-1,295.3432,297.14,291.07,close,2.3782279608193018,0.014468591117046348,0.0060837696618712125
2026-06-15,-1,293.805,294.25,294.25,stop,-1.0,-0.0015146100304623822,0.0015146100304623583
2026-06-16,1,296.265,294.32,294.32,stop,-1.0,-0.006565068435353427,0.006565068435353462
2026-06-17,-1,300.3106,302.07,295.88,close,2.518244856201034,0.014753391988161724,0.005858601061700689
2026-06-18,-1,298.09,300.4599,300.4599,stop,-1.0,-0.007950283471434894,0.007950283471434902
2026-06-22,1,298.43,297.31,297.31,stop,-1.0,-0.0037529738967262416,0.0037529738967262156
2026-06-23,-1,296.97,298.32,298.32,stop,-1.0,-0.004545913728659423,0.004545913728659345
2026-06-24,1,295.72,293.2,293.2,stop,-1.0,-0.008521574462329373,0.008521574462329361
2026-06-25,-1,285.66,288.8,275.05,close,3.378980891719764,0.03714205699082829,0.010992088496814345
2026-06-26,1,276.94,274.21,281.3,close,1.5970695970695914,0.015743482342745807,0.009857730916444062
2026-06-29,-1,286.26,288.3697,281.63,close,2.1946248281745864,0.016174107454761444,0.00736987354153578
2026-06-30,1,283.23,280.695,289.09,close,2.3116370808678104,0.02068989866892612,0.008950323058998075
2026-07-01,-1,292.23,293.445,293.445,stop,-1.0,-0.004157684016014684,0.004157684016014697
2026-07-02,1,298.22,293.68,308.22,close,2.2026431718061574,0.033532291596807706,0.015223660384950774
2026-07-06,1,308.8,307.0,312.81,close,2.2277777777777588,0.012985751295336856,0.005829015544041487
2026-07-07,-1,312.96,315.48,310.65,close,0.9166666666666535,0.007381134969325132,0.008052147239263927
2026-07-08,-1,309.05,312.0,312.0,stop,-1.0,-0.009545381006309528,0.009545381006309622
2026-07-09,1,310.7191,308.16,316.17,close,2.1300066429604114,0.017542854623355808,0.00823605629650704
2026-07-10,1,315.48,313.21,313.21,stop,-1.0,-0.00719538481044768,0.007195384810447694
2026-07-13,1,320.5201,316.45,316.45,stop,-1.0,-0.012698423593403452,0.012698423593403424
2026-07-14,-1,313.3899,314.13,314.13,stop,-1.0,-0.0023615949333402053,0.0023615949333401745
2026-07-15,1,318.89,317.32,327.515,close,5.493630573248431,0.027046944087302904,0.004923327793282929
2026-07-16,-1,327.14,328.99,328.99,stop,-1.0,-0.005655071223329422,0.005655071223329531
2026-07-17,1,333.47,331.2501,331.2501,stop,-1.0,-0.006656970642036963,0.006656970642036922
2026-07-20,-1,331.92,333.71,326.7,close,2.91620111731851,0.0157266811279827,0.005392865750783212
2026-07-21,1,325.06,322.3814,322.3814,stop,-1.0,-0.008240324863102222,0.00824032486310225
2026-07-22,-1,326.82,328.9995,325.87,close,0.43587978894240903,0.0029067988495196095,0.00666880851845058
2026-07-23,1,321.8401,320.8,320.8,stop,-1.0,-0.0032317290480583516,0.0032317290480583225
2026-07-24,1,324.71,321.62,333.07,close,2.705501618123004,0.025746050321825642,0.009516183671583798
2026-07-27,1,335.54,334.1,334.1,stop,-1.0,-0.004291589676342578,0.0042915896763426045
2026-07-28,-1,339.47,342.89,340.204,close,-0.21461988304093252,-0.0021621940083069724,0.010074527940613188
2026-07-29,1,340.05,339.56,339.56,stop,-1.0,-0.0014409645640347524,0.0014409645640347274
2026-07-30,-1,332.73,334.48,334.48,stop,-1.0,-0.005259519730712592,0.005259519730712589
2026-07-31,-1,302.11,306.9,306.9,stop,-1.0,-0.015855152096918124,0.01585515209691822
2026-08-03,-1,308.285,311.8,303.27,close,1.4267425320057077,0.01626741489206429,0.011401787307199462
2026-08-04,1,304.29,301.32,309.38,close,1.7138047138046897,0.01672746393243285,0.009760425909494322
2026-08-05,-1,308.635,309.38,309.38,stop,-1.0,-0.0024138545531129374,0.0024138545531129153
2026-08-06,1,314.42,313.73,313.73,stop,-1.0,-0.0021945168882386845,0.002194516888238654
2026-08-07,1,313.225,311.08,311.08,stop,-1.0,-0.00684811237928018,0.006848112379280193
2026-08-10,-1,306.675,307.49,307.49,stop,-1.0,-0.0026575364799870105,0.0026575364799869493
2026-08-11,1,308.24,307.41,307.41,stop,-1.0,-0.0026927069815727567,0.002692706981572749
2026-08-12,-1,303.03,305.66,302.22,close,0.3079847908744978,0.0026730026730025225,0.008679008679008853
2026-08-13,-1,303.9,304.26,304.26,stop,-1.0,-0.001184600197433383,0.0011846001974334113
2026-08-14,1,307.33,305.56,305.56,stop,-1.0,-0.005759281554029827,0.005759281554029811
2026-08-17,-1,305.76,307.66,305.69,close,0.036842105263153645,0.00022893772893772812,0.00621402407116704
2026-08-18,-1,306.21,307.95,307.95,stop,-1.0,-0.005682374840795479,0.005682374840795563
2026-08-19,1,310.725,309.6,316.9,close,5.488888888888848,0.01987287794673742,0.0036205648081100647
2026-08-20,1,318.73,316.6661,316.6661,stop,-1.0,-0.00647538669092973,0.006475386690929772
2026-08-21,-1,308.09,312.38,309.42,close,-0.31002331002331807,-0.00431692038040854,0.013924502580414881
2026-08-24,-1,310.49,312.13,312.13,stop,-1.0,-0.005281973654545968,0.005281973654545996
2026-08-25,1,311.3,310.68,310.68,stop,-1.0,-0.0019916479280437382,0.0019916479280437023
2026-08-26,-1,309.52,311.66,311.66,stop,-1.0,-0.006913931248384797,0.006913931248384735
2026-08-27,-1,309.925,312.035,312.035,stop,-1.0,-0.006808098733564583,0.006808098733564616
2026-08-28,1,317.67,315.5,315.5,stop,-1.0,-0.006830988132338622,0.00683098813233864
2026-08-31,-1,318.05,321.235,317.15,close,0.2825745682888645,0.0028297437509826606,0.010014148718754919
2026-09-01,-1,315.37,317.38,317.38,stop,-1.0,-0.006373466087452817,0.006373466087452804
2026-09-02,-1,325.6658,328.4,325.0,close,0.2435081559505498,0.002044427139724192,0.008395723468660164
2026-09-03,1,325.55,324.25,324.25,stop,-1.0,-0.0039932422054984595,0.003993242205498422
2026-09-04,-1,327.15,328.93,319.99,close,4.022471910112275,0.021885985022160992,0.005440929237352987
2026-09-08,1,317.2,316.52,316.52,stop,-1.0,-0.0021437578814628155,0.002143757881462821
2026-09-09,1,315.43,315.02,315.02,stop,-1.0,-0.0012998129537457048,0.0012998129537457597
2026-09-10,1,319.4295,316.51,326.595,close,2.454358623051872,0.022432179870675695,0.00913973192832856
2026-09-11,1,331.96,326.3,332.23,close,0.04770318021202123,0.0008133510061454352,0.017050247017712884
2026-09-14,-1,332.765,334.83,334.83,stop,-1.0,-0.006205580514777598,0.00620558051477769
2026-09-15,1,330.13,328.35,331.335,close,0.676966292134833,0.0036500772422984884,0.005391815345469884
2026-09-16,1,334.26,331.87,331.87,stop,-1.0,-0.00715012265900794,0.007150122659007917
2026-09-17,-1,332.56,335.58,335.58,stop,-1.0,-0.009081068077940735,0.009081068077940768
2026-09-18,-1,336.7301,338.49,335.58,close,0.6535030399454507,0.0034154950804814455,0.005226440998295122
2026-09-21,-1,334.48,335.6302,335.6302,stop,-1.0,-0.00343877062903597,0.0034387706290360674
2026-09-22,1,342.73,339.8,339.8,stop,-1.0,-0.008549003588830928,0.008549003588830878
2026-09-23,-1,340.44,341.8,336.95,close,2.5661764705882164,0.010251439313829214,0.003994830219715702
2026-09-24,-1,336.35,337.1,337.1,stop,-1.0,-0.0022298201278430074,0.0022298201278430204
2026-09-25,-1,334.87,336.8,336.8,stop,-1.0,-0.005763430585003171,0.005763430585003156
2026-09-28,1,341.72,340.17,340.17,stop,-1.0,-0.004535877326466098,0.004535877326466146
2026-09-29,-1,333.7431,337.085,329.59,close,1.2427361680481495,0.01244400258761924,0.010013390539010252
2026-09-30,1,331.965,330.1401,333.01,close,0.5726341169379366,0.0031479222207160262,0.005497266278071354
2026-10-01,1,330.9,328.37,328.37,stop,-1.0,-0.00764581444545176,0.007645814445451716
2026-10-02,-1,332.38,333.46,333.46,stop,-1.0,-0.0032492929779168733,0.0032492929779167944
