date,side,entry,stop,exit,how,R,ret,risk_pct
2021-10-06,1,430.655,428.93,428.93,stop,-1.0,-0.00400552646550012,0.004005526465500148
2021-10-07,1,439.77,438.24,438.24,stop,-1.0,-0.003479091343202012,0.0034790913432020663
2021-10-08,-1,438.31,439.89,437.83,close,0.30379746835444493,0.0010951153293331517,0.003604754625721485
2021-10-11,1,437.74,436.9,436.9,stop,-1.0,-0.0019189473203271579,0.0019189473203272075
2021-10-12,-1,434.97,436.1,433.63,close,1.1858407079646347,0.003080672230268866,0.002597880313584834
2021-10-13,1,435.1,434.3984,434.3984,stop,-1.0,-0.0016125028729029323,0.0016125028729028767
2021-10-14,-1,438.85,439.45,439.45,stop,-1.0,-0.0013672097527628324,0.0013672097527628253
2021-10-15,1,444.94,444.09,445.83,close,1.0470588235293676,0.002000269699285351,0.0019103699375197167
2021-10-18,-1,443.53,444.14,444.14,stop,-1.0,-0.0013753297409420107,0.001375329740942019
2021-10-19,-1,448.51,449.06,449.06,stop,-1.0,-0.0012262825800986032,0.001226282580098574
2021-10-20,1,451.29,451.01,451.01,stop,-1.0,-0.0006204436171863836,0.0006204436171863537
2021-10-21,-1,451.4,451.93,451.93,stop,-1.0,-0.0011741249446168833,0.0011741249446168135
2021-10-22,1,453.75,452.91,452.91,stop,-1.0,-0.0018512396694214672,0.0018512396694214325
2021-10-25,-1,453.62,454.3,454.3,stop,-1.0,-0.0014990520700146615,0.0014990520700145647
2021-10-26,1,457.45,456.78,456.78,stop,-1.0,-0.0014646409443654917,0.0014646409443655392
2021-10-27,-1,455.64,456.75,456.75,stop,-1.0,-0.002436133789834205,0.0024361337898341096
2021-10-28,1,456.3899,455.45,458.26,close,1.9896797531651602,0.0040975928696054265,0.002059423313267938
2021-10-29,1,456.43,455.56,459.23,close,3.218390804597697,0.006134566088995097,0.001906097320509179
2021-11-01,-1,460.05,460.7021,460.1,close,-0.07667535654042985,-0.0001086838387132083,0.0014174546244972539
2021-11-04,-1,465.0481,465.44,465.44,stop,-1.0,-0.0008427085284297142,0.0008427085284296851
2021-11-05,1,469.7098,469.0,469.0,stop,-1.0,-0.0015111458181199522,0.0015111458181199817
2021-11-09,-1,469.2418,469.57,465.9598000000002,target,10.0,0.006994261807025337,0.0006994261807025316
2021-11-10,1,466.06,465.31,465.31,stop,-1.0,-0.001609234862464115,0.0016092348624640604
2021-11-11,-1,464.71,465.29,463.81,close,1.5517241379308857,0.001936691700200055,0.001248090206795724
2021-11-12,-1,464.75,465.18,465.18,stop,-1.0,-0.0009252286175363,0.0009252286175363245
2021-11-15,-1,468.15,468.81,467.4,close,1.1363636363635934,0.001602050624799789,0.001409804549823828
2021-11-16,1,467.83,467.07,469.24,close,1.855263157894792,0.0030139153111172767,0.0016245217279780924
2021-11-17,-1,468.45,469.04,469.04,stop,-1.0,-0.001259472729213451,0.0012594727292134312
2021-11-18,-1,468.59,469.3,469.3,stop,-1.0,-0.0015151838494207315,0.0015151838494206799
2021-11-19,1,469.76,468.71,468.71,stop,-1.0,-0.002235183923705697,0.0022351839237057464
2021-11-22,1,471.43,470.77,470.77,stop,-1.0,-0.0013999957575886457,0.0013999957575886663
2021-11-23,-1,466.48,467.68,467.68,stop,-1.0,-0.002572457554450347,0.002572457554450327
2021-11-24,1,466.23,465.3396,465.3396,stop,-1.0,-0.0019097870149925589,0.0019097870149925994
2021-11-29,-1,463.45,464.6,464.6,stop,-1.0,-0.002481389578163906,0.0024813895781638454
2021-11-30,-1,461.41,462.83,462.83,stop,-1.0,-0.003077523243969482,0.0030775232439694826
2021-12-01,-1,460.42,461.83,461.83,stop,-1.0,-0.0030624212675383067,0.0030624212675382655
2021-12-03,-1,458.69,460.3,453.43,close,3.2670807453415818,0.01146743988314547,0.0035099958577688934
2021-12-06,-1,454.69,456.71,456.71,stop,-1.0,-0.004442587257252217,0.004442587257252154
2021-12-07,1,465.45,464.345,464.345,stop,-1.0,-0.002374046621548942,0.0023740466215489554
2021-12-08,-1,467.74,468.95,468.95,stop,-1.0,-0.0025869072561679474,0.0025869072561679127
2021-12-09,1,468.73,467.9101,467.9101,stop,-1.0,-0.001749194632304385,0.0017491946323043505
2021-12-10,1,469.69,468.97,468.97,stop,-1.0,-0.0015329259724498057,0.0015329259724498508
2021-12-13,-1,469.72,470.56,466.61,close,3.7023809523810787,0.006620965681682689,0.001788299412415854
2021-12-14,1,464.04,462.92,462.92,stop,-1.0,-0.002413585035772825,0.0024135850357727877
2021-12-15,-1,462.83,463.73,463.73,stop,-1.0,-0.0019445584771946578,0.0019445584771947242
2021-12-17,-1,461.43,462.37,462.37,stop,-1.0,-0.002037145395834772,0.002037145395834683
2021-12-20,1,454.6686,453.71,453.71,stop,-1.0,-0.0021083488061415245,0.0021083488061415427
2021-12-22,1,463.11,462.58,467.7,close,8.660377358490036,0.009911252186305619,0.0011444365269591015
2021-12-23,1,469.75,468.64,470.58,close,0.7477477477477242,0.0017668972857902698,0.00236295902075575
2021-12-27,1,473.19,472.01,477.27,close,3.457627118644034,0.008622329296899656,0.0024937128848876917
2021-12-29,1,477.54,476.9,476.9,stop,-1.0,-0.0013402018679063987,0.0013402018679064438
2021-12-30,1,478.69,477.69,477.69,stop,-1.0,-0.002089034657084987,0.002089034657084961
2021-12-31,1,476.71,475.53,475.53,stop,-1.0,-0.0024752994483019375,0.002475299448301917
2022-01-03,1,477.17,476.22,476.22,stop,-1.0,-0.00199090470901353,0.0019909047090135353
2022-01-04,1,479.67,479.055,479.055,stop,-1.0,-0.0012821314653824745,0.0012821314653824693
2022-01-05,-1,476.36,477.66,477.66,stop,-1.0,-0.00272902846586609,0.0027290284658661756
2022-01-06,1,469.11,467.78,467.78,stop,-1.0,-0.0028351559335764165,0.002835155933576434
2022-01-07,-1,467.12,468.35,468.35,stop,-1.0,-0.0026331563623909204,0.0026331563623908593
2022-01-10,-1,461.47,463.02,463.02,stop,-1.0,-0.003358831560014597,0.0033588315600146367
2022-01-11,-1,463.81,465.46,465.46,stop,-1.0,-0.0035574912140747816,0.0035574912140746797
2022-01-12,-1,471.42,472.68,472.68,stop,-1.0,-0.002672775868652222,0.002672775868652138
2022-01-13,-1,471.87,472.67,472.67,stop,-1.0,-0.0016953822027252485,0.0016953822027253509
2022-01-14,1,461.71,460.73,460.73,stop,-1.0,-0.0021225444543110372,0.002122544454311064
2022-01-18,-1,458.58,459.96,456.51,close,1.5,0.004513934318984725,0.0030092895459897847
2022-01-19,1,458.89,457.74,457.74,stop,-1.0,-0.0025060472008542334,0.0025060472008541857
2022-01-20,1,454.97,453.51,453.51,stop,-1.0,-0.003209002791392912,0.003209002791392919
2022-01-21,-1,444.85,446.67,446.67,stop,-1.0,-0.004091266719118858,0.0040912667191187885
2022-01-24,1,432.5,430.69,430.69,stop,-1.0,-0.004184971098265877,0.0041849710982659015
2022-01-25,1,433.86,432.02,432.02,stop,-1.0,-0.004240999400728418,0.004240999400728419
2022-01-26,-1,439.22,441.62,441.62,stop,-1.0,-0.005464232047720952,0.005464232047720907
2022-01-27,-1,437.26,439.08,439.08,stop,-1.0,-0.0041622833097012535,0.004162283309701306
2022-01-28,-1,429.82,433.15,433.15,stop,-1.0,-0.007747429156391039,0.0077474291563910105
2022-01-31,1,441.68,439.81,449.79,close,4.336898395721922,0.01836170983517471,0.004233834450280757
2022-02-01,1,450.88,449.46,449.46,stop,-1.0,-0.0031493967352732577,0.003149396735273279
2022-02-02,1,455.6,455.02,455.02,stop,-1.0,-0.0012730465320457407,0.001273046532045744
2022-02-03,1,451.44,450.0,450.0,stop,-1.0,-0.0031897926634768536,0.003189792663476869
2022-02-04,-1,445.5101,446.95,446.95,stop,-1.0,-0.0032320254916777813,0.0032320254916778897
2022-02-07,1,449.8,448.21,448.21,stop,-1.0,-0.0035349044019564735,0.0035349044019564956
2022-02-08,-1,446.29,447.47,447.47,stop,-1.0,-0.002644020704026584,0.002644020704026545
2022-02-09,1,455.91,455.005,457.5,close,1.7569060773479812,0.003487530433638142,0.0019850409071966607
2022-02-10,1,452.59,451.31,451.31,stop,-1.0,-0.0028281667734593174,0.002828166773459362
2022-02-11,-1,449.3,450.33,450.33,stop,-1.0,-0.0022924549298908303,0.0022924549298908806
2022-02-14,1,441.08,439.115,439.115,stop,-1.0,-0.004454974154348368,0.004454974154348361
2022-02-15,1,445.118,443.45,443.45,stop,-1.0,-0.0037473209351228665,0.0037473209351228357
2022-02-16,-1,443.92,444.81,444.81,stop,-1.0,-0.0020048657415749904,0.0020048657415750277
2022-02-18,-1,436.805,437.86,437.86,stop,-1.0,-0.0024152653930242796,0.002415265393024363
2022-02-22,-1,430.77,432.68,432.68,stop,-1.0,-0.004433920653713175,0.0044339206537131765
2022-02-24,1,413.16,410.64,428.31,close,6.011904761904661,0.036668602962532715,0.00609933197792632
2022-02-25,1,431.06,428.62,428.62,stop,-1.0,-0.005660464900477891,0.005660464900477886
2022-02-28,1,433.25,431.87,431.87,stop,-1.0,-0.003185227928447776,0.003185227928447768
2022-03-01,1,436.2596,435.0,435.0,stop,-1.0,-0.002887271707029404,0.002887271707029433
2022-03-02,1,432.835,431.9,431.9,stop,-1.0,-0.002160176510679568,0.0021601765106795947
2022-03-03,-1,439.9,440.88,440.88,stop,-1.0,-0.002227779040691047,0.0022277790406911076
2022-03-04,-1,431.35,432.49,432.49,stop,-1.0,-0.0026428654225107984,0.0026428654225106904
2022-03-07,-1,430.27,431.84,431.84,stop,-1.0,-0.0036488716387383935,0.0036488716387384507
2022-03-09,-1,424.22,425.31,425.31,stop,-1.0,-0.0025694215265663622,0.002569421526566345
2022-03-10,-1,422.14,423.32,423.32,stop,-1.0,-0.002795281186336318,0.002795281186336303
2022-03-11,-1,427.95,428.77,419.75000000000006,target,10.0,0.01916111695291489,0.00191611169529149
2022-03-14,-1,420.32,421.97,421.97,stop,-1.0,-0.003925580510087734,0.003925580510087633
2022-03-15,-1,419.66,421.33,421.33,stop,-1.0,-0.003979411904875274,0.0039794119048752775
2022-03-16,1,430.66,429.8,429.8,stop,-1.0,-0.0019969349370733136,0.001996934937073361
2022-03-17,1,434.2699,433.19,441.0,close,6.232151125104117,0.015497505122966215,0.0024867023940641736
2022-03-18,1,438.36,437.22,444.47,close,5.3596491228070935,0.01393831553973901,0.0026006022447303276
2022-03-21,1,445.83,444.34,444.34,stop,-1.0,-0.0033420810622882824,0.0033420810622883366
2022-03-22,1,446.54,445.86,449.58,close,4.470588235294019,0.006807900747973328,0.001522819904151939
2022-03-23,-1,446.47,447.31,447.31,stop,-1.0,-0.001881425403722492,0.0018814254037224783
2022-03-24,-1,445.12,445.99,445.99,stop,-1.0,-0.001954529115744119,0.0019545291157440792
2022-03-25,-1,450.96,451.53,451.53,stop,-1.0,-0.0012639701969132666,0.0012639701969132367
2022-03-28,1,452.43,451.67,451.67,stop,-1.0,-0.001679817872378031,0.0016798178723780274
2022-03-29,-1,459.7,461.75,461.75,stop,-1.0,-0.004459430063084691,0.0044594300630846455
2022-03-30,-1,460.29,460.8299,460.8299,stop,-1.0,-0.0011729561797997334,0.0011729561797996669
2022-03-31,-1,457.72,458.15,458.15,stop,-1.0,-0.0009394389583150531,0.0009394389583150178
2022-04-01,-1,452.64,453.46,452.88,close,-0.2926829268292818,-0.0005302226935313126,0.0018115942028985358
2022-04-04,1,453.25,452.26,456.78,close,3.5656565656565054,0.00778819635962491,0.0021842250413679188
2022-04-05,1,456.56,455.03,455.03,stop,-1.0,-0.003351147713334557,0.0033511477133345664
2022-04-06,-1,446.24,447.59,447.59,stop,-1.0,-0.0030252778773753874,0.0030252778773753267
2022-04-07,1,446.37,445.29,445.29,stop,-1.0,-0.002419517440688135,0.0024195174406881825
2022-04-08,-1,447.1,448.2,448.2,stop,-1.0,-0.0024602997092373347,0.0024602997092372306
2022-04-12,1,443.15,442.37,442.37,stop,-1.0,-0.0017601263680468993,0.0017601263680468752
2022-04-13,1,439.16,437.84,443.36,close,3.1818181818180524,0.009563712542125957,0.003005738227525389
2022-04-14,1,444.38,443.44,443.44,stop,-1.0,-0.0021153067194743524,0.0021153067194743186
2022-04-18,1,438.89,436.73,436.73,stop,-1.0,-0.004921506527831521,0.0049215065278315024
2022-04-19,1,438.93,437.68,445.0,close,4.8559999999999945,0.013829084364249455,0.00284783450664115
2022-04-20,-1,446.58,447.57,444.68,close,1.9191919191918787,0.0042545568543149725,0.002216848045143108
2022-04-21,1,449.81,448.54,448.54,stop,-1.0,-0.0028234143304950443,0.0028234143304950573
2022-04-22,-1,436.32,437.23,437.23,stop,-1.0,-0.002085625229189647,0.0020856252291896428
2022-04-25,1,423.7,421.82,421.82,stop,-1.0,-0.004437101722917114,0.004437101722917148
2022-04-26,-1,425.04,426.04,416.11,close,8.930000000000007,0.021009787314135164,0.0023527197440240915
2022-04-27,1,418.49,417.15,417.15,stop,-1.0,-0.0032019881000741046,0.003201988100074152
2022-04-28,-1,421.11,423.08,423.08,stop,-1.0,-0.004678112607157114,0.004678112607157205
2022-04-29,1,424.67,422.68,422.68,stop,-1.0,-0.004685991475734119,0.004685991475734121
2022-05-02,-1,410.97,413.07,413.07,stop,-1.0,-0.005109862033725099,0.005109862033725006
2022-05-03,-1,413.93,415.7117,415.7117,stop,-1.0,-0.004304350977218263,0.0043043509772183715
2022-05-04,1,417.15,416.15,416.15,stop,-1.0,-0.002397219225698244,0.00239721922569819
2022-05-05,-1,423.32,425.0,413.92,close,5.595238095238059,0.022205423792875267,0.003968628933194763
2022-05-06,-1,409.995,411.77,411.77,stop,-1.0,-0.004329321089281413,0.004329321089281521
2022-05-09,1,405.74,404.06,404.06,stop,-1.0,-0.004140582639128532,0.004140582639128523
2022-05-10,-1,404.46,406.08,399.07,close,3.327160493827143,0.013326410522672139,0.004005340453938596
2022-05-11,1,399.69,395.22,395.22,stop,-1.0,-0.011183667342190118,0.011183667342190123
2022-05-12,-1,387.96,390.65,390.65,stop,-1.0,-0.006933704505619032,0.0069337045056191305
2022-05-17,-1,405.53,406.63,406.63,stop,-1.0,-0.0027124996917613498,0.0027124996917614547
2022-05-19,1,390.61,388.47,388.47,stop,-1.0,-0.005478610378638504,0.005478610378638504
2022-05-20,-1,392.59,397.03,389.6,close,0.673423423423413,0.007616088030769852,0.011309508647698611
2022-05-23,-1,392.06,393.18,393.18,stop,-1.0,-0.002856705606284704,0.002856705606284764
2022-05-24,-1,391.835,393.6,393.6,stop,-1.0,-0.00450444702489583,0.004504447024895794
2022-05-25,1,393.84,391.89,397.55,close,1.9025641025641322,0.009420069063579284,0.00495124923826932
2022-05-26,1,400.34,398.45,405.29,close,2.619047619047662,0.012364490183344179,0.00472098716091319
2022-05-27,1,409.08,407.7,415.35,close,4.543478260869608,0.01532707538867717,0.003373423291287757
2022-05-31,-1,411.32,413.93,413.93,stop,-1.0,-0.006345424487017359,0.006345424487017441
2022-06-02,-1,407.91,409.68,409.68,stop,-1.0,-0.004339192468926889,0.004339192468926925
2022-06-03,-1,412.07,413.98,413.98,stop,-1.0,-0.004635134807192909,0.004635134807193014
2022-06-06,-1,414.28,415.31,415.31,stop,-1.0,-0.0024862411895336667,0.0024862411895337205
2022-06-07,1,409.31,407.61,415.7,close,3.758823529411782,0.01561163909994856,0.004153331215948764
2022-06-08,1,414.03,412.66,412.66,stop,-1.0,-0.003308938965775332,0.003308938965775301
2022-06-09,-1,408.73,410.74,410.74,stop,-1.0,-0.004917671812687985,0.00491767181268806
2022-06-10,-1,393.2,395.7777,389.82,close,1.3112464600225024,0.0085961342828077,0.006555696846388588
2022-06-13,1,381.71,379.83,379.83,stop,-1.0,-0.004925204998559085,0.004925204998559104
2022-06-14,-1,375.82,377.12,377.12,stop,-1.0,-0.0034591027619605974,0.003459102761960543
2022-06-15,-1,376.89,377.97,377.97,stop,-1.0,-0.0028655575897478247,0.0028655575897477805
2022-06-16,-1,369.44,370.94,366.92,close,1.679999999999988,0.006821134690342068,0.0040601992204417495
2022-06-17,1,367.53,365.43,365.43,stop,-1.0,-0.005713819280058652,0.005713819280058679
2022-06-21,1,372.55,371.81,375.0699,close,3.4052702702702375,0.006763924305462465,0.00198631056234065
2022-06-22,1,372.65,370.18,374.39,close,0.7044534412955586,0.0046692607003890885,0.006628203408023536
2022-06-23,-1,376.06,377.38,377.38,stop,-1.0,-0.0035100781790140534,0.003510078179013969
2022-06-24,1,382.685,381.365,390.05,close,5.579545454545491,0.01924559363445133,0.003449312097416918
2022-06-27,-1,389.25,391.36,388.66,close,0.27962085308055507,0.0015157353885676406,0.0054206807964033744
2022-06-28,1,392.88,390.14,390.14,stop,-1.0,-0.006974139686418246,0.006974139686418268
2022-06-29,-1,379.16,381.72,381.72,stop,-1.0,-0.00675176706403624,0.006751767064036296
2022-06-30,-1,375.08,377.0,377.0,stop,-1.0,-0.0051189079663005455,0.005118907966300565
2022-07-01,-1,376.21,377.66,377.66,stop,-1.0,-0.0038542303500705977,0.0038542303500705604
2022-07-05,-1,374.335,376.33,376.33,stop,-1.0,-0.005329450892916698,0.005329450892916785
2022-07-06,-1,381.82,383.66,383.66,stop,-1.0,-0.004819024671311123,0.004819024671311172
2022-07-07,1,386.51,385.12,385.12,stop,-1.0,-0.0035962847015600374,0.0035962847015600795
2022-07-08,1,387.78,386.78,386.78,stop,-1.0,-0.002578781783485473,0.002578781783485482
2022-07-11,-1,385.75,386.87,384.3,close,1.2946428571428417,0.0037589112119248425,0.002903434867141943
2022-07-12,1,384.88,383.59,383.59,stop,-1.0,-0.0033516940345043045,0.0033516940345043145
2022-07-13,1,376.33,374.658,378.87,close,1.519138755980902,0.006749395477373632,0.004442909148885204
2022-07-14,-1,372.9,374.4,374.4,stop,-1.0,-0.004022526146419958,0.004022526146419952
2022-07-15,-1,382.5314,383.34,383.34,stop,-1.0,-0.0021138134019846877,0.0021138134019846625
2022-07-18,-1,388.02,388.97,388.97,stop,-1.0,-0.0024483274058040294,0.002448327405803942
2022-07-19,1,386.34,385.6,385.6,stop,-1.0,-0.0019154112957496805,0.0019154112957497343
2022-07-20,1,392.5,391.56,391.56,stop,-1.0,-0.00239490445859869,0.0023949044585987204
2022-07-21,-1,393.335,394.55,394.55,stop,-1.0,-0.0030889699619918165,0.0030889699619917675
2022-07-25,-1,394.84,395.91,395.91,stop,-1.0,-0.002709958464188089,0.0027099584641881525
2022-07-26,-1,393.01,394.06,390.91,close,1.9999999999999458,0.005343375486628776,0.0026716877433144485
2022-07-27,1,394.808,394.05,402.3879999999998,target,10.0,0.019199205689853782,0.0019199205689853836
2022-07-28,-1,401.77,402.77,402.77,stop,-1.0,-0.002488986235906099,0.0024889862359061157
2022-07-29,-1,406.93,408.1,408.1,stop,-1.0,-0.0028751873786647675,0.0028751873786646742
2022-08-01,1,409.63,408.4,410.71,close,0.8780487804877789,0.002636525645094423,0.0030027097624686135
2022-08-02,-1,408.77,409.77,409.77,stop,-1.0,-0.0024463634806859424,0.0024463634806859602
2022-08-03,1,410.99,410.0,414.41,close,3.454545454545439,0.008321370349643642,0.002408817732791574
2022-08-04,-1,413.71,414.48,414.48,stop,-1.0,-0.0018612071257644303,0.0018612071257645179
2022-08-05,1,411.2199,409.6,413.43,close,1.3643434779924986,0.005374496710883969,0.0039392548852815075
2022-08-08,1,416.5,414.92,414.92,stop,-1.0,-0.0037935174069627653,0.003793517406962747
2022-08-09,-1,411.5,412.75,411.34,close,0.12800000000002001,0.0003888213851762634,0.003037667071688943
2022-08-10,-1,417.73,418.8,418.8,stop,-1.0,-0.0025614631460513237,0.002561463146051261
2022-08-11,-1,422.29,423.13,423.13,stop,-1.0,-0.0019891543725873984,0.001989154372587499
2022-08-15,1,425.51,424.71,428.86,close,4.187499999999969,0.00787290545463093,0.0018800968249865135
2022-08-16,1,428.59,427.62,427.62,stop,-1.0,-0.0022632352598053185,0.0022632352598053397
2022-08-17,1,426.8,425.9,425.9,stop,-1.0,-0.0021087160262418525,0.0021087160262418794
2022-08-18,-1,426.09,427.02,427.02,stop,-1.0,-0.0021826374709568164,0.0021826374709568563
2022-08-22,-1,416.22,417.23,413.46,close,2.7326732673268044,0.0066311085483639065,0.0024266013166113856
2022-08-23,1,413.72,412.74,412.74,stop,-1.0,-0.002368751812820258,0.0023687518128203086
2022-08-25,-1,414.18,415.28,415.28,stop,-1.0,-0.0026558501134772428,0.0026558501134771495
2022-08-26,-1,418.65,419.59,419.59,stop,-1.0,-0.0022453123133883146,0.0022453123133882665
2022-08-29,1,403.2,401.5101,401.5101,stop,-1.0,-0.00419122023809515,0.004191220238095154
2022-08-30,-1,403.1025,404.1,398.18,close,4.934837092731832,0.012211534287185022,0.0024745567194448116
2022-08-31,-1,398.64,399.99,399.99,stop,-1.0,-0.0033865141481035366,0.0033865141481036094
2022-09-01,-1,392.12,393.39,393.39,stop,-1.0,-0.0032388044476179267,0.0032388044476180295
2022-09-02,-1,398.38,400.43,400.43,stop,-1.0,-0.005145840654651401,0.005145840654651367
2022-09-06,-1,393.11,394.12,390.79,close,2.297029702970311,0.005901656025031121,0.0025692554246902672
2022-09-07,1,391.14,390.2,397.77,close,7.053191489361715,0.016950452523393222,0.0024032315794856006
2022-09-08,1,395.45,394.12,400.4,close,3.7218045112782314,0.012517385257301727,0.003363257048931557
2022-09-09,1,403.7,402.725,402.725,stop,-1.0,-0.002415159772107933,0.0024151597721079167
2022-09-12,-1,408.72,409.41,409.41,stop,-1.0,-0.001688197298884253,0.0016881972988843162
2022-09-13,-1,401.59,403.1,393.13,close,5.602649006622326,0.021066261610099835,0.0037600537861999747
2022-09-14,1,394.58,393.02,393.02,stop,-1.0,-0.003953570885498525,0.0039535708854985105
2022-09-16,-1,383.4,384.68,384.68,stop,-1.0,-0.0033385498174232087,0.003338549817423134
2022-09-19,1,383.64,382.1784,388.54,close,3.3524904214560176,0.012772390783025944,0.0038098217078510474
2022-09-20,-1,384.55,385.3,385.3,stop,-1.0,-0.0019503315563644819,0.0019503315563645818
2022-09-21,1,386.7,385.42,385.42,stop,-1.0,-0.0033100594776311887,0.0033100594776311683
2022-09-22,-1,376.5,377.66,374.23,close,1.95689655172408,0.006029216467463461,0.0030810092961488047
2022-09-23,-1,369.51,370.62,367.92,close,1.4324324324323923,0.00430299585938132,0.003003978241454937
2022-09-26,1,367.95,366.06,366.06,stop,-1.0,-0.0051365674684059615,0.005136567468405996
2022-09-27,1,369.219,367.61,367.61,stop,-1.0,-0.004357847239713997,0.004357847239714046
2022-09-28,1,364.57,362.6,370.48,close,3.0000000000000577,0.01621087856927339,0.0054036261897577155
2022-09-29,-1,365.811,367.11,362.79,close,2.325635103926002,0.008258362925116947,0.0035510140482381204
2022-09-30,-1,361.79,362.77,362.77,stop,-1.0,-0.002708753696895938,0.0027087536968958825
2022-10-03,-1,360.13,361.4501,361.4501,stop,-1.0,-0.003665620748063203,0.0036656207480632685
2022-10-04,1,373.82,372.31,372.31,stop,-1.0,-0.0040393772403830575,0.004039377240383048
2022-10-05,1,374.8,373.3,373.3,stop,-1.0,-0.004002134471718266,0.00400213447171825
2022-10-06,1,377.05,375.34,375.34,stop,-1.0,-0.004535207532157637,0.004535207532157635
2022-10-07,-1,367.77,369.37,369.37,stop,-1.0,-0.004350545177692622,0.004350545177692642
2022-10-10,-1,362.805,364.21,360.07,close,1.9466192170818981,0.007538484861013495,0.0038726037403011885
2022-10-11,-1,357.66,358.9,358.9,stop,-1.0,-0.0034669798132302976,0.0034669798132303084
2022-10-12,1,359.81,356.3,356.55,close,-0.9287749287749286,-0.00906033740029455,0.009755148550623914
2022-10-13,1,349.89,348.11,365.96,close,9.028089887640585,0.04592872045500007,0.005087313155563099
2022-10-14,1,369.25,367.44,367.44,stop,-1.0,-0.004901828029790112,0.004901828029790121
2022-10-17,1,365.62,363.97,363.97,stop,-1.0,-0.0045128822274491665,0.004512882227449202
2022-10-18,-1,374.27,375.45,371.14,close,2.652542372881337,0.008362946535923288,0.00315280412536406
2022-10-19,1,370.61,368.3,368.3,stop,-1.0,-0.006232967270176193,0.006232967270176202
2022-10-20,-1,367.54,368.69,368.69,stop,-1.0,-0.0031289111389236623,0.0031289111389235925
2022-10-21,1,365.78,363.54,374.28,close,3.794642857142938,0.02323801191973307,0.006123899611788376
2022-10-24,1,376.13,375.09,375.09,stop,-1.0,-0.0027650014622604413,0.002765001462260443
2022-10-25,1,380.27,378.72,378.72,stop,-1.0,-0.004076051226759803,0.004076051226759815
2022-10-26,1,382.93,381.35,382.08,close,-0.5379746835443237,-0.002219726843026182,0.004126080484683843
2022-10-27,-1,383.06,384.33,384.33,stop,-1.0,-0.0033154075079622203,0.0033154075079621518
2022-10-28,1,382.24,379.68,388.97,close,2.628906250000005,0.017606739221431633,0.0066973629133528735
2022-10-31,1,387.0,386.14,386.14,stop,-1.0,-0.0022222222222222365,0.0022222222222222573
2022-11-01,-1,389.3,390.39,384.53,close,4.376146788990962,0.012252761366555509,0.0027998972514769456
2022-11-02,-1,382.6895,384.06,384.06,stop,-1.0,-0.0035812323045183447,0.003581232304518396
2022-11-03,1,371.83,370.38,370.38,stop,-1.0,-0.0038996315520533065,0.0038996315520533273
2022-11-04,-1,375.75,377.37,377.37,stop,-1.0,-0.004311377245509007,0.004311377245508994
2022-11-07,-1,377.05,378.34,378.34,stop,-1.0,-0.003421296910224081,0.0034212969102240115
2022-11-08,-1,379.7745,381.23,381.23,stop,-1.0,-0.0038325374663124023,0.0038325374663123225
2022-11-09,-1,378.73,379.96,379.96,stop,-1.0,-0.003247696247986598,0.00324769624798659
2022-11-10,-1,386.56,388.53,388.53,stop,-1.0,-0.0050962334437085755,0.005096233443708533
2022-11-11,-1,394.655,395.895,395.895,stop,-1.0,-0.0031419847715092875,0.003141984771509316
2022-11-14,1,397.59,396.49,396.49,stop,-1.0,-0.002766669181820336,0.0027666691818203828
2022-11-15,-1,401.09,402.31,398.54,close,2.0901639344261453,0.006357675334712765,0.0030417113366078123
2022-11-16,-1,396.49,397.78,395.51,close,0.7596899224806557,0.0024716890716033335,0.003253549900375706
2022-11-17,1,391.27,390.34,390.34,stop,-1.0,-0.0023768753034988377,0.00237687530349888
2022-11-18,-1,396.43,397.81,396.09,close,0.24637681159422678,0.0008576545670107016,0.0034810685366899463
2022-11-21,-1,394.58,395.82,394.58,close,-0.0,-0.0,0.003142581985909091
2022-11-22,-1,395.91,396.86,396.86,stop,-1.0,-0.002399535247909812,0.0023995352479098497
2022-11-23,1,400.4599,399.49,399.49,stop,-1.0,-0.0024219653453442236,0.0024219653453441794
2022-11-28,1,400.38,399.0,399.0,stop,-1.0,-0.003446725610669832,0.0034467256106698522
2022-11-29,-1,395.62,396.6399,396.6399,stop,-1.0,-0.0025779788686113303,0.002577978868611311
2022-12-01,-1,408.25,409.2,409.2,stop,-1.0,-0.0023270055113289168,0.002327005511328815
2022-12-02,1,403.81,402.14,406.87,close,1.8323353293413012,0.007577821252569228,0.004135608330650593
2022-12-05,1,404.455,403.81,403.81,stop,-1.0,-0.001594738598855172,0.0015947385988552048
2022-12-06,-1,399.25,399.99,391.8499999999999,target,10.0,0.01853475266124005,0.0018534752661240053
2022-12-07,1,394.25,392.58,392.58,stop,-1.0,-0.004235890932149711,0.004235890932149692
2022-12-08,-1,393.88,395.35,395.35,stop,-1.0,-0.0037321011475577315,0.003732101147557701
2022-12-09,1,395.62,394.12,394.12,stop,-1.0,-0.0037915171123805713,0.003791517112380567
2022-12-12,-1,393.87,394.61,394.61,stop,-1.0,-0.0018787924949856816,0.0018787924949856783
2022-12-13,-1,408.38,410.49,401.95,close,3.0473933649288933,0.01574513933101529,0.005166756452323849
2022-12-14,1,402.93,401.58,401.58,stop,-1.0,-0.0033504578959124842,0.0033504578959124977
2022-12-15,-1,393.44,395.25,389.65,close,2.09392265193371,0.0096329808865393,0.004600447336315581
2022-12-16,-1,384.86,386.04,386.04,stop,-1.0,-0.0030660499922050555,0.0030660499922049752
2022-12-19,1,383.8,382.7,382.7,stop,-1.0,-0.0028660760812924124,0.002866076081292399
2022-12-20,1,379.45,378.58,378.58,stop,-1.0,-0.002292792199235727,0.002292792199235748
2022-12-22,-1,381.71,383.38,383.38,stop,-1.0,-0.00437504912106057,0.004375049121060533
2022-12-23,-1,379.62,381.27,381.27,stop,-1.0,-0.004346451714872801,0.004346451714872707
2022-12-27,-1,381.79,383.01,383.01,stop,-1.0,-0.003195473951648653,0.0031954739516487345
2022-12-28,1,382.825,380.62,380.62,stop,-1.0,-0.005759811924508584,0.005759811924508546
2022-12-29,1,380.32,379.08,383.39,close,2.4758064516128795,0.00807214976861581,0.0032604122843921148
2022-12-30,-1,380.08,381.62,381.62,stop,-1.0,-0.004051778572932152,0.004051778572932068
2023-01-03,1,385.12,383.59,383.59,stop,-1.0,-0.003972787702534397,0.003972787702534352
2023-01-04,1,383.28,381.9,381.9,stop,-1.0,-0.00360050093926112,0.003600500939261103
2023-01-05,-1,380.15,381.76,381.76,stop,-1.0,-0.004235170327502313,0.004235170327502338
2023-01-09,-1,389.83,390.84,390.84,stop,-1.0,-0.0025908729446169065,0.002590872944616861
2023-01-10,1,389.135,387.15,387.15,stop,-1.0,-0.005101057473627435,0.005101057473627439
2023-01-11,1,392.69,391.8,391.8,stop,-1.0,-0.0022664188036364274,0.0022664188036364214
2023-01-12,-1,394.97,396.965,396.965,stop,-1.0,-0.005051016532901187,0.0050510165329011
2023-01-13,-1,393.6,394.37,394.37,stop,-1.0,-0.001956300813008127,0.001956300813008084
2023-01-17,-1,398.11,399.0188,399.0188,stop,-1.0,-0.002282786164627737,0.0022827861646278294
2023-01-18,-1,398.67,399.56,399.56,stop,-1.0,-0.0022324228058292483,0.0022324228058293485
2023-01-19,1,390.1,389.0862,389.0862,stop,-1.0,-0.0025988208151755954,0.0025988208151756045
2023-01-20,-1,388.57,390.1,390.1,stop,-1.0,-0.003937514476156201,0.003937514476156238
2023-01-23,1,396.89,395.72,400.59,close,3.1623931623932635,0.00932248229988164,0.002947920078611099
2023-01-24,-1,398.35,399.15,399.15,stop,-1.0,-0.0020082841722102174,0.0020082841722102534
2023-01-25,1,396.06,395.23,395.23,stop,-1.0,-0.002095642074433135,0.0020956420744331263
2023-01-27,1,404.23,403.44,405.68,close,1.8354430379746216,0.003587066768918623,0.0019543329292729893
2023-01-30,1,403.57,402.66,402.66,stop,-1.0,-0.0022548752384963233,0.0022548752384963407
2023-01-31,-1,401.03,401.96,401.96,stop,-1.0,-0.0023190285016083667,0.002319028501608376
2023-02-02,-1,414.03,415.08,415.08,stop,-1.0,-0.002536048112455669,0.0025360481124556467
2023-02-03,1,412.69,411.44,411.44,stop,-1.0,-0.0030289078969686356,0.003028907896968669
2023-02-06,-1,409.77,410.89,410.89,stop,-1.0,-0.0027332405983844232,0.002733240598384471
2023-02-08,1,413.4794,412.77,412.77,stop,-1.0,-0.0017156840219851865,0.0017156840219851738
2023-02-09,-1,413.76,414.57,407.13,close,8.185185185185157,0.01602378190255216,0.001957656612529008
2023-02-10,1,406.71,405.85,405.85,stop,-1.0,-0.0021145287797200707,0.0021145287797200876
2023-02-14,1,411.39,409.49,409.49,stop,-1.0,-0.004618488538856047,0.004618488538856018
2023-02-15,1,411.0,410.1425,410.1425,stop,-1.0,-0.002086374695863813,0.0020863746958637856
2023-02-16,-1,408.74,409.54,409.54,stop,-1.0,-0.00195723442775364,0.001957234427753612
2023-02-17,1,406.67,405.65,405.65,stop,-1.0,-0.0025081761624905496,0.0025081761624905666
2023-02-21,1,403.87,403.05,403.05,stop,-1.0,-0.0020303563027707083,0.0020303563027706767
2023-02-22,-1,399.36,400.02,400.02,stop,-1.0,-0.0016526442307691624,0.001652644230769151
2023-02-23,-1,401.135,401.7096,401.7096,stop,-1.0,-0.0014324354643699966,0.0014324354643699309
2023-02-24,1,395.95,395.17,395.17,stop,-1.0,-0.0019699457002145815,0.001969945700214605
2023-02-27,-1,399.26,400.03,400.03,stop,-1.0,-0.0019285678505234216,0.001928567850523423
2023-02-28,1,397.35,396.45,396.45,stop,-1.0,-0.0022650056625141968,0.002265005662514242
2023-03-02,-1,392.53,393.1585,393.1585,stop,-1.0,-0.0016011515043437008,0.001601151504343696
2023-03-03,1,399.81,399.155,399.155,stop,-1.0,-0.0016382781821365766,0.0016382781821365888
2023-03-06,1,405.75,404.76,404.76,stop,-1.0,-0.002439926062846598,0.0024399260628466027
2023-03-07,1,404.5,404.1,404.1,stop,-1.0,-0.000988875154511737,0.0009888751545116866
2023-03-08,-1,398.32,399.1,399.1,stop,-1.0,-0.001958224543080922,0.0019582245430810143
2023-03-09,1,400.29,399.38,399.38,stop,-1.0,-0.0022733518199306024,0.002273351819930613
2023-03-10,-1,389.91,391.2,391.2,stop,-1.0,-0.0033084557974916162,0.0033084557974916353
2023-03-13,-1,381.25,382.7,382.7,stop,-1.0,-0.0038032786885244807,0.0038032786885245605
2023-03-14,1,390.86,389.9014,389.9014,stop,-1.0,-0.0024525405516041543,0.002452540551604129
2023-03-15,1,387.16,385.7,385.7,stop,-1.0,-0.003771050728381131,0.0037710507283811247
2023-03-16,1,387.32,386.29,396.03,close,8.456310679611855,0.02248786533099234,0.0026592998037797497
2023-03-20,-1,390.54,391.98,391.98,stop,-1.0,-0.0036872023352281236,0.0036872023352281396
2023-03-21,-1,397.22,397.99,397.99,stop,-1.0,-0.0019384723830622175,0.001938472383062237
2023-03-22,-1,398.09,398.875,398.875,stop,-1.0,-0.0019719158984150553,0.001971915898414994
2023-03-24,-1,390.7,391.98,391.98,stop,-1.0,-0.003276170975172743,0.0032761709751728428
2023-03-28,1,395.84,394.97,394.97,stop,-1.0,-0.0021978577202909078,0.0021978577202908947
2023-03-29,1,399.93,399.425,399.425,stop,-1.0,-0.0012627209761708613,0.0012627209761708186
2023-03-30,-1,403.71,404.14,404.14,stop,-1.0,-0.0010651210026999536,0.0010651210026999748
2023-03-31,1,405.4,404.55,409.36,close,4.658823529411994,0.009768130241736728,0.0020966946225948837
2023-04-03,1,409.49,408.82,408.82,stop,-1.0,-0.0016361815917360634,0.0016361815917361007
2023-04-04,-1,411.13,411.68,411.68,stop,-1.0,-0.0013377763724369274,0.0013377763724369697
2023-04-05,-1,407.8,408.285,408.285,stop,-1.0,-0.0011893084845513435,0.0011893084845512841
2023-04-06,-1,406.13,406.9,406.9,stop,-1.0,-0.0018959446482653686,0.001895944648265289
2023-04-10,-1,406.08,406.84,406.84,stop,-1.0,-0.0018715524034673692,0.0018715524034672748
2023-04-11,1,410.27,409.6,409.6,stop,-1.0,-0.001633070904526135,0.0016330709045261878
2023-04-12,1,412.14,411.5,411.5,stop,-1.0,-0.0015528703838501023,0.001552870383850115
2023-04-13,-1,409.08,409.435,409.435,stop,-1.0,-0.0008678009191356306,0.0008678009191356659
2023-04-14,1,413.25,412.77,412.77,stop,-1.0,-0.0011615245009074515,0.0011615245009074851
2023-04-17,1,412.605,412.23,412.23,stop,-1.0,-0.0009088595630203367,0.000908859563020322
2023-04-18,1,415.64,415.03,415.03,stop,-1.0,-0.0014676162063324005,0.0014676162063324359
2023-04-19,1,412.74,412.16,414.21,close,2.534482758620708,0.003561564180840193,0.0014052430101274024
2023-04-20,1,411.75,411.08,411.08,stop,-1.0,-0.001627200971463294,0.0016272009714633053
2023-04-21,-1,411.74,412.28,412.28,stop,-1.0,-0.001311507261864131,0.001311507261864195
2023-04-24,1,412.64,411.94,411.94,stop,-1.0,-0.0016963939511438486,0.0016963939511438267
2023-04-25,1,411.01,410.55,410.55,stop,-1.0,-0.0011191941801902416,0.0011191941801902132
2023-04-26,-1,406.69,407.27,407.27,stop,-1.0,-0.0014261476800510042,0.0014261476800511055
2023-04-27,1,407.17,406.74,411.4700000000001,target,10.0,0.010560699462141221,0.0010560699462141287
2023-04-28,1,412.18,411.43,415.93,close,5.0,0.009097966907661625,0.0018195933815323402
2023-05-01,1,415.87,415.38,415.38,stop,-1.0,-0.0011782528193906572,0.0011782528193906969
2023-05-02,-1,414.03,414.82,410.87,close,3.999999999999856,0.0076322971765330205,0.001908074294133325
2023-05-03,-1,411.28,411.74,411.74,stop,-1.0,-0.0011184594436881579,0.001118459443688087
2023-05-05,1,409.595,408.64,412.61,close,3.1570680628270757,0.007360929698848828,0.002331571430315411
2023-05-08,-1,412.45,413.13,413.13,stop,-1.0,-0.0016486846890533258,0.0016486846890532351
2023-05-09,1,411.18,410.6894,410.96,close,-0.4484304932735717,-0.0005350454788657366,0.0011931514178705896
2023-05-10,-1,413.76,414.535,412.8,close,1.2387096774192738,0.002320185614849146,0.0018730665119877081
2023-05-11,-1,410.72,412.09,412.09,stop,-1.0,-0.0033356057654849725,0.0033356057654848744
2023-05-12,-1,413.26,413.5699,413.5699,stop,-1.0,-0.000749891109713019,0.0007498911097130799
2023-05-15,-1,411.36,412.29,412.29,stop,-1.0,-0.002260793465577615,0.0022607934655776126
2023-05-16,-1,411.64,412.235,412.235,stop,-1.0,-0.0014454377611505809,0.0014454377611505863
2023-05-17,-1,411.09,412.41,412.41,stop,-1.0,-0.003210975698752172,0.00321097569875222
2023-05-18,1,415.05,414.67,418.84999999999997,target,10.0,0.00915552343091175,0.0009155523430911829
2023-05-19,1,420.3305,419.8,419.8,stop,-1.0,-0.0012621020839552743,0.0012621020839552707
2023-05-22,1,419.67,418.62,418.62,stop,-1.0,-0.002501965830295272,0.002501965830295259
2023-05-23,1,417.51,416.84,416.84,stop,-1.0,-0.0016047519819885059,0.0016047519819884935
2023-05-24,-1,411.78,412.49,412.49,stop,-1.0,-0.001724221671766557,0.0017242216717665657
2023-05-25,-1,413.2,414.8,414.8,stop,-1.0,-0.0038722168441434057,0.0038722168441433272
2023-05-26,1,416.32,415.25,419.98,close,3.4205607476635964,0.008791314373558956,0.0025701383551114364
2023-05-30,-1,421.91,422.58,420.17,close,2.5970149253733066,0.004124102296698351,0.0015880164016021403
2023-05-31,-1,418.14,418.82,418.82,stop,-1.0,-0.0016262495814798328,0.0016262495814799035
2023-06-01,-1,417.18,418.28,418.28,stop,-1.0,-0.002636751522124614,0.0026367515221246605
2023-06-02,1,425.64,424.44,424.44,stop,-1.0,-0.0028192839018889027,0.0028192839018888935
2023-06-05,-1,428.16,429.67,427.1,close,0.7019867549668931,0.0024757100149477296,0.003526718983557527
2023-06-06,-1,426.05,426.72,426.72,stop,-1.0,-0.001572585377303204,0.0015725853773031707
2023-06-07,1,429.07,428.34,428.34,stop,-1.0,-0.0017013540914070369,0.001701354091407039
2023-06-08,-1,426.5,427.12,427.12,stop,-1.0,-0.0014536928487689504,0.001453692848769061
2023-06-09,1,430.44,429.92,429.92,stop,-1.0,-0.001208066164854471,0.0012080661648545253
2023-06-12,-1,430.61,431.06,431.06,stop,-1.0,-0.0010450291447017257,0.0010450291447016758
2023-06-13,1,435.84,435.09,435.09,stop,-1.0,-0.001720814977973606,0.0017208149779735684
2023-06-14,1,437.19,436.51,436.51,stop,-1.0,-0.0015553878176536307,0.0015553878176536673
2023-06-15,1,436.74,436.23,441.8399999999999,target,10.0,0.011677428218161534,0.0011677428218161627
2023-06-16,-1,442.26,443.18,443.18,stop,-1.0,-0.002080224302446476,0.0020802243024465607
2023-06-20,1,438.08,437.09,437.09,stop,-1.0,-0.0022598612125639406,0.0022598612125639362
2023-06-21,-1,435.47,436.28,436.28,stop,-1.0,-0.0018600592463313692,0.0018600592463314243
2023-06-23,1,433.35,432.7117,432.7117,stop,-1.0,-0.0014729433483328114,0.0014729433483327914
2023-06-26,1,433.3892,432.6,432.6,stop,-1.0,-0.001820996000823305,0.0018209960008232643
2023-06-27,1,432.8,432.24,432.24,stop,-1.0,-0.0012939001848428777,0.0012939001848428888
2023-06-28,1,435.14,434.63,434.63,stop,-1.0,-0.0011720365859263504,0.0011720365859263476
2023-06-29,1,436.392,435.54,438.14,close,2.051643192488311,0.0040055729710901655,0.00195237309574872
2023-06-30,1,441.8301,441.11,443.25,close,1.9718094709067906,0.0032136787421228608,0.0016298120023964012
2023-07-05,1,442.53,441.9,443.14,close,0.9682539682539969,0.0013784376200483006,0.0014236322961155073
2023-07-06,-1,438.56,439.62,439.62,stop,-1.0,-0.002417001094491056,0.0024170010944910667
2023-07-07,1,439.69,438.47,438.47,stop,-1.0,-0.0027746821624325957,0.002774682162432556
2023-07-10,1,439.3,438.05,438.05,stop,-1.0,-0.0028454359207830127,0.002845435920783064
2023-07-11,1,440.8,440.3,440.3,stop,-1.0,-0.0011343012704174704,0.001134301270417423
2023-07-12,-1,446.14,446.76,446.76,stop,-1.0,-0.0013896983009817898,0.0013896983009817649
2023-07-13,1,448.29,447.45,449.53,close,1.4761904761903635,0.002766066608668405,0.001873787057485181
2023-07-14,1,450.8207,450.35,450.35,stop,-1.0,-0.001044095801279732,0.001044095801279678
2023-07-17,1,449.8,449.08,450.855,close,1.4652777777777317,0.0023454868830592446,0.0016007114273010833
2023-07-18,1,450.55,450.0484,454.19,close,7.256778309409915,0.008079014537787144,0.001113305959382968
2023-07-19,1,455.81,455.01,455.01,stop,-1.0,-0.001755117263772199,0.0017551172637722107
2023-07-20,1,455.02,454.1,454.1,stop,-1.0,-0.0020218891477297163,0.0020218891477296803
2023-07-21,-1,453.4,454.07,454.07,stop,-1.0,-0.0014777238641376922,0.001477723864137662
2023-07-24,1,454.3,453.35,453.35,stop,-1.0,-0.002091129209773279,0.0020911292097732523
2023-07-25,1,454.32,453.87,455.41,close,2.422222222222354,0.0023991899982391818,0.0009904912836766785
2023-07-26,1,454.97,454.42,454.42,stop,-1.0,-0.001208870914565785,0.0012088709145658206
2023-07-27,-1,458.66,459.44,452.48,close,7.923076923077209,0.013474033052806034,0.0017006061134608918
2023-07-28,-1,455.66,456.15,456.15,stop,-1.0,-0.0010753632094104848,0.0010753632094104206
2023-07-31,1,457.805,457.25,457.25,stop,-1.0,-0.001212306549731923,0.0012123065497318876
2023-08-01,1,456.65,456.06,456.06,stop,-1.0,-0.0012920179568597367,0.0012920179568596847
2023-08-02,-1,452.51,453.3901,453.3901,stop,-1.0,-0.001944929393825623,0.001944929393825611
2023-08-03,1,448.45,447.63,447.63,stop,-1.0,-0.0018285204593599946,0.0018285204593600027
2023-08-04,1,451.57,450.32,450.32,stop,-1.0,-0.002768120114267969,0.0027681201142679985
2023-08-07,1,449.49,448.57,448.57,stop,-1.0,-0.002046764110436361,0.0020467641104363076
2023-08-08,-1,447.535,448.15,448.15,stop,-1.0,-0.001374194197101719,0.0013741941971017958
2023-08-09,-1,448.55,449.1999,445.75,close,4.308355131558703,0.00624233641734484,0.0014488908705829948
2023-08-10,1,449.37,447.99,447.99,stop,-1.0,-0.003070966019093402,0.003070966019093387
2023-08-11,1,444.16,443.345,445.58,close,1.742331288343513,0.0031970461095101044,0.001834924351585009
2023-08-15,-1,446.0,446.64,442.94,close,4.781250000000106,0.006860986547085224,0.0014349775784753057
2023-08-16,1,442.83,442.38,442.38,stop,-1.0,-0.0010161913149515645,0.0010161913149515358
2023-08-17,-1,440.88,441.43,436.26,close,8.399999999999835,0.010479041916167664,0.0012475049900199859
2023-08-18,1,434.58,433.01,436.46,close,1.1974522292993655,0.004326015923420412,0.003612683510515885
2023-08-21,1,438.08,437.33,437.33,stop,-1.0,-0.0017120160701241671,0.0017120160701241784
2023-08-22,-1,440.6,441.18,438.11,close,4.293103448275995,0.0056513844757150045,0.0013163867453472177
2023-08-23,1,439.82,439.1,442.97,close,4.375000000000227,0.007162020826701809,0.0016370333318174945
2023-08-24,-1,443.94,445.05,445.05,stop,-1.0,-0.002500337883497794,0.0025003378834978006
2023-08-25,1,439.4301,438.57,438.57,stop,-1.0,-0.001957307885827597,0.0019573078858275495
2023-08-28,1,442.9809,441.97,441.97,stop,-1.0,-0.002282039699679994,0.0022820396996800366
2023-08-29,1,443.062,442.46,449.08200000000033,target,10.0,0.013587263182128773,0.0013587263182128738
2023-08-30,-1,449.51,450.36,450.36,stop,-1.0,-0.0018909479210695856,0.0018909479210696598
2023-08-31,1,452.2699,451.61,451.61,stop,-1.0,-0.0014590844979955886,0.0014590844979955405
2023-09-01,-1,452.89,453.67,451.21,close,2.153846153846081,0.0037095100355495347,0.001722272516505177
2023-09-05,-1,450.391,450.93,450.93,stop,-1.0,-0.0011967379454740357,0.0011967379454740153
2023-09-06,-1,447.55,448.49,448.49,stop,-1.0,-0.0021003239861467904,0.0021003239861467943
2023-09-07,1,443.6,442.805,442.805,stop,-1.0,-0.0017921550946798925,0.0017921550946799277
2023-09-08,1,445.89,444.8,444.8,stop,-1.0,-0.0024445491040390177,0.0024445491040390567
2023-09-11,-1,448.12,448.77,448.77,stop,-1.0,-0.0014505043291974662,0.0014505043291974857
2023-09-12,1,447.5772,446.79,446.79,stop,-1.0,-0.001758802727216624,0.001758802727216633
2023-09-13,-1,445.99,447.26,447.26,stop,-1.0,-0.0028475974797641523,0.0028475974797640795
2023-09-14,-1,448.42,449.31,449.31,stop,-1.0,-0.001984746443066676,0.0019847464430667373
2023-09-15,-1,446.8,447.48,443.29,close,5.1617647058822875,0.00785586392121751,0.001521933751119084
2023-09-18,1,443.5,442.76,442.76,stop,-1.0,-0.0016685456595265657,0.0016685456595265144
2023-09-19,1,442.91,442.39,442.39,stop,-1.0,-0.001174053419430665,0.0011740534194306714
2023-09-20,1,444.02,443.44,443.44,stop,-1.0,-0.0013062474663303458,0.0013062474663303096
2023-09-21,-1,435.0,435.97,431.41,close,3.7010309278349216,0.008252873563218355,0.002229885057471327
2023-09-22,-1,432.02,432.64,432.64,stop,-1.0,-0.0014351187445025282,0.00143511874450258
2023-09-25,1,429.415,428.72,432.22,close,4.035971223021632,0.0065321425660491705,0.0016184809566503107
2023-09-26,1,429.54,429.01,429.01,stop,-1.0,-0.0012338781021559164,0.0012338781021558633
2023-09-27,-1,426.95,427.67,426.02,close,1.2916666666666272,0.0021782410118280637,0.0016863801381895476
2023-09-28,1,426.23,425.06,425.06,stop,-1.0,-0.002744996832696023,0.0027449968326959994
2023-09-29,-1,430.94,431.85,427.39,close,3.9010989010988064,0.00823780572701538,0.0021116628765025874
2023-10-02,1,427.1701,426.2513,426.2513,stop,-1.0,-0.002150899606503276,0.002150899606503302
2023-10-03,1,425.58,424.85,424.85,stop,-1.0,-0.0017153061704026085,0.0017153061704026538
2023-10-04,1,422.8,421.91,421.91,stop,-1.0,-0.0021050141911068687,0.002105014191106874
2023-10-06,-1,421.92,423.0,423.0,stop,-1.0,-0.0025597269624573205,0.0025597269624573
2023-10-09,1,428.04,427.35,427.35,stop,-1.0,-0.0016119988786095218,0.0016119988786094705
2023-10-10,-1,432.58,433.26,433.26,stop,-1.0,-0.0015719635674327215,0.0015719635674326295
2023-10-11,-1,435.64,436.46,436.46,stop,-1.0,-0.001882288127811993,0.0018822881278119392
2023-10-12,-1,436.25,437.0,437.0,stop,-1.0,-0.0017191977077364307,0.0017191977077363897
2023-10-16,1,434.6,433.57,436.01,close,1.3689320388348813,0.003244362632305542,0.002369995398067256
2023-10-17,1,433.475,432.77,432.77,stop,-1.0,-0.001626391372051561,0.0016263913720515391
2023-10-18,-1,433.87,434.78,434.78,stop,-1.0,-0.0020974024477378173,0.0020974024477377284
2023-10-19,-1,430.8,431.39,431.39,stop,-1.0,-0.0013695450324975322,0.0013695450324976207
2023-10-20,1,426.04,425.43,425.43,stop,-1.0,-0.0014317904422119776,0.0014317904422120307
2023-10-23,-1,419.1701,420.01,420.01,stop,-1.0,-0.002003721162363359,0.0020037211623634417
2023-10-24,1,423.63,422.6,422.6,stop,-1.0,-0.0024313669947830796,0.002431366994783119
2023-10-25,-1,421.2,421.92,417.61,close,4.986111111110888,0.008523266856600098,0.0017094017094017742
2023-10-26,-1,416.11,417.325,412.59,close,2.8971193415638776,0.008459301626973725,0.0029199009877195333
2023-10-27,-1,413.85,414.47,414.47,stop,-1.0,-0.0014981273408238849,0.001498127340823981
2023-10-30,1,414.32,413.53,413.53,stop,-1.0,-0.0019067387526550128,0.0019067387526550022
2023-10-31,-1,415.48,416.37,416.37,stop,-1.0,-0.0021421007028015193,0.0021421007028015458
2023-11-01,1,419.37,418.6499,422.7,close,4.624357728093284,0.007940482151798989,0.0017170994587118824
2023-11-02,1,427.6,426.56,430.75,close,3.0288461538460725,0.007366697848456338,0.002432179607109496
2023-11-03,1,433.75,433.01,434.67,close,1.2432432432432494,0.0021210374639770713,0.0017060518731988681
2023-11-06,-1,435.46,436.1498,435.65,close,-0.2754421571469767,-0.00043632021310791025,0.0015840720157994947
2023-11-07,-1,434.81,435.73,435.73,stop,-1.0,-0.0021158667003979836,0.0021158667003979116
2023-11-08,1,437.8785,437.39,437.39,stop,-1.0,-0.001115606269775693,0.0011156062697757203
2023-11-09,-1,437.68,438.47,433.87,close,4.8227848101264605,0.008704989946993202,0.0018049716687991693
2023-11-10,-1,435.24,436.0,436.0,stop,-1.0,-0.0017461630364856706,0.0017461630364855962
2023-11-13,-1,438.79,439.59,439.59,stop,-1.0,-0.00182319560609856,0.0018231956060984855
2023-11-14,1,446.96,446.09,448.71,close,2.0114942528735527,0.003915339180239785,0.0019464829067478177
2023-11-15,1,450.64,450.0966,450.0966,stop,-1.0,-0.0012058405822829021,0.0012058405822828928
2023-11-16,-1,449.14,449.67,449.67,stop,-1.0,-0.001180032951863641,0.0011800329518636273
2023-11-17,-1,449.93,450.6,450.6,stop,-1.0,-0.0014891205298601662,0.0014891205298602358
2023-11-20,1,451.23,450.52,454.24,close,4.23943661971808,0.006670655763136191,0.0015734769408063214
2023-11-21,-1,452.95,453.32,453.32,stop,-1.0,-0.0008168672038857405,0.0008168672038856487
2023-11-22,1,455.9,454.89,454.89,stop,-1.0,-0.0022153981136213696,0.0022153981136213883
2023-11-27,-1,454.355,455.245,455.245,stop,-1.0,-0.0019588207458924867,0.001958820745892499
2023-11-28,-1,453.83,454.23,454.23,stop,-1.0,-0.000881387303615977,0.0008813873036159666
2023-11-29,1,457.8601,457.0,457.0,stop,-1.0,-0.0018785214086136648,0.0018785214086136542
2023-11-30,-1,455.05,455.71,455.71,stop,-1.0,-0.0014503900670255199,0.0014503900670255316
2023-12-01,1,455.81,455.18,455.18,stop,-1.0,-0.00138215484522064,0.0013821548452205863
2023-12-04,1,456.46,455.51,455.51,stop,-1.0,-0.002081233843053032,0.002081233843053036
2023-12-05,-1,455.15,455.495,455.495,stop,-1.0,-0.000757991870811825,0.0007579918708118802
2023-12-06,-1,458.38,458.84,454.71,close,7.978260869565607,0.008006457524324828,0.0010035341856101478
2023-12-07,1,457.22,456.641,456.641,stop,-1.0,-0.0012663488036394055,0.0012663488036394027
2023-12-08,1,457.98,457.21,460.13,close,2.7922077922076225,0.004694528145333887,0.001681296126468489
2023-12-11,1,460.09,459.47,461.97,close,3.032258064516469,0.004086157056228279,0.0013475624334368227
2023-12-12,-1,460.81,461.7,461.7,stop,-1.0,-0.0019313816974457776,0.0019313816974457724
2023-12-13,1,464.83,464.3,464.3,stop,-1.0,-0.0011402017942042653,0.0011402017942042742
2023-12-14,-1,472.47,473.44,473.44,stop,-1.0,-0.002053040404681683,0.002053040404681716
2023-12-15,-1,468.99,469.6,469.6,stop,-1.0,-0.001300667391628929,0.0013006673916288484
2023-12-18,1,471.31,470.8,470.8,stop,-1.0,-0.001082090343934916,0.0010820903439349703
2023-12-19,1,473.03,472.45,474.82,close,3.086206896551844,0.003784115172399183,0.0012261378770902144
2023-12-20,1,474.175,473.77,473.77,stop,-1.0,-0.0008541150419150156,0.0008541150419149672
2023-12-21,1,472.1,470.98,470.98,stop,-1.0,-0.0023723787333191915,0.0023723787333192214
2023-12-22,1,474.52,473.77,473.77,stop,-1.0,-0.0015805445502823368,0.0015805445502823908
2023-12-26,1,474.59,473.99,475.59,close,1.6666666666667613,0.002107081902273489,0.0012642491413640531
2023-12-27,1,475.92,475.27,475.27,stop,-1.0,-0.0013657757606321264,0.0013657757606321105
2023-12-28,-1,476.81,477.385,477.385,stop,-1.0,-0.0012059310836600723,0.0012059310836601343
2023-12-29,1,476.85,476.41,476.41,stop,-1.0,-0.0009227220299884431,0.0009227220299884612
2024-01-02,-1,472.05,472.8,472.8,stop,-1.0,-0.001588814744200917,0.0015888147442008262
2024-01-03,-1,470.05,470.53,470.53,stop,-1.0,-0.0010211679608551627,0.001021167960855146
2024-01-04,1,469.07,468.11,468.11,stop,-1.0,-0.002046602852452728,0.002046602852452682
2024-01-05,1,468.11,467.13,467.13,stop,-1.0,-0.0020935250261691074,0.0020935250261691018
2024-01-08,1,469.09,468.3,474.56,close,6.9240506329117455,0.011660875311773955,0.001684111790914246
2024-01-09,1,472.11,471.74,471.74,stop,-1.0,-0.000783715659486095,0.0007837156594861463
2024-01-10,1,474.85,474.14,474.14,stop,-1.0,-0.0014952090133727447,0.0014952090133727206
2024-01-11,1,477.88,476.89,476.89,stop,-1.0,-0.0020716497865572725,0.0020716497865573137
2024-01-12,1,478.095,477.73,477.73,stop,-1.0,-0.0007634465953419989,0.0007634465953419489
2024-01-16,-1,474.81,475.61,475.61,stop,-1.0,-0.00168488448010784,0.0016848844801078565
2024-01-17,-1,471.28,471.94,471.94,stop,-1.0,-0.0014004413512138658,0.0014004413512137689
2024-01-19,-1,477.19,477.97,477.97,stop,-1.0,-0.0016345690395860313,0.0016345690395859712
2024-01-22,1,484.85,483.9,483.9,stop,-1.0,-0.001959368876972345,0.001959368876972353
2024-01-23,-1,483.5825,484.3737,484.3737,stop,-1.0,-0.0016361220681062605,0.0016361220681062765
2024-01-24,-1,487.315,487.83,487.83,stop,-1.0,-0.0010568113027507042,0.0010568113027507595
2024-01-25,-1,486.95,487.7,487.7,stop,-1.0,-0.0015401991990964259,0.0015401991990964166
2024-01-26,-1,487.44,488.35,488.35,stop,-1.0,-0.001866896438535992,0.0018668964385360762
2024-01-29,1,487.93,487.4568,487.4568,stop,-1.0,-0.0009698112434161077,0.0009698112434161044
2024-01-30,1,491.08,490.52,490.52,stop,-1.0,-0.0011403437321820808,0.0011403437321821338
2024-01-31,-1,488.3696,489.0813,482.92,close,7.657158915273174,0.011158761724726518,0.0014572979153493737
2024-02-01,1,485.55,484.56,484.56,stop,-1.0,-0.0020389249304911816,0.002038924930491214
2024-02-02,1,490.115,489.3,494.27,close,5.098159509202435,0.008477602195403167,0.001662875039531534
2024-02-05,-1,493.02,493.7,493.7,stop,-1.0,-0.0013792543913027089,0.0013792543913025979
2024-02-06,1,494.0,493.28,493.28,stop,-1.0,-0.0014574898785425505,0.0014574898785425653
2024-02-07,-1,495.97,496.44,496.44,stop,-1.0,-0.000947637961973502,0.0009476379619734468
2024-02-08,1,498.18,497.76,497.76,stop,-1.0,-0.0008430687703240292,0.0008430687703240113
2024-02-09,1,499.1599,498.49,501.175,close,3.008060904612727,0.004036982938733669,0.001342054920677691
2024-02-12,1,501.44,501.14,501.14,stop,-1.0,-0.0005982769623484874,0.0005982769623484592
2024-02-13,1,494.9,493.95,493.95,stop,-1.0,-0.0019195797130733272,0.0019195797130733252
2024-02-14,-1,496.53,497.3,497.3,stop,-1.0,-0.001550762290294827,0.0015507622902947227
2024-02-15,1,499.97,499.2699,499.2699,stop,-1.0,-0.0014002840170410646,0.0014002840170410631
2024-02-16,-1,501.008,501.91,501.91,stop,-1.0,-0.001800370453166611,0.0018003704531665038
2024-02-20,-1,497.6,498.41,496.74,close,1.0617283950617422,0.0017282958199357212,0.0016278135048231556
2024-02-21,1,495.59,495.02,495.02,stop,-1.0,-0.0011501442724832778,0.001150144272483289
2024-02-22,-1,503.065,504.135,504.135,stop,-1.0,-0.002126961724628007,0.0021269617246280166
2024-02-23,1,509.87,509.11,509.11,stop,-1.0,-0.0014905760291838988,0.0014905760291838918
2024-02-26,1,508.69,508.17,508.17,stop,-1.0,-0.001022233580373122,0.0010222335803730795
2024-02-27,-1,506.18,506.74,506.74,stop,-1.0,-0.0011063258129520026,0.001106325812951919
2024-02-28,1,505.64,504.99,504.99,stop,-1.0,-0.001285499564907755,0.0012854995649077946
2024-02-29,-1,507.99,508.8455,508.8455,stop,-1.0,-0.0016840882694542092,0.0016840882694541357
2024-03-01,-1,508.86,509.56,509.56,stop,-1.0,-0.0013756239437172635,0.0013756239437173066
2024-03-05,-1,509.76,510.32,510.32,stop,-1.0,-0.001098556183301902,0.0010985561833019505
2024-03-06,-1,510.35,510.8504,510.8504,stop,-1.0,-0.0009805035759771208,0.0009805035759771852
2024-03-07,1,513.32,512.72,512.72,stop,-1.0,-0.001168861528870968,0.001168861528870924
2024-03-08,1,516.24,515.31,515.31,stop,-1.0,-0.0018014876801488722,0.0018014876801488913
2024-03-11,-1,510.19,510.94,510.94,stop,-1.0,-0.0014700405731198352,0.001470040573119818
2024-03-12,-1,512.89,513.8,513.8,stop,-1.0,-0.0017742595878258438,0.0017742595878257876
2024-03-13,-1,516.66,517.12,517.12,stop,-1.0,-0.0008903340688266592,0.000890334068826765
2024-03-14,1,517.0112,516.4,516.4,stop,-1.0,-0.0011821794189372792,0.001182179418937256
2024-03-15,-1,510.03,511.33,511.33,stop,-1.0,-0.0025488696743329875,0.0025488696743329047
2024-03-18,1,514.7301,513.26,513.26,stop,-1.0,-0.0028560599040157175,0.0028560599040157206
2024-03-19,-1,511.32,512.16,512.16,stop,-1.0,-0.0016428068528513418,0.0016428068528513945
2024-03-20,-1,515.48,515.99,515.99,stop,-1.0,-0.0009893691316831266,0.0009893691316830739
2024-03-21,1,523.5,522.92,522.92,stop,-1.0,-0.001107927411652443,0.0011079274116524182
2024-03-25,-1,519.695,520.36,520.36,stop,-1.0,-0.001279596686518003,0.0012795966865179838
2024-03-26,-1,520.88,521.44,521.44,stop,-1.0,-0.001075103670711286,0.0010751036707112177
2024-03-27,-1,521.35,521.78,521.78,stop,-1.0,-0.0008247818164379694,0.0008247818164379974
2024-03-28,-1,522.84,523.27,523.27,stop,-1.0,-0.0008224313365463587,0.0008224313365464577
2024-04-01,1,524.11,523.45,523.45,stop,-1.0,-0.0012592776325579536,0.00125927763255799
2024-04-02,-1,517.89,518.46,518.46,stop,-1.0,-0.0011006198227423436,0.0011006198227423779
2024-04-03,1,518.34,517.665,519.36,close,1.5111111111109314,0.0019678203495774316,0.001302234054867593
2024-04-04,-1,523.22,523.7,523.7,stop,-1.0,-0.000917396124001435,0.0009173961240014108
2024-04-05,1,515.18,514.01,518.4,close,2.7521367521368716,0.0062502426336426,0.002271050894832795
2024-04-08,-1,518.91,519.39,519.39,stop,-1.0,-0.000925015898710857,0.0009250158987107942
2024-04-09,-1,520.04,520.75,519.29,close,1.05633802816896,0.001442196754095848,0.0013652795938774642
2024-04-10,1,513.66,512.76,512.76,stop,-1.0,-0.0017521317603083064,0.0017521317603083311
2024-04-11,-1,514.82,515.87,515.87,stop,-1.0,-0.00203954780311566,0.0020395478031155637
2024-04-12,1,515.28,514.08,514.08,stop,-1.0,-0.0023288309268745255,0.0023288309268745767
2024-04-15,-1,514.34,515.3,504.7400000000008,target,10.0,0.018664696504256395,0.001866469650425638
2024-04-16,-1,504.56,505.2,505.2,stop,-1.0,-0.0012684319010622946,0.0012684319010622847
2024-04-17,-1,505.4501,506.12,506.12,stop,-1.0,-0.001325353383053951,0.001325353383054003
2024-04-18,-1,501.09,502.08,502.08,stop,-1.0,-0.001975692989283351,0.0019756929892833807
2024-04-19,1,499.73,498.6899,498.6899,stop,-1.0,-0.0020813239149140017,0.002081323914914044
2024-04-22,-1,497.1501,498.07,498.07,stop,-1.0,-0.0018503466055823647,0.0018503466055824673
2024-04-23,1,501.92,501.225,501.225,stop,-1.0,-0.0013846828179789883,0.001384682817978947
2024-04-24,1,506.83,505.93,505.93,stop,-1.0,-0.0017757433458950311,0.0017757433458950285
2024-04-25,-1,498.44,499.33,499.33,stop,-1.0,-0.0017855709814620369,0.0017855709814621346
2024-04-26,1,506.74,505.7,508.24,close,1.4423076923076639,0.002960097880569945,0.0020523345305285164
2024-04-29,-1,509.94,510.75,510.05,close,-0.13580246913581892,-0.00021571165235134693,0.0015884221673138062
2024-04-30,1,508.82,508.2,508.2,stop,-1.0,-0.0012185055618882945,0.0012185055618882995
2024-05-01,1,501.75,501.16,501.16,stop,-1.0,-0.0011758844045839378,0.0011758844045839064
2024-05-02,-1,503.09,504.68,504.68,stop,-1.0,-0.0031604683058696903,0.0031604683058697887
2024-05-03,-1,510.14,511.39,511.39,stop,-1.0,-0.002450307758654402,0.002450307758654487
2024-05-06,1,513.79,513.3,516.6,close,5.7346938775510345,0.0054691605519765485,0.000953697035753925
2024-05-07,-1,517.33,517.93,517.93,stop,-1.0,-0.0011598012873792474,0.001159801287379253
2024-05-08,1,515.775,515.14,517.19,close,2.228346456693067,0.002743444331346101,0.0012311569967524423
2024-05-10,1,522.135,521.36,521.36,stop,-1.0,-0.0014842904612791807,0.0014842904612791276
2024-05-13,-1,521.825,522.67,520.91,close,1.0828402366865928,0.00175346140947652,0.001619316820773082
2024-05-14,-1,521.0,521.43,521.43,stop,-1.0,-0.0008253358925143228,0.0008253358925142994
2024-05-15,1,526.53,525.71,525.71,stop,-1.0,-0.0015573661519759918,0.0015573661519760248
2024-05-16,1,530.24,529.86,529.86,stop,-1.0,-0.0007166566083283143,0.0007166566083282956
2024-05-17,-1,528.67,529.2,529.2,stop,-1.0,-0.0010025157470634483,0.001002515747063549
2024-05-20,1,530.12,529.47,529.47,stop,-1.0,-0.001226137478306799,0.0012261374783067555
2024-05-21,1,529.605,529.07,531.32,close,3.2056074766357643,0.0032382624786397862,0.0010101868373598591
2024-05-22,1,530.9304,530.625,530.625,stop,-1.0,-0.0005752166385649682,0.0005752166385649856
2024-05-23,-1,531.81,533.07,525.95,close,4.650793650793186,0.011018972941463923,0.0023692672194958815
2024-05-24,1,527.98,527.28,527.28,stop,-1.0,-0.001325807795749978,0.0013258077957499252
2024-05-28,-1,530.1,530.51,529.87,close,0.5609756097561854,0.00043388039992453553,0.0007734389737784722
2024-05-29,-1,525.46,526.02,526.02,stop,-1.0,-0.0010657328816654488,0.0010657328816654843
2024-05-30,-1,524.21,524.99,524.99,stop,-1.0,-0.0014879533011578072,0.0014879533011578807
2024-05-31,1,523.95,523.36,523.36,stop,-1.0,-0.0011260616471038265,0.001126061647103792
2024-06-03,-1,528.62,529.16,529.16,stop,-1.0,-0.0010215277515037702,0.001021527751503847
2024-06-04,1,526.78,525.77,525.77,stop,-1.0,-0.0019173089335206006,0.0019173089335206177
2024-06-05,-1,530.11,530.82,530.82,stop,-1.0,-0.0013393446643150675,0.0013393446643150222
2024-06-06,1,535.08,534.67,534.67,stop,-1.0,-0.0007662405621591262,0.0007662405621590825
2024-06-07,1,533.7,532.535,533.96,close,0.22317596566521344,0.0004871650740116973,0.0021828742739368133
2024-06-10,-1,532.73,533.27,533.27,stop,-1.0,-0.0010136466878154504,0.001013646687815523
2024-06-11,-1,533.38,534.1,534.1,stop,-1.0,-0.0013498818853350247,0.0013498818853350844
2024-06-12,1,541.76,541.21,541.21,stop,-1.0,-0.001015209686946128,0.0010152096869461653
2024-06-13,-1,542.39,543.19,543.19,stop,-1.0,-0.0014749534467819458,0.0014749534467819617
2024-06-14,1,541.18,540.665,540.665,stop,-1.0,-0.000951624228537562,0.0009516242285376148
2024-06-17,1,542.28,541.7,541.7,stop,-1.0,-0.0010695581618350714,0.0010695581618350802
2024-06-18,1,547.81,547.11,547.11,stop,-1.0,-0.0012778153009254112,0.0012778153009253789
2024-06-20,1,549.48,548.81,548.81,stop,-1.0,-0.0012193346436631947,0.001219334643663232
2024-06-21,1,544.72,544.015,544.015,stop,-1.0,-0.0012942429137906553,0.0012942429137906464
2024-06-25,-1,543.39,544.07,544.07,stop,-1.0,-0.0012514032278843068,0.0012514032278843257
2024-06-26,1,543.75,543.17,543.17,stop,-1.0,-0.0010666666666667712,0.001066666666666742
2024-06-27,1,546.0,545.37,545.37,stop,-1.0,-0.001153846153846172,0.0011538461538461455
2024-06-28,1,547.47,546.67,546.67,stop,-1.0,-0.00146126728405227,0.0014612672840522186
2024-07-01,-1,545.19,545.8599,545.8599,stop,-1.0,-0.0012287459417816837,0.001228745941781735
2024-07-02,1,544.69,543.65,548.97,close,4.115384615384283,0.007857680515522603,0.0019093429290056312
2024-07-05,1,551.98,551.56,551.56,stop,-1.0,-0.0007608971339542192,0.0007608971339542605
2024-07-08,1,556.1085,555.29,555.29,stop,-1.0,-0.0014718350825424498,0.0014718350825424992
2024-07-09,1,556.65,556.11,556.11,stop,-1.0,-0.0009700889248180911,0.000970088924818043
2024-07-10,-1,556.9109,557.32,557.32,stop,-1.0,-0.0007345878847049292,0.0007345878847048611
2024-07-12,1,557.97,557.15,559.9,close,2.3536585365851614,0.003458967327992557,0.0014696130616342277
2024-07-15,1,562.32,561.92,561.92,stop,-1.0,-0.0007113387395079052,0.0007113387395079152
2024-07-16,1,563.32,562.74,562.74,stop,-1.0,-0.0010296101682880643,0.0010296101682880795
2024-07-17,1,559.83,558.8,558.8,stop,-1.0,-0.0018398442384296443,0.0018398442384296775
2024-07-18,1,558.64,558.01,558.01,stop,-1.0,-0.0011277387942144612,0.0011277387942145128
2024-07-19,1,552.89,551.8,551.8,stop,-1.0,-0.0019714590605727222,0.001971459060572685
2024-07-22,1,553.06,552.275,552.275,stop,-1.0,-0.001419375836256398,0.0014193758362564066
2024-07-23,1,554.93,554.13,554.13,stop,-1.0,-0.0014416232677995078,0.0014416232677994605
2024-07-24,-1,548.07,549.17,541.21,close,6.236363636364165,0.01251664933311436,0.0020070428959802745
2024-07-25,-1,540.585,541.62,541.62,stop,-1.0,-0.00191459252476478,0.001914592524764779
2024-07-26,1,542.43,541.49,544.38,close,2.0744680851065618,0.003594933908522835,0.0017329424994929133
2024-07-29,-1,544.79,546.25,546.25,stop,-1.0,-0.00267993171680847,0.0026799317168083783
2024-07-30,1,546.69,545.87,545.87,stop,-1.0,-0.001499935978342526,0.0014999359783424793
2024-07-31,-1,547.97,549.26,549.26,stop,-1.0,-0.0023541434750076196,0.0023541434750076894
2024-08-01,1,553.58,552.32,552.32,stop,-1.0,-0.002276093789515543,0.0022760937895155006
2024-08-02,1,535.83,534.01,534.01,stop,-1.0,-0.0033965996678051447,0.0033965996678051807
2024-08-05,1,513.37,510.27,517.41,close,1.3032258064515916,0.007869567758147067,0.006038529715409982
2024-08-06,-1,518.7,520.54,520.54,stop,-1.0,-0.0035473298631192307,0.0035473298631191787
2024-08-07,1,529.16,527.94,527.94,stop,-1.0,-0.0023055408572074665,0.002305540857207487
2024-08-09,1,530.42,529.47,529.47,stop,-1.0,-0.0017910335206061667,0.0017910335206061834
2024-08-12,-1,533.97,534.48,534.48,stop,-1.0,-0.0009551098376312517,0.0009551098376313106
2024-08-13,1,537.69,536.28,542.0,close,3.056737588652266,0.008015771169260999,0.002622328851196938
2024-08-14,-1,542.23,543.27,543.27,stop,-1.0,-0.0019180052745144671,0.0019180052745144378
2024-08-15,1,550.15,549.31,549.31,stop,-1.0,-0.0015268563119149592,0.0015268563119149902
2024-08-16,1,552.06,551.26,554.21,close,2.6875000000002665,0.0038945042205558167,0.001449117849509029
2024-08-19,-1,554.65,555.42,555.42,stop,-1.0,-0.0013882628684755982,0.0013882628684755826
2024-08-20,1,559.76,559.14,559.14,stop,-1.0,-0.0011076175503786923,0.001107617550378742
2024-08-21,1,559.93,559.35,559.35,stop,-1.0,-0.0010358437661849296,0.001035843766184929
2024-08-23,1,559.6201,558.83,558.83,stop,-1.0,-0.0014118506465367053,0.0014118506465367105
2024-08-26,-1,562.8,563.91,560.73,close,1.8648648648647845,0.0036780383795308458,0.0019722814498934144
2024-08-27,-1,558.795,559.61,559.61,stop,-1.0,-0.0014584955126657473,0.0014584955126657445
2024-08-28,-1,561.05,561.65,555.0499999999997,target,10.0,0.010694234025488303,0.0010694234025488331
2024-08-29,1,560.88,559.73,559.73,stop,-1.0,-0.0020503494508629094,0.002050349450862889
2024-08-30,1,561.42,560.45,560.45,stop,-1.0,-0.001727761746998513,0.001727761746998528
2024-09-03,-1,559.93,560.81,551.13,target,10.0,0.015716250245566332,0.001571625024556633
2024-09-04,1,551.41,550.03,550.03,stop,-1.0,-0.002502674960555673,0.0025026749605556583
2024-09-09,1,545.16,544.06,544.06,stop,-1.0,-0.0020177562550444117,0.0020177562550444325
2024-09-10,-1,547.96,548.66,548.66,stop,-1.0,-0.0012774655084311082,0.0012774655084311479
2024-09-11,-1,546.62,548.76,548.76,stop,-1.0,-0.003914968350956727,0.003914968350956764
2024-09-13,1,560.36,559.45,561.94,close,1.736263736263842,0.002819615961167976,0.0016239560282674855
2024-09-16,-1,561.13,562.135,562.135,stop,-1.0,-0.0017910288168516697,0.0017910288168517018
2024-09-17,-1,564.7,565.57,565.57,stop,-1.0,-0.0015406410483442823,0.0015406410483442615
2024-09-18,-1,562.7,563.93,563.93,stop,-1.0,-0.0021858894615245372,0.0021858894615246214
2024-09-19,-1,570.02,571.09,571.09,stop,-1.0,-0.0018771271183468663,0.0018771271183468125
2024-09-20,1,568.23,567.6,567.6,stop,-1.0,-0.0011087059817327383,0.001108705981732741
2024-09-23,-1,568.53,569.42,569.42,stop,-1.0,-0.0015654406979401791,0.0015654406979402782
2024-09-24,-1,569.84,570.55,570.55,stop,-1.0,-0.0012459637793063028,0.0012459637793063364
2024-09-25,-1,571.13,571.8281,571.8281,stop,-1.0,-0.0012223136588866979,0.0012223136588866879
2024-09-26,-1,573.52,574.71,572.29,close,1.0336134453781192,0.0021446505788813575,0.002074905844608827
2024-09-27,-1,573.06,573.56,573.56,stop,-1.0,-0.0008725089868426572,0.0008725089868425645
2024-09-30,1,571.2201,570.4,570.4,stop,-1.0,-0.0014356987788070041,0.001435698778807022
2024-10-01,-1,570.8,573.46,573.46,stop,-1.0,-0.004660126138752663,0.004660126138752772
2024-10-02,-1,566.5,567.76,567.76,stop,-1.0,-0.0022241835834069246,0.002224183583406868
2024-10-03,1,568.14,567.18,567.18,stop,-1.0,-0.0016897243637132853,0.0016897243637132334
2024-10-07,1,571.56,570.75,570.75,stop,-1.0,-0.0014171740499684393,0.001417174049968412
2024-10-08,-1,569.6188,570.5,570.5,stop,-1.0,-0.0015469995021233363,0.0015469995021232363
2024-10-10,-1,575.38,575.95,575.95,stop,-1.0,-0.0009906496576177481,0.0009906496576176614
2024-10-11,1,577.19,575.91,579.55,close,1.8437499999997975,0.004088774926800376,0.002217640638264846
2024-10-14,1,581.81,580.73,584.28,close,2.287037037037216,0.00424537220054666,0.001856276103882586
2024-10-15,-1,584.44,584.9,579.8400000000008,target,10.0,0.007870782287316413,0.000787078228731645
2024-10-16,-1,579.19,579.96,579.96,stop,-1.0,-0.0013294428425905114,0.0013294428425904828
2024-10-17,-1,584.57,586.12,582.28,close,1.4774193548388028,0.0039174093778333585,0.0026515216312844557
2024-10-18,-1,582.595,584.22,584.22,stop,-1.0,-0.0027892446725426012,0.0027892446725426754
2024-10-22,1,581.31,580.38,583.32,close,2.1612903225808737,0.003457707591474568,0.0015998348557567392
2024-10-23,-1,580.96,581.7086,577.93,close,4.047555436815448,0.0052155053704214804,0.001288556871385311
2024-10-24,-1,578.94,580.06,579.18,close,-0.21428571428564178,-0.00041455073064544656,0.0019345700763462375
2024-10-25,1,582.6,581.47,581.47,stop,-1.0,-0.001939581187778927,0.0019395811877789143
2024-10-28,-1,581.6807,582.71,580.77,close,0.8847760614009414,0.001565635579794944,0.0017695275088206205
2024-10-29,-1,578.67,579.96,579.96,stop,-1.0,-0.002229249831510405,0.002229249831510321
2024-10-30,-1,580.81,581.63,581.63,stop,-1.0,-0.0014118214218075131,0.001411821421807562
2024-10-31,-1,574.29,575.63,568.55,close,4.2835820895521435,0.009994950286440707,0.0023333159205280118
2024-11-01,1,572.33,570.68,570.68,stop,-1.0,-0.0028829521429946103,0.002882952142994585
2024-11-04,-1,570.19,571.53,571.53,stop,-1.0,-0.0023500938283729234,0.002350093828372855
2024-11-05,1,572.18,570.52,576.68,close,2.710843373494028,0.007864657974763212,0.0029011849418014756
2024-11-06,-1,587.77,589.43,589.43,stop,-1.0,-0.0028242339690693896,0.00282423396906948
2024-11-07,1,593.56,592.9999,595.55,close,3.5529369755406037,0.00335265179594324,0.0009436282768379278
2024-11-08,1,596.84,596.165,598.24,close,2.0740740740738306,0.0023456872863749645,0.0011309563702165877
2024-11-12,1,598.95,598.37,598.37,stop,-1.0,-0.000968361298939846,0.0009683612989398796
2024-11-13,-1,597.12,597.61,597.61,stop,-1.0,-0.0008206055734190087,0.0008206055734190934
2024-11-14,-1,597.27,597.81,593.37,close,7.222222222222666,0.006529710181324977,0.0009041137174141739
2024-11-15,-1,589.22,590.2,585.7,close,3.5918367346937923,0.0059739995247954925,0.0016632157767896849
2024-11-18,1,586.24,585.34,588.14,close,2.111111111111139,0.0032409934497816817,0.0015352074235807473
2024-11-19,1,585.29,584.55,584.55,stop,-1.0,-0.001264330502827704,0.0012643305028276737
2024-11-20,-1,589.8,590.53,590.53,stop,-1.0,-0.001237707697524515,0.0012377076975246155
2024-11-21,-1,591.385,593.57,593.57,stop,-1.0,-0.0036947166397525155,0.0036947166397525454
2024-11-22,1,594.51,593.57,593.57,stop,-1.0,-0.001581134043161514,0.0015811340431614957
2024-11-25,1,600.15,598.8,598.8,stop,-1.0,-0.0022494376405899352,0.0022494376405898906
2024-11-26,1,599.41,598.6,598.6,stop,-1.0,-0.0013513288066597795,0.0013513288066597912
2024-11-27,-1,599.94,600.85,598.79,close,1.2637362637364078,0.0019168583525021043,0.0015168183485014637
2024-12-02,-1,602.82,603.6799,603.6799,stop,-1.0,-0.0014264622938853222,0.0014264622938852808
2024-12-03,-1,603.16,603.72,603.72,stop,-1.0,-0.0009284435307381766,0.0009284435307382107
2024-12-04,1,606.05,605.51,605.51,stop,-1.0,-0.0008910155927728258,0.0008910155927728136
2024-12-05,-1,607.58,607.85,607.85,stop,-1.0,-0.00044438592448736713,0.00044438592448728034
2024-12-06,1,608.3,607.34,607.34,stop,-1.0,-0.0015781686667761807,0.0015781686667761348
2024-12-09,-1,607.28,607.86,604.66,close,4.517241379310034,0.004314319588986981,0.0009550783822948902
2024-12-10,-1,604.315,605.4,605.4,stop,-1.0,-0.0017954212620900911,0.001795421262090007
2024-12-11,1,606.03,605.5,607.5,close,2.7735849056605715,0.002425622493936075,0.0008745441644802612
2024-12-12,-1,605.9,606.64,606.64,stop,-1.0,-0.0012213236507674363,0.0012213236507674684
2024-12-13,1,606.5,606.01,606.01,stop,-1.0,-0.0008079142621599811,0.0008079142621599491
2024-12-16,-1,605.777,606.4,606.4,stop,-1.0,-0.0010284312544053265,0.0010284312544053893
2024-12-17,1,604.29,603.6004,603.6004,stop,-1.0,-0.0011411739396646192,0.0011411739396646108
2024-12-18,-1,603.67,604.15,604.15,stop,-1.0,-0.0007951364155913687,0.0007951364155913301
2024-12-19,1,592.87,590.6,590.6,stop,-1.0,-0.003828832627726153,0.003828832627726115
2024-12-20,1,582.6,581.15,581.15,stop,-1.0,-0.0024888431170615455,0.002488843117061527
2024-12-23,-1,590.71,591.77,591.77,stop,-1.0,-0.0017944507457126058,0.0017944507457126938
2024-12-26,1,600.1763,599.41,599.41,stop,-1.0,-0.0012767915027633858,0.0012767915027634398
2024-12-27,-1,597.02,597.7761,594.99,close,2.6848300489350754,0.0034002210981206593,0.0012664567351178527
2024-12-30,-1,586.48,588.01,588.01,stop,-1.0,-0.0026087846132860637,0.002608784613285999
2024-12-31,-1,589.45,590.58,590.58,stop,-1.0,-0.0019170413096953887,0.001917041309695471
2025-01-02,-1,587.8,589.65,589.65,stop,-1.0,-0.003147329023477363,0.003147329023477412
2025-01-03,1,588.62,586.91,586.91,stop,-1.0,-0.0029051000645577973,0.002905100064557841
2025-01-06,1,597.21,595.9,595.9,stop,-1.0,-0.0021935332630064197,0.0021935332630064115
2025-01-07,-1,596.92,597.75,588.6199999999995,target,10.0,0.01390471084902567,0.0013904710849025682
2025-01-08,-1,587.44,588.77,588.77,stop,-1.0,-0.0022640610104860404,0.0022640610104860534
2025-01-10,-1,584.1,585.95,580.51,close,1.9405405405405338,0.006146207841123186,0.003167265879130325
2025-01-14,1,584.56,583.3,583.3,stop,-1.0,-0.002155467360065666,0.002155467360065675
2025-01-15,-1,589.58,590.94,590.94,stop,-1.0,-0.0023067268224838955,0.002306726822483825
2025-01-16,-1,593.36,594.3,594.3,stop,-1.0,-0.0015841984629902939,0.0015841984629903277
2025-01-17,-1,596.06,597.3,597.3,stop,-1.0,-0.0020803274838103736,0.00208032748381037
2025-01-21,-1,600.38,601.13,601.13,stop,-1.0,-0.0012492088344049357,0.001249208834404877
2025-01-22,1,606.0798,605.36,606.34,close,0.36148930258414486,0.00042931640354959555,0.0011876323876822224
2025-01-23,1,605.92,605.52,609.71,close,9.475000000000732,0.006254951148666699,0.0006601531555320459
2025-01-24,1,610.14,609.65,609.65,stop,-1.0,-0.0008030943717834971,0.00080309437178354
2025-01-27,1,597.88,594.64,599.41,close,0.4722222222222125,0.002559041948216878,0.005419147655047851
2025-01-28,-1,599.3862,600.78,600.78,stop,-1.0,-0.0023253788625763328,0.002325378862576319
2025-01-29,-1,603.07,603.99,603.99,stop,-1.0,-0.00152552771651715,0.001525527716517086
2025-01-31,-1,607.18,607.88,607.88,stop,-1.0,-0.0011528706479133621,0.001152870647913379
2025-02-03,1,594.12,591.905,591.905,stop,-1.0,-0.003728203056621582,0.0037282030566216113
2025-02-04,1,598.1799,597.28,601.76,close,3.9783309256584136,0.0059849887968486115,0.0015043969213943873
2025-02-05,1,600.72,600.2,600.2,stop,-1.0,-0.0008656279131707967,0.0008656279131708313
2025-02-06,-1,605.39,606.05,606.05,stop,-1.0,-0.0010902063132856021,0.001090206313285598
2025-02-07,1,607.47,606.56,606.56,stop,-1.0,-0.001498016362948107,0.0014980163629480991
2025-02-10,-1,603.3901,604.1,604.1,stop,-1.0,-0.0011765191374535355,0.0011765191374536333
2025-02-11,1,603.41,602.43,605.21,close,1.8367346938775866,0.002983046353225882,0.001624103014534095
2025-02-12,1,599.7,598.51,603.36,close,3.0756302521006726,0.006103051525762737,0.001984325496081465
2025-02-13,-1,604.22,605.0543,605.0543,stop,-1.0,-0.0013807884545364857,0.0013807884545364018
2025-02-14,-1,609.81,610.37,610.37,stop,-1.0,-0.0009183188206163262,0.0009183188206163546
2025-02-18,-1,610.38,611.0,611.0,stop,-1.0,-0.0010157606736787006,0.0010157606736786995
2025-02-19,1,610.1987,609.75,609.75,stop,-1.0,-0.0007353342444027522,0.0007353342444027343
2025-02-20,-1,611.15,611.684,610.39,close,1.4232209737827763,0.001243557228176373,0.0008737625787449756
2025-02-21,-1,609.5337,610.3,601.8706999999999,target,10.0,0.012571905376191683,0.0012571905376191688
2025-02-24,-1,601.77,603.03,597.2,close,3.6269841269841026,0.007594263589078776,0.00209382322149657
2025-02-25,1,597.87,596.4899,596.4899,stop,-1.0,-0.002308361349457222,0.0023083613494571903
2025-02-26,1,596.12,595.1,595.1,stop,-1.0,-0.0017110648862644906,0.00171106488626448
2025-02-27,1,597.28,596.6,596.6,stop,-1.0,-0.0011384945084381703,0.0011384945084381697
2025-02-28,1,585.58,583.27,583.27,stop,-1.0,-0.00394480685815779,0.003944806858157825
2025-03-03,-1,595.62,597.34,583.97,close,6.773255813953368,0.01955945065645881,0.0028877472213828066
2025-03-04,1,579.82,578.01,578.01,stop,-1.0,-0.003121658445724651,0.0031216584457246367
2025-03-05,1,577.6,576.26,576.26,stop,-1.0,-0.002319944598337953,0.002319944598338005
2025-03-06,-1,574.5701,575.75,575.75,stop,-1.0,-0.002053535330153844,0.0020535353301537533
2025-03-07,1,573.0,570.8,570.8,stop,-1.0,-0.0038394415357766443,0.0038394415357766937
2025-03-10,1,568.79,566.36,566.36,stop,-1.0,-0.004272227008210283,0.004272227008210324
2025-03-12,-1,561.41,563.11,558.91,close,1.4705882352940782,0.004453073511337502,0.0030280899877095984
2025-03-14,1,556.895,555.8,555.8,stop,-1.0,-0.0019662593487103086,0.0019662593487103086
2025-03-17,1,564.43,562.35,567.02,close,1.2451923076923666,0.0045887001045303855,0.0036851336746805225
2025-03-18,-1,563.95,565.02,561.05,close,2.710280373832022,0.0051422998492776095,0.0018973313236987964
2025-03-19,-1,562.3101,563.235,563.235,stop,-1.0,-0.0016448219585598611,0.00164482195855984
2025-03-20,1,564.7,562.6012,565.68,close,0.46693348580134336,0.0017354347441116413,0.0037166637152472046
2025-03-21,-1,558.69,560.135,560.135,stop,-1.0,-0.002586407488947229,0.002586407488947245
2025-03-24,1,571.0,570.2,574.02,close,3.7750000000001918,0.005288966725043753,0.0014010507880909886
2025-03-25,-1,575.16,575.655,575.655,stop,-1.0,-0.0008606300855413807,0.0008606300855414225
2025-03-26,1,575.62,574.74,574.74,stop,-1.0,-0.001528786352107292,0.001528786352107285
2025-03-27,-1,565.93,567.52,567.52,stop,-1.0,-0.002809534748113851,0.002809534748113781
2025-03-28,1,565.76,564.37,564.37,stop,-1.0,-0.0024568721719456788,0.0024568721719456775
2025-03-31,-1,548.33,550.63,550.63,stop,-1.0,-0.004194554374190584,0.004194554374190642
2025-04-01,-1,556.3901,557.72,557.72,stop,-1.0,-0.0023902294451321193,0.0023902294451322303
2025-04-02,1,557.0,554.81,564.65,close,3.4931506849314093,0.013734290843806063,0.003931777378815179
2025-04-03,-1,544.89,547.97,537.64,close,2.3538961038960724,0.013305437794784214,0.005652517021784289
2025-04-04,-1,522.33,525.87,505.5,close,4.754237288135654,0.03222100970650743,0.006777324679800056
2025-04-07,-1,486.38,489.3,489.3,stop,-1.0,-0.006003536329618919,0.006003536329618849
2025-04-08,-1,520.0,522.17,522.17,stop,-1.0,-0.0041730769230767795,0.0041730769230768445
2025-04-09,1,496.92,493.43,493.43,stop,-1.0,-0.007023263301939919,0.007023263301939968
2025-04-10,-1,531.14,533.495,524.7,close,2.7346072186836055,0.012124863501148386,0.004433859246149825
2025-04-11,1,524.91,521.1,521.1,stop,-1.0,-0.007258387152083157,0.007258387152083111
2025-04-14,-1,541.97,544.28,538.97,close,1.2987012987013293,0.005535361735889421,0.004262228536634769
2025-04-15,1,540.84,539.249,539.249,stop,-1.0,-0.002941720286961047,0.0029417202869610384
2025-04-16,1,533.31,531.57,531.57,stop,-1.0,-0.0032626427406197145,0.0032626427406197062
2025-04-17,-1,526.53,528.49,528.49,stop,-1.0,-0.003722484948625926,0.0037224849486259784
2025-04-21,-1,520.08,521.7,513.98,close,3.7654320987654355,0.01172896477465013,0.003114905399169367
2025-04-22,1,520.3,519.1925,526.94,close,5.995485327314082,0.012761868152988853,0.002128579665577473
2025-04-24,-1,535.8074,536.96,536.96,stop,-1.0,-0.002151146102125523,0.002151146102125515
2025-04-25,1,547.49,545.65,545.65,stop,-1.0,-0.0033607919779357065,0.003360791977935728
2025-04-28,-1,551.16,552.55,552.55,stop,-1.0,-0.002521953697655732,0.0025219536976558285
2025-04-29,1,549.8,548.55,554.14,close,3.4720000000000253,0.007893779556202407,0.002273554019643507
2025-04-30,-1,545.5,547.58,547.58,stop,-1.0,-0.00381301558203484,0.0038130155820349054
2025-05-01,-1,559.14,561.0,561.0,stop,-1.0,-0.0033265371821011858,0.003326537182101108
2025-05-02,-1,564.275,565.48,565.48,stop,-1.0,-0.0021354835851314924,0.002135483585131436
2025-05-05,1,563.05,562.08,562.08,stop,-1.0,-0.0017227599680310623,0.001722759968031105
2025-05-06,1,559.23,557.55,557.55,stop,-1.0,-0.0030041306796846357,0.00300413067968468
2025-05-07,-1,559.5899,560.82,560.82,stop,-1.0,-0.00219821694423028,0.0021982169442302424
2025-05-08,-1,564.595,565.64,565.64,stop,-1.0,-0.0018508842621700605,0.0018508842621701557
2025-05-09,1,567.28,566.41,566.41,stop,-1.0,-0.0015336341841771794,0.0015336341841771341
2025-05-12,-1,579.22,581.73,581.73,stop,-1.0,-0.004333413901453698,0.004333413901453663
2025-05-13,1,583.59,582.84,586.81,close,4.293333333333218,0.005517572268201931,0.001285148820233383
2025-05-14,1,588.8,587.81,587.81,stop,-1.0,-0.0016813858695652328,0.001681385869565233
2025-05-15,-1,585.52,586.4699,586.4699,stop,-1.0,-0.0016223186227628528,0.0016223186227627931
2025-05-16,-1,590.3,591.42,591.42,stop,-1.0,-0.0018973403354227703,0.0018973403354226742
2025-05-19,1,589.55,588.1,594.94,close,3.7172413793105887,0.009142566364176208,0.0024595030107708114
2025-05-20,-1,592.92,593.6,593.6,stop,-1.0,-0.0011468663563383164,0.0011468663563382307
2025-05-21,1,589.6987,588.42,588.42,stop,-1.0,-0.002168395487390562,0.0021683954873905464
2025-05-22,-1,581.67,583.52,583.52,stop,-1.0,-0.003180497532965454,0.0031804975329654665
2025-05-23,1,577.57,575.6,579.16,close,0.8071065989847188,0.0027529130668142443,0.0034108419758644443
2025-05-27,-1,584.8,586.37,586.37,stop,-1.0,-0.002684678522571815,0.0026846785225719053
2025-05-28,1,592.0395,591.3,591.3,stop,-1.0,-0.0012490720636039176,0.0012490720636038997
2025-05-29,-1,591.34,593.2,590.0,close,0.7204301075268935,0.0022660398417154726,0.003145398586261734
2025-05-30,-1,587.66,589.11,589.11,stop,-1.0,-0.002467413130041285,0.0024674131300412576
2025-06-02,1,589.55,587.72,587.72,stop,-1.0,-0.0031040624204901057,0.003104062420490081
2025-06-03,-1,592.0999,593.25,593.25,stop,-1.0,-0.0019424087050174954,0.0019424087050174338
2025-06-04,1,597.605,596.79,596.79,stop,-1.0,-0.0013637770768317736,0.0013637770768317777
2025-06-05,-1,596.05,597.905,597.905,stop,-1.0,-0.0031121550205519544,0.0031121550205519977
2025-06-06,1,599.1773,598.06,598.06,stop,-1.0,-0.0018647235133907314,0.0018647235133907782
2025-06-09,-1,598.6,599.99,599.99,stop,-1.0,-0.002322084864684326,0.0023220848646842403
2025-06-10,1,600.96,600.22,600.22,stop,-1.0,-0.0012313631522896662,0.0012313631522896848
2025-06-11,-1,602.88,604.25,604.25,stop,-1.0,-0.0022724256900212847,0.002272425690021239
2025-06-12,-1,599.64,600.67,600.67,stop,-1.0,-0.0017176972850376782,0.001717697285037644
2025-06-13,-1,598.16,600.37,600.37,stop,-1.0,-0.00369466363514781,0.0036946636351478475
2025-06-16,1,601.55,600.22,602.71,close,0.8721804511279289,0.0019283517579586906,0.00221095503283173
2025-06-17,-1,599.95,600.88,600.88,stop,-1.0,-0.0015501291774313586,0.0015501291774313692
2025-06-18,1,598.45,597.36,597.36,stop,-1.0,-0.0018213718773498755,0.0018213718773498733
2025-06-20,1,598.62,597.65,597.65,stop,-1.0,-0.0016203935718820395,0.0016203935718820408
2025-06-23,1,595.08,593.6,593.6,stop,-1.0,-0.0024870605632856257,0.002487060563285639
2025-06-24,1,604.78,603.94,603.94,stop,-1.0,-0.0013889348192729356,0.0013889348192729887
2025-06-25,1,608.3536,607.75,607.75,stop,-1.0,-0.000992186123333627,0.0009921861233335818
2025-06-26,1,609.33,608.77,608.77,stop,-1.0,-0.0009190422267081333,0.0009190422267081205
2025-06-27,1,613.33,612.7,612.7,stop,-1.0,-0.0010271794955407643,0.0010271794955407291
2025-06-30,-1,616.4593,617.49,617.49,stop,-1.0,-0.0016719676384151505,0.001671967638415098
2025-07-01,1,616.9,616.255,616.255,stop,-1.0,-0.0010455503323066884,0.0010455503323066654
2025-07-02,-1,616.6602,617.49,617.49,stop,-1.0,-0.0013456357326124824,0.0013456357326125108
2025-07-07,1,623.988,622.88,622.88,stop,-1.0,-0.0017756751732406206,0.0017756751732406085
2025-07-08,-1,620.61,621.47,621.47,stop,-1.0,-0.0013857333913407377,0.0013857333913407995
2025-07-09,1,623.6,622.65,622.65,stop,-1.0,-0.001523412443874328,0.0015234124438743512
2025-07-10,-1,623.67,624.4181,624.4181,stop,-1.0,-0.0011995125627335401,0.0011995125627335325
2025-07-11,-1,622.42,623.52,623.52,stop,-1.0,-0.001767295395392221,0.0017672953953922156
2025-07-14,-1,622.69,623.35,623.35,stop,-1.0,-0.001059917454913295,0.0010599174549133085
2025-07-15,-1,626.86,627.86,622.12,close,4.740000000000009,0.007561496984972771,0.0015952525284752576
2025-07-16,-1,622.91,624.12,624.12,stop,-1.0,-0.0019424957056397574,0.0019424957056397175
2025-07-17,1,624.88,624.18,627.98,close,4.428571428571173,0.0049609525028806445,0.0011202150812956815
2025-07-18,-1,628.69,629.47,627.58,close,1.4230769230769904,0.001765576039065353,0.0012406750544783163
2025-07-21,1,629.2,628.67,628.67,stop,-1.0,-0.000842339478703269,0.0008423394787032523
2025-07-22,1,629.12,628.23,628.23,stop,-1.0,-0.0014146744659205845,0.0014146744659206294
2025-07-23,-1,630.47,631.75,631.75,stop,-1.0,-0.0020302314146589673,0.002030231414658862
2025-07-24,-1,634.1293,634.91,634.91,stop,-1.0,-0.0012311369305912923,0.0012311369305913233
2025-07-25,1,635.31,634.84,637.03,close,3.6595744680858373,0.002707339723914348,0.0007397963199066813
2025-07-28,-1,637.315,637.84,637.84,stop,-1.0,-0.0008237684661431821,0.0008237684661430803
2025-07-29,-1,638.01,638.67,635.24,close,4.196969696969872,0.004341624739424121,0.0010344665444114798
2025-07-30,1,636.03,635.29,635.29,stop,-1.0,-0.0011634671320535084,0.0011634671320535337
2025-07-31,-1,638.4,639.75,639.75,stop,-1.0,-0.00211466165413543,0.0021146616541353742
2025-08-01,-1,624.12,626.34,621.71,close,1.0855855855855578,0.003861436903159543,0.003557008267640882
2025-08-04,1,626.9,625.58,631.09,close,3.174242424242619,0.006683681607912106,0.002105598979103424
2025-08-05,1,632.09,631.22,631.22,stop,-1.0,-0.0013763862741065225,0.0013763862741065426
2025-08-07,1,636.93,635.7,635.7,stop,-1.0,-0.001931138429654644,0.0019311384296546003
2025-08-08,1,634.565,633.74,637.14,close,3.1212121212118666,0.004057897930078047,0.0013001032203163513
2025-08-11,1,637.6,636.88,636.88,stop,-1.0,-0.0011292346298620304,0.0011292346298620252
2025-08-12,1,639.425,637.93,637.93,stop,-1.0,-0.002338038081088456,0.002338038081088485
2025-08-13,1,645.31,644.49,644.49,stop,-1.0,-0.0012707071020129357,0.0012707071020128875
2025-08-14,1,643.115,642.34,644.94,close,2.354838709677547,0.002837750635578562,0.0012050721877113382
2025-08-15,-1,645.1601,646.09,643.44,close,1.8497687923433146,0.0026661599190650476,0.0014413476592863926
2025-08-18,1,643.445,642.795,642.795,stop,-1.0,-0.0010101873509004156,0.0010101873509003737
2025-08-19,1,643.2596,641.9899,641.9899,stop,-1.0,-0.0019738531690781658,0.0019738531690781506
2025-08-20,-1,638.395,639.66,638.06,close,0.2648221343873834,0.0005247534833450196,0.001981531810242853
2025-08-21,-1,635.25,636.51,636.51,stop,-1.0,-0.0019834710743802386,0.001983471074380151
2025-08-22,1,638.1,637.25,645.27,close,8.435294117646785,0.011236483309825962,0.0013320796113462196
2025-08-25,1,644.27,643.41,643.41,stop,-1.0,-0.0013348440871063794,0.0013348440871063585
2025-08-26,1,642.81,641.93,641.93,stop,-1.0,-0.0013689892814361393,0.0013689892814361872
2025-08-27,1,645.13,644.42,646.62,close,2.09859154929568,0.0023096120161827383,0.0011005533768388331
2025-08-28,-1,646.86,648.09,648.09,stop,-1.0,-0.0019014933679621926,0.0019014933679621837
2025-08-29,-1,647.285,647.84,645.04,close,4.045045045044589,0.0034683331144704788,0.0008574275628201853
2025-09-02,1,637.52,636.05,636.05,stop,-1.0,-0.0023058100138034776,0.0023058100138035314
2025-09-03,1,643.14,642.41,642.41,stop,-1.0,-0.0011350561308579588,0.0011350561308580062
2025-09-04,1,644.94,644.19,644.19,stop,-1.0,-0.0011628988743138668,0.0011628988743138896
2025-09-05,-1,651.39,652.18,652.18,stop,-1.0,-0.001212791108245348,0.0012127911082453885
2025-09-09,1,649.37,648.75,648.75,stop,-1.0,-0.0009547715478078755,0.0009547715478078824
2025-09-10,1,653.63,652.68,652.68,stop,-1.0,-0.001453421660572607,0.0014534216605725646
2025-09-11,-1,653.87,654.62,654.62,stop,-1.0,-0.0011470169911449446,0.0011470169911450287
2025-09-12,-1,657.43,657.77,657.77,stop,-1.0,-0.0005171653255859887,0.0005171653255860424
2025-09-15,1,660.12,659.475,659.475,stop,-1.0,-0.00097709507362298,0.00097709507362295
2025-09-16,-1,661.21,661.78,659.93,close,2.2456140350881215,0.0019358448904283065,0.0008620559277686912
2025-09-17,-1,659.98,660.56,660.56,stop,-1.0,-0.0008788145095304234,0.0008788145095304816
2025-09-18,1,662.27,661.34,661.34,stop,-1.0,-0.0014042611019674522,0.0014042611019674
2025-09-19,-1,661.44,662.37,662.37,stop,-1.0,-0.0014060232220609592,0.0014060232220608822
2025-09-22,1,662.8,662.17,666.76,close,6.285714285714389,0.005974652987326579,0.0009505129752564809
2025-09-23,1,667.18,666.61,666.61,stop,-1.0,-0.000854342156539345,0.0008543421565393693
2025-09-24,-1,663.81,664.61,661.04,close,3.462499999999682,0.004172880794203082,0.0012051641282898244
2025-09-25,-1,657.13,657.98,657.98,stop,-1.0,-0.0012935035685481822,0.001293503568548115
2025-09-26,1,660.89,658.92,658.92,stop,-1.0,-0.0029808288822649187,0.0029808288822648662
2025-09-29,-1,664.14,664.76,664.76,stop,-1.0,-0.0009335381094348616,0.0009335381094347646
2025-09-30,-1,662.39,663.21,663.21,stop,-1.0,-0.001237941394042874,0.00123794139404286
2025-10-01,1,664.79,663.125,663.125,stop,-1.0,-0.0025045503091201127,0.0025045503091201187
2025-10-02,-1,669.84,670.565,669.17,close,0.9241379310345541,0.0010002388630121484,0.0010823480234086092
2025-10-03,1,670.78,669.93,669.93,stop,-1.0,-0.001267181490205438,0.0012671814902054665
2025-10-06,-1,670.99,671.65,671.65,stop,-1.0,-0.000983621216411601,0.0009836212164115235
2025-10-07,-1,672.2,672.99,669.13,close,3.886075949367331,0.004567093127045618,0.0011752454626598684
2025-10-08,-1,669.88,670.4309,670.4309,stop,-1.0,-0.0008223860990026477,0.0008223860990027407
2025-10-09,-1,673.225,673.94,671.17,close,2.874125874125835,0.003052471313453986,0.0010620520628319386
2025-10-10,1,672.79,671.88,671.88,stop,-1.0,-0.0013525765840751713,0.0013525765840752214
2025-10-13,-1,660.53,661.67,661.67,stop,-1.0,-0.0017258867878824358,0.0017258867878824375
2025-10-14,-1,655.88,657.41,657.41,stop,-1.0,-0.002332743794596581,0.002332743794596531
2025-10-15,1,667.165,666.23,666.23,stop,-1.0,-0.0014014524143202145,0.0014014524143202139
2025-10-16,-1,666.54,667.52,667.52,stop,-1.0,-0.0014702793530771974,0.001470279353077112
2025-10-17,1,660.58,658.715,658.715,stop,-1.0,-0.0028232765145781435,0.0028232765145781115
2025-10-20,1,668.81,667.27,671.27,close,1.5974025974026587,0.0036781746684411143,0.0023025971501621743
2025-10-21,1,671.69,671.03,671.03,stop,-1.0,-0.0009825961380995896,0.0009825961380995427
2025-10-22,-1,670.585,672.0,667.79,close,1.9752650176679467,0.004168002564924778,0.002110097899595075
2025-10-23,1,668.67,667.8,671.63,close,3.4022988505747365,0.004426697773191712,0.0013010902238772557
2025-10-24,1,676.83,675.65,677.11,close,0.2372881355931844,0.0004136932464577914,0.0017434215386434755
2025-10-27,-1,682.56,683.19,683.19,stop,-1.0,-0.0009229957805909628,0.0009229957805908772
2025-10-28,-1,686.66,687.225,687.225,stop,-1.0,-0.000822823522558469,0.000822823522558551
2025-10-29,1,688.94,688.15,688.15,stop,-1.0,-0.0011466891166140858,0.0011466891166140407
2025-10-30,-1,683.06,683.91,683.91,stop,-1.0,-0.001244400199104101,0.0012444001991040652
2025-10-31,-1,683.99,685.08,681.99,close,1.8348623853210473,0.002924019357008145,0.0015935905495694847
2025-11-03,-1,684.58,685.8,683.35,close,1.0081967213115617,0.001796722077770374,0.001782114581202947
2025-11-04,-1,674.83,676.46,676.46,stop,-1.0,-0.002415423143606432,0.002415423143606531
2025-11-05,-1,674.46,675.3394,675.3394,stop,-1.0,-0.001303857901135519,0.0013038579011356028
2025-11-06,-1,676.33,677.38,670.26,close,5.780952380952679,0.00897490869841655,0.0015524965623289733
2025-11-07,-1,666.19,667.98,667.98,stop,-1.0,-0.002686921148621124,0.002686921148621209
2025-11-10,1,678.13,677.03,677.03,stop,-1.0,-0.001622107855425936,0.0016221078554259844
2025-11-11,-1,679.9,680.52,680.52,stop,-1.0,-0.0009118988086482815,0.0009118988086483374
2025-11-12,1,684.87,683.935,683.935,stop,-1.0,-0.0013652225969893461,0.001365222596989296
2025-11-13,-1,679.78,680.71,680.71,stop,-1.0,-0.0013680896760717154,0.001368089676071764
2025-11-14,1,665.88,663.265,671.95,close,2.3212237093690358,0.009115756592779523,0.00392713401814142
2025-11-17,1,671.14,668.92,668.92,stop,-1.0,-0.003307804630926503,0.003307804630926524
2025-11-18,-1,660.955,664.26,664.26,stop,-1.0,-0.005000340416518423,0.005000340416518446
2025-11-19,1,661.61,660.11,660.11,stop,-1.0,-0.002267196686869921,0.002267196686869908
2025-11-20,1,673.865,672.47,672.47,stop,-1.0,-0.0020701475814888237,0.0020701475814888467
2025-11-21,-1,654.33,656.44,656.44,stop,-1.0,-0.0032246725658306996,0.003224672565830718
2025-11-24,1,665.07,662.38,662.38,stop,-1.0,-0.00404468702542593,0.004044687025425976
2025-11-25,1,669.74,668.17,668.17,stop,-1.0,-0.002344193269029793,0.0023441932690298475
2025-11-26,1,678.58,677.43,677.43,stop,-1.0,-0.0016947154351736327,0.0016947154351735843
2025-12-01,1,679.68,678.76,678.76,stop,-1.0,-0.0013535781544256054,0.001353578154425552
2025-12-02,1,682.19,681.63,681.63,stop,-1.0,-0.0008208856770108852,0.00082088567701089
2025-12-03,1,681.39,679.94,679.94,stop,-1.0,-0.002128003052583538,0.0021280030525835892
2025-12-04,-1,683.8,685.37,684.4,close,-0.3821656050955437,-0.0008774495466510324,0.0022959929804037002
2025-12-05,-1,685.38,686.56,686.56,stop,-1.0,-0.0017216726487494505,0.0017216726487495257
2025-12-08,-1,685.92,686.64,683.63,close,3.1805555555553844,0.0033385817588056366,0.0010496850944716983
2025-12-09,1,683.6801,682.82,682.82,stop,-1.0,-0.0012580445152637898,0.001258044515263774
2025-12-10,-1,682.06,682.76,682.76,stop,-1.0,-0.0010263026713193124,0.0010263026713193055
2025-12-11,1,685.36,684.48,684.48,stop,-1.0,-0.0012839967316446987,0.0012839967316446764
2025-12-12,1,688.685,687.7,687.7,stop,-1.0,-0.0014302620210980832,0.0014302620210980346
2025-12-15,-1,683.94,685.76,680.7,close,1.7802197802198474,0.004737257654180205,0.002661052139076434
2025-12-16,-1,678.83,680.51,680.51,stop,-1.0,-0.0024748464269404025,0.0024748464269403973
2025-12-17,-1,679.195,680.435,671.3,close,6.366935483871582,0.011624054947401152,0.0018256907073813783
2025-12-18,-1,677.32,678.59,678.59,stop,-1.0,-0.0018750369101754316,0.0018750369101753702
2025-12-19,1,678.23,676.47,680.59,close,1.3409090909091055,0.0034796455479704225,0.0025949899001813407
2025-12-22,-1,683.38,684.53,684.53,stop,-1.0,-0.0016828119055283253,0.0016828119055283697
2025-12-23,1,685.61,683.87,687.91,close,1.321839080459737,0.003354676857105332,0.002537885970157975
2025-12-26,1,691.09,690.27,690.27,stop,-1.0,-0.0011865314213779232,0.0011865314213778957
2025-12-29,1,688.09,687.19,687.19,stop,-1.0,-0.0013079684343617615,0.001307968434361751
2025-12-30,-1,687.2488,687.87,687.87,stop,-1.0,-0.0009038939027612436,0.0009038939027613353
2025-12-31,-1,686.605,687.36,681.84,close,6.311258278145715,0.006939943635714818,0.0010996133147879719
2026-01-02,-1,684.49,686.15,686.15,stop,-1.0,-0.0024251632602374507,0.0024251632602375027
2026-01-05,1,687.64,686.375,687.73,close,0.07114624505931447,0.00013088243848535797,0.0018396253853760491
2026-01-06,-1,687.86,688.66,688.66,stop,-1.0,-0.0011630273602185603,0.0011630273602185831
2026-01-07,1,692.43,691.71,691.71,stop,-1.0,-0.0010398162991203108,0.001039816299120364
2026-01-08,-1,688.315,689.3,689.3,stop,-1.0,-0.0014310308507003988,0.0014310308507004786
2026-01-09,1,691.24,690.46,690.46,stop,-1.0,-0.0011284069208957748,0.001128406920895742
2026-01-12,1,692.26,690.63,695.16,close,1.7791411042944696,0.004189177476670691,0.0023546066506803737
2026-01-13,1,695.91,695.3,695.3,stop,-1.0,-0.0008765501286086552,0.000876550128608604
2026-01-14,1,691.7,689.87,689.87,stop,-1.0,-0.0026456556310540114,0.002645655631053984
2026-01-15,-1,693.97,694.69,694.69,stop,-1.0,-0.0010375088260299314,0.0010375088260299828
2026-01-16,-1,693.29,694.25,691.58,close,1.781249999999852,0.002466500310115416,0.0013847019284859675
2026-01-20,1,682.71,681.39,681.39,stop,-1.0,-0.0019334710199060412,0.0019334710199060362
2026-01-21,1,680.46,679.19,679.19,stop,-1.0,-0.0018663845045997496,0.0018663845045998027
2026-01-22,1,690.36,689.44,689.44,stop,-1.0,-0.0013326380439190322,0.0013326380439190554
2026-01-23,-1,687.62,688.68,688.68,stop,-1.0,-0.0015415491114276758,0.0015415491114277441
2026-01-26,1,691.325,689.92,692.71,close,0.985765124555093,0.0020033992695187575,0.002032329222869253
2026-01-28,-1,697.01,697.7,697.7,stop,-1.0,-0.0009899427554842521,0.0009899427554842177
2026-01-29,-1,695.66,697.06,693.97,close,1.2071428571428344,0.0024293476698385996,0.0020124773596296715
2026-01-30,1,693.33,691.33,691.33,stop,-1.0,-0.0028846292530252393,0.002884629253025255
2026-02-02,1,691.23,689.425,695.46,close,2.3434903047090687,0.006119526062236869,0.002611287125848218
2026-02-03,-1,695.66,696.96,689.47,close,4.761538461538167,0.008898024897219803,0.001868728976799109
2026-02-04,1,690.47,688.9907,688.9907,stop,-1.0,-0.002142453690964219,0.002142453690964242
2026-02-05,1,680.94,678.75,678.75,stop,-1.0,-0.003216142391400223,0.0032161423914002034
2026-02-06,1,684.47,680.85,690.66,close,1.709944751381197,0.00904349350592426,0.0052887635688927265
2026-02-09,1,690.17,688.34,693.92,close,2.049180327868934,0.005433443934103277,0.0026515206398422526
2026-02-10,-1,694.8,695.55,695.55,stop,-1.0,-0.0010794473229707169,0.001079447322970639
2026-02-11,-1,696.0,697.14,691.91,close,3.587719298245685,0.005876436781609207,0.001637931034482739
2026-02-12,1,695.01,694.06,694.06,stop,-1.0,-0.0013668868073841711,0.0013668868073841319
2026-02-13,-1,680.82,682.51,682.51,stop,-1.0,-0.002482300754971911,0.0024823007549718587
2026-02-17,1,681.99,680.03,680.03,stop,-1.0,-0.0028739424331735153,0.0028739424331735604
2026-02-18,1,684.38,682.83,686.26,close,1.2129032258064842,0.0027470118939769694,0.002264823635991634
2026-02-19,-1,683.56,684.52,684.52,stop,-1.0,-0.001404412194979221,0.0014044121949792797
2026-02-20,1,683.47,681.73,689.36,close,3.3850574712643424,0.008617788637394375,0.0025458322969552564
2026-02-23,1,689.7599,687.67,687.67,stop,-1.0,-0.003029894895310803,0.003029894895310755
2026-02-25,1,691.24,690.1,693.08,close,1.6140350877193455,0.0026618829928823917,0.0016492101151553533
2026-02-26,-1,692.02,693.3,689.32,close,2.1093749999999916,0.0039016213404236,0.0018496575243489679
2026-02-27,1,684.16,682.8,682.8,stop,-1.0,-0.001987839101964428,0.001987839101964473
2026-03-02,1,681.48,678.02,686.37,close,1.4132947976878425,0.007175559077302385,0.005077184950402119
2026-03-04,-1,681.4,683.518,683.518,stop,-1.0,-0.0031083064279424644,0.0031083064279425476
2026-03-05,1,684.15,681.85,681.85,stop,-1.0,-0.003361835854710171,0.003361835854710158
2026-03-06,-1,672.02,674.06,674.06,stop,-1.0,-0.003035623939763754,0.0030356239397636435
2026-03-09,-1,665.74,667.63,667.63,stop,-1.0,-0.0028389461351279177,0.002838946135127807
2026-03-10,-1,677.14,678.785,678.785,stop,-1.0,-0.0024293351448740896,0.002429335144874002
2026-03-11,1,678.38,677.52,677.52,stop,-1.0,-0.0012677260532445445,0.0012677260532445143
2026-03-12,1,671.37,669.88,669.88,stop,-1.0,-0.002219342538391622,0.0022193425383916603
2026-03-16,1,668.88,667.69,667.69,stop,-1.0,-0.00177909340987914,0.0017790934098791127
2026-03-17,1,673.83,671.91,671.91,stop,-1.0,-0.002849383375629011,0.0028493833756289754
2026-03-18,1,669.07,667.88,667.88,stop,-1.0,-0.0017785881895766575,0.001778588189576658
2026-03-19,1,657.0,655.17,659.735,close,1.494535519125657,0.0041628614916287,0.0027853881278539438
2026-03-20,-1,654.86,656.55,656.55,stop,-1.0,-0.0025807042726688767,0.002580704272668877
2026-03-23,-1,656.62,658.38,658.38,stop,-1.0,-0.0026803935305046434,0.002680393530504692
2026-03-24,1,652.86,650.87,650.87,stop,-1.0,-0.0030481267040406435,0.0030481267040406964
2026-03-25,1,660.25,658.6,658.6,stop,-1.0,-0.0024990533888678,0.002499053388867819
2026-03-26,-1,651.02,652.12,652.12,stop,-1.0,-0.0016896562317594288,0.001689656231759428
2026-03-27,-1,640.35,642.66,634.08,close,2.7142857142857704,0.009791520262356523,0.0036074022019207392
2026-03-30,-1,638.78,640.37,632.02,close,4.2515723270439345,0.010582673220827177,0.0024891198847804127
2026-03-31,1,639.77,638.31,638.31,stop,-1.0,-0.0022820701189490977,0.0022820701189490544
2026-04-01,1,655.42,653.49,653.49,stop,-1.0,-0.002944676695859072,0.0029446766958590677
2026-04-02,-1,646.29,647.47,647.47,stop,-1.0,-0.0018258057528355298,0.0018258057528355131
2026-04-07,-1,655.66,657.58,657.58,stop,-1.0,-0.002928347009120591,0.002928347009120692
2026-04-08,-1,675.38,677.08,675.87,close,-0.2882352941176447,-0.0007255174864519986,0.002517101483609295
2026-04-09,1,675.25,674.43,674.43,stop,-1.0,-0.001214365049981514,0.0012143650499815623
2026-04-10,-1,680.92,681.93,681.93,stop,-1.0,-0.0014832873171590766,0.0014832873171591243
2026-04-13,-1,676.99,677.93,677.93,stop,-1.0,-0.0013884990915669082,0.0013884990915669965
2026-04-14,1,688.62,687.66,694.4,close,6.020833333333076,0.008393598791786472,0.0013940925328919235
2026-04-15,1,695.84,695.08,695.08,stop,-1.0,-0.001092205104621713,0.001092205104621739
2026-04-16,-1,700.52,701.3,701.3,stop,-1.0,-0.0011134585736309877,0.0011134585736309781
2026-04-17,1,707.14,705.97,705.97,stop,-1.0,-0.001654552139604526,0.0016545521396045466
2026-04-20,1,709.321,708.37,708.37,stop,-1.0,-0.0013407188000919001,0.0013407188000919496
2026-04-21,-1,709.05,710.45,710.45,stop,-1.0,-0.0019744728862562955,0.001974472886256387
2026-04-22,-1,708.455,709.33,709.33,stop,-1.0,-0.0012350819741551167,0.0012350819741550273
2026-04-23,1,709.97,709.22,709.22,stop,-1.0,-0.0010563826640562768,0.0010563826640562278
2026-04-24,-1,709.76,711.16,711.16,stop,-1.0,-0.001972497745716728,0.00197249774571683
2026-04-27,1,714.135,712.87,712.87,stop,-1.0,-0.0017713737598633594,0.0017713737598633122
2026-04-28,1,712.07,710.78,710.78,stop,-1.0,-0.0018116196441362309,0.0018116196441362187
2026-04-29,-1,709.92,711.19,711.19,stop,-1.0,-0.0017889339643903934,0.0017889339643904884
2026-04-30,-1,712.8012,714.73,714.73,stop,-1.0,-0.002705943817154166,0.002705943817154101
2026-05-01,1,722.36,720.74,720.74,stop,-1.0,-0.0022426490946342303,0.0022426490946342607
2026-05-04,1,720.24,719.25,719.25,stop,-1.0,-0.00137454181939356,0.0013745418193935482
2026-05-05,1,722.3,721.4898,723.74,close,1.777338928659638,0.0019936314550741407,0.0011216945867368253
2026-05-06,1,729.18,727.82,733.79,close,3.3897058823532005,0.006322170108889358,0.0018651087522969637
2026-05-07,-1,734.47,735.13,735.13,stop,-1.0,-0.0008986071589036637,0.0008986071589036559
2026-05-08,1,735.32,734.69,734.69,stop,-1.0,-0.0008567698417015768,0.0008567698417015658
2026-05-11,1,737.95,736.45,739.26,close,0.873333333333297,0.0017751880208685122,0.002032658039162545
2026-05-12,-1,736.16,737.22,737.22,stop,-1.0,-0.0014399043686155188,0.0014399043686155986
2026-05-13,-1,737.24,738.47,738.47,stop,-1.0,-0.0016683847865011092,0.0016683847865010283
2026-05-14,1,745.0,743.56,748.15,close,2.1874999999999014,0.004228187919463,0.0019328859060403418
2026-05-15,-1,739.31,741.93,741.93,stop,-1.0,-0.0035438449364948443,0.003543844936494846
2026-05-18,-1,738.4999,740.06,740.06,stop,-1.0,-0.0021125256753589117,0.002112525675358819
2026-05-20,-1,735.06,736.1,736.1,stop,-1.0,-0.0014148504883955138,0.0014148504883956105
2026-05-21,-1,737.62,738.69,738.69,stop,-1.0,-0.001450611425937609,0.0014506114259375425
2026-05-22,1,747.36,745.65,745.65,stop,-1.0,-0.0022880539499037233,0.0022880539499037095
2026-05-26,-1,749.36,750.44,750.44,stop,-1.0,-0.0014412298494717035,0.0014412298494716036
2026-05-27,-1,750.36,751.3,751.3,stop,-1.0,-0.0012527320219626326,0.0012527320219627124
2026-05-28,-1,749.48,750.42,750.42,stop,-1.0,-0.0012542029140203415,0.0012542029140203085
2026-05-29,1,756.29,755.5,755.5,stop,-1.0,-0.0010445728490393602,0.0010445728490393416
2026-06-01,1,756.1,754.69,758.43,close,1.6524822695035317,0.003081602962571095,0.0018648326940880415
2026-06-02,-1,756.86,757.74,757.74,stop,-1.0,-0.0011626985175594573,0.001162698517559384
2026-06-03,-1,757.992,758.8,754.19,close,4.705445544554383,0.005015884072654964,0.0010659743110745137
2026-06-04,1,752.99,751.47,757.06,close,2.6776315789473584,0.005405118261862629,0.002018619105167375
2026-06-05,-1,751.61,752.82,739.5099999999996,target,10.0,0.01609877463046039,0.001609877463046043
2026-06-08,-1,742.15,744.51,744.51,stop,-1.0,-0.0031799501448495082,0.0031799501448494423
2026-06-09,1,744.15,743.28,743.28,stop,-1.0,-0.0011691191292078074,0.001169119129207827
2026-06-11,-1,727.0825,729.09,729.09,stop,-1.0,-0.002761034683134378,0.002761034683134376
2026-06-12,-1,737.96,740.89,740.89,stop,-1.0,-0.003970404899994451,0.0039704048999945115
2026-06-15,1,753.06,751.76,754.66,close,1.2307692307692912,0.0021246647013517528,0.0017262900698482918
2026-06-16,1,755.39,754.2125,754.2125,stop,-1.0,-0.0015587974423807438,0.001558797442380769
2026-06-18,-1,745.8701,748.2,748.2,stop,-1.0,-0.003123734280272128,0.0031237342802722164
2026-06-22,1,749.32,747.52,747.52,stop,-1.0,-0.002402177974697106,0.0024021779746971495
2026-06-23,1,734.23,732.3,733.67,close,-0.29015544041452884,-0.0007627037849176066,0.002628604115876583
2026-06-24,1,737.15,734.32,734.32,stop,-1.0,-0.003839110086142461,0.0038391100861424774
2026-06-25,-1,736.86,739.37,733.26,close,1.4342629482071856,0.00488559563553459,0.0034063458458865876
2026-06-26,1,729.66,726.86,726.86,stop,-1.0,-0.003837403722281585,0.0038374037222815485
2026-06-29,1,738.76,735.3,735.3,stop,-1.0,-0.004683523742487483,0.004683523742487461
2026-06-30,1,741.97,740.89,746.32,close,4.027777777777646,0.005862770731970279,0.0014555844575926801
2026-07-01,-1,742.5,745.18,745.18,stop,-1.0,-0.003609427609427618,0.003609427609427542
2026-07-02,1,748.72,747.1,747.1,stop,-1.0,-0.002163692702211728,0.002163692702211781
2026-07-06,-1,748.07,749.485,749.485,stop,-1.0,-0.0018915342147125536,0.001891534214712478
2026-07-07,-1,749.38,750.96,747.66,close,1.088607594936698,0.0022952307240652337,0.0021084096186181124
2026-07-08,1,744.1,742.64,742.64,stop,-1.0,-0.0019621018680285873,0.0019621018680285396
2026-07-09,1,747.5,745.68,745.68,stop,-1.0,-0.0024347826086956736,0.002434782608695719
2026-07-10,1,752.86,752.01,752.01,stop,-1.0,-0.001129027973328367,0.0011290279733284047
2026-07-13,-1,752.4,753.91,753.91,stop,-1.0,-0.002006911217437457,0.0020069112174375212
2026-07-15,1,755.26,754.18,754.18,stop,-1.0,-0.0014299711357678158,0.0014299711357678693
2026-07-16,-1,752.09,753.52,753.52,stop,-1.0,-0.0019013681873178978,0.0019013681873179405
2026-07-17,-1,741.01,742.62,742.62,stop,-1.0,-0.0021727102198350057,0.0021727102198351085
2026-07-20,1,748.05,746.8,746.8,stop,-1.0,-0.0016710112960363066,0.0016710112960363612
2026-07-21,-1,745.12,746.69,746.69,stop,-1.0,-0.0021070431608332107,0.0021070431608332216
2026-07-22,1,747.57,746.37,747.39,close,-0.15000000000004737,-0.00024078012761352685,0.0016052008507565117
2026-07-23,1,741.37,738.47,738.47,stop,-1.0,-0.003911677030362659,0.0039116770303626765
2026-07-24,1,739.5,738.42,738.42,stop,-1.0,-0.001460446247464553,0.0014604462474645584
2026-07-27,1,745.17,743.9425,743.9425,stop,-1.0,-0.0016472751184293255,0.001647275118429303
2026-07-28,-1,738.03,739.49,739.49,stop,-1.0,-0.001978239366963397,0.001978239366963452
2026-07-29,-1,738.72,740.39,740.39,stop,-1.0,-0.0022606670998484013,0.002260667099848331
2026-07-31,-1,744.58,746.301,746.301,stop,-1.0,-0.002311370168417204,0.002311370168417099
2026-08-03,1,751.32,748.8,757.67,close,2.5198412698411383,0.008451791513602647,0.0033540967896503425
2026-08-04,1,761.88,760.52,771.25,close,6.889705882352875,0.012298524702052838,0.0017850580143854854
2026-08-05,1,776.79,775.26,775.26,stop,-1.0,-0.0019696443054106894,0.0019696443054106937
2026-08-06,1,770.79,769.0576,769.0576,stop,-1.0,-0.002247564187392137,0.0022475641873921357
2026-08-07,1,771.62,770.62,770.62,stop,-1.0,-0.00129597470257381,0.0012959747025738059
2026-08-10,-1,772.55,773.63,773.63,stop,-1.0,-0.0013979677690765246,0.0013979677690764882
2026-08-11,-1,773.23,774.61,770.42,close,2.0362318840580205,0.003634106281442895,0.0017847212343028536
2026-08-12,-1,772.72,774.9,772.52,close,0.091743119266078,0.00025882596542092795,0.0028212030230872114
2026-08-13,1,775.49,774.111,777.8,close,1.6751269035532368,0.0029787618151104756,0.0017782305381114122
2026-08-14,-1,777.92,778.58,778.58,stop,-1.0,-0.0008484162895927572,0.0008484162895928655
2026-08-17,-1,775.4621,776.775,772.68,close,2.1190494325538776,0.0035876672760667416,0.0016930550184206467
2026-08-18,1,769.46,767.9,767.9,stop,-1.0,-0.002027395836040946,0.0020273958360409365
2026-08-19,-1,769.86,770.63,770.63,stop,-1.0,-0.0010001818512457294,0.0010001818512456575
2026-08-20,1,767.1,765.86,765.86,stop,-1.0,-0.001616477643071268,0.0016164776430713193
2026-08-21,-1,764.83,766.15,766.15,stop,-1.0,-0.0017258737235725796,0.0017258737235724753
2026-08-24,-1,763.2,764.81,764.81,stop,-1.0,-0.0021095387840670554,0.002109538784066955
2026-08-25,-1,765.93,766.78,765.83,close,0.11764705882341926,0.00013056023396385008,0.0011097619886935135
2026-08-26,1,765.8,764.68,764.68,stop,-1.0,-0.001462522851919612,0.0014625228519195672
2026-08-27,1,768.81,767.16,771.07,close,1.369696969697052,0.002939607965557256,0.002146173957154534
2026-08-28,1,772.09,771.47,771.47,stop,-1.0,-0.0008030151925293438,0.0008030151925293742
2026-08-31,-1,766.305,767.62,767.62,stop,-1.0,-0.0017160269083460467,0.001716026908345965
2026-09-01,1,762.1395,761.17,761.17,stop,-1.0,-0.0012720768310788833,0.001272076831078876
2026-09-02,-1,761.74,762.52,762.52,stop,-1.0,-0.0010239714338224903,0.0010239714338225283
2026-09-03,1,769.235,767.85,767.85,stop,-1.0,-0.0018004900973044302,0.001800490097304453
2026-09-04,1,772.83,771.87,771.87,stop,-1.0,-0.0012421878032685685,0.0012421878032685537
2026-09-08,-1,768.67,769.7,765.94,close,2.6504854368928887,0.003551589108459985,0.001339976843118746
2026-09-09,-1,763.231,764.38,764.38,stop,-1.0,-0.001505441995935719,0.0015054419959357008
2026-09-11,1,765.86,764.225,764.225,stop,-1.0,-0.0021348549343221945,0.002134854934322188
2026-09-14,-1,758.58,759.21,759.21,stop,-1.0,-0.0008304990904057785,0.0008304990904057521
2026-09-15,-1,758.73,760.35,757.38,close,0.833333333333345,0.0017792890751651136,0.0021351468901981002
2026-09-16,-1,759.14,759.705,759.705,stop,-1.0,-0.000744263245251231,0.0007442632452512772
2026-09-17,-1,761.37,763.41,763.41,stop,-1.0,-0.0026793805902516343,0.0026793805902517354
2026-09-18,-1,760.95,761.76,761.76,stop,-1.0,-0.0010644589000590177,0.001064458900059065
2026-09-21,1,766.65,766.03,772.85,target,10.0,0.008087132328963742,0.0008087132328963733
2026-09-22,1,775.02,773.89,773.89,stop,-1.0,-0.0014580268896285942,0.0014580268896286488
2026-09-23,-1,772.43,773.05,767.75,close,7.548387096774057,0.006058801444791095,0.0008026617298654954
2026-09-24,1,764.85,763.62,763.62,stop,-1.0,-0.0016081584624436651,0.0016081584624436402
2026-09-25,1,769.52,767.75,767.75,stop,-1.0,-0.002300135149183924,0.002300135149183883
2026-09-28,-1,767.49,768.61,768.61,stop,-1.0,-0.0014593024013342948,0.0014593024013342252
2026-09-29,-1,765.12,766.98,764.23,close,0.4784946236559031,0.0011632162275198032,0.002430991217064008
2026-09-30,1,767.29,766.0,766.0,stop,-1.0,-0.001681241772993225,0.0016812417729932146
2026-10-01,1,765.26,763.39,763.39,stop,-1.0,-0.0024436139351331487,0.0024436139351331635
2026-10-02,1,770.84,769.49,769.49,stop,-1.0,-0.0017513362046598369,0.001751336204659881
