date,side,entry,stop,exit,how,R,ret,risk_pct
2021-10-06,1,74.4825,74.175,74.175,stop,-1.0,-0.00412848655724507,0.004128486557245051
2021-10-07,1,76.555,76.125,76.265,close,-0.6744186046511667,-0.003788126183789542,0.005616876755274075
2021-10-08,-1,76.25,76.615,75.98,close,0.7397260273972598,0.003540983606557302,0.004786885245901572
2021-10-11,1,75.89,75.5075,75.55,close,-0.8888888888888806,-0.004480168665173312,0.005040189748320034
2021-10-12,-1,75.56,75.95,75.175,close,0.9871794871794989,0.005095288512440566,0.005161461090524094
2021-10-13,1,75.645,75.41,75.41,stop,-1.0,-0.003106616432017928,0.0031066164320179713
2021-10-14,-1,76.295,76.485,76.485,stop,-1.0,-0.0024903335736286003,0.0024903335736286484
2021-10-15,1,77.64,77.37,77.95,close,1.1481481481481735,0.00399278722308094,0.0034775888717155593
2021-10-18,-1,77.33,77.57,77.57,stop,-1.0,-0.003103582050950404,0.003103582050950406
2021-10-21,1,78.97,78.7725,79.455,close,2.455696202531579,0.006141572749145174,0.002500949727744778
2021-10-22,1,79.505,79.295,79.295,stop,-1.0,-0.002641343311741373,0.0026413433117413215
2021-10-25,-1,79.4475,79.69,79.69,stop,-1.0,-0.003052330155133731,0.0030523301551338
2021-10-26,1,80.125,79.955,79.955,stop,-1.0,-0.002121684867394724,0.0021216848673947172
2021-10-27,-1,79.69,79.915,79.915,stop,-1.0,-0.0028234408332288297,0.0028234408332288687
2021-10-28,-1,80.0351,80.29,80.29,stop,-1.0,-0.0031848526459017368,0.00318485264590169
2021-10-29,1,80.045,79.535,80.765,close,1.4117647058823366,0.008994940346055413,0.006371416078455932
2021-11-01,-1,80.615,80.805,80.7,close,-0.44736842105264535,-0.0010543943434846437,0.0023568814736713013
2021-11-02,1,81.055,80.755,81.375,close,1.0666666666666036,0.0039479365862684634,0.0037011905496269364
2021-11-03,-1,81.135,81.52,81.52,stop,-1.0,-0.004745177790102861,0.004745177790102802
2021-11-04,1,82.2,81.995,83.13,close,4.53658536585366,0.011313868613138656,0.0024939172749391517
2021-11-05,1,83.835,83.67,83.67,stop,-1.0,-0.0019681517266056936,0.0019681517266057383
2021-11-09,-1,84.025,84.185,84.185,stop,-1.0,-0.001904195180005841,0.00190419518000591
2021-11-10,1,83.04,82.6,82.6,stop,-1.0,-0.005298651252408582,0.0052986512524086215
2021-11-11,-1,82.62,82.855,82.855,stop,-1.0,-0.002844347615589493,0.0028443476155894385
2021-11-12,-1,82.905,83.04,83.04,stop,-1.0,-0.0016283698208794384,0.0016283698208793813
2021-11-15,1,84.0858,83.865,83.865,stop,-1.0,-0.0026258892702455405,0.0026258892702455254
2021-11-16,1,83.675,83.42,84.46,close,3.078431372549061,0.009381535703615107,0.0030475052285628378
2021-11-17,-1,84.09,84.31,84.31,stop,-1.0,-0.0026162444999404677,0.0026162444999405263
2021-11-18,1,84.7328,84.32,84.32,stop,-1.0,-0.0048717851882624785,0.004871785188262447
2021-11-19,1,85.38,85.0553,85.66,close,0.8623344625808662,0.003279456547200743,0.0038029983602716434
2021-11-22,1,86.285,85.99,85.99,stop,-1.0,-0.0034189024743582763,0.003418902474358251
2021-11-23,-1,83.97,84.435,84.435,stop,-1.0,-0.005537692032868913,0.005537692032868922
2021-11-24,1,84.035,83.655,83.655,stop,-1.0,-0.004521925388231041,0.004521925388231041
2021-11-29,-1,84.185,84.585,84.585,stop,-1.0,-0.004751440280334807,0.004751440280334875
2021-11-30,1,84.8825,84.56,84.56,stop,-1.0,-0.003799369716961598,0.0037993697169615755
2021-12-01,-1,84.9025,85.44,85.44,stop,-1.0,-0.006330791201672348,0.00633079120167244
2021-12-02,1,83.05,82.255,83.985,close,1.176100628930818,0.011258278145695355,0.009572546658639394
2021-12-03,-1,83.995,84.47,82.555,close,3.0315789473684527,0.017143877611762615,0.005655098517768847
2021-12-06,-1,82.215,82.985,82.985,stop,-1.0,-0.009365687526607047,0.009365687526607018
2021-12-08,1,86.3,85.695,86.635,close,0.5537190082644723,0.0038818076477404873,0.007010428736964125
2021-12-09,1,86.865,86.375,86.375,stop,-1.0,-0.005640937086283215,0.005640937086283254
2021-12-10,1,87.1125,86.61,86.61,stop,-1.0,-0.005768402927249228,0.005768402927249221
2021-12-13,-1,87.39,87.705,87.705,stop,-1.0,-0.003604531410916545,0.003604531410916555
2021-12-14,1,85.335,84.87,84.87,stop,-1.0,-0.005449112322024829,0.005449112322024835
2021-12-15,1,84.97,84.5775,84.5775,stop,-1.0,-0.004619277392020726,0.0046192773920206934
2021-12-16,-1,87.01,87.435,84.495,close,5.917647058823571,0.02890472359498908,0.0048844960349384795
2021-12-17,-1,83.415,84.005,84.005,stop,-1.0,-0.007073068392974724,0.007073068392974754
2021-12-20,1,82.845,82.3857,82.3857,stop,-1.0,-0.005544088357776533,0.0055440883577765575
2021-12-21,-1,83.595,83.92,83.92,stop,-1.0,-0.0038877923320772556,0.0038877923320773116
2021-12-23,1,86.345,86.095,86.465,close,0.4800000000000182,0.0013897735827206326,0.0028953616306676704
2021-12-27,1,87.15,86.795,88.34,close,3.352112676056294,0.013654618473895486,0.004073436603557131
2021-12-28,-1,88.12,88.52,87.875,close,0.6125000000000245,0.0027802995914661954,0.004539264639128364
2021-12-29,1,88.235,87.89,87.89,stop,-1.0,-0.003910013033376791,0.003910013033376765
2021-12-30,-1,87.795,88.04,88.04,stop,-1.0,-0.002790591719346258,0.002790591719346256
2021-12-31,1,87.48,87.21,87.21,stop,-1.0,-0.0030864197530865445,0.0030864197530865367
2022-01-03,1,87.63,87.036,87.036,stop,-1.0,-0.0067785005135226895,0.006778500513522699
2022-01-04,-1,87.675,88.0,86.825,close,2.615384615384575,0.009694895922440772,0.003706871970345057
2022-01-05,-1,85.75,86.39,86.39,stop,-1.0,-0.007463556851311948,0.00746355685131196
2022-01-06,1,84.16,83.35,83.35,stop,-1.0,-0.009624524714828886,0.009624524714828924
2022-01-07,-1,83.48,83.885,83.885,stop,-1.0,-0.0048514614278869495,0.004851461427886932
2022-01-10,-1,81.5805,82.0575,82.0575,stop,-1.0,-0.005846985492856893,0.005846985492856796
2022-01-11,-1,82.375,82.845,82.845,stop,-1.0,-0.005705614567526496,0.005705614567526542
2022-01-12,-1,84.555,85.09,85.09,stop,-1.0,-0.006327242623144658,0.006327242623144658
2022-01-14,1,82.16,81.625,82.85,close,1.2897196261682282,0.00839824732229788,0.006511684518013591
2022-01-18,1,81.875,81.415,81.415,stop,-1.0,-0.0056183206106869,0.005618320610686947
2022-01-20,-1,80.38,80.7,80.7,stop,-1.0,-0.003981089823339223,0.003981089823339231
2022-01-21,-1,78.38,79.055,79.055,stop,-1.0,-0.008611890788466692,0.008611890788466591
2022-01-24,1,76.17,75.605,75.605,stop,-1.0,-0.007417618484967803,0.0074176184849678055
2022-01-25,-1,75.85,76.305,76.305,stop,-1.0,-0.005998681608437861,0.005998681608437871
2022-01-26,-1,77.585,78.085,78.085,stop,-1.0,-0.006444544692917553,0.006444544692917446
2022-01-27,-1,77.205,77.62,77.62,stop,-1.0,-0.005375299527232702,0.005375299527232773
2022-01-28,-1,76.02,77.0,77.0,stop,-1.0,-0.012891344383057168,0.012891344383057144
2022-01-31,1,79.25,78.635,80.985,close,2.821138211382136,0.021892744479495185,0.007760252365930535
2022-02-01,-1,80.68,81.1797,81.1797,stop,-1.0,-0.006193604362915162,0.0061936043629150965
2022-02-02,1,81.53,81.105,81.105,stop,-1.0,-0.005212805102416285,0.0052128051024162535
2022-02-03,1,80.845,80.515,80.515,stop,-1.0,-0.00408188508875007,0.004081885088750056
2022-02-04,-1,78.905,79.335,79.335,stop,-1.0,-0.005449591280653809,0.005449591280653857
2022-02-07,1,80.0,79.72,79.72,stop,-1.0,-0.0035000000000000586,0.0035000000000000144
2022-02-08,1,79.455,79.02,79.02,stop,-1.0,-0.005474797054936809,0.005474797054936785
2022-02-10,1,80.665,80.385,80.385,stop,-1.0,-0.003471146098059874,0.003471146098059891
2022-02-11,-1,79.965,80.315,77.42,close,7.271428571428695,0.03182642406052649,0.004376914900268796
2022-02-14,1,77.475,77.045,77.045,stop,-1.0,-0.005550177476605245,0.005550177476605261
2022-02-15,1,78.66,78.31,79.46,close,2.285714285714315,0.01017035341978123,0.004449529621154263
2022-02-16,-1,78.68,78.96,78.96,stop,-1.0,-0.003558718861209842,0.003558718861209798
2022-02-17,-1,78.39,78.715,77.0,close,4.276923076923041,0.01773185355274909,0.004145936981757914
2022-02-18,-1,76.95,77.375,76.225,close,1.705882352941208,0.009421702404158627,0.005523066926575662
2022-02-22,1,75.675,75.31,75.31,stop,-1.0,-0.0048232573505120335,0.004823257350511991
2022-02-23,-1,76.195,76.505,73.645,close,8.225806451612833,0.033466762910952075,0.004068508432311862
2022-02-24,1,71.71,70.86,76.135,close,5.205882352941225,0.061706874912843546,0.011853298005856846
2022-02-25,-1,75.71,76.36,76.36,gap-stop,-1.0,-0.008585391625941075,0.008585391625941166
2022-02-28,1,76.735,76.305,76.305,stop,-1.0,-0.005603701049064824,0.005603701049064868
2022-03-01,1,76.925,76.6,76.6,stop,-1.0,-0.00422489437764062,0.004224894377640596
2022-03-02,-1,75.67,76.085,76.085,stop,-1.0,-0.005484339896920654,0.005484339896920735
2022-03-03,-1,77.5,77.785,76.22,close,4.491228070175496,0.016516129032258076,0.0036774193548386657
2022-03-04,1,75.85,75.595,75.595,stop,-1.0,-0.0033618984838496013,0.003361898483849644
2022-03-07,-1,74.67,75.155,72.16,close,5.175257731958779,0.03361457077809038,0.0064952457479576725
2022-03-09,-1,73.4,73.805,73.805,stop,-1.0,-0.005517711171662221,0.00551771117166214
2022-03-10,-1,73.115,73.48,73.48,stop,-1.0,-0.004992135676673781,0.0049921356766738575
2022-03-11,-1,73.72,74.155,72.05,close,3.839080459770099,0.02265328269126432,0.005900705371676645
2022-03-14,-1,71.63,72.01,72.01,stop,-1.0,-0.0053050397877985045,0.0053050397877985435
2022-03-15,-1,71.255,71.655,71.655,stop,-1.0,-0.005613641147989679,0.005613641147989695
2022-03-16,1,74.12,73.82,73.82,stop,-1.0,-0.004047490555855515,0.004047490555855523
2022-03-17,-1,74.7,75.075,75.075,stop,-1.0,-0.005020080321285203,0.0050200803212851405
2022-03-18,1,75.735,75.34,77.52,close,4.518987341772188,0.023569023569023573,0.005215554235162026
2022-03-21,1,77.32,76.975,76.975,stop,-1.0,-0.004461976202793538,0.0044619762027935704
2022-03-22,1,77.5964,77.195,78.37,close,1.9272546088689175,0.009969534669134195,0.005172920393214241
2022-03-23,-1,77.23,77.665,77.665,stop,-1.0,-0.005632526220380685,0.00563252622038071
2022-03-24,-1,77.39,77.585,77.585,stop,-1.0,-0.0025197053882930476,0.002519705388292973
2022-03-25,-1,78.97,79.28,79.28,stop,-1.0,-0.003925541344814487,0.003925541344814516
2022-03-28,1,79.275,78.74,78.74,stop,-1.0,-0.00674865972879235,0.006748659728792315
2022-03-29,-1,80.96,81.405,81.405,stop,-1.0,-0.005496541501976315,0.005496541501976376
2022-03-30,-1,81.295,81.535,81.535,stop,-1.0,-0.002952211083092404,0.002952211083092378
2022-03-31,-1,80.365,80.725,80.725,stop,-1.0,-0.0044795619983823975,0.004479561998382373
2022-04-01,-1,79.405,79.73,79.25,close,0.47692307692307623,0.0019520181348782195,0.004092941250551009
2022-04-04,1,79.69,79.405,80.755,close,3.736842105263195,0.01336428661061606,0.0035763583887563886
2022-04-05,-1,80.275,80.57,79.045,close,4.169491525423919,0.015322329492370002,0.0036748676424788224
2022-04-06,-1,77.605,77.875,77.875,stop,-1.0,-0.0034791572707943974,0.003479157270794356
2022-04-07,1,77.225,76.725,76.725,stop,-1.0,-0.0064745872450631126,0.006474587245063127
2022-04-08,-1,76.51,76.965,76.965,stop,-1.0,-0.005946935041171164,0.005946935041171066
2022-04-11,-1,74.945,75.345,74.3,close,1.6124999999999672,0.008606311294949598,0.005337247314697521
2022-04-12,-1,74.95,75.385,75.385,stop,-1.0,-0.005803869246164162,0.005803869246164139
2022-04-13,1,74.0,73.725,75.145,close,4.163636363636263,0.01547297297297301,0.003716216216216293
2022-04-18,1,73.65,72.945,72.945,stop,-1.0,-0.009572301425662122,0.009572301425662084
2022-04-19,-1,73.27,73.585,73.585,stop,-1.0,-0.004299167462808784,0.004299167462808759
2022-04-20,-1,75.595,75.865,74.885,close,2.6296296296296453,0.009392155565844273,0.0035716647926449636
2022-04-21,1,76.175,75.575,75.575,stop,-1.0,-0.007876599934361628,0.007876599934361593
2022-04-22,-1,73.52,73.95,71.545,close,4.5930232558138675,0.02686343852013051,0.005848748639825991
2022-04-25,1,71.335,70.92,70.92,stop,-1.0,-0.005817621083619384,0.00581762108361943
2022-04-26,-1,71.615,72.065,69.875,close,3.8666666666666307,0.024296585910772772,0.006283599804510268
2022-04-27,1,71.27,70.555,70.555,stop,-1.0,-0.01003227164304743,0.010032271643047415
2022-04-28,-1,72.045,72.71,72.71,stop,-1.0,-0.009230342147269033,0.009230342147268956
2022-04-29,1,73.465,72.6704,72.6704,stop,-1.0,-0.010816034846525602,0.010816034846525591
2022-05-02,-1,70.54,70.975,70.975,stop,-1.0,-0.006166713921179401,0.006166713921179303
2022-05-03,-1,71.495,71.865,71.865,stop,-1.0,-0.005175187076019272,0.005175187076019166
2022-05-04,1,72.22,71.95,71.95,stop,-1.0,-0.003738576571586716,0.003738576571586763
2022-05-05,-1,73.08,73.43,70.88,close,6.285714285714141,0.030103995621237,0.004789272030651458
2022-05-06,-1,69.97,70.52,70.52,stop,-1.0,-0.007860511647848956,0.007860511647849037
2022-05-09,1,69.395,68.915,68.915,stop,-1.0,-0.006916924850493444,0.0069169248504934045
2022-05-10,-1,69.045,69.435,69.435,stop,-1.0,-0.005648490115142346,0.005648490115142306
2022-05-11,-1,67.66,68.43,68.43,stop,-1.0,-0.011380431569612881,0.011380431569612921
2022-05-12,-1,65.02,65.835,65.835,stop,-1.0,-0.012534604737004074,0.012534604737003964
2022-05-13,-1,66.325,66.83,66.83,stop,-1.0,-0.007614021862042852,0.007614021862042901
2022-05-16,-1,67.015,67.495,67.495,stop,-1.0,-0.007162575542789096,0.007162575542788987
2022-05-17,-1,68.745,69.16,69.16,stop,-1.0,-0.006036802676558262,0.006036802676558179
2022-05-19,1,66.055,65.575,65.575,stop,-1.0,-0.007266671712966577,0.007266671712966527
2022-05-20,-1,66.105,66.4,66.4,stop,-1.0,-0.004462597382951294,0.004462597382951391
2022-05-23,-1,65.61,65.91,65.91,stop,-1.0,-0.004572473708276181,0.004572473708276134
2022-05-24,-1,66.02,66.435,66.045,close,-0.060240963855434475,-0.0003786731293549117,0.006285973947288795
2022-05-25,1,66.105,65.555,66.835,close,1.3272727272727156,0.011043037591710103,0.008320096815671994
2022-05-26,1,66.835,66.28,68.405,close,2.82882882882888,0.02349068601780524,0.008304032318395941
2022-05-27,1,69.5325,69.05,70.735,close,2.492227979274604,0.017294071117822662,0.006939201093014082
2022-05-31,-1,69.815,70.51,70.51,stop,-1.0,-0.00995488075628459,0.009954880756284572
2022-06-01,1,71.33,70.82,70.82,stop,-1.0,-0.0071498668162064405,0.007149866816206437
2022-06-02,1,69.695,69.195,71.715,close,4.0400000000000205,0.02898342779252472,0.007174115790228855
2022-06-03,1,70.5968,70.195,70.195,stop,-1.0,-0.005691476100899928,0.005691476100899879
2022-06-06,-1,70.87,71.19,71.19,stop,-1.0,-0.004515309722026073,0.004515309722026148
2022-06-07,1,69.55,69.115,70.815,close,2.90804597701148,0.018188353702372373,0.006254493170381054
2022-06-08,1,70.64,70.28,70.28,stop,-1.0,-0.005096262740656887,0.005096262740656844
2022-06-09,-1,69.455,69.935,69.935,stop,-1.0,-0.0069109495356707296,0.006910949535670636
2022-06-10,-1,66.565,67.2,65.55,close,1.5984251968503818,0.015248253586719773,0.009539547810410954
2022-06-13,1,63.885,63.4,63.4,stop,-1.0,-0.007591766455349425,0.007591766455349447
2022-06-14,-1,63.06,63.375,63.375,stop,-1.0,-0.004995242626070429,0.004995242626070373
2022-06-15,-1,63.64,63.95,63.95,stop,-1.0,-0.004871150219987408,0.004871150219987465
2022-06-16,-1,62.415,62.785,61.77,close,1.7432432432432445,0.010334054313866803,0.0059280621645437384
2022-06-17,1,62.27,61.72,61.72,stop,-1.0,-0.008832503613297016,0.008832503613297
2022-06-21,1,63.55,63.055,63.73,close,0.3636363636363649,0.0028324154209284913,0.007789142407553068
2022-06-22,1,63.21,62.86,63.455,close,0.6999999999999899,0.003875968992248069,0.005537098560354396
2022-06-23,-1,63.785,64.11,64.11,stop,-1.0,-0.005095241828016128,0.005095241828016036
2022-06-24,1,65.535,65.15,66.74,close,3.1298701298701994,0.018387121385519123,0.0058747234302279835
2022-06-27,-1,66.56,67.1375,66.27,close,0.5021645021645125,0.004356971153846256,0.00867638221153847
2022-06-28,1,66.98,66.3,66.3,stop,-1.0,-0.010152284263959532,0.010152284263959492
2022-06-29,-1,63.715,64.31,64.31,stop,-1.0,-0.009338460331162146,0.009338460331162188
2022-06-30,-1,63.35,63.765,63.765,stop,-1.0,-0.006550907655880067,0.006550907655880018
2022-07-01,-1,63.07,63.545,63.545,stop,-1.0,-0.007531314412557499,0.0075313144125574985
2022-07-05,1,62.84,62.48,64.51,close,4.638888888888809,0.026575429662635264,0.00572883513685561
2022-07-06,-1,64.55,64.93,64.93,stop,-1.0,-0.0058869093725795185,0.005886909372579545
2022-07-07,1,65.73,65.345,66.39,close,1.7142857142856827,0.010041077133728926,0.005857294994675264
2022-07-08,1,65.9,65.61,65.61,stop,-1.0,-0.004400606980273225,0.0044006069802732355
2022-07-11,-1,65.69,65.96,65.96,stop,-1.0,-0.00411021464454242,0.004110214644542488
2022-07-12,1,65.965,65.685,65.685,stop,-1.0,-0.00424467520654892,0.0042446752065489445
2022-07-13,1,63.67,63.13,64.45,close,1.4444444444444489,0.012250667504319246,0.008481231349144011
2022-07-14,-1,63.53,63.975,63.975,stop,-1.0,-0.007004564772548516,0.007004564772548407
2022-07-15,1,66.115,65.67,65.67,stop,-1.0,-0.006730696513650325,0.006730696513650355
2022-07-18,-1,66.625,66.97,66.97,stop,-1.0,-0.0051782363977486146,0.0051782363977485755
2022-07-19,-1,66.1304,66.35,66.35,stop,-1.0,-0.0033207118057656526,0.0033207118057655754
2022-07-20,1,67.62,67.38,68.61,close,4.124999999999822,0.014640638864241273,0.003549245785270764
2022-07-21,-1,68.45,68.84,68.84,stop,-1.0,-0.005697589481373333,0.005697589481373273
2022-07-22,-1,69.285,69.605,69.605,stop,-1.0,-0.004618604315508534,0.004618604315508514
2022-07-25,-1,68.39,68.655,68.185,close,0.7735849056603693,0.002997514256470213,0.0038748355022664217
2022-07-26,-1,67.74,68.14,67.06,close,1.6999999999999573,0.010038382049010863,0.005904930617065334
2022-07-27,1,68.3,68.075,69.955,close,7.355555555555746,0.024231332357247393,0.003294289897510898
2022-07-28,-1,70.035,70.395,70.395,stop,-1.0,-0.005140286999357535,0.005140286999357456
2022-07-29,-1,71.09,71.41,71.41,stop,-1.0,-0.004501336334224115,0.0045013363342241266
2022-08-01,1,71.58,71.285,71.94,close,1.2203389830508384,0.005029337803855727,0.004121262922604103
2022-08-02,1,71.54,71.235,71.235,stop,-1.0,-0.004263349175286701,0.004263349175286648
2022-08-03,1,72.06,71.78,73.34,close,4.571428571428557,0.01776297529836257,0.003885650846516807
2022-08-05,1,72.88,72.44,73.51,close,1.4318181818182112,0.008644346871569786,0.006037321624588333
2022-08-08,1,73.76,73.275,73.275,stop,-1.0,-0.006575379609544463,0.00657537960954446
2022-08-09,1,72.425,72.135,72.135,stop,-1.0,-0.004004142216085471,0.004004142216085496
2022-08-10,-1,73.47,73.87,73.87,stop,-1.0,-0.005444399074452155,0.005444399074452235
2022-08-11,1,74.665,74.27,74.27,stop,-1.0,-0.005290296658407745,0.00529029665840769
2022-08-12,-1,74.125,74.35,74.35,stop,-1.0,-0.0030354131534569007,0.0030354131534569215
2022-08-15,1,75.295,74.92,75.78,close,1.293333333333332,0.006441330765655007,0.004980410385815791
2022-08-16,-1,75.325,75.495,75.495,stop,-1.0,-0.002256886823763793,0.002256886823763713
2022-08-17,1,75.07,74.86,74.86,stop,-1.0,-0.002797389103503356,0.002797389103503314
2022-08-19,-1,74.72,74.895,74.05,close,3.8285714285715007,0.008966809421841582,0.0023420770877943947
2022-08-22,-1,72.756,73.07,72.01,close,2.375796178343987,0.010253449887294486,0.004315795260871859
2022-08-23,1,72.155,71.805,71.805,stop,-1.0,-0.004850668699327709,0.004850668699327757
2022-08-24,-1,71.565,71.855,71.855,stop,-1.0,-0.004052260183050382,0.004052260183050461
2022-08-25,1,72.1,71.935,73.06,close,5.818181818182147,0.013314840499306646,0.0022884882108181975
2022-08-26,-1,72.81,73.05,73.05,stop,-1.0,-0.003296250515039123,0.0032962505150390727
2022-08-29,1,69.57,69.03,69.03,stop,-1.0,-0.0077619663648123005,0.007761966364812306
2022-08-30,-1,69.315,69.5245,68.285,close,4.9164677804294685,0.01485969847796298,0.003022433816634287
2022-08-31,-1,68.405,68.725,68.725,stop,-1.0,-0.004678020612528311,0.004678020612528224
2022-09-01,1,67.025,66.7,66.7,stop,-1.0,-0.004848936963819495,0.004848936963819512
2022-09-02,-1,67.61,68.05,68.05,stop,-1.0,-0.006507913030616708,0.006507913030616739
2022-09-06,-1,66.46,66.8,66.8,stop,-1.0,-0.005115859163406622,0.005115859163406612
2022-09-07,1,66.37,66.105,66.105,stop,-1.0,-0.003992767816784704,0.0039927678167847
2022-09-08,1,66.555,66.245,67.27,close,2.306451612903174,0.01074299451581373,0.00465780181804526
2022-09-09,1,68.035,67.8,67.8,stop,-1.0,-0.003454104505034139,0.0034541045050341655
2022-09-12,1,69.265,69.015,69.7,close,1.740000000000009,0.006280228109434738,0.0036093264996751606
2022-09-13,-1,67.675,68.09,66.005,close,4.024096385542112,0.02467676394532692,0.006132249722940617
2022-09-14,-1,65.91,66.365,66.365,stop,-1.0,-0.006903353057199135,0.006903353057199186
2022-09-15,-1,65.515,65.715,65.715,stop,-1.0,-0.003052736014653279,0.003052736014653176
2022-09-16,-1,63.725,64.15,64.15,stop,-1.0,-0.006669282071400717,0.006669282071400616
2022-09-19,1,63.89,63.515,64.73,close,2.240000000000009,0.013147597433088132,0.005869463139771482
2022-09-20,-1,64.035,64.225,64.225,stop,-1.0,-0.0029671273522291486,0.002967127352229214
2022-09-21,1,64.755,64.54,64.54,stop,-1.0,-0.0033202069338272855,0.003320206933827337
2022-09-22,-1,62.91,63.28,63.28,stop,-1.0,-0.005881417898585317,0.005881417898585354
2022-09-23,-1,62.01,62.215,61.875,close,0.6585365853658266,0.002177068214804012,0.00330591840025811
2022-09-26,1,62.145,61.66,61.66,stop,-1.0,-0.007804328586370701,0.00780432858637069
2022-09-27,1,62.605,62.235,62.235,stop,-1.0,-0.005910071080584611,0.0059100710805845775
2022-09-28,1,61.2,60.71,60.71,stop,-1.0,-0.008006535947712501,0.00800653594771245
2022-09-29,-1,61.23,61.42,60.54,close,3.631578947368317,0.011268985791278774,0.00310305405846815
2022-09-30,-1,60.25,60.76,60.76,stop,-1.0,-0.008464730290456357,0.008464730290456399
2022-10-03,-1,59.785,60.035,60.035,stop,-1.0,-0.004181650915781487,0.004181650915781551
2022-10-04,1,62.625,62.425,63.3,close,3.374999999999938,0.010778443113772518,0.003193612774451143
2022-10-05,1,62.79,62.385,62.385,stop,-1.0,-0.006450071667463031,0.00645007166746299
2022-10-06,1,63.665,63.31,63.31,stop,-1.0,-0.0055760622005811555,0.005576062200581118
2022-10-10,-1,60.09,60.47,59.385,close,1.8552631578947734,0.011732401397903214,0.006323847561990272
2022-10-11,-1,58.835,59.065,59.065,stop,-1.0,-0.003909237698648704,0.00390923769864871
2022-10-12,1,58.545,58.2588,58.2588,stop,-1.0,-0.004888547271329813,0.004888547271329762
2022-10-13,1,56.805,56.485,60.005,target,10.0,0.05633306927207116,0.005633306927207117
2022-10-14,-1,60.18,60.71,58.425,close,3.311320754716979,0.029162512462612256,0.008806912595546713
2022-10-17,1,60.155,59.8,59.8,stop,-1.0,-0.005901421328235457,0.005901421328235458
2022-10-18,-1,61.655,61.96,60.695,close,3.147540983606563,0.015570513340361747,0.00494688184251074
2022-10-19,1,60.6,60.095,60.095,stop,-1.0,-0.008333333333333415,0.008333333333333375
2022-10-20,-1,60.515,60.91,60.91,stop,-1.0,-0.0065273072791869335,0.006527307279186913
2022-10-21,-1,60.22,60.58,60.58,stop,-1.0,-0.005978080371969341,0.005978080371969436
2022-10-24,1,62.53,62.04,62.04,stop,-1.0,-0.007836238605469448,0.007836238605469406
2022-10-25,1,63.47,63.185,64.24,close,2.7017543859649304,0.0121317157712304,0.004490310382857989
2022-10-26,1,62.965,62.515,62.8,close,-0.36666666666667824,-0.002620503454300094,0.00714682760263643
2022-10-27,-1,63.035,63.425,62.12,close,2.3461538461538405,0.014515745220909038,0.006187038946616969
2022-10-28,1,63.075,62.435,64.785,close,2.671874999999988,0.027110582639714442,0.01014665081252478
2022-10-31,-1,63.94,64.315,64.315,stop,-1.0,-0.005864873318736308,0.005864873318736316
2022-11-01,-1,64.57,64.845,63.395,close,4.272727272727148,0.01819730525011598,0.004258943781942167
2022-11-02,-1,63.125,63.45,63.45,stop,-1.0,-0.005148514851485153,0.005148514851485194
2022-11-03,-1,60.19,60.445,60.445,stop,-1.0,-0.004236584150191014,0.004236584150191104
2022-11-04,-1,60.215,60.81,60.5,close,-0.47899159663865065,-0.004733039940214123,0.0098812588225525
2022-11-07,-1,60.385,60.86,60.86,stop,-1.0,-0.007866191935083311,0.00786619193508324
2022-11-08,-1,61.815,62.125,62.125,stop,-1.0,-0.005014964005500389,0.00501496400550032
2022-11-09,-1,61.265,61.545,60.475,close,2.821428571428557,0.012894801273157563,0.004570309312005242
2022-11-10,-1,63.465,63.8471,63.8471,stop,-1.0,-0.006020641298353224,0.00602064129835333
2022-11-11,-1,65.125,65.57,65.57,stop,-1.0,-0.006833013435700419,0.006833013435700471
2022-11-14,-1,65.825,66.15,66.15,stop,-1.0,-0.004937333839726499,0.004937333839726591
2022-11-15,-1,67.425,67.735,67.735,stop,-1.0,-0.0045977011494253706,0.004597701149425321
2022-11-16,-1,66.21,66.48,65.88,close,1.2222222222221697,0.004984141368373329,0.004077933846851084
2022-11-17,1,65.05,64.81,65.98,close,3.875000000000111,0.01429669485011531,0.0036894696387393526
2022-11-18,-1,66.3,66.735,66.06,close,0.5517241379310198,0.0036199095022623196,0.0065610859728507135
2022-11-21,-1,65.595,65.865,65.865,stop,-1.0,-0.004116167390807224,0.004116167390807166
2022-11-22,-1,65.425,65.68,65.68,stop,-1.0,-0.0038975926633550984,0.0038975926633551343
2022-11-23,1,66.665,66.41,67.195,close,2.0784313725488897,0.007950198754968607,0.0038250956273908295
2022-11-28,1,66.33,66.005,66.005,stop,-1.0,-0.004899743705713888,0.004899743705713898
2022-11-29,-1,65.21,65.42,65.42,gap-stop,-1.0,-0.003220364974697354,0.0032203649746972546
2022-11-30,1,65.075,64.635,67.98,close,6.602272727272764,0.044640799077986903,0.006761429120245835
2022-12-01,1,68.12,67.8,67.8,stop,-1.0,-0.004697592483852153,0.004697592483852134
2022-12-02,-1,66.845,67.17,67.17,stop,-1.0,-0.004861994165606953,0.004861994165607044
2022-12-05,1,67.43,67.135,67.135,stop,-1.0,-0.004374907311285758,0.004374907311285803
2022-12-06,-1,66.415,66.585,64.71500000000013,target,10.0,0.025596627267934546,0.0025596627267934573
2022-12-07,1,65.13,64.765,64.765,stop,-1.0,-0.0056041762628588065,0.0056041762628588196
2022-12-08,-1,64.98,65.245,65.245,stop,-1.0,-0.004078177900892488,0.004078177900892591
2022-12-09,1,65.72,65.21,65.45,close,-0.5294117647058693,-0.00410833840535596,0.007760194765672628
2022-12-13,-1,69.065,69.465,69.465,stop,-1.0,-0.0057916455512923015,0.005791645551292343
2022-12-14,1,67.99,67.59,67.59,stop,-1.0,-0.005883218120311673,0.005883218120311686
2022-12-15,-1,65.77,66.25,64.605,close,2.4270833333332966,0.017713243119963362,0.00729816025543567
2022-12-16,-1,64.285,64.64,64.64,stop,-1.0,-0.005522283580928766,0.005522283580928739
2022-12-19,-1,63.235,63.665,62.705,close,1.2325581395348872,0.00838143433225269,0.00680003162805408
2022-12-20,1,62.455,62.205,62.205,stop,-1.0,-0.0040028820750940275,0.004002882075094068
2022-12-21,1,63.19,62.94,63.85,close,2.640000000000015,0.010444690615603713,0.003956322202880203
2022-12-22,-1,62.69,63.1125,62.24,close,1.0650887573964412,0.007178178337852836,0.006739511883873017
2022-12-23,-1,61.695,62.095,62.095,stop,-1.0,-0.006483507577599523,0.006483507577599458
2022-12-27,-1,61.91,62.195,61.715,close,0.6842105263157566,0.003149733484089645,0.004603456630592856
2022-12-28,1,62.05,61.425,61.425,stop,-1.0,-0.010072522159548791,0.010072522159548751
2022-12-29,1,61.62,61.3025,62.31,close,2.1732283464567392,0.011197663096397248,0.005152547874066788
2022-12-30,-1,61.45,61.8,61.8,stop,-1.0,-0.005695687550854256,0.00569568755085426
2023-01-03,1,63.0151,62.625,62.625,stop,-1.0,-0.006190579718194478,0.006190579718194477
2023-01-04,1,62.02,61.705,61.705,stop,-1.0,-0.00507900677200912,0.005079006772009107
2023-01-05,-1,61.06,61.64,60.585,close,0.8189655172413842,0.007779233540779584,0.009498853586636068
2023-01-09,-1,62.925,63.205,63.205,stop,-1.0,-0.004449741756058723,0.004449741756058818
2023-01-10,-1,62.885,63.58,63.475,close,-0.8489208633093571,-0.009382205613421402,0.011051920171742073
2023-01-11,1,63.79,63.485,64.565,close,2.5409836065573748,0.012149239692741842,0.004781313685530643
2023-01-12,-1,64.54,64.9,64.9,stop,-1.0,-0.005577936163619457,0.005577936163619452
2023-01-13,1,64.53,64.295,65.25,close,3.063829787234045,0.01115760111576014,0.003641717030838361
2023-01-17,1,65.39,65.13,65.13,stop,-1.0,-0.003976143141153132,0.00397614314115316
2023-01-19,1,64.4175,64.1,64.1,stop,-1.0,-0.00492878487988524,0.004928784879885274
2023-01-20,-1,64.0702,64.3,64.3,stop,-1.0,-0.0035866908484756266,0.003586690848475537
2023-01-23,1,66.005,65.785,67.17,close,5.295454545454601,0.01765017801681701,0.0033330808272100426
2023-01-24,1,66.95,66.685,67.15,close,0.7547169811320846,0.0029873039581778116,0.00395817774458552
2023-01-25,1,66.0005,65.61,65.61,stop,-1.0,-0.00591662184377395,0.005916621843773956
2023-01-26,-1,67.635,68.015,68.015,stop,-1.0,-0.005618392843941722,0.0056183928439416785
2023-01-27,1,67.93,67.605,68.33,close,1.2307692307691938,0.005888414544383824,0.00478433681731198
2023-01-30,-1,67.51,67.7425,67.7425,stop,-1.0,-0.0034439342319656507,0.00344393423196566
2023-01-31,1,67.315,67.0,67.995,close,2.158730158730196,0.01010176038030175,0.004679491940874957
2023-02-01,-1,67.7,68.025,68.025,stop,-1.0,-0.004800590841949726,0.00480059084194982
2023-02-02,-1,70.7,70.955,70.955,stop,-1.0,-0.003606789250353515,0.003606789250353542
2023-02-03,1,70.58,70.145,70.885,close,0.7011494252873683,0.0043213374893738,0.006163219042221625
2023-02-06,-1,70.065,70.33,70.33,stop,-1.0,-0.003782202240776522,0.00378220224077643
2023-02-07,1,70.34,70.095,71.77,close,5.836734693877412,0.02032982655672444,0.003483082172306007
2023-02-08,1,72.125,71.835,71.835,stop,-1.0,-0.004020797227036521,0.004020797227036482
2023-02-09,-1,71.815,72.06,72.06,stop,-1.0,-0.0034115435493977664,0.0034115435493978215
2023-02-10,1,70.225,69.92,69.92,stop,-1.0,-0.004343182627269404,0.004343182627269386
2023-02-13,-1,70.445,70.66,70.66,stop,-1.0,-0.003052026403577379,0.0030520264035773076
2023-02-14,1,71.09,70.625,71.745,close,1.4086021505376265,0.009213672809115225,0.006541004360669621
2023-02-15,1,71.53,71.185,71.185,stop,-1.0,-0.004823151125401881,0.004823151125401913
2023-02-21,1,69.09,68.925,68.925,stop,-1.0,-0.0023881893182805536,0.002388189318280594
2023-02-22,1,68.55,68.36,68.36,stop,-1.0,-0.0027716994894237956,0.0027716994894237453
2023-02-23,-1,69.285,69.495,69.495,stop,-1.0,-0.003030959082052531,0.0030309590820525073
2023-02-24,1,68.195,68.035,68.035,stop,-1.0,-0.002346213065474001,0.0023462130654739585
2023-02-27,-1,68.715,68.89,68.89,stop,-1.0,-0.002546751073273734,0.002546751073273625
2023-02-28,1,68.25,68.07,68.255,close,0.02777777777775146,7.326007326002859e-05,0.002637362637362737
2023-03-01,-1,68.045,68.295,68.295,stop,-1.0,-0.003674039238739102,0.00367403923873907
2023-03-02,-1,67.49,67.67,67.67,stop,-1.0,-0.002667061786931546,0.0026670617869314983
2023-03-03,1,69.115,68.97,70.055,close,6.482758620689915,0.013600520871012156,0.0020979526875496784
2023-03-06,1,70.72,70.47,70.47,stop,-1.0,-0.003535067873303155,0.0035350678733031674
2023-03-07,1,70.48,70.32,70.32,stop,-1.0,-0.00227014755959154,0.0022701475595915265
2023-03-08,-1,69.7,69.905,69.905,stop,-1.0,-0.002941176470588225,0.0029411764705882105
2023-03-09,1,70.46,70.205,70.205,stop,-1.0,-0.003619074652284948,0.00361907465228492
2023-03-10,-1,68.655,69.08,69.08,stop,-1.0,-0.006190372150608026,0.0061903721506080716
2023-03-13,-1,67.35,67.67,67.67,stop,-1.0,-0.004751299183370472,0.004751299183370563
2023-03-14,1,69.395,69.12,69.12,stop,-1.0,-0.003962821528928462,0.003962821528928475
2023-03-15,-1,69.03,69.415,69.415,stop,-1.0,-0.005577285238302254,0.005577285238302261
2023-03-16,-1,69.435,69.68,69.68,stop,-1.0,-0.0035284798732628797,0.003528479873262829
2023-03-17,1,72.12,71.86,71.86,stop,-1.0,-0.003605102606766608,0.003605102606766571
2023-03-20,-1,71.225,71.55,71.55,stop,-1.0,-0.0045630045630045135,0.004563004563004603
2023-03-21,-1,72.13,72.36,72.36,stop,-1.0,-0.0031886870927493316,0.0031886870927492583
2023-03-22,1,72.415,72.275,72.275,stop,-1.0,-0.0019333011116481336,0.0019333011116481468
2023-03-23,-1,72.54,72.785,72.785,stop,-1.0,-0.00337744692583386,0.0033774469258338892
2023-03-24,-1,72.395,72.72,72.72,stop,-1.0,-0.004489260308032428,0.004489260308032362
2023-03-27,-1,72.945,73.16,73.16,stop,-1.0,-0.0029474261429844884,0.0029474261429844875
2023-03-28,-1,72.03,72.315,72.08,close,-0.1754385964912202,-0.0006941552131056739,0.00395668471470216
2023-03-29,1,73.125,72.935,72.935,stop,-1.0,-0.0025982905982905313,0.0025982905982905673
2023-03-30,-1,74.17,74.385,74.385,stop,-1.0,-0.0028987461237697243,0.002898746123769764
2023-03-31,1,74.515,74.255,75.5,close,3.788461538461462,0.013218815003690487,0.0034892303563041683
2023-04-03,1,75.29,75.04,75.04,stop,-1.0,-0.0033204940895205093,0.0033204940895205206
2023-04-04,-1,75.365,75.59,75.59,stop,-1.0,-0.0029854707092151767,0.0029854707092152664
2023-04-05,-1,74.515,74.685,74.11,close,2.3823529411764532,0.005435147285781428,0.0022814198483527034
2023-04-06,-1,73.315,73.585,73.585,stop,-1.0,-0.003682738866534807,0.0036827388665347616
2023-04-10,-1,73.73,73.855,73.855,stop,-1.0,-0.0016953750169537152,0.00169537501695375
2023-04-11,-1,74.13,74.375,73.795,close,1.3673469387754593,0.004519088088493106,0.003305004721435378
2023-04-12,-1,74.185,74.495,73.375,close,2.61290322580644,0.010918649322639418,0.00417874233335583
2023-04-13,1,73.82,73.54,74.74,close,3.285714285714445,0.012462747222974802,0.003793010024383459
2023-04-14,1,74.405,74.265,74.265,stop,-1.0,-0.0018815939788993097,0.0018815939788992752
2023-04-17,1,74.55,74.315,74.315,stop,-1.0,-0.003152246814218662,0.003152246814218638
2023-04-19,1,74.29,74.125,74.125,stop,-1.0,-0.0022210257100552244,0.002221025710055273
2023-04-20,1,74.15,73.925,73.925,stop,-1.0,-0.0030343897505058504,0.0030343897505058465
2023-04-21,-1,73.66,73.845,73.845,stop,-1.0,-0.002511539505837712,0.0025115395058376636
2023-04-24,1,73.71,73.515,73.515,stop,-1.0,-0.002645502645502562,0.002645502645502553
2023-04-25,-1,73.09,73.28,73.28,stop,-1.0,-0.0025995348200849033,0.0025995348200847958
2023-04-26,-1,73.15,73.46,73.46,stop,-1.0,-0.0042378673957619295,0.004237867395761969
2023-04-27,1,73.52,73.22,74.59,close,3.566666666666725,0.014553862894450598,0.004080522306855239
2023-04-28,-1,74.58,74.76,74.76,stop,-1.0,-0.002413515687851975,0.0024135156878520624
2023-05-01,1,75.505,75.33,75.33,stop,-1.0,-0.0023177273028276435,0.0023177273028275897
2023-05-02,-1,75.45,75.585,75.585,stop,-1.0,-0.0017892644135186764,0.0017892644135187661
2023-05-03,1,74.955,74.79,74.79,stop,-1.0,-0.0022013207924753697,0.0022013207924753793
2023-05-04,-1,73.6275,73.8495,73.8495,stop,-1.0,-0.00301517775287774,0.0030151777528777757
2023-05-05,1,74.7079,74.38,75.63,close,2.812137846904548,0.012342737515042002,0.004389094058325822
2023-05-08,-1,75.405,75.53,75.53,stop,-1.0,-0.0016577150056362733,0.001657715005636231
2023-05-09,-1,75.115,75.265,75.265,stop,-1.0,-0.001996938028356654,0.001996938028356596
2023-05-10,1,75.955,75.655,75.655,stop,-1.0,-0.0039497070633928155,0.003949707063392761
2023-05-11,-1,75.385,75.79,75.565,close,-0.44444444444442494,-0.0023877429196788036,0.005372421569277723
2023-05-12,-1,75.685,75.815,75.485,close,1.538461538461614,0.002642531545220317,0.0017176455043931486
2023-05-15,-1,75.39,75.59,75.59,stop,-1.0,-0.002652871733651807,0.0026528717336517156
2023-05-16,1,76.325,75.97,76.1775,close,-0.41549295774649664,-0.001932525384867434,0.004651162790697726
2023-05-17,-1,76.48,76.665,76.665,stop,-1.0,-0.002418933054393335,0.002418933054393335
2023-05-18,1,77.455,77.29,78.78,close,8.030303030303434,0.01710670712026352,0.0021302691885609973
2023-05-19,-1,78.77,78.9,78.9,stop,-1.0,-0.0016503745080616028,0.0016503745080615675
2023-05-22,1,78.67,78.375,78.885,close,0.7288135593220413,0.0027329350451252843,0.0037498411084276304
2023-05-23,-1,78.495,78.82,77.72,close,2.3846153846154854,0.009873240333779343,0.004140391107713722
2023-05-24,1,77.25,77.0,77.0,stop,-1.0,-0.003236245954692518,0.003236245954692557
2023-05-25,-1,78.925,79.325,79.325,stop,-1.0,-0.005068102629078419,0.005068102629078311
2023-05-26,1,80.67,80.31,82.39,close,4.777777777777782,0.021321432998636425,0.004462625511342499
2023-05-30,1,83.73,83.29,83.29,stop,-1.0,-0.005254986265376793,0.005254986265376779
2023-05-31,1,82.765,82.325,82.325,stop,-1.0,-0.0053162568718660985,0.005316256871866099
2023-06-01,1,81.935,81.615,82.97,close,3.2343749999999147,0.012631964361994319,0.003905534875206046
2023-06-02,1,83.725,83.405,83.405,stop,-1.0,-0.0038220364287846476,0.0038220364287846306
2023-06-05,1,83.525,83.365,83.365,stop,-1.0,-0.0019155941334930704,0.0019155941334930953
2023-06-06,-1,82.4,82.83,82.83,stop,-1.0,-0.005218446601941595,0.005218446601941658
2023-06-07,1,83.4,82.79,82.79,stop,-1.0,-0.007314148681055177,0.007314148681055148
2023-06-08,1,82.105,81.78,81.78,stop,-1.0,-0.003958346020339842,0.003958346020339843
2023-06-09,1,83.33,82.985,82.985,stop,-1.0,-0.004140165606624224,0.004140165606624251
2023-06-12,1,83.765,83.53,83.53,stop,-1.0,-0.0028054676774309506,0.002805467677430901
2023-06-13,1,85.635,85.355,85.355,stop,-1.0,-0.0032696911309628707,0.0032696911309628204
2023-06-14,1,85.3814,85.165,85.165,stop,-1.0,-0.002534509858118872,0.0025345098581189
2023-06-15,1,86.045,85.835,87.32,close,6.071428571428301,0.014817827880760026,0.0024405834156546917
2023-06-16,-1,87.51,88.15,86.605,close,1.4140625000000004,0.010341675237115822,0.007313449891440984
2023-06-20,1,86.395,85.9,85.9,stop,-1.0,-0.005729498234851471,0.0057294982348514425
2023-06-21,1,85.655,85.43,85.43,stop,-1.0,-0.0026268168816764303,0.0026268168816764264
2023-06-22,1,84.475,84.165,85.265,close,2.5483870967743116,0.009351879254217321,0.0036697247706420607
2023-06-23,1,84.415,84.08,84.08,stop,-1.0,-0.003968489012616372,0.0039684890126163355
2023-06-26,1,84.535,84.255,84.255,stop,-1.0,-0.003312237534748963,0.0033122375347489344
2023-06-27,1,84.23,84.015,84.015,stop,-1.0,-0.0025525347263445353,0.002552534726344573
2023-06-28,1,85.065,84.8375,84.8375,stop,-1.0,-0.0026744254393697986,0.0026744254393698003
2023-06-29,-1,85.245,85.525,85.525,stop,-1.0,-0.003284650126107014,0.003284650126107116
2023-06-30,1,86.57,86.355,86.915,close,1.604651162790839,0.003985214277463456,0.0024835393323320923
2023-07-05,1,86.49,86.105,86.105,stop,-1.0,-0.004451381662619824,0.004451381662619851
2023-07-06,-1,85.2305,85.65,85.65,stop,-1.0,-0.004921946955608547,0.004921946955608606
2023-07-07,1,85.9625,85.69,85.69,stop,-1.0,-0.0031699869128981595,0.003169986912898158
2023-07-10,1,85.615,85.295,85.295,stop,-1.0,-0.003737662792734797,0.0037376627927348384
2023-07-11,-1,85.84,86.085,86.085,stop,-1.0,-0.0028541472506988796,0.0028541472506988623
2023-07-12,1,87.03,86.84,86.84,stop,-1.0,-0.002183155233827394,0.0021831552338273897
2023-07-13,1,87.67,87.41,88.115,close,1.7115384615384017,0.005075852629177424,0.002965666704688093
2023-07-14,1,88.575,88.3,88.3,stop,-1.0,-0.0031047135196161646,0.0031047135196162084
2023-07-17,1,88.4,88.07,88.07,stop,-1.0,-0.0037330316742082426,0.003733031674208286
2023-07-18,-1,88.77,88.98,88.98,stop,-1.0,-0.002365664075701268,0.00236566407570134
2023-07-19,-1,90.1449,90.525,90.525,stop,-1.0,-0.004216544696372226,0.0042165446963721605
2023-07-20,1,89.7075,89.26,89.26,stop,-1.0,-0.004988434634785155,0.004988434634785173
2023-07-21,-1,88.605,89.115,88.04,close,1.1078431372549173,0.006376615315162759,0.005755882850854815
2023-07-24,-1,88.39,88.67,88.225,close,0.5892857142857342,0.0018667270053174256,0.0031677791605385355
2023-07-25,1,88.63,88.49,89.21,close,4.142857142857114,0.006544059573507788,0.001579600586708796
2023-07-26,-1,87.94,88.51,88.03,close,-0.1578947368421092,-0.0010234250625427155,0.006481692062770154
2023-07-27,1,89.36,89.085,89.085,stop,-1.0,-0.003077439570277618,0.003077439570277593
2023-07-31,1,89.205,88.97,88.97,stop,-1.0,-0.002634381480858705,0.00263438148085869
2023-08-01,1,88.95,88.73,88.73,stop,-1.0,-0.0024732996065205404,0.0024732996065205044
2023-08-02,-1,88.2,88.595,87.1,close,2.784810126582328,0.012471655328798237,0.004478458049886576
2023-08-03,1,86.685,86.3625,86.3625,stop,-1.0,-0.003720366845475054,0.0037203668454750547
2023-08-04,1,86.655,86.15,86.15,stop,-1.0,-0.005827707576019803,0.005827707576019797
2023-08-07,-1,85.745,86.235,85.825,close,-0.1632653061224472,-0.0009329990086885953,0.005714618928217329
2023-08-08,1,85.24,85.02,85.02,stop,-1.0,-0.0025809479117785417,0.0025809479117784944
2023-08-09,-1,85.045,85.275,84.05,close,4.326086956521684,0.011699688400258701,0.002704450584984467
2023-08-10,1,84.9,84.595,84.595,stop,-1.0,-0.0035924617196703146,0.0035924617196702803
2023-08-11,1,83.49,83.22,83.22,stop,-1.0,-0.0032339202299676018,0.0032339202299676135
2023-08-14,1,83.41,83.165,84.785,close,5.612244897959405,0.016484833952763456,0.002937297686128646
2023-08-15,1,84.675,84.455,84.455,stop,-1.0,-0.0025981694715087045,0.0025981694715086962
2023-08-16,1,83.965,83.635,83.635,stop,-1.0,-0.003930209015661212,0.003930209015661267
2023-08-17,-1,83.41,83.6675,82.355,close,4.09708737864063,0.012648363505574745,0.0030871598129721543
2023-08-18,1,81.79,81.5,81.5,stop,-1.0,-0.003545665729306813,0.0035456657293068375
2023-08-21,1,83.135,82.895,82.895,stop,-1.0,-0.002886870752390802,0.002886870752390799
2023-08-22,-1,84.68,84.86,83.935,close,4.138888888889084,0.008797827113840362,0.0021256495040150284
2023-08-23,1,84.385,84.16,84.16,stop,-1.0,-0.002666350654737304,0.0026663506547373174
2023-08-24,-1,85.98,86.555,83.495,close,4.32173913043476,0.02890207024889513,0.006687601767853022
2023-08-25,1,84.055,83.795,83.795,stop,-1.0,-0.0030932127773481977,0.0030932127773482254
2023-08-28,1,85.165,84.795,84.795,stop,-1.0,-0.0043445077203077,0.004344507720307691
2023-08-29,1,84.945,84.71,86.715,close,7.531914893617083,0.02083701218435463,0.0027664959679792743
2023-08-30,-1,86.665,86.905,86.905,stop,-1.0,-0.0027692840246926753,0.0027692840246927235
2023-08-31,1,87.93,87.585,87.585,stop,-1.0,-0.003923575571477489,0.00392357557147746
2023-09-01,-1,88.26,88.495,88.095,close,0.7021276595744964,0.001869476546566995,0.0026625878087468777
2023-09-06,-1,87.99,88.24,88.24,stop,-1.0,-0.002841231958176982,0.002841231958177066
2023-09-07,1,85.925,85.54,86.185,close,0.6753246753247045,0.0030258946755892246,0.00448065173116079
2023-09-08,1,86.71,86.21,86.21,stop,-1.0,-0.005766347595433041,0.005766347595433053
2023-09-11,-1,87.0325,87.235,86.83,close,1.0,0.0023267170309941854,0.0023267170309941754
2023-09-12,1,86.27,85.955,85.955,stop,-1.0,-0.003651327228468726,0.0036513272284687346
2023-09-13,1,85.605,85.235,85.235,stop,-1.0,-0.004322177442906416,0.004322177442906425
2023-09-14,-1,85.765,86.065,86.065,stop,-1.0,-0.003497930391185289,0.003497930391185182
2023-09-15,-1,85.425,85.82,84.46,close,2.4430379746835778,0.011296458882060323,0.004623939127889915
2023-09-18,1,84.43,84.0,84.675,close,0.5697674418604336,0.00290181215207852,0.005092976430178927
2023-09-19,1,84.3625,84.13,84.13,stop,-1.0,-0.0027559638464957903,0.0027559638464957977
2023-09-20,1,84.89,84.62,84.62,stop,-1.0,-0.0031805866415360873,0.0031805866415360587
2023-09-21,1,82.73,82.37,82.37,stop,-1.0,-0.0043515048954430036,0.004351504895443
2023-09-22,-1,82.245,82.465,82.465,stop,-1.0,-0.0026749346464831625,0.002674934646483055
2023-09-25,1,82.11,81.785,82.505,close,1.2153846153845924,0.004810619900133872,0.003958104981122919
2023-09-26,-1,81.72,81.975,81.0,close,2.823529411764752,0.008810572687224627,0.0031204111600586816
2023-09-27,-1,81.315,81.49,81.49,stop,-1.0,-0.002152124454282589,0.0021521244542826927
2023-09-28,1,80.79,80.345,81.685,close,2.0112359550561374,0.01107810372570861,0.005508107439039576
2023-09-29,-1,82.45,82.61,82.61,stop,-1.0,-0.0019405700424499628,0.0019405700424499283
2023-10-02,1,82.44,81.88,82.875,close,0.7767857142857152,0.00527656477438132,0.0067928190198932835
2023-10-03,1,82.565,82.325,82.325,stop,-1.0,-0.0029068007024767306,0.0029068007024767744
2023-10-04,1,81.8875,81.505,82.43,close,1.4183006535947542,0.006624942756831009,0.004671042588917812
2023-10-05,-1,82.38,82.6,82.6,stop,-1.0,-0.0026705511046369868,0.002670551104637034
2023-10-06,-1,81.995,82.43,82.43,stop,-1.0,-0.005305201536679016,0.005305201536679093
2023-10-09,-1,83.31,83.61,83.61,stop,-1.0,-0.003601008282319018,0.003601008282319015
2023-10-10,-1,84.47,84.695,84.695,stop,-1.0,-0.002663667574286599,0.002663667574286662
2023-10-11,1,85.295,84.935,84.935,stop,-1.0,-0.004220645993317285,0.004220645993317304
2023-10-12,1,85.585,85.44,85.44,stop,-1.0,-0.0016942221183617878,0.001694222118361816
2023-10-13,-1,85.555,85.855,84.305,close,4.166666666666706,0.014610484483665531,0.003506516276079681
2023-10-16,1,84.885,84.44,85.115,close,0.5168539325842381,0.002709548212287194,0.00524238675855578
2023-10-17,-1,83.77,84.155,84.155,stop,-1.0,-0.0045959173928613595,0.004595917392861468
2023-10-18,1,84.565,84.1,84.1,stop,-1.0,-0.00549872878850588,0.005498728788505923
2023-10-19,-1,84.18,84.45,84.45,stop,-1.0,-0.0032074126870991204,0.003207412687099026
2023-10-20,-1,82.97,83.34,83.34,stop,-1.0,-0.004459443172230904,0.004459443172230982
2023-10-23,-1,81.38,81.715,81.715,stop,-1.0,-0.0041164905382158334,0.004116490538215876
2023-10-24,1,82.52,82.145,82.145,stop,-1.0,-0.004544352884149339,0.004544352884149297
2023-10-25,-1,82.715,83.125,81.67,close,2.5487804878049034,0.012633742368373335,0.004956779302423945
2023-10-26,-1,81.6825,82.16,80.0625,close,3.392670157068129,0.019832889541823606,0.005845805405074429
2023-10-27,-1,80.585,80.91,80.91,stop,-1.0,-0.004033008624433787,0.004033008624433863
2023-10-30,1,81.095,80.745,80.745,stop,-1.0,-0.004315925766076756,0.004315925766076753
2023-10-31,-1,81.15,81.535,81.535,stop,-1.0,-0.004744300677757218,0.004744300677757127
2023-11-01,1,82.455,82.15,83.585,close,3.70491803278696,0.013704444848705366,0.0036989873264203824
2023-11-02,1,84.495,84.23,84.23,stop,-1.0,-0.0031362802532693967,0.0031362802532694306
2023-11-03,1,85.075,84.735,85.885,close,2.3823529411764532,0.00952101087275925,0.003996473699676796
2023-11-06,1,86.22,85.97,85.97,stop,-1.0,-0.0028995592669913695,0.002899559266991417
2023-11-07,-1,86.565,86.82,86.82,stop,-1.0,-0.0029457632992548888,0.002945763299254843
2023-11-08,1,87.985,87.5975,87.5975,stop,-1.0,-0.00440415979996589,0.004404159799965936
2023-11-09,-1,87.95,88.07,88.07,stop,-1.0,-0.0013644115974984494,0.0013644115974984687
2023-11-10,1,88.13,87.905,89.76,close,7.24444444444467,0.018495404516055913,0.0025530466356518135
2023-11-13,-1,89.16,89.3925,89.3925,stop,-1.0,-0.0026076716016150137,0.0026076716016150935
2023-11-14,1,90.77,90.32,91.02,close,0.555555555555552,0.0027542139473393235,0.0049575851052110044
2023-11-15,1,91.47,91.245,91.245,stop,-1.0,-0.0024598228927517063,0.00245982289275166
2023-11-16,1,91.23,90.79,91.6,close,0.8409090909090733,0.004055683437465651,0.004822974898607889
2023-11-17,-1,91.23,91.455,91.455,stop,-1.0,-0.002466293982242629,0.002466293982242621
2023-11-20,1,92.07,91.505,92.75,close,1.2035398230088665,0.0073856848050397605,0.006136635168893209
2023-11-21,1,92.35,92.13,92.13,stop,-1.0,-0.0023822414726583085,0.0023822414726583528
2023-11-22,1,93.06,92.525,92.525,stop,-1.0,-0.005748979153234468,0.005748979153234436
2023-11-27,-1,91.96,92.31,92.31,stop,-1.0,-0.00380600260983055,0.003806002609830454
2023-11-28,1,92.225,91.89,92.37,close,0.432835820895561,0.0015722417999459726,0.0036324207102195042
2023-11-29,1,93.33,93.0,93.0,stop,-1.0,-0.003535840565734527,0.0035358405657344725
2023-11-30,-1,92.715,92.955,92.56,close,0.6458333333333518,0.0016717898937604891,0.002588577900016123
2023-12-01,-1,92.05,92.4,92.4,stop,-1.0,-0.0038022813688214363,0.0038022813688213856
2023-12-04,-1,91.595,91.865,91.67,close,-0.2777777777777924,-0.0008188219880997938,0.00294775915715919
2023-12-05,1,91.48,91.17,92.22,close,2.3870967741935143,0.008089199825098259,0.0033887188456493468
2023-12-06,-1,92.535,92.92,91.435,close,2.8571428571428044,0.01188739395904248,0.004160587885664939
2023-12-07,1,92.13,91.735,91.735,stop,-1.0,-0.004287419950070537,0.00428741995007051
2023-12-08,1,92.585,92.225,93.33,close,2.06944444444446,0.008046659826105751,0.00388831884214505
2023-12-11,1,93.365,92.84,94.115,close,1.4285714285714517,0.008032988807368913,0.0056230921651581585
2023-12-12,1,93.935,93.72,94.795,close,3.999999999999934,0.009155266939905315,0.0022888167349763497
2023-12-13,1,95.18,94.985,94.985,stop,-1.0,-0.0020487497373398167,0.002048749737339855
2023-12-14,1,96.0,95.58,95.58,stop,-1.0,-0.004375000000000018,0.004375000000000018
2023-12-15,1,95.69,95.27,95.86,close,0.40476190476190715,0.0017765701745218188,0.004389173372348226
2023-12-18,-1,95.575,95.845,95.845,stop,-1.0,-0.0028250065393669033,0.0028250065393669475
2023-12-19,1,96.095,95.855,95.855,stop,-1.0,-0.0024975284874342307,0.0024975284874342567
2023-12-20,-1,96.025,96.23,96.23,stop,-1.0,-0.0021348607133557795,0.002134860713355879
2023-12-21,-1,95.75,96.115,95.885,close,-0.3698630136986493,-0.0014099216710183882,0.0038120104438641765
2023-12-22,-1,96.03,96.235,96.235,stop,-1.0,-0.0021347495574299824,0.002134749557429952
2023-12-26,1,96.31,96.085,96.435,close,0.5555555555555345,0.001297892223029784,0.0023362060014537277
2023-12-27,-1,96.4,96.62,96.47,close,-0.3181818181817888,-0.0007261410788381717,0.0022821576763485357
2023-12-28,-1,96.575,96.86,96.555,close,0.07017543859647811,0.00020709293295362308,0.002951074294589662
2023-12-29,-1,96.585,96.78,96.2375,close,1.7820512820511971,0.003597867163638191,0.0020189470414661427
2024-01-02,-1,94.58,95.08,93.755,close,1.6500000000000057,0.008722774370902964,0.005286529921759357
2024-01-03,1,93.255,92.755,92.755,stop,-1.0,-0.005361642807356182,0.005361642807356174
2024-01-04,1,92.545,92.15,92.15,stop,-1.0,-0.004268193851639679,0.0042681938516397
2024-01-05,1,92.485,92.12,92.12,stop,-1.0,-0.003946585932853908,0.003946585932853921
2024-01-08,1,92.71,92.43,94.375,close,5.946428571428871,0.01795922769927749,0.0030201704239023507
2024-01-09,-1,93.635,93.925,93.925,stop,-1.0,-0.003097132482511755,0.003097132482511796
2024-01-10,-1,94.565,94.88,94.88,stop,-1.0,-0.0033310421403267565,0.0033310421403267352
2024-01-11,1,96.115,95.72,95.72,stop,-1.0,-0.004109660302762275,0.004109660302762275
2024-01-12,1,96.135,95.9,95.9,stop,-1.0,-0.002444479117907128,0.0024444791179071036
2024-01-17,-1,95.13,95.75,95.75,stop,-1.0,-0.006517397245874079,0.006517397245874115
2024-01-18,1,97.36,97.065,97.065,stop,-1.0,-0.0030299917830731715,0.003029991783073148
2024-01-19,1,98.55,98.255,100.105,close,5.271186440677959,0.01577879249112124,0.0029934043632673943
2024-01-22,1,101.11,100.575,100.575,stop,-1.0,-0.005291266936999328,0.005291266936999274
2024-01-23,-1,100.07,100.635,100.635,stop,-1.0,-0.005646047766563633,0.005646047766563526
2024-01-24,-1,101.51,101.745,101.745,stop,-1.0,-0.0023150428529208344,0.0023150428529208887
2024-01-25,-1,102.445,102.745,102.745,stop,-1.0,-0.00292840060520283,0.002928400605202903
2024-01-26,-1,101.1772,101.44,101.44,stop,-1.0,-0.002597423134856447,0.0025974231348564556
2024-01-29,1,101.16,100.93,100.93,stop,-1.0,-0.002273625939106294,0.002273625939106265
2024-01-30,-1,101.655,101.92,100.945,close,2.679245283018892,0.006984408046825097,0.0026068565245192126
2024-01-31,1,100.355,99.855,99.855,stop,-1.0,-0.004982312789596932,0.00498231278959693
2024-02-01,1,99.53,99.17,100.09,close,1.5555555555555642,0.0056264442881543975,0.003616999899527775
2024-02-02,1,99.94,99.3725,101.11,close,2.0616740088105923,0.011707024214528738,0.00567840704422649
2024-02-05,-1,101.315,101.64,101.35,close,-0.10769230769229626,-0.0003454572373291498,0.003207817203770447
2024-02-06,-1,101.38,101.635,100.875,close,1.9803921568626521,0.0049812586308936035,0.002515289011639472
2024-02-07,-1,101.395,101.62,101.62,stop,-1.0,-0.0022190443315746045,0.002219044331574619
2024-02-08,1,102.455,102.27,102.555,close,0.54054054054058,0.0009760382606998075,0.0018056707822946881
2024-02-09,-1,102.9,103.08,103.08,stop,-1.0,-0.0017492711370261649,0.0017492711370261673
2024-02-12,-1,103.645,103.945,103.945,stop,-1.0,-0.0028944956341356853,0.0028944956341357244
2024-02-13,1,101.02,100.635,100.635,stop,-1.0,-0.0038111265096019142,0.0038111265096019693
2024-02-14,-1,102.08,102.3,102.3,stop,-1.0,-0.0021551724137931494,0.002155172413793092
2024-02-15,-1,102.38,102.675,102.205,close,0.5932203389830378,0.0017093182262160056,0.0028814221527642286
2024-02-16,1,102.57,102.31,102.31,stop,-1.0,-0.0025348542458807355,0.0025348542458807732
2024-02-20,-1,100.65,101.05,100.275,close,0.93750000000002,0.0037257824143069884,0.003974167908594053
2024-02-21,-1,99.055,99.375,99.375,stop,-1.0,-0.0032305284942708568,0.0032305284942707904
2024-02-22,1,102.455,101.965,102.9,close,0.908163265306147,0.004343370260114332,0.0047825874774290655
2024-02-23,1,103.815,103.49,103.49,stop,-1.0,-0.0031305688002697396,0.003130568800269738
2024-02-26,-1,103.045,103.35,102.75,close,0.9672131147541274,0.002862826920277617,0.0029598719006258684
2024-02-27,-1,102.7875,103.025,102.855,close,-0.28421052631581656,-0.0006566946369939153,0.0023105922412745847
2024-02-28,-1,102.205,102.63,102.375,close,-0.4000000000000067,-0.00166332371214728,0.004158309280367861
2024-02-29,1,103.19,102.885,102.885,stop,-1.0,-0.0029557127628645485,0.0029557127628645472
2024-03-01,1,104.335,103.705,105.375,close,1.6507936507936727,0.009967891886711211,0.006038242200603781
2024-03-04,1,105.29,104.995,105.3702,close,0.271864406779628,0.0007617057650297632,0.002801785544686121
2024-03-05,-1,103.9175,104.39,102.775,close,2.417989417989432,0.010994298361681087,0.0045468761276974195
2024-03-06,-1,103.66,103.955,103.955,stop,-1.0,-0.0028458421763457586,0.002845842176345762
2024-03-07,1,104.575,104.275,104.275,stop,-1.0,-0.002868754482428848,0.0028687544824288515
2024-03-08,-1,105.28,105.605,105.605,stop,-1.0,-0.0030870060790273435,0.0030870060790273825
2024-03-11,1,103.38,102.645,103.385,close,0.006802721088448527,4.836525440143902e-05,0.007109692396982003
2024-03-12,-1,104.12,104.565,104.565,stop,-1.0,-0.004273914713791793,0.004273914713791713
2024-03-13,-1,104.79,105.25,104.31,close,1.043478260869588,0.004580589750930453,0.004389731844641604
2024-03-14,1,105.01,104.55,104.55,stop,-1.0,-0.004380535187125112,0.004380535187125111
2024-03-15,-1,102.855,103.36,102.805,close,0.09900990099009427,0.00048612123863689405,0.0049098245102328075
2024-03-18,1,103.965,103.53,103.53,stop,-1.0,-0.004184100418410108,0.004184100418410063
2024-03-19,-1,102.365,102.765,102.765,stop,-1.0,-0.003907585600547048,0.003907585600547118
2024-03-20,-1,103.605,103.915,103.915,stop,-1.0,-0.002992133584286405,0.0029921335842864943
2024-03-21,-1,105.63,105.965,104.93,close,2.0895522388058865,0.006626905235254998,0.003171447505443605
2024-03-22,-1,104.78,105.02,105.02,stop,-1.0,-0.002290513456766563,0.0022905134567665097
2024-03-25,-1,103.845,104.13,104.13,stop,-1.0,-0.0027444749386102973,0.0027444749386103962
2024-03-26,1,104.655,104.45,104.45,stop,-1.0,-0.0019588170655964188,0.0019588170655964673
2024-03-27,-1,104.25,104.54,104.345,close,-0.3275862068965407,-0.0009112709832133081,0.0027817745803357915
2024-03-28,1,104.195,103.925,104.125,close,-0.2592592592592378,-0.0006718172657036448,0.0025912951677143437
2024-04-01,1,104.725,104.295,104.295,stop,-1.0,-0.004105991883504356,0.004105991883504346
2024-04-02,-1,103.13,103.375,103.375,stop,-1.0,-0.002375642393096067,0.0023756423930961367
2024-04-03,1,103.03,102.875,103.68,close,4.19354838709678,0.0063088420848296245,0.0015044161894593917
2024-04-04,1,104.87,104.64,104.64,stop,-1.0,-0.0021931915705158955,0.0021931915705159146
2024-04-05,-1,102.41,102.62,102.62,stop,-1.0,-0.002050580997949414,0.0020505809979494967
2024-04-08,-1,103.04,103.39,103.39,stop,-1.0,-0.0033967391304348116,0.0033967391304347274
2024-04-10,1,102.59,102.295,102.295,stop,-1.0,-0.002875523930207624,0.0028755239302076393
2024-04-11,1,102.855,102.555,102.555,stop,-1.0,-0.0029167274318214753,0.0029167274318214684
2024-04-12,1,103.36,103.085,103.085,stop,-1.0,-0.0026606037151702955,0.0026606037151703336
2024-04-15,-1,102.895,103.395,103.395,stop,-1.0,-0.004859322610428096,0.004859322610428107
2024-04-17,1,101.305,101.085,101.085,stop,-1.0,-0.0021716598390998376,0.002171659839099877
2024-04-18,-1,99.04,99.415,99.415,stop,-1.0,-0.0037863489499192493,0.003786348949919224
2024-04-19,1,98.045,97.74,97.74,stop,-1.0,-0.003110816461828869,0.0031108164618288215
2024-04-22,1,97.115,96.765,96.765,stop,-1.0,-0.003603974669206589,0.0036039746692065524
2024-04-23,1,97.7325,97.385,98.525,close,2.280575539568379,0.00810886859540072,0.0035556237689611603
2024-04-24,1,99.435,99.1725,99.1725,stop,-1.0,-0.0026399155227032622,0.002639915522703302
2024-04-25,1,97.835,97.345,98.8,close,1.9693877551020684,0.009863545765830262,0.005008432565032912
2024-04-26,1,99.65,99.19,99.895,close,0.5326086956521436,0.0024586051179125157,0.004616156547917792
2024-04-29,-1,100.335,100.58,100.345,close,-0.04081632653063237,-9.966611850309448e-05,0.0024418199033239105
2024-04-30,-1,99.945,100.185,100.185,stop,-1.0,-0.002401320726399536,0.002401320726399611
2024-05-01,1,97.735,97.41,97.41,stop,-1.0,-0.0033253184631912847,0.0033253184631913115
2024-05-02,-1,98.125,98.5,98.5,stop,-1.0,-0.003821656050955413,0.003821656050955414
2024-05-03,-1,100.855,101.205,101.205,stop,-1.0,-0.003470328689702873,0.0034703286897029826
2024-05-06,1,101.745,101.505,102.465,close,2.9999999999998814,0.0070765148164528835,0.002358838272151055
2024-05-07,1,102.8,102.665,102.665,stop,-1.0,-0.0013132295719843201,0.0013132295719843474
2024-05-08,1,101.86,101.74,102.42,close,4.666666666666509,0.0054977419988220255,0.0011780875711761688
2024-05-09,-1,102.15,102.35,102.35,stop,-1.0,-0.0019579050416054233,0.001957905041605371
2024-05-10,1,103.25,102.785,102.785,stop,-1.0,-0.004503631961259136,0.004503631961259113
2024-05-13,-1,103.175,103.61,103.26,close,-0.195402298850592,-0.0008238429852194251,0.004216137630239906
2024-05-14,1,103.425,103.16,104.17,close,2.8113207547169923,0.0072032874063330254,0.002562243171380233
2024-05-15,1,105.025,104.79,104.79,stop,-1.0,-0.002237562485122635,0.0022375624851225843
2024-05-17,-1,106.18,106.455,105.915,close,0.9636363636363956,0.0024957619137313536,0.0025899416085891076
2024-05-20,1,106.4,105.92,107.155,close,1.572916666666644,0.007095864661654128,0.004511278195488759
2024-05-21,1,106.895,106.66,106.66,stop,-1.0,-0.0021984190093081724,0.0021984190093081945
2024-05-22,-1,107.59,107.87,107.87,stop,-1.0,-0.002602472348731233,0.0026024723487313053
2024-05-23,-1,108.335,108.81,106.735,close,3.3684210526315064,0.014769003553791404,0.004384547930031925
2024-05-24,-1,106.73,107.045,107.045,stop,-1.0,-0.0029513726225054437,0.002951372622505366
2024-05-28,-1,107.855,108.2198,108.2198,stop,-1.0,-0.0033823188540169635,0.00338231885401699
2024-05-29,1,107.275,106.91,107.38,close,0.2876712328766771,0.0009787928221858255,0.003402470286646554
2024-05-30,-1,105.9785,106.33,104.87,close,3.1536273115220133,0.01045966870638848,0.003316710464858452
2024-05-31,1,105.225,104.85,104.85,stop,-1.0,-0.0035637918745545782,0.003563791874554526
2024-06-03,-1,105.715,105.98,105.35,close,1.3773584905660692,0.0034526793737881256,0.0025067398193255506
2024-06-04,-1,105.0,105.305,105.305,stop,-1.0,-0.0029047619047619655,0.00290476190476197
2024-06-05,-1,106.3575,106.505,106.505,stop,-1.0,-0.0013868321462990885,0.0013868321462989798
2024-06-06,-1,107.83,108.0432,107.565,close,1.2429643527204501,0.002457572104238137,0.0019771863117870768
2024-06-07,-1,107.385,107.73,107.73,stop,-1.0,-0.0032127392093868057,0.0032127392093867753
2024-06-10,1,107.79,107.365,108.1,close,0.7294117647058348,0.0028759625197141148,0.0039428518415438474
2024-06-11,1,108.155,107.75,110.095,close,4.790123456790105,0.017937219730941756,0.003744625768572892
2024-06-12,1,111.755,110.975,112.53,close,0.9935897435897494,0.006934812760055475,0.006979553487539718
2024-06-13,1,113.805,113.45,113.45,stop,-1.0,-0.003119370853653214,0.0031193708536532134
2024-06-14,1,113.57,113.175,113.82,close,0.6329113924050697,0.0022012855507616003,0.003478031170203364
2024-06-17,-1,113.945,114.355,114.355,stop,-1.0,-0.003598227214884453,0.003598227214884469
2024-06-18,1,116.0447,115.625,115.625,stop,-1.0,-0.0036167097678739824,0.0036167097678739824
2024-06-20,-1,115.435,116.295,114.39,close,1.2151162790697703,0.009052713648373567,0.0074500801316758295
2024-06-24,-1,112.68,113.29,113.29,stop,-1.0,-0.0054135605253815555,0.005413560525381607
2024-06-25,-1,111.7,112.135,112.135,stop,-1.0,-0.0038943598925693657,0.0038943598925694025
2024-06-26,-1,112.84,113.235,113.235,stop,-1.0,-0.0035005317263381297,0.0035005317263381427
2024-06-27,1,113.285,112.765,113.215,close,-0.13461538461537254,-0.0006179105795117712,0.004590192876373713
2024-06-28,1,113.57,113.33,113.33,stop,-1.0,-0.0021132341287311007,0.002113234128731134
2024-07-01,-1,112.535,113.29,113.29,stop,-1.0,-0.006709023859243768,0.006709023859243877
2024-07-02,1,113.585,112.98,114.54,close,1.5785123966942622,0.008407800325747283,0.005326407536206276
2024-07-05,-1,116.075,116.565,116.565,stop,-1.0,-0.004221408572043783,0.004221408572043893
2024-07-08,1,117.165,116.72,116.72,stop,-1.0,-0.0037980625613451835,0.0037980625613451744
2024-07-10,-1,117.43,117.945,117.945,stop,-1.0,-0.004385591416162793,0.004385591416162704
2024-07-11,-1,118.6066,119.07,115.815,close,6.024169184290128,0.023536632868659924,0.003907033841287019
2024-07-12,-1,115.875,116.2975,116.2975,stop,-1.0,-0.003646170442286989,0.003646170442286942
2024-07-15,-1,117.41,117.815,117.815,stop,-1.0,-0.003449450643045804,0.003449450643045747
2024-07-16,1,117.385,116.975,116.975,stop,-1.0,-0.00349278016782395,0.0034927801678239193
2024-07-17,-1,113.81,114.165,112.185,close,4.577464788732343,0.014278182936473094,0.0031192338107372286
2024-07-18,-1,113.01,113.43,112.19,close,1.952380952380962,0.007255995044686325,0.0037164852667905643
2024-07-19,1,111.865,111.185,111.185,stop,-1.0,-0.006078755642962452,0.006078755642962434
2024-07-22,1,112.025,111.505,111.505,stop,-1.0,-0.004641821022093429,0.004641821022093374
2024-07-23,1,112.91,112.545,112.545,stop,-1.0,-0.0032326631830661423,0.0032326631830661137
2024-07-24,-1,111.025,111.4795,107.985,close,6.688668866886763,0.027381220445845567,0.004093672596262066
2024-07-25,-1,107.225,108.1249,108.1249,stop,-1.0,-0.008392632315225024,0.008392632315225017
2024-07-26,-1,107.655,108.225,108.225,stop,-1.0,-0.0052946913752263125,0.005294691375226354
2024-07-29,1,109.08,108.405,108.405,stop,-1.0,-0.006188118811881194,0.006188118811881162
2024-07-30,1,108.085,107.775,107.775,stop,-1.0,-0.002868113059166233,0.0028681130591662867
2024-07-31,1,108.3992,107.435,109.38,close,1.017216345156618,0.009048037254887564,0.008894899593354851
2024-08-01,1,109.53,108.96,108.96,stop,-1.0,-0.005204053683922294,0.005204053683922281
2024-08-02,1,102.625,101.7,101.7,stop,-1.0,-0.009013398294762442,0.009013398294762456
2024-08-05,1,96.63,95.3725,99.02,close,1.9005964214711837,0.024733519610886878,0.01301355686639753
2024-08-06,-1,99.975,100.73,100.73,stop,-1.0,-0.007551887971993132,0.007551887971993096
2024-08-07,1,103.18,102.5,102.5,stop,-1.0,-0.006590424500872327,0.006590424500872328
2024-08-08,-1,100.1525,100.615,100.615,stop,-1.0,-0.00461795761463768,0.004617957614637592
2024-08-09,1,102.67,102.08,102.08,stop,-1.0,-0.0057465666699133555,0.005746566669913348
2024-08-12,1,103.735,103.135,103.135,stop,-1.0,-0.005783968766568615,0.005783968766568606
2024-08-13,-1,104.85,105.39,105.39,stop,-1.0,-0.005150214592274827,0.005150214592274738
2024-08-14,-1,107.115,107.775,107.775,stop,-1.0,-0.006161602016524492,0.006161602016524398
2024-08-15,1,108.95,108.58,110.555,close,4.337837837837795,0.014731528223955959,0.0033960532354291376
2024-08-16,1,110.135,109.63,110.705,close,1.1287128712870935,0.005175466472964851,0.004585281699732234
2024-08-19,-1,110.375,110.735,110.735,stop,-1.0,-0.0032616081540204345,0.00326160815402038
2024-08-20,1,112.605,112.15,112.15,stop,-1.0,-0.004040673149504848,0.004040673149504891
2024-08-22,-1,113.31,113.685,110.235,close,8.200000000000008,0.027137940164151497,0.003309504898067249
2024-08-23,1,111.3475,111.0,111.0,stop,-1.0,-0.003120860369563716,0.0031208603695637225
2024-08-26,1,112.26,111.685,111.685,stop,-1.0,-0.005122038125779493,0.005122038125779466
2024-08-27,-1,109.77,110.23,110.23,stop,-1.0,-0.004190580304272551,0.004190580304272643
2024-08-28,-1,111.025,111.315,109.7,close,4.568965517241515,0.011934249043008327,0.002612024318847035
2024-08-29,1,110.7,109.455,109.455,stop,-1.0,-0.011246612466124684,0.011246612466124703
2024-08-30,1,110.075,109.575,109.575,stop,-1.0,-0.004542357483533932,0.004542357483533954
2024-09-03,-1,108.325,109.08,105.115,close,4.251655629139109,0.029633048696053654,0.006969766905146508
2024-09-04,1,104.4,103.7775,103.7775,stop,-1.0,-0.005962643678160906,0.005962643678160941
2024-09-05,1,104.625,104.06,104.06,stop,-1.0,-0.005400238948626068,0.005400238948626024
2024-09-06,-1,104.325,104.84,101.96,close,4.5922330097087505,0.02266954229571061,0.004936496525281577
2024-09-09,1,103.655,103.125,103.125,stop,-1.0,-0.005113115623944786,0.005113115623944828
2024-09-10,-1,104.29,104.95,104.95,stop,-1.0,-0.006328507047655529,0.006328507047655542
2024-09-11,1,105.94,105.42,105.42,stop,-1.0,-0.0049084387389087825,0.004908438738908779
2024-09-12,1,108.69,107.955,107.955,stop,-1.0,-0.006762351642285447,0.006762351642285394
2024-09-13,1,110.045,109.7075,109.7075,stop,-1.0,-0.0030669271661593056,0.0030669271661593503
2024-09-16,-1,108.925,109.525,109.525,stop,-1.0,-0.0055083773238466804,0.005508377323846762
2024-09-17,-1,110.585,111.07,109.605,close,2.020618556701012,0.008861961387168105,0.004385766604874074
2024-09-18,-1,109.49,109.87,109.87,stop,-1.0,-0.0034706365878163226,0.0034706365878163273
2024-09-19,-1,111.37,111.725,111.725,stop,-1.0,-0.003187572955014817,0.0031875729550147236
2024-09-20,1,111.7,111.21,111.21,stop,-1.0,-0.004386750223813851,0.0043867502238138685
2024-09-23,-1,110.76,111.21,111.21,stop,-1.0,-0.004062838569880656,0.004062838569880721
2024-09-24,-1,111.35,111.595,111.595,stop,-1.0,-0.002200269420745471,0.0022002694207454384
2024-09-25,1,111.9545,111.535,112.155,close,0.47794994040525757,0.0017909061270426907,0.0037470579565805693
2024-09-26,-1,113.96,114.4394,113.555,close,0.8448060075093374,0.0035538785538784534,0.004206739206739317
2024-09-27,-1,113.495,113.805,112.535,close,3.09677419354839,0.008458522401867952,0.002731397858936537
2024-09-30,1,112.49,111.98,111.98,stop,-1.0,-0.004533736332118288,0.00453373633211833
2024-10-01,-1,111.835,112.61,110.11,close,2.2258064516128795,0.015424509321768642,0.006929852014128007
2024-10-02,-1,109.95,110.355,110.355,stop,-1.0,-0.003683492496589391,0.003683492496589369
2024-10-03,1,111.275,110.62,110.62,stop,-1.0,-0.005886317681419895,0.005886317681419916
2024-10-04,-1,112.56,112.925,112.645,close,-0.23287671232875326,-0.0007551528073914682,0.0032427149964462942
2024-10-07,1,112.495,112.125,112.125,stop,-1.0,-0.00328903506822531,0.003289035068225295
2024-10-08,1,112.72,112.4175,113.985,close,4.1818181818182545,0.01122249822569188,0.0026836408800567325
2024-10-09,-1,113.865,114.12,114.12,stop,-1.0,-0.002239494137794784,0.002239494137794842
2024-10-10,-1,114.3,114.6725,114.6725,stop,-1.0,-0.0032589676290464276,0.003258967629046389
2024-10-11,-1,114.8,115.06,115.06,stop,-1.0,-0.0022648083623693083,0.0022648083623693824
2024-10-14,1,116.5595,116.0855,116.87,close,0.6550632911392451,0.0026638755313810325,0.004066592598629916
2024-10-16,-1,114.24,114.7,114.7,stop,-1.0,-0.004026610644257689,0.004026610644257773
2024-10-17,-1,115.71,116.36,115.08,close,0.9692307692307538,0.005444646098003547,0.00561749200587681
2024-10-18,-1,115.345,115.88,115.44,close,-0.17757009345794295,-0.0008236161081971449,0.004638259135636539
2024-10-21,1,115.3351,115.0,115.0,stop,-1.0,-0.0029054468240804487,0.002905446824080415
2024-10-22,1,115.485,115.05,115.9,close,0.9540229885057565,0.0035935402866174027,0.0037667229510326213
2024-10-23,-1,115.1183,115.58,115.58,stop,-1.0,-0.0040106568634177275,0.004010656863417835
2024-10-24,-1,114.35,114.805,114.805,stop,-1.0,-0.003979011805859356,0.0039790118058593135
2024-10-25,1,115.625,115.165,115.165,stop,-1.0,-0.003978378378378333,0.003978378378378325
2024-10-28,-1,115.525,115.97,115.16,close,0.8202247191011566,0.0031594892880330017,0.0038519800908893586
2024-10-29,1,115.44,114.9,116.665,close,2.268518518518568,0.010611573111573236,0.004677754677754609
2024-10-30,-1,115.3617,115.735,115.735,stop,-1.0,-0.003235909318257235,0.003235909318257276
2024-10-31,-1,112.585,113.545,111.11,close,1.5364583333333146,0.01310121241728468,0.008526890793622668
2024-11-01,1,111.565,111.09,111.955,close,0.8210526315789584,0.003495719983865886,0.0042576076726571445
2024-11-04,-1,111.62,112.245,112.245,stop,-1.0,-0.005599354954309188,0.0055993549543092635
2024-11-05,1,112.775,112.215,113.445,close,1.1964285714285443,0.005941033030370191,0.004965639547772132
2024-11-06,1,116.005,115.34,115.34,stop,-1.0,-0.005732511529675355,0.0057325115296753765
2024-11-07,1,117.81,117.43,118.74,close,2.4473684210526416,0.00789406671759596,0.0032255326372973045
2024-11-08,-1,118.56,118.97,118.59,close,-0.07317073170732045,-0.00025303643724705616,0.0034581646423751397
2024-11-11,-1,118.345,118.64,117.925,close,1.4237288135593196,0.003548945878575349,0.002492711986142226
2024-11-12,1,117.985,117.75,117.75,stop,-1.0,-0.001991778615925699,0.0019917786159257484
2024-11-13,-1,117.75,118.07,118.07,stop,-1.0,-0.0027176220806792717,0.0027176220806793476
2024-11-14,-1,117.7825,118.06,117.27,close,1.8468468468468344,0.004351240634219877,0.00235603761169956
2024-11-15,-1,115.615,115.965,114.405,close,3.457142857142755,0.010465770012541564,0.0030272888466030233
2024-11-18,-1,114.21,114.405,114.405,stop,-1.0,-0.0017073811400052374,0.0017073811400053183
2024-11-19,1,114.37,114.005,115.685,close,3.602739726027301,0.011497770394334195,0.0031913963451954976
2024-11-20,-1,115.3951,115.805,115.59,close,-0.4754818248353269,-0.0016889798613632934,0.003552143895191455
2024-11-21,-1,116.47,117.275,117.275,stop,-1.0,-0.0069116510689448685,0.006911651068944851
2024-11-22,1,116.865,116.53,116.53,stop,-1.0,-0.0028665554272022664,0.0028665554272022742
2024-11-25,1,117.765,117.23,117.23,stop,-1.0,-0.004542945696938805,0.00454294569693879
2024-11-26,1,117.66,117.325,117.325,stop,-1.0,-0.0028471868094509523,0.002847186809450907
2024-11-27,-1,116.2355,116.655,115.78,close,1.085816448152566,0.003918768362505487,0.0036090523119012637
2024-12-02,1,117.33,116.92,117.97,close,1.5609756097561118,0.005454700417625524,0.0034944174550413072
2024-12-03,1,117.71,117.245,118.385,close,1.4516129032258647,0.005734432078837948,0.0039503865431992965
2024-12-04,-1,119.63,119.895,119.895,stop,-1.0,-0.0022151634205467285,0.0022151634205466904
2024-12-05,1,120.43,120.23,120.23,stop,-1.0,-0.001660715768496246,0.0016607157684962455
2024-12-06,1,120.37,120.035,120.415,close,0.1343283582089571,0.0003738473041454693,0.0027830854864169473
2024-12-09,1,120.1347,119.74,119.74,stop,-1.0,-0.0032854787168070665,0.003285478716807053
2024-12-10,1,119.35,119.075,119.075,stop,-1.0,-0.0023041474654377225,0.002304147465437717
2024-12-11,-1,118.755,119.04,119.04,stop,-1.0,-0.0023998989516231806,0.0023998989516231806
2024-12-12,1,118.92,118.7,118.7,stop,-1.0,-0.0018499831819710488,0.0018499831819710634
2024-12-13,1,120.32,120.085,120.085,stop,-1.0,-0.001953125,0.0019531249999999954
2024-12-16,-1,119.545,119.85,119.85,stop,-1.0,-0.0025513404993935396,0.002551340499393472
2024-12-17,1,119.865,119.485,119.485,stop,-1.0,-0.0031702331789930094,0.003170233178992996
2024-12-18,-1,120.02,120.4075,120.4075,stop,-1.0,-0.0032286285619063104,0.003228628561906373
2024-12-19,-1,117.105,117.575,117.575,stop,-1.0,-0.0040134921651509,0.004013492165150923
2024-12-23,1,118.47,118.0,118.0,stop,-1.0,-0.003967249092597269,0.003967249092597273
2024-12-26,1,120.25,119.88,119.88,stop,-1.0,-0.003076923076923088,0.0030769230769231147
2024-12-27,-1,119.14,119.69,118.75,close,0.7090909090909138,0.0032734597951988853,0.004616417659895897
2024-12-30,-1,116.585,117.14,117.14,stop,-1.0,-0.004760475189775848,0.004760475189775759
2024-12-31,-1,117.285,117.635,116.265,close,2.914285714285632,0.008696764292108972,0.0029841838257237373
2025-01-02,-1,116.705,117.35,117.35,stop,-1.0,-0.005526755494623226,0.005526755494623161
2025-01-03,1,116.9,116.465,117.87,close,2.2298850574712503,0.00829769033361849,0.003721129170230986
2025-01-06,1,119.635,119.16,119.16,stop,-1.0,-0.003970409997074542,0.003970409997074506
2025-01-07,-1,119.505,120.0,116.985,close,5.090909090909036,0.021086983808208837,0.004142086105183922
2025-01-08,-1,116.825,117.25,117.25,stop,-1.0,-0.003637919965760794,0.0036379199657607286
2025-01-10,-1,114.975,115.73,114.395,close,0.7682119205297893,0.005044574907588584,0.0065666449228093905
2025-01-13,-1,112.505,112.865,112.865,stop,-1.0,-0.00319985778409837,0.0031998577840984797
2025-01-14,1,114.56,114.155,114.155,stop,-1.0,-0.003535265363128537,0.0035352653631285013
2025-01-15,-1,115.305,115.66,115.66,stop,-1.0,-0.003078791032478989,0.0030787910324789882
2025-01-16,-1,116.505,117.165,115.255,close,1.893939393939363,0.010729153255225055,0.0056649929187589446
2025-01-17,-1,116.92,117.47,117.06,close,-0.2545454545454569,-0.0011973999315770811,0.004704071159767338
2025-01-21,-1,117.26,117.525,117.525,stop,-1.0,-0.0022599351867644835,0.0022599351867644596
2025-01-22,1,119.9875,119.455,120.685,close,1.30985915492959,0.005813105531826235,0.004437962287738297
2025-01-23,1,119.85,119.65,120.935,close,5.425000000000348,0.009052982895285888,0.0016687526074258543
2025-01-24,-1,120.805,121.29,119.665,close,2.35051546391753,0.009436695501014003,0.004014734489466491
2025-01-27,1,115.305,114.15,114.15,stop,-1.0,-0.010016911669051609,0.010016911669051654
2025-01-28,-1,114.1,114.685,114.685,stop,-1.0,-0.005127081507449782,0.0051270815074496755
2025-01-29,-1,115.9946,116.645,115.845,close,0.23001230012301474,0.0012897152108806154,0.0056071575745766655
2025-01-30,-1,115.495,115.95,115.95,stop,-1.0,-0.003939564483310898,0.003939564483310951
2025-01-31,-1,116.97,117.3629,117.3629,stop,-1.0,-0.0033589809352825295,0.0033589809352825286
2025-02-03,1,113.135,112.68,112.68,stop,-1.0,-0.00402174393423782,0.004021743934237842
2025-02-04,1,114.585,114.2,115.48,close,2.324675324675406,0.007810795479338495,0.003359951127983514
2025-02-05,-1,115.415,115.745,115.745,stop,-1.0,-0.002859247064939563,0.002859247064939551
2025-02-06,1,117.15,116.79,116.79,stop,-1.0,-0.003072983354673542,0.0030729833546734907
2025-02-07,1,118.325,117.79,117.79,stop,-1.0,-0.004521445172195215,0.004521445172195196
2025-02-10,1,117.58,117.295,118.135,close,1.9473684210526787,0.00472019050858985,0.0024238816125191067
2025-02-11,1,118.03,117.375,118.16,close,0.19847328244274082,0.0011014148945183155,0.005549436583919352
2025-02-12,1,116.835,116.37,117.93,close,2.354838709677502,0.009372191552189157,0.003979971755039066
2025-02-14,-1,119.33,119.57,119.57,stop,-1.0,-0.0020112293639487078,0.002011229363948671
2025-02-18,1,121.035,120.605,120.5934,gap-stop,-1.0269767441860502,-0.003648531416532319,0.0035526913702647383
2025-02-19,-1,120.59,120.945,120.945,stop,-1.0,-0.002943859358155665,0.0029438593581556493
2025-02-20,-1,120.885,121.135,120.71,close,0.7000000000000455,0.0014476568639617549,0.0020680812342308806
2025-02-24,-1,117.68,118.22,115.755,close,3.5648148148148886,0.01635791978246104,0.0045887151597552005
2025-02-25,-1,115.12,115.615,114.24,close,1.777777777777832,0.007644197359277349,0.004299861014593383
2025-02-27,-1,115.935,116.25,112.78500000000003,target,10.0,0.02717039720533032,0.002717039720533038
2025-02-28,1,110.92,109.85,112.805,close,1.761682242990647,0.0169942300757302,0.009646592138478249
2025-03-03,-1,113.165,113.575,109.06500000000004,target,10.0,0.03623028321477462,0.0036230283214774583
2025-03-04,1,108.7,108.235,108.235,stop,-1.0,-0.004277828886844581,0.004277828886844558
2025-03-05,-1,109.14,109.62,109.62,stop,-1.0,-0.0043980208905993745,0.004398020890599267
2025-03-07,1,108.115,107.585,107.585,stop,-1.0,-0.0049021874855478265,0.004902187485547807
2025-03-10,-1,106.5403,107.31,104.675,close,2.423411718851506,0.01750792892454789,0.007224496270425372
2025-03-11,1,104.62,104.17,104.17,stop,-1.0,-0.00430128082584591,0.004301280825845946
2025-03-12,1,106.655,105.9183,105.9183,stop,-1.0,-0.006907317987904893,0.006907317987904918
2025-03-13,-1,105.19,105.565,105.565,stop,-1.0,-0.0035649776594732785,0.003564977659473334
2025-03-14,1,105.79,105.155,106.9,close,1.7480314960629773,0.010492485112014283,0.006002457699215475
2025-03-17,1,107.46,106.77,106.77,stop,-1.0,-0.0064209938581797354,0.006420993858179767
2025-03-18,-1,106.765,107.06,106.085,close,2.3050847457627217,0.006369128459701279,0.0027630777876645127
2025-03-19,-1,106.51,106.835,106.835,stop,-1.0,-0.0030513566801237957,0.003051356680123825
2025-03-20,1,106.762,106.075,106.72,close,-0.06113537117904183,-0.00039339840017982297,0.006434873831513063
2025-03-21,-1,105.06,105.695,105.695,stop,-1.0,-0.006044165238910937,0.006044165238911011
2025-03-24,1,108.705,108.285,108.795,close,0.21428571428572155,0.000827928798123434,0.0038636677245757023
2025-03-25,1,109.055,108.705,108.705,stop,-1.0,-0.003209389757461878,0.003209389757461909
2025-03-26,1,108.99,108.76,108.76,stop,-1.0,-0.002110285347279528,0.0021102853472794733
2025-03-27,-1,105.645,106.275,106.275,stop,-1.0,-0.0059633678830044445,0.005963367883004493
2025-03-28,1,105.345,104.965,104.965,stop,-1.0,-0.0036071954055720834,0.0036071954055721246
2025-03-31,-1,100.615,101.59,101.59,stop,-1.0,-0.009690404015305853,0.009690404015305954
2025-04-01,-1,102.61,103.045,103.045,stop,-1.0,-0.004239352889581882,0.004239352889581934
2025-04-02,1,103.06,102.43,104.725,close,2.6428571428571495,0.01615563749272253,0.006112943916165296
2025-04-03,-1,99.583,100.35,97.655,close,2.513689700130388,0.019360734261872015,0.007702117831356717
2025-04-04,-1,94.22,95.32,91.24,close,2.7090909090909268,0.031628104436425386,0.011674803651029445
2025-04-07,-1,87.255,87.92,87.92,stop,-1.0,-0.007621339751303635,0.007621339751303722
2025-04-08,-1,94.875,95.4294,95.4294,stop,-1.0,-0.005843478260869617,0.005843478260869577
2025-04-09,1,90.9407,89.935,100.99770000000005,target,10.0,0.11058854836173504,0.01105885483617351
2025-04-10,-1,98.11,99.1,97.22,close,0.8989898989899042,0.009071450412801996,0.010090714504127967
2025-04-11,1,97.06,96.175,96.175,stop,-1.0,-0.009118071296105534,0.009118071296105553
2025-04-14,-1,101.6001,102.315,100.07,close,2.1402993425653998,0.015060024547219997,0.007036410397233862
2025-04-15,1,100.925,100.225,100.225,stop,-1.0,-0.00693584344810505,0.006935843448105057
2025-04-16,1,98.465,97.71,97.71,stop,-1.0,-0.0076676991824506935,0.007667699182450715
2025-04-17,-1,96.955,97.65,96.42,close,0.7697841726618574,0.005518023825486051,0.0071682739415193375
2025-04-22,-1,94.675,95.205,95.205,stop,-1.0,-0.005598098758912151,0.00559809875891208
2025-04-24,1,100.195,99.8351,102.715,close,7.001944984718081,0.02515095563650882,0.003591995608563263
2025-04-25,1,102.785,102.305,104.2,close,2.9479166666667425,0.013766600184851985,0.0046699421121758015
2025-04-28,-1,103.835,104.235,104.235,stop,-1.0,-0.003852265613714101,0.0038522656137141204
2025-04-29,1,104.065,103.565,104.565,close,1.0,0.004804689376831872,0.004804689376831788
2025-04-30,-1,102.235,102.725,102.725,stop,-1.0,-0.004792879150975704,0.004792879150975643
2025-05-01,-1,107.1,107.5475,107.5475,stop,-1.0,-0.004178338001867399,0.004178338001867461
2025-05-02,-1,107.635,107.8875,107.8875,stop,-1.0,-0.002345891206392059,0.002345891206391952
2025-05-05,1,107.825,107.32,107.715,close,-0.21782178217821252,-0.0010201715743102246,0.00468351495478794
2025-05-06,1,106.475,105.95,105.95,stop,-1.0,-0.004930734914299073,0.004930734914299051
2025-05-07,1,106.98,106.555,106.555,stop,-1.0,-0.003972705178537983,0.003972705178538018
2025-05-08,-1,108.59,109.065,109.065,stop,-1.0,-0.004374251772722992,0.004374251772723034
2025-05-09,-1,109.385,109.62,108.835,close,2.340425531914948,0.0050281117155004385,0.002148375005713758
2025-05-12,-1,112.78,113.465,113.465,stop,-1.0,-0.006073771945380502,0.006073771945380406
2025-05-13,1,114.6175,114.13,116.28,close,3.410256410256319,0.014504765851636847,0.00425327720461545
2025-05-14,1,117.495,116.78,116.78,stop,-1.0,-0.00608536533469517,0.006085365334695122
2025-05-15,-1,116.43,116.935,116.935,stop,-1.0,-0.004337370093618453,0.004337370093618444
2025-05-16,-1,117.01,117.605,117.445,close,-0.7310924369747712,-0.0037176309717117384,0.005085035467054088
2025-05-19,1,116.015,115.67,117.265,close,3.6231884057971135,0.010774468818687266,0.002973753393957668
2025-05-20,-1,116.475,116.72,116.72,stop,-1.0,-0.002103455677183952,0.0021034556771839844
2025-05-21,1,116.13,115.735,115.735,stop,-1.0,-0.003401360544217691,0.003401360544217653
2025-05-22,-1,114.475,115.02,115.02,stop,-1.0,-0.004760864817645816,0.00476086481764579
2025-05-23,1,113.215,112.551,113.37,close,0.23343373493976022,0.0013690765357947665,0.005864947224307746
2025-05-27,-1,114.955,115.305,115.305,stop,-1.0,-0.003044669653342602,0.0030446696533426867
2025-05-28,1,116.5,116.24,116.24,stop,-1.0,-0.0022317596566524545,0.0022317596566524046
2025-05-29,-1,116.825,117.49,115.815,close,1.5187969924812288,0.008645409800984383,0.005692274769954993
2025-05-30,-1,115.405,115.805,115.805,stop,-1.0,-0.003466054330401702,0.0034660543304016783
2025-06-02,1,115.895,115.065,115.065,stop,-1.0,-0.007161654946287621,0.007161654946287573
2025-06-03,1,116.875,116.545,118.23,close,4.106060606060639,0.011593582887700515,0.0028235294117646913
2025-06-04,1,118.52,118.2742,118.2742,stop,-1.0,-0.0020739115761053695,0.0020739115761053213
2025-06-05,-1,118.74,119.105,119.105,stop,-1.0,-0.0030739430688901948,0.0030739430688900885
2025-06-06,1,119.315,119.05,119.05,stop,-1.0,-0.002221011607928647,0.0022210116079285974
2025-06-09,1,119.985,119.555,119.76,close,-0.5232558139534842,-0.0018752344043004854,0.0035837813059965214
2025-06-11,-1,120.345,120.73,120.73,stop,-1.0,-0.003199135817857135,0.003199135817857037
2025-06-12,1,120.5725,120.125,121.29,close,1.6033519553072468,0.005950776503763411,0.00371145991001269
2025-06-13,1,120.37,119.8001,119.8001,stop,-1.0,-0.004734568414056728,0.004734568414056692
2025-06-16,1,120.98,120.305,121.565,close,0.866666666666661,0.004835510001653054,0.005579434617292091
2025-06-17,1,121.335,120.935,120.935,stop,-1.0,-0.003296658012939324,0.0032966580129393124
2025-06-18,-1,120.5,121.025,121.025,stop,-1.0,-0.00435684647302903,0.004356846473029093
2025-06-20,1,121.44,121.005,121.005,stop,-1.0,-0.0035820158102767286,0.0035820158102766986
2025-06-23,1,120.19,119.5,119.5,stop,-1.0,-0.005740910225476292,0.0057409102254763105
2025-06-24,1,122.965,122.53,123.63,close,1.5287356321838819,0.00540804293904773,0.0035375919977229477
2025-06-25,1,124.625,124.15,124.675,close,0.10526315789473212,0.0004012036108325123,0.0038114343029086806
2025-06-26,-1,124.985,125.4075,125.4075,stop,-1.0,-0.00338040564867792,0.0033804056486778367
2025-06-27,1,125.99,125.65,125.65,stop,-1.0,-0.0026986268751487685,0.0026986268751487356
2025-06-30,-1,126.01,126.55,126.55,stop,-1.0,-0.004285374176652645,0.004285374176652583
2025-07-01,-1,126.2,126.475,125.47,close,2.654545454545551,0.0057844690966719625,0.0021790808240886804
2025-07-02,1,125.35,125.0775,126.845,close,5.486238532110234,0.01192660550458724,0.002173913043478211
2025-07-07,-1,127.795,128.32,127.485,close,0.5904761904762044,0.002425760006260047,0.004108141946085461
2025-07-08,-1,127.69,128.13,128.13,stop,-1.0,-0.003445845406844672,0.003445845406844684
2025-07-09,1,128.9861,128.55,128.55,stop,-1.0,-0.0033809844626667696,0.003380984462666768
2025-07-10,-1,128.72,129.35,128.5,close,0.3492063492063499,0.0017091361093847235,0.004894344313238001
2025-07-11,-1,127.76,128.115,128.115,stop,-1.0,-0.002778647463995032,0.0027786474639950216
2025-07-14,-1,127.09,127.705,127.705,stop,-1.0,-0.004839090408371938,0.004839090408371979
2025-07-15,1,129.465,129.195,129.195,stop,-1.0,-0.00208550573514088,0.0020855057351408506
2025-07-16,-1,128.7,129.1075,129.1075,stop,-1.0,-0.0031662781662782358,0.0031662781662781577
2025-07-17,1,129.595,129.255,130.55,close,2.8088235294117734,0.007369111462633748,0.00262355800763921
2025-07-18,-1,130.605,131.075,130.445,close,0.34042553191488717,0.001225067952988046,0.0035986371119022926
2025-07-21,1,130.64,130.4375,130.66,close,0.09876543209882262,0.0001530924678505574,0.001550061236987036
2025-07-22,-1,130.105,130.6073,129.38,close,1.443360541508991,0.005572422274316868,0.0038607278736406715
2025-07-23,-1,129.18,129.82,129.82,stop,-1.0,-0.004954327295246808,0.004954327295246836
2025-07-24,-1,130.07,130.64,130.64,stop,-1.0,-0.004382255708464511,0.004382255708464621
2025-07-28,1,131.69,131.395,131.395,stop,-1.0,-0.0022401093477104617,0.0022401093477104374
2025-07-29,1,133.535,132.8525,132.8525,stop,-1.0,-0.00511101958288096,0.005111019582880927
2025-07-30,1,132.285,131.9,131.9,stop,-1.0,-0.0029103828854366576,0.002910382885436678
2025-07-31,-1,133.065,134.005,131.23,close,1.9521276595744812,0.013790252883928988,0.007064216736181549
2025-08-01,-1,129.385,129.985,128.53,close,1.424999999999929,0.006608184874599021,0.004637322719017064
2025-08-04,1,130.025,129.745,131.125,close,3.9285714285713924,0.00845991155546999,0.002153432032301489
2025-08-05,1,131.655,131.19,131.19,stop,-1.0,-0.0035319585279708354,0.003531958527970859
2025-08-06,1,130.67,130.1,131.55,close,1.5438596491228673,0.006734522078518657,0.004362133619040279
2025-08-08,1,132.16,131.795,132.955,close,2.178082191780811,0.006015435835351246,0.0027618038740920784
2025-08-11,1,132.98,132.49,132.49,stop,-1.0,-0.0036847646262594402,0.003684764626259443
2025-08-12,1,132.825,132.48,132.48,stop,-1.0,-0.0025974025974025983,0.002597402597402589
2025-08-13,-1,134.66,135.025,134.165,close,1.3561643835616226,0.003675924550720411,0.002710530224268596
2025-08-14,1,133.714,133.245,133.245,stop,-1.0,-0.003507486127107051,0.003507486127107065
2025-08-15,-1,133.01,133.685,132.85,close,0.237037037037028,0.0012029170739041861,0.005074806405533505
2025-08-18,1,133.15,132.68,132.68,stop,-1.0,-0.003529853548629336,0.0035298535486293567
2025-08-19,-1,132.48,133.115,130.82,close,2.6141732283463717,0.012530193236715004,0.004793176328502562
2025-08-20,-1,129.95,130.48,129.95,close,-0.0,-0.0,0.004078491727587542
2025-08-21,1,129.785,129.32,129.32,stop,-1.0,-0.0035828485572293456,0.00358284855722929
2025-08-22,1,129.42,128.955,131.23,close,3.892473118279784,0.013985473651676683,0.0035929531757068075
2025-08-25,-1,130.56,131.265,131.265,stop,-1.0,-0.005399816176470562,0.005399816176470466
2025-08-26,1,131.32,130.98,130.98,stop,-1.0,-0.0025890953396283667,0.002589095339628415
2025-08-27,-1,131.345,131.645,131.645,stop,-1.0,-0.0022840610605656675,0.0022840610605657724
2025-08-28,-1,132.2725,133.025,133.025,stop,-1.0,-0.005689013211362948,0.005689013211362889
2025-08-29,-1,132.38,132.71,131.235,close,3.469696969696783,0.008649342801027249,0.002492823689379155
2025-09-02,1,128.905,128.14,129.94,close,1.3529411764705577,0.008029168767697215,0.005934603002211045
2025-09-03,-1,130.18,130.6,130.6,stop,-1.0,-0.003226302043324525,0.0032263020433245314
2025-09-05,-1,132.175,132.615,131.45,close,1.6477272727273329,0.005485152260261139,0.003328919992434255
2025-09-08,1,132.4125,132.09,132.415,close,0.007751937984489293,1.8880392712139482e-05,0.0024355706598696565
2025-09-09,-1,132.53,132.81,132.665,close,-0.4821428571428227,-0.0010186372896701101,0.0021127291933901843
2025-09-10,1,135.355,134.905,134.905,stop,-1.0,-0.003324590890620871,0.0033245908906208758
2025-09-11,-1,135.8133,136.115,135.46,close,1.1710308253230937,0.002601365256569066,0.002221431921616005
2025-09-12,-1,135.45,135.93,135.435,close,0.031249999999970395,0.00011074197120697349,0.003543743078626934
2025-09-15,1,135.795,135.49,136.675,close,2.885245901639627,0.006480356419603206,0.002246032622703181
2025-09-16,-1,136.65,137.0675,136.1725,close,1.1437125748503083,0.0034943285766556587,0.0030552506403219155
2025-09-17,-1,135.875,136.26,135.725,close,0.38961038961041355,0.0011039558417663686,0.0028334866605335116
2025-09-18,-1,137.3625,137.64,137.64,stop,-1.0,-0.002020202020201811,0.002020202020201838
2025-09-19,-1,138.35,138.615,138.615,stop,-1.0,-0.0019154318756777755,0.001915431875677736
2025-09-22,1,139.43,139.02,141.335,close,4.646341463414675,0.013662769848669543,0.002940543641970857
2025-09-23,-1,141.115,141.365,140.09,close,4.100000000000023,0.007263579350175409,0.0017716047195549729
2025-09-24,-1,139.92,140.485,139.24,close,1.2035398230087557,0.004859919954259384,0.0040380217267011595
2025-09-25,-1,137.7,138.03,138.03,stop,-1.0,-0.002396514161220109,0.0023965141612201347
2025-09-26,1,139.4364,138.7025,138.7025,stop,-1.0,-0.005263331526057846,0.0052633315260577984
2025-09-29,1,140.62,140.21,140.21,stop,-1.0,-0.00291565922343906,0.0029156592234390313
2025-09-30,1,140.25,139.995,139.995,stop,-1.0,-0.0018181818181818299,0.0018181818181817857
2025-10-01,1,140.795,140.17,142.29,close,2.3920000000000075,0.010618274796690308,0.0044390780922618
2025-10-03,1,143.515,143.115,143.115,stop,-1.0,-0.0027871651046926793,0.002787165104692731
2025-10-06,1,144.475,143.965,143.965,stop,-1.0,-0.0035300224952413695,0.0035300224952413283
2025-10-07,1,144.67,144.415,144.415,stop,-1.0,-0.001762632197414793,0.001762632197414775
2025-10-08,1,143.735,143.0925,145.34,close,2.498054474708107,0.01116638257905156,0.00447003165547718
2025-10-09,-1,145.065,145.41,145.12,close,-0.15942028985509277,-0.0003791403853445896,0.0023782442353427694
2025-10-10,1,145.61,145.3,145.3,stop,-1.0,-0.0021289746583339486,0.002128974658333921
2025-10-13,-1,141.785,142.455,142.455,stop,-1.0,-0.004725464611912589,0.004725464611912515
2025-10-14,-1,140.08,140.77,140.77,stop,-1.0,-0.004925756710451257,0.004925756710451154
2025-10-15,-1,142.225,142.765,142.765,stop,-1.0,-0.003796800843733461,0.003796800843733465
2025-10-16,-1,142.95,143.32,143.32,stop,-1.0,-0.002588317593564149,0.0025883175935642153
2025-10-17,1,141.865,141.06,141.06,stop,-1.0,-0.005674408768900019,0.005674408768900058
2025-10-20,1,143.865,143.235,144.105,close,0.380952380952353,0.001668230632884793,0.0043791054113230836
2025-10-21,1,144.1,143.7156,143.7156,stop,-1.0,-0.0026675919500347423,0.002667591950034694
2025-10-22,-1,143.605,144.17,144.17,stop,-1.0,-0.003934403398210273,0.003934403398210353
2025-10-23,1,142.82,142.185,144.53,close,2.692913385826823,0.01197311300938253,0.004446156000560082
2025-10-24,1,146.53,146.035,146.82,close,0.5858585858585644,0.001979116904388123,0.0033781478195591655
2025-10-27,-1,148.705,148.925,148.925,stop,-1.0,-0.0014794391580645883,0.0014794391580646169
2025-10-28,-1,150.15,150.555,150.555,stop,-1.0,-0.002697302697302728,0.0026973026973027047
2025-10-29,1,152.475,152.205,152.205,stop,-1.0,-0.0017707820954253606,0.0017707820954253604
2025-10-30,-1,150.855,151.5575,151.5575,stop,-1.0,-0.0046567896324285485,0.004656789632428589
2025-10-31,-1,151.425,151.82,150.3,close,2.848101265822916,0.007429420505200568,0.002608552088492533
2025-11-03,-1,151.67,152.11,150.985,close,1.5568181818180298,0.004516384255290884,0.002901035142084962
2025-11-04,-1,147.535,148.29,148.29,stop,-1.0,-0.0051174297624292375,0.005117429762429224
2025-11-06,-1,146.95,147.47,144.57,close,4.576923076922978,0.01619598502892139,0.003538618577747603
2025-11-07,-1,143.045,143.555,143.555,stop,-1.0,-0.0035653116152261077,0.0035653116152261134
2025-11-10,1,147.05,146.6,146.6,stop,-1.0,-0.003060183611016787,0.003060183611016777
2025-11-11,-1,146.685,147.0,147.0,stop,-1.0,-0.0021474588403722628,0.0021474588403722107
2025-11-12,-1,147.075,147.73,146.995,close,0.12213740458012816,0.0005439401665815469,0.00445351011388748
2025-11-13,-1,145.775,146.34,143.28,close,4.415929203539849,0.01711541759560975,0.0038758360487051806
2025-11-14,1,141.015,140.145,144.1,close,3.5459770114943594,0.021877105272488873,0.006169556430166835
2025-11-17,1,143.38,142.29,142.29,stop,-1.0,-0.00760217603570934,0.007602176035709328
2025-11-18,-1,140.375,141.32,139.455,close,0.9735449735449674,0.006553873552982981,0.006731967943009747
2025-11-19,1,139.86,139.255,139.255,stop,-1.0,-0.004325754325754438,0.004325754325754456
2025-11-20,-1,143.365,144.0025,144.0025,stop,-1.0,-0.0044466920099046625,0.0044466920099047085
2025-11-21,-1,135.815,136.705,136.705,stop,-1.0,-0.006553031697529743,0.006553031697529837
2025-11-24,1,138.455,137.435,139.905,close,1.421568627450955,0.010472716767180534,0.007367014553465098
2025-11-25,-1,138.46,138.795,138.795,stop,-1.0,-0.0024194713274590107,0.002419471327459046
2025-12-01,1,141.87,141.36,141.36,stop,-1.0,-0.0035948403467962464,0.0035948403467962985
2025-12-02,1,144.725,143.91,143.905,gap-stop,-1.0061349693251478,-0.005665918120573488,0.005631369839350477
2025-12-03,-1,143.595,144.005,144.005,stop,-1.0,-0.002855252620216575,0.0028552526202165578
2025-12-04,-1,144.64,145.275,145.275,stop,-1.0,-0.0043902101769912605,0.004390210176991285
2025-12-05,-1,146.0901,146.67,146.67,stop,-1.0,-0.0039694681569797385,0.003969468156979705
2025-12-08,-1,147.36,148.38,147.66,close,-0.29411764705881205,-0.0020358306188923425,0.006921824104234403
2025-12-09,1,147.47,146.96,148.03,close,1.0980392156862986,0.003797382518478276,0.00345833050789985
2025-12-10,-1,147.2401,147.69,147.69,stop,-1.0,-0.0030555534803358153,0.0030555534803357594
2025-12-11,-1,146.36,147.06,147.06,stop,-1.0,-0.004782727521180474,0.004782727521180572
2025-12-12,1,146.94,146.62,146.62,stop,-1.0,-0.00217775962978084,0.0021777596297808165
2025-12-15,-1,144.1517,144.63,142.31,close,3.850512230817564,0.012776124041547932,0.003318032322893106
2025-12-16,1,142.44,141.77,141.77,stop,-1.0,-0.004703734905925239,0.004703734905925214
2025-12-17,-1,142.52,142.84,139.32000000000008,target,10.0,0.02245298905416737,0.0022452989054167357
2025-12-18,-1,141.7,142.22,142.22,stop,-1.0,-0.003669724770642313,0.0036697247706422745
2025-12-19,1,143.46,142.57,144.61,close,1.292134831460659,0.008016171755193202,0.006203819880106056
2025-12-22,-1,145.04,146.01,145.16,close,-0.1237113402061904,-0.000827357970215159,0.006687810259238823
2025-12-23,-1,144.65,145.26,145.26,stop,-1.0,-0.0042170756999653225,0.004217075699965331
2025-12-26,1,146.8,146.49,146.49,stop,-1.0,-0.0021117166212534233,0.002111716621253421
2025-12-29,1,145.69,145.04,145.89,close,0.3076923076922875,0.0013727778159104975,0.004461527901709147
2025-12-30,-1,145.775,146.05,146.05,stop,-1.0,-0.0018864688732636026,0.0018864688732636301
2025-12-31,-1,145.47,145.8,143.98,close,4.515151515151372,0.01024266171719257,0.0022685089709219256
2026-01-02,-1,145.61,146.14,146.14,stop,-1.0,-0.003639859899732034,0.0036398598997319734
2026-01-05,-1,145.655,146.39,144.65,close,1.3673469387755315,0.006899866122000553,0.005046170745940649
2026-01-06,-1,145.075,145.4,145.4,stop,-1.0,-0.0022402205755645,0.002240220575564481
2026-01-07,1,146.585,146.04,146.52,close,-0.1192660550458639,-0.00044342872735958494,0.003717979329399433
2026-01-08,-1,145.17,145.93,144.23,close,1.2368421052631235,0.006475167045532859,0.005235241441069225
2026-01-09,1,144.66,144.12,144.12,stop,-1.0,-0.0037328909166320923,0.003732890916632048
2026-01-12,1,146.065,145.05,146.79,close,0.7142857142857183,0.004963543627836797,0.0069489610789715975
2026-01-13,1,147.08,146.6,146.6,stop,-1.0,-0.0032635300516726806,0.0032635300516726824
2026-01-15,-1,146.84,147.21,147.21,stop,-1.0,-0.0025197493870880994,0.002519749387088018
2026-01-16,-1,146.47,146.95,145.61,close,1.791666666666674,0.0058715095241345105,0.003277121594865773
2026-01-20,1,143.845,142.9,142.9,stop,-1.0,-0.006569571413674424,0.006569571413674394
2026-01-21,-1,142.24,142.85,142.85,stop,-1.0,-0.004288526434195639,0.004288526434195621
2026-01-22,-1,145.14,145.7,144.91,close,0.41071428571426577,0.001584676863717771,0.0038583436681824605
2026-01-23,-1,144.02,144.7,144.7,stop,-1.0,-0.004721566449104042,0.004721566449104141
2026-01-26,1,145.51,144.89,146.1,close,0.9516129032258049,0.004054704144045074,0.004260875541199949
2026-01-27,-1,147.27,147.84,147.84,stop,-1.0,-0.0038704420452229105,0.0038704420452230132
2026-01-28,1,149.7,148.87,148.87,stop,-1.0,-0.005544422177688579,0.0055444221776886045
2026-01-29,-1,147.255,147.93,146.84,close,0.6148148148147927,0.0028182404672166816,0.0045838850972803056
2026-01-30,1,146.41,145.73,145.73,stop,-1.0,-0.004644491496482495,0.0046444914964825276
2026-02-02,1,144.66,143.39,145.28,close,0.4881889763779524,0.004285911793170172,0.00877920641504224
2026-02-03,-1,144.75,145.97,142.04,close,2.221311475409845,0.01872193436960279,0.008428324697754742
2026-02-04,1,140.99,139.67,139.67,stop,-1.0,-0.009362366125257315,0.009362366125257263
2026-02-05,1,137.41,136.6,136.6,stop,-1.0,-0.005894767484171504,0.005894767484171474
2026-02-06,1,138.9,137.42,141.06,close,1.4594594594594392,0.015550755939524707,0.010655147588193074
2026-02-09,1,140.88,139.91,143.32,close,2.5154639175257736,0.017319704713231188,0.006885292447473019
2026-02-10,-1,143.39,144.15,142.55,close,1.1052631578946759,0.005858149103842525,0.005300230141572072
2026-02-11,-1,143.88,144.755,142.94,close,1.0742857142857116,0.0065332221295524295,0.006081456769530164
2026-02-13,-1,139.02,139.94,139.94,stop,-1.0,-0.0066177528413176034,0.006617752841317706
2026-02-17,1,139.15,138.0,138.0,stop,-1.0,-0.008264462809917439,0.008264462809917395
2026-02-18,-1,139.36,140.08,140.08,stop,-1.0,-0.005166475315729002,0.005166475315729039
2026-02-19,-1,139.83,140.35,140.35,stop,-1.0,-0.003718801401701999,0.0037188014017019363
2026-02-20,1,139.9,138.97,140.9,close,1.0752688172042932,0.0071479628305932685,0.0066476054324518
2026-02-23,-1,139.84,140.65,138.56,close,1.580246913580244,0.009153318077803174,0.005792334096109856
2026-02-24,1,139.34,138.19,140.31,close,0.84347826086956,0.006961389407205365,0.008253193627099222
2026-02-25,1,141.74,141.21,143.0,close,2.3773584905660154,0.00888951601523913,0.003739240863552992
2026-02-26,-1,142.2,143.01,141.01,close,1.4691358024691288,0.00836849507735582,0.005696202531645586
2026-02-27,1,138.92,138.07,138.07,stop,-1.0,-0.00611862942700836,0.006118629427008309
2026-03-02,1,138.28,136.56,139.51,close,0.7151162790697619,0.008894995660977623,0.012438530517789982
2026-03-04,1,139.045,138.11,138.11,stop,-1.0,-0.006724441727498087,0.0067244417274981046
2026-03-05,1,140.01,139.16,139.16,stop,-1.0,-0.006070994928933593,0.006070994928933608
2026-03-06,-1,137.82,138.46,138.46,stop,-1.0,-0.004643738209258563,0.004643738209258561
2026-03-09,-1,135.76,136.59,136.59,stop,-1.0,-0.006113730111962479,0.006113730111962379
2026-03-10,-1,139.77,140.3,140.3,stop,-1.0,-0.0037919439078486494,0.0037919439078486165
2026-03-11,1,140.965,140.55,140.55,stop,-1.0,-0.002943993189798877,0.0029439931897988296
2026-03-12,1,139.66,139.07,139.07,stop,-1.0,-0.00422454532435923,0.004224545324359182
2026-03-16,1,139.3,138.62,138.62,stop,-1.0,-0.004881550610193908,0.004881550610193875
2026-03-17,1,139.795,138.98,138.98,stop,-1.0,-0.005829965306341389,0.005829965306341413
2026-03-18,1,139.53,139.03,139.03,stop,-1.0,-0.003583458754389701,0.0035834587543897367
2026-03-19,1,136.055,135.44,138.42,close,3.8455284552844646,0.017382676123626428,0.004520230789019213
2026-03-20,-1,137.17,137.98,135.34,close,2.2592592592592333,0.013341109572063803,0.005905081285995497
2026-03-23,1,137.83,136.89,136.89,stop,-1.0,-0.006819995646811461,0.006819995646811478
2026-03-24,-1,136.04,136.67,136.67,stop,-1.0,-0.0046309908850337145,0.00463099088503378
2026-03-25,1,137.44,136.95,136.95,stop,-1.0,-0.003565192083818447,0.0035651920838184596
2026-03-26,1,135.18,134.7,134.7,stop,-1.0,-0.003550821127385806,0.0035508211273858423
2026-03-30,-1,130.78,131.55,127.5,close,4.259740259740204,0.025080287505734877,0.005887750420553679
2026-03-31,1,129.56,128.98,132.91,close,5.775862068965383,0.02585674590923115,0.0044766903365237145
2026-04-01,1,134.78,133.76,134.94,close,0.1568627450980343,0.0011871197507047349,0.0075678884107435096
2026-04-02,-1,131.84,132.695,132.695,stop,-1.0,-0.0064851334951454565,0.006485133495145554
2026-04-06,-1,136.41,137.1399,137.1399,stop,-1.0,-0.005350780734550309,0.005350780734550362
2026-04-07,1,136.49,135.75,135.75,stop,-1.0,-0.005421642611180388,0.005421642611180373
2026-04-08,-1,142.81,143.56,141.73,close,1.4400000000000166,0.0075624956235558205,0.005251733071913732
2026-04-09,-1,141.11,141.925,141.925,stop,-1.0,-0.005775636028630071,0.00577563602863013
2026-04-10,-1,142.3501,142.89,142.89,stop,-1.0,-0.0037927616489203952,0.0037927616489204343
2026-04-13,1,142.58,142.28,142.28,stop,-1.0,-0.002104081918922751,0.0021040819189227897
2026-04-14,-1,146.65,147.25,147.25,stop,-1.0,-0.004091374019774996,0.004091374019774935
2026-04-15,1,148.94,148.06,148.06,stop,-1.0,-0.005908419497784312,0.005908419497784312
2026-04-16,-1,150.265,151.23,151.23,stop,-1.0,-0.006421987821515263,0.006421987821515346
2026-04-17,1,154.31,153.51,154.32,close,0.012499999999988454,6.480461408853166e-05,0.005184369127081922
2026-04-20,1,154.675,153.89,153.89,stop,-1.0,-0.005075157588492196,0.005075157588492161
2026-04-21,-1,154.85,155.33,155.33,stop,-1.0,-0.0030997739748144237,0.003099773974814454
2026-04-22,-1,155.84,156.49,156.49,stop,-1.0,-0.004170944558521628,0.004170944558521597
2026-04-23,1,156.91,156.21,156.21,stop,-1.0,-0.004461156076731809,0.004461156076731812
2026-04-24,-1,158.42,159.28,159.28,stop,-1.0,-0.005428607499053273,0.0054286074990532365
2026-04-27,-1,159.58,160.33,160.33,stop,-1.0,-0.004699837072314805,0.004699837072314826
2026-04-28,1,157.56,156.65,156.65,stop,-1.0,-0.005775577557755707,0.0057755775577557535
2026-04-29,1,158.84,157.77,157.77,stop,-1.0,-0.0067363384537899584,0.006736338453789934
2026-04-30,-1,158.33,159.65,159.65,stop,-1.0,-0.00833701762142347,0.008337017621423566
2026-05-01,1,161.3,160.14,161.89,close,0.5086206896551398,0.003657780533167898,0.007191568505889801
2026-05-04,1,162.81,162.23,162.23,stop,-1.0,-0.0035624347398809375,0.0035624347398809193
2026-05-05,1,164.1052,163.52,165.6,close,2.5543403964457165,0.009108791190041599,0.0035660052210410528
2026-05-06,1,168.33,166.96,166.96,stop,-1.0,-0.008138775025248068,0.008138775025248051
2026-05-07,-1,169.83,170.5,170.5,stop,-1.0,-0.003945121592180412,0.0039451215921803414
2026-05-08,1,172.25,171.3,175.56,close,3.4842105263158336,0.01921625544267047,0.005515239477503563
2026-05-11,1,177.635,175.87,177.89,close,0.14447592067988524,0.0014355279083513306,0.009936104934275264
2026-05-12,1,176.27,175.24,175.24,stop,-1.0,-0.005843308560730676,0.005843308560730703
2026-05-13,-1,176.19,177.36,177.36,stop,-1.0,-0.006640558487996051,0.006640558487996004
2026-05-14,1,177.7,176.865,179.48,close,2.1317365269461614,0.010016882386043813,0.004698930782217105
2026-05-15,-1,175.57,176.29,176.29,stop,-1.0,-0.004100928404624948,0.004100928404624929
2026-05-18,-1,176.76,177.85,174.375,close,2.188073394495398,0.013492871690427677,0.006166553518895697
2026-05-19,1,174.41,172.64,172.64,stop,-1.0,-0.0101485006593659,0.01014850065936592
2026-05-20,-1,174.47,175.12,175.12,stop,-1.0,-0.003725568865707629,0.003725568865707604
2026-05-21,1,177.385,175.83,178.5425,close,0.7443729903537074,0.006525354454999022,0.008766242917946717
2026-05-22,1,180.67,179.76,179.76,stop,-1.0,-0.005036807438977164,0.005036807438977122
2026-05-26,-1,182.69,183.43,183.43,stop,-1.0,-0.004050577480978701,0.004050577480978757
2026-05-27,-1,185.34,186.265,184.42,close,0.9945945945946302,0.004963850221215149,0.004990827668069402
2026-05-28,-1,184.61,185.52,185.52,stop,-1.0,-0.004929310438221091,0.004929310438221096
2026-05-29,1,189.95,189.195,191.07,close,1.4834437086092864,0.005896288496972879,0.003974730192155807
2026-06-01,1,193.19,191.15,195.74,close,1.2500000000000104,0.01319944096485326,0.010559552771882561
2026-06-02,-1,195.85,196.74,196.74,stop,-1.0,-0.004544294102629687,0.004544294102629639
2026-06-03,-1,197.49,198.73,196.25,close,1.0000000000000229,0.00627879892652794,0.006278798926527827
2026-06-04,1,191.71,190.7332,190.7332,stop,-1.0,-0.005095195868760061,0.005095195868760092
2026-06-05,-1,188.21,189.22,180.26,close,7.871287128712959,0.04224005100685413,0.005366346102757509
2026-06-08,-1,183.9,185.56,185.56,stop,-1.0,-0.009026644915715032,0.009026644915715044
2026-06-09,1,186.15,184.75,184.75,stop,-1.0,-0.007520816545796394,0.007520816545796431
2026-06-12,1,183.39,181.6443,184.79,close,0.8019705562238679,0.007634004035116382,0.009519057745787663
2026-06-15,1,190.76,189.75,191.82,close,1.0495049504950613,0.005556720486475264,0.0052946110295658995
2026-06-16,1,191.55,190.435,190.435,stop,-1.0,-0.005820934481858608,0.005820934481858569
2026-06-17,-1,188.14,189.13,189.13,stop,-1.0,-0.005262038907196898,0.005262038907196817
2026-06-18,-1,189.92,190.88,190.88,stop,-1.0,-0.005054759898904804,0.0050547598989048445
2026-06-22,1,193.55,192.275,192.275,stop,-1.0,-0.006587445104624168,0.006587445104624157
2026-06-23,1,185.23,183.71,183.71,stop,-1.0,-0.00820601414457689,0.008206014144576914
2026-06-24,-1,183.58,185.21,185.21,stop,-1.0,-0.008878962849983685,0.008878962849983633
2026-06-25,-1,187.1,188.41,184.57,close,1.9312977099236617,0.01352218065205768,0.007001603420630691
2026-06-26,1,181.29,179.76,180.88,close,-0.2679738562091479,-0.0022615698604445678,0.008439516796293239
2026-06-29,1,183.48,182.13,182.13,stop,-1.0,-0.007357750163505483,0.007357750163505528
2026-06-30,1,187.12,185.6,190.42,close,2.1710526315789216,0.017635741769987057,0.008123129542539602
2026-07-01,-1,185.885,187.36,187.36,stop,-1.0,-0.00793501358366755,0.007935013583667444
2026-07-02,1,185.94,184.71,184.71,stop,-1.0,-0.00661503710874467,0.0066150371087447014
2026-07-06,1,183.825,182.04,183.61,close,-0.1204481792716949,-0.0011695906432747094,0.009710322317421442
2026-07-07,-1,178.99,180.5,180.5,stop,-1.0,-0.00843622548745726,0.008436225487457349
2026-07-08,1,179.39,177.43,177.43,stop,-1.0,-0.010925915602876257,0.0109259156028763
2026-07-09,1,184.96,183.885,183.885,stop,-1.0,-0.005812067474048499,0.0058120674740485346
2026-07-10,1,184.865,183.91,183.91,stop,-1.0,-0.005165931896248699,0.0051659318962486815
2026-07-13,-1,182.855,183.63,183.63,stop,-1.0,-0.004238330917940569,0.004238330917940476
2026-07-14,-1,182.32,183.793,183.793,stop,-1.0,-0.008079201404124658,0.008079201404124688
2026-07-15,-1,184.19,185.29,181.59,close,2.363636363636371,0.014115858624246691,0.005972094033335112
2026-07-16,-1,178.57,179.4796,177.48,close,1.1983289357959426,0.006104048832390685,0.005093800750406069
2026-07-17,-1,172.71,174.11,174.11,stop,-1.0,-0.008106073765271393,0.008106073765271296
2026-07-20,1,178.27,177.07,177.07,stop,-1.0,-0.006731362539967534,0.0067313625399675605
2026-07-21,-1,179.03,179.88,179.88,stop,-1.0,-0.00474780763000604,0.004747807630006112
2026-07-22,1,179.6,178.15,180.26,close,0.4551724137931047,0.003674832962138108,0.008073496659242698
2026-07-23,1,179.38,178.5,178.5,stop,-1.0,-0.004905786598283002,0.00490578659828295
2026-07-24,1,178.74,177.44,177.44,stop,-1.0,-0.00727313416135178,0.007273134161351748
2026-07-27,-1,177.0,178.3,174.31,close,2.0692307692307494,0.015197740112994351,0.007344632768361646
2026-07-28,-1,170.35,171.53,171.53,stop,-1.0,-0.006926915174640502,0.006926915174640487
2026-07-30,1,172.91,172.16,175.73,close,3.759999999999991,0.016309062518072848,0.004337516627147071
2026-08-03,1,174.4164,173.04,178.1,close,2.676256902063307,0.021119573618077148,0.007891459748051319
2026-08-04,1,183.31,181.87,186.925,close,2.5104166666666767,0.019720691724401274,0.00785554525121378
2026-08-06,1,183.4,182.06,185.34,close,1.4477611940298454,0.010577971646673845,0.007306434023991294
2026-08-07,-1,187.43,188.73,187.96,close,-0.4076923076923139,-0.0028277223496773196,0.0069359227444911855
2026-08-10,-1,187.19,188.22,188.22,stop,-1.0,-0.005502430685399906,0.005502430685399867
2026-08-11,-1,186.53,187.71,186.16,close,0.31355932203390036,0.0019835951321502954,0.006326060151182152
2026-08-12,-1,188.8,189.59,188.86,close,-0.07594936708861123,-0.00031779661016950733,0.0041843220338982625
2026-08-13,1,189.41,188.86,190.78,close,2.4909090909091764,0.007232986642732753,0.0029037537616809195
2026-08-14,-1,190.39,191.35,190.025,close,0.38020833333331006,0.001917117495666698,0.00504228163243872
2026-08-17,-1,190.65,191.14,191.14,stop,-1.0,-0.0025701547338052855,0.002570154733805301
2026-08-18,1,187.355,186.28,186.28,stop,-1.0,-0.005737770542552867,0.005737770542552847
2026-08-19,-1,185.91,186.91,183.66,close,2.25,0.012102630304986262,0.005378946802216126
2026-08-20,1,184.26,183.25,183.25,stop,-1.0,-0.005481384999457273,0.00548138499945724
2026-08-21,-1,183.82,184.56,183.32,close,0.6756756756756673,0.0027200522250027115,0.004025677293004075
2026-08-24,-1,180.43,181.8792,180.04,close,0.2691139939276962,0.0021615030759852827,0.008031923737737574
2026-08-25,1,182.58,181.77,181.77,stop,-1.0,-0.0044364114360828655,0.004436411436082826
2026-08-26,1,181.98,180.71,182.875,close,0.7047244094488371,0.004918122870645192,0.00697878887789857
2026-08-27,-1,185.91,186.88,186.88,stop,-1.0,-0.005217578398149625,0.005217578398149636
2026-08-28,1,188.07,187.29,187.29,stop,-1.0,-0.004147391928537303,0.004147391928537253
2026-08-31,-1,185.48,186.565,186.565,stop,-1.0,-0.005849687297821982,0.0058496872978219105
2026-09-01,-1,183.28,183.88,183.88,stop,-1.0,-0.003273679615888314,0.0032736796158882274
2026-09-02,-1,183.0168,183.64,183.64,stop,-1.0,-0.003405151876767487,0.0034051518767675816
2026-09-04,1,187.54,186.42,187.29,close,-0.2232142857142848,-0.001333048949557436,0.005972059294017301
2026-09-08,-1,188.29,189.08,187.87,close,0.5316455696202236,0.002230601731371795,0.004195655637580437
2026-09-09,1,188.295,187.48,187.48,stop,-1.0,-0.004328314612708772,0.00432831461270877
2026-09-10,1,185.74,184.565,185.21,close,-0.45106382978723064,-0.002853451060622403,0.00632604716270061
2026-09-11,1,187.45,186.88,187.69,close,0.4210526315789684,0.0012803414243798272,0.003040810882902071
2026-09-14,-1,182.17,183.15,183.15,stop,-1.0,-0.005379590492397224,0.005379590492397311
2026-09-15,-1,184.315,185.07,183.75,close,0.7483443708609286,0.0030654043349700455,0.004096248270623636
2026-09-16,1,185.17,184.71,184.71,stop,-1.0,-0.0024842037047037024,0.0024842037047036756
2026-09-17,1,187.36,186.73,188.08,close,1.1428571428570977,0.0038428693424423788,0.0033625106746371894
2026-09-18,-1,188.36,189.23,189.23,stop,-1.0,-0.004618815035039248,0.004618815035039159
2026-09-21,1,191.95,190.97,194.84,close,2.9489795918367805,0.015056004167752102,0.00510549622297468
2026-09-22,1,195.485,194.47,196.27,close,0.7733990147783105,0.004015653374939143,0.005192214236386499
2026-09-23,-1,195.8,196.68,195.34,close,0.5227272727272845,0.0023493360572012234,0.004494382022471886
2026-09-24,1,193.12,192.61,194.7,close,3.0980392156862986,0.00818144159072065,0.002640845070422488
2026-09-25,1,196.25,195.12,195.12,stop,-1.0,-0.005757961783439458,0.005757961783439468
2026-09-28,-1,195.14,196.15,194.54,close,0.594059405940577,0.003074715588808008,0.005175771241160292
2026-09-29,-1,195.08,196.1,196.1,stop,-1.0,-0.005228624154193007,0.005228624154193058
2026-09-30,1,196.33,195.26,195.72,close,-0.5700934579439265,-0.0031070137014211907,0.005450007640197736
2026-10-01,1,197.2,196.34,196.34,stop,-1.0,-0.004361054766734207,0.004361054766734205
2026-10-02,1,201.155,199.87,199.87,stop,-1.0,-0.006388108672416792,0.006388108672416776
