date,side,entry,stop,exit,how,R,ret,risk_pct
2021-10-06,1,287.31,285.5093,293.07,close,3.198756039318027,0.020048031742716965,0.006267446312345572
2021-10-07,1,296.21,294.2305,294.2305,stop,-1.0,-0.006682758853515991,0.006682758853515996
2021-10-08,-1,295.0,296.47,296.47,stop,-1.0,-0.0049830508474577595,0.00498305084745772
2021-10-11,1,294.37,292.745,294.21,close,-0.09846153846155385,-0.0005435336481299791,0.005520263613819343
2021-10-12,-1,293.66,295.44,292.88,close,0.43820224719103457,0.0026561329428591574,0.006061431587550134
2021-10-13,1,296.34,294.5,294.5,stop,-1.0,-0.006209084160086253,0.006209084160086304
2021-10-14,1,299.51,297.83,302.76,close,1.9345238095238018,0.010851056725985853,0.0056091616306634395
2021-10-15,-1,301.3001,303.1,303.1,stop,-1.0,-0.005973778302762023,0.005973778302762052
2021-10-18,-1,302.7,303.57,303.57,stop,-1.0,-0.0028741328047572345,0.0028741328047572003
2021-10-19,1,308.55,307.22,308.26,close,-0.2180451127819729,-0.0009398800842651545,0.004310484524388216
2021-10-20,-1,308.56,309.7,307.49,close,0.9385964912280754,0.003467721026704673,0.003694581280788133
2021-10-21,1,307.41,306.36,310.75,close,3.1809523809523226,0.010864968608698344,0.003415633844051954
2021-10-22,1,310.93,310.02,310.02,stop,-1.0,-0.0029267037596887313,0.0029267037596887565
2021-10-25,-1,308.68,309.4,308.3,close,0.5277777777777931,0.0012310483348451084,0.002332512634443341
2021-10-26,-1,309.65,311.1,311.1,stop,-1.0,-0.004682706281285531,0.00468270628128547
2021-10-27,1,318.75,316.0,323.26,close,1.6399999999999968,0.014149019607843094,0.008627450980392156
2021-10-28,-1,323.06,324.4,324.4,stop,-1.0,-0.004147836315235409,0.004147836315235483
2021-10-29,1,327.15,323.9,331.62,close,1.3753846153846239,0.01366345712975714,0.009934280910897143
2021-11-01,-1,329.8449,331.49,329.38,close,0.2825968026259779,0.0014094503204384878,0.004987495638101464
2021-11-02,1,331.13,330.0,333.26,close,1.884955752212393,0.006432518950261201,0.003412557001781764
2021-11-03,-1,331.75,334.0091,334.0091,stop,-1.0,-0.006809645817633658,0.0068096458176337285
2021-11-04,1,333.24,329.51,336.46,close,0.8632707774798807,0.009662705557555995,0.011193134077541765
2021-11-05,-1,336.51,338.79,336.11,close,0.17543859649121582,0.001188671956256826,0.006775430150664259
2021-11-08,-1,336.285,337.65,336.93,close,-0.47252747252747573,-0.0019180159685980858,0.004059057049823668
2021-11-09,-1,336.77,338.72,335.93,close,0.4307692307692079,0.002494283932654273,0.0057903019865191245
2021-11-10,-1,332.1,334.6303,330.77,close,0.5256293720112496,0.004004817825956186,0.0076190906353506595
2021-11-11,1,332.64,330.51,332.46,close,-0.08450704225352451,-0.0005411255411255089,0.00640331890331889
2021-11-12,-1,333.83,335.62,335.62,stop,-1.0,-0.0053620106041998294,0.005362010604199804
2021-11-15,-1,336.71,337.88,336.08,close,0.5384615384615272,0.0018710463009711242,0.0034748002732322056
2021-11-16,1,337.1,335.51,339.58,close,1.5597484276729003,0.007356867398397915,0.0047167012755859735
2021-11-17,-1,338.92,340.33,340.33,stop,-1.0,-0.004160273810928761,0.004160273810928739
2021-11-18,1,338.66,337.12,341.27,close,1.6948051948051441,0.0077068446229255905,0.004547333608929369
2021-11-19,1,343.2,342.2,343.04,close,-0.15999999999996817,-0.0004662004662003838,0.002913752913752914
2021-11-22,1,345.76,344.06,344.06,stop,-1.0,-0.004916705229060625,0.004916705229060588
2021-11-23,1,337.49,334.31,334.31,stop,-1.0,-0.009422501407449158,0.00942250140744913
2021-11-24,1,336.5,334.6145,334.6145,stop,-1.0,-0.005603268945022277,0.005603268945022226
2021-11-29,1,337.4193,334.74,336.55,close,-0.3244504161534751,-0.0025763197303770857,0.007940565344068973
2021-11-30,-1,334.45,336.1,336.1,stop,-1.0,-0.004933472865899402,0.00493347286589934
2021-12-02,1,330.95,328.52,328.52,stop,-1.0,-0.007342498866898306,0.007342498866898344
2021-12-03,-1,330.09,332.7,323.18,close,2.6475095785440352,0.020933684752643122,0.007906934472416655
2021-12-06,-1,320.6708,324.85,324.85,stop,-1.0,-0.013032680244038586,0.013032680244038551
2021-12-07,1,332.21,330.1,334.92,close,1.2843601895735033,0.008157490743806672,0.006351404232262596
2021-12-08,-1,333.0,335.5,334.96,close,-0.7839999999999918,-0.0058858858858859,0.0075075075075075074
2021-12-09,-1,334.08,336.489,333.11,close,0.4026567040265561,0.00290349616858232,0.007210847701149401
2021-12-10,1,337.67,334.79,342.23,close,1.5833333333333366,0.013504308940681664,0.00852903722569371
2021-12-14,-1,331.8,334.64,328.48,close,1.1690140845070502,0.010006027727546662,0.008559373116335065
2021-12-15,-1,327.84,329.56,329.56,stop,-1.0,-0.005246461688628745,0.005246461688628683
2021-12-16,1,336.26,333.59,333.59,stop,-1.0,-0.00794028430381255,0.007940284303812573
2021-12-17,-1,319.5,322.28,322.28,stop,-1.0,-0.008701095461658648,0.008701095461658757
2021-12-20,1,322.0,319.35,319.35,stop,-1.0,-0.008229813664596186,0.008229813664596203
2021-12-21,-1,322.98,324.4999,324.4999,stop,-1.0,-0.004705864140194471,0.004705864140194461
2021-12-22,1,328.3617,325.75,333.27,close,1.879350614542262,0.014947845622677702,0.007953729073762211
2021-12-23,1,334.24,332.73,334.49,close,0.16556291390728575,0.0007479655337481184,0.00451771182383913
2021-12-27,1,337.315,335.43,342.45,close,2.724137931034491,0.015223159361427818,0.00558824837318231
2021-12-28,-1,341.35,343.15,343.15,stop,-1.0,-0.005273180020506585,0.005273180020506678
2021-12-29,1,343.4,341.25,341.25,stop,-1.0,-0.006260920209667953,0.00626092020966796
2021-12-30,-1,341.2,342.37,342.37,stop,-1.0,-0.0034290738569753287,0.0034290738569754276
2021-12-31,-1,337.5101,339.355,336.33,close,0.6396552658680912,0.0034964879569531204,0.0054662067890708915
2022-01-03,1,337.43,335.15,335.15,stop,-1.0,-0.006756956998488661,0.006756956998488663
2022-01-04,1,334.83,332.44,332.44,stop,-1.0,-0.007137950601797893,0.007137950601797887
2022-01-05,-1,320.81,326.07,316.34,close,0.8498098859315656,0.013933480876531346,0.01639599763099651
2022-01-06,1,315.83,311.49,313.84,close,-0.45852534562212455,-0.006300858056549452,0.013741569831871497
2022-01-07,-1,313.25,315.32,315.32,stop,-1.0,-0.006608140462889045,0.006608140462889044
2022-01-10,-1,307.78,310.01,310.01,stop,-1.0,-0.007245435051010496,0.007245435051010522
2022-01-11,1,313.48,309.89,314.99,close,0.4206128133704673,0.004816894219726864,0.011452086257496592
2022-01-12,-1,318.5505,321.61,321.61,stop,-1.0,-0.009604442623696974,0.009604442623697073
2022-01-13,-1,319.15,320.88,304.8,close,8.294797687861164,0.04496318345605499,0.005420648597838065
2022-01-14,1,307.2,303.75,310.2,close,0.8695652173913072,0.009765625,0.011230468749999964
2022-01-18,1,306.0,302.38,302.38,stop,-1.0,-0.011830065359477171,0.01183006535947714
2022-01-19,1,307.05,305.3,305.3,stop,-1.0,-0.0056993974922651125,0.005699397492265103
2022-01-20,-1,307.79,309.74,309.74,stop,-1.0,-0.006335488482406726,0.006335488482406799
2022-01-21,-1,300.1,303.2488,303.2488,stop,-1.0,-0.01049250249916689,0.010492502499166924
2022-01-24,1,292.57,289.12,289.12,stop,-1.0,-0.011792049765868007,0.011792049765867958
2022-01-25,1,293.37,290.85,290.85,stop,-1.0,-0.008589835361488829,0.008589835361488843
2022-01-26,-1,301.52,308.5,296.94,close,0.6561604584527181,0.015189705492172911,0.023149376492438374
2022-01-27,-1,301.79,303.97,303.97,stop,-1.0,-0.007223566055866604,0.007223566055866684
2022-01-28,-1,297.276,300.8,300.8,stop,-1.0,-0.011854303744668337,0.011854303744668258
2022-01-31,1,309.4,306.37,310.93,close,0.5049504950495193,0.0049450549450551495,0.00979314802844206
2022-02-01,-1,308.2101,310.63,308.55,close,-0.14046034960122414,-0.0011028191483666294,0.007851462362849186
2022-02-02,1,311.33,308.88,313.39,close,0.8408163265306171,0.0066167731988564515,0.007869463270484659
2022-02-03,1,310.32,308.89,308.89,stop,-1.0,-0.004608146429492144,0.004608146429492159
2022-02-04,-1,300.1732,302.26,302.26,stop,-1.0,-0.0069519863865261655,0.00695198638652612
2022-02-07,-1,305.61,307.84,300.85,close,2.1345291479820956,0.015575406563921312,0.007296881646542853
2022-02-08,-1,300.77,303.14,303.14,stop,-1.0,-0.007879775243541554,0.007879775243541592
2022-02-09,1,310.31,308.72,308.72,stop,-1.0,-0.0051239083497147675,0.005123908349714721
2022-02-10,1,305.37,303.33,303.33,stop,-1.0,-0.006680420473524018,0.0066804204735239885
2022-02-11,-1,302.9,304.18,304.18,stop,-1.0,-0.004225817101353613,0.0042258171013536796
2022-02-15,1,300.58,299.21,299.21,stop,-1.0,-0.004557854814026263,0.004557854814026231
2022-02-16,-1,296.88,298.66,298.66,stop,-1.0,-0.005995688493667606,0.005995688493667575
2022-02-17,-1,295.72,296.8,290.75,close,4.601851851851945,0.01680643852292718,0.0036521033409981874
2022-02-18,-1,291.4,293.86,287.82,close,1.4552845528455005,0.012285518188057565,0.008442004118050914
2022-02-22,1,286.33,284.5,287.72,close,0.7595628415300849,0.0048545384695981575,0.006391226906017477
2022-02-23,-1,290.18,291.7,280.28,close,6.513157894736943,0.03411675511751333,0.005238128058446419
2022-02-24,1,275.85,271.52,294.58,close,4.325635103926047,0.06789922059090081,0.015696936740982565
2022-02-25,1,295.5,291.655,297.34,close,0.47854356306891077,0.00622673434856158,0.013011844331641379
2022-02-28,1,296.29,294.23,294.23,stop,-1.0,-0.006952647743764584,0.006952647743764562
2022-03-01,1,297.44,295.51,295.51,stop,-1.0,-0.006488703604088264,0.006488703604088242
2022-03-03,-1,300.83,303.13,295.94,close,2.1260869565217226,0.016255027756540197,0.007645514077718351
2022-03-04,-1,293.51,295.66,289.68,close,1.7813953488371737,0.013048959149603023,0.007325133726278608
2022-03-07,-1,287.65,289.69,278.91,close,4.284313725490129,0.030384147401355643,0.007091952025030491
2022-03-08,1,278.7199,276.67,276.67,stop,-1.0,-0.007354695520484844,0.007354695520484829
2022-03-09,-1,281.78,284.88,284.88,stop,-1.0,-0.011001490524522817,0.01100149052452276
2022-03-10,-1,282.73,285.09,285.09,stop,-1.0,-0.0083471863615463,0.008347186361546199
2022-03-11,-1,287.21,289.51,280.02,close,3.1260869565217226,0.02503394728595798,0.008008077713171587
2022-03-14,1,282.36,280.01,280.01,stop,-1.0,-0.008322708598951789,0.008322708598951773
2022-03-15,-1,279.9,281.87,281.87,stop,-1.0,-0.00703822793854969,0.00703822793854958
2022-03-16,1,290.83,289.03,289.03,stop,-1.0,-0.006189182684042227,0.0061891826840422635
2022-03-17,-1,291.82,293.88,293.88,stop,-1.0,-0.007059146048934206,0.0070591460489342825
2022-03-18,1,295.48,292.73,300.5,close,1.8254545454545388,0.016989305536753596,0.009306890483281439
2022-03-21,1,299.37,298.15,298.15,stop,-1.0,-0.004075224638407371,0.004075224638407413
2022-03-22,1,301.3299,298.77,304.17,close,1.1094574006797049,0.009425218008568104,0.008495340157083739
2022-03-23,-1,298.3,300.79,300.79,stop,-1.0,-0.008347301374455274,0.008347301374455277
2022-03-24,-1,298.5379,299.9,299.9,stop,-1.0,-0.004562569777572634,0.004562569777572623
2022-03-25,-1,303.7,305.5,303.69,close,0.005555555555550468,3.292723081982363e-05,0.005926901547579886
2022-03-28,1,307.71,304.33,310.76,close,0.90236686390533,0.009911930064021357,0.010984368398817054
2022-03-29,-1,313.15,314.4,314.4,stop,-1.0,-0.003991697269678962,0.003991697269679068
2022-03-30,-1,313.41,314.96,314.96,stop,-1.0,-0.00494559841740827,0.004945598417408361
2022-03-31,-1,312.58,315.14,308.08,close,1.7578124999999984,0.014396314543476896,0.008189903384733516
2022-04-01,-1,308.21,310.13,309.42,close,-0.630208333333347,-0.003925894682197395,0.006229518834560904
2022-04-04,1,311.66,309.71,315.07,close,1.7487179487178917,0.010941410511454697,0.006256818327664908
2022-04-05,-1,313.2,314.865,311.01,close,1.3153153153152979,0.006992337164751006,0.005316091954023054
2022-04-06,-1,304.7,307.0,299.4,close,2.30434782608695,0.01739415818838208,0.007548408270429969
2022-04-07,1,299.65,296.35,301.5,close,0.5606060606060752,0.00617386951443355,0.0110128483230434
2022-04-08,-1,298.77,300.6349,300.6349,stop,-1.0,-0.006241925226763145,0.0062419252267631765
2022-04-11,-1,290.14,292.61,285.26,close,1.9757085020242677,0.016819466464465416,0.008513131591645507
2022-04-12,-1,287.02,289.41,289.41,stop,-1.0,-0.008326945857431767,0.008326945857431689
2022-04-14,-1,286.54,288.305,279.78,close,3.8300283286119545,0.023591819641237022,0.006159698471417555
2022-04-18,-1,278.91,281.9,281.9,stop,-1.0,-0.010720304040729767,0.010720304040729812
2022-04-19,-1,279.15,280.34,280.34,stop,-1.0,-0.004262941071108806,0.004262941071108715
2022-04-20,-1,287.5,289.7,286.36,close,0.5181818181818146,0.003965217391304288,0.0076521739130434386
2022-04-21,1,291.49,288.45,288.45,stop,-1.0,-0.010429174242684192,0.01042917424268421
2022-04-22,-1,281.19,283.2,274.03,close,3.562189054726397,0.025463209929229458,0.007148191614211
2022-04-25,1,273.62,270.77,280.76,close,2.505263157894712,0.026094583729259435,0.01041590527008268
2022-04-26,-1,275.8,278.3599,270.22,close,2.179772647369057,0.02023205221174762,0.009281725888324766
2022-04-27,1,282.99,279.92,279.92,stop,-1.0,-0.010848439874200477,0.010848439874200477
2022-04-28,-1,283.38,287.61,287.61,stop,-1.0,-0.014926953207706983,0.01492695320770703
2022-04-29,1,289.68,286.945,286.945,stop,-1.0,-0.009441452637393044,0.009441452637393032
2022-05-02,-1,277.2,278.89,278.89,stop,-1.0,-0.006096681096681156,0.006096681096681089
2022-05-03,-1,282.2,283.97,283.97,stop,-1.0,-0.006272147413182383,0.006272147413182278
2022-05-04,1,283.1,281.38,281.38,stop,-1.0,-0.006075591663723179,0.006075591663723162
2022-05-05,-1,284.09,286.35,277.52,close,2.9070796460176345,0.02312647400471679,0.00795522545672163
2022-05-06,-1,273.66,276.1,276.1,stop,-1.0,-0.008916173353796575,0.008916173353796674
2022-05-09,-1,269.73,272.36,264.59,close,1.9543726235741643,0.019056093130167318,0.009750491231972696
2022-05-10,-1,271.13,272.91,272.91,stop,-1.0,-0.006565116364843471,0.006565116364843542
2022-05-11,-1,264.78,268.45,268.45,stop,-1.0,-0.013860563486668198,0.013860563486668238
2022-05-12,-1,254.481,258.51,258.51,stop,-1.0,-0.015832223230811016,0.015832223230810932
2022-05-13,-1,255.7,258.71,258.71,stop,-1.0,-0.011771607352365931,0.011771607352366018
2022-05-16,-1,257.35,260.13,260.13,stop,-1.0,-0.010802409170390437,0.010802409170390413
2022-05-17,-1,265.68,267.53,267.53,stop,-1.0,-0.006963264077085141,0.006963264077085087
2022-05-18,-1,262.2,263.6,254.14,close,5.757142857142719,0.030739893211289115,0.005339435545385332
2022-05-19,1,255.92,253.56,253.56,stop,-1.0,-0.009221631759924964,0.009221631759924919
2022-05-20,1,257.5,255.38,255.38,stop,-1.0,-0.00823300970873786,0.008233009708737882
2022-05-23,-1,253.6,255.99,255.99,stop,-1.0,-0.009424290220820142,0.009424290220820248
2022-05-24,-1,257.32,259.523,259.523,stop,-1.0,-0.008561324420954586,0.008561324420954575
2022-05-25,1,259.21,257.54,257.54,stop,-1.0,-0.006442652675436755,0.006442652675436747
2022-05-26,1,262.51,261.4294,265.86,close,3.1001295576531653,0.012761418612624364,0.004116414612776671
2022-05-27,1,269.27,267.56,273.23,close,2.3157894736842595,0.014706428491848555,0.006350503212388977
2022-05-31,-1,270.04,272.65,272.65,stop,-1.0,-0.009665234780032339,0.009665234780032428
2022-06-01,1,277.11,275.0,275.0,stop,-1.0,-0.007614304788712167,0.007614304788712113
2022-06-02,1,265.28,261.6,274.63,close,2.540760869565258,0.035245778045838394,0.013872135102532985
2022-06-03,1,272.18,269.4701,269.4701,stop,-1.0,-0.00995627893305906,0.009956278933059021
2022-06-06,-1,271.91,273.88,273.88,stop,-1.0,-0.00724504431613382,0.0072450443161339055
2022-06-07,1,267.63,265.94,272.5,close,2.8816568047337343,0.018196764189365888,0.006314688188917527
2022-06-09,1,269.845,267.21,267.21,stop,-1.0,-0.009764865015101432,0.009764865015101439
2022-06-10,-1,257.4,260.58,252.89,close,1.4182389937106858,0.01752136752136746,0.012354312354312382
2022-06-13,1,246.36,244.2171,244.2171,stop,-1.0,-0.008698246468582638,0.008698246468582665
2022-06-14,-1,243.67,245.19,245.19,stop,-1.0,-0.006237944761357639,0.006237944761357616
2022-06-15,1,248.84,247.44,247.44,stop,-1.0,-0.005626105127792935,0.005626105127792982
2022-06-16,1,246.7,244.9,244.9,stop,-1.0,-0.007296311309282433,0.0072963113092824605
2022-06-17,1,247.46,244.36,244.36,stop,-1.0,-0.012527277135698678,0.012527277135698676
2022-06-21,1,252.16,249.51,253.74,close,0.596226415094343,0.006265862944162537,0.010509200507614235
2022-06-22,1,251.97,250.37,253.0,close,0.643750000000003,0.0040877882287573275,0.006349962297098838
2022-06-23,-1,254.42,255.74,255.74,stop,-1.0,-0.005188271362314367,0.005188271362314369
2022-06-24,1,264.88,261.72,267.98,close,0.9810126582278652,0.011703412866203688,0.011929930534581577
2022-06-27,-1,266.08,268.3,264.92,close,0.5225225225225018,0.004359591100420834,0.008343355381840152
2022-06-28,1,266.75,263.58,263.58,stop,-1.0,-0.011883786316776113,0.011883786316776068
2022-06-29,1,258.44,255.76,260.27,close,0.6828358208955148,0.007080947221792311,0.010369911778362509
2022-06-30,-1,256.81,258.97,258.97,stop,-1.0,-0.00841088742650209,0.008410887426502181
2022-07-01,-1,255.41,257.18,257.18,stop,-1.0,-0.006930034062879287,0.006930034062879333
2022-07-05,1,256.51,254.74,262.97,close,3.649717514124352,0.025184203344899014,0.006900315777162613
2022-07-06,-1,263.03,264.45,264.45,stop,-1.0,-0.005398623731133423,0.005398623731133392
2022-07-07,1,266.73,265.02,268.38,close,0.9649122807017205,0.0061860308176806544,0.00641097739286933
2022-07-08,1,265.595,264.22,264.22,stop,-1.0,-0.005177055290950472,0.005177055290950507
2022-07-11,-1,264.75,265.82,265.82,stop,-1.0,-0.0040415486307836535,0.004041548630783732
2022-07-12,-1,264.4,265.94,253.67,close,6.967532467532369,0.04058245083207257,0.00582450832072625
2022-07-13,1,251.22,249.02,249.02,stop,-1.0,-0.008757264549000832,0.00875726454900083
2022-07-14,-1,249.04,251.4,251.4,stop,-1.0,-0.009476389335046687,0.009476389335046635
2022-07-15,1,257.91,255.68,255.68,stop,-1.0,-0.008646427048195182,0.008646427048195177
2022-07-18,1,260.24,258.55,258.55,stop,-1.0,-0.006494005533353775,0.006494005533353818
2022-07-19,-1,255.64,258.06,258.06,stop,-1.0,-0.009466437177280573,0.009466437177280613
2022-07-20,1,260.1499,258.91,262.24,close,1.6857004597145293,0.00803421412039751,0.004766098314856079
2022-07-21,-1,258.48,260.45,260.45,stop,-1.0,-0.007621479418136623,0.007621479418136685
2022-07-22,-1,262.35,265.33,260.46,close,0.6342281879194858,0.007204116638079072,0.011358871736230078
2022-07-25,-1,260.38,261.5,258.82,close,1.3928571428571392,0.00599124356709424,0.004301405637913836
2022-07-26,-1,255.8,259.88,251.745,close,0.9938725490196134,0.01585222830336208,0.015949960906958497
2022-07-27,1,263.0,258.85,268.68,close,1.3686746987951899,0.021596958174904923,0.01577946768060828
2022-07-28,-1,269.6301,271.4638,271.4638,stop,-1.0,-0.006800798575529843,0.006800798575529826
2022-07-29,-1,277.18,278.84,278.84,stop,-1.0,-0.005988888087163469,0.005988888087163461
2022-08-01,1,278.25,276.7431,276.7431,stop,-1.0,-0.005415633423180521,0.005415633423180497
2022-08-02,1,276.015,274.85,274.85,stop,-1.0,-0.004220785102258762,0.004220785102258803
2022-08-03,1,278.349,276.61,282.47,close,2.3697527314549136,0.014805154679916388,0.006247552532971112
2022-08-04,1,282.84,281.11,281.11,stop,-1.0,-0.006116532315089684,0.006116532315089667
2022-08-05,1,281.045,278.68,282.86,close,0.7674418604651123,0.006458040527317577,0.00841502250529278
2022-08-08,1,284.35,282.46,282.46,stop,-1.0,-0.006646738174784783,0.0066467381747847476
2022-08-09,-1,278.5622,280.33,280.33,stop,-1.0,-0.006346158954804171,0.0063461589548042254
2022-08-10,-1,287.71,289.17,289.17,stop,-1.0,-0.005074554238643225,0.005074554238643205
2022-08-11,-1,288.8,291.21,287.22,close,0.6556016597510393,0.005470914127423732,0.008344875346260277
2022-08-12,-1,287.86,288.99,288.99,stop,-1.0,-0.003925519349683881,0.003925519349683858
2022-08-15,1,291.65,290.717,290.717,stop,-1.0,-0.0031990399451397034,0.0031990399451396977
2022-08-16,1,292.73,291.62,291.62,stop,-1.0,-0.0037918901376695624,0.003791890137669571
2022-08-17,1,291.28,289.47,291.3769,close,0.053535911602214374,0.00033266959626487846,0.006213952210930876
2022-08-18,-1,289.77,290.74,290.74,stop,-1.0,-0.0033474824861097208,0.0033474824861097676
2022-08-19,-1,287.21,289.25,286.16,close,0.5147058823529137,0.00365586156470854,0.0071028167542913564
2022-08-22,-1,280.76,282.46,277.86,close,1.7058823529411744,0.010329106710357472,0.006054993588830278
2022-08-23,1,277.95,276.379,276.379,stop,-1.0,-0.005652095700665494,0.005652095700665478
2022-08-24,-1,275.41,276.49,276.49,stop,-1.0,-0.003921426237246228,0.003921426237246229
2022-08-25,-1,274.71,277.63,277.63,stop,-1.0,-0.010629390994139287,0.010629390994139332
2022-08-26,1,279.3,278.37,278.37,stop,-1.0,-0.003329752953813103,0.0033297529538131284
2022-08-29,1,266.86,265.01,265.01,stop,-1.0,-0.006932473956381746,0.006932473956381708
2022-08-30,-1,266.01,267.05,262.97,close,2.9230769230768305,0.011428141799180391,0.003909627457614452
2022-08-31,1,265.45,263.92,263.92,stop,-1.0,-0.005763797325296527,0.005763797325296563
2022-09-01,1,259.63,257.89,257.89,stop,-1.0,-0.006701844933174161,0.0067018449331741675
2022-09-02,1,261.94,260.27,260.27,stop,-1.0,-0.006375505841032303,0.006375505841032358
2022-09-06,-1,256.15,257.83,253.3,close,1.6964285714285443,0.01112629318758529,0.006558657036892473
2022-09-07,1,255.03,254.14,254.14,stop,-1.0,-0.0034897855154296664,0.0034897855154296152
2022-09-08,1,257.51,255.5,255.5,stop,-1.0,-0.007805522115646002,0.0078055221156459595
2022-09-09,1,262.95,260.29,264.44,close,0.5601503759398597,0.005666476516448027,0.010115991633390258
2022-09-12,-1,265.18,266.17,266.17,stop,-1.0,-0.00373331322120829,0.0037333132212082703
2022-09-13,-1,258.5,260.4,251.995,close,3.4236842105263543,0.025164410058027054,0.007350096711798751
2022-09-14,-1,251.5,254.035,254.035,stop,-1.0,-0.010079522862822987,0.010079522862823048
2022-09-15,-1,248.69,250.18,250.18,stop,-1.0,-0.005991394909324876,0.005991394909324899
2022-09-16,-1,243.09,244.43,244.43,stop,-1.0,-0.005512361676745181,0.005512361676745252
2022-09-19,-1,242.0,242.705,242.705,stop,-1.0,-0.002913223140496024,0.0029132231404959195
2022-09-20,1,242.41,241.08,241.08,stop,-1.0,-0.0054865723361247065,0.005486572336124681
2022-09-21,1,244.43,243.63,243.63,stop,-1.0,-0.0032729206725852222,0.003272920672585245
2022-09-22,1,239.98,237.57,240.78,close,0.3319502074688849,0.0033336111342612273,0.010042503541961817
2022-09-23,1,239.54,238.23,238.23,stop,-1.0,-0.005468815229189294,0.005468815229189289
2022-09-26,1,239.14,236.95,236.95,stop,-1.0,-0.009157815505561606,0.009157815505561587
2022-09-27,1,241.02,239.555,239.555,stop,-1.0,-0.006078333748236631,0.006078333748236675
2022-09-28,1,236.85,234.84,234.84,stop,-1.0,-0.008486383787207008,0.008486383787207055
2022-09-29,-1,238.62,239.95,237.49,close,0.8496240601503827,0.00473556281954568,0.005573715530969676
2022-09-30,1,239.84,237.35,237.35,stop,-1.0,-0.010381921280853912,0.01038192128085394
2022-10-03,-1,234.86,236.5,236.5,stop,-1.0,-0.006982883419909713,0.006982883419909675
2022-10-04,1,246.25,244.975,248.89,close,2.070588235294098,0.010720812182741124,0.0051776649746193126
2022-10-05,-1,245.73,247.27,247.27,stop,-1.0,-0.006267041061327472,0.006267041061327557
2022-10-06,1,249.105,247.93,247.93,stop,-1.0,-0.004716886453503433,0.004716886453503474
2022-10-07,-1,237.85,241.32,234.25,close,1.0374639769452436,0.01513558965734707,0.014589026697498418
2022-10-10,-1,232.84,234.559,229.09,close,2.1815008726003566,0.01610548015804847,0.007382752104449382
2022-10-11,-1,226.83,227.94,227.94,stop,-1.0,-0.0048935326015076,0.004893532601507672
2022-10-12,1,225.5,224.28,224.28,stop,-1.0,-0.005410199556540984,0.005410199556541015
2022-10-13,1,220.78,219.13,234.24,close,8.157575757575735,0.060965667179998295,0.0074735030346951975
2022-10-14,-1,235.52,237.24,228.58,close,4.0348837209302335,0.02946671195652173,0.007302989130434778
2022-10-17,1,237.25,235.68,235.68,stop,-1.0,-0.0066174920969441775,0.006617492096944123
2022-10-18,-1,242.06,243.93,238.56,close,1.8716577540106907,0.014459224985540753,0.007725357349417519
2022-10-19,1,238.1796,236.64,236.64,stop,-1.0,-0.006464029665009141,0.006464029665009125
2022-10-20,-1,235.77,237.6,237.6,stop,-1.0,-0.007761801755948428,0.0077618017559485265
2022-10-21,1,236.4,234.5,242.03,close,2.9631578947368307,0.023815566835871493,0.008037225042301208
2022-10-24,1,244.14,241.5,241.5,stop,-1.0,-0.010813467682477262,0.010813467682477212
2022-10-25,-1,247.24,248.4,248.4,stop,-1.0,-0.004691797443779233,0.0046917974437793095
2022-10-26,-1,230.25,232.27,232.27,stop,-1.0,-0.00877307274701411,0.008773072747014159
2022-10-27,-1,230.88,233.69,226.81,close,1.4483985765124519,0.017628205128205066,0.01217082467082468
2022-10-28,1,228.8,226.05,235.78,close,2.5381818181818145,0.030506993006993,0.012019230769230768
2022-10-31,1,234.77,233.0449,233.0449,stop,-1.0,-0.007348042765259577,0.007348042765259606
2022-11-01,-1,233.64,235.74,228.16,close,2.6095238095237763,0.023454887861667495,0.008988186954288747
2022-11-02,-1,227.685,229.46,229.46,stop,-1.0,-0.00779585831302021,0.007795858313020206
2022-11-03,-1,219.12,220.41,214.24,close,3.782945736434128,0.022270901788974062,0.005887185104052537
2022-11-04,-1,216.33,218.48,218.48,stop,-1.0,-0.009938519853926797,0.009938519853926766
2022-11-07,-1,221.86,223.86,223.86,stop,-1.0,-0.009014693951140407,0.009014693951140358
2022-11-08,-1,228.1,229.63,229.63,stop,-1.0,-0.006707584392810162,0.006707584392810176
2022-11-09,-1,226.52,227.47,227.47,stop,-1.0,-0.004193890164223779,0.004193890164223859
2022-11-10,-1,235.43,238.2,238.2,stop,-1.0,-0.01176570530518628,0.011765705305186178
2022-11-11,1,244.42,241.93,247.32,close,1.164658634538164,0.011864822845921053,0.010187382374601019
2022-11-14,1,242.2,239.21,241.6,close,-0.20066889632106963,-0.002477291494632494,0.012345169281585387
2022-11-15,-1,245.099,247.0,242.03,close,1.614413466596513,0.012521470915833999,0.007756049596285625
2022-11-16,1,243.36,241.84,241.84,stop,-1.0,-0.0062458908612754716,0.006245890861275518
2022-11-17,1,239.37,237.63,241.7,close,1.3390804597700987,0.009733884780882995,0.007269081338513636
2022-11-18,-1,241.35,243.74,241.31,close,0.016736401673636735,0.0001657344106069658,0.009902631033768448
2022-11-21,1,244.63,241.19,242.08,close,-0.7412790697674374,-0.010423905489923446,0.014062052896210596
2022-11-22,-1,242.44,243.9,243.9,stop,-1.0,-0.006022108562943496,0.006022108562943442
2022-11-23,1,245.23,244.27,247.76,close,2.6354166666667243,0.010316845410430986,0.003914692329649633
2022-11-28,-1,245.34,246.65,241.77,close,2.7251908396946467,0.014551235020787479,0.0053395288171517175
2022-11-29,-1,241.32,242.79,240.29,close,0.7006802721088449,0.004268191612796346,0.00609149676777722
2022-11-30,1,242.74,239.86,255.16,close,4.312500000000003,0.05116585647194527,0.01186454642827715
2022-12-01,1,255.1299,253.13,253.13,stop,-1.0,-0.007838751945577482,0.007838751945577515
2022-12-02,1,251.5,249.69,255.02,close,1.9447513812154729,0.01399602385685883,0.007196819085487086
2022-12-05,1,253.71,251.61,251.61,stop,-1.0,-0.008277166844034456,0.008277166844034504
2022-12-06,-1,250.42,251.86,245.07,close,3.715277777777706,0.021364108298059237,0.005750339429758111
2022-12-07,1,245.14,243.62,243.62,stop,-1.0,-0.0062005384678142095,0.006200538467814236
2022-12-08,-1,243.59,245.0613,245.0613,stop,-1.0,-0.006040067326244847,0.006040067326244859
2022-12-09,-1,244.56,246.62,246.62,stop,-1.0,-0.008423290807981765,0.00842329080798169
2022-12-12,1,249.25,247.17,252.52,close,1.5721153846153801,0.01311935807422282,0.008345035105315998
2022-12-13,-1,260.9508,262.89,262.89,stop,-1.0,-0.00743128589757136,0.007431285897571385
2022-12-14,1,259.3299,256.92,256.92,stop,-1.0,-0.009292796549877136,0.009292796549877176
2022-12-15,-1,252.25,254.2,248.96,close,1.687179487179493,0.01304261645193261,0.007730426164519281
2022-12-16,-1,248.25,249.84,243.85,close,2.7672955974842743,0.01772406847935548,0.00640483383685802
2022-12-19,-1,242.89,245.21,240.45,close,1.0517241379310238,0.01004569969945246,0.009551648894561414
2022-12-20,-1,239.02,240.64,240.64,stop,-1.0,-0.006777675508325531,0.0067776755083255626
2022-12-22,-1,240.33,241.99,238.28,close,1.234939759036154,0.00852993800191404,0.00690716930886696
2022-12-23,-1,235.14,237.0,237.0,stop,-1.0,-0.007910181168665487,0.007910181168665535
2022-12-27,-1,237.82,238.93,236.96,close,0.774774774774752,0.003616180304431893,0.0046673955092087025
2022-12-28,1,238.94,236.55,236.55,stop,-1.0,-0.010002511090650312,0.010002511090650316
2022-12-29,1,237.65,235.65,240.9825,close,1.666249999999991,0.014022722491058293,0.008415737428992215
2022-12-30,-1,237.8,238.94,238.94,stop,-1.0,-0.0047939444911691,0.004793944491168992
2023-01-03,1,244.04,241.7,241.7,stop,-1.0,-0.009588592034092791,0.009588592034092786
2023-01-04,-1,229.11,232.87,229.1,close,0.002659574468090253,4.3647156387827124e-05,0.016411330801798223
2023-01-05,-1,224.78,227.55,222.2501,close,0.913321299638985,0.011255004893673815,0.01232316042352527
2023-01-06,1,223.38,220.88,220.88,stop,-1.0,-0.011191691288387484,0.011191691288387502
2023-01-09,-1,226.4389,227.9,227.9,stop,-1.0,-0.006452513238670576,0.006452513238670635
2023-01-10,1,230.97,227.61,227.61,stop,-1.0,-0.014547343810884517,0.014547343810884466
2023-01-11,1,232.64,231.11,235.79,close,2.0588235294118054,0.013540233837689097,0.006576685006877462
2023-01-12,-1,234.99,237.28,237.28,stop,-1.0,-0.00974509553598013,0.00974509553598022
2023-01-13,1,237.25,234.92,239.11,close,0.7982832618025767,0.007839831401475372,0.009820864067439462
2023-01-17,-1,237.73,239.3,239.3,stop,-1.0,-0.0066041307365498625,0.006604130736549959
2023-01-18,-1,240.415,242.38,235.8,close,2.3486005089058386,0.019195973628933216,0.00817336688642557
2023-01-19,-1,233.78,235.52,232.04,close,1.0,0.0074428950295150065,0.0074428950295149674
2023-01-20,1,236.04,234.51,240.15,close,2.6862745098039285,0.017412302999491702,0.006481952211489583
2023-01-23,1,241.1,239.65,242.52,close,0.9793103448276048,0.005889672335130713,0.006014102032351675
2023-01-24,-1,241.35,242.78,242.78,stop,-1.0,-0.00592500517920036,0.00592500517920036
2023-01-25,-1,232.5,235.0,235.0,stop,-1.0,-0.010752688172043001,0.010752688172043012
2023-01-26,1,245.42,243.23,243.23,stop,-1.0,-0.008923478119142736,0.008923478119142686
2023-01-27,-1,247.77,249.36,249.36,stop,-1.0,-0.006417241796827788,0.006417241796827716
2023-01-30,-1,244.16,245.6,242.76,close,0.9722222222222276,0.005733944954128489,0.0058977719528178155
2023-01-31,-1,243.17,244.13,244.13,stop,-1.0,-0.0039478554097955865,0.003947855409795649
2023-02-01,-1,246.52,248.4499,248.4499,stop,-1.0,-0.007828573746551992,0.007828573746552018
2023-02-02,-1,258.755,260.66,260.66,stop,-1.0,-0.007362176576298118,0.0073621765762981566
2023-02-03,1,260.44,259.02,259.02,stop,-1.0,-0.005452311472892046,0.00545231147289209
2023-02-06,-1,256.635,257.75,257.75,stop,-1.0,-0.004344691877569362,0.004344691877569346
2023-02-07,1,261.125,260.08,267.56,close,6.157894736842014,0.024643370033508916,0.004001914791766457
2023-02-08,1,275.85,273.1,273.1,stop,-1.0,-0.009969186151894127,0.009969186151894145
2023-02-09,-1,271.3,273.98,263.7,close,2.835820895522389,0.02801326944342064,0.009878363435311488
2023-02-10,-1,261.5,263.3,263.3,stop,-1.0,-0.006883365200764935,0.006883365200764862
2023-02-13,1,269.535,267.15,271.31,close,0.74423480083855,0.006585415623202806,0.008848572541599597
2023-02-14,-1,270.61,272.86,272.86,stop,-1.0,-0.008314548612394113,0.00831454861239422
2023-02-15,1,269.9,268.22,268.22,stop,-1.0,-0.006224527602815666,0.006224527602815673
2023-02-16,-1,263.68,265.15,265.15,stop,-1.0,-0.005574939320388328,0.005574939320388237
2023-02-17,-1,259.02,260.09,258.09,close,0.8691588785046848,0.003590456335418102,0.0041309551385993095
2023-02-21,1,254.71,253.85,253.85,stop,-1.0,-0.003376388834360644,0.0033763888343606987
2023-02-22,-1,253.0,254.34,251.59,close,1.052238805970144,0.005573122529644259,0.005296442687747049
2023-02-23,-1,254.9,255.92,255.92,stop,-1.0,-0.0040015692428403415,0.004001569242840258
2023-02-24,-1,249.51,251.0,249.21,close,0.20134228187918196,0.001202356618973166,0.005971704540900201
2023-02-27,-1,251.41,252.82,250.2,close,0.858156028368802,0.004812855495008206,0.005608368799968166
2023-02-28,1,249.7,248.73,249.4,close,-0.3092783505154467,-0.0012014417300759694,0.003884661593912691
2023-03-01,-1,248.02,250.93,246.4,close,0.5567010309278373,0.006531731311991029,0.011732924764131911
2023-03-02,1,246.955,245.61,251.11,close,3.089219330855022,0.01682492761839205,0.0054463363770727415
2023-03-03,1,252.81,251.39,255.33,close,1.774647887323931,0.009967960128159481,0.005616866421423266
2023-03-06,1,257.51,255.98,256.9,close,-0.39869281045752497,-0.002368840045046894,0.005941516834297702
2023-03-07,1,257.1198,256.05,256.05,stop,-1.0,-0.004160706410008097,0.004160706410008045
2023-03-08,-1,253.725,254.5417,253.75,close,-0.03061099546957973,-9.853187506170258e-05,0.003218839294511764
2023-03-09,1,256.42,255.4,255.4,stop,-1.0,-0.003977848841744014,0.003977848841744054
2023-03-10,-1,250.38,251.85,251.85,stop,-1.0,-0.005871075964533956,0.005871075964533904
2023-03-13,-1,246.3076,248.3,248.3,stop,-1.0,-0.008089072363175243,0.008089072363175166
2023-03-14,-1,256.645,257.94,257.94,stop,-1.0,-0.00504588049640553,0.005045880496405603
2023-03-15,1,261.95,259.21,265.47,close,1.284671532846725,0.01343767894636394,0.010460011452567319
2023-03-16,-1,264.44,265.4,265.4,stop,-1.0,-0.003630313114506123,0.0036303131145060488
2023-03-17,1,279.22,277.39,277.39,stop,-1.0,-0.006553971778526013,0.006553971778526039
2023-03-20,-1,274.6,277.48,272.23,close,0.8229166666666695,0.008630735615440699,0.010487982520029115
2023-03-21,-1,273.84,275.0,273.79,close,0.04310344827582194,0.00018258837277229656,0.004236050248320278
2023-03-22,-1,273.09,274.06,274.06,stop,-1.0,-0.0035519425830312645,0.0035519425830313352
2023-03-23,-1,277.2,278.61,278.61,stop,-1.0,-0.00508658008658025,0.005086580086580177
2023-03-24,-1,276.81,277.84,277.84,stop,-1.0,-0.0037209638380115706,0.0037209638380115337
2023-03-27,-1,279.35,281.4589,276.38,close,1.408317132154213,0.010631823876857127,0.007549310900304297
2023-03-28,-1,274.86,276.14,275.26,close,-0.3124999999999889,-0.0014552863275849592,0.004656916248271748
2023-03-29,1,279.58,278.41,278.41,stop,-1.0,-0.004184848701623722,0.004184848701623718
2023-03-30,-1,282.9,284.46,284.09,close,-0.7628205128205102,-0.004206433368681539,0.005514316012725353
2023-03-31,1,284.38,283.25,283.25,stop,-1.0,-0.003973556508896525,0.003973556508896531
2023-04-03,1,286.68,285.24,285.24,stop,-1.0,-0.005023022185014603,0.005023022185014643
2023-04-04,1,287.76,286.33,286.33,stop,-1.0,-0.00496941896024472,0.004969418960244673
2023-04-05,-1,285.564,287.15,284.34,close,0.7717528373266586,0.004286254569903947,0.005553921362636592
2023-04-10,-1,288.5,289.28,289.28,stop,-1.0,-0.002703639514731293,0.0027036395147312744
2023-04-11,-1,283.88,285.98,282.87,close,0.4809523809523714,0.0035578413414117938,0.0073974918979851445
2023-04-12,-1,284.52,285.989,285.989,stop,-1.0,-0.0051630816814283165,0.00516308168142835
2023-04-13,1,285.44,283.17,289.87,close,1.951541850220283,0.015519899103139112,0.007952634529147918
2023-04-14,1,287.1,286.44,286.44,stop,-1.0,-0.0022988505747126853,0.002298850574712731
2023-04-17,1,290.47,289.26,289.26,stop,-1.0,-0.0041656625469068675,0.004165662546906862
2023-04-18,-1,290.02,291.755,288.28,close,1.0028818443804008,0.005999586235432064,0.005982346045100386
2023-04-20,1,287.24,285.15,285.15,stop,-1.0,-0.0072761453836514,0.007276145383651412
2023-04-21,1,285.09,283.5,283.5,stop,-1.0,-0.00557718615174152,0.005577186151741468
2023-04-24,1,283.47,281.2535,281.2535,stop,-1.0,-0.007819169577027774,0.007819169577027739
2023-04-25,1,279.99,278.975,278.975,stop,-1.0,-0.0036251294689095825,0.0036251294689095552
2023-04-26,-1,294.6,297.3,297.3,stop,-1.0,-0.009164969450101701,0.009164969450101793
2023-04-27,1,297.31,295.25,304.68,close,3.5776699029126195,0.02478894083616434,0.006928794860583237
2023-04-28,1,304.7,303.31,307.32,close,1.884892086330957,0.008598621595011569,0.004561864128651088
2023-05-01,1,308.29,306.5,306.5,stop,-1.0,-0.005806221414901613,0.0058062214149016194
2023-05-02,-1,307.01,308.1741,308.1741,stop,-1.0,-0.003791733168300837,0.003791733168300769
2023-05-03,-1,305.63,306.9,306.9,stop,-1.0,-0.004155351241697414,0.004155351241697418
2023-05-04,-1,304.69,306.5,306.5,stop,-1.0,-0.005940464078243446,0.0059404640782434685
2023-05-05,1,306.34,304.27,310.62,close,2.067632850241567,0.013971404321995173,0.006757197884703249
2023-05-08,-1,308.86,310.2,308.64,close,0.16417910447763537,0.0007122968335169233,0.004338535258693178
2023-05-09,1,308.93,307.675,307.675,stop,-1.0,-0.004062408959958574,0.004062408959958552
2023-05-10,-1,308.62,310.34,310.34,stop,-1.0,-0.005573196811612835,0.005573196811612891
2023-05-11,-1,307.53,310.26,310.26,stop,-1.0,-0.008877182713881604,0.008877182713881632
2023-05-12,-1,309.55,310.65,309.02,close,0.4818181818182236,0.0017121628169924907,0.0035535454692294166
2023-05-15,-1,307.7,309.28,309.28,stop,-1.0,-0.005134871628209137,0.005134871628209243
2023-05-16,1,312.71,309.83,311.76,close,-0.32986111111110766,-0.0030379584918933666,0.00920981100700328
2023-05-17,1,312.9,312.05,312.05,stop,-1.0,-0.0027165228507509687,0.00271652285075093
2023-05-18,-1,314.19,314.739,314.739,stop,-1.0,-0.0017473503294185289,0.0017473503294184352
2023-05-19,1,317.9,316.715,316.715,stop,-1.0,-0.0037275872916011643,0.00372758729160114
2023-05-22,1,319.79,318.01,321.235,close,0.8117977528089715,0.004518590324900762,0.005566152787767064
2023-05-23,1,322.4,320.02,320.02,stop,-1.0,-0.007382133995037177,0.007382133995037207
2023-05-24,1,315.04,313.76,313.76,stop,-1.0,-0.004062976130015383,0.0040629761300153295
2023-05-25,-1,320.64,323.49,323.49,stop,-1.0,-0.008888473053892287,0.008888473053892287
2023-05-26,1,326.75,323.88,332.86,close,2.128919860627179,0.018699311400153018,0.008783473603672546
2023-05-30,1,335.34,332.88,332.88,stop,-1.0,-0.007335838253712534,0.007335838253712589
2023-05-31,1,333.9331,331.45,331.45,stop,-1.0,-0.007435920548157782,0.007435920548157807
2023-06-01,1,326.88,324.72,332.63,close,2.6620370370370763,0.017590553108174145,0.006607929515418405
2023-06-02,1,335.54,334.0,334.0,stop,-1.0,-0.00458961673719982,0.004589616737199798
2023-06-05,1,336.66,335.09,335.09,stop,-1.0,-0.004663458682350297,0.004663458682350294
2023-06-06,-1,333.0,335.37,333.67,close,-0.2827004219409344,-0.0020120120120119545,0.007117117117117131
2023-06-07,-1,331.22,334.49,323.46,close,2.3730886850153183,0.023428536924098964,0.009872592234768376
2023-06-08,-1,323.7,325.21,325.21,stop,-1.0,-0.0046648130985480485,0.00466481309854801
2023-06-09,1,326.77,324.41,326.81,close,0.016949152542381864,0.0001224102579797659,0.007222205220797371
2023-06-12,-1,327.435,329.04,329.04,stop,-1.0,-0.0049017362224563765,0.004901736222456421
2023-06-13,1,335.61,333.72,333.72,stop,-1.0,-0.005631536604987941,0.005631536604987892
2023-06-14,-1,334.05,335.49,335.49,stop,-1.0,-0.0043107319263582244,0.0043107319263583225
2023-06-15,1,338.555,337.2,348.13,close,7.066420664206539,0.028281963048839787,0.004002303909261474
2023-06-16,-1,348.0,351.47,342.56,close,1.5677233429394684,0.015632183908045993,0.00997126436781617
2023-06-20,1,341.25,338.6,338.6,stop,-1.0,-0.007765567765567694,0.007765567765567699
2023-06-21,1,337.1,335.44,335.44,stop,-1.0,-0.004924354790863283,0.004924354790863319
2023-06-22,1,334.8,333.34,339.69,close,3.3493150684930577,0.01460573476702498,0.004360812425328663
2023-06-23,1,335.93,333.62,333.62,stop,-1.0,-0.006876432590122938,0.006876432590122949
2023-06-26,1,334.43,332.511,332.511,stop,-1.0,-0.005738121580001754,0.0057381215800017425
2023-06-27,1,332.8,331.36,331.36,stop,-1.0,-0.0043269230769230616,0.00432692307692307
2023-06-28,-1,334.08,336.81,336.81,stop,-1.0,-0.008171695402299006,0.008171695402298906
2023-06-29,-1,334.26,335.95,335.95,stop,-1.0,-0.005055944474361196,0.005055944474361269
2023-06-30,1,339.6791,337.2,340.39,close,0.28675729095235214,0.0020928576412266864,0.007298358951139522
2023-07-05,1,338.1603,334.7276,338.18,close,0.005738922713898741,5.825639497003543e-05,0.010151102894100848
2023-07-06,-1,335.51,338.7,338.7,stop,-1.0,-0.009507913325981443,0.009507913325981335
2023-07-07,1,340.85,338.88,338.88,stop,-1.0,-0.005779668475869193,0.00577966847586923
2023-07-10,-1,332.5636,335.23,331.86,close,0.2638763876387608,0.0021156855410513487,0.008017714506338066
2023-07-11,-1,329.25,331.45,331.45,stop,-1.0,-0.00668185269552013,0.006681852695520087
2023-07-12,-1,336.28,337.91,337.91,stop,-1.0,-0.0048471511835377346,0.004847151183537684
2023-07-13,1,340.98,339.02,342.67,close,0.8622448979591665,0.004956302422429504,0.005748137720687537
2023-07-14,-1,346.67,348.91,348.91,stop,-1.0,-0.006461476331958371,0.006461476331958372
2023-07-17,-1,345.62,346.99,345.73,close,-0.0802919708029294,-0.0003182686187142014,0.003963890978531348
2023-07-18,-1,344.36,345.95,345.95,stop,-1.0,-0.004617261005923856,0.00461726100592396
2023-07-19,-1,358.63,362.46,355.01,close,0.9451697127937388,0.010093968714273815,0.010679530435267502
2023-07-20,1,356.7,353.55,353.55,stop,-1.0,-0.00883095037846926,0.00883095037846924
2023-07-21,-1,347.42,349.71,349.71,stop,-1.0,-0.006591445512635907,0.006591445512635898
2023-07-24,-1,345.54,346.92,345.16,close,0.2753623188405773,0.0010997279620303946,0.003993748914742129
2023-07-25,-1,345.16,347.3832,347.3832,stop,-1.0,-0.006441070807741145,0.00644107080774123
2023-07-26,-1,338.18,344.67,337.93,close,0.03852080123266559,0.00073925128629726,0.019190963392276328
2023-07-27,-1,339.53,340.97,340.97,stop,-1.0,-0.004241156893352693,0.004241156893352737
2023-07-31,1,337.68,335.76,335.76,stop,-1.0,-0.005685856432125158,0.005685856432125136
2023-08-01,1,335.63,333.7,336.35,close,0.37305699481866567,0.002145219438071777,0.005750379882608845
2023-08-02,-1,331.97,333.63,327.51,close,2.6867469879518806,0.013434948941169478,0.005000451848058463
2023-08-03,1,327.89,325.95,326.64,close,-0.6443298969072172,-0.003812254109609947,0.005916618378114605
2023-08-04,1,334.22,331.68,331.68,stop,-1.0,-0.007599784573035784,0.0075997845730357855
2023-08-07,1,330.49,328.37,328.37,stop,-1.0,-0.006414717540621506,0.006414717540621515
2023-08-08,1,327.82,326.85,326.85,stop,-1.0,-0.0029589408821913965,0.0029589408821913566
2023-08-09,-1,325.83,327.11,322.32,close,2.7421874999999294,0.01077248872111225,0.003928428935334468
2023-08-10,-1,325.5,326.89,326.89,stop,-1.0,-0.004270353302611385,0.004270353302611325
2023-08-11,1,320.53,319.42,319.42,stop,-1.0,-0.0034630143824290194,0.0034630143824289673
2023-08-14,1,321.63,320.08,324.03,close,1.5483870967741675,0.007461990485962078,0.004819202188850578
2023-08-15,1,324.14,322.86,322.86,stop,-1.0,-0.003948910964397978,0.003948910964398015
2023-08-16,1,321.76,319.8035,320.3526,close,-0.719345770508557,-0.004374067628045708,0.00608061909497764
2023-08-17,-1,320.405,321.87,316.88,close,2.4061433447098297,0.011001700972206985,0.004572338134548562
2023-08-18,-1,313.25,315.2,315.2,stop,-1.0,-0.006225059856344695,0.006225059856344736
2023-08-21,1,318.2,317.04,321.86,close,3.1551724137932116,0.011502199874293018,0.0036455059710872664
2023-08-22,-1,325.06,326.075,322.45,close,2.5714285714286196,0.008029286900879895,0.0031225004614532283
2023-08-23,1,325.1,323.46,327.01,close,1.1646341463414134,0.005875115349123217,0.005044601661027509
2023-08-24,-1,329.53,332.98,319.98,close,2.7681159420289356,0.028980669438290807,0.010469456498649731
2023-08-25,1,322.802,321.31,321.31,stop,-1.0,-0.00462202836413661,0.004622028364136587
2023-08-28,-1,324.1,326.15,323.74,close,0.1756097560975715,0.0011107682813946695,0.006325208269052621
2023-08-29,1,323.15,321.88,328.4,close,4.133858267716595,0.016246325235958592,0.0039300634380318175
2023-08-31,-1,329.2,330.9099,327.75,close,0.8480028071816976,0.004404617253948917,0.0051941069258809374
2023-09-01,-1,330.115,331.99,328.66,close,0.7759999999999915,0.004407554942974401,0.005679838844039198
2023-09-05,1,330.37,328.92,328.92,stop,-1.0,-0.004389018373338938,0.004389018373338949
2023-09-06,-1,332.24,333.86,333.86,stop,-1.0,-0.004875993257885902,0.004875993257885879
2023-09-07,-1,330.34,332.01,332.01,stop,-1.0,-0.005055397469274192,0.00505539746927413
2023-09-08,1,332.27,329.46,334.3,close,0.7224199288256327,0.006109489270773816,0.008456977759051382
2023-09-12,1,336.28,335.17,335.17,stop,-1.0,-0.003300820744617461,0.003300820744617452
2023-09-13,1,334.09,331.17,335.92,close,0.6267123287671461,0.005477565925349648,0.008740159837169503
2023-09-14,-1,338.4887,340.4699,340.4699,stop,-1.0,-0.005853075745216874,0.005853075745216905
2023-09-15,-1,335.2,337.3975,330.25,close,2.2525597269624615,0.014767303102625307,0.00655578758949878
2023-09-18,1,328.45,326.85,326.85,stop,-1.0,-0.004871365504642955,0.004871365504642917
2023-09-19,1,326.68,324.87,324.87,stop,-1.0,-0.005540590179992644,0.00554059017999266
2023-09-20,-1,327.9,329.59,320.75,close,4.230769230769223,0.0218054284842939,0.005154010369014937
2023-09-21,1,320.28,318.6144,318.6144,stop,-1.0,-0.00520044960659416,0.005200449606594179
2023-09-22,-1,318.96,321.45,317.01,close,0.7831325301204745,0.0061136192626034536,0.007806621519939833
2023-09-25,1,317.41,315.65,315.65,stop,-1.0,-0.005544878863300018,0.005544878863299983
2023-09-26,1,315.5,314.2,314.2,stop,-1.0,-0.0041204437400951255,0.004120443740095123
2023-09-27,-1,312.3,313.6299,313.6299,stop,-1.0,-0.004258405379442776,0.004258405379442873
2023-09-28,1,311.26,309.45,313.67,close,1.3314917127071946,0.007742723125361506,0.005815074214483076
2023-09-29,-1,316.94,318.0,318.0,stop,-1.0,-0.0033444816053511683,0.003344481605351178
2023-10-02,1,317.07,315.18,321.81,close,2.507936507936531,0.014949380263033385,0.005960828839057578
2023-10-03,-1,320.0,321.39,313.39,close,4.755395683453294,0.020656250000000043,0.004343749999999957
2023-10-04,1,316.6,314.0,318.95,close,0.9038461538461329,0.007422615287428824,0.008212255211623571
2023-10-05,-1,317.61,319.98,319.37,close,-0.742616033755269,-0.005541387235918238,0.00746198167563995
2023-10-06,1,320.17,316.3,327.26,close,1.832041343669242,0.022144485741949493,0.012087328606677716
2023-10-09,-1,323.59,325.1998,325.1998,stop,-1.0,-0.0049748138075960124,0.004974813807596054
2023-10-10,-1,329.28,331.1,328.39,close,0.48901098901096807,0.002702866861030051,0.005527210884353894
2023-10-11,1,332.45,330.76,330.76,stop,-1.0,-0.00508347119867647,0.005083471198676486
2023-10-12,1,331.25,329.59,329.59,stop,-1.0,-0.005011320754717108,0.005011320754717057
2023-10-13,-1,331.82,333.25,333.25,stop,-1.0,-0.004309565427038864,0.004309565427038776
2023-10-16,1,332.49,330.67,330.67,stop,-1.0,-0.00547384883755897,0.005473848837559004
2023-10-17,1,330.415,328.82,328.82,stop,-1.0,-0.0048272626848056,0.004827262684805554
2023-10-18,-1,332.19,335.59,330.16,close,0.5970588235294078,0.006110960594840176,0.010235106415003394
2023-10-19,1,334.8,332.03,332.03,stop,-1.0,-0.008273596176822107,0.008273596176822098
2023-10-20,1,331.88,329.36,329.36,stop,-1.0,-0.007593105941906653,0.007593105941906659
2023-10-23,-1,325.17,329.13,329.13,stop,-1.0,-0.012178245225574313,0.012178245225574251
2023-10-24,1,331.57,329.9,329.9,stop,-1.0,-0.0050366438459450436,0.005036643845945097
2023-10-25,-1,342.26,346.2,340.68,close,0.40101522842639215,0.004616373517209116,0.011511716239116454
2023-10-26,-1,337.9104,341.63,327.84,close,2.707387891171085,0.029801983010880995,0.011007651732530323
2023-10-27,1,332.15,329.8,329.8,stop,-1.0,-0.00707511666415761,0.007075116664157658
2023-10-30,1,333.79,331.83,337.35,close,1.8163265306122123,0.010665388417867572,0.005871955421073239
2023-10-31,-1,336.38,339.0,338.14,close,-0.671755725190835,-0.005232177894048284,0.007788810274094787
2023-11-01,1,341.67,339.65,346.07,close,2.178217821782125,0.012877923142213143,0.005912137442561649
2023-11-02,-1,345.9,347.73,347.73,stop,-1.0,-0.005290546400694041,0.005290546400693961
2023-11-03,-1,348.255,349.95,349.95,stop,-1.0,-0.004867123228668557,0.004867123228668628
2023-11-06,1,355.97,353.35,356.64,close,0.2557251908396786,0.0018821810826754604,0.007360170800910201
2023-11-07,-1,357.95,359.75,359.75,stop,-1.0,-0.0050286352842576765,0.00502863528425761
2023-11-08,-1,361.405,363.87,363.23,close,-0.740365111561875,-0.005049736445262409,0.006820602924696759
2023-11-09,1,363.13,361.63,361.63,stop,-1.0,-0.004130752072260657,0.004130752072260623
2023-11-10,1,362.6799,361.07,369.52,close,4.248773215727737,0.018859881675273416,0.004438900529089101
2023-11-13,-1,367.235,368.47,366.66,close,0.4655870445343986,0.001565754898089744,0.0033629692158972145
2023-11-14,1,371.68,369.32,369.32,stop,-1.0,-0.006349547998278138,0.006349547998278126
2023-11-15,1,372.605,370.96,370.96,stop,-1.0,-0.004414862924544849,0.004414862924544863
2023-11-16,1,372.729,370.18,376.2,close,1.3617104746959723,0.009312395869385037,0.006838748796042107
2023-11-17,-1,372.4,374.37,369.79,close,1.3248730964466602,0.007008592910848432,0.005290010741138634
2023-11-20,1,375.33,371.0,377.61,close,0.5265588914549741,0.006074654304212279,0.011536514533876814
2023-11-21,1,375.89,373.55,373.55,stop,-1.0,-0.006225225464896567,0.006225225464896579
2023-11-22,1,379.58,377.52,377.52,stop,-1.0,-0.005427050951051116,0.005427050951051168
2023-11-27,-1,376.31,378.18,378.18,stop,-1.0,-0.00496930722011113,0.004969307220111091
2023-11-28,1,380.8325,378.16,382.7,close,0.6987839101964591,0.004903730642736637,0.007017520826084846
2023-11-29,-1,382.53,384.3,378.86,close,2.0734463276835475,0.009594018769769619,0.004627088071523904
2023-11-30,-1,377.655,380.09,378.92,close,-0.5195071868583335,-0.0033496180376271223,0.006447683732507189
2023-12-01,-1,376.42,378.16,374.44,close,1.1379310344827631,0.005260081823495133,0.0046224961479199005
2023-12-04,-1,366.65,369.3,369.3,stop,-1.0,-0.007227601254602645,0.007227601254602575
2023-12-05,1,367.29,365.621,372.58,close,3.1695626123426233,0.014402787987693566,0.004544093223338614
2023-12-06,-1,372.58,374.18,368.81,close,2.3562499999999553,0.010118632240055825,0.004294379730527733
2023-12-07,1,370.46,368.03,368.03,stop,-1.0,-0.006559412622145433,0.00655941262214546
2023-12-08,1,370.21,368.23,374.25,close,2.0404040404040904,0.010912725210016072,0.00534831582075028
2023-12-11,1,369.45,366.1,371.3,close,0.5522388059701616,0.005007443497090369,0.00906753281905526
2023-12-12,1,372.08,370.7,370.7,stop,-1.0,-0.003708879810793375,0.0037088798107933656
2023-12-13,-1,375.8,377.6361,374.245,close,0.8469037634115884,0.0041378392762108085,0.004885843533794539
2023-12-14,-1,371.94,373.76,365.95,close,3.2912087912088084,0.016104748077646946,0.0048932623541431235
2023-12-15,1,368.69,366.28,368.77,close,0.03319502074688102,0.00021698445848805648,0.006536656811955911
2023-12-18,1,371.24,368.68,372.59,close,0.5273437499999862,0.0036364615881907536,0.00689580864131021
2023-12-19,-1,371.49,372.94,372.94,stop,-1.0,-0.0039032006245121043,0.003903200624512069
2023-12-20,1,375.25,371.81,371.81,stop,-1.0,-0.009167221852098617,0.009167221852098595
2023-12-21,1,374.0525,372.1,372.1,stop,-1.0,-0.005219855501567228,0.005219855501567257
2023-12-22,-1,372.97,374.02,374.02,stop,-1.0,-0.0028152398316216853,0.002815239831621724
2023-12-26,1,375.57,374.57,374.57,stop,-1.0,-0.0026626194850494223,0.0026626194850493915
2023-12-27,-1,373.69,375.06,374.07,close,-0.2773722627737184,-0.0010168856538841364,0.003666140383740546
2023-12-28,-1,375.12,376.458,375.25,close,-0.09715994020926255,-0.00034655576882069994,0.0035668586052463804
2023-12-29,-1,375.95,376.775,376.775,stop,-1.0,-0.00219444075009978,0.0021944407500997173
2024-01-02,-1,371.4,375.9,370.73,close,0.1488888888888798,0.0018039849219169124,0.012116316639741519
2024-01-03,1,372.33,368.51,370.6,close,-0.45287958115182314,-0.0046464158139284395,0.010259715843472171
2024-01-04,1,372.05,370.5,370.5,stop,-1.0,-0.004166106706087969,0.004166106706087922
2024-01-05,1,369.635,368.79,368.79,stop,-1.0,-0.002286038930295997,0.002286038930296023
2024-01-08,1,370.0604,369.01,374.67,close,4.388423457730286,0.012456344964227428,0.002838455560227532
2024-01-09,-1,371.75,373.21,373.21,stop,-1.0,-0.003927370544720921,0.00392737054472086
2024-01-10,1,378.62,376.32,382.77,close,1.8043478260869377,0.010960857852200023,0.006074692303628998
2024-01-11,1,388.73,385.95,385.95,stop,-1.0,-0.007151493324415448,0.00715149332441548
2024-01-12,1,386.31,384.98,384.98,stop,-1.0,-0.003442830887111392,0.003442830887111346
2024-01-16,-1,392.25,394.03,390.27,close,1.1123595505618251,0.005047801147227582,0.004537922243467107
2024-01-17,-1,385.465,388.55,388.55,stop,-1.0,-0.008003320664651925,0.00800332066465188
2024-01-18,1,392.42,390.71,390.71,stop,-1.0,-0.004357576066459479,0.004357576066459499
2024-01-19,-1,393.94,395.85,395.85,stop,-1.0,-0.004848454079301456,0.00484845407930148
2024-01-22,-1,397.72,400.62,396.5,close,0.4206896551724265,0.0030674846625767804,0.007291561902846166
2024-01-23,1,395.97,393.93,398.9,close,1.4362745098038827,0.007399550470995164,0.005151905447382429
2024-01-24,-1,401.045,402.39,402.39,stop,-1.0,-0.0033537383585382496,0.003353738358538245
2024-01-25,1,404.81,403.365,403.365,stop,-1.0,-0.003569575850398965,0.003569575850398936
2024-01-26,1,404.6,402.95,402.95,stop,-1.0,-0.004078101828966951,0.004078101828966965
2024-01-29,1,406.06,404.33,409.72,close,2.115606936416177,0.009013446288725913,0.004260454120080821
2024-01-30,-1,410.595,413.05,408.6,close,0.8126272912423697,0.004858802469586809,0.005979127851045395
2024-01-31,1,414.29,406.76,406.76,stop,-1.0,-0.01817567404475129,0.01817567404475133
2024-02-01,1,405.27,401.8,403.8,close,-0.42363112391930347,-0.0036272114886370943,0.008562193105830609
2024-02-02,1,408.23,403.56,411.11,close,0.6167023554603823,0.0070548465325919185,0.011439629620557078
2024-02-05,-1,409.34,411.16,405.58,close,2.065934065934004,0.009185518151170191,0.004446181658279304
2024-02-06,-1,405.66,407.97,405.47,close,0.08225108225108119,0.00046837252871867463,0.005694423901789682
2024-02-07,1,408.88,407.4,414.06,close,3.499999999999962,0.01266875366855813,0.0036196439053023336
2024-02-08,1,414.62,413.34,413.34,stop,-1.0,-0.0030871641503064096,0.0030871641503063757
2024-02-09,1,416.3,415.09,420.59,close,3.5454545454544086,0.010305068460245037,0.002906557770838425
2024-02-12,-1,417.83,420.74,415.25,close,0.8865979381443168,0.0061747600698848215,0.0069645549625446355
2024-02-13,1,406.44,403.39,406.55,close,0.03606557377049614,0.0002706426532821382,0.007504182659187116
2024-02-14,-1,407.33,408.77,408.77,stop,-1.0,-0.0035352171458031822,0.003535217145803152
2024-02-15,-1,407.2,409.13,406.65,close,0.2849740932642536,0.0013506876227897813,0.004739685658153259
2024-02-16,-1,406.01,408.29,404.06,close,0.8552631578947207,0.004802837368537705,0.0056156252309057155
2024-02-20,-1,402.22,404.49,402.93,close,-0.31277533039646926,-0.0017652031226691456,0.005643677589378901
2024-02-21,-1,398.25,400.49,400.49,stop,-1.0,-0.005624607658506031,0.005624607658505986
2024-02-22,1,410.6,408.57,411.63,close,0.5073891625615555,0.0025085241110569534,0.004943984413054139
2024-02-23,-1,414.33,415.86,410.32,close,2.620915032679682,0.00967827577052105,0.003692708710448265
2024-02-26,-1,410.7,412.16,407.48,close,2.2054794520547194,0.007840272705137541,0.003554906257609049
2024-02-27,-1,406.75,408.32,407.55,close,-0.509554140127398,-0.0019668100799017374,0.00385986478180699
2024-02-28,-1,407.307,409.3,407.74,close,-0.21726041144003702,-0.0010630801827613556,0.004893115021347522
2024-02-29,1,409.06,407.74,407.74,stop,-1.0,-0.0032269104776805335,0.003226910477680519
2024-03-01,1,413.8499,410.88,415.56,close,0.5758106333546631,0.004132174491283003,0.007176273330016501
2024-03-04,1,414.09,412.32,414.86,close,0.4350282485875969,0.0018594991426985619,0.004274433094254828
2024-03-05,-1,409.7,414.25,402.85,close,1.5054945054944942,0.016719550890895718,0.011105687088113282
2024-03-06,-1,401.88,404.46,404.46,stop,-1.0,-0.00641982681397435,0.006419826813974281
2024-03-07,-1,402.875,406.76,406.76,stop,-1.0,-0.009643189574930267,0.009643189574930166
2024-03-08,-1,406.73,408.4,408.4,stop,-1.0,-0.004105917930814051,0.0041059179308139526
2024-03-11,-1,401.75,404.35,404.35,stop,-1.0,-0.006471686372121921,0.006471686372122023
2024-03-12,-1,407.62,409.677,409.677,stop,-1.0,-0.0050463667140965285,0.0050463667140965025
2024-03-13,-1,415.33,418.18,415.23,close,0.035087719298233365,0.00024077239785225135,0.006862013338790896
2024-03-14,1,421.25,417.99,425.49,close,1.3006134969325218,0.010065281899109824,0.007738872403560809
2024-03-15,-1,418.99,422.6,416.422,close,0.7113573407202144,0.006129024559058616,0.008615957421418205
2024-03-18,1,417.045,413.78,417.37,close,0.09954058192955109,0.0007792924024985215,0.007828891366639196
2024-03-19,-1,416.06,418.34,418.34,stop,-1.0,-0.00547997884920437,0.005479978849204376
2024-03-20,-1,421.1781,422.82,422.82,stop,-1.0,-0.003898350840179088,0.0038983508401790623
2024-03-21,1,430.75,427.64,427.64,stop,-1.0,-0.0072199651770168405,0.007219965177016863
2024-03-22,-1,427.3001,429.7,429.7,stop,-1.0,-0.005616427424192105,0.005616427424192043
2024-03-25,-1,424.32,427.41,422.89,close,0.46278317152103304,0.00337009803921573,0.0072822398190046
2024-03-26,-1,423.92,425.99,421.88,close,0.9855072463768247,0.004812228722400502,0.004882996791847502
2024-03-27,-1,422.6,424.45,421.48,close,0.605405405405419,0.0026502602934216357,0.004377662091812508
2024-03-28,1,421.15,419.12,420.03,close,-0.5517241379310441,-0.0026593850172147437,0.004820135343701705
2024-04-01,1,426.6,422.47,422.47,stop,-1.0,-0.00968120018752927,0.00968120018752929
2024-04-02,-1,419.99,421.64,421.64,stop,-1.0,-0.0039286649682135355,0.003928664968213475
2024-04-03,1,420.074,419.085,420.49,close,0.42062689585438123,0.0009903017087464772,0.0023543470912268617
2024-04-04,1,425.69,423.32,423.32,stop,-1.0,-0.0055674316991237704,0.005567431699123786
2024-04-05,1,420.31,418.32,425.36,close,2.5376884422110493,0.012014941352811004,0.00473460065189981
2024-04-08,-1,423.7,425.89,425.89,stop,-1.0,-0.005168751475100208,0.005168751475100301
2024-04-09,1,426.855,424.53,424.53,stop,-1.0,-0.0054468144920407635,0.005446814492040729
2024-04-10,-1,420.41,424.03,423.13,close,-0.751381215469616,-0.006469874646178653,0.008610641992340686
2024-04-11,-1,424.41,426.8,426.8,stop,-1.0,-0.005631347046487933,0.005631347046488033
2024-04-12,1,424.29,422.52,422.52,stop,-1.0,-0.00417167503358562,0.0041716750335856105
2024-04-15,-1,423.855,426.6,426.6,stop,-1.0,-0.006476271366387065,0.006476271366387101
2024-04-16,1,415.34,414.05,414.05,stop,-1.0,-0.0031058891510569175,0.003105889151056878
2024-04-17,1,418.145,417.12,417.12,stop,-1.0,-0.002451302777744524,0.002451302777744508
2024-04-18,-1,409.05,411.5,411.5,stop,-1.0,-0.0059894878376727245,0.005989487837672628
2024-04-19,-1,403.13,405.48,399.11,close,1.710638297872316,0.009971969339915066,0.005829385061890762
2024-04-22,1,401.45,398.37,398.37,stop,-1.0,-0.007672188317349615,0.007672188317349568
2024-04-23,1,405.17,403.06,407.481,close,1.0952606635070918,0.005703778660808956,0.005207690599007857
2024-04-24,1,410.18,408.7,408.7,stop,-1.0,-0.0036081720220391134,0.003608172022039149
2024-04-25,-1,388.24,395.0,395.0,stop,-1.0,-0.017411910158664723,0.01741191015866472
2024-04-26,-1,407.5201,413.0,406.14,close,0.25184766145368176,0.0033865814226096136,0.013446944089383532
2024-04-29,-1,402.43,406.32,402.21,close,0.05655526992288639,0.0005466789255275106,0.009666277365007544
2024-04-30,-1,399.88,402.16,389.2,close,4.684210526315732,0.026708012403721115,0.00570171051315402
2024-05-01,1,392.61,390.31,394.9,close,0.9956521739130227,0.005832760245536139,0.005858230814294112
2024-05-02,-1,396.62,399.93,397.94,close,-0.39879154078549617,-0.003328122636276465,0.00834551964096617
2024-05-03,1,404.62,401.86,406.84,close,0.8043478260869484,0.005486629430082379,0.00682121496712963
2024-05-06,1,408.88,406.3701,413.64,close,1.896489899996,0.011641557425161375,0.006138475836431266
2024-05-07,-1,412.08,414.67,409.17,close,1.1235521235520975,0.007061735585323192,0.006285187342263716
2024-05-08,1,408.37,406.7132,410.47,close,1.2675036214389073,0.005142395376741771,0.004057105076278944
2024-05-09,-1,410.1001,411.33,411.33,stop,-1.0,-0.002999023896848474,0.0029990238968485654
2024-05-10,1,414.58,411.8,414.64,close,0.02158273381295067,0.00014472478170679537,0.006705581552414426
2024-05-13,-1,413.8004,418.348,413.75,close,0.011082768933069042,0.0001217978522979335,0.010989839545829314
2024-05-14,1,412.765,411.55,416.42,close,3.0082304526749835,0.00885491744697342,0.002943563528884414
2024-05-15,1,419.4,417.59,417.59,stop,-1.0,-0.00431568907963753,0.004315689079637583
2024-05-16,1,424.385,421.77,421.77,stop,-1.0,-0.00616185774709288,0.006161857747092873
2024-05-17,-1,418.93,422.92,420.24,close,-0.32832080200501235,-0.0031270140596280083,0.009524264196882556
2024-05-20,1,422.8,419.99,425.43,close,0.9359430604982183,0.006220435193945217,0.006646168401135293
2024-05-21,1,427.01,425.33,425.33,stop,-1.0,-0.003934334090536562,0.003934334090536538
2024-05-22,1,432.2282,430.03,430.03,stop,-1.0,-0.00508573943116164,0.005085739431161693
2024-05-23,-1,431.64,433.6,427.15,close,2.2908163265305745,0.010402187007691577,0.004540821054582607
2024-05-24,-1,424.63,427.41,427.41,stop,-1.0,-0.006546876103902255,0.0065468761039022905
2024-05-28,1,430.0,427.1,427.1,stop,-1.0,-0.006744186046511613,0.006744186046511575
2024-05-29,1,428.05,425.69,429.51,close,0.618644067796598,0.0034108164934003593,0.005513374605770386
2024-05-30,-1,421.175,424.3,414.64,close,2.091200000000008,0.015516115628895433,0.007419718644269009
2024-05-31,-1,414.5,416.75,415.3075,close,-0.3588888888888909,-0.0019481302774426723,0.005428226779252111
2024-06-03,-1,414.67,416.3799,416.3799,stop,-1.0,-0.004123519907396345,0.004123519907396254
2024-06-04,1,412.53,409.675,416.07,close,1.2399299474606194,0.008581194094974931,0.006920708796935887
2024-06-05,-1,417.45,418.7,418.7,stop,-1.0,-0.0029943705833033185,0.0029943705833033896
2024-06-06,1,424.4,422.59,422.59,stop,-1.0,-0.004264844486333685,0.004264844486333653
2024-06-07,-1,423.77,426.2,426.2,stop,-1.0,-0.00573424263161626,0.005734242631616223
2024-06-10,1,425.5624,423.89,427.87,close,1.3798134417603,0.005422471534139328,0.003929858464939663
2024-06-11,1,427.36,425.25,432.65,close,2.507109004739303,0.012378322725570934,0.0049372894047173665
2024-06-12,1,436.58,433.25,441.0,close,1.3273273273273385,0.010124146777223064,0.00762746804709328
2024-06-13,-1,439.75,441.68,441.68,stop,-1.0,-0.004388857305287042,0.00438885730528711
2024-06-14,1,439.44,436.721,442.55,close,1.143802868701736,0.007077189149827134,0.006187420353176757
2024-06-17,-1,441.85,444.28,444.28,stop,-1.0,-0.005499603937987985,0.005499603937987892
2024-06-18,-1,448.235,450.14,446.42,close,0.9527559055118234,0.0040492152553905925,0.00425000278871568
2024-06-20,-1,442.83,446.53,445.785,close,-0.7986486486486621,-0.006672989634848747,0.008355350811823925
2024-06-21,1,449.9,446.7,446.7,stop,-1.0,-0.007112691709268648,0.007112691709268701
2024-06-24,-1,448.78,450.11,450.11,stop,-1.0,-0.002963590177815556,0.0029635901778155022
2024-06-25,-1,447.0,449.0,449.0,stop,-1.0,-0.004474272930648837,0.0044742729306487695
2024-06-26,1,449.64,448.19,452.12,close,1.7103448275862327,0.005515523529935118,0.0032248020638732957
2024-06-27,1,454.5,451.77,453.03,close,-0.5384615384615449,-0.003234323432343311,0.006006600660066047
2024-06-28,-1,451.795,453.179,453.179,stop,-1.0,-0.0030633362476344406,0.003063336247634342
2024-07-01,1,448.68,446.52,446.52,stop,-1.0,-0.004814121422840434,0.004814121422840387
2024-07-02,1,455.35,453.113,459.42,close,1.8194009834599691,0.008938179422422365,0.0049127045130120195
2024-07-05,1,461.9699,458.965,467.39,close,1.8037538686811387,0.01173258257734977,0.0065045363345101505
2024-07-08,1,467.08,464.7656,464.7656,stop,-1.0,-0.004955039821871954,0.0049550398218720084
2024-07-09,-1,465.67,467.33,459.53,close,3.6987951807229886,0.01318530289690134,0.003564756157794078
2024-07-10,1,461.235,458.855,466.38,close,2.1617647058823493,0.011154834303554573,0.0051600594057259214
2024-07-11,-1,462.25,464.78,454.71,close,2.9802371541502377,0.016311519740400238,0.005473228772309297
2024-07-12,-1,451.28,454.39,454.39,stop,-1.0,-0.006891508597766327,0.006891508597766384
2024-07-15,1,455.13,452.25,452.25,stop,-1.0,-0.00632786236899352,0.006327862368993464
2024-07-16,-1,452.86,454.3,449.49,close,2.340277777777785,0.007441593428432647,0.003179790663781296
2024-07-17,1,443.63,441.0,441.0,stop,-1.0,-0.005928363726528829,0.005928363726528854
2024-07-18,-1,442.24,444.65,440.43,close,0.7510373443983511,0.004092800289435594,0.005449529667148987
2024-07-19,1,437.4199,432.0,437.09,close,-0.06086828170261631,-0.0007541952252286821,0.012390611401081626
2024-07-22,1,442.03,440.15,440.15,stop,-1.0,-0.004253104992873791,0.004253104992873777
2024-07-23,1,444.44,443.23,443.23,stop,-1.0,-0.00272252722527222,0.002722527225272207
2024-07-24,-1,438.89,441.48,428.94,close,3.8416988416987903,0.02267082868144632,0.0059012508829092295
2024-07-25,-1,428.37,429.8,418.4,close,6.972027972027957,0.023274272241286753,0.0033382356374162684
2024-07-26,1,421.0,417.27,425.49,close,1.203753351206431,0.01066508313539205,0.008859857482185316
2024-07-29,-1,426.89,432.15,426.8,close,0.017110266159691093,0.0002108271451661814,0.0123216753730469
2024-07-30,1,428.01,425.91,425.91,stop,-1.0,-0.004906427419919979,0.004906427419920016
2024-07-31,-1,415.55,421.775,418.36,close,-0.4514056224899627,-0.006762122488268574,0.014980146793406247
2024-08-01,-1,418.65,421.34,421.34,stop,-1.0,-0.00642541502448335,0.006425415024483454
2024-08-02,-1,410.93,415.0,408.49,close,0.5995085995085999,0.005937750955150478,0.009904363273550224
2024-08-05,1,390.45,385.58,395.23,close,0.9815195071868634,0.012242284543475535,0.012472787808938417
2024-08-06,1,401.85,398.5,399.43,close,-0.7223880597014923,-0.006022147567500302,0.008336443946746354
2024-08-07,-1,407.03,409.32,409.32,stop,-1.0,-0.0056261209247476796,0.005626120924747612
2024-08-08,1,402.94,401.0381,401.0381,stop,-1.0,-0.004720057576810488,0.004720057576810473
2024-08-09,1,405.12,403.12,403.12,stop,-1.0,-0.004936808846761398,0.0049368088467614535
2024-08-12,-1,407.0,408.33,408.33,stop,-1.0,-0.0032678132678132243,0.0032678132678132287
2024-08-13,1,412.88,409.57,413.96,close,0.3262839879154028,0.0026157721371826703,0.008016857198217405
2024-08-14,-1,414.58,416.637,416.637,stop,-1.0,-0.0049616479328478125,0.004961647932847741
2024-08-15,-1,418.11,420.43,420.43,stop,-1.0,-0.0055487790294419526,0.005548779029441997
2024-08-16,-1,419.0474,421.34,418.54,close,0.22132077117681365,0.0012108415420306606,0.00547098013255778
2024-08-19,-1,418.42,419.87,419.87,stop,-1.0,-0.0034654175230628415,0.003465417523062924
2024-08-20,1,422.85,421.64,424.87,close,1.6694214876032405,0.004777107721414264,0.002861534823223451
2024-08-21,-1,422.87,424.15,424.15,stop,-1.0,-0.003026934991841479,0.0030269349918413996
2024-08-22,1,426.7399,424.06,424.06,stop,-1.0,-0.006279937732562524,0.006279937732562564
2024-08-23,-1,416.65,417.91,417.91,stop,-1.0,-0.003024120964838728,0.0030241209648387084
2024-08-26,1,417.25,414.71,414.71,stop,-1.0,-0.006087477531455998,0.00608747753145601
2024-08-27,-1,410.91,413.12,413.12,stop,-1.0,-0.00537830668516226,0.005378306685162151
2024-08-28,-1,413.09,415.0,410.61,close,1.2984293193716905,0.006003534338763883,0.0046236897528384256
2024-08-29,1,416.54,414.495,414.495,stop,-1.0,-0.004909492485715705,0.004909492485715696
2024-08-30,-1,415.0,416.96,416.96,stop,-1.0,-0.004722891566264931,0.004722891566265011
2024-09-03,-1,415.91,418.02,418.02,stop,-1.0,-0.0050732129547257365,0.0050732129547256775
2024-09-04,1,406.55,404.37,408.8,close,1.032110091743116,0.005534374615668414,0.0053621940720698725
2024-09-05,1,410.64,407.62,407.62,stop,-1.0,-0.0073543736606273,0.007354373660627269
2024-09-06,-1,408.77,410.65,401.74,close,3.739361702127654,0.017197935269222198,0.004599163343689595
2024-09-10,1,413.23,407.7,414.23,close,0.18083182640144568,0.00241995982866694,0.01338237785252772
2024-09-11,-1,414.25,417.01,417.01,stop,-1.0,-0.006662643331321716,0.006662643331321644
2024-09-12,-1,420.66,424.01,424.01,stop,-1.0,-0.007963676127989316,0.007963676127989268
2024-09-13,1,427.19,425.46,430.57,close,1.953757225433503,0.00791217022870394,0.004049720264987519
2024-09-16,1,431.235,428.22,431.44,close,0.06799336650082421,0.00047537885375725786,0.006991547532088041
2024-09-17,1,440.23,436.812,436.812,stop,-1.0,-0.007764123299184522,0.007764123299184532
2024-09-18,-1,433.11,435.78,435.78,stop,-1.0,-0.006164715661148401,0.006164715661148343
2024-09-19,-1,439.97,441.5,438.68,close,0.8431372549019892,0.0029320180921427186,0.0034775098302156342
2024-09-20,-1,436.83,439.08,439.08,stop,-1.0,-0.005150745141130342,0.005150745141130417
2024-09-23,1,434.68,430.3889,433.37,close,-0.30528302766190335,-0.0030137112358517015,0.009871859758903166
2024-09-24,-1,431.34,433.35,429.305,close,1.0124378109452337,0.004717855983678687,0.004659897064960467
2024-09-25,1,431.15,428.57,432.04,close,0.3449612403100964,0.0020642467818625665,0.0059839962889945125
2024-09-26,-1,431.455,435.3,431.31,close,0.03771131339401321,0.00033607212803188347,0.008911705739880236
2024-09-27,-1,430.27,431.57,431.57,stop,-1.0,-0.003021358681758013,0.0030213586817579925
2024-09-30,1,429.32,426.33,426.33,stop,-1.0,-0.006964502003167783,0.006964502003167822
2024-10-01,-1,425.98,428.48,420.73,close,2.1,0.012324522278041261,0.005868820132400582
2024-10-02,-1,418.84,422.82,417.12,close,0.4321608040200911,0.004106580078311439,0.009502435297488345
2024-10-03,-1,417.09,418.12,418.12,stop,-1.0,-0.0024694909971469947,0.0024694909971469696
2024-10-04,1,419.09,417.2,417.2,stop,-1.0,-0.004509771170870147,0.004509771170870186
2024-10-07,1,416.65,414.895,414.895,stop,-1.0,-0.004212168486739443,0.004212168486739459
2024-10-08,1,412.17,408.17,414.78,close,0.6524999999999892,0.006332338598151077,0.009704733483756701
2024-10-09,1,416.0,414.3,417.42,close,0.8352941176470737,0.0034134615384615596,0.004086538461538434
2024-10-10,1,416.25,413.15,415.841,close,-0.13193548387096413,-0.0009825825825825474,0.007447447447447502
2024-10-11,-1,413.95,416.135,416.135,stop,-1.0,-0.005278415267544467,0.005278415267544395
2024-10-14,1,418.45,417.52,419.11,close,0.7096774193548604,0.0015772493726848857,0.0022224877524196604
2024-10-15,-1,420.35,422.48,418.78,close,0.7370892018779593,0.0037349827524683077,0.005067205899845356
2024-10-16,-1,413.21,415.84,415.84,stop,-1.0,-0.006364802400716352,0.006364802400716332
2024-10-17,-1,419.14,422.5,416.72,close,0.7202380952380801,0.0057737271556042025,0.008016414563153156
2024-10-18,1,418.58,416.7,416.7,stop,-1.0,-0.004491375603229986,0.004491375603229957
2024-10-21,1,417.415,415.4,415.4,stop,-1.0,-0.004827330115113382,0.00482733011511336
2024-10-22,1,421.44,418.04,427.46,close,1.7705882352941242,0.014284358390280971,0.00806757782839782
2024-10-23,-1,426.71,431.08,424.62,close,0.4782608695652112,0.00489794005296329,0.010241147383468877
2024-10-24,-1,423.91,425.9782,424.68,close,-0.3723044193018013,-0.001816423297398062,0.004878865796985186
2024-10-25,1,429.25,426.565,428.32,close,-0.3463687150838011,-0.0021665695981363253,0.0062550960978450835
2024-10-28,-1,429.4,431.94,426.71,close,1.0590551181102268,0.006264555193292942,0.005915230554261809
2024-10-29,-1,426.26,428.12,428.12,stop,-1.0,-0.004363533993337443,0.004363533993337432
2024-10-30,-1,434.7901,438.5,433.63,close,0.3127038464648639,0.0026681840271891577,0.008532622982906015
2024-10-31,-1,408.24,416.16,406.31,close,0.24368686868686906,0.004727611209092708,0.019400352733686104
2024-11-01,1,410.65,407.5,410.01,close,-0.20317460317460032,-0.0015585048094484133,0.007670765859003963
2024-11-04,-1,406.41,410.22,410.22,stop,-1.0,-0.009374769321621068,0.009374769321621028
2024-11-05,1,411.38,408.08,411.48,close,0.03030303030303709,0.00024308425300212377,0.008021780349069014
2024-11-06,1,414.26,410.52,420.21,close,1.590909090909084,0.014362960459614715,0.009028146574614999
2024-11-07,1,422.15,419.88,425.51,close,1.4801762114537624,0.007959256188558639,0.005377235579770181
2024-11-08,-1,424.38,426.5,422.93,close,0.6839622641509365,0.0034167491399217376,0.004995522880437355
2024-11-11,1,424.16,422.14,422.14,stop,-1.0,-0.004762353828744015,0.004762353828743961
2024-11-12,1,420.38,417.2,423.13,close,0.8647798742138346,0.006541700366335279,0.007564584423616744
2024-11-13,-1,420.61,422.47,422.47,stop,-1.0,-0.004422148783909119,0.004422148783909116
2024-11-14,1,428.0,424.42,424.42,stop,-1.0,-0.008364485981308345,0.008364485981308374
2024-11-15,-1,419.54,422.8,414.81,close,1.4509202453987826,0.011274252753015301,0.00777041521666585
2024-11-18,1,415.2853,412.1,415.75,close,0.14588892725959746,0.001118989764385958,0.00767014869055077
2024-11-19,1,413.86,411.55,417.63,close,1.6320346320346226,0.009109360653360987,0.005581597641714594
2024-11-20,-1,415.2901,417.29,415.37,close,-0.03995199759988408,-0.00019239562898332174,0.004815669817315715
2024-11-21,-1,417.25,419.78,412.8,close,1.7588932806324256,0.010665068903535024,0.00606351108448166
2024-11-22,1,412.84,411.06,417.02,close,2.3483146067416127,0.010124987888770587,0.004311597713399799
2024-11-25,1,419.04,416.6101,416.6101,stop,-1.0,-0.0057987304314625066,0.005798730431462466
2024-11-26,1,422.32,418.85,427.65,close,1.5360230547550517,0.012620761507861289,0.008216518279977198
2024-11-27,-1,424.1,427.2299,422.91,close,0.3802038403782905,0.002805941994812544,0.00738009903324679
2024-12-02,1,424.73,421.31,430.97,close,1.824561403508766,0.014691686483177646,0.008052174322510808
2024-12-03,1,430.1,428.6,428.6,stop,-1.0,-0.003487561032318065,0.0034875610323180655
2024-12-04,1,436.2,432.63,437.33,close,0.316526610644257,0.0025905547913800397,0.008184319119669861
2024-12-05,1,439.48,437.8682,437.8682,stop,-1.0,-0.003667516155456463,0.0036675161554564862
2024-12-06,1,444.66,442.0,442.0,stop,-1.0,-0.00598209868213917,0.005982098682139218
2024-12-09,-1,442.07,445.07,445.07,stop,-1.0,-0.006786255570384814,0.006786255570384781
2024-12-10,1,447.695,443.87,443.87,stop,-1.0,-0.008543763052971332,0.008543763052971306
2024-12-11,1,446.44,444.05,449.0,close,1.0711297071129777,0.005734253203117934,0.005353462951348415
2024-12-12,1,453.19,449.11,449.38,close,-0.9338235294117689,-0.008407069882389262,0.009002846488227861
2024-12-13,1,449.92,447.9,447.9,stop,-1.0,-0.004489687055476588,0.004489687055476615
2024-12-16,-1,446.42,449.15,449.15,stop,-1.0,-0.006115317414094212,0.0061153174140942635
2024-12-17,1,452.085,449.8,449.8,stop,-1.0,-0.005054359246601803,0.0050543592466017855
2024-12-18,-1,448.16,452.32,452.32,stop,-1.0,-0.009282399143162978,0.009282399143163084
2024-12-19,-1,440.98,442.9693,442.9693,stop,-1.0,-0.004511088938273788,0.004511088938273748
2024-12-20,-1,429.32,433.205,433.205,stop,-1.0,-0.009049194074350009,0.009049194074350115
2024-12-23,1,437.5,435.55,435.55,stop,-1.0,-0.004457142857142826,0.004457142857142831
2024-12-26,-1,438.44,440.94,438.11,close,0.13199999999999362,0.0007526685521394016,0.005702034485904571
2024-12-27,-1,432.1015,435.22,430.7,close,0.44941478274810986,0.003243450902160716,0.0072170543263562845
2024-12-30,-1,423.7,426.11,426.11,stop,-1.0,-0.005687986783101229,0.00568798678310131
2024-12-31,1,426.65,424.9,424.9,stop,-1.0,-0.004101722723543921,0.004101722723543888
2025-01-02,-1,423.6,426.07,418.69,close,1.9878542510121797,0.01159112370160531,0.005830972615675095
2025-01-03,1,422.56,420.52,420.52,stop,-1.0,-0.004827716773949331,0.00482771677394931
2025-01-06,1,428.91,426.77,426.77,stop,-1.0,-0.004989391713879465,0.004989391713879469
2025-01-07,1,430.405,427.155,427.155,stop,-1.0,-0.007551027520591114,0.007551027520591072
2025-01-08,1,424.4,422.79,422.79,stop,-1.0,-0.003793590951931991,0.003793590951932038
2025-01-10,-1,421.25,424.71,418.91,close,0.6763005780346788,0.005554896142433208,0.008213649851632
2025-01-13,1,417.7,415.0,415.0,stop,-1.0,-0.0064639693559971345,0.0064639693559971
2025-01-14,1,418.7698,416.7266,416.7266,stop,-1.0,-0.004879052882991952,0.004879052882991936
2025-01-15,1,422.4299,418.265,426.26,close,0.9196139163005177,0.00906682978643314,0.009859387320831194
2025-01-16,-1,425.8061,429.49,424.54,close,0.3436846819946243,0.0029734191219900064,0.008651590477449699
2025-01-17,-1,430.45,434.48,428.91,close,0.382133995037209,0.0035776512951561923,0.009362295272389428
2025-01-21,-1,428.57,430.79,430.79,stop,-1.0,-0.005180017266724235,0.005180017266724286
2025-01-23,1,443.6099,441.5048,446.7,close,1.4679112631229,0.006965804865942005,0.004745385529042506
2025-01-24,1,445.5,441.4,443.98,close,-0.37073170731706667,-0.003411896745230014,0.00920314253647592
2025-01-27,1,425.9,423.5,434.57,close,3.6125000000000407,0.02035689128903506,0.005635125616341811
2025-01-28,1,434.6,431.38,447.02,close,3.857142857142812,0.028578002761159516,0.007409111826967389
2025-01-29,-1,442.3,446.88,441.77,close,0.11572052401747411,0.0011982817092471842,0.010354962695003356
2025-01-30,1,419.56,414.74,414.74,stop,-1.0,-0.01148822576032027,0.01148822576032032
2025-01-31,-1,416.78,419.75,419.75,stop,-1.0,-0.0071260617112145486,0.007126061711214615
2025-02-03,1,413.95,409.12,409.12,stop,-1.0,-0.011668075854571747,0.01166807585457177
2025-02-04,1,412.88,409.74,412.31,close,-0.1815286624203808,-0.0013805464057352612,0.007605115287734902
2025-02-05,1,413.12,410.83,410.83,stop,-1.0,-0.005543183578621269,0.005543183578621273
2025-02-06,1,415.47,414.0,415.91,close,0.29931972789114936,0.001059041567381458,0.003538161600115597
2025-02-07,1,418.27,415.46,415.46,stop,-1.0,-0.006718148564324511,0.006718148564324485
2025-02-10,-1,411.93,414.1889,414.1889,stop,-1.0,-0.00548369868666998,0.005483698686670023
2025-02-11,1,411.05,409.3,411.55,close,0.2857142857142857,0.0012163970319911677,0.004257389611969347
2025-02-12,1,408.85,404.3673,408.95,close,0.022307984027475716,0.00024458847988251264,0.010964167787697253
2025-02-13,1,409.0,406.36,410.52,close,0.5757575757575718,0.00371638141809294,0.006454767726161336
2025-02-14,-1,406.17,408.71,408.71,stop,-1.0,-0.00625353915848037,0.006253539158480349
2025-02-18,1,410.35,407.73,407.73,stop,-1.0,-0.006384793468989902,0.006384793468989897
2025-02-19,1,409.07,407.65,414.82,close,4.049295774647842,0.014056273987337109,0.003471288532525035
2025-02-20,1,415.53,413.95,413.95,stop,-1.0,-0.0038023728731980677,0.0038023728731980465
2025-02-21,-1,415.93,418.048,408.14,close,3.6779981114258917,0.018729113071911163,0.005092203014930385
2025-02-24,-1,406.0,409.37,404.09,close,0.5667655786350215,0.0047044334975370194,0.00830049261083745
2025-02-25,-1,399.86,401.915,397.91,close,0.9489051094890424,0.004876706847396606,0.005139298754564114
2025-02-26,1,398.01,394.245,399.6409,close,0.43317397078353326,0.004097635737795535,0.009459561317554802
2025-02-27,1,404.78,400.8,400.8,stop,-1.0,-0.009832501605810506,0.009832501605810468
2025-02-28,1,392.9,386.57,397.1425,close,0.6702211690363377,0.010797912954950473,0.016110969712394972
2025-03-03,-1,396.18,398.82,388.53,close,2.8977272727273005,0.01930940481599286,0.006663637740420986
2025-03-04,1,384.84,381.0,388.72,close,1.010416666666687,0.01008211204656484,0.00997817274711562
2025-03-05,-1,388.89,392.31,392.31,stop,-1.0,-0.008794260587826841,0.008794260587826933
2025-03-06,1,397.66,393.29,393.29,stop,-1.0,-0.010989287330885666,0.010989287330885692
2025-03-07,1,393.67,390.9,390.9,stop,-1.0,-0.0070363502425890845,0.007036350242589068
2025-03-10,1,385.97,383.56,383.56,stop,-1.0,-0.00624400860170482,0.00624400860170486
2025-03-11,1,381.16,378.6505,378.6505,stop,-1.0,-0.006583849302130296,0.006583849302130346
2025-03-12,-1,381.62,384.84,384.84,stop,-1.0,-0.008437712908128336,0.008437712908128427
2025-03-13,-1,382.54,385.32,378.9,close,1.30935251798564,0.009515344800543835,0.007267213886129483
2025-03-14,1,382.7984,379.51,388.54,close,1.7460162997202175,0.014999017759739885,0.008590422530501757
2025-03-17,1,388.83,385.93,385.93,stop,-1.0,-0.007458272252655385,0.007458272252655344
2025-03-18,-1,385.33,387.37,383.58,close,0.8578431372548934,0.004541561778216074,0.005294163444320506
2025-03-19,1,385.8,384.0,387.87,close,1.149999999999989,0.00536547433903567,0.004665629860031133
2025-03-20,1,385.99,383.28,386.81,close,0.3025830258302517,0.0021244073680664055,0.0070209072773907
2025-03-21,1,385.72,383.0,383.0,stop,-1.0,-0.007051747381520368,0.007051747381520344
2025-03-24,-1,392.0,395.4,392.91,close,-0.26764705882353856,-0.0023214285714285854,0.008673469387755045
2025-03-25,1,394.63,392.64,395.1,close,0.2361809045226257,0.001190989027696876,0.005042698223652558
2025-03-26,-1,393.93,395.31,389.82,close,2.9782608695652373,0.010433325717767117,0.003503160459980188
2025-03-27,-1,388.83,390.42,390.42,stop,-1.0,-0.0040891906488698115,0.004089190648869768
2025-03-28,1,388.5699,386.07,386.07,stop,-1.0,-0.006433591485084267,0.006433591485084215
2025-03-31,-1,368.29,373.025,373.025,stop,-1.0,-0.01285671617475348,0.012856716174753473
2025-04-01,1,375.75,373.23,382.08,close,2.511904761904774,0.01684630738522941,0.006706586826347257
2025-04-02,1,379.35,376.62,382.11,close,1.010989010989001,0.0072756030051404075,0.0071965203637801975
2025-04-03,-1,372.13,375.99,375.99,stop,-1.0,-0.010372719211028336,0.01037271921102844
2025-04-04,1,367.0,363.99,363.99,stop,-1.0,-0.008201634877384123,0.008201634877384172
2025-04-07,-1,348.25,354.44,354.44,stop,-1.0,-0.017774587221823346,0.017774587221823398
2025-04-08,1,370.74,367.0,367.0,stop,-1.0,-0.010087932243620923,0.01008793224362089
2025-04-09,1,357.82,353.1,390.43,close,6.908898305084792,0.09113520764630256,0.013190989883181405
2025-04-10,1,382.94,379.45,379.45,stop,-1.0,-0.009113699274037712,0.009113699274037733
2025-04-11,1,383.1199,380.3,380.3,stop,-1.0,-0.0073603589894442045,0.007360358989444197
2025-04-14,-1,391.51,393.22,393.22,stop,-1.0,-0.00436770452862012,0.004367704528620051
2025-04-15,1,390.4091,388.06,388.06,stop,-1.0,-0.00601702163192408,0.006017021631924105
2025-04-16,-1,379.7,381.61,371.61,close,4.235602094240769,0.021306294442981266,0.005030287068738544
2025-04-17,-1,372.02,374.3215,367.6,close,1.9204866391483364,0.011881081662276083,0.006186495349712469
2025-04-21,1,364.33,362.5,362.5,stop,-1.0,-0.0050229187824224475,0.005022918782422486
2025-04-22,-1,360.0,363.5,363.5,stop,-1.0,-0.009722222222222188,0.009722222222222222
2025-04-23,1,378.477,375.26,375.26,stop,-1.0,-0.008499856001817796,0.008499856001817772
2025-04-24,1,376.74,375.19,387.27,close,6.793548387096707,0.02795031055900621,0.004114243244678057
2025-04-25,1,388.815,387.0,387.0,stop,-1.0,-0.004668029782801564,0.004668029782801584
2025-04-28,-1,387.75,392.0,392.0,stop,-1.0,-0.010960670535138606,0.01096067053513862
2025-04-29,1,392.2,390.38,393.98,close,0.978021978021998,0.004538500764915909,0.004640489546149906
2025-04-30,-1,386.25,390.305,390.305,stop,-1.0,-0.010498381877022567,0.01049838187702267
2025-05-01,-1,431.11,436.99,425.13,close,1.0170068027210923,0.01387116977105618,0.013639210410336097
2025-05-02,-1,430.9097,434.34,434.34,stop,-1.0,-0.007960600562020304,0.007960600562020276
2025-05-05,1,435.15,432.11,436.02,close,0.2861842105263207,0.001999310582557756,0.006986096748247648
2025-05-06,1,433.78,431.17,433.29,close,-0.1877394636015174,-0.0011296048688274052,0.006016874913550549
2025-05-07,1,434.42,432.585,432.585,stop,-1.0,-0.0042240228350445275,0.004224022835044511
2025-05-08,-1,437.62,441.1,441.1,stop,-1.0,-0.0079521045656048,0.007952104565604905
2025-05-09,-1,438.8913,440.74,438.85,close,0.022340022718655365,9.410074886417874e-05,0.004212204707634916
2025-05-12,-1,442.09,446.04,446.04,stop,-1.0,-0.008934832273971516,0.008934832273971467
2025-05-13,1,447.99,445.36,448.91,close,0.3498098859315656,0.0020536172682426024,0.005870666755954363
2025-05-14,1,451.75,448.14,452.9,close,0.3185595567866961,0.00254565578306587,0.00799114554510241
2025-05-15,1,452.81,450.4301,453.05,close,0.10084457330140217,0.0005300236302201444,0.005255846823170911
2025-05-16,-1,449.475,453.0,453.0,stop,-1.0,-0.007842482896712744,0.00784248289671278
2025-05-19,1,456.27,450.8,458.86,close,0.47349177330896636,0.005676463497490625,0.01198851557192007
2025-05-20,-1,455.2431,457.06,457.06,stop,-1.0,-0.003991054449809184,0.00399105444980929
2025-05-21,1,456.38,454.25,454.25,stop,-1.0,-0.004667163328804902,0.004667163328804933
2025-05-22,1,455.99,454.16,454.16,stop,-1.0,-0.004013245904515461,0.004013245904515415
2025-05-23,1,450.88,449.0,449.0,stop,-1.0,-0.0041696238466998325,0.004169623846699777
2025-05-27,1,460.2,456.115,460.71,close,0.1248470012239886,0.0011082138200781966,0.008876575401999086
2025-05-28,-1,460.55,462.5,462.5,stop,-1.0,-0.004234067962219035,0.004234067962219061
2025-05-29,-1,459.5,461.72,458.45,close,0.4729729729729723,0.002285092491838947,0.004831338411316708
2025-05-30,-1,458.68,460.12,460.12,stop,-1.0,-0.0031394436208249665,0.003139443620824971
2025-06-02,1,460.4529,456.89,462.02,close,0.43983833394144556,0.0034033882727202425,0.007737816397724965
2025-06-03,-1,461.47,464.14,463.14,close,-0.6254681647940018,-0.003618870132402918,0.005785858235638197
2025-06-04,-1,463.09,464.5,464.5,stop,-1.0,-0.003044764516616727,0.0030447645166166945
2025-06-05,-1,464.955,467.36,467.36,stop,-1.0,-0.005172543579486266,0.005172543579486251
2025-06-09,-1,469.51,471.225,471.225,stop,-1.0,-0.003652744350493231,0.0036527443504931353
2025-06-10,-1,470.86,472.8,470.93,close,-0.03608247422680065,-0.00014866414645542392,0.004120120630335976
2025-06-11,1,471.0,469.655,472.9,close,1.4126394052044153,0.004033970276008381,0.0028556263269639646
2025-06-12,1,475.96,473.52,479.03,close,1.2581967213114738,0.0064501218589796405,0.005126481216908979
2025-06-13,1,478.47,475.37,475.37,stop,-1.0,-0.006478985098334333,0.006478985098334321
2025-06-16,1,478.67,475.0,479.14,close,0.12806539509535925,0.0009818873127622751,0.007667077527315302
2025-06-17,-1,474.91,476.61,476.61,stop,-1.0,-0.0035796256132740734,0.00357962561327407
2025-06-20,-1,480.98,483.3,483.3,stop,-1.0,-0.004823485384007675,0.004823485384007637
2025-06-23,1,478.21,472.51,485.92,close,1.3526315789473775,0.016122623951820403,0.011919449614186213
2025-06-24,-1,487.78,489.66,489.66,stop,-1.0,-0.0038541965640248588,0.0038541965640248727
2025-06-25,1,493.6,491.61,491.61,stop,-1.0,-0.004031604538087485,0.004031604538087538
2025-06-26,1,495.64,492.93,492.93,stop,-1.0,-0.0054676781534984675,0.005467678153498466
2025-06-27,-1,496.86,498.17,498.17,stop,-1.0,-0.0026365575816125197,0.002636557581612531
2025-06-30,-1,495.58,498.0,498.0,stop,-1.0,-0.0048831671980307245,0.004883167198030623
2025-07-01,1,497.85,495.64,495.64,stop,-1.0,-0.004439088078738607,0.004439088078738649
2025-07-02,1,490.385,488.7,490.97,close,0.3471810089020983,0.001192940240831275,0.003436075736411192
2025-07-07,1,498.04,496.12,496.12,stop,-1.0,-0.003855112039193642,0.003855112039193671
2025-07-08,-1,496.55,498.2,496.66,close,-0.06666666666667585,-0.00022152854697421454,0.0033229282046117756
2025-07-09,1,502.59,500.08,500.08,stop,-1.0,-0.004994130404504693,0.004994130404504648
2025-07-10,-1,501.57,504.44,501.52,close,0.01742160278746038,9.968698287377009e-05,0.005722032816954771
2025-07-11,1,500.84,497.795,503.17,close,0.7651888341543751,0.004652184330325104,0.006079785959587811
2025-07-14,1,502.405,501.18,501.18,stop,-1.0,-0.002438271912102663,0.0024382719121027177
2025-07-15,-1,502.8,503.93,503.93,stop,-1.0,-0.002247414478917964,0.00224741447891805
2025-07-16,-1,503.49,505.5,505.5,stop,-1.0,-0.003992134898409105,0.003992134898409086
2025-07-17,1,508.3,505.62,511.88,close,1.3358208955223787,0.00704308479244542,0.005272476883730094
2025-07-18,-1,511.26,514.64,509.96,close,0.3846153846153885,0.0025427375503658256,0.006611117630950975
2025-07-21,1,507.52,505.55,510.2,close,1.3604060913705822,0.005280580075662122,0.0038816204287515184
2025-07-22,-1,509.21,511.2,505.46,close,1.8844221105527552,0.0073643486970011995,0.0039080143752086745
2025-07-23,-1,502.25,506.79,505.97,close,-0.8193832599118966,-0.007406669985067227,0.009039323046291728
2025-07-24,-1,507.375,510.53,510.53,stop,-1.0,-0.006218280364621798,0.006218280364621774
2025-07-25,-1,510.5034,512.48,512.48,stop,-1.0,-0.003871864516475254,0.003871864516475344
2025-07-28,1,514.4699,512.36,512.36,stop,-1.0,-0.004101114564719954,0.004101114564719993
2025-07-29,1,517.27,515.13,515.13,stop,-1.0,-0.004137104413555748,0.004137104413555757
2025-07-30,-1,510.67,515.95,514.04,close,-0.6382575757575623,-0.00659917363463669,0.010339358098184795
2025-07-31,-1,543.358,555.45,533.565,close,0.8098742970558893,0.018023108153371936,0.022254204410352106
2025-08-01,-1,529.7826,535.8,524.0,close,0.960979825173671,0.010915043264916546,0.011358243928735962
2025-08-04,1,531.98,528.13,535.47,close,0.9064935064935035,0.006560397007406404,0.00723711417722475
2025-08-05,-1,535.55,537.3,527.72,close,4.4742857142856725,0.014620483614975144,0.0032676687517505373
2025-08-06,-1,529.2,531.7,524.84,close,1.7440000000000055,0.008238851095993982,0.004724111866969009
2025-08-07,-1,525.42,528.09,521.1,close,1.6179775280898196,0.008221993833504526,0.005081648966541192
2025-08-08,-1,522.25,524.66,522.12,close,0.05394190871369177,0.00024892292963141216,0.0046146481570128635
2025-08-11,-1,520.94,522.885,522.885,stop,-1.0,-0.003733635351479858,0.003733635351479894
2025-08-12,1,525.8499,523.64,523.64,stop,-1.0,-0.004202530037564101,0.004202530037564068
2025-08-13,-1,529.96,532.7,520.58,close,3.4233576642335635,0.017699449015019963,0.005170201524643386
2025-08-14,-1,520.88,523.02,523.02,stop,-1.0,-0.00410843188450305,0.004108431884503123
2025-08-15,1,523.15,520.86,520.86,stop,-1.0,-0.004377329637771155,0.004377329637771124
2025-08-18,1,522.45,519.9,519.9,stop,-1.0,-0.004880849842090251,0.0048808498420902825
2025-08-19,-1,512.05,515.1641,509.74,close,0.7417873542917504,0.004511278195488577,0.00608163265306124
2025-08-20,1,510.94,506.3,506.3,stop,-1.0,-0.009081301131248276,0.00908130113124826
2025-08-21,1,504.81,502.7201,504.15,close,-0.3158045839513972,-0.0013074225946395623,0.004139973455359442
2025-08-22,1,504.75,502.41,507.1,close,1.0042735042735247,0.004655770183259023,0.004635958395245121
2025-08-25,-1,505.15,508.15,508.15,stop,-1.0,-0.005938830050480126,0.005938830050480056
2025-08-26,1,504.515,502.6,502.6,stop,-1.0,-0.0037957246068005546,0.0037957246068005186
2025-08-27,-1,501.45,503.57,503.57,stop,-1.0,-0.004227739555289656,0.004227739555289669
2025-08-28,1,510.005,506.62,506.62,stop,-1.0,-0.006637189831472212,0.006637189831472223
2025-08-29,-1,507.43,509.6,506.92,close,0.23502304147464848,0.001005064737993444,0.004276451924403397
2025-09-02,1,501.9,496.81,505.08,close,0.6247544204322244,0.006335923490735196,0.010141462442717623
2025-09-03,1,505.37,503.05,503.05,stop,-1.0,-0.004590695925757338,0.004590695925757352
2025-09-04,1,506.8,503.9,503.9,stop,-1.0,-0.005722178374112152,0.005722178374112143
2025-09-05,-1,506.7,511.97,495.0153,close,2.2172106261859352,0.023060390763765426,0.010400631537398931
2025-09-08,1,498.6199,495.03,498.25,close,-0.10303908186856815,-0.0007418476478776581,0.007199672536134238
2025-09-09,-1,500.1,502.095,502.095,stop,-1.0,-0.003989202159567995,0.003989202159568096
2025-09-10,-1,499.955,503.2299,500.21,close,-0.07786497297627264,-0.0005100459041313954,0.00655038953505816
2025-09-11,-1,500.37,502.8,502.8,stop,-1.0,-0.004856406259368118,0.0048564062593680814
2025-09-12,1,506.65,503.85,509.85,close,1.1428571428571777,0.006315997236751247,0.005526497582157218
2025-09-15,1,511.485,507.0,515.45,close,0.8840579710144971,0.007751937984496138,0.008768585589020233
2025-09-16,-1,514.9,517.23,509.149,close,2.468240343347586,0.01116915906001159,0.004525150514663121
2025-09-17,-1,508.9,510.83,510.83,stop,-1.0,-0.0037924936136766174,0.003792493613676571
2025-09-18,-1,507.685,511.49,511.49,stop,-1.0,-0.007494804849463854,0.007494804849463755
2025-09-19,1,512.25,510.31,518.0,close,2.9639175257731996,0.011224987798926334,0.003787213274768175
2025-09-22,-1,514.74,517.74,514.37,close,0.12333333333333485,0.0007188094960562941,0.005828185103158876
2025-09-23,-1,511.37,514.5899,509.62,close,0.543495139600619,0.003422179635097833,0.006296614975457963
2025-09-24,-1,509.175,512.48,509.98,close,-0.24357034795764151,-0.001580988854519516,0.006490892129425063
2025-09-25,1,508.93,506.54,506.54,stop,-1.0,-0.0046961271687657735,0.004696127168765815
2025-09-26,1,511.7,508.0,508.0,stop,-1.0,-0.007230799296462753,0.007230799296462749
2025-09-29,1,512.46,508.88,514.6,close,0.5977653631284809,0.00417593568278507,0.006985911095500216
2025-09-30,-1,510.0,513.48,513.48,stop,-1.0,-0.006823529411764673,0.006823529411764741
2025-10-01,-1,513.27,517.25,517.25,stop,-1.0,-0.007754203440684337,0.007754203440684276
2025-10-02,1,521.37,516.5,516.5,stop,-1.0,-0.009340775265166745,0.00934077526516678
2025-10-03,-1,516.22,517.69,517.69,stop,-1.0,-0.0028476231064276103,0.002847623106427545
2025-10-06,1,522.3,518.2,528.52,close,1.5170731707317475,0.01190886463718166,0.007849894696534385
2025-10-07,-1,525.9,529.8,523.97,close,0.49487179487178495,0.0036698992203839653,0.007415858528237265
2025-10-09,-1,521.8,524.325,522.24,close,-0.1742574257425896,-0.0008432349559219787,0.004839018781142375
2025-10-10,1,523.4,519.6,519.6,stop,-1.0,-0.007260221627818031,0.007260221627818026
2025-10-13,-1,513.06,516.41,513.97,close,-0.2716417910447987,-0.0017736716953185017,0.006529450746501429
2025-10-14,-1,507.22,510.225,510.225,stop,-1.0,-0.005924450928591174,0.005924450928591135
2025-10-15,-1,513.81,516.2,516.2,stop,-1.0,-0.004651524882739011,0.004651524882738951
2025-10-16,-1,511.795,514.245,514.245,stop,-1.0,-0.004787072949129945,0.00478707294913
2025-10-17,-1,508.36,510.9,510.9,stop,-1.0,-0.004996459202140091,0.004996459202140144
2025-10-20,-1,513.66,516.04,516.04,stop,-1.0,-0.00463341509948223,0.004633415099482139
2025-10-21,-1,516.23,518.69,517.77,close,-0.6260162601625776,-0.002983166418069505,0.004765317784708437
2025-10-22,1,521.3,519.07,519.07,stop,-1.0,-0.004277767120659748,0.004277767120659706
2025-10-23,-1,520.6,523.2,523.2,stop,-1.0,-0.0049942374183635785,0.00499423741836347
2025-10-24,1,524.0,520.71,523.5,close,-0.1519756838905792,-0.000954198473282486,0.006278625954198404
2025-10-27,-1,529.89,532.286,532.286,stop,-1.0,-0.00452169318160367,0.00452169318160365
2025-10-28,-1,545.7162,553.72,542.01,close,0.4630550488517873,0.006791442145202886,0.014666597766384926
2025-10-29,-1,542.17,546.27,542.56,close,-0.09512195121950834,-0.0007193315749671747,0.007562203736835352
2025-10-30,-1,528.6,534.95,534.95,stop,-1.0,-0.012012864169504311,0.012012864169504393
2025-10-31,-1,524.96,529.32,517.82,close,1.6376146788990744,0.013601036269429989,0.008305394696738825
2025-11-03,1,524.21,519.69,519.69,stop,-1.0,-0.0086224986169664,0.008622498616966448
2025-11-04,1,512.035,507.84,514.79,close,0.6567342073897496,0.005380491567959167,0.008192799320358947
2025-11-05,-1,511.36,513.55,513.55,stop,-1.0,-0.004282697121401613,0.004282697121401636
2025-11-06,-1,503.03,505.7,497.36,close,2.1235955056179496,0.011271693537164729,0.005307834522791913
2025-11-07,-1,496.41,499.377,496.92,close,-0.171890798786651,-0.0010273765637276444,0.005976914244273855
2025-11-10,1,500.92,498.8,506.15,close,2.466981132075448,0.01044078894833489,0.0042322127285794224
2025-11-11,1,504.935,502.6,502.6,stop,-1.0,-0.004624357590580885,0.004624357590580925
2025-11-12,-1,507.1,509.355,509.355,stop,-1.0,-0.004446854663774369,0.004446854663774394
2025-11-13,-1,509.5,511.6,511.6,stop,-1.0,-0.004121687929342643,0.004121687929342538
2025-11-14,1,500.46,497.44,510.4,close,3.2913907284768404,0.019861727210966018,0.0060344483075570115
2025-11-17,1,510.45,506.05,506.05,stop,-1.0,-0.008619845234596912,0.00861984523459688
2025-11-18,-1,495.09,501.01,501.01,stop,-1.0,-0.011957421882889951,0.011957421882890012
2025-11-19,1,491.095,488.95,488.95,stop,-1.0,-0.004367790346063494,0.004367790346063468
2025-11-20,1,493.28,489.8,489.8,stop,-1.0,-0.007054816736944414,0.007054816736944456
2025-11-21,1,478.5968,475.84,475.84,stop,-1.0,-0.005760172236839001,0.005760172236839023
2025-11-24,1,475.85,472.4,472.4,stop,-1.0,-0.007250183881475358,0.00725018388147535
2025-11-25,-1,471.16,474.59,474.59,stop,-1.0,-0.007279904915527435,0.007279904915527527
2025-11-26,-1,481.69,486.5,486.5,stop,-1.0,-0.009985675434408092,0.009985675434408026
2025-12-01,-1,486.1,488.7592,488.7592,stop,-1.0,-0.005470479325241806,0.005470479325241717
2025-12-02,1,488.0,486.32,490.06,close,1.2261904761904725,0.004221311475409939,0.0034426229508196862
2025-12-03,-1,475.6,479.9599,479.9599,stop,-1.0,-0.009167157275020932,0.009167157275020987
2025-12-04,-1,478.64,481.322,480.82,close,-0.8128262490678574,-0.00455457128530834,0.005603376232659236
2025-12-05,-1,480.91,483.22,483.22,stop,-1.0,-0.004803393566363834,0.004803393566363773
2025-12-08,1,487.39,484.38,491.12,close,1.2392026578073188,0.007653008884055845,0.00617575247748208
2025-12-09,-1,489.1,490.3,490.3,stop,-1.0,-0.0024534859946840903,0.0024534859946840903
2025-12-10,-1,480.14,484.25,478.5215,close,0.3937956204379508,0.0033708918232181473,0.008560003332361423
2025-12-11,1,479.59,475.86,483.69,close,1.0991957104557815,0.00854896891094481,0.0077774765945911335
2025-12-12,-1,478.71,482.45,478.35,close,0.09625668449196682,0.000752021056589447,0.007812663199014035
2025-12-15,-1,477.73,480.7205,474.81,close,0.9764253469319574,0.006112239130889874,0.006259812027714393
2025-12-16,1,473.92,470.88,476.24,close,0.7631578947368347,0.00489534098582034,0.006414584740040556
2025-12-17,1,477.75,476.06,476.06,stop,-1.0,-0.003537414965986363,0.00353741496598639
2025-12-18,1,480.95,477.89,483.88,close,0.9575163398692825,0.006092109366877985,0.006362407734691761
2025-12-19,-1,483.1,487.85,487.85,stop,-1.0,-0.009832332850341574,0.009832332850341543
2025-12-22,-1,485.28,488.73,484.85,close,0.12463768115940414,0.0008860863831189336,0.007109297725024822
2025-12-26,-1,486.38,488.12,487.785,close,-0.8074712643678289,-0.0028886878572309538,0.0035774497306632863
2025-12-29,1,487.53,484.18,487.101,close,-0.12805970149253074,-0.0008799458494861412,0.006871372018132148
2025-12-30,1,487.85,485.5,487.55,close,-0.1276595744680887,-0.0006149431177616682,0.004817054422465968
2025-12-31,-1,486.75,488.14,483.65,close,2.2302158273381676,0.00636877247046741,0.0028556753980482513
2026-01-02,-1,482.38,484.66,472.93,close,4.144736842105204,0.019590364442970243,0.004726564119573841
2026-01-05,1,474.3,469.5,472.92,close,-0.28749999999999837,-0.0029095509171410683,0.010120177103099329
2026-01-06,-1,472.4,474.25,474.25,stop,-1.0,-0.003916172734970358,0.0039161727349704125
2026-01-07,1,482.79,477.95,483.5,close,0.14669421487602788,0.0014706186954991374,0.01002506265664167
2026-01-08,-1,480.5,482.66,478.14,close,1.0925925925925863,0.004911550468262305,0.004495317377731582
2026-01-09,-1,473.99,476.7,476.7,stop,-1.0,-0.005717420198738221,0.005717420198738327
2026-01-12,1,480.16,475.6803,477.19,close,-0.6629908252784792,-0.00618543818727102,0.009329598467177683
2026-01-13,1,474.85,473.06,473.06,stop,-1.0,-0.003769611456249433,0.0037696114562493846
2026-01-14,-1,466.002,468.2,459.38,close,3.01273885350322,0.014210239441032502,0.004716717954000153
2026-01-15,-1,460.57,464.25,456.91,close,0.9945652173912939,0.007946674772564388,0.00799009922487354
2026-01-16,1,459.38,456.48,459.87,close,0.16896551724138378,0.0010666550568156907,0.006312856458705162
2026-01-20,1,452.14,449.28,454.66,close,0.8811188811188905,0.005573494935197099,0.006325474410580824
2026-01-21,-1,448.66,452.69,444.2,close,1.1066997518610586,0.009940712343422753,0.008982302857397522
2026-01-22,1,448.82,446.0,446.0,stop,-1.0,-0.006283142462457092,0.0062831424624570946
2026-01-23,1,454.2599,450.53,465.81,close,3.0966245743853325,0.025426193243119233,0.00821093827564362
2026-01-26,1,466.03,462.0,470.36,close,1.0744416873449305,0.009291247344591635,0.008647511962749122
2026-01-27,1,477.68,473.16,480.585,close,0.6426991150442444,0.006081477139507463,0.009462401607770855
2026-01-28,-1,480.1,483.74,481.72,close,-0.44505494505494797,-0.003374297021453865,0.007581753801291368
2026-01-29,-1,429.24,442.5,433.47,close,-0.3190045248868794,-0.009854626782219711,0.030891808778305822
2026-01-30,-1,434.48,439.6,430.36,close,0.8046875000000002,0.009482599889523158,0.011784201804455911
2026-02-02,-1,425.27,430.5,430.5,stop,-1.0,-0.012298069461753824,0.012298069461753753
2026-02-03,-1,416.46,422.05,411.33,close,0.9177101967799581,0.012318109782452069,0.01342265763818862
2026-02-04,1,412.795,410.1,410.1,stop,-1.0,-0.0065286643491321295,0.006528664349132119
2026-02-05,-1,401.96,408.3,393.66,close,1.3091482649842134,0.02064882077818675,0.015772713702856087
2026-02-06,1,399.35,393.75,393.75,stop,-1.0,-0.014022787028922012,0.014022787028922054
2026-02-09,1,405.8,400.87,413.625,close,1.587221095334681,0.01928289797930005,0.012148841793987203
2026-02-10,-1,416.38,419.9,419.9,stop,-1.0,-0.008453816225563182,0.008453816225563144
2026-02-11,-1,412.27,416.46,404.2,close,1.9260143198090687,0.01957455065854896,0.010163242535231761
2026-02-12,-1,402.74,405.34,405.34,stop,-1.0,-0.006455777921239525,0.006455777921239424
2026-02-13,-1,401.07,404.59,404.59,stop,-1.0,-0.008776522801505982,0.008776522801505926
2026-02-17,1,399.5799,396.22,396.22,stop,-1.0,-0.00840858111231313,0.008408581112313162
2026-02-18,1,398.46,396.32,399.5,close,0.4859813084112276,0.002610048687446742,0.0053706771068613825
2026-02-19,-1,398.77,400.71,400.71,stop,-1.0,-0.004864959751235132,0.004864959751235042
2026-02-20,1,396.85,395.16,397.21,close,0.21301775147926466,0.0009071437570868923,0.0042585359707698065
2026-02-23,-1,390.27,395.36,384.589,close,1.1161100196463551,0.014556589028108746,0.013042252799344126
2026-02-24,1,384.67,381.71,389.0,close,1.4628378378378144,0.011256401590973963,0.007694907323160205
2026-02-25,1,393.73,390.16,400.49,close,1.8935574229691887,0.017169126050847083,0.009067127219160321
2026-02-26,-1,401.96,405.95,405.95,stop,-1.0,-0.009926360831923553,0.009926360831923598
2026-02-27,1,394.29,389.88,392.73,close,-0.35374149659863796,-0.003956478733926794,0.011184661036293146
2026-03-02,1,395.1,390.63,398.37,close,0.7315436241610653,0.008276385725132895,0.011313591495823911
2026-03-03,-1,392.74,399.18,399.18,stop,-1.0,-0.016397616743901722,0.016397616743901812
2026-03-04,1,405.49,400.31,405.0,close,-0.09459459459459622,-0.0012084145108387512,0.012774667686009536
2026-03-05,1,407.85,404.4,410.6,close,0.7971014492753518,0.006742675003064802,0.00845899227657238
2026-03-06,1,412.8999,408.95,408.95,stop,-1.0,-0.009566241115582796,0.009566241115582769
2026-03-09,-1,404.222,408.5,408.5,stop,-1.0,-0.01058329333880903,0.010583293338808922
2026-03-10,-1,407.05,410.2,405.76,close,0.40952380952381895,0.003169143839823141,0.0077386070507308126
2026-03-11,1,408.5,405.57,405.57,stop,-1.0,-0.007172582619339063,0.007172582619339062
2026-03-12,-1,403.8501,405.77,405.77,stop,-1.0,-0.004753991641948341,0.004753991641948297
2026-03-13,1,401.4,399.9,399.9,stop,-1.0,-0.0037369207772794955,0.003736920777279522
2026-03-16,-1,395.79,398.17,398.17,stop,-1.0,-0.006013289875944405,0.006013289875944302
2026-03-17,1,402.6099,399.15,399.15,stop,-1.0,-0.008593678396879967,0.008593678396879969
2026-03-18,1,397.27,395.1201,395.1201,stop,-1.0,-0.005411684748407919,0.00541168474840789
2026-03-19,1,390.2,388.01,388.01,stop,-1.0,-0.005612506406970752,0.005612506406970779
2026-03-20,-1,383.44,387.0,381.87,close,0.441011235955054,0.004094512831212205,0.00928437304402254
2026-03-23,1,386.4,383.52,383.52,stop,-1.0,-0.007453416149068359,0.0074534161490683115
2026-03-24,-1,379.3422,382.47,372.75,close,2.1076155764434796,0.017377976929537464,0.008245325724372444
2026-03-25,-1,374.78,377.06,371.03,close,1.6447368421052417,0.010005870110464832,0.0060835690271626814
2026-03-26,1,371.28,369.28,369.28,stop,-1.0,-0.0053867700926524265,0.005386770092652446
2026-03-27,-1,359.53,362.45,356.65,close,0.9863013698630068,0.008010458098072437,0.008121714460545758
2026-03-30,1,362.0,358.37,358.37,stop,-1.0,-0.010027624309392302,0.010027624309392252
2026-03-31,1,366.85,364.37,364.37,stop,-1.0,-0.00676025623551868,0.006760256235518653
2026-04-01,-1,370.27,373.99,369.45,close,0.22043010752687828,0.0022146001566424323,0.010046722661841433
2026-04-02,-1,364.44,367.61,367.61,stop,-1.0,-0.008698276808253746,0.008698276808253804
2026-04-06,-1,372.1,373.73,372.861,close,-0.466871165644153,-0.0020451491534532185,0.004380542864821272
2026-04-07,-1,370.0,371.48,371.48,stop,-1.0,-0.0040000000000000036,0.0040000000000000495
2026-04-08,-1,381.6,385.0,374.3,close,2.1470588235294294,0.0191299790356394,0.008909853249475831
2026-04-09,-1,369.08,372.96,372.96,stop,-1.0,-0.010512625988945423,0.010512625988945474
2026-04-10,-1,371.59,375.64,370.87,close,0.17777777777776999,0.001937619419252301,0.010899109233294792
2026-04-13,-1,371.69,373.84,373.84,stop,-1.0,-0.005784390217654423,0.005784390217654436
2026-04-14,1,392.02,386.52,393.11,close,0.19818181818182398,0.0027804703841640688,0.014029896433855417
2026-04-15,1,400.64,396.73,411.2728,close,2.7193861892583424,0.02653953674121423,0.00975938498402548
2026-04-16,-1,415.68,420.0,420.0,stop,-1.0,-0.010392609699769073,0.010392609699769037
2026-04-17,1,425.31,422.95,422.95,stop,-1.0,-0.005548893748089645,0.005548893748089661
2026-04-20,-1,419.53,423.33,418.08,close,0.3815789473684169,0.003456248659213901,0.009057755106905374
2026-04-21,1,420.24,417.2,424.3,close,1.3355263157894655,0.00966114601180279,0.00723396154578341
2026-04-23,-1,418.07,423.1,423.1,stop,-1.0,-0.012031477982156202,0.01203147798215617
2026-04-24,1,420.21,415.8,424.63,close,1.002267573696156,0.01051855024868531,0.01049475262368808
2026-04-27,-1,418.5,423.4,423.4,stop,-1.0,-0.011708482676224596,0.011708482676224558
2026-04-28,1,424.72,421.9,429.36,close,1.6453900709219518,0.010924844603503514,0.006639668487474218
2026-04-29,1,425.33,421.78,421.78,stop,-1.0,-0.008346460395457722,0.008346460395457672
2026-04-30,-1,410.0,414.42,407.81,close,0.49547511312216963,0.005341463414634151,0.010780487804878088
2026-05-01,1,414.95,410.57,410.57,stop,-1.0,-0.010555488613085862,0.010555488613085903
2026-05-04,1,416.8,410.8,413.7,close,-0.5166666666666705,-0.007437619961612296,0.01439539347408829
2026-05-05,-1,414.33,416.7799,411.27,close,1.2490305726764297,0.0073854174208963785,0.005912919653416392
2026-05-06,1,408.2,405.11,413.76,close,1.7993527508090768,0.01362077413032825,0.00756981871631547
2026-05-07,1,423.0,418.76,420.99,close,-0.4740566037735817,-0.004751773049645358,0.010023640661938556
2026-05-08,1,417.66,414.94,414.94,stop,-1.0,-0.006512474261361034,0.0065124742613609805
2026-05-11,1,411.35,405.5,412.69,close,0.2290598290598239,0.0032575665491674233,0.01422146590494718
2026-05-12,-1,409.38,415.5,407.85,close,0.24999999999999536,0.003737358933020629,0.014949435732082673
2026-05-13,-1,401.54,404.776,404.776,stop,-1.0,-0.008058972954126498,0.008058972954126588
2026-05-14,-1,403.51,405.57,405.57,stop,-1.0,-0.005105201853733421,0.005105201853733495
2026-05-15,1,415.99,412.91,421.98,close,1.9448051948052079,0.014399384600591425,0.007404024135195519
2026-05-18,1,421.25,415.61,423.67,close,0.429078014184401,0.005744807121661699,0.013388724035608276
2026-05-19,-1,425.26,432.7,417.6,close,1.0295698924731143,0.01801250999388604,0.017495179419649152
2026-05-20,-1,413.2,416.05,416.05,stop,-1.0,-0.006897386253630344,0.006897386253630258
2026-05-21,-1,422.37,426.34,419.1,close,0.8236775818639814,0.007742027132608853,0.009399341809314038
2026-05-22,1,421.84,419.25,419.25,stop,-1.0,-0.006139768632656861,0.0061397686326568725
2026-05-26,1,417.5,413.12,413.12,stop,-1.0,-0.010491017964071814,0.010491017964071845
2026-05-27,1,412.5,409.58,412.69,close,0.0650684931506838,0.00046060606060605025,0.007078787878787917
2026-05-28,1,417.7666,412.67,427.03,close,1.8175646509437764,0.022173625177311918,0.012199634915763891
2026-05-29,1,438.85,432.36,449.475,close,1.6371340523882874,0.024211006038509675,0.014788652159052089
2026-06-01,1,465.78,458.92,458.92,stop,-1.0,-0.014727983168019154,0.014727983168019146
2026-06-02,-1,445.69,453.5,441.29,close,0.5633802816901378,0.009872332787363325,0.017523390697570064
2026-06-03,-1,435.88,440.39,427.6,close,1.8359201773835896,0.018996053959805415,0.010346884463613818
2026-06-04,-1,429.06,436.15,428.14,close,0.1297602256699604,0.0021442222532979116,0.016524495408567506
2026-06-05,-1,426.6,429.47,416.69,close,3.452961672473871,0.023230192217534085,0.006727613689639016
2026-06-08,-1,411.3,417.1599,411.75,close,-0.07679311933650575,-0.001094091903719896,0.014247264770240655
2026-06-09,1,409.25,407.2,407.2,stop,-1.0,-0.005009163103237624,0.005009163103237658
2026-06-10,1,401.2,397.47,397.47,stop,-1.0,-0.009297108673977927,0.009297108673977969
2026-06-11,-1,390.68,396.85,390.03,close,0.10534846029173946,0.0016637657417836182,0.01579297634893011
2026-06-12,-1,383.35,391.74,390.67,close,-0.8724672228843868,-0.019094821964262376,0.021886004956306212
2026-06-15,1,397.99,392.845,400.025,close,0.3955296404275948,0.005113193798839122,0.012927460488956963
2026-06-16,-1,390.93,396.84,393.97,close,-0.5143824027072821,-0.0077763282429079705,0.015117796024863704
2026-06-17,-1,386.75,390.37,378.8501,close,2.182292817679556,0.020426373626373673,0.009360051712992902
2026-06-18,-1,375.69,379.521,379.521,stop,-1.0,-0.010197237083765964,0.010197237083765917
2026-06-22,1,377.5,374.36,374.36,stop,-1.0,-0.00831788079470197,0.00831788079470195
2026-06-23,1,373.39,370.67,373.905,close,0.1893382352941147,0.0013792549345188476,0.0072846085861966595
2026-06-24,1,375.95,371.0,371.0,stop,-1.0,-0.013166644500598457,0.013166644500598453
2026-06-25,-1,359.0,364.23,352.6932,close,1.2058891013384299,0.017567688022284145,0.01456824512534824
2026-06-26,1,358.11,355.43,371.19,close,4.880597014925355,0.03652509005612803,0.0074837340481975
2026-06-29,-1,375.1,379.77,379.77,stop,-1.0,-0.012450013329778686,0.012450013329778615
2026-06-30,1,371.15,367.45,372.83,close,0.4540540540540573,0.004526471776909569,0.009969015222955648
2026-07-01,-1,376.51,381.0,381.0,stop,-1.0,-0.011925314068683468,0.01192531406868346
2026-07-06,-1,385.87,389.15,386.88,close,-0.30792682926829246,-0.00261746183947964,0.00850027211236938
2026-07-07,-1,391.32,394.59,394.59,stop,-1.0,-0.008356332413370193,0.008356332413370086
2026-07-08,1,384.59,381.68,381.68,stop,-1.0,-0.007566499388959591,0.007566499388959589
2026-07-09,1,375.95,373.35,384.33,close,3.2230769230769636,0.0222901981646495,0.006915813273041537
2026-07-10,1,390.11,386.355,386.355,stop,-1.0,-0.00962549024634074,0.009625490246340764
2026-07-13,-1,386.21,391.07,391.07,stop,-1.0,-0.012583827451386531,0.012583827451386587
2026-07-14,1,382.82,378.65,384.94,close,0.5083932853717018,0.005537850687006962,0.010892847813593898
2026-07-15,1,390.36,386.805,386.805,stop,-1.0,-0.009106978173993308,0.009106978173993254
2026-07-16,-1,394.2,398.73,398.73,stop,-1.0,-0.01149162861491626,0.011491628614916361
2026-07-17,1,396.89,393.4,393.4,stop,-1.0,-0.008793368439618088,0.008793368439618053
2026-07-20,1,392.3,389.65,402.51,close,3.852830188679188,0.02602600050981385,0.006755034412439546
2026-07-21,1,399.7,396.32,396.32,stop,-1.0,-0.008456342256692562,0.008456342256692508
2026-07-22,-1,394.22,401.0,390.28,close,0.5811209439528128,0.009994419359748541,0.017198518593678585
2026-07-23,-1,387.7361,391.78,381.48,close,1.5470461683028955,0.016134943328722784,0.010429516364351812
2026-07-24,-1,383.1,389.03,381.74,close,0.22934232715008857,0.003549986948577444,0.015478987209605716
2026-07-27,1,392.44,387.99,389.13,close,-0.7438202247191036,-0.008434410355723121,0.011339313016002417
2026-07-28,1,396.17,392.1,392.1,stop,-1.0,-0.010273367493752628,0.010273367493752664
2026-07-29,-1,389.1,394.28,394.28,stop,-1.0,-0.013312773066049832,0.01331277306604973
2026-07-30,1,447.77,432.44,451.49,close,0.24266144814090224,0.008307836612546637,0.03423632668557515
2026-07-31,1,459.85,449.33,465.1,close,0.49904942965779286,0.01141676633684896,0.022877025116886024
2026-08-03,1,486.21,475.0,487.6599,close,0.12933987511150905,0.002982044795458716,0.023055881203595113
2026-08-04,1,488.5,479.17,492.905,close,0.4721329046087867,0.009017400204708315,0.019099283520982568
2026-08-05,-1,493.18,498.24,487.47,close,1.128458498023711,0.011577922867918367,0.010259945658785843
2026-08-06,1,491.8,488.52,499.87,close,2.4603658536585122,0.016409109394062593,0.0066693777958520325
2026-08-07,1,504.97,499.12,499.12,stop,-1.0,-0.011584846624551948,0.011584846624551998
2026-08-10,-1,503.34,508.88,508.88,stop,-1.0,-0.011006476735407444,0.011006476735407519
2026-08-11,-1,501.8,505.33,503.775,close,-0.5594900849858303,-0.003935831008369695,0.007034675169390141
2026-08-12,-1,497.07,501.5,492.43,close,1.047404063205413,0.009334701349910435,0.008912225642263679
2026-08-13,1,497.8,493.25,493.25,stop,-1.0,-0.009140216954600211,0.009140216954600263
2026-08-14,1,496.83,493.92,495.18,close,-0.567010309278349,-0.003321055491818048,0.0058571342310246325
2026-08-17,-1,489.8,492.66,480.63,close,3.2062937062936965,0.018721927317272402,0.005839118007349966
2026-08-18,1,482.77,477.1505,481.93,close,-0.14947949105791994,-0.0017399589866810006,0.01164011848292139
2026-08-19,1,482.94,479.36,484.52,close,0.44134078212290256,0.0032716279455005104,0.007412929142336489
2026-08-20,1,483.82,479.75,479.75,stop,-1.0,-0.008412219420445566,0.008412219420445606
2026-08-21,1,484.58,478.53,483.33,close,-0.2066115702479335,-0.002579553427710546,0.012485038590119303
2026-08-24,1,485.6,481.86,487.31,close,0.4572192513368918,0.003521416803953903,0.007701812191103808
2026-08-25,1,488.29,484.3,491.5,close,0.8045112781954817,0.0065739621945974935,0.008171373568985662
2026-08-26,1,494.293,487.31,487.31,stop,-1.0,-0.014127248413390414,0.014127248413390447
2026-08-27,1,497.01,490.08,504.88,close,1.1356421356421351,0.01583469145490035,0.013943381420896978
2026-08-28,1,509.5,504.8675,513.67,close,0.9001618996222267,0.00818449460255155,0.009092247301275747
2026-08-31,1,511.68,507.31,507.31,stop,-1.0,-0.008540494058786763,0.00854049405878675
2026-09-01,1,500.53,496.78,501.15,close,0.16533333333333455,0.00123868699178864,0.007492058418076839
2026-09-02,-1,495.445,500.27,496.81,close,-0.2829015544041476,-0.0027550989514477653,0.009738719736802246
2026-09-03,1,509.61,500.8,510.08,close,0.05334846765039391,0.0009222738957241905,0.017287729832617102
2026-09-04,-1,505.8,511.0,499.68,close,1.1769230769230803,0.012099644128113929,0.010280743376828763
2026-09-08,-1,491.3,495.19,494.02,close,-0.6992287917737737,-0.005536332179930659,0.007917769183798058
2026-09-09,1,494.23,491.14,491.14,stop,-1.0,-0.006252149808793517,0.006252149808793541
2026-09-10,1,489.7,486.0,492.49,close,0.7540540540540619,0.00569736573412305,0.007555646314069815
2026-09-11,1,496.69,493.316,493.316,stop,-1.0,-0.006792969457810716,0.006792969457810755
2026-09-14,1,499.8,495.3416,505.31,close,1.2358693701776449,0.011024409763905618,0.00892036814725887
2026-09-15,1,503.05,499.1,499.1,stop,-1.0,-0.007852102176721942,0.007852102176721974
2026-09-16,1,494.99,491.13,491.13,stop,-1.0,-0.007798137336107791,0.0077981373361078275
2026-09-17,-1,494.27,501.47,498.48,close,-0.5847222222222236,-0.008517611831590166,0.014566937099156425
2026-09-18,-1,494.87,498.65,493.11,close,0.4656084656084666,0.003556489583122824,0.007638369672843317
2026-09-21,-1,493.21,496.0,496.0,stop,-1.0,-0.0056568196103079504,0.005656819610308024
2026-09-22,-1,501.7,508.5,497.94,close,0.5529411764705859,0.007494518636635417,0.013553916683276882
2026-09-23,1,503.77,500.3001,500.3001,stop,-1.0,-0.0068878654941739725,0.00688786549417392
2026-09-24,-1,491.7,495.68,495.68,stop,-1.0,-0.008094366483628157,0.008094366483628266
2026-09-25,1,509.18,497.25,516.1,close,0.5800502933780396,0.013590478809065498,0.023429828351467077
2026-09-28,1,506.49,502.22,509.47,close,0.6978922716627707,0.005883630476416046,0.008430571186005612
2026-09-29,-1,505.46,509.42,509.42,stop,-1.0,-0.007834447829699664,0.007834447829699751
2026-09-30,1,514.83,510.31,512.9,close,-0.4269911504424883,-0.0037488102868908912,0.00877959714857339
2026-10-01,1,522.58,517.18,517.18,stop,-1.0,-0.010333346090550921,0.010333346090550902
2026-10-02,-1,518.85,522.5,517.86,close,0.2712328767123329,0.0019080659150043644,0.007034788474510893
