date,tk,rvol,breakout_candle,breakout_atr,direction_open,long_drift
2024-08-13,SBUX,34.41527763637362,0.02031914893617026,-0.002574384498480242,0.028821151816285973,0.028821151816285973
2025-08-08,TTD,31.24566691298924,-0.004259259259259185,-0.005980000000000096,0.011573863118563787,-0.011573863118563787
2023-10-16,LULU,26.603596099382827,0.016693512959437662,-0.002246459427232561,0.023978369077613193,0.023978369077613193
2025-09-10,ORCL,26.412078853288733,0.0031768488628127756,-0.0021745032385690477,0.0076701233355831455,0.0076701233355831455
2024-03-12,ORCL,24.597139980551646,-0.005691564010603334,-0.001831508542915028,0.003817544964382691,0.003817544964382691
2024-06-21,AMGN,24.105108509522978,0.007695527578323702,-0.0016784184839857552,0.009290831873587369,-0.009290831873587369
2023-12-15,AMGN,23.922427622351194,-0.008434426817888196,-0.001785275900612282,-0.004719360184451293,-0.007673463506016276
2023-12-12,ORCL,23.087127838088318,0.012150906418422314,-0.001797438230559223,-0.016954050669492404,-0.02889895000481646
2024-05-30,CRM,21.602148428729286,0.01281528777792873,-0.002589574397888539,-0.011570395900006636,-0.024237405724772287
2024-02-21,PANW,21.23278108532354,-0.030065359477124076,-0.004090647370059042,-0.011793232668356524,-0.03813439141775965
2023-12-15,GS,20.627457546888813,-0.00034193429600981595,-0.0019119143435801789,-0.01146645865834639,-0.011128445137805643
2026-05-01,CVNA,20.04990103376723,0.008184408184408243,-0.005665205165205078,0.013905340680846812,-0.013905340680846812
2024-10-23,MCD,19.664748139342365,0.008647577279995433,-0.0012146436053025456,0.012099644128113818,0.012099644128113818
2024-09-20,AMGN,19.090050630738865,0.004914663568939215,-0.001973031049610552,-0.002215603075694128,0.00714115558835271
2024-09-20,NKE,18.563062408219594,0.0010387811634349209,-0.002006974673525841,0.007795483205319309,-0.007795483205319309
2024-06-21,GS,18.515619251135423,0.007690612604671632,-0.0017892558080967458,0.009676497108046855,-0.009676497108046855
2024-06-28,NKE,18.099067243025953,-0.02506329113924055,-0.002424222423146438,-0.02345632052745039,-0.04437682261950049
2023-12-15,TXN,18.052136333007102,0.004193986650126935,-0.002034125718336277,0.009401809848395781,-0.009401809848395781
2024-06-21,LIN,17.886636501920034,-0.0016064802244548648,-0.0015024953777329486,-0.0006103074141050602,0.0006103074141050602
2023-12-15,COST,17.789292091178428,0.012244208197627948,-0.0013203081791925975,0.019007114135477732,0.019007114135477732
2025-06-12,ORCL,17.676459475852308,0.035159153453733216,-0.0019504309013228527,0.03683527885862503,0.03683527885862503
2023-11-16,WMT,17.05719740423094,-0.00038461538461542766,-0.0012949175824175096,0.009646522625636034,-0.009646522625636034
2023-12-15,PEP,16.990109233088866,-0.007718080650951364,-0.0013601685498896288,-0.0068446065098484166,-0.0017036793496129077
2024-08-26,PDD,16.95279352003721,0.04086330935251803,-0.0049856115107913546,0.048891848187957776,-0.048891848187957776
2025-07-24,IBM,16.94958000619683,-0.023185681275212477,-0.001763423804488351,-0.009489783576982491,0.006804250946988333
2024-12-20,TMUS,16.574483040707264,-0.004519161243673131,-0.002303271227145909,0.0006359589352231687,0.0006359589352231687
2024-11-14,DIS,16.540552831796404,0.010340136054421745,-0.001575149465500525,-0.018331600017095773,-0.028482184833245494
2024-12-20,AMGN,16.53532892225474,,,0.003159624597859012,-0.003159624597859012
2023-12-11,CI,16.46221118706807,-0.02224187185416948,-0.002323580853916818,-0.008996307485733546,0.013830144343739637
2023-12-15,HD,15.953567556257251,-0.0077307736521439185,-0.0015406348020297056,-0.003079920351827359,0.01270646210265447
2025-08-28,SNOW,15.801375166323805,0.06030803080308034,-0.002759509665252291,0.06901017346487426,0.06901017346487426
2023-12-15,NEE,15.710029788377478,0.008074935400516847,0.008074935400516847,-0.007374158384097496,-0.015389547932029513
2025-05-23,INTU,15.683576149852481,-0.011750171585449443,-0.001686648691048065,-0.006485430826579042,-0.006485430826579042
2024-09-13,ADBE,15.56830744987889,-0.017474281669567437,-0.00258454853198109,-0.0088794249093469,0.007455886738535922
2024-07-19,CRWD,15.501306246332462,0.018704074816299432,-0.004526853707414902,0.02078382810669699,0.02078382810669699
2023-12-15,ADI,15.464011555014627,-0.00244535382772737,-0.001859502659233181,-0.00738098776440288,-0.004953683063357639
2025-10-30,META,15.449286587129286,-0.00519744309695902,-0.002352396669881296,-0.014776981252178745,0.009502735636016668
2024-03-15,ADI,15.437010453160159,0.013664467189691942,-0.0021658291830266574,0.015114857306381513,0.015114857306381513
2024-06-12,ORCL,15.423390911837473,0.012845493252507723,-0.0019692213321786944,0.01806180182794126,0.01806180182794126
2024-06-21,WFC,15.340566588331056,-0.005014698253501537,-0.0019443566117438582,-0.003106662064204402,0.003106662064204402
2024-11-06,GS,15.165681062822056,0.012582995126424246,-0.0016229067761865945,0.03475801273708501,0.03475801273708501
2024-02-23,SQ,15.105110684246258,-0.0384194528875379,-0.0036472340425532934,-0.034525862963464826,-0.03672317418696436
2025-01-22,ORCL,15.078129958566771,-0.008045536642767193,-0.002285413262234526,0.00743694761802105,-0.00743694761802105
2025-08-29,MRVL,15.033827575502402,-0.025998461538461526,-0.00420954945054941,-0.019056399132321156,-0.025875426092345943
2023-10-19,NFLX,14.885062965884131,-0.022785712467221497,-0.002826283037464572,-0.01577749683944374,0.01577749683944374
2025-03-21,NKE,14.84993775490735,-0.02431192660550452,-0.003286511577107909,-0.016540212443095337,0.0309559939301971
2024-09-20,LIN,14.602110817941952,-0.004749171034335253,-0.0015959460904908518,-0.0033647016097160254,0.00815005501020094
2024-05-01,SBUX,14.582312876120822,0.013644191283613716,-0.0019623791230627408,-0.005270786664909766,-0.01884306232705235
2025-07-23,TXN,14.551500521609375,0.02195147568532707,-0.0021539679205366813,0.02313139260424857,-0.02313139260424857
2026-08-26,INTU,14.485027596569912,-0.011861548575184955,-0.003888670894087176,0.020966250113696683,0.020966250113696683
2024-12-20,TXN,14.416176240820791,-0.007035774205769396,-0.002192204207547621,-0.003257859586252021,0.014768963457674866
2025-06-27,NKE,14.362673236191226,0.0021551724137931494,-0.0023221138566661415,0.0028426048445333585,0.0028426048445333585
2024-06-21,MCD,14.21448178741829,,,-0.006890479653944848,-0.006890479653944848
2024-06-14,ADBE,14.075754368600865,,,-0.002154802539997336,0.002154802539997336
2024-03-15,ADBE,14.043293367683974,-0.004204081632652956,-0.0028921793002916196,-0.024933834795932475,-0.02083457704017666
2023-12-15,CAT,14.003489584543882,0.002246796559592701,-0.0018444619975426235,0.0029509924468646975,0.0029509924468646975
2023-12-15,CMCSA,13.996487540628385,-0.0011261261261261701,-0.002195640283140232,-0.0011261261261261701,0.0011261261261261701
2025-06-20,LIN,13.832853894046155,0.0036087431693989647,-0.0014209695550351231,0.005716840796562539,-0.005716840796562539
2024-12-20,LIN,13.722734501293132,0.009467399319679437,-0.0016388098806210394,0.011440284100388443,0.011440284100388443
2024-09-20,NEE,13.703357636676813,-0.004811740647179041,-0.0018666804144971127,-0.0009057424068594777,-0.0009057424068594777
2024-06-21,PG,13.694839398556809,-0.0030106337586678356,-0.0014248707089274948,-0.0009554520482503159,0.004478681476173474
2025-02-21,UNH,13.69364828419976,0.01783801508361571,-0.002941840638321147,0.018840262582056955,0.018840262582056955
2026-07-14,IBM,13.646682384590388,-0.0065377660314369646,-0.005674956448012525,0.003168480506956839,-0.003168480506956839
2025-03-21,CAT,13.62223164205011,0.009899500511524328,-0.0029448241473878367,0.012336369668818126,0.012336369668818126
2025-06-20,MA,13.400159542223733,-0.008911693221712036,-0.0022312956210448487,-0.00484705574114086,-0.004107832954364787
2024-03-15,TXN,13.393522939985484,-0.018396923986986113,-0.0020568301854901883,-0.005471231909636276,0.015590069419931796
2026-01-27,UNH,13.34996494328869,0.017102391213679957,-0.0031418368056246315,0.022436655259428284,-0.022436655259428284
2025-06-20,GS,13.314203784405834,-0.004470706247452938,-0.0019229536019917948,-0.0033541559031202706,0.0030999013667747377
2024-11-06,WFC,13.27158269729366,-0.00013789299503597086,-0.001587493105350335,-0.011854476086660348,-0.01171821774083659
2025-10-22,ISRG,13.258550752747144,0.01493457943925236,-0.0020969145527369726,-0.01572992365007808,-0.030429583295005003
2025-09-19,TMUS,13.232511590435367,-0.00858034321372858,-0.002154500388509728,-0.008240252897787181,0.0035405690200209783
2023-11-30,CRM,13.203082141884316,-0.01333064840918241,-0.0015775732121281472,-0.013233716170567789,-7.948177880212626e-05
2026-09-03,SNOW,13.192037165924498,0.042731372127979395,-0.003404793858707178,-0.016324794471394788,-0.05835858573190422
2024-05-24,INTU,13.173276711459042,,,-0.0035693039857229714,0.0035693039857229714
2025-12-19,ABBV,13.171843114069384,-0.005653266331658191,-0.0019371314480565172,-0.0019479210980005712,0.015247520318832253
2025-09-18,INTC,13.133620595325478,-0.03651776980762955,-0.0021752061111370846,-0.019890920757138275,-0.019249278152069338
2024-03-15,TMUS,13.123103390144928,-0.008202697776157675,-0.0012881230144263789,-0.007539368881863018,-0.016233963640785443
2024-06-21,TXN,13.12302464952726,5.1150895140628094e-05,-0.0018065363536720058,-0.009084339836894717,0.009135955404149687
2025-08-06,SHOP,13.120668243389058,-0.0005161290322581724,-0.0029557557603687723,0.010139210380464725,0.010139210380464725
2025-03-21,AMGN,13.08826261412942,0.0075564341282998715,-0.0023422417876728385,0.008907477172594325,0.008907477172594325
2023-12-12,LIN,13.016501498745948,-0.004635075996423765,-0.001210561519793929,-0.006056921026168727,-0.0014499193190056214
2024-12-20,CSCO,13.011627017566354,0.013945430922477353,-0.0012782280517230626,-0.004786771105308896,0.01879895561357703
2025-06-17,TMUS,12.975398810052084,-0.005967989872502022,-0.0020022476844974157,-0.005649717514124353,0.0005423728813560569
2023-11-17,AMAT,12.95006161884427,0.011504424778761013,-0.002632738500437548,0.014405389408376212,0.014405389408376212
2024-12-12,ADBE,12.883810640382105,0.015802571547075872,-0.002525456242223223,-0.02195827400583339,-0.037413848356881885
2024-09-20,INTU,12.868086720867208,-0.012766593296854367,-0.002331422669984984,-0.009562146239146085,-0.005228334798500933
2024-12-20,PEP,12.865610302877098,0.006787926716752324,-0.0018440848067182714,0.01004958677685952,0.01004958677685952
2024-08-30,MRVL,12.834337168723744,-0.02857142857142847,-0.004186792452830268,-0.01873827022726715,0.01873827022726715
2024-09-20,HD,12.82084212473582,-0.004441689908067259,-0.001808778609057482,-0.003249935517152469,0.005932421975754387
2025-03-21,HON,12.76424776959604,-0.003413104894380292,-0.0019952063343410265,-0.002040811187190905,-0.002040811187190905
2024-12-20,CMCSA,12.681239493601998,0.013459806051613565,-0.0026331029470768597,0.014858052533828658,0.014858052533828658
2024-06-21,JPM,12.648182236965036,-0.004499667638185878,-0.0019269680567426395,-0.004396952809448296,0.004396952809448296
2024-10-18,NFLX,12.571693195441592,0.02050110852899545,-0.0020058746312853204,0.02577148664304807,0.02577148664304807
2024-06-21,CMCSA,12.56803716904277,-0.008085550339071546,-0.002143639615470594,-0.00601150026136954,0.00522739153162588
2025-04-30,SBUX,12.565068585134087,0.02880288028802891,-0.0047250133176584,0.042883211678832245,0.042883211678832245
2024-09-20,CAT,12.408155700602816,-0.005454545454545379,-0.0024570633843767897,-0.0054272611326693365,0.0012754063661772896
2024-12-20,INTU,12.353618115111457,0.011738779154392809,-0.002646431591678322,0.011738779154392809,0.011738779154392809
2026-06-12,ADBE,12.2262541328973,-0.004780487804878053,-0.005290243902438929,-0.04039788875355255,0.03542427933414549
2025-11-13,CRCL,12.147772706732113,-0.02185223725286156,-0.010096898072444405,-0.015617660873649575,-0.03487552841709718
2025-12-19,XOM,12.093791246215776,-0.005453306066803054,-0.0018925284837861822,-0.005368555602897285,-0.00605027694929694
2024-09-20,ADI,11.997073118928501,0.008263017531587424,0.008263017531587424,0.00930252871555226,-0.00930252871555226
2024-05-07,DIS,11.969816753926702,-0.015805413590762818,-0.0019730942916633687,-0.0030841121495326362,-0.015140186915887921
2024-06-21,PEP,11.845291004092317,,,-0.003474302144483188,0.0022103749850246324
2024-03-15,COP,11.782756865562535,-0.0045582628874523134,-0.0017930311856219072,-0.0010811709913506329,-0.0010811709913506329
2024-12-20,HON,11.760965711763916,0.008202320149092168,0.008202320149092168,0.009059387022583909,0.009059387022583909
2025-02-26,INTU,11.652271380664708,-0.015810918299433485,-0.002237098842588825,-0.00810323162676796,0.00810323162676796
2024-03-15,PEP,11.6465184507968,-0.0032283608454650725,-0.0012073721490788447,-0.005452232386260358,-0.0022414733143515386
2024-12-20,HD,11.613755513462117,0.014686372604812314,-0.001990241786404723,0.015749763818249995,0.015749763818249995
2025-05-15,UNH,11.61281485270111,-0.053499365848034275,-0.005754286702574607,-0.019375232428412215,0.019375232428412215
2024-03-15,INTU,11.605290486744561,0.02851953052226297,0.02851953052226297,-0.0036813611755607267,-0.03209590100541382
2026-09-18,ADI,11.574816283574968,0.019472242562308395,-0.002884780191468095,0.027666147242953576,0.027666147242953576
2026-06-18,GS,11.571982905637363,0.018309739384960944,-0.0033073737029507555,0.01872696038080246,-0.01872696038080246
2025-12-19,CVX,11.559970713639691,-0.008054231827639535,-0.0016671540755373027,-0.008054231827639535,-0.008658299214712506
2024-04-19,NFLX,11.539820688625767,-0.02037366548042696,-0.002765416878495186,-0.014311772134137701,-0.026589027641363838
2023-10-20,ORCL,11.518140331748555,0.00972289742343213,-0.001991575803875323,0.02854281422133209,-0.02854281422133209
2025-08-15,AMAT,11.512029931388023,-0.02519496100779839,-0.003174239437826687,-0.010063843267215655,-0.014632170183732085
2024-04-25,IBM,11.499664729606911,-0.011433702484286101,-0.002113276606661829,-0.01816151404725508,-0.0069354649112494116
2025-03-21,LIN,11.434043236587824,-0.00822717622080682,-0.0018261171772318008,-0.0066347379058833145,0.00614042796256431
2026-09-18,CSCO,11.414990687873578,0.007612143180788289,-0.0022104990614280062,-0.0015381831342743402,-0.009138617444806263
2024-08-22,SNOW,11.392469907813961,0.044496972712946836,-0.00443814500171813,0.04576327342002817,-0.04576327342002817
2024-05-23,SNOW,11.377155140653352,0.02522114936497799,-0.00228518833270841,0.03303096653112292,-0.03303096653112292
2026-06-18,JNJ,11.337793050600327,0.01129821219860605,-0.002194700909669889,-0.004267241379310338,-0.01551724137931032
2024-01-18,TSM,11.263608745675317,-0.0179058353026722,-0.0018867543563507727,-0.016336342986063235,0.025792745070101653
2024-02-06,PLTR,11.25796882371244,0.06714634146341458,-0.003723728222996603,-0.0326831627307167,0.10202405899895228
2025-09-19,COST,11.19024891874732,-0.004522983065109898,-0.0013121932711235296,-0.0018988868955820415,-0.0028535758872837436
2023-10-31,CAT,11.181479385768084,-0.02232916441593291,-0.0029115783296054243,-0.019170305676855848,-0.012929257641921432
2024-03-15,NEE,11.155755414404128,-0.015049890072721173,-0.0025036481360682927,-0.004947495961227788,0.011039310716209005
2025-07-30,PANW,11.136241244015553,-0.022334049530702282,-0.003514704932068957,-0.010450430311836456,0.02313624678663251
2026-01-29,CVNA,11.134312195687224,-0.028904375642636815,-0.005920125344779703,-0.021448910049946424,-0.0019955188348970143
2024-09-20,TXN,11.074521117753036,-0.0016255356878971394,-0.0029549916612130467,-0.0012063320121125098,0.0012063320121125098
2025-09-19,PM,11.032920408278953,-0.007361963190184007,-0.002363571428571354,-0.0044302239724342,0.002707359094265227
2025-06-20,ACN,11.028223622609952,0.0034445186460934085,-0.0016949818484913726,0.008228563356406315,0.008228563356406315
2025-12-08,CVNA,10.940901598936366,-0.02741689181252216,-0.0044751892064236465,-0.02538130575973918,0.05028194937806996
2024-10-18,AXP,10.898892160642847,-0.026477786842690643,-0.00180810226634609,-0.01725175180086258,0.017325252649981193
2024-05-16,WMT,10.829988042537094,-0.0034257240734972827,-0.0011867575744093362,-0.012454674444269287,0.008986284092700636
2025-09-12,ADBE,10.791835919149921,-0.016944711328500395,-0.0027752475782871766,-0.009844312415976386,0.009844312415976386
2024-01-25,LRCX,10.751293244845947,0.007771753458888808,-0.002441273807749722,-0.015371175687831529,-0.023023468158901217
2023-10-26,NOW,10.735990839476132,0.006702702702702679,-0.0032745173745174494,-0.025828703825596988,-0.03235828440536059
2024-09-20,TMUS,10.73441872190596,-0.006561679790026087,-0.0021229918375587076,-0.005696218413590581,0.0008280846151915711
2025-09-19,XOM,10.701292876585264,0.003356297473944503,0.003356297473944503,0.005814977973568225,-0.005814977973568225
2024-12-13,AVGO,10.636523411440827,0.03387259858442859,-0.002886107572912522,0.04148340200935219,0.04148340200935219
2025-12-17,LEN,10.63004804083471,-0.009990099900998972,-0.00320504776476338,-0.0,0.0
2025-10-01,NKE,10.5662727737032,-0.025063238006870492,-0.0021745708257787655,-0.017265004110715187,0.017265004110715187
2024-03-15,CMCSA,10.560453432347623,-0.009038238702201662,-0.001971527892733027,-0.007706679121905591,-0.0014012143858010973
2026-09-18,NFLX,10.546122120611534,0.0026540019555802985,-0.003108484824297153,-0.007883992679149632,0.010558918766718328
2025-12-19,IBM,10.53775168304387,-0.005256198347107333,-0.002126552538370685,-0.003609271523178692,-0.003609271523178692
2023-11-16,CSCO,10.514030423533175,0.012223393045310837,-0.0014315971699533359,-0.014539234552063185,0.02694034637588194
2025-05-13,UNH,10.481466622924941,0.057394675470212264,-0.0031472769439120363,0.058022337237809696,-0.058022337237809696
2025-06-20,V,10.409220953807491,-0.004824238858655683,-0.0023924190532220724,-0.004907032427798441,5.912087262394117e-05
2025-10-23,IBM,10.406347505123346,0.03220105103419302,-0.0026505448417627475,0.04804456947432301,0.04804456947432301
2025-07-29,SPOT,10.365704760303267,0.009584822750028255,-0.003693277593497246,0.0366013782815765,-0.0366013782815765
2024-07-25,RTX,10.351019881823582,-0.0005287741253194866,-0.0014890971811303277,0.005586096825678233,0.005586096825678233
2026-06-18,XOM,10.287800837176315,-0.009304029304029404,-0.002845996860282529,-0.0019636363636363896,0.0019636363636363896
2025-08-22,INTU,10.284149455069018,-0.025200617283950733,-0.0027331779100530085,-0.01590384291896707,0.013013625311577792
2025-12-19,TMUS,10.277905918200814,0.01733007041901813,0.01733007041901813,0.01818816895786035,-0.01818816895786035
2025-12-19,CAT,10.27140836819147,-0.0027508174599055746,-0.00315166569041081,-0.0008320332813313014,-0.0008320332813313014
2025-06-12,BA,10.245887115512124,-0.0033750733711602754,-0.0023164288509378572,-0.0010296136497353059,-0.0010296136497353059
2023-12-06,MDB,10.232973625985801,-0.033664807179238365,-0.003693543189771664,-0.021657250470809908,-0.03999405292893243
2026-05-28,SNOW,10.198610929091778,-0.03173226981099364,-0.0037498947211969114,-0.01659440873075191,0.02150652457125779
2025-06-20,TXN,10.154682490572066,-0.007627458851866775,-0.002298965561736477,-0.005860842558733648,-0.00691278865901912
2025-12-03,MRVL,10.14988410992443,-0.024539877300613577,-0.005077906806894461,-0.02216006292099082,0.02216006292099082
2025-03-10,DASH,10.116383227499416,-0.03492026539401705,-0.0054573764903469435,-0.008507259528130584,0.008507259528130584
2023-10-20,ISRG,10.111284847784285,-0.017576923076923157,-0.0036247142857142034,-0.012082985029257531,0.01421080629227145
2026-09-18,TXN,10.084892807622929,0.015724946695095943,-0.0031466211217962003,-0.008350450156451084,0.024206707235137292
2025-01-17,ABBV,10.067935383208843,-0.009164265129683047,-0.0018517949773568798,-0.0037604859704947202,-0.007925947353196405
2026-06-18,MRK,10.061163171793186,0.00437177581533621,0.00437177581533621,0.00437177581533621,-0.00437177581533621
2024-06-06,LULU,10.03267618004163,-0.006415646703416433,-0.003066254232235721,0.0036993999381532694,-0.0036993999381532694
2026-09-18,AMGN,10.03052065325951,0.0005709095627350891,-0.0027303731301784318,0.0026785249908980457,0.0026785249908980457
2024-08-20,PANW,10.023427785987773,0.003025429965384685,-0.0032200581723599297,0.00593666644616242,0.00593666644616242
2025-07-18,ABT,10.014366716236674,0.000809126952018735,0.000809126952018735,0.0016195643371932356,0.0016195643371932356
2025-03-13,ADBE,10.009310595563864,0.036188579017264355,-0.002669961180917335,0.042084422671777144,-0.042084422671777144
2026-04-29,TER,9.968319782930664,-0.07427589114851929,-0.005073817169175765,-0.0639917761572808,-0.01586944649683575
2024-02-08,DIS,9.967799659199116,0.014036697247706398,-0.0017626867627784648,0.03359462486002229,0.03144830160507661
2025-06-20,JPM,9.96588356763729,-0.006359300476947549,-0.001532754010695081,-0.005640728955741969,-0.005496094879953617
2025-06-20,CSCO,9.941257128717753,-0.0055647465784327554,-0.0015852468684871557,-0.000752558699578465,-0.0016556291390728006
2024-10-11,UBER,9.921631352559038,0.034276126558005826,-0.002192336666210215,0.052314665726905796,0.048723728741470795
2025-12-10,GEV,9.908866039223824,-0.035961562670471126,-0.0044217555764700656,-0.03400221926364011,0.013371224613335286
2024-02-29,SNOW,9.866748083986295,0.018391301995997145,-0.004855937376843977,0.01893971169640185,0.01893971169640185
2025-09-19,ABBV,9.839944811697247,-0.003293480712835528,-0.0016866456124520202,-0.005808607504092844,-0.002534257328040579
2026-05-14,CSCO,9.831468977064468,-0.03603694954257208,-0.0021264507002831667,-0.03132631578947365,-0.02694736842105261
2026-05-29,DELL,9.817966577274309,-0.04901091723430062,-0.004294060504672181,-0.030455998653878602,0.013725631595394416
2025-12-19,CSCO,9.80592993595794,0.011874032008260205,-0.001897060992698485,0.012135295636457766,0.012135295636457766
2024-08-15,CSCO,9.798225741102316,0.002467105263157854,-0.002111827420112844,-0.021131012276111805,-0.023545985107667478
2024-03-15,CSCO,9.768582346738423,0.01647909967845662,-0.0012911977491960602,0.01707170114480827,-0.01707170114480827
2025-01-17,WFC,9.75859169823599,-0.006077822554006573,-0.002228210911767725,-0.004144736842105257,0.014342105263158045
2023-10-25,TXN,9.719914363152856,-0.006671398154719732,-0.0021973486768731565,-0.013995801259622076,-0.007417774667599741
2025-12-19,ADI,9.68349878405438,-0.01100719424460428,-0.002207613052415236,-0.009653483178445388,-0.011562567538361712
2025-03-21,UNH,9.665320010414142,-0.015057922677665925,-0.0023211501647886212,-0.008509803921568748,0.014039215686274531
2024-04-15,GS,9.61643772353385,0.012681605515882821,-0.0018606641573153393,-0.00987443618188455,-0.022430817993417063
2025-12-19,KLAC,9.584648889513353,-0.005618515562649584,-0.0033546801961008565,-0.004816332398821066,-0.004816332398821066
2024-11-06,C,9.580787059734446,-0.015827338129496327,-0.002059177800616596,-0.013911915231024086,-0.004829524976573074
2025-10-31,RDDT,9.57901564252181,0.04481293682335208,-0.004908804662059341,-0.03314709714462383,-0.07647461519775633
2025-01-22,NFLX,9.551341925886183,0.013212486161550352,-0.002505952935229372,0.02633094171502315,-0.02633094171502315
2025-12-19,JNJ,9.54894047575117,-0.005468937395058715,-0.0018627317273754995,-0.005182590335428672,-0.009189500455875965
2026-06-26,ON,9.546741596893186,0.04614085101889975,-0.010217091271098155,0.055119757347557696,-0.055119757347557696
2026-08-20,MRNA,9.433790238523825,0.05129847029526868,-0.008272216293134127,0.10665952030014736,-0.10665952030014736
2025-03-21,AXP,9.423598198619807,-0.01064886646079688,-0.003529196569793225,-0.006807301017354828,0.011295631358468006
2026-04-23,IBM,9.42026118277214,-0.015973401120600972,-0.0029166378704812423,-0.013201754385964826,0.013201754385964826
2024-09-13,ORCL,9.403299379684325,0.05473856209150341,-0.002556681005735806,0.05748865355521948,-0.05748865355521948
2026-03-20,HD,9.398466299585888,0.018983859134262593,-0.0027719491318172196,-0.002865329512893977,-0.02179479363531056
2026-06-18,CVX,9.398214490273247,0.0044449542599867,-0.0024541719070698687,0.009076896728891781,-0.009076896728891781
2025-05-29,CRM,9.393124215309964,0.0016135084427768565,-0.0023924926293218407,-0.024369618696186812,0.02602244772447726
2025-10-06,AMD,9.389374564132032,0.05503480278422279,-0.002518070931388783,0.05691659334043453,-0.05691659334043453
2024-10-30,SMCI,9.367235525979963,-0.08662843344400839,-0.0075468716312361295,-0.08499095840867987,-0.003616636528028905
2024-07-25,NOW,9.362145233392244,0.0040000000000000036,-0.0027058441558441837,0.0323167615937785,0.0323167615937785
2025-06-20,HD,9.326836565170291,0.0036146652131505697,-0.0017565900018852165,0.0036146652131505697,0.0036146652131505697
2026-09-18,XOM,9.310765983613722,-0.0047410873714672785,-0.002390334866783528,-0.004370037545393002,0.004370037545393002
2025-06-20,PGR,9.290381217266098,0.001835985312117483,-0.0024548653610770854,-0.007534154190030229,0.009383972098579996
2024-01-24,NFLX,9.277365553590329,-0.005183995327102786,-0.002285703855140153,-0.00391124757831629,-0.00391124757831629
2023-12-14,ADBE,9.265773953843695,-0.0019006849315068575,-0.0022195083170253316,0.005473118827868717,-0.005473118827868717
2025-05-07,DIS,9.257109782356999,,,-0.015425955414012815,0.015425955414012815
2024-01-25,IBM,9.254844647465095,0.0069253541975047295,-0.0012693373712351352,0.011927214769557715,0.011927214769557715
2024-08-29,CRM,9.24565040527099,0.03426639113281982,-0.0019143340221678962,0.0388167981750871,-0.0388167981750871
2023-12-22,NKE,9.229960951689213,-0.01871026339691184,-0.0018338263915921305,-0.017192759028472615,-0.017192759028472615
2025-10-28,PYPL,9.213718847567819,-0.03668282457749239,-0.0034890512998072554,-0.008988764044943753,-0.03502974223397226
2024-08-02,INTC,9.203266019098907,-0.03468208092485536,-0.0056599229287090935,-0.024809160305343525,0.024809160305343525
2024-10-16,ASML,9.181784598317043,0.024788555617360486,-0.00457025903082986,0.024983244684643524,-0.024983244684643524
2024-07-19,NFLX,9.175507333154922,0.04020488884174145,-0.0022917609312658183,-0.014885622110321739,-0.05449203616977749
2025-07-18,CVX,9.160380133326194,0.021400143537548155,-0.0018463216173139063,0.028310443119979323,-0.028310443119979323
2026-09-18,HD,9.119057237182181,,,-9.999999999987796e-05,-9.999999999987796e-05
2024-11-04,CEG,9.106472175960489,,,-0.023895253682487683,-0.013420621931260146
2025-06-04,CRWD,9.091965513871873,0.006314869441713222,-0.0032510683460535983,-0.016999999999999904,0.023422222222222233
2024-07-29,ABT,9.03696160552237,-0.014770459081836274,-0.0022319646421442574,-0.011539992041385005,0.04237962594508571
2025-02-13,APP,9.035517187048569,0.0486693548387096,-0.004116372407834135,-0.04097140315938064,-0.08764670623948656
2024-01-24,ASML,9.03508372882914,0.007470854151796269,-0.0018455507970497331,0.010018128041217489,0.010018128041217489
2026-06-18,LIN,9.015708655875404,-0.007546066101199234,-0.0020910555857323043,-0.006623548663601708,-0.0023766851087041463
2024-12-04,CRM,9.013921856876973,-0.026171023965141704,-0.002412951291627663,-0.009373539679485399,0.011600098958190141
2024-11-15,AMAT,9.013786499185983,-0.00856511436200813,-0.0029079333243642314,0.0019581083486619466,0.0019581083486619466
2024-04-16,MS,9.002689671124946,-0.008030765750480784,-0.0024819348166820188,-0.0022492127755286973,0.0022492127755286973
2026-09-18,PEP,8.984371129902975,0.0089442703157252,-0.001498176198849066,0.0089442703157252,-0.0089442703157252
2026-04-23,TXN,8.974228543554057,0.0394632378354165,-0.002186775906696914,0.04716526382142461,0.04716526382142461
2026-02-02,DIS,8.968220205076085,-0.017105947087082574,-0.0021165341554306716,-0.005039029644261284,-0.005039029644261284
2026-08-27,CRM,8.965691990669178,0.06854307739218846,-0.003177581581887412,0.07144072121109035,0.07144072121109035
2026-03-20,LIN,8.92415636299023,-0.006111728457419918,-0.0019849032369791964,-0.0033328605871507655,-0.011244605628381033
2024-12-04,MRVL,8.914309744412568,0.041157170315652136,-0.002880870987434947,-0.013033657709133006,0.05472725649495569
2024-11-27,DELL,8.894212564922983,-0.02539553752535495,-0.003952784700086864,-0.021376328443851733,0.0050575827373013915
2025-03-21,TMUS,8.88987554011134,-0.0017954022091252186,-0.002779151588819473,0.00011731581417184778,0.00011731581417184778
2023-11-16,BABA,8.886715734508924,-0.01610696517412935,-0.0025057746979387785,-0.02381255571119323,0.007322042531516582
2024-10-30,LLY,8.878236562121822,-0.0214791403286978,-0.0018944329059058518,-0.02146622672279741,0.07053008179416187
2024-01-08,BA,8.842609376957823,-0.014070796460176949,-0.0024959165613147594,-0.006430828630098251,0.005464711245079412
2024-06-13,AVGO,8.84068968352878,-0.02147391953611444,-0.00239474186509836,-0.008013450625289797,-0.014964700911379691
2025-09-19,INTU,8.838294934752568,0.0006972723883476029,-0.001939688874226242,0.005937847638585958,-0.005937847638585958
2024-11-06,MS,8.82969225718172,-0.01689744191504361,-0.0015477587420793526,-0.01615577459305695,0.027725207214010172
2026-06-18,HD,8.807872881638707,-0.0079593715660361,-0.0024408095987644707,-0.0079593715660361,-0.0079593715660361
2025-03-21,TXN,8.806441976293536,0.0007266629401900815,-0.0031517727381618066,-0.003759187566627409,0.0044885821691074135
2023-11-08,RIVN,8.776904659064124,0.03572644721906926,-0.005540578887627712,0.03791053227633068,-0.03791053227633068
2025-01-30,IBM,8.763880410969772,0.02284786568464403,-0.0017184349862539028,-0.022304983200420958,0.04566247014532654
2026-02-19,CVNA,8.71125109601762,-0.04848024316109423,-0.009208738601823807,-0.03321751632420766,-0.003085125501707364
2025-10-22,TXN,8.700187756105343,0.007138643067846617,-0.002973506110408808,0.01413889383948197,0.01413889383948197
2025-09-11,SNPS,8.684213344757417,-0.022774427020506582,-0.00682745648802352,-0.01186006317420596,0.04437689969604852
2023-10-25,GOOGL,8.645890085442176,0.006091772151898822,-0.002332154159131905,0.01172120830711143,-0.01172120830711143
2024-02-23,BKNG,8.62980184779966,0.028501306090564893,-0.002458877240941515,0.03381264540870088,-0.03381264540870088
2024-01-30,GM,8.626207087445557,-0.005005268703898835,-0.002094629685382987,-0.011149317495050437,-0.006199854121079484
2023-10-27,F,8.62505263376385,0.06613508442776739,-0.002801058697400105,0.07438400743840079,-0.07438400743840079
2025-07-24,NOW,8.606362963374776,0.014192323288267361,-0.0024167357797724165,0.029435534912706007,-0.029435534912706007
2026-03-20,TMUS,8.590695797575513,0.00486864304651724,-0.0026524463726199654,0.006275342730256872,0.006275342730256872
2025-09-02,PEP,8.583482182577141,0.031076724693745894,0.031076724693745894,0.03166983472405682,-0.03166983472405682
2026-09-18,ABBV,8.582341624438104,,,-0.007319597328064864,-0.007319597328064864
2025-01-17,TXN,8.576384593011669,-0.0007790588968525913,-0.0007790588968525913,-0.00685038958322437,0.00606599382942008
2023-10-11,PXD,8.562424261336746,-0.008192609931449546,-0.0029121772517735067,-0.005251312828207011,0.003875968992248069
2026-06-18,JPM,8.560114625373433,0.031074035453597326,-0.0020636930476050086,0.033736908564212964,-0.033736908564212964
2024-11-06,BAC,8.552855550731183,-0.015007724564113922,-0.001637150424062872,-0.014572753367189106,0.0022079929344225313
2025-01-17,XOM,8.550710260561184,0.006632012905538609,0.006632012905538609,0.007083295974177339,0.007083295974177339
2024-10-31,BKNG,8.545568023371622,-0.014300466251525479,-0.001397599750855738,-0.010340631329369021,-0.02106455930311224
2023-11-30,SNOW,8.538332771208633,-0.013790925360564144,-0.0026307393259440426,-0.01056189269117025,-0.009347275031685753
2026-04-14,WFC,8.522201031533612,-0.007643940327949794,-0.002537215773992907,-0.005660145195029109,0.005660145195029109
2026-10-02,STX,8.495184577549947,0.032131394670297686,-0.005608980326228918,-0.016981423670138662,0.04965845516644518
2024-10-15,UNH,8.469591535387057,-0.021591473852780485,-0.0017652180315497201,-0.009180267416405874,0.007507392018166081
2025-03-21,HD,8.469489942081335,-0.01229779042036605,-0.0027070777970699123,-0.009918302995556738,0.007281066360899979
2025-09-19,JNJ,8.451842848874817,0.008009153318077722,-0.0013108859104281612,-0.007115489874110592,0.015181632241523246
2026-03-20,JNJ,8.443863513477387,0.004900304156809754,-0.0019072563124609143,-0.0015605888059386785,-0.006453245602935587
2024-01-18,HUM,8.436700185688956,-0.017088769506267587,-0.002587550707159325,-0.002831560419377044,0.050942577995459315
2023-12-04,UBER,8.429876946906463,-0.015438247011952178,-0.0020295366154430283,-0.005424351164149188,-0.02094634064925316
2024-08-13,CMG,8.413216255438474,-0.03112248995983946,-0.004219736087205828,-0.021685236768802296,0.028153601273378515
2025-09-19,GS,8.389136924773407,-0.008382772604385691,-0.0020543733639446504,-0.008382772604385691,0.007334534895363953
2025-01-17,MSFT,8.371904491881988,0.0035776512951561923,-0.0019355159882514794,0.005656659325373847,-0.005656659325373847
2024-08-15,WMT,8.329355333493133,-0.0017111567419576534,-0.0017209250024445844,0.004963285286918806,-0.004963285286918806
2026-01-29,META,8.323669380919767,-0.01415683743666496,-0.0023494759596616177,-0.010715018816284783,0.010715018816284783
2024-07-17,ASML,8.307378864650019,0.03192804245993419,-0.0028183129980874355,0.03615267680789236,-0.03615267680789236
2026-06-18,PG,8.295935455734014,-0.00728987993138952,-0.002044865511846683,-0.007027847433020984,-0.007720733799656765
2026-01-05,CVX,8.280394951532308,-0.007065871942976587,-0.0012954493583103854,-0.002200819421512845,0.002200819421512845
2024-01-12,JPM,8.24720039704731,0.026992805755395644,-0.001178824254881805,-0.012671894533469619,-0.03932265030117055
2025-12-15,NOW,8.237299691862612,0.022221085739125956,-0.0023728808141765256,0.03340537671103028,-0.03340537671103028
2026-07-30,MSFT,8.228631073556073,0.008307836612546637,-0.0026236349018469163,0.01029336078229548,0.01029336078229548
2023-12-11,HUM,8.18965270644528,,,0.006671253153209489,-0.006671253153209489
2024-11-26,AMGN,8.18324300498951,-0.02490421455938696,-0.003478680897646358,-0.022154188998029012,0.06995661480874049
2025-07-31,META,8.178145755328782,-0.010848151464756373,-0.0017419625724154342,-0.008857498109289486,-0.008857498109289486
2025-12-04,SNOW,8.156434626352745,0.017493931530928264,-0.004709667101125081,0.022586756042217493,-0.022586756042217493
2026-06-18,CAT,8.144138424748203,-0.010166169744470155,-0.0036697363455615584,-0.00916446958924344,-0.002656734695943075
2026-03-20,MRK,8.136870784108265,-0.00774519188930467,-0.0023437410644355783,-0.0039311610028828214,-0.002620774001921844
2025-01-17,ISRG,8.131949781809409,-0.008733104082258025,-0.002486844409208322,-0.0013857671573183072,0.0013857671573183072
2025-01-17,IBM,8.127813053431817,-0.004559678140366508,-0.001868372820742037,-0.0022076039692273675,0.0022076039692273675
2025-01-15,C,8.114188211954042,0.016233766233766156,-0.0018714007421150036,0.017356822466358945,0.017356822466358945
2025-08-28,CRWD,8.108340228317907,0.02352723230826248,-0.0026041523315514237,0.02692781301549685,0.02692781301549685
2024-01-19,SMCI,8.099432616499904,0.18357190785059285,0.18357190785059285,0.18386979501663925,0.18386979501663925
2026-03-20,WMT,8.096985233755099,0.010803623369068371,0.010803623369068371,0.012445034431261881,-0.012445034431261881
2026-08-13,CBRS,8.073400226183223,,,0.024789287295263307,0.024789287295263307
2026-04-29,V,8.067030208385782,-0.018684999118632195,-0.0015919938220309016,-0.014225002951245402,-0.01177546924802253
2025-07-16,ASML,8.062941433728945,-0.019239597116085694,-0.002201405310321647,-0.01706995042034909,0.016450204785514178
2025-09-19,CVX,8.060001109164842,0.008013275620976534,-0.0017294329843526857,0.008697860453304562,-0.008697860453304562
2026-08-06,APP,8.051507254530192,0.006479289940828359,-0.006044150464919795,-0.021141036779611988,-0.027483347813495485
2026-09-18,WMT,8.048885734302159,-0.006208865682625908,-0.0016193687863933492,-0.005036373810856087,-0.005036373810856087
2024-02-20,WMT,8.037766085655532,-0.01496191197102037,-0.0011107085890144086,-0.006349206349206438,-0.02021720969089391
2023-11-28,PDD,8.022422027130132,0.0015856998702608038,-0.002823369509256657,0.006081668114682914,0.006081668114682914
2025-02-13,RDDT,8.01136570876367,0.0007323503564105049,-0.006001782052533988,-0.031838790931989935,0.03259445843828712
2026-01-30,VZ,8.004151003770998,0.03583061889250838,-0.0014142790666755722,0.05223351453557079,0.05223351453557079
2026-05-21,IBM,8.002217192269967,0.07625568834261909,-0.0024339119392919883,0.0787331088281682,0.0787331088281682
2025-09-19,MSFT,7.988688826363174,0.011224987798926334,-0.0014927616258801901,0.013341680034430148,0.013341680034430148
2026-04-24,QCOM,7.942746771652415,-0.024688810948352957,-0.0021955848978749692,-0.03670089433587276,-0.012918184829413648
2024-10-15,GS,7.927404930886031,0.012060263511086688,-0.001719442516614711,0.01576271186440681,-0.01576271186440681
2024-03-08,MRVL,7.918969859644559,0.04555232190307468,-0.004012680537228253,-0.027921279212792083,-0.07220172201722008
2026-01-28,TXN,7.910058093617728,0.024786729857819934,-0.0023986120514556397,0.04212251192828553,0.04212251192828553
2024-12-09,WDAY,7.898809615473459,0.004375200085369846,-0.0031591409159972272,0.014925688302638629,-0.014925688302638629
2023-10-25,TMO,7.896925113271903,-0.02427895981087458,-0.0026585224586288536,-0.026243093922651894,-0.002601289134438245
2024-03-22,NKE,7.89669329673993,-0.01886178861788612,-0.0020266124661245666,-0.009071877180739651,0.006280530355896818
2024-05-02,QCOM,7.894458753130342,0.008896478360673976,-0.0024086397338174415,0.011984387723584122,0.011984387723584122
2025-01-17,MRK,7.894307808286058,0.01488783824564921,0.01488783824564921,0.01962158374211631,-0.01962158374211631
2025-10-31,AMZN,7.873891327263434,0.011257339542417477,-0.002085873369392255,0.013066551011771566,-0.013066551011771566
2025-07-17,PEP,7.845320194607483,0.0010322047894302244,0.0010322047894302244,0.010594324221056661,0.010594324221056661
2023-12-21,MU,7.8387972751566695,-0.015923945335709844,-0.0023793820558526413,-0.01093088857545832,0.004818993888105361
2024-11-05,PLTR,7.825302579777388,0.05791106514994815,-0.002752769980794767,0.06087317224929989,0.06087317224929989
2026-10-02,NKE,7.80991804815399,0.024176488365064808,-0.002910611751500314,0.02926839638829759,0.02926839638829759
2025-08-12,CRCL,7.757508026280853,0.08347376699247278,-0.006965746224340652,0.09032114183764506,-0.09032114183764506
2024-01-30,SLB,7.751902871896301,0.005704971475142706,-0.002657468855512879,0.009406952965235194,0.009406952965235194
2026-01-29,MSFT,7.748881707934067,-0.009854626782219711,-0.0024400185710291566,-0.003611863582690944,0.003611863582690944
2024-08-02,BKNG,7.720545253592042,-0.011610689564948595,-0.0027533920968306758,-0.0023094757535057076,-0.0023094757535057076
2025-05-01,MSFT,7.687304344754837,0.01387116977105618,-0.00258756631552437,-0.010542947086046528,-0.02426787384818485
2024-04-24,TXN,7.658234331499703,0.0019000552660306536,-0.0023181799793421387,0.011366290429390191,-0.011366290429390191
2026-08-12,CRWV,7.645943918604071,-0.03538946420531286,-0.0069172444844664005,-0.027479644707623985,-0.0037934863064396085
2026-04-14,ORCL,7.636111100874837,-0.02145871723236037,-0.004036489160248347,-0.014228009887260917,-0.017061554229215736
2025-07-18,NFLX,7.631611418832552,-0.0007533112582782664,-0.002484330652790856,0.006665450583473453,-0.006665450583473453
2026-02-27,NFLX,7.625427410593565,0.01969504447268111,-0.0031045410540327945,-0.04056598680230894,0.06105998018913961
2025-01-17,MA,7.609102110346652,0.0005146974722634035,-0.0015384416376638121,-0.0038655848132274073,0.004382271892223066
2024-01-11,NFLX,7.597088112023878,-0.016710922993990573,-0.0021085026339882074,-0.012458067064624267,-0.013139821901574589
2024-07-31,ETN,7.594030956272987,,,-0.011736860876049637,-0.011736860876049637
2024-09-26,MU,7.579801539601894,0.017173524150268404,-0.003159021211346813,0.02014464191762011,-0.02014464191762011
2024-07-22,CRWD,7.578714048585103,0.0489334102046699,-0.00595038710208784,0.056173314528794704,-0.056173314528794704
2023-11-09,DIS,7.57846721948924,0.012331838565022402,0.012331838565022402,0.012672423460805105,0.012672423460805105
2024-10-29,BA,7.563323341814814,0.013717693836978073,-0.003052745432168935,0.019120586275816143,0.019120586275816143
2025-01-17,INTU,7.554606027654289,0.009935537772244318,0.009935537772244318,0.012063751532488731,-0.012063751532488731
2025-11-13,CSCO,7.541052078477555,-0.0009049773755656076,-0.001976424415920164,0.0012899896800825372,-0.0012899896800825372
2025-07-16,JNJ,7.531676359218148,0.0004250151791136414,-0.0013589253187613615,0.0035324928436568648,0.0035324928436568648
2024-02-29,CRM,7.510867224008625,-0.02322431450280793,-0.0022021473406012015,-0.016956478372177952,0.02742959736675865
2023-12-08,LULU,7.505398710482195,0.06214750542299341,-0.0020042547257514975,0.06482689631176064,0.06482689631176064
2025-01-16,MS,7.472805428809067,-0.0176476604255289,-0.0022410737621665344,-0.013559765347681552,0.01490864252886448
2025-05-01,QCOM,7.472116237364438,,,0.0027298214549210664,-0.0027298214549210664
2026-09-02,DELL,7.428316589227444,-0.03888402625820575,-0.005295581431697283,-0.02021739596509664,0.05548528182149526
2025-07-22,PM,7.422902524553848,-0.031832816961302246,-0.0022186596891353716,-0.030518141002305654,0.002002184200946555
2025-12-11,ORCL,7.410805085565169,0.04208374823122485,-0.005437158879064485,-0.009042834479111583,0.05150713907985205
2025-09-05,AVGO,7.392308226385083,0.03871986222732482,-0.0027795698704280447,0.04049621109026058,-0.04049621109026058
2024-01-17,SCHW,7.384089604170958,-0.01668613382279327,-0.0022567876808659015,-0.01330450690171281,0.05488109096956584
2026-03-20,PG,7.372199037928122,0.00375965783664467,-0.0023059858877325645,-0.00302613480055014,-0.006774415405777279
2026-09-04,PATH,7.364902302483345,0.030602486452024236,-0.0048333712828452224,0.03183699458771094,-0.03183699458771094
2024-04-25,META,7.330713342671201,-0.01677787912246176,-0.004110798123675652,-0.01538867182818393,0.05798317313454304
2024-10-11,WFC,7.328866695159094,-0.004733148359719386,-0.0021519503835482068,-0.0004917226684150178,-0.0004917226684150178
2025-01-23,GE,7.312409863910335,-0.012804284945744815,-0.0018277750403484783,-0.00869141835394871,-0.00869141835394871
2024-01-25,HUM,7.311902859326686,-0.03567984570877525,-0.003933233621317367,-0.012512872600053626,0.002609787408128561
2026-04-07,UNH,7.304414119519475,-0.019233930626335827,-0.0024665249759281416,-0.012112703646870449,0.004668777955532333
2026-08-13,CSCO,7.292255118788881,-0.030403587443946112,-0.003538321588725246,-0.02635340360907623,0.014193317848847586
2024-10-14,FLUT,7.287421018005241,-0.006121824303642498,-0.003510525258771935,0.0033353547604609846,-0.0033353547604609846
2025-05-16,FI,7.28239161912599,0.023775880076180922,-0.00412216185853842,0.028896023709557683,0.028896023709557683
2026-04-30,META,7.279609619369103,-0.0168118879318222,-0.0026267566275124388,-0.016727435818639558,0.016727435818639558
2024-06-10,CRWD,7.279129503545929,-0.02179309623977621,-0.004150871835838732,-0.01956419255146391,-0.01956419255146391
2024-02-01,HON,7.277435510155414,-0.028965219063327607,-0.0017874509429076646,-0.026759844041392977,0.03135919223600747
2025-02-13,HOOD,7.2310798190489525,-0.04430232217092034,-0.004280174648529589,-0.043685248717524994,-0.014336225499358202
2025-02-20,WMT,7.223379084352619,0.004912998976458582,-0.0017517180874395688,0.0059304703476482645,-0.0059304703476482645
2023-11-16,COST,7.220274500210142,,,-0.00026804783356815243,0.00026804783356815243
2024-01-24,TXN,7.214353583295415,-0.00047058823529422256,-0.0022173613445377605,-0.0074151923862907365,-0.006948093653295961
2023-12-13,PFE,7.181121349697483,-0.026599845797995236,-0.0024484800088115932,-0.02187652293370279,0.023027716913725627
2024-03-06,CRWD,7.166385943659227,0.05800000000000005,-0.004257232653061216,0.07665163693393451,-0.07665163693393451
2024-08-23,INTU,7.145100099368354,0.011036312291865968,-0.002428892283526052,0.01580776739092482,-0.01580776739092482
2023-10-18,ABT,7.142362931124856,,,-0.02650783429920578,0.02650783429920578
2025-03-06,MRVL,7.138194512412632,-0.035518760849245545,-0.008217891002040956,-0.03825848740614224,0.0013808324922641724
2023-10-18,MS,7.134473289962817,0.007159904534606243,-0.002342491571011962,0.011746073643922439,-0.011746073643922439
2024-05-08,ANET,7.132384310171421,0.02261688854949817,-0.003401226378241695,-0.014715329382087194,0.03766503289618939
2025-09-03,GOOG,7.1247570392786015,0.015155288888771823,-0.0020488980165220827,0.015913486899947316,0.015913486899947316
2024-03-21,MU,7.119872920586574,-0.005585569087079856,-0.003323302418669183,-0.003839122486288815,0.003839122486288815
2025-09-04,CRM,7.094471631496066,-0.01836847240487005,-0.002446845967844613,-0.015052854122621584,0.03183932346723051
2026-03-13,ADBE,7.084554761210067,-0.021894373381464383,-0.003859682066344572,-0.012048192771084265,-0.012048192771084265
2023-11-03,SQ,7.052941738194666,0.021319388576025777,-0.004088581772210054,0.027694521040642628,-0.027694521040642628
2025-05-07,MRVL,7.023792612358999,-0.019770879526977092,-0.005224870657797531,-0.01770237875714553,0.038447353863175326
2026-07-15,GE,7.018924243358844,-0.006867242689482467,-0.0025490376612775645,-0.0007593227965576599,0.014089656336126799
2024-01-31,SBUX,7.018813948637587,0.03992983904250935,-0.001428895701904409,0.040028886825544285,-0.040028886825544285
2024-02-14,ABNB,7.01206109668465,-0.04228005302448867,-0.003577672902692175,-0.03966873129654114,0.03145660797550298
2025-08-07,LLY,7.005556866165171,0.026079027355623063,-0.00325007707338254,0.031202757452984176,-0.031202757452984176
2024-09-25,FLUT,6.991070669274599,0.028251793603826347,-0.0020538862863859197,0.03037411526794742,-0.03037411526794742
2024-08-13,HD,6.983144467854906,0.007768666378938249,-0.002798949791396943,0.017045124571694048,0.017045124571694048
2024-02-02,META,6.979373508812437,0.02565874730021589,-0.0019168713360073752,-0.008099634210068096,0.03396620797770433
2026-02-09,WFC,6.978906269336435,0.008742004264392422,0.008742004264392422,-0.005251312828207011,0.014039224091737301
2025-01-27,GEV,6.967764434626293,-0.070552234964395,-0.0053382740461414,-0.04945745956538272,-0.034424263695124524
2025-06-03,CEG,6.9533459249121465,0.048086269744835874,-0.002980593646936258,0.057760538817728024,-0.057760538817728024
2024-05-31,MRVL,6.933325993933867,0.0322061304836897,-0.0034574260806685686,0.04740584708559159,-0.04740584708559159
2025-07-23,TMO,6.9084223282309996,0.0052631578947368585,-0.002890505616267358,-0.013982414303873258,-0.019171980544379186
2023-10-05,RIVN,6.884172577875927,0.11835748792270528,0.11835748792270528,0.12174745787997066,-0.12174745787997066
2023-11-02,PLTR,6.88276176991751,-0.032128514056224855,-0.004827432177690438,-0.018857303687025095,0.012665353222628628
2024-04-17,ABT,6.873756970191089,-0.011172650878533252,-0.0017809328276765513,-0.009630053394355409,0.009630053394355409
2024-11-11,ABBV,6.861492694857898,-0.0021259480579176593,-0.0023075073053813178,0.006267449148196658,-0.006267449148196658
2026-01-28,STX,6.852054315585813,0.04163726182074812,0.04163726182074812,0.04643347679649579,0.04643347679649579
2023-11-02,SBUX,6.84857429815113,-0.015556441962504941,-0.0015260484927916984,-0.009466223918322747,-0.008673241809981636
2024-04-23,SPOT,6.84653965183988,-0.03576874205844982,-0.0036473974405518694,-0.020285645122246287,-0.020285645122246287
2024-01-16,MS,6.841915286099307,0.006360587486989644,-0.001753481802111434,-0.008485265451209645,-0.014791881664946605
2024-11-21,PANW,6.841019461418249,0.0160149166049397,-0.0024116333463476414,0.019425935417734408,0.019425935417734408
2023-10-13,JPM,6.840449646904075,-0.016635737009543905,-0.001597783479775683,-0.015983552195251383,-0.0179068842021487
2024-10-17,TSM,6.837500268730327,-0.014679802955664956,-0.002654792399718442,-0.006509078451524597,0.007390006362257173
2024-06-05,CRWD,6.828361151759466,,,-0.024394613478247895,0.022005912036069164
2024-10-15,MRVL,6.8258907580654204,0.009968847352024857,-0.00321539830885631,-0.01900861805513121,-0.028787971395391576
2023-11-02,ABNB,6.818038782026901,0.019108280254777066,-0.003562778283287882,0.020356234096692183,-0.020356234096692183
2025-11-21,INTU,6.804466322397082,-0.0023826622016946963,-0.002459663528875611,0.008937219730941748,-0.008937219730941748
2026-04-21,UNH,6.787687344686877,-0.01813675791370961,-0.0024392108820546765,-0.00797683594969767,-0.01774207284185425
2023-11-03,BKNG,6.785726806608529,0.0035795879262605634,-0.0023145996551764414,0.017089670085786324,0.017089670085786324
2026-01-22,GE,6.777542010830222,0.018955769870302563,-0.003133127464487684,0.021055600723423384,-0.021055600723423384
2026-04-27,QCOM,6.77000042446018,0.03394625176803401,-0.0026895378313340768,-0.022560170929428747,-0.05574058945516247
2024-10-24,IBM,6.759963356703152,-0.003955295957319471,-0.001491445522696866,0.0009153737013136709,-0.0009153737013136709
2025-03-13,INTC,6.726805294316498,-0.014137214137214138,-0.005708316008315895,-0.01125938281901584,-0.01125938281901584
2026-01-29,NOW,6.72231600775571,-0.014955221285105624,-0.004218397158010978,0.010763550200381222,-0.010763550200381222
2024-04-30,PYPL,6.721438374650427,0.006435571156940156,-0.0024141331828915202,0.006943936846721677,-0.006943936846721677
2025-01-27,VRT,6.696957579151948,0.10937500000000011,-0.006751178075396824,-0.03967989329776589,-0.14471490496832273
2026-08-04,PLTR,6.694615590585988,0.0847514180847515,-0.0039506029839362355,0.08518592696441707,0.08518592696441707
2026-08-05,ANET,6.694210990935281,0.02462299134734236,-0.004904930248984529,0.02961286831619847,-0.02961286831619847
2026-09-22,SHOP,6.692887049714464,-0.007788894111327438,-0.0042270577740260995,-0.0008789722785665921,-0.0008789722785665921
2024-02-28,UNH,6.688464829412438,-0.02047592695074707,-0.0014924280355934627,-0.014801502362586372,0.006542546746900246
2024-01-23,PG,6.684398670099743,-0.015032303460628338,-0.0011842348146320347,-0.014338753040583851,-0.014338753040583851
2026-02-04,BKNG,6.643377404797721,0.00612260714562507,-0.0034719477057648662,-0.041489601167779666,0.04786623284198366
2025-05-21,PANW,6.634124082827694,-0.02720710716268737,-0.002304215911794971,-0.023756689004853282,0.0031708788259448006
2026-07-16,UNH,6.630694428565442,0.05691382765531061,-0.0023167589146546597,-0.00033388981636051085,-0.05722871452420697
2024-01-19,TXN,6.627782449939853,0.006256154781903556,-0.0018881505449308555,0.009237741110852848,0.009237741110852848
2025-05-08,CVNA,6.620476421534885,0.028253270388122198,-0.004393607491647078,-0.013551026371539043,0.04218715757177294
2024-09-24,BABA,6.616333594218167,-0.014413106594773906,-0.0018272056645138868,-0.009441269442525435,0.017657895287738867
2026-03-20,GS,6.610311833612319,0.0010579597355357961,-0.003609736055150803,-0.006188148221490719,0.0072526547686824205
2024-06-20,ACN,6.601315602875563,-0.005022156573116776,-0.0019787836158589034,-0.004412223005888505,0.004412223005888505
2025-06-04,WFC,6.586553875499082,-0.012162335168352412,-0.001666148471935136,-0.008863198458574195,-0.03159922928709047
2026-07-17,NFLX,6.585470785040488,0.029295964125560348,-0.0037273008755072112,0.03354446529080679,0.03354446529080679
2026-03-11,ORCL,6.581196771368437,-0.023469748791131173,-0.00432843748420475,-0.020118343195266286,-0.03497041420118341
2026-03-20,V,6.579439309190774,-0.00851703406813642,-0.002154993319973153,-0.0008843208249212919,0.006857657717784793
2024-07-23,GM,6.570826279232154,0.023684210526315752,-0.002255323308270718,0.023684210526315752,-0.023684210526315752
2026-03-20,CAT,6.566102678610593,-0.010957640070359598,-0.003909480006426325,-0.006114169805853442,-0.014053897421037465
2024-02-14,UBER,6.555520274149827,0.03235063918601622,-0.002861428944131883,0.05548146172312607,0.05548146172312607
2024-10-30,GOOG,6.545730766554137,0.02748041055071182,-0.001625218755419544,0.028873705091470026,-0.028873705091470026
2024-10-22,GE,6.539826264083511,0.0304610318331503,-0.001644793790183563,0.04506705760981766,-0.04083184014768959
2023-11-16,PANW,6.538608243756819,0.007609464010977618,-0.0030448667304253663,-0.019976249045720706,0.027737721604885968
2024-05-21,PANW,6.535276703542949,0.022254292602128745,-0.0024457886931605888,0.022908529981292558,0.022908529981292558
2025-11-04,UBER,6.5323554201175025,-0.03188662533215236,-0.0028433743515119403,-0.030289630776033638,0.04720318372761456
2024-05-17,AMAT,6.525628376497234,0.018956907712224913,-0.0024090365663558266,-0.006203188898589285,-0.02504250333134217
2025-07-29,SOFI,6.525262499460507,0.025858322468492068,-0.0037887253988948544,-0.06577344701583421,-0.08993097848152665
2024-05-15,DELL,6.5250126343643355,-0.028169014084507005,-0.0034816513292956763,-0.005015116485861504,0.060999466476969744
2024-10-30,DELL,6.515618819679882,-0.023198700829010432,-0.0029213437131023756,-0.021603493994696743,0.009436905318983113
2026-07-31,MPWR,6.5039848396649464,-0.054346436969634926,-0.005156407466370694,-0.05152822195589335,-0.08605982144573832
2025-05-12,AMAT,6.4911410750565715,-0.01833976833976836,-0.0028558932018754035,-0.012716281008964048,0.0005658298341224555
2025-09-08,HOOD,6.485490046823133,0.03834233596032943,-0.005112667771438595,0.03955467413959268,0.03955467413959268
2023-10-27,ENPH,6.475133960593683,-0.04972179472001903,-0.008069492127382505,-0.036490217260833124,-0.014764133957508196
2026-02-04,UBER,6.474144291681414,0.0052496971328577224,-0.003486029652135514,0.010643282682910371,-0.010643282682910371
2025-10-22,NFLX,6.435025647066382,-0.016280569645627407,-0.0024366382541093357,-0.005380112859696418,-0.021879709789351942
2026-08-12,SMCI,6.431597756494196,0.033287482806052315,-0.005962959324032124,0.046385290430422055,0.046385290430422055
2026-05-22,IBM,6.428555671527632,0.02376648848209817,-0.002850769966102895,0.030329653539096335,-0.030329653539096335
2026-08-20,WMT,6.42551796556413,0.004697085889570518,-0.002176339285714368,0.014521640091116228,-0.014521640091116228
2025-01-15,GS,6.406645291861228,0.010355177588794229,-0.0019612270420924505,0.011924445112480475,0.011924445112480475
2024-09-26,SNOW,6.3887578390642625,-0.020230427288396857,-0.003156361374269334,-0.0043465719059812,0.0043465719059812
2024-10-24,NOW,6.386557080540483,-0.002928333975968922,-0.0020135645729649765,0.0005563410328701668,0.0005563410328701668
2023-11-30,CI,6.383424706665983,-0.005560178530902404,-0.0027080960306054003,-0.009083969465648822,0.003473282442748138
2025-05-13,COIN,6.378970315116456,0.0726818371607516,-0.004017539516850577,0.08550163412155665,0.08550163412155665
2023-12-01,PFE,6.377472544861853,-0.02215969046781563,-0.002150846691121089,-0.021441124780316345,0.016168717047451597
2023-11-21,QCOM,6.376617886808591,-0.010286611700039194,-0.0022940097593807662,-0.007519981101618112,-3.93716288044077e-05
2024-04-25,CAT,6.371686501009493,-0.0022434762073444414,-0.002699334126140651,-0.0013886016485952224,-0.0013886016485952224
2025-04-17,UNH,6.371192558997036,0.05208768267223385,-0.004383616164628679,-0.006543538903464596,-0.05829038379774132
2024-05-16,CSCO,6.368616657491305,0.009629174349518488,-0.0013849620979307087,0.014274061990211973,-0.014274061990211973
2025-08-21,WMT,6.366326901119771,-0.006628301305107387,-0.0017296930281720524,0.004927869841660049,-0.004927869841660049
2026-01-05,ASML,6.338289162361219,0.0007497656982193845,-0.00238912723314344,0.002297668458276725,0.002297668458276725
2026-01-14,INTU,6.320528854743612,0.020628887353144387,-0.0027150631849146567,0.035558731455015646,-0.035558731455015646
2024-11-06,JPM,6.304244528977133,0.032383419689119064,-0.0014811280771710456,0.03730293679282903,0.03730293679282903
2025-07-30,MRVL,6.291179045810053,-0.024197355996222858,-0.0029267081478483448,-0.023851694414924962,-0.03447868697603029
2024-04-17,ASML,6.28634078610524,0.01569397295040187,-0.0032301663911298295,0.0173884798614119,-0.0173884798614119
2025-10-13,MP,6.256930083511045,0.03538256203524637,-0.006904117264806886,0.06560961661377673,0.06560961661377673
2025-10-24,F,6.255637851599713,0.04521588033090329,-0.0025843042237104763,0.04572940287226013,0.04572940287226013
2024-05-22,ADI,6.25444957445625,0.04679738562091518,-0.0015609368191721318,0.04679738562091518,0.04679738562091518
2024-12-10,ORCL,6.252233500683912,0.012878960565306796,-0.0029791714155459337,-0.012842342212346036,0.025886698796571572
2025-02-27,SNOW,6.250220280655971,0.05457018498367794,-0.0039956863049899205,0.06250168595398009,-0.06250168595398009
2026-09-30,CBRS,6.249711810600336,-0.03217464681383886,-0.005947398302217577,-0.02519953117151319,-0.007869621030306417
2024-02-13,DDOG,6.247140342803887,-0.01517870494990281,-0.00403657950394154,-0.013629895903542244,-0.013629895903542244
2024-04-26,INTC,6.241658391291828,-0.03599221789883256,-0.00306790809709101,-0.02733118971061077,0.025080385852090048
2024-07-22,VZ,6.229648121383767,0.0003834355828220559,-0.001684341221150909,0.0036942675159236105,-0.0036942675159236105
2024-11-06,FSLR,6.222987150661542,-0.04886426592797788,-0.004996699643846414,-0.03742670831278416,0.06329113924050622
2025-05-12,PDD,6.2184478733066975,0.007081911262798668,-0.003069112627986481,-0.012803234501347682,-0.019794474393530992
2026-02-04,BSX,6.208407170117767,0.0489342918400808,-0.003156451002648497,0.051088461054485945,-0.051088461054485945
2025-08-29,BABA,6.194157587134082,0.03296871414365499,-0.0026701707991388934,0.039408866995073843,0.039408866995073843
2025-05-14,UNH,6.189143495178757,0.02554553509271562,0.02554553509271562,0.04191680667040021,-0.04191680667040021
2024-05-03,BKNG,6.186412512218964,-0.01473467340477741,-0.001969006834934506,-0.0068640068640069,-0.0282705852326105
2026-07-29,SOFI,6.183866610696889,-0.04679721208098231,-0.005511450381679328,-0.042644628099173465,0.0072727272727273196
2023-10-13,AVGO,6.1790256287643315,0.02853810948776614,-0.0024208986093998686,-0.00414137651467017,-0.03256129894603055
2025-09-11,MU,6.175509751467158,-0.021705224850532945,-0.0028208204909204726,-0.017170464190115475,-0.017170464190115475
2025-02-13,CSCO,6.173140443902684,0.022810777709736607,-0.001820149155804529,-0.014632674611555485,-0.03710966963342899
2025-01-27,MRVL,6.169326220259855,-0.046561140423956315,-0.004238498565213411,-0.015414982611147598,-0.05813516307923683
2024-10-30,GOOGL,6.168007461743681,0.02497206703910615,-0.0016379090183560319,0.028337601603384943,-0.028337601603384943
2026-08-06,SPCX,6.165651290520607,0.050461650973580685,-0.008391652410118411,0.05308497720347316,0.05308497720347316
2025-05-12,SHOP,6.142759612480003,-0.048192771084337505,-0.004876670969592656,-0.03576566297931438,0.03576566297931438
2025-08-15,UNH,6.140803221506207,0.004159788709145129,-0.0034707140498985156,-0.017245142981881623,0.021476667842090347
2025-05-08,MELI,6.122221537737804,-0.022105405919670362,-0.002866561040201998,-0.006072923964222321,-0.017391941869368877
2024-04-30,LLY,6.118416043748867,-0.013156565656565644,-0.0020672005772006674,-0.008134620997728326,-0.008134620997728326
2026-09-08,QCOM,6.108673992617544,,,-0.0036111111111112315,-0.032777777777777795
2026-05-22,SPOT,6.102310978741321,-0.0032063589586054375,-0.003990998058081896,0.00874346668739201,0.00874346668739201
2024-11-01,AMZN,6.090728966824136,-0.00887812752219519,-0.001985688343133729,-0.006664328305857503,-0.00851831437590811
2024-06-18,NEE,6.078704405093975,-0.015329917026335016,-0.0027932852781924478,-0.013056409523128587,0.007649960677772238
2025-04-23,VRT,6.070052884571446,0.04806072884375989,-0.009018343137494167,0.05115260628915519,-0.05115260628915519
2026-02-05,QCOM,6.045038867045899,-0.006015311702515569,-0.002995604395604312,0.012289299769807638,0.012289299769807638
2024-01-26,INTC,6.022997922549303,0.0038812785388127047,-0.00316780821917817,-0.0181573638197714,-0.021968168572068958
2026-04-17,NFLX,6.0162058465589014,-0.028971864867691544,-0.002937962257384852,-0.028971864867691544,0.01746679217655056
2025-08-14,CSCO,6.015345087511898,-0.008304696449026316,-0.0020091842578955355,-0.007594211205043666,-0.007594211205043666
2025-10-16,CRM,6.0115407081187,-0.014222484276729563,-0.002964246406109594,-0.012705061631674397,-0.031530378844844
2026-04-29,STX,6.011309900352963,-0.04569698717024662,-0.003751096604131088,-0.020217269040641694,-0.04787911079537044
2024-03-08,COST,6.008522046390018,0.027242622906862857,-0.0014624418001123463,0.028844094656815478,-0.028844094656815478
2026-04-20,ASTS,6.007714076686971,0.05494791666666665,-0.010715485491071486,0.05604796663190825,0.05604796663190825
2023-10-26,META,6.007501243049798,-0.0013370144640656445,-0.003300118818168496,0.0039036860469134904,-0.0039036860469134904
2024-12-19,MU,6.007412125897529,0.010397727272727364,-0.005326680194805311,0.012193738656987363,-0.012193738656987363
2024-07-25,F,6.00510468322881,0.052251486830926064,-0.0032922684791842904,-0.0046511627906976605,-0.05665961945031717
2025-06-13,ADBE,6.004955958143865,0.00015306122448977,-0.001778048469387894,-0.003520723972698425,-0.003673246310865963
2026-01-15,SPOT,6.001278043151567,0.05918518518518512,-0.003024603174603291,-0.005561489447902468,-0.06441751685020802
2024-07-01,MRK,5.99754756225063,0.004161758932077042,0.004161758932077042,0.004201185755231762,0.004201185755231762
2025-09-04,TXN,5.9973002075073065,0.01742709281319188,-0.0023164586191440906,-0.002956242166639589,0.020434853686447596
2025-12-04,CRM,5.99496247509075,0.006463414634146458,-0.0027181475029035562,-0.021658325892393693,0.028261727267063996
2026-02-13,AMAT,5.992133940818451,-0.03623130448692302,-0.004491489661528902,-0.027729216535327228,-0.045722277507329045
2025-07-31,MSFT,5.9832030942689425,0.018023108153371936,-0.0011465842304441143,0.02051437382971688,-0.02051437382971688
2026-02-27,CRWV,5.982801862094768,-0.06396866840731075,-0.009813476992980852,-0.061610180168829576,0.001889882827264655
2025-05-08,SHOP,5.976690366586506,-0.04500056110425321,-0.0048776151466085604,-0.009888888888888947,0.0454444444444444
2023-10-26,BMY,5.960511621099232,-0.022404371584699434,-0.0015375357793391276,-0.01918859649122806,-0.0317982456140351
2024-11-12,HON,5.949263393280609,0.01684894615514576,-0.001965505529841094,0.021587546932584245,-0.021587546932584245
2024-04-23,GM,5.9460991208406675,-0.009621839337659477,-0.0023574305533358153,-0.005571651437486169,0.005571651437486169
2025-05-15,CSCO,5.938876603895068,0.007841907151819427,-0.0016269044631654905,0.011570247933884392,0.011570247933884392
2024-04-12,ANET,5.937924462848386,0.006007326007326008,-0.0036329147043432375,-0.03170887422855928,-0.03752571469106891
2024-05-29,UNH,5.934105085789278,-0.017035560683940076,-0.0015772279750041474,-0.01641715939111843,0.01641715939111843
2023-10-16,PFE,5.925513102294405,-0.003593890386343168,-0.0021014418345954855,0.0048323769254003945,0.0048323769254003945
2024-02-21,CRWD,5.903757098217047,0.008618083480695038,-0.004274757540601248,0.009324492333195211,0.009324492333195211
2024-10-23,TXN,5.903494148031282,0.0017380077465487531,-0.0021864846842500896,-0.009575374743069132,0.011330024565097352
2024-11-06,CVS,5.903267711426674,-0.005548302872062649,-0.0029102480417755316,-0.010176062025520793,-0.0046842190276207285
2024-02-05,ON,5.891598800801035,-0.008819018404907952,-0.0030096680543383325,0.004663816556548683,0.004663816556548683
2023-11-29,CRWD,5.886515804932734,0.04415040541744619,-0.002483382339837914,0.04971935224383839,0.04971935224383839
2024-04-15,CRM,5.8858725442114075,0.03208473020675018,-0.002370427558104904,-0.007642024442644391,-0.03948156235691891
2024-07-23,DHR,5.873758444944886,0.016892394701592317,-0.0018498952862882057,-0.00690980305213762,-0.023685474633262982
2026-04-16,ABT,5.867319562286908,0.015271238823029387,-0.0021169118934343256,-0.004820860281285255,-0.020018478595626776
2025-01-27,ANET,5.859042274772067,-0.02610807528840331,-0.0037515277679212033,-0.01644951140065143,-0.0925624321389793
2024-09-09,PLTR,5.854927082888902,0.03238322638412172,-0.003215554181678515,0.036404494382022534,0.036404494382022534
2024-10-18,TMUS,5.831069254736773,,,-0.005001810610175683,0.010501539018649364
2025-04-24,NOW,5.830613830613831,0.022329346986299736,-0.005479391523740107,0.024145900102470197,0.024145900102470197
2024-09-13,UBER,5.82873434921206,-0.02121504339440705,-0.002840355814456852,-0.00877028414831238,0.0072416337659415575
2024-05-21,LRCX,5.82635058055039,-0.013833701250919761,-0.002615113153429105,-0.00799531777468876,0.00799531777468876
2024-02-16,AMAT,5.823322582819757,-0.029048267808485795,-0.0025061829227603916,-0.025346367137932257,-0.025346367137932257
2025-02-21,BKNG,5.820256151635679,-0.013114107406065001,-0.0024518941882429868,-0.01212086503003773,-0.03241193274749643
2026-07-17,XOM,5.804698704251501,0.005533063427800244,-0.0019716358203201167,0.005533063427800244,-0.005533063427800244
2023-12-06,C,5.804313416033624,-0.013805893261899849,-0.0015406523210974576,-0.0056098067733223456,-0.0056098067733223456
2025-09-03,GOOGL,5.796434606004498,0.013357353135023509,-0.0020841017368324888,0.01666299316729125,0.01666299316729125
2024-11-07,QCOM,5.790863862283961,0.027337158285521523,-0.003091951529177406,0.03902849181601509,-0.03902849181601509
2024-03-20,PDD,5.78692449758661,0.061292613636363846,-0.003918247767856986,0.06178570921532722,-0.06178570921532722
2025-01-24,TXN,5.779047139183085,-0.023745855171676045,-0.002712788227923646,-0.013179484465145608,-0.0179431535489335
2024-08-30,DELL,5.772545888873823,0.0019070735090152002,-0.0039725022290469925,-0.018676321250386207,0.02061901187690407
2026-09-11,ORCL,5.769316007447095,0.02669258179462264,-0.00439608496459809,0.035620356800567965,-0.035620356800567965
2025-07-31,DDOG,5.75672280038919,-0.034470286106991654,-0.0024058823225459047,-0.022926427983833486,0.0014592796595014335
2025-09-08,APP,5.741323697415099,0.0008762606537016104,-0.004451044783374436,0.001611013473930889,0.001611013473930889
2024-04-19,PG,5.740365050498189,-0.012620348685922433,-0.001203254525854014,-0.009631911788551939,0.024874331117236803
2024-05-30,ACN,5.715538262814656,0.010751567575078669,-0.0020189250417481652,0.012107125511690908,-0.012107125511690908
2024-05-08,UBER,5.710154510789305,0.012345679012345734,-0.003923476386439417,-0.02045260129092452,0.0330507815537755
2026-02-06,AMZN,5.688871234137882,0.027205235908957626,-0.0033386559957576667,0.03600985221674868,0.03600985221674868
2025-04-03,BAC,5.686755342848983,0.018078648719978996,-0.0026172190174564847,0.03438878795743583,-0.03438878795743583
2026-09-17,BA,5.686334113987184,0.007153652392947074,-0.0025265527168045754,0.0194537041643863,-0.0194537041643863
2024-01-25,NOW,5.684836048921214,-0.00028688417703359725,-0.001888354551585092,0.01149484536082468,-0.01149484536082468
2025-03-04,C,5.680132978970485,0.005909840571742819,-0.003065852509227973,0.008940499434796023,-0.008940499434796023
2026-09-02,CRDO,5.672441940696504,0.08607259267443779,-0.009894847956308794,0.09189218861502979,-0.09189218861502979
2024-09-26,BABA,5.672351716713913,-0.015288461538461529,-0.0022713049450550082,-0.014628072852671536,0.010677348184312097
2026-01-21,NFLX,5.669485870700323,0.0200716845878135,-0.0023518177163337484,0.026572081279307325,0.026572081279307325
2025-02-10,MCD,5.6631945932816095,0.0012662748790543965,-0.0014308187186040655,0.003906504329708849,0.003906504329708849
2026-02-18,ADI,5.656906511644912,-0.03374945400541618,-0.0031891262838672496,-0.022857264694501334,-0.0024401635534818666
2023-10-18,ASML,5.64799625872365,-0.01775060950415519,-0.0029046719886022254,-0.017433430564795405,-0.004554526380430968
2024-09-26,PDD,5.63506915081258,-0.02859618717504331,-0.0030481160953430564,-0.005639981200062705,0.014256619144602745
2026-02-10,SPOT,5.630444861373157,-0.022871594435198817,-0.00414541037415006,-0.020782798174567185,-0.020782798174567185
2025-12-05,NFLX,5.628549715325335,-0.00496376451901126,-0.003824013274524529,-0.0017926501344487367,-0.0017926501344487367
2025-11-05,ANET,5.619766918250494,,,0.015771765035749286,-0.015771765035749286
2023-10-27,INTC,5.614478620027144,-0.011120378092855154,-0.0030561181937327486,-0.005730258560447177,-0.005730258560447177
2026-01-14,PDD,5.612925524165961,-0.005899705014749235,-0.0034984065528865793,-0.0024974562945148104,-0.0024974562945148104
2025-07-18,XOM,5.6126530515029875,0.018132118451025026,-0.0017258965180604324,0.020897692167908377,-0.020897692167908377
2025-01-13,DELL,5.597449649765113,-0.028478057889822717,-0.0035059823929572964,-0.021704851126982616,0.021704851126982616
2024-01-18,UNH,5.593295304798253,0.02210874255289652,-0.0018421581684154864,-0.006334030475052321,0.02858281047704403
2024-05-07,PLTR,5.590827461959383,0.02215623572407488,-0.004548684983358475,-0.029268292682926855,-0.05077605321507761
2024-09-03,BA,5.589189184669851,0.021162734127949334,-0.0026418667685998987,0.021876519202722378,-0.021876519202722378
2025-08-06,ANET,5.576550926022636,0.006815051112883275,-0.0026417540988700194,0.013279824881430091,0.013279824881430091
2024-11-01,CVX,5.571356227434882,-0.014933058702368829,-0.0013588393776666763,-0.010089915970191488,-0.010089915970191488
2024-04-23,DHR,5.569574725869256,-0.013696435722867495,-0.0018450683677555535,-0.0018999366687777464,0.0018999366687777464
2026-02-18,PANW,5.566354187057155,0.00894039735099339,-0.005175742667928085,-0.014341853357068501,0.023410472575823738
2025-05-12,ASML,5.554051476082222,-0.007918133621929613,-0.0023054469948864398,-0.0038483057901990136,0.022612208136028045
2025-05-16,AMAT,5.530971924134706,-0.0077321156773211275,-0.003021082844096634,-0.0010281221651045058,0.0010281221651045058
2025-04-24,IBM,5.529320660290415,-0.02124419361150398,-0.004631806872320787,-0.017984898848702358,0.009135536134897926
2023-10-26,MA,5.523983596008631,0.005618437201690973,-0.002055970076561886,-0.022397013731502602,-0.027889614718037636
2024-10-29,PYPL,5.519554286520639,-0.03032918946313745,-0.0022776842989000734,-0.021310414816694156,0.018394012431815376
2023-10-25,GOOG,5.501428424187366,0.00845401174168292,-0.0023171316745875803,0.013089209193611118,-0.013089209193611118
2026-03-02,RTX,5.494773830018979,-0.015539568345323884,-0.0021959472422061754,-0.004721345702151991,0.006856627677999549
2025-04-03,SHOP,5.490001113516815,0.03054245283018875,0.03054245283018875,0.037240894718351125,-0.037240894718351125
2025-12-11,ADBE,5.488663288661746,-0.00044210556339940865,-0.0026275657912161465,0.004268801525947552,0.004268801525947552
2024-11-19,WMT,5.482318437214031,-0.014622212107419208,-0.001468154626438678,-0.004129765013955566,-0.004129765013955566
2026-07-31,AMZN,5.460004467419689,0.010944421695268547,-0.0025881190804132315,0.014267040149393173,0.014267040149393173
2024-12-02,MRVL,5.454884356936167,-0.0193684210526317,-0.0032206691729324,-0.0034193347839601707,0.0034193347839601707
2024-07-23,DIS,5.451485383546628,-0.003723986856516981,-0.0015530355186981204,-0.008616880247459102,0.004860804242156513
2025-01-30,LRCX,5.4474560144212,-0.01748807631160565,-0.003945037474449187,-0.009591115598182709,0.01910651186269563
2024-05-03,AAPL,5.430529108105876,0.007871459871784503,-0.0018967204182653852,0.008756283444138147,-0.008756283444138147
2025-01-27,ETN,5.424047083630082,0.03727609635577511,-0.002944827053736887,0.03887895418388099,-0.03887895418388099
2025-04-29,HON,5.417377396869754,0.005083224251087648,-0.0031962892138942545,0.007572220571620436,0.007572220571620436
2025-03-05,CRWD,5.412841299315071,-0.02630468420312293,-0.005848513956152157,-0.016892456932597444,0.0187322294698109
2025-07-08,DDOG,5.41178806706073,-0.004976141785957622,-0.003585037491479204,-0.020663744520976746,0.015584777012453976
2024-08-02,C,5.411153581787838,0.0015997959877591672,-0.0029848812357311516,0.009681281618886928,-0.009681281618886928
2026-01-29,IBM,5.4108604024459765,-0.021399254315881966,-0.0026013409781621144,-0.006242315331504766,-0.026104227749928932
2025-05-12,CAT,5.409809741799071,0.0012240972282941964,-0.0024104826856858885,-0.006313533551507433,-0.007529902400880473
2024-03-21,ACN,5.40848962239503,0.03179458397642776,-0.002129036460943201,0.033530350990223945,-0.033530350990223945
2025-12-08,WBD,5.406913953696319,-0.013644524236983924,-0.003309771736342615,-0.012048192771084376,-0.020715698615356937
2024-01-19,MCD,5.405717920991862,-0.006650503417853448,-0.0012089965797410507,-0.0038785721481580104,0.009033211323415724
2025-08-07,APP,5.396743799759436,-0.05241212831489195,-0.004654202570206767,-0.049844616807067865,0.12289397986439266
2026-02-11,SHOP,5.386980201028325,0.06375600914177637,-0.005826188036882396,0.06471421823334911,-0.06471421823334911
2026-08-27,CRWD,5.386945825926515,0.05109051505510198,-0.004252712289785188,0.05201218386560824,0.05201218386560824
2026-09-14,VRT,5.385776392303221,0.01822939006605484,-0.0058185639529896305,0.0325793823401479,0.0325793823401479
2025-12-18,MU,5.378673420084525,-0.03536181076858591,-0.004728806593322976,-0.02840145845327191,-0.04611398963730573
2026-10-02,WDC,5.371252676918679,-0.022242686123113975,-0.005558475596798118,-0.014541011881947119,-0.0055576849367573455
2024-01-17,CAT,5.369993200727445,-0.009336433553925994,-0.0019616654316887416,-0.0033018698632596433,0.0
2025-04-03,NKE,5.3683179158080865,-0.03926096997690531,-0.0038759104636703068,-0.02973368956304412,-0.04231664224769449
2025-10-29,CAT,5.365155589863282,0.01354999480843122,-0.0022508615532185194,0.015157424017887333,0.015157424017887333
2024-02-08,PYPL,5.364318730645048,0.015263157894736756,-0.004778684210526407,-0.022130725681935193,-0.03705609881626348
2025-04-17,LLY,5.3465247886507274,-0.004405913293049513,-0.004501477814985555,-0.023388334961737645,0.018879374692777784
2024-07-23,GE,5.342205100313076,-0.02748619622595716,-0.0022298360883095114,-0.00907888407888402,0.03367003367003374
2023-11-14,HD,5.341488327463184,-0.0018071299490718395,-0.0016010091764651069,0.005777093575673353,0.005777093575673353
2026-01-16,IBM,5.340606466458408,0.0002617458447848886,-0.0025965398134125683,0.004963676407744755,0.004963676407744755
2024-01-19,IBM,5.337381863842697,-0.006975789905621643,-0.0012166179561690083,-0.002497575882232095,0.007904093086122277
2025-07-31,RBLX,5.326310976903051,0.04937845303867405,-0.003435294988161086,0.04937845303867405,-0.04937845303867405
2023-11-29,INTU,5.325011530914578,-0.016475995741588756,-0.0017625296024759152,-0.01642613309899621,-0.02370973738466209
2026-02-04,ABBV,5.324399648585971,0.022632968691059796,0.022632968691059796,-0.019811502211963816,0.04289286401231007
2024-11-11,CRM,5.317614461825898,0.021155799916332985,-0.0020168081037470476,0.023909395973154446,0.023909395973154446
2023-10-20,ABBV,5.313629731865555,0.0005475326808568326,0.0005475326808568326,0.0013013698630137682,0.0013013698630137682
2025-11-20,PANW,5.310644316851018,0.04838046272493568,-0.0028348696290856346,-0.024213061698330818,-0.07142208529431393
2024-02-15,CSCO,5.308608235406681,-0.0034531789559211212,-0.001664664403238425,0.002861815208503593,0.002861815208503593
2026-03-31,MRVL,5.307935478837707,-0.03514546612868963,-0.005054697691350807,-0.022122038163136848,0.03847766827427135
2025-07-29,UNH,5.298601819149593,-0.022631204877866407,-0.002807658805863311,-0.01811349116873373,-0.01811349116873373
2026-08-18,HD,5.296096870698476,-0.00956208019241489,-0.002356880968443442,-0.003452957147916269,-0.003452957147916269
2024-05-30,NOW,5.294282884875481,0.05392128022592213,-0.002485296775061041,0.05422731951183657,-0.05422731951183657
2024-10-18,LIN,5.293840581477994,0.00536406387266819,-0.0011389267442803996,-0.002185531985415823,0.0075613191912495825
2024-11-15,PFE,5.287951285976685,0.002413515687851975,-0.0024451212504310593,0.0030150753768843908,-0.0030150753768843908
2026-04-22,GEV,5.27488722733882,-0.0015958012695485024,-0.0028556882716205267,0.004217829021873953,0.004217829021873953
2025-11-18,HD,5.274196830746297,-0.01591987958781982,-0.0021600361401941104,-0.013871296252519372,-0.023878190857875126
2024-04-16,UNH,5.268802516215127,0.0012776831345826523,-0.002072735154538874,0.0017750950335650995,-0.0017750950335650995
2023-10-19,LRCX,5.266703031625393,0.021597587442998445,-0.0029635341126688086,0.030424590995867695,-0.030424590995867695
2025-06-25,COIN,5.239308486105677,-0.03572786012922835,-0.00484901372179436,-0.03516389962423061,-0.03491941725181724
2025-10-29,STX,5.239129290193886,0.048611933815108976,-0.00461930478221384,0.06956136464333196,0.06956136464333196
2025-10-30,NOW,5.234078320260508,-0.04213437990232771,-0.002845779157787387,-0.039363113666519345,0.033480760725342895
2026-05-20,ADI,5.230621644598213,-0.03587610488004167,-0.0030587041026022277,-0.02720527617477342,-0.007919258537560259
2024-08-07,SMCI,5.22025347060389,-0.03977341369451115,-0.010830705961861753,-0.022559815562823937,-0.07717683664001951
2026-01-14,WFC,5.212579117837054,-0.005520504731861164,-0.0019342367861971965,0.000895555804320991,-0.000895555804320991
2026-04-22,BSX,5.2105332546008,0.018687185929648242,-0.002829437365398424,0.029682539682539755,0.029682539682539755
2025-01-30,NOW,5.209482193073656,-0.0015049504950495063,-0.0030568705799152163,8.896709206118736e-05,-8.896709206118736e-05
2024-05-31,NOW,5.208224498961348,-0.010294308706982669,-0.0034554551975396475,-0.00831471064190481,0.012899745703937482
2024-01-26,DHR,5.201463233633401,-0.013765560606704419,-0.002376295073410306,-0.006626150080189075,-0.01675529669958642
2023-10-09,BKNG,5.200915300072808,-0.01905471541548831,-0.002118652883584815,-0.01614657210401904,0.01614657210401904
2024-02-26,MU,5.194353556590665,-0.02247807017543857,-0.002548519736842225,-0.016331218877613463,-0.012690044477496887
2025-05-22,NEE,5.193073152500774,-0.00737396538750934,-0.002981876813930917,0.0005225830533780451,-0.0005225830533780451
2024-11-21,PDD,5.168126278323385,-0.03431689945425953,-0.0040179645070497205,-0.032894554010615806,-0.036229400376096454
2024-02-07,F,5.154737798961202,-0.009873617693522796,-0.0028077183480026413,-0.008924377642085424,0.0008611241584468576
2024-01-12,UNH,5.149126384466534,-0.007572245402565514,-0.001347837605139235,-0.01742398360095676,-0.009983676878107972
2024-01-22,SMCI,5.1490237421041165,-0.05778326566489467,-0.005714121276990114,-0.05566858940744612,-0.08492920818038807
2024-10-18,AMGN,5.149019134384463,-0.0034687500000001315,-0.0015987678571429687,-0.0011538944796081196,0.002743967931648106
2025-07-25,INTC,5.14459931338569,-0.008280565026789866,-0.003670517013429686,-0.009614410520374372,-0.001413458245092647
2024-01-23,RTX,5.141715282198651,-0.011155290479346158,-0.001472119662974558,-0.00852713178294573,-0.00852713178294573
2024-02-20,ADBE,5.140857910110243,,,-0.00012917274086088337,-0.00012917274086088337
2026-04-13,GS,5.138997086272355,-0.016723140400617842,-0.0030336636141214957,-0.008332571324067173,0.018173920994879245
2025-02-04,PLTR,5.131038837398295,0.00028901734104036514,-0.003803007156619853,0.002607184241019578,0.002607184241019578
2026-01-02,ASML,5.120992730453518,0.008426162715096996,-0.002103982736521348,0.009756690363966314,0.009756690363966314
2024-10-18,ABBV,5.116725406068036,-0.00415838961726922,-0.0014533212251923722,-0.003228367292934742,-0.00047631648584267605
2025-04-25,TMUS,5.116497314862936,0.02790891999164402,-0.004067626607777042,0.036922058032203386,-0.036922058032203386
2024-07-12,WFC,5.112013133120448,0.00035341933203736353,-0.0024050311766340426,-0.012977714132283102,0.01333572003938066
2025-10-15,BAC,5.10657267223946,-0.005136009130682906,-0.0019103779994021908,0.0002868891651526262,0.0002868891651526262
2025-05-14,SMCI,5.106383932162399,-0.004916238552602037,-0.005869172596445482,0.017897838899803675,-0.017897838899803675
2025-04-30,SMCI,5.102699147566981,0.07239057239057245,0.07239057239057245,0.07959148393832272,0.07959148393832272
2024-08-29,CRWD,5.10095372852415,-0.027876185364107964,-0.002902947115507426,-0.027319273873035232,-0.027319273873035232
2023-11-07,UBER,5.072115888470716,0.044807370184254625,-0.003338134122995995,0.05119022540551921,0.05119022540551921
2026-07-17,MS,5.0680783787671375,0.004734252198045574,-0.003220940653600013,-0.024685752521149018,0.029536873297328237
2025-05-16,ADBE,5.065707193882124,0.004881516016721266,-0.0018263089687788892,-0.0027179821700369367,0.007612766060254517
2024-05-28,TXN,5.063621040585744,-0.0057940346634421935,-0.0016411873092647689,0.0040907957096532055,-0.0040907957096532055
2024-02-01,QCOM,5.06158352777416,-0.014187866927592996,-0.002862784056871237,-0.00833128273631667,-0.00833128273631667
2026-04-24,ARM,5.053064105377109,-0.05418189645912452,-0.004279214501685558,-0.05418189645912452,0.012942070204939427
2024-01-02,MDB,5.047678123200537,0.02822356097807921,-0.003241308734297066,0.03123974866890411,-0.03123974866890411
2025-09-08,TMUS,5.042458174419693,-0.016505669886602403,-0.0018048599028019918,-0.014205497820985569,0.01814448541736513
2023-10-27,SQ,5.032416108013256,-0.011003956478733978,-0.004770541896283675,-0.022891109143796662,0.011635259896294547
2026-08-21,XOM,5.032238716885551,0.007454162909527939,-0.0022368628966464854,-0.006569125111973717,-0.013974320692743958
2023-10-09,RTX,5.022669396975103,-0.013329630658150515,-0.0018437735549650114,-0.002610248660530168,0.002610248660530168
2024-03-01,ZS,5.022638473028444,0.005264803601178314,-0.005818950971982595,0.007291666666666696,-0.007291666666666696
2024-04-18,DHR,5.022149376889818,0.00583053155722002,-0.0018315377646994646,0.007803505181015691,0.007803505181015691
2024-07-19,ABT,5.013793491430637,-0.005842741136858787,-0.0019996887643946026,-0.004067460317460303,0.012400793650793718
2024-12-19,ACN,5.009327978474659,0.004049566696363582,-0.00213533198733451,0.006522327469553613,0.006522327469553613
2024-12-11,GEV,5.006971115055672,-0.009279538904899187,-0.003920846027171687,0.022120473330558443,0.022120473330558443
2025-02-28,DELL,5.001153487292785,0.017432646592709933,-0.005281200475435899,-0.015694164989939585,0.03340040241448694
2026-05-21,WMT,4.994312664561672,0.013014478607450752,-0.002124148829858896,0.013094753965026462,-0.013094753965026462
2026-07-16,ASTS,4.993154935201578,-0.04024455025110074,-0.01133100366257389,-0.03930843255586369,-0.10259337791551126
2025-02-04,MRK,4.989322083301373,-0.021444695259593693,-0.0022037165430506267,-0.021098950693896112,0.0234683515739591
2023-11-02,SHOP,4.98837020915932,-0.03352456077447119,-0.004443310454335991,-0.013002987172728853,0.04920049200492005
2025-05-08,APP,4.9756676084370115,-0.02644727773949007,-0.005512829821797793,-0.01379912663755456,-0.011935953420669665
2025-04-08,UNH,4.975067589318346,0.02086424987633373,-0.0022140787627324965,0.024560662460290095,-0.024560662460290095
2025-01-24,NVO,4.969892214096479,0.007558664259927794,-0.0027674784038163036,0.010683760683760757,-0.010683760683760757
2023-10-24,VZ,4.958830953464815,0.025269138755980913,-0.0020793959330144274,0.026100697634745762,0.026100697634745762
2025-07-17,GE,4.954254033057196,0.006400417924220636,-0.002163436043076894,0.012880251543736176,-0.012880251543736176
2024-04-02,UNH,4.9529775338530975,-0.019596417395057797,-0.001321278268510362,-0.01384999457288616,-0.005318571583631804
2024-01-12,HUM,4.950961441291125,-0.009147167765832576,-0.001654003136171811,-0.00830724369045066,-0.00830724369045066
2024-10-18,REGN,4.9502482521025435,-0.00452944136889788,-0.0018317758286001684,-0.004428341384863144,-0.002938808373591062
2023-10-20,MRK,4.943973895200185,0.010930576070901088,-0.0016052613068860966,0.011528229382205213,0.011528229382205213
2024-12-05,HOOD,4.9384384763060005,0.02869977539306212,-0.005465150272736974,0.040788662969808986,-0.040788662969808986
2024-09-09,MRK,4.937739493832707,0.0026498696785404174,-0.0016324190145216022,0.007244163211870047,0.007244163211870047
2024-07-16,UNH,4.937620485863215,-0.017161479918619493,-0.0020765457980342905,-0.01687414075594651,0.03342812482344293
2026-05-13,NBIS,4.933963364832605,-0.050000000000000044,-0.007708782142857196,-0.02290505959302047,0.011879520285468015
2026-01-16,ABBV,4.9330870859341545,-0.007222403429476554,-0.00272257317259883,-0.005560446689217291,-0.00690422130577828
2025-10-14,WFC,4.928813316842527,-0.015329899435859717,-0.0020427134797995627,-0.009974088839658446,0.031810707018459894
2025-08-15,CRWV,4.928591450001809,0.014203104392817245,-0.012696684009913084,0.030607931876990957,0.030607931876990957
2025-01-28,BA,4.92191460348684,-0.023474909702325686,-0.0025583874196144496,-0.02055777970136341,-0.0379246916251893
2024-06-18,CMG,4.918293128654971,-0.002122202782443794,-0.002201062806472809,-0.012410845859121888,0.0102623047450634
2025-10-29,BA,4.906891905646673,0.006372093023255809,-0.0020541528239201856,0.00996339325395923,-0.00996339325395923
2025-01-15,BLK,4.894437278442762,-0.0059898069068875515,-0.001902171686057219,-0.000189562160748169,0.000189562160748169
2025-03-11,VZ,4.892023371205467,-0.014442115071045869,-0.002528218694885398,-0.008545034642032268,0.003002309468822295
2026-02-03,PLTR,4.889538083531132,0.010602765993445229,0.010602765993445229,0.010602765993445229,-0.010602765993445229
2024-07-30,MRK,4.885954654854869,0.04468949506674402,-0.00195968114465761,0.05557377049180334,-0.05557377049180334
2026-07-30,LRCX,4.88569486381132,-0.002019929975760615,-0.007602581181947787,0.008461589712839057,-0.008461589712839057
2024-02-09,BKNG,4.884713446402838,0.00628056958822909,-0.002115313200478308,0.010563247748353266,0.010563247748353266
2024-03-27,MRK,4.881937964635266,-0.0044966084902064996,-0.001528765229130924,-0.0035405642060379883,0.0035405642060379883
2026-01-16,JNJ,4.881202672012468,-0.005611595783351575,-0.0015985810354676167,-0.005611595783351575,-0.006315885132679111
2024-03-04,PFE,4.863659024562213,-0.003332041844246403,-0.0021077101898490103,0.00015444015444010528,-0.00015444015444010528
2024-07-31,ANET,4.861280758999861,0.012419637638807712,-0.0036216915755197254,-0.021537667932792104,0.03422479560291003
2026-04-30,GOOGL,4.852456658161258,-0.012894906511927928,-0.0020430367504835623,-0.011020835009251106,0.03263347008822026
2026-04-17,BA,4.8501523666818755,-0.01459016971878202,-0.0028755286384691825,-0.013750634559781094,-0.013750634559781094
2024-11-19,INTU,4.846682872364599,-0.0005603870162160796,-0.002778435051916328,0.006587996248827777,0.006587996248827777
2026-06-25,CBRS,4.8438388576701215,0.08130790190735693,0.08130790190735693,0.08698006932408997,-0.08698006932408997
2026-01-07,WDC,4.841726897415987,0.024591363747255346,-0.005526846269124919,0.03224088686643756,-0.03224088686643756
2026-07-29,SNOW,4.839871077406156,-0.02359796403768122,-0.004784522293335924,-0.010594405594405498,-0.010594405594405498
2024-04-30,MCD,4.838133158610957,0.019451185364943058,-0.0012473639297048145,0.020823208344237232,0.020823208344237232
2024-08-28,SMCI,4.837655810466715,0.04200553729018863,0.04200553729018863,0.04200553729018863,-0.04200553729018863
2026-07-31,AAPL,4.83721171435849,-0.02112793212443842,-0.0026933550395702444,-0.015855152096918124,0.022905564198470563
2024-06-05,ASML,4.836293443162511,-0.00888231664920236,-0.002669412457627529,-0.0018150066713757962,0.0216623498940427
2026-07-28,GLW,4.831292629485459,-0.04019305983190469,-0.010130131123765151,-0.02069920951837656,0.02709640616086717
2025-04-03,C,4.828690364476382,0.03755725190839698,-0.00295461286804799,0.04092499619656176,-0.04092499619656176
2024-05-31,DELL,4.824971901094132,-0.01143860411236619,-0.006574298746431673,-0.0012894208715596989,0.0012894208715596989
2024-01-09,GS,4.8244339360222535,-0.004828396189481943,-0.0016208720941071064,-0.0022966912754369684,-0.0008533840400001269
2025-11-14,WMT,4.819520197952145,0.01828298887122415,-0.001529716954349336,0.019093078758949833,0.019093078758949833
2024-10-18,CMCSA,4.814752011404461,-0.007103954534690926,-0.001699350495585339,-0.0028537455410225787,-0.0028537455410225787
2026-02-12,CSCO,4.807466663122655,0.0487062404870624,-0.002812749148365601,0.04991132505700524,-0.04991132505700524
2025-01-21,GS,4.80391171026824,-0.010226078849763898,-0.0023420412506927057,-0.0037811026183121044,0.032297934623515934
2024-10-23,VRT,4.79584872484889,-0.013569229115873438,-0.0033095593503663645,-0.002165000690957708,-0.002165000690957708
2025-04-29,SPOT,4.794816646717106,-0.027714213068904092,-0.005812572321071796,-0.016750000000000043,0.02948214285714279
2023-11-20,BMY,4.791874886186948,-0.019694533762057764,-0.0022321285025264093,-0.012950222581950666,-0.010724403075677902
2024-10-16,CSCO,4.786267872787709,0.012751436781609282,-0.0011522347085386464,0.012751436781609282,0.012751436781609282
2025-02-05,DIS,4.786196564036965,0.043101956032542854,-0.0018842824995672913,0.044342639813294116,-0.044342639813294116
2025-08-05,PLTR,4.784722371627317,-0.018273694106586857,-0.0030224119261663684,-0.017371377498791918,0.0005848773691718989
2026-07-30,ARM,4.772009428170971,0.034519999999999995,-0.008609411428571523,0.03509894063561858,-0.03509894063561858
2024-09-06,AVGO,4.770702250262456,0.024007978912873207,-0.00487995501684324,0.02788618463066772,-0.02788618463066772
2026-04-14,BE,4.766129700271036,-0.05152719770542946,-0.0069440087412211415,-0.04427564839338349,0.094298136025186
2024-05-30,TMO,4.765211596807496,-0.010247191011236056,-0.0015535152487961001,-0.008732445084623786,0.012639539070939732
2024-09-12,MU,4.762418385139246,0.0010329392861241349,-0.004797830827499183,-0.017160868550081698,0.018211533971515426
2025-01-27,AVGO,4.761585175347459,-0.039623939463425906,-0.003637085203262669,-0.029340873273384638,-0.06271437841846672
2024-12-30,BA,4.759494144220568,0.008220222741151195,-0.003219901864857988,-0.014723020249293395,0.023064269496316125
2024-10-18,CVS,4.758126747375202,-0.023521390830066435,-0.0032925686040565783,-0.010878091973914206,0.015759934549641752
2025-12-03,CRWD,4.7471524426059855,0.04937975190076038,-0.004088189561538891,0.0502412943791426,0.0502412943791426
2026-03-16,NBIS,4.746042293029144,-0.0052107279693487385,-0.006333021346469625,0.01991593667753455,0.01991593667753455
2024-06-12,HD,4.74340218317634,-0.015250794014134872,-0.001613833218199523,-0.012425033716892853,-0.012683290768745192
2026-03-19,BABA,4.740934619599899,-0.017323873948193347,-0.0035086737219223174,-0.0124379130577561,0.025245269077623922
2025-02-04,SPOT,4.739938898400142,0.02481258752780291,-0.003034482718039966,0.03263883124429312,0.03263883124429312
2026-01-20,APP,4.739549201195988,-0.021183533765032347,-0.007410815382582259,-0.014405543398978815,0.03125455871626537
2025-02-21,HIMS,4.738938575663571,-0.12517580872011247,-0.011876718619937554,-0.11888111888111896,-0.015784215784215738
2026-02-24,IBM,4.7334341475427335,0.0006107669487829259,-0.0057346311092275615,0.004643013578624622,0.004643013578624622
2023-11-30,HUM,4.733243655741521,0.0013535434942086866,-0.0027370509283655142,-0.004890356341888946,0.006250519146108413
2024-07-30,PG,4.726328008809698,-0.014618232009536491,-0.001424170722307272,-0.014618232009536491,0.014618232009536491
2026-01-16,MS,4.709979090651676,0.0073494671636307185,-0.0020194123426051647,-0.0025134837932658805,-0.009844478190291661
2023-12-14,SCHW,4.709180427305753,0.01458810068649874,-0.0021918723439032783,0.017498565691336676,0.017498565691336676
2024-07-15,FSLR,4.706867474532724,,,-0.011879075281564955,0.011879075281564955
2025-01-06,CVNA,4.700395156150415,-0.019981638494356524,-0.00694406298459338,-0.04056994818652859,-0.02139896373056993
2026-04-08,ADI,4.697119353664765,-0.008666521010851413,-0.002913424264177955,-0.005225722165771662,0.005225722165771662
2023-11-02,QCOM,4.69570558944679,-0.026300211416490527,-0.0024836122017517503,-0.013021502612867275,0.004711727919129549
2025-08-11,BMNR,4.695590875585022,0.004753820033955858,-0.00914502789231142,-0.03079252019145784,0.03569272232479581
2025-06-23,HIMS,4.692066144625689,0.04958116368575971,-0.010850642000064692,0.07298222369438001,-0.07298222369438001
2024-07-19,ISRG,4.68811768730756,0.012348975368800419,-0.0019256248390818742,-0.019265878190662944,0.031852767414698446
2025-07-24,TMUS,4.687259764009489,,,-0.005980400032130961,-0.005980400032130961
2025-07-31,AMAT,4.674381560677589,0.008571428571428674,-0.0024413725490196603,-0.0050675675675675436,0.0136824324324325
2023-10-20,TXN,4.6733548383147765,-0.005543090933087025,-0.0020586219574275644,-0.0033103813559323125,-0.021716101694915224
2026-03-19,ACN,4.671065872769011,0.024164317358034593,-0.0038157255048616445,0.027578543287200663,0.027578543287200663
2024-08-05,AAPL,4.670478893725849,0.01140978534132664,-0.0027101693510511726,0.017074898426207685,0.017074898426207685
2024-10-08,SMCI,4.663970292625436,0.0004410143329658389,-0.007564860607969681,0.014779395783525273,-0.014779395783525273
2026-02-23,CRWD,4.663415931080572,0.06123378711544647,-0.006144105171278502,0.07061135737276258,-0.07061135737276258
2026-08-14,CBRS,4.662015784432989,-0.035072336694432216,-0.010261789941754862,-0.016637466009945312,-0.024857031177922262
2024-04-25,CMG,4.66099887637873,0.02840594059405932,-0.0016825082508250544,-0.02223789128854259,0.0512755201014814
2025-09-10,CRWV,4.657370047193311,-0.013852631578947339,-0.005935512781954921,-0.0025127768313458754,-0.0025127768313458754
2024-02-16,COIN,4.654439341963786,-0.038630423418714144,-0.005314827122694266,-0.03573207497706121,-0.054712282081531005
2026-07-29,VRT,4.652049556952203,0.06847599164926932,-0.007268121085594936,0.08177964357739642,-0.08177964357739642
2025-11-11,CRWV,4.6505352434088465,0.06167728237791936,-0.008653313618441016,0.06277171031703954,-0.06277171031703954
2024-11-11,COIN,4.64272200474259,0.051061412947161156,-0.005654113053564558,0.05884848880475246,0.05884848880475246
2026-03-11,NBIS,4.641886673880754,0.03455284552845539,0.03455284552845539,0.03839020771513346,0.03839020771513346
2025-02-11,KO,4.638760460051202,-0.015158337085397156,-0.0015796080701526716,-0.007597199463727167,0.007150305377625621
2024-11-11,DIS,4.638499507493343,0.006485084306095956,-0.001534237824432405,0.011024253357386105,0.011024253357386105
2026-01-15,TSM,4.629792693924751,-0.0031496062992125706,-0.0024006561679790206,-0.007492287351255955,0.004319083296606241
2025-09-15,TXN,4.6296438566646545,0.0023069147251586486,-0.002428600920949653,-0.012639631787913608,0.0149757050657644
2026-03-04,COIN,4.624983053223745,0.017637028014616307,-0.00654769444927783,0.027934401574063017,0.027934401574063017
2025-09-10,VRT,4.618245592068667,-0.018099547511312042,-0.0038202563076512597,0.0057382476274552285,0.0057382476274552285
2025-11-14,AMAT,4.617430051875871,0.07343653544802708,0.07343653544802708,0.0741251098809721,0.0741251098809721
2024-08-05,BKNG,4.6154111162149745,0.04860681114551091,-0.0035003317116321098,-0.012031582905125848,0.061223210928687655
2024-11-12,MPWR,4.607881790614224,-0.0385830762121957,-0.007760389716857885,-0.013429003021147912,-0.02788519637462239
2023-10-20,CMCSA,4.600121205939803,-0.0032573289902279035,-0.0018455427773714783,-0.0030253665347915737,-0.0030253665347915737
2026-08-21,MA,4.595240717509463,0.007968334982553005,-0.0017394046937040386,-0.0038513819664702797,0.011850406050677886
2024-04-25,NOW,4.595019090745317,-0.024237780864683867,-0.002823054482071541,-0.020999136337356727,0.02166294316243289
2024-11-06,CAT,4.5928534284969045,0.007809855408869026,-0.0017953462104413065,0.01313913678630163,0.01313913678630163
2025-05-12,NKE,4.583787461891175,-0.017685009487666048,-0.0025743200506008757,-0.016674317372378233,-0.009418282548476431
2025-01-29,TMUS,4.582484808882623,-0.014258156504235564,-0.0016721642443776608,-0.006627548651272797,-0.00772510447887198
2024-01-29,ABNB,4.5814232186017865,-0.02091966314663818,-0.002730111520614198,-0.014815302561401178,0.005794429446236871
2024-10-18,KLAC,4.58091813746699,0.006623243179927796,0.006623243179927796,0.010192542332529975,0.010192542332529975
2025-05-07,CRWD,4.579806570913852,-0.015871505056513913,-0.003921019801138792,-0.013904734943662067,0.004001280561775289
2025-10-22,T,4.572514084475399,0.019960079840319445,-0.001915141146278887,-0.01355452154562009,0.03378515071818744
2025-07-31,QCOM,4.570938881378796,-0.026590920856109146,-0.002009089059028746,-0.023152898922524257,-0.05881221139045656
2025-08-15,RBLX,4.567382460145247,-0.018802660753880263,-0.006908755147291723,-0.017449069973427767,0.03932683790965452
2025-05-15,BABA,4.566295641935682,0.0006450052406675733,-0.0028015111551351612,0.012035708592380012,-0.012035708592380012
2026-07-23,GOOG,4.565220357956001,0.006647940074906322,-0.0033405765115035457,0.007886533665835471,-0.007886533665835471
2026-03-09,VRT,4.547704075070838,0.029688715953307465,-0.005238204558087878,0.034842796809009924,0.034842796809009924
2024-09-09,ORCL,4.544784541922843,-0.004847207586933688,-0.0017964222991619927,-0.0027671722302007318,-0.02000070054993186
2025-08-05,PFE,4.5435773550544925,0.0020251113811258215,-0.0019585720071746415,0.011240547721234284,0.011240547721234284
2026-04-28,KO,4.541775521040944,-0.012213453588876266,-0.001562695728422936,-0.009608138658628529,-0.015573976387842414
2023-10-30,MCD,4.53697946494314,-0.002951096121416641,-0.001453792623902328,-0.013911556695422655,0.01091940623299914
2023-11-13,BA,4.53635792436513,-0.0010303187151778914,-0.0022920510597215227,-0.00039821852180299544,-0.00039821852180299544
2025-11-12,CRCL,4.52957152269393,0.06780212627467996,-0.008951368440628604,-0.017480281389895436,-0.08409720741846072
2026-03-05,AVGO,4.529098084729442,-0.0233507561933628,-0.004119367209971081,-0.015530047265361224,0.020885765146399837
2026-01-28,APH,4.5220709742900835,-0.01977439065332698,-0.004031596819215055,0.025823905558288285,0.025823905558288285
2026-05-29,SMCI,4.5219647115812664,0.001085540599218282,-0.005584362012282074,0.01463307294531857,0.01463307294531857
2026-05-15,XOM,4.521640861992305,0.024388661866770578,-0.0025012324057858137,0.025852549529068014,0.025852549529068014
2025-05-12,COF,4.5205659601273664,-0.006285870456408937,-0.0030158690721685533,0.004899374387578259,0.004899374387578259
2025-01-27,ASML,4.519965920493371,0.01788584320028308,-0.0036621869556150433,0.023806557629903802,0.023806557629903802
2024-03-26,VKTX,4.519108529954286,-0.026081716282993828,-0.008987448130994058,0.010154549670786439,0.010154549670786439
2025-01-31,ABBV,4.514828831708487,0.015471920338347767,-0.0020223895436433104,-0.012267992173867204,-0.027550103114589386
2025-07-18,AXP,4.512681736815624,-0.010065573770491776,-0.0021364145199063156,-0.00674825574745519,0.00674825574745519
2024-10-24,LRCX,4.507702484473879,-0.02599586135540599,-0.0037834324883601056,-0.02422907488986792,-0.007903601969422303
2026-07-23,TSLA,4.507147543824584,0.04869075635258713,-0.004952277398790672,0.05477282817818552,-0.05477282817818552
2026-01-15,AMAT,4.504923006468601,-0.01757631822386685,-0.0029159750671776674,-0.01132376151146941,-0.0220499226184091
2024-02-09,MRVL,4.4880870228453125,-0.023880597014925398,-0.003961087420042642,-0.01209796400118024,0.015491295367364932
2024-05-06,PLTR,4.4856620806541825,0.025620170801138542,-0.003670162086794826,-0.017137042567536787,0.043196267326282234
2023-11-02,PYPL,4.483047906279503,-0.037478413330345406,-0.0027231017115179057,-0.028566094100074713,0.028566094100074713
2026-03-02,CVX,4.480816570133719,-0.006800191255379007,-0.0018082968404915523,-0.0030699200762185352,0.0030699200762185352
2024-10-31,CMCSA,4.475449464016847,0.0013723696248857387,-0.0018889524245198075,0.0016007317630917228,-0.0016007317630917228
2025-01-21,MS,4.475119682741985,0.005123325770328702,-0.002410859359479711,0.006818181818181834,0.006818181818181834
2025-08-06,SMCI,4.472947906726499,-0.0016049646907767556,-0.006495215676683763,-0.02156616415410384,-0.019995812395309898
2025-04-04,C,4.469638622432408,0.018295781805861444,-0.004136371336608491,0.021610670268444987,-0.021610670268444987
2025-01-15,JPM,4.466743613957772,0.0007537289749286469,-0.0016504822732011926,-0.012166231680385442,0.01292913069664725
2024-11-06,UNH,4.466723259552521,-0.017716242370105606,-0.0016340356498908415,-0.01475475878739041,0.0016785846174505181
2026-07-29,TER,4.463447937225954,-0.030896290278906058,-0.007636919268113385,-0.012058098109070992,-0.12504795834475202
2025-04-11,TXN,4.462891695571002,-0.0236242750035367,-0.007677242689408503,-0.012665313833881475,0.0328878315023442
2024-07-23,CRWD,4.462686280830925,-0.036461538461538545,-0.007135692307692176,-0.03142343169900874,0.02908868220614691
2025-03-20,ACN,4.462213767104161,-0.028891630680649927,-0.0027989899434994747,-0.023199758963543315,0.00686284356064415
2026-05-15,WMT,4.456910665252406,0.004315239609357202,-0.0019602435568824017,0.008966920352648566,-0.008966920352648566
2024-11-11,APP,4.452150335281782,-0.037177769732078314,-0.0055969664839143896,-0.024712047503219425,0.024712047503219425
2025-01-27,VST,4.451558418892406,0.07096380642537614,-0.007410092178392391,0.10070915843776507,-0.10070915843776507
2024-04-23,PDD,4.448789492664532,,,-0.0005464480874316502,-0.0005464480874316502
2023-10-20,LOW,4.445874578872745,-0.004108506715828186,-0.0020944881297264573,-0.0032551057909382397,0.00015750511891643448
2026-05-11,CSCO,4.444872548292915,0.021578266494178377,-0.0024010349288486887,0.024175140070554102,0.024175140070554102
2024-10-30,CAT,4.441204042119822,0.009228723404255401,-0.0018111265197567894,-0.019550421649177085,0.02895957048726916
2026-04-30,QCOM,4.440451128026475,-0.04462659380692191,-0.0033377222655910366,-0.03153666286947665,0.07698303255590866
2026-06-02,CRDO,4.439812649572302,-0.06464435146443526,-0.00879821013482096,-0.10378734219407526,-0.04585225615599353
2025-08-06,MCD,4.434370351274318,0.0011986639829966172,-0.0014067636244580184,-0.00917482747288867,0.010384488991127094
2025-05-01,HOOD,4.4340052747158465,0.045072730997746446,-0.006316299353177124,0.04955138662316472,-0.04955138662316472
2025-02-14,PANW,4.433092043952952,-0.019562351700501024,-0.0031585100372868435,-0.014214529242066565,0.049042748492001076
2024-12-17,PFE,4.425584215512588,0.0037979491074819904,-0.0018876349628342837,0.008909553148118476,0.008909553148118476
2024-07-18,ISRG,4.423625682636485,-0.019764240841391945,-0.0019130759948505771,-0.014828080229226215,-0.006351480420248357
2026-08-20,MSTR,4.422881531161018,-0.02839087828555731,-0.005241813091203973,-0.016291067064892806,0.016291067064892806
2026-05-15,COST,4.420572496604625,-0.0006380952380953264,-0.0019465306122449233,-0.002645073193090264,0.002005290146386063
2025-10-01,RDDT,4.407846416403822,-0.03403919383300835,-0.006286788998129178,-0.028671491944898486,-0.05402755078216204
2023-10-31,ON,4.398461927222921,-0.028941477454428988,-0.006787290419845604,-0.02713487629688749,-0.0006384676775738063
2025-10-30,GOOGL,4.3970497848801475,0.011483757682177242,-0.002520632133450551,0.01349314828444248,-0.01349314828444248
2024-02-05,MCD,4.392828062216237,-0.001085206189175958,-0.0016338729358578163,-0.018822559593322685,-0.01775777976231352
2025-02-10,WFC,4.392715464444282,-0.0015548240060774265,-0.0016582588720472913,0.004933643625385287,-0.004933643625385287
2024-11-14,CSCO,4.389088410413331,-0.004511539128925879,-0.0016800029746411038,0.008563110121596162,-0.008563110121596162
2026-06-04,AVGO,4.388626132331278,-0.02307266775333794,-0.00453342922230493,-0.011023516510296094,0.02115267454611902
2024-08-16,PDD,4.386816104439228,0.009057113889827662,-0.003136102930526685,0.010423011844331587,0.010423011844331587
2024-07-19,PANW,4.385248823640856,-0.0030604205805708773,-0.002763092280121615,-0.012832401064879928,-0.009811253028626177
2024-10-15,C,4.384844427009769,0.03406288532675694,-0.0019985357583232055,0.045828258221680906,-0.045828258221680906
2026-04-30,GOOG,4.379786700958149,-0.014850921287568042,-0.001989467280042234,-0.01287266723505609,0.033927435616364354
2026-06-04,CIEN,4.379033586922396,-0.028887180472804364,-0.006996993492765169,-0.017737642585551328,0.017737642585551328
2025-07-31,LRCX,4.377593736062242,0.02457466918714557,-0.002759538598047895,0.030698179842433948,0.030698179842433948
2026-04-17,TXN,4.3741515439775185,-0.01252212389380536,-0.0026449747155499193,-0.010019420903954801,0.014344985875706318
2024-01-19,RTX,4.364634960501726,-0.010373688553577676,-0.0014542530439030088,-0.009540636042402628,0.007420494699646563
2025-06-13,ORCL,4.3611550581405245,0.0524412296564194,-0.0026691056853805906,0.05838985549985254,0.05838985549985254
2025-09-26,COST,4.360007726956171,-0.011838491289780317,-0.001435513019506729,-0.015574971586518993,0.0035520961312729415
2024-07-15,KKR,4.355913405418535,0.011346644383850801,-0.002186151565032768,0.01232611375242132,0.01232611375242132
2026-08-21,HOOD,4.355798690792925,0.054255630301257796,-0.00461691667014863,-0.019422396880012904,0.07473180156595705
2025-10-02,VRT,4.35563613291464,-0.026646047701183506,-0.004359398764561373,-0.02554483744194347,-0.03751339764201511
2024-10-31,MSFT,4.354129834516091,0.004727611209092708,-0.0016553148008173757,0.009459031180672373,-0.009459031180672373
2024-10-23,KO,4.354034091604109,-0.0062819576333090765,-0.001326828759261267,-0.0020539906103286265,-0.0020539906103286265
2026-08-21,BABA,4.353346176281076,0.030706742485783978,0.030706742485783978,0.033063209076175104,-0.033063209076175104
2025-03-19,SHOP,4.351238853777467,0.010147234381217674,-0.006334927519754396,-0.02004160535795818,0.030392206606119077
2026-09-23,APP,4.348603471884812,-0.024045628362175275,-0.005220579520939239,-0.0194041647176475,0.01779118344436026
2024-04-19,INTU,4.343447038305279,-0.0016710234605075147,-0.0022341961833540758,0.003358190527927407,-0.003358190527927407
2024-11-27,CRWD,4.342223933204087,0.004753042233357263,-0.0034682155639635948,0.0068005829071065005,-0.0068005829071065005
2023-10-19,TSM,4.34133569512401,0.001182541388948577,-0.002095355837454127,-0.007310175550931164,-0.008484072354730254
2026-04-17,ABT,4.339920201272149,-0.014535496102801693,-0.002587348400493461,-0.012296374146085087,0.01765633210719919
2025-11-25,BABA,4.332338998136628,0.014065050860228467,-0.003872732817854052,0.016932895746804233,-0.016932895746804233
2026-01-16,AXP,4.331666363174591,0.003935274368429775,-0.0021425249443715044,0.0042392710655987376,0.0042392710655987376
2024-01-19,COP,4.331095877018048,0.01191369606003767,-0.002358074242830299,0.014864992003010613,0.014864992003010613
2024-06-11,NEE,4.330704010373827,0.015834348355663885,-0.0022416719834501553,0.02662406815761298,-0.03194888178913746
2026-07-23,GOOGL,4.330626379869716,0.007775904065954631,-0.003330620912408433,-0.0033303246288399757,-0.011080332409972304
2024-10-11,GS,4.328609682307763,0.004854787391679993,-0.00162862504047101,0.008350721720585375,0.008350721720585375
2025-01-08,IONQ,4.32824145053601,0.14257369614512472,-0.015803085519922266,0.1787122207621551,-0.1787122207621551
2023-12-14,LOW,4.324937689353645,0.01516651665166524,-0.0017054487591615652,0.018581653157526246,0.018581653157526246
2024-10-17,ASML,4.321676416331793,-0.010952643260949912,-0.004770582404403756,-0.008540542113456784,0.018797922334899964
2023-10-24,RTX,4.320525684827233,-0.013321262286601243,-0.0018768383711478265,-0.012666408168540588,0.012666408168540588
2024-07-26,BMY,4.317595861940296,0.035758323057953234,-0.002445540484997899,0.04293843766166572,0.04293843766166572
2024-04-02,CVS,4.316966336764149,0.0010825439783492818,-0.0019878600425284887,0.0035097192224622376,-0.0035097192224622376
2025-07-29,MRK,4.316783767767126,-0.03626943005181338,-0.002354191339748235,-0.028872741302810256,0.0629541508584659
2026-09-03,AVGO,4.304004633665326,-0.023381369910582483,-0.003465049462792358,-0.01925209672305961,0.029599100786811494
2026-09-09,SHOP,4.302248926810388,0.03221374045801528,-0.0042278353326064,0.041904402040430666,-0.041904402040430666
2025-07-23,ISRG,4.295823975753875,0.03152528348932748,-0.002052567171318964,0.03876221498371324,-0.03876221498371324
2026-04-23,NOW,4.295215170619297,0.018721830578990017,-0.006525589803701326,-0.014240145819093164,-0.032695374800638
2025-02-07,BABA,4.293562470178131,-0.024892382556616077,-0.0036178511269752134,-0.019847615464208435,-0.026244003386323045
2025-07-23,GEV,4.288759185172218,0.04152323580034434,-0.002859135915719402,0.044808579871833176,0.044808579871833176
2026-05-15,AMAT,4.287690630844289,-0.033738007547856164,-0.004246073425960173,-0.03373778787291137,-0.008025055250546864
2026-06-15,XOM,4.2870222178674435,-0.012022016222479781,-0.002780701663631868,-0.010705200857226371,0.019529162107017495
2025-08-19,HD,4.277147747450894,-0.002256063169768785,-0.0018363180628685472,0.0003073178527086551,0.0003073178527086551
2024-01-19,ABBV,4.276246628737917,0.005246781770483988,0.005246781770483988,-0.0058913777232281195,0.01116907026695313
2023-10-20,MA,4.275983787340564,-0.004291514621986847,-0.0019110768067313044,-0.003548926321203516,-0.01136685097081136
2023-10-10,PEP,4.2756350980630495,-0.0017233024741959424,-0.0019373099930204418,-0.012940091032107137,0.011194488867019237
2026-01-16,LIN,4.2697251998454115,-0.00098059337301315,-0.0014233785188153547,-0.00434807288414607,-0.003371743202588484
2025-05-12,MRK,4.268591428318785,0.015243159885969915,-0.0031521754219032694,0.01680990899898882,0.01680990899898882
2026-04-17,QCOM,4.26471147854875,-0.01309946714031951,-0.0024200076122811165,-0.010929768850158617,0.005907983162248165
2025-10-02,MELI,4.263916639810936,-0.018348577981651237,-0.003777521952817775,-0.013097202573814526,0.02464746953862984
2026-06-11,SMCI,4.261265813528221,-0.03931034482758622,-0.015511108374384186,-0.016949152542372836,0.0833898305084746
2026-07-29,BE,4.261094483376268,-0.062315600283671,-0.013610077591920455,-0.03187442393095563,-0.08555149009859508
2024-07-16,MS,4.2600898104723415,0.017137386309238778,-0.0017383573822061793,0.01869786173170951,0.01869786173170951
2024-04-12,JPM,4.251187826575266,-0.008157211716722235,-0.0015153647665963055,-0.0030816640986131016,-0.027788109027150565
2023-12-14,GS,4.249472648579491,0.03338542789394272,0.03338542789394272,0.03338542789394272,0.03338542789394272
2024-07-24,TXN,4.245341661175257,-0.0028837397551351174,-0.0023923656784377023,0.0008820342229278744,-0.0008820342229278744
2026-04-17,ABBV,4.242379094240791,-0.010483344096132607,-0.0025531841431328806,-0.004913246777906943,-0.010847119698084495
2026-01-30,SOFI,4.2360154543264334,0.06093042404281601,-0.003994853849320634,0.08023822676704351,-0.08023822676704351
2023-10-13,LLY,4.232900271237077,0.0060195758564438595,-0.002353309251922786,-0.012834758522956013,-0.018777074576871833
2024-02-09,ARM,4.232854726300414,0.07668224299065418,-0.006213945260347131,-0.015180265654648917,0.09302656546489563
2025-02-11,BABA,4.232436021870524,-0.01078182014390383,-0.004026716473713221,-0.011796715490457022,0.0008877052818463405
2025-08-07,VST,4.23235366690134,0.0029268292682926855,-0.004516031358885009,0.00853526930246229,0.00853526930246229
2026-08-27,NVDA,4.230724829059499,-0.019347256125124224,-0.0024583704650833482,-0.01448623357926948,0.025958250854777765
2025-10-28,UNH,4.229194993660557,-0.0022070844686647995,-0.0023558466329312022,0.0032373580166751292,-0.0032373580166751292
2024-09-25,NOW,4.228838772682883,-0.011888888888888838,-0.0024805000000001076,-0.007827459938858361,-0.004154488751525687
2023-12-21,CRWD,4.228780850660697,0.010282978138859589,-0.0025963230223209344,-0.01514004542013625,0.025578708315072474
2025-04-23,ISRG,4.227391529453611,-0.030533980582524323,-0.005876821081830741,-0.02104860689006105,-0.043332483676790545
2025-08-01,AMZN,4.2273372384989205,-0.01573002880790153,-0.001578392114081839,-0.012931627459072725,-0.01474297244004219
2026-02-03,MRK,4.224132390178095,,,-0.020007613891121268,-0.020007613891121268
2024-12-09,APP,4.218212046266179,0.03565621707423616,-0.006644689971400108,0.038202247191011285,-0.038202247191011285
2025-04-03,SBUX,4.216828372098608,0.02904609968093297,-0.0024934614840546043,0.040760869565217406,-0.040760869565217406
2025-06-05,MU,4.215751467069617,-0.021311929144755104,-0.0031335257601519118,-0.016776346278617127,-0.014922606358327872
2026-04-10,NOW,4.214545941712542,0.03500000000000003,0.03500000000000003,0.0369596750797796,-0.0369596750797796
2025-01-15,BAC,4.2138611306746006,-0.010241092383187711,-0.0018374226584170206,-0.0049771306682515615,-0.0007534675425284743
2024-11-08,MELI,4.211625465304953,0.024201368938805645,-0.0036699751929495372,-0.0032104382185877967,0.02748950415717699
2025-04-30,CAT,4.210412761059036,-0.007963446475195868,-0.0038136353039910365,0.0038704683266677087,-0.0038704683266677087
2026-09-08,ORCL,4.209401584076472,0.019901097575684368,-0.003748686182952099,0.02790322098274367,-0.02790322098274367
2025-04-03,MS,4.207305292362366,0.0079036853230402,-0.0037090472251761764,0.017341040462427793,-0.017341040462427793
2026-08-05,LLY,4.206134188072851,-0.02813235635423228,-0.0030173769816270735,-0.026081900490073973,-0.029176011296619286
2024-07-24,MCD,4.20551263649591,0.01889599163751865,-0.0019512810793115287,0.020290671927211346,0.020290671927211346
2025-04-07,ORCL,4.205444270053049,0.030055087491899002,-0.004477305342098004,0.04272593078563225,0.04272593078563225
2024-12-09,ORCL,4.20530986712414,0.01233160621761653,-0.0024837157660990705,0.014603634107885899,-0.014603634107885899
2024-01-12,WFC,4.204891716817193,-0.030371434434639744,-0.0016087185951746408,-0.028477433946746178,-0.025187622082862182
2026-05-22,DELL,4.204520811815559,0.051394754209763915,-0.0054042779209187986,0.054323368691738816,0.054323368691738816
2026-01-29,SHOP,4.204210224250602,-0.0206958816584486,-0.004389054795471914,-0.014501869518118715,0.0037390362372016206
2024-07-17,INTC,4.202896793895287,-0.024132321041214766,-0.0027115161140377486,-0.01289083927591883,-0.05485463521667577
2025-05-07,AMD,4.198013574268791,-0.00229701388195358,-0.004168381104564078,-0.023598244758654352,-0.021355436372501146
2024-11-01,INTC,4.195251631334214,-0.041516245487364545,-0.0032377514182568845,-0.03220035778175312,0.03801431127012522
2026-08-28,CRM,4.194067553369043,-0.004429248581863332,-0.004047026075952087,-0.004119704624951481,-0.004119704624951481
2025-09-26,BA,4.193763109934824,-0.0170156996587032,-0.002131532585730511,-0.015583022811960445,0.005453058256839061
2024-05-20,SPOT,4.1932356448802555,-0.0017159322692396062,-0.0025421860329588597,0.001090894923442498,0.001090894923442498
2023-10-17,BAC,4.187763597463485,0.00729394602479938,0.00729394602479938,0.013950073421439058,0.013950073421439058
2026-02-06,HOOD,4.183535931678509,0.025826830174656257,-0.006872900851161656,0.0327347549569772,0.0327347549569772
2026-06-01,IBM,4.182801769516122,-0.04303675048355915,-0.003578103988210346,-0.03921757564077866,0.028682469326138715
2025-05-15,WMT,4.182189219719553,-0.026292916123424437,-0.0018432048177809968,-0.015589721535318679,0.0367702397591656
2024-01-22,PYPL,4.178176512716196,0.0378753583823751,-0.003427741490439562,0.04963481889998522,-0.04963481889998522
2023-10-24,COIN,4.175962497622663,-0.035412757973733555,-0.00526238776467447,-0.033258902338700214,-0.0358914090962511
2024-01-24,ISRG,4.174410105169953,0.014460333945833681,-0.0025634375344769644,0.021314856931295312,-0.021314856931295312
2026-03-02,XOM,4.173998309863101,0.009507291064431156,-0.0024974992887885072,0.014287997442864131,-0.014287997442864131
2026-08-05,UBER,4.171997317507392,-0.007090103397341174,-0.0033065520151931427,-0.014022787028922012,-0.004089979550102041
2023-11-29,HUM,4.170766153875319,-0.014027176407207187,-0.002205196981919455,-0.014027176407207187,-0.03691362212422933
2023-12-13,TMO,4.1702210095853305,0.03896338163670254,-0.0014961331535199296,-0.0018473524628019877,0.040882713198530096
2023-11-13,ISRG,4.169461440442274,0.006401463191586632,-0.002717544229889901,0.006576171050780677,-0.006576171050780677
2024-05-22,PDD,4.165853386577583,-0.021129338169234235,-0.003451046009193215,-0.007070571677501469,-0.014208162991756645
2025-06-13,MA,4.163210777412641,-0.0031005543004078984,-0.0013253988403669759,-0.0020689532166873192,0.0020689532166873192
2023-11-17,LRCX,4.159000477478911,,,-0.006092872789519976,0.01563837349310182
2025-03-11,ORCL,4.1573737443305925,0.004182642035552631,-0.005333401384255421,-0.023254155075254967,0.027534060917326686
2023-11-17,UNH,4.1570429182166455,,,-0.008690091039049053,0.008690091039049053
2024-11-15,KLAC,4.156932869610867,-0.012861736334405238,-0.0031035254937987755,-0.004538186986223991,-0.008139666338280671
2026-01-13,V,4.147982454151059,0.013473684210526415,-0.0017181868958109359,0.017668902731193148,-0.017668902731193148
2024-12-09,BABA,4.147864059660922,-0.003883495145631022,-0.002034296501772226,0.0030414946773842377,0.0030414946773842377
2023-10-13,UNH,4.139632397543036,-0.005770648967551639,-0.0012750210703751375,-0.003026951198477068,-0.003026951198477068
2026-07-31,COIN,4.132663423969752,0.008151066431191345,-0.0061613086343081935,0.008958870639337535,-0.008958870639337535
2026-04-17,AAPL,4.131568215844044,0.006613392427030407,-0.0023160146637128953,0.0066730254774696185,0.0066730254774696185
2023-11-15,DIS,4.126652707136104,-0.0012755102040816757,-0.002340075315840684,0.001598976654940687,0.001598976654940687
2025-10-30,GOOG,4.126242952575725,0.011851332398316927,-0.002494277198958228,0.013304390448848125,-0.013304390448848125
2025-02-26,APP,4.124488116806352,-0.053848948790410134,-0.012312103217734904,-0.03886219144554215,-0.012476494642270741
2024-08-05,COST,4.123032661231498,-0.006999157623507224,-0.001980480225388881,-0.015357911022225723,0.008251260958705986
2025-10-24,INTC,4.120525373969362,0.04014049172102363,-0.0046916170883808395,-0.007470119521912233,-0.04731075697211151
2024-04-12,ABBV,4.117121921624353,,,-0.006791750659016937,0.006791750659016937
2026-01-08,BE,4.115566758346514,-0.04708520179372189,-0.0061511679784020945,-0.03452192608819116,-0.01123686665855328
2026-08-21,JPM,4.1152745320136175,-0.008187341078650157,-0.0015770707200534195,-0.0046369235985532775,-0.006555153707052397
2025-04-07,TSM,4.11398184892221,0.05393323238878067,-0.0045620551486872385,0.0629772380190532,0.0629772380190532
2024-10-30,AMD,4.112037555698086,0.008998200359927933,-0.0035275754372934287,0.010580954282291888,-0.010580954282291888
2025-10-15,TXN,4.109712771345891,-0.002844950213371278,-0.0028022718959560544,-0.014840050814181716,0.011952881395080217
2025-10-14,GS,4.106587862337609,-0.014513672780242404,-0.0025266550638001206,-0.011099379701728918,0.018015045532532525
2025-12-04,META,4.106369413981836,-0.00024184893510881267,-0.002421457398957827,0.0003474530183092961,-0.0003474530183092961
2025-08-15,XOM,4.1033030903246255,,,-0.0010351966873706209,0.0022586109542630517
2024-03-14,CMI,4.100517429063305,-0.00830520687170544,-0.002109481913285527,-0.0004552870205258852,0.00032249497287240025
2024-05-29,CVS,4.097817415473869,-0.00888468809073717,-0.0025864434242506285,-0.008694008694008604,0.014931014931015119
2026-07-22,T,4.096898524499538,-0.0063318777292578066,-0.0028477854023705174,0.00839070567986222,-0.00839070567986222
2024-01-19,T,4.096624420465513,-0.0002999400119977347,-0.0002999400119977347,-0.009996970614965406,0.009694032111481343
2024-12-09,RDDT,4.094682318404114,-0.044259793115143164,-0.005733423774800683,-0.04125956444967627,-0.01542083578575637
2023-11-27,SHOP,4.09216799171591,0.013871720917456365,-0.00309895618733691,-0.014914970727627708,0.028993587956509526
2024-07-23,FDX,4.087813784692437,-0.012455957520718486,-0.0018383277682072485,-0.0085691510561976,-0.000929985385943799
2024-01-19,MA,4.087187320373097,0.009260969976905287,-0.0011702276476410756,-0.004314143897574008,0.013615067031590655
2024-01-26,V,4.085975056573534,,,-0.004717857275530202,-0.004717857275530202
2025-02-05,AMD,4.085788973780342,0.032350230414746495,-0.0037987425938116326,0.038090824837812676,0.038090824837812676
2026-07-23,TXN,4.080850081335719,-0.00716945672223579,-0.004779469599415331,-0.00716945672223579,-0.00716945672223579
2025-12-12,AVGO,4.078796951537428,0.03408480944712844,-0.0042712407024001475,0.039289047201098604,-0.039289047201098604
2024-07-31,BA,4.078327554585297,-0.029693637077768953,-0.002887812815621227,-0.010531329381879617,0.008626164267569791
2025-08-15,INTC,4.0780979091654155,-0.02877697841726612,-0.003561408016444001,-0.01782205606564169,-0.0004840960218698287
2026-05-15,BA,4.07737116876338,0.01063113981967434,-0.003202318472806942,0.014983364223031037,-0.014983364223031037
2026-07-17,ABT,4.076001717679594,-0.018445839874411285,-0.0031519749383269735,-0.015378558598459713,-0.009177923771560792
2026-04-15,HOOD,4.075089565298673,0.041473006792992484,-0.005142976318163961,-0.015122187273167276,0.05722235664166475
2026-05-07,APP,4.0711174754307065,-0.06070840426350621,-0.005064171730044809,-0.058201058201058364,0.12299898682877397
2025-01-16,AMAT,4.07109631712548,-0.0021940386364852626,-0.0021940386364852626,-0.014908350305498974,0.01268160217243719
2024-11-07,VST,4.06817309240571,0.008108700416392667,-0.004122235788902362,-0.033330979450603926,-0.041169408940046726
2025-01-23,ARM,4.067245102422236,0.0063812022900763266,-0.005148880520719823,0.011509937703945372,-0.011509937703945372
2026-04-29,APH,4.066885901889177,0.004428935713327031,-0.003051987269206302,0.020984558532400555,-0.020984558532400555
2024-05-17,DHR,4.066803690508816,-0.005261144422012531,-0.001469202852478535,-0.0027202659815626085,0.004344869276107
2024-06-20,MU,4.063424182524507,0.04637470230219631,-0.0035525176728536945,0.053326328232744524,-0.053326328232744524
2024-05-08,VST,4.057817464457866,0.029191184954424854,-0.004252509518864689,0.031094671136284724,0.031094671136284724
2025-08-07,WBD,4.055480094230295,0.04662379421221863,0.04662379421221863,0.0489174017642342,-0.0489174017642342
2024-02-02,AMZN,4.055122417706215,0.010588823529411595,-0.001789911764705887,0.012005631413390505,0.012005631413390505
2026-04-08,MS,4.052857015293776,0.0026062322946176497,-0.00277082152974506,-0.016548726806708602,-0.01911182927508781
2026-02-04,LLY,4.049527098622503,-0.028290638099673915,-0.003042963603699489,-0.015200858660452954,0.016659480583815833
2026-07-10,META,4.047340723043722,-0.011519546307099393,-0.003654813419216585,-0.002310615879525413,-0.002310615879525413
2024-08-01,LRCX,4.0451316491516875,-0.04482865187830509,-0.005292578675587967,-0.03641885143210144,-0.041193485251750706
2023-10-17,AVGO,4.044333701121219,-0.016894956198261868,-0.002839732055721189,-0.008787316195314254,0.0074603915851338964
2023-12-07,GOOGL,4.041585931940652,-0.0050857308921824496,-0.0020257659733465827,-0.003964068807506438,-0.003964068807506438
2024-04-19,AMGN,4.039783601253486,-0.014841233317993474,-0.0020119184581333105,-0.014841233317993474,0.03136984200030679
2024-07-31,MA,4.038215072888416,-0.005183931979871659,-0.001735408765275892,-0.01600717121270334,-0.010906219319588573
2023-10-27,INTU,4.03632522862496,-0.007428176853382373,-0.002831374407016307,-0.007428176853382373,0.003661777322089943
2023-10-25,MSFT,4.034577522204516,0.004616373517209116,-0.0019386869631274894,0.008353951389899583,-0.008353951389899583
2025-01-27,CEG,4.033754146918307,0.051724137931034475,-0.006982879310344803,0.05342145119096786,-0.05342145119096786
2024-01-19,CMCSA,4.032893927515201,0.01594372801875732,-0.0016563389716965915,-0.002350176263219872,0.01833137485311398
2026-03-23,COF,4.030126763299039,0.01620234212074223,-0.0030414683706754264,-0.00895601483836772,-0.025013248542660294
2023-11-02,UBER,4.029656786595252,0.010543478260869543,0.010543478260869543,0.015621586191828518,0.015621586191828518
2026-01-14,BAC,4.02811332600383,-0.0022900763358779663,-0.0017618593238821756,-0.00019043991620648626,0.00019043991620648626
2024-11-21,ANET,4.022604729202764,0.006688880047742263,0.006688880047742263,0.024910761752866994,0.024910761752866994
2025-10-14,MP,4.0221775977267775,-0.09219780219780227,-0.008274324960753532,-0.08315170008718398,0.07552310374891014
2025-04-24,CMCSA,4.021997652677225,0.03105590062111796,-0.004235980479148194,0.031857031857031926,0.031857031857031926
2026-06-01,ORCL,4.019243151340524,0.06548436963242876,-0.004103204593414067,-0.018277219064276373,0.08495846086576297
2024-01-26,TMO,4.016374864521168,0.0014594811544494934,-0.002176069460878116,0.00268760875704932,-0.00268760875704932
2024-10-16,KLAC,4.016076244337968,0.033399906514256616,-0.004836025601334004,0.033399906514256616,-0.033399906514256616
2023-11-01,AMD,4.013565978828951,0.06157615633899649,-0.003817181296558614,0.0662882225290986,0.0662882225290986
2024-07-29,F,4.012018309717104,-0.007776761207685334,-0.005022219317736276,-0.0031876138433515333,0.0031876138433515333
2026-04-15,MS,4.005735141058547,,,-0.014460683408810238,-0.014460683408810238
2026-01-13,MA,4.004429874781761,0.005629099800198767,-0.0017021621008701526,0.012646302134289966,-0.012646302134289966
2025-01-15,ISRG,4.001392180158425,0.03265124555160148,-0.002088809100152522,0.03644107903454796,0.03644107903454796
2025-06-10,IBM,3.9969635050959123,-0.001589767677132592,-0.001539790646178596,0.0001447754171339799,0.0001447754171339799
2023-10-18,ELV,3.9958078660801166,-0.0023707817172149426,-0.0022677259412950956,0.014033908275383977,-0.014033908275383977
2026-05-07,SNOW,3.9954501066262744,-0.005625327053898621,-0.004777608021230506,-0.011125485122897794,-0.005562742561448841
2026-04-23,CAR,3.995409924584325,0.3970976253298153,0.3970976253298153,0.397097784406917,-0.397097784406917
2025-04-24,TXN,3.994976302525223,-0.02235353844310417,-0.007424462265931631,-0.01754385964912286,0.01754385964912286
2024-01-31,MA,3.9946454925151214,-0.00024513081071453335,-0.0011922955704544158,-0.023480512697756306,-0.023241137684155477
2026-09-21,ARM,3.994395702292059,0.06454482554116847,-0.004805868952305614,0.08667137523963286,0.08667137523963286
2024-08-15,NKE,3.992209835602174,0.004870327529526319,-0.002262545441895192,-0.01232589670898565,0.01725625539257991
2026-02-05,GOOG,3.990131010525422,0.05091681999873088,0.05091681999873088,0.05091681999873088,0.05091681999873088
2023-10-20,HD,3.9899111506428966,-0.004202800629491854,-0.0019309350254417268,-0.004011512297226627,-0.001186115471829674
2024-01-18,MS,3.9851860326044566,0.007336409892320539,-0.0022076592795443606,0.008509632431154657,-0.008509632431154657
2024-09-10,WFC,3.9839769599774106,0.016766903590304305,0.016766903590304305,0.018555575768601007,-0.018555575768601007
2023-11-07,HUM,3.983009196053682,0.0007834629060445852,-0.002419479815068293,0.006149837922990731,0.006149837922990731
2026-07-30,QCOM,3.9728133575886764,0.0011889035667107528,-0.004887290054727211,0.006507304116865953,0.006507304116865953
2024-07-25,CMG,3.9725494595737687,-0.029739776951672736,-0.003680423176901426,-0.025152596349482526,-0.0007764967220044161
2025-08-19,PANW,3.9704815434596625,0.022072678331090168,-0.0034665564314555475,0.032593065984981684,-0.032593065984981684
2024-04-23,PEP,3.9677941058414357,0.0009338703087610201,-0.0013551542136727157,0.003347986840956163,-0.003347986840956163
2023-10-20,CRM,3.9646019688408694,-0.007671020051463806,-0.002404483315878281,-0.007035419699175316,-0.011596312469674852
2024-09-17,INTC,3.9638405084607253,-0.022471910112359605,-0.0044291399143927546,-0.020560747663551426,0.0037383177570093906
2024-10-31,SMCI,3.9634267261840628,,,-0.019192587690271323,-0.03673064195896758
2024-02-05,CAT,3.9631395304714134,0.019571323888617376,-0.0020808958231557373,0.03151767402581729,-0.03151767402581729
2025-03-20,PDD,3.9606524646098773,0.04119284294234604,-0.00398607213859703,0.04518240600303347,0.04518240600303347
2024-08-16,AMAT,3.9596748669395465,-0.01682252238879811,-0.005732818762060221,-0.004398611993548629,0.016377498655979705
2025-04-16,ABT,3.958570953067791,-0.02675221371754466,-0.003107979031324315,-0.017238766386299953,-0.01704932939304382
2024-09-16,ORCL,3.957979971487473,0.017496715633583904,-0.003060039924246305,0.02694069431051105,0.02694069431051105
2026-04-30,TER,3.9550764598217203,0.0204220962331918,-0.00603976075276802,0.03066325880509968,0.03066325880509968
2026-01-06,SNOW,3.9480749549287055,-0.006345289503833618,-0.0027129700739024765,-0.006170118995152074,0.03345085940943138
2024-10-31,REGN,3.9471495380034627,0.021960070477590632,-0.002404303500376015,0.025581408866594213,-0.025581408866594213
2024-05-21,LLY,3.9464304008691187,-0.003754646840148701,-0.002184102496017082,0.0009832163463172616,0.0009832163463172616
2024-04-26,GOOG,3.945694368118188,-0.0008071025020177647,-0.001969902488840658,0.002012072434607659,-0.002012072434607659
2024-10-31,ORCL,3.944466199349128,-0.013840018766127171,-0.0015475450303275018,-0.004418333285229004,-0.011485546024354254
2026-04-29,BKNG,3.9418131123057685,0.026489675516224276,-0.0037532659081330744,0.03460783730748651,0.03460783730748651
2026-04-17,PG,3.940920566410346,0.011566265060241054,-0.0016228325547086309,0.01495527233792715,0.01495527233792715
2024-04-19,LIN,3.9398721019682963,0.0008507018290089263,-0.0015332253432389642,0.003483153593676791,-0.003483153593676791
2024-11-14,ASML,3.9390196541023172,-0.008885754583920935,-0.0021134968768888873,-0.008130310815007147,-0.021680828840019206
2024-07-17,JNJ,3.938848693831366,0.014647741266446523,-0.001268015703267511,0.015371643533532264,0.015371643533532264
2025-07-29,LLY,3.9351412767009184,-0.020421607378129147,-0.0025080698287220926,-0.017338762642847838,0.002535137265204268
2024-06-06,UBER,3.9344205172331033,,,0.013232375211350567,0.013232375211350567
2023-10-11,XOM,3.9341586509528503,-0.0008460236886633776,-0.0026915706496926095,-0.0001409046075806497,0.0001409046075806497
2025-01-06,GEV,3.929774063659454,-0.0060160971247391615,-0.0034628581494113853,-0.006274573167447617,-0.0002962244843000006
2024-09-04,ASML,3.9255692778999043,0.001964418087472275,-0.0033888594726252386,0.001964418087472275,0.001964418087472275
2025-04-07,F,3.924516781366249,-0.013043478260869712,-0.00395186335403741,-0.012345679012345734,-0.008588298443370945
2023-10-18,SHOP,3.9242826142559832,0.02671826054910642,-0.00422961910026598,-0.030714577859856318,-0.05661219831504716
2026-01-16,GEV,3.922393081513025,0.010842629908429213,-0.003219318611163091,0.012494428762442444,0.012494428762442444
2023-10-06,PEP,3.9195255064435455,-0.0070796460176991705,-0.0018713247245800702,-0.0070796460176991705,0.013400758533501866
2025-01-15,HD,3.917397633951186,-0.0040813297714457075,-0.0015393327114163746,0.0009844215292987846,-0.0009844215292987846
2024-09-03,PFE,3.9153105227793685,-0.014216366158113725,-0.0016371111551416462,-0.01404543089994803,-0.018553840818449796
2026-06-04,CRWD,3.9147275538379884,-0.03653923183052199,-0.005136452551557813,-0.01674567865217691,0.04927430530231214
2024-03-06,MS,3.9098810655568776,-0.01902772943496922,-0.0020224752622943765,-0.01902772943496922,-0.006033182503770718
2025-06-13,V,3.9076955978153585,-0.0018166851173748721,-0.001475549770278528,8.499546690832194e-05,-8.499546690832194e-05
2024-02-02,SHOP,3.9076436095407683,-0.02535388486945589,-0.0035588909360535492,-0.008040573973280507,0.02585353785254818
2026-09-01,WDC,3.9076103383098566,-0.005078495882002265,-0.006920759692514489,4.438821936658677e-05,4.438821936658677e-05
2023-10-23,CVX,3.907245246044419,0.0021739130434782483,-0.0021757763975156497,0.008363939384586794,-0.008363939384586794
2026-05-12,CRCL,3.905746124675656,0.04571935645665337,-0.007590587158896156,-0.0545341796162544,-0.09776026847596109
2025-11-10,PG,3.9014677178128725,-0.001169751599807256,-0.0018113947567603983,0.00037786403764905607,-0.00037786403764905607
2025-04-07,AAPL,3.901129895142216,,,-0.010050108994139606,0.028168615349771997
2024-07-19,ABBV,3.900468526643789,-0.011228191397477882,-0.002065571815183187,-0.008829509148997827,0.0009875108916641562
2026-05-01,WDC,3.8999792697805398,0.03680672268907559,-0.005240905505059068,0.053243902439024327,0.053243902439024327
2024-01-31,GOOGL,3.8989679123721515,0.016712309528825187,-0.0019038089219256538,0.02404516308893223,-0.02404516308893223
2024-10-14,ASML,3.8971769208521834,0.012633534602879637,-0.0023937106031450828,0.013586861771987202,0.013586861771987202
2024-08-02,AMZN,3.8963385278671447,-0.011884242039372328,-0.003433850433941066,-0.007891566265060268,0.011024096385542137
2024-05-09,ARM,3.8944845146989757,0.017396577293933513,-0.006237212167144235,0.036547511765294693,0.036547511765294693
2025-03-12,RDDT,3.8931050234821893,0.002522742909563558,-0.011822468793342589,0.006358755663861793,-0.006358755663861793
2026-01-13,AMD,3.892613513889273,-0.0009943952269029221,-0.003177447891107188,0.003086139602432647,0.003086139602432647
2025-11-04,PLTR,3.892519360305073,-0.0309722739609386,-0.003969943818089128,-0.03004040833687771,0.0141429179072734
2023-12-11,COST,3.8912741697848987,-0.0018239999999999368,-0.0011999999999999789,0.0016457007072498975,0.0016457007072498975
2026-07-17,WFC,3.88865679032755,-0.0037564029595902326,-0.0023826652573379903,-0.0021674652064795907,-0.0015970796258271136
2026-02-03,PFE,3.885435950524127,-0.00038850038850035684,-0.002080697080697136,0.005078125000000044,0.005078125000000044
2026-04-30,LLY,3.884153278261699,0.022924178990216815,-0.0028432906041019335,0.03589089699523229,0.03589089699523229
2026-09-04,ADBE,3.884146409494495,-0.0011645816897705163,-0.00369582414279801,0.0014425688967157901,-0.0014425688967157901
2024-06-18,MU,3.8810874833638547,-0.006538063179699627,-0.0031753902493156794,-0.004185186386789108,-0.004185186386789108
2023-10-27,AMZN,3.8754686283714084,0.0033767865556777465,-0.003008470012789144,0.010917785491110443,0.010917785491110443
2025-02-12,INTC,3.8754035358257664,-0.04640151515151514,-0.003771645021645176,-0.042944785276073594,0.06134969325153361
2025-03-07,AVGO,3.8721340568724854,-0.03162204385067069,-0.005893355445933057,-0.02029291463253724,0.029687293838237316
2024-10-11,JPM,3.871529733401619,0.007251302968502182,-0.0016713605904632445,0.011352632383670569,0.011352632383670569
2024-03-13,NEE,3.8704172624398168,,,-0.006919549812421821,-0.006919549812421821
2024-08-02,UBER,3.8701725528079804,-0.006902997642303843,-0.004669465428475128,-0.024146257330113885,0.017076578130389874
2025-01-27,T,3.8684682357175544,0.007086285952480287,-0.0016405645209313091,0.009611366485583028,0.009611366485583028
2024-07-31,SBUX,3.8676100039247787,0.018019153225806384,-0.0028530025921658098,0.0201181943920532,-0.0201181943920532
2024-06-03,CRM,3.865710998287392,-0.01167215357646767,-0.004448690776494457,-0.013122362869198323,-0.0016033755274261763
2024-07-15,NEE,3.8554870835980117,0.030716723549488067,-0.0022950463188688985,0.032697547683923744,-0.032697547683923744
2026-01-16,GE,3.8531617932863407,-0.008898323672254405,-0.002455256149146212,-0.004836786917987723,0.014698539508176234
2023-10-13,C,3.852355516481235,-0.012999302487793574,-0.002006991729498031,-0.00490654205607477,-0.03165887850467286
2026-06-02,MRVL,3.8518982147806455,0.09591621458710065,-0.00589566649444595,0.1063364670025353,0.1063364670025353
2025-08-15,LRCX,3.851443664097042,0.029844923437042814,-0.0032880968636357366,0.030081419726000758,-0.030081419726000758
2025-07-09,BA,3.8499213212932997,-0.0018945235053090537,-0.0023878926730405148,0.005102267181330111,0.005102267181330111
2025-07-28,NKE,3.8495492044201085,-0.013946239352220946,-0.002275383250583518,-0.010586673366500987,0.010586673366500987
2025-05-22,CRWV,3.8466408399405885,-0.07102557396841291,-0.008450700736188477,-0.06984925093632954,-0.061991573033707836
2025-03-12,SPOT,3.846404735721717,0.0025302325581395557,0.0025302325581395557,0.0043270748602523,-0.0043270748602523
2026-08-14,AMAT,3.84611194109048,-0.019266033225220025,-0.006812217923238828,-0.012384624372005937,-0.012384624372005937
2026-04-08,GE,3.845902330256363,-0.004694376528117328,-0.00339678425893597,-0.016622052671229626,-0.012005706317021136
2023-10-17,LRCX,3.8447065481781184,0.017812700549407534,0.017812700549407534,-0.01519124120068005,0.033274538780569296
2025-10-28,QCOM,3.843215168544527,0.01119606772255588,-0.003958570648357584,0.011843685187206576,-0.011843685187206576
2026-07-23,NOW,3.8427140587016604,0.030063291139240444,-0.006172144364074761,0.04262629628087122,-0.04262629628087122
2025-11-21,XOM,3.8423438972739405,-0.007482583641523988,-0.0019531877772180906,-0.005752554305829882,0.005409118227869714
2026-07-17,JPM,3.8421147427139135,0.006400613515028297,0.006400613515028297,-0.008342627704661876,0.014796639155327362
2024-01-02,MSTR,3.840538165383328,-0.025387870239774513,-0.004676556518234953,-0.025387870239774513,-0.033653032440056574
2025-02-12,SMCI,3.840458717443885,-0.063724274733449,-0.007200364847153917,-0.05496126890446318,-0.023976392475101527
2025-04-17,AMGN,3.837434232585541,-0.0195238095238095,-0.004481135531135383,-0.015821456595923156,0.011478311648022599
2025-04-23,COF,3.83650239378091,-0.025813198304804885,-0.00699210193186206,-0.01857499306903243,-0.02223454394233426
2025-07-01,HOOD,3.8353019415033733,-0.029167094587655318,-0.0043555950057951875,-0.024558869053761145,-0.04726034464967499
2026-08-05,BKNG,3.8275560346146933,-0.0026056801890812498,-0.0034314020787322708,-0.01069883840772301,-0.00812103596992697
2026-06-03,MRVL,3.8273901478530585,0.020155139398266964,-0.00644674211900198,0.026380288957688403,-0.026380288957688403
2024-11-15,ABBV,3.8258015018100204,0.013274336283185861,-0.003617713636518971,0.017211601453159364,-0.017211601453159364
2024-11-15,TMO,3.818711130604663,0.020789981100017174,-0.0020326086067192772,0.027602942291650945,-0.027602942291650945
2024-02-02,BMY,3.8174198470476086,-0.009117281392457599,-0.001766650879166276,-0.00308959835221434,0.00308959835221434
2023-11-17,ISRG,3.817067857890255,-0.013806706114398382,-0.002492794091154771,-0.012145748987854255,-0.011238866396761193
2024-07-08,NOW,3.816621509109126,-0.004999212722405888,-0.002083965967114354,-0.011392491268350957,-0.006450232033233694
2023-11-20,BA,3.8134718994525247,0.01062842290912469,-0.002046236623304276,0.016670596392278414,0.016670596392278414
2026-02-04,APP,3.8116433306497726,0.014224280516043741,-0.010523835575605212,0.019600399853218486,-0.019600399853218486
2025-07-23,VST,3.809584307077986,-0.027668566935325267,-0.0038379412508074973,-0.027668566935325267,-0.016954983290741077
2025-09-15,OKLO,3.8094775746654923,-0.0617970326409496,-0.005913963543874523,-0.02179907694987082,0.1112594699718441
2025-01-24,ISRG,3.8035917311784533,-0.020786805319282342,-0.0027108197288645552,-0.019463667820069253,0.010086505190311401
2026-04-17,GE,3.802577898932306,-0.016118200134318417,-0.003530536862159206,-0.013562908811081242,-0.024977555470052648
2024-11-22,INTU,3.8024335925023296,0.01861963190184046,-0.003249336108676726,0.030515151515151495,-0.030515151515151495
2025-09-02,GEV,3.7999518575228772,-0.023424947145877395,-0.0038035916641497858,-0.013281919451585189,-0.006546700942587913
2024-02-07,UBER,3.797350450750951,0.02035807103667331,-0.0023129718245946673,0.024054484857267022,0.024054484857267022
2026-01-16,CRM,3.7972055517679655,0.0077339858428734365,-0.0029986454601067525,0.0077339858428734365,-0.0077339858428734365
2026-09-17,GS,3.7971372405436794,-0.018515509041072242,-0.0029133764453876942,-0.01195922453417153,0.02375698339056398
2026-01-16,KO,3.7960681433794163,-0.003959835949653323,-0.0012819867870781376,-0.001983845826838415,-0.001983845826838415
2026-09-11,ADBE,3.7943648185531815,0.009849465447998362,-0.003996850129430518,0.02657712657712663,0.02657712657712663
2025-04-07,GE,3.79265871380964,-0.020531619392345712,-0.004357933192722152,-0.011872372000989229,0.035555280732129546
2026-07-22,GEV,3.792343163698647,0.01072004648693059,-0.006462159953398494,0.020280393304692113,-0.020280393304692113
2026-01-06,SNDK,3.788436118236683,0.11426659017020446,-0.005725120436394171,0.12542252841000545,0.12542252841000545
2024-11-15,DIS,3.7879874792855825,0.02193605683836597,-0.002192260847500682,0.025031177623374257,0.025031177623374257
2023-12-14,HD,3.787894440348968,0.0026219043004931386,-0.001393417961673027,-0.003948384881691469,0.006580641469485782
2026-03-17,NBIS,3.787293044923414,0.015992553731595915,-0.007799966153325455,0.021292711664702813,-0.021292711664702813
2025-01-16,TSM,3.7847316762676497,-0.020755745299300576,-0.003163191155288625,-0.017722095671981686,-0.020318906605922615
2025-04-01,JNJ,3.7840273012487238,0.03257575757575759,-0.0014012851731601828,0.03852428159116572,-0.03852428159116572
2025-06-03,HIMS,3.7810838122823256,-0.07393407922588446,-0.007589949889844183,-0.06359883809815003,-0.16281914080415838
2025-05-14,AMD,3.7810094013950826,-0.028646259616958547,-0.003454382293103797,-0.02832814802685435,-0.03610610774521039
2024-11-01,RDDT,3.780366439617287,-0.0014179369018079147,-0.005240568187572681,0.009519134687867026,-0.009519134687867026
2024-03-04,IBM,3.7743724642552823,0.014608512874408897,-0.0016817168380751646,0.018551586725911617,0.018551586725911617
2026-08-21,COIN,3.773287088763126,0.014545948885263726,-0.004435826924570785,0.01592703512115423,0.01592703512115423
2025-02-05,UBER,3.7724718777551822,0.0043229890381349945,-0.0032939632545931907,0.00654702303011645,-0.00654702303011645
2023-10-26,IBM,3.77154020463583,-0.012823222715423022,-0.0014743183259353643,-0.005012443478565665,0.0076763994531878765
2024-01-16,SNPS,3.7647302412583015,0.0031296132270446364,-0.0026213407004371803,0.003781611912077487,0.003781611912077487
2025-05-07,UBER,3.761100907862548,-0.0312868236164181,-0.0038841711714885374,-0.031159723933941397,0.03081094404732565
2026-07-29,PG,3.7604642428388755,0.016555370061213104,-0.0021694490818030543,0.02374781085814348,0.02374781085814348
2025-11-14,ORCL,3.7602218585098606,0.04063570323946908,-0.004868064594411914,0.04886545523020436,0.04886545523020436
2024-02-26,PDD,3.757790308311607,0.021730245121559078,-0.003952521963455746,-0.014253645747992705,0.03629362608553155
2024-05-02,LIN,3.7541290741125772,-0.005824823817057512,-0.001644490559059797,0.0005835347917733102,-0.0005835347917733102
2026-02-03,ACN,3.7535546438203413,0.0025633604829040646,-0.0038519718384728563,-0.03417156662107801,-0.036647333060466636
2025-07-15,C,3.7498306682063642,-0.0232505643340859,-0.0017801112544340025,-0.005053340819764163,0.017855137563166812
2024-04-18,TMO,3.747063822273234,0.013070306656694175,-0.0020423522812267336,-0.002681065676734651,0.015786414683990335
2024-07-24,GM,3.7462266545465726,-0.010487218702206813,-0.0028118699085488696,-0.009946442234123887,0.016285932888840504
2024-12-12,UBER,3.7445701793220834,-0.015933112478308864,-0.0037782097221282784,-0.006350214319733372,-0.02492459120495316
2025-02-05,GOOG,3.7435341736381504,-0.014997155711847787,-0.002539465421582565,-0.009765013054830352,0.009503916449086214
2025-07-18,PM,3.7367730413852005,-0.003971583599037709,-0.002052114049177378,-0.0007806401249024209,-0.003401360544217802
2024-09-11,ORCL,3.736381163083318,-0.013220317540641457,-0.002564357554015295,-0.01034067119203197,-0.003425743830489103
2024-08-06,PLTR,3.736374985583658,-0.004154078549848839,-0.00605119766940021,0.011156563778356277,-0.011156563778356277
2025-07-15,BABA,3.727065100926801,-0.016653032038880244,-0.002388942780228609,-0.011836160544086427,0.025508437810858098
2026-09-15,WFC,3.7267242131343252,0.005762411347517649,-0.002075956180344507,-0.009929233638707569,-0.015634428657633426
2024-10-24,TMUS,3.7234023740430864,0.012440938055399142,-0.0014397831350667634,0.018400627888724097,0.018400627888724097
2026-03-03,BABA,3.7211783052732796,-0.0132488082151061,-0.0034084672031875485,-0.010646950092421337,0.002735674676525024
2024-01-17,PDD,3.718758253345972,0.018713701871370336,-0.0029577482100606733,0.01900595280786055,0.01900595280786055
2024-01-25,UNH,3.718172853709144,-0.013982962144145183,-0.0024972836637222606,-0.01276569690908902,0.0070716450503587325
2024-07-24,V,3.7174268301586912,0.0014536025771980654,-0.0016299711524430105,0.0031376240342001482,-0.0031376240342001482
2025-07-31,PANW,3.7137189982517964,0.010712250712250682,-0.0036392144892143374,0.014082907438955128,-0.014082907438955128
2024-05-23,DELL,3.7109891080844166,-0.017878636533899317,-0.0036479540873660676,-0.011365071347392508,-0.03024371764111622
2024-07-17,LRCX,3.7092692258556927,0.040518365384138666,-0.002955529728883688,0.0451197189700171,-0.0451197189700171
2024-08-01,ARM,3.708469321868328,-0.04491795975944768,-0.008477137978214477,-0.024641746910304074,-0.07892941087269678
2025-11-07,CEG,3.7076329137793826,-0.04504504504504503,-0.005619262119262114,-0.020588235294117685,0.05491176470588233
2026-08-12,NBIS,3.7057947633741355,0.13469620031518126,-0.010593066012957508,-0.041393143690736656,0.1816648431801604
2025-07-18,TXN,3.7024286466151843,0.0015212981744421317,-0.0018300756039093535,0.007128286231634973,-0.007128286231634973
2026-05-15,ADI,3.701313938565355,0.0006954269681782588,-0.0028270116852284755,0.0011035409269744,0.0011035409269744
2026-04-17,LLY,3.700304528532358,-0.00208826695371378,-0.003119916192526495,-0.0012346397243716556,-0.0012346397243716556
2026-07-09,ANET,3.697952589818992,0.007536061135563599,-0.00577963684058691,-0.004376839514100728,-0.011879916519505485
2026-06-08,CIEN,3.69652568049687,-0.017265857408392815,-0.009695538344301369,-0.005754310344827651,0.005754310344827651
2024-04-24,BA,3.6919400987559823,,,-0.019408711351839303,-0.07278266756939744
2025-08-08,MP,3.690889760770619,0.013005972130059607,-0.005228040572566206,-0.02911995876820006,-0.041747197526091906
2025-02-25,HD,3.6892130710563036,-0.0015999999999999348,-0.0020547791383219716,0.001656177542232573,0.001656177542232573
2024-11-15,JNJ,3.686799550069325,0.014758202661747433,-0.0014199169851101257,0.017305151915455674,0.017305151915455674
2024-11-04,VST,3.6866636271612374,-0.02962633451957286,-0.005406138790035708,-0.022349823321554885,0.022349823321554885
2026-08-06,WDC,3.6860717538268624,0.04065640269198845,0.04065640269198845,-0.019119650490909912,0.06055338939258692
2024-12-10,GOOG,3.683994617286436,-0.01744139316811788,-0.00202269256530474,-0.01572732152442302,0.0013955984970477342
2024-01-16,GS,3.6812862910778583,-0.014331125827814706,-0.0016529082308420762,-0.002615656952627554,0.005257734682554416
2025-04-25,GILD,3.680126257000342,-0.01866113744075837,-0.004239914804784473,-0.0144044048965144,0.0144044048965144
2025-01-29,ASML,3.677497992990151,-0.0184009454705365,-0.0034453498005403427,-0.008901089759587366,-0.011535368660399725
2026-01-13,JPM,3.67706635884813,0.032200803462987815,-0.001755152884859168,0.036491597941340714,-0.036491597941340714
2026-07-17,ABBV,3.676423180183734,-0.009535622916505226,-0.002646390085610295,-0.007950926956963533,-0.0056848150969934785
2025-07-18,INTU,3.6740887801972693,0.0052471583399418265,-0.001770543030852334,0.009201969405755572,-0.009201969405755572
2025-09-08,ORCL,3.6736726535801076,-0.005649241146711725,-0.0031221543001687113,-0.005437302423603851,0.005437302423603851
2026-01-20,MS,3.6732350002605547,-0.012097424592720007,-0.002161978754618099,-0.006630043568857769,-0.014586095851486958
2024-08-07,DELL,3.6731677934555265,-0.02169603524229069,-0.007026423851478891,-0.014298480786416379,-0.01843163538873982
2024-06-18,AVGO,3.6731338373050093,-0.015665697169647497,-0.003469801924937399,-0.0054805806305533444,-0.01679092771580648
2025-02-18,DELL,3.671591199743082,0.009475890985324975,-0.0033498053309374276,0.009475890985324975,0.009475890985324975
2024-01-16,JPM,3.6708581709913313,0.009072883494562145,-0.0014450476819941604,0.011177503377816977,0.011177503377816977
2024-02-13,SHOP,3.6676397084255448,-0.03562499999999991,-0.004111428571428655,-0.03338971371296118,-0.03301384451544187
2026-07-01,NBIS,3.663752888725792,-0.056872839506172834,-0.01111483833039384,-0.06273643699022546,0.0022955981719183782
2025-06-24,SNOW,3.662936874569739,0.0037336932073772644,-0.0023358171068696976,0.01076082254268873,0.01076082254268873
2024-11-15,PG,3.662314096260389,-0.006320014377283911,-0.0013957261812049815,-0.0025322166832677517,0.011931795462778672
2026-04-15,BAC,3.661346064068814,-0.001290322580645098,-0.0021474522712310318,-0.013815669878203929,-0.012543173968369348
2024-05-17,LRCX,3.6598743893928822,0.036521628955453966,-0.0023915233861806495,0.036521628955453966,-0.036521628955453966
2024-06-12,C,3.6581567087124762,0.00940904588973257,-0.0020473517898411675,0.011041529334212319,-0.011041529334212319
2025-04-07,BLK,3.655462208166218,-0.01637579617834395,-0.003513794358507738,-0.013007706859994084,0.038737446197991465
2023-10-10,NOW,3.654209893724696,-0.002483162727548782,-0.002762301608568829,-0.020509735287683295,0.01797564354991632
2025-02-20,BABA,3.6533610788263204,-0.020584045584045696,-0.0037756868131868515,-0.016521241596338165,-0.027320841081390324
2024-04-26,GOOGL,3.651885719364227,-0.005380116959064152,-0.002000522138680072,0.0009298000929801598,-0.0009298000929801598
2026-04-10,CRWV,3.650761300333565,0.05224574083634481,-0.006781090050888672,0.07369751883263964,0.07369751883263964
2026-04-24,INTC,3.6499944055415967,-0.006559215820145736,-0.004146439805348345,-0.03254495100328836,-0.026199204540629295
2023-10-13,BA,3.6477353130643233,-0.010957293281308567,-0.002593568412452285,-0.01712514950527355,0.0059802109383493285
2024-07-25,ADI,3.6464403360486197,-0.0035184266317831447,-0.002941040577898346,-0.014692420358842995,0.011122299523983914
2023-10-26,CMCSA,3.6461523369692244,-0.018712574850299424,-0.002007591958939292,-0.009571788413098137,-0.01385390428211597
2025-05-01,META,3.644136527437488,0.012616499827407535,-0.003966467774545013,0.019126594204327274,-0.019126594204327274
2024-08-06,UBER,3.6435991511100467,-0.03530188056746941,-0.004893328463025037,-0.03088042049934292,0.0653745072273324
2024-11-19,TMO,3.641854424019505,0.006006480676519432,0.006006480676519432,0.013415071056088523,0.013415071056088523
2026-02-11,HOOD,3.6409500738187632,-0.01788044896893748,-0.008006022299287707,-0.015164334526521106,0.015164334526521106
2025-10-31,WDC,3.6409420456538553,0.0032510615711253132,-0.0054840479981801415,-0.030833038613638508,-0.03398386007780596
2026-05-19,HD,3.635448711393905,0.025533213522769493,-0.002642220144644547,0.029180065676416067,0.029180065676416067
2026-05-08,RKLB,3.6348460598621313,0.17749507376788376,-0.006852004105259879,0.186990039952732,0.186990039952732
2024-05-14,HD,3.634311951105688,0.006146027243447705,-0.001795659368259317,0.007515459952066594,0.007515459952066594
2024-04-18,TSM,3.6318901696266765,,,-0.0117224017434433,-0.006162170286315383
2025-01-07,CVNA,3.6309659611928256,-0.019076255730270608,-0.006696635424515374,-0.012348129913444139,-0.015524497736838061
2025-05-07,VRTX,3.6291043430763974,0.012067633289395974,-0.003713873395364997,0.013256157076381836,-0.013256157076381836
2026-08-21,ADI,3.627879463100044,-0.009709768132859398,-0.003389738040915913,-0.00707559716976125,-0.007527796988881175
2024-04-19,DJT,3.6272326878852867,-0.054912841371295595,-0.016964254586204097,-0.0265790217698616,0.0265790217698616
2025-10-29,VZ,3.6268377864094057,0.012763868433971592,-0.001757661827617607,0.015183606308505682,-0.015183606308505682
2025-09-02,ASML,3.623393549451456,0.005053301952097522,-0.002104041652657207,0.006167706167706122,0.006167706167706122
2026-09-03,HOOD,3.6208053984276414,0.0488645920941968,-0.00526191877928639,0.06165806284647957,0.06165806284647957
2025-05-20,HD,3.618167195663251,0.013595126669978308,-0.0017607313729957053,0.017397192488996516,-0.017397192488996516
2025-09-04,ADBE,3.617512598609369,0.0060191678354371,-0.002206886979897238,-0.021703436128608367,0.027853240588709305
2026-08-03,AMZN,3.616980498838616,-0.0032287499122622965,-0.0032486663859058185,-0.002388479100807861,-0.002388479100807861
2025-11-05,SMCI,3.6136106889432704,0.0619419642857143,-0.006776961096938816,-0.010819165378670781,-0.07209096930889825
2024-04-24,T,3.6134173255867714,-0.00417910447761205,-0.0018858848614071722,-0.009754655631096565,-0.005616316878510164
2024-09-24,CAT,3.611699332693037,-0.0021188630490955873,-0.002143133997785207,-0.000621085865120885,-0.000621085865120885
2025-01-30,UBER,3.6091478980901037,0.01486507089495337,-0.002997277459542924,0.019684436274509665,0.019684436274509665
2024-02-16,LRCX,3.6055751735454757,0.013686228565342407,-0.002646486009463933,-0.014940092746081324,-0.02842184778731338
2026-01-26,CRWV,3.605317450056068,-0.041529023124115216,-0.007010665408211381,-0.027672321263575994,-0.05907788292044913
2026-09-22,BABA,3.6028590923165043,0.021049086469647205,-0.0020400293484406085,0.028254744853143388,-0.028254744853143388
2023-11-17,LIN,3.5990517457001188,-0.002211247880887557,-0.0015492511591501668,-0.0004782752658107903,0.0004782752658107903
2024-02-09,PEP,3.597618482318336,0.00941779810226051,-0.0013473579016489712,0.011351239791255185,-0.011351239791255185
2026-04-29,BE,3.592830352878909,-0.04053516543120583,-0.006292137820595567,-0.026609411847523856,0.012847136672415438
2024-08-02,WFC,3.592764543177882,0.011507052709725407,-0.0025963781949305265,0.015708741452596597,-0.015708741452596597
2025-09-24,ALAB,3.5927482596680207,-0.056150172896426764,-0.006963901780043469,-0.04598691009300726,0.010481767629545669
2026-07-30,META,3.592103922794029,0.006704390535417382,-0.004348881756747747,0.013118328070966578,0.013118328070966578
2025-01-15,INTU,3.592005254265118,-0.008497769834113988,-0.001920518780014313,-0.017264610389610358,0.008620129870129833
2024-10-29,DJT,3.5893643911601045,-0.07603643799962811,-0.007521299763631029,-0.02613506295307122,-0.016215185043876423
2025-07-30,V,3.5871977718397505,,,-0.010737233682786562,-0.010737233682786562
2023-12-04,COIN,3.5844705557265137,-0.03603665679046364,-0.004784597060763174,-0.0244229547540058,-0.0039528481682782335
2025-09-10,NBIS,3.584095728927611,-0.01643489254108721,-0.006124984949732126,-0.0027771843623157766,-0.0027771843623157766
2025-02-05,GOOGL,3.5828388549141676,-0.015458533528305729,-0.0025737488435942923,-0.009383236689509689,0.00864522930943612
2024-05-23,NVDA,3.5805626073892385,0.003120833252816313,-0.0026464969647446157,0.008333090527665288,0.008333090527665288
2024-07-17,CMCSA,3.5801581159559546,0.0022222222222223476,-0.0017724867724868698,0.009199403281949348,0.009199403281949348
2025-12-15,TXN,3.577708163699155,0.0037227141970781474,-0.002651346059321713,0.004856287763284062,0.004856287763284062
2025-06-09,HOOD,3.5774081127777824,-0.03534482758620694,-0.004818144499179056,-0.030606407322654405,0.04991418764302047
2025-06-17,NEE,3.576059661973047,-0.03471144348807664,-0.0022525751375757075,-0.03456546275395045,0.013967268623024998
2024-09-30,COIN,3.5733602463815046,0.010716863790327102,-0.005013961273331535,0.012663138352406511,-0.012663138352406511
2025-12-09,LIN,3.5715172592415385,-0.0062808320195290035,-0.001667370187662054,-0.005155098456016138,-0.006198846785382406
2023-10-18,PG,3.571100681360551,-0.007523342513602538,-0.0014391415328811608,-0.014399682213909637,-0.006984673441689404
2025-11-21,ANET,3.5706857751822274,-0.013210263358455432,-0.005903687260322199,-0.010308414347971806,-0.015923566878980777
2024-05-22,TXN,3.570449910481596,0.00733484174146537,-0.0016134520642340222,0.008789621772366196,0.008789621772366196
2025-01-06,TSM,3.5698163696299425,-0.01672853934644114,-0.0029206785697917237,-0.01498410083956725,0.006885823439251482
2025-06-06,MELI,3.5692379543862383,-0.016127049180327813,-0.0023353029859485286,-0.013427345187001727,0.013427345187001727
2026-01-15,LRCX,3.5690199246037064,0.027458521533026303,-0.0037431305781110424,0.028240761428124594,-0.028240761428124594
2024-02-06,LLY,3.5682190925186403,0.02112500000000006,-0.0021083452380952217,0.024127164348566654,-0.024127164348566654
2025-12-02,BA,3.5665084578333213,-0.01363613192639046,-0.0023118759967666325,-0.010083307934572794,0.04327948796098746
2026-05-05,CRCL,3.5614136125242055,0.034689906083424926,-0.0066815780885498555,0.04559143382968045,-0.04559143382968045
2024-07-19,MSFT,3.5599848511121737,-0.0007541952252286821,-0.0018669867165557186,0.00034329656245701834,0.00034329656245701834
2024-01-18,ISRG,3.559843815477022,-0.007800650054171188,-0.0022581817830058526,-0.008379888268156388,-0.0006446067898582264
2026-03-19,FCX,3.558368052087619,-0.020217729393467998,-0.006232712175072264,-0.017942003685384567,0.03956939191155073
2025-04-04,MS,3.5533786521803776,0.0004005206768800118,-0.004634696534065785,0.013147489126136835,-0.013147489126136835
2024-02-20,MA,3.5529704692179136,-0.0003541233234474195,-0.0014253384723372786,-0.004801762114537422,-0.004449339207048375
2026-02-05,GOOGL,3.551888816724481,0.05188447816221897,0.05188447816221897,0.05192289370891423,0.05192289370891423
2024-02-22,PANW,3.550706229411237,-0.03105312208760469,-0.006670190387431774,-0.027567246247584887,-0.0050156041016496955
2025-04-07,TMO,3.550569160827105,0.02191467513069445,-0.0030403619438813534,0.02191467513069445,0.02191467513069445
2024-07-19,ACN,3.5494920097986067,0.004626269956458762,-0.002064255909185242,-0.006846846846846777,-0.011441441441441436
2024-03-12,BA,3.54927772469226,0.011428264835282698,-0.0023937194364815895,0.013967676335224333,-0.013967676335224333
2024-06-20,ADI,3.547205812538352,0.004273040799947836,-0.002115139702715485,0.00987835389526348,-0.00987835389526348
2023-12-04,CRM,3.541752944074824,0.00831494644956099,-0.002283048194632098,-0.006517962424337664,-0.014778712365380087
2025-12-22,RKLB,3.5405001956968767,0.019187803916414614,-0.006861188817753439,0.04346071044133493,0.04346071044133493
2024-12-10,GOOGL,3.540232619456851,-0.01776413308087632,-0.0020962247382046995,-0.016114121599653086,0.0036035547848705107
2025-07-18,TMUS,3.5396277038879354,-0.0036662396748974313,-0.0018218150725990423,0.0002859845568339292,-0.0002859845568339292
2025-05-09,CVNA,3.537242984537813,-0.026302816901408455,-0.00495210010060354,-0.026302816901408455,-0.05676056338028168
2026-08-21,TMO,3.5366696434501392,0.0034609250398722757,-0.002360650489861005,-0.010571838602490446,0.014069351983299505
2026-02-03,PEP,3.5362050857835685,0.021189894050529734,-0.0017531816187073002,0.031209780191326697,0.031209780191326697
2024-11-15,ACN,3.5340293880091846,0.004504631324080188,-0.0021829342846686473,0.010120239078400428,-0.010120239078400428
2024-04-19,MA,3.533977878201447,-0.0012419629609277116,-0.0016412940908627771,0.0013374260030695195,-0.0013374260030695195
2026-06-11,ORCL,3.5329618998423755,0.023302374728880526,-0.007969827277999775,-0.019967099665324284,0.04373475523285508
2026-05-15,JNJ,3.532086904639254,-0.005529396518208163,-0.0016641447023321154,-0.005529396518208163,-0.02054084409693724
2024-09-03,PG,3.5306549444296653,0.012997562956945652,-0.0012566521328271074,0.013679858788554489,0.013679858788554489
2026-06-01,HOOD,3.53050948418211,0.0035409981188445627,-0.005452536397982932,-0.04837587006960553,0.052088167053364165
2026-02-19,WMT,3.5290790561105463,0.02453891841200373,-0.0029130141115527586,-0.0090222652468539,-0.03333978702807361
2026-08-20,COIN,3.5287692465835696,-0.006682027649769551,-0.0051059414088217014,-0.033702512802191276,0.026795284030010746
2024-08-05,MSTR,3.525030070386142,0.17002753048017438,-0.011956228324216056,0.1813898916967509,0.1813898916967509
2024-09-09,BA,3.5241466502902306,,,-0.0033100674490462723,-0.0033100674490462723
2025-10-22,GEV,3.5238610150430123,0.01769519263552677,-0.0045123812770930805,0.01934188245104962,-0.01934188245104962
2025-07-29,BA,3.5231598638927872,0.02608512995646961,-0.00231169961494615,0.03531466325122756,-0.03531466325122756
2024-07-19,XOM,3.5222231899326113,-0.006268530283778162,-0.0017985720336419764,-0.005842506350550503,-0.017019475021168406
2024-08-05,C,3.521332760848514,0.03248898678414114,-0.0036435258023914674,-0.014903129657227954,0.04787630402384502
2026-05-08,IREN,3.51937453457058,0.02578226961642527,-0.0069891316704941975,0.028411111111111165,-0.028411111111111165
2024-10-24,TSLA,3.5187515272726637,0.05247424762674213,0.05247424762674213,0.05430560051796696,0.05430560051796696
2024-05-24,CRM,3.5179006023273485,-0.007058649617502688,-0.0018834979647648353,-0.0022492625368731867,0.0043879056047197995
2025-08-26,IBM,3.517613787995705,-0.01291512915129156,-0.0019514818719615912,-0.012510254306808855,-0.005619360131255191
2025-04-21,NFLX,3.515641095772093,-0.004801627670396824,-0.005001504141839863,-0.024598378630468654,-0.019914863215550804
2024-11-15,ISRG,3.5144861924367325,0.010187617260787873,-0.0018791101581345782,-0.0035520658066927613,-0.013703495980556979
2025-05-12,AMZN,3.514406058986238,-0.0,-0.0,0.00033526509890313694,-0.00033526509890313694
2025-02-26,ETN,3.5138469379234487,0.00861688774298619,-0.0029606521307169453,0.013775701571930421,0.013775701571930421
2025-07-18,MSFT,3.5109430278937137,0.0025427375503658256,-0.0011935498292732216,0.004353853062340263,-0.004353853062340263
2024-09-10,NXPI,3.510271029256746,-0.009488922234972108,-0.003854204758962476,-0.009399823477493463,-0.0067519858781994735
2024-09-27,COST,3.5099116437609026,-0.009022248043470737,-0.001797483502337771,-0.006728572565154689,0.006728572565154689
2023-10-13,IBM,3.5097996490391608,-0.009578954893130098,-0.0014240934203404443,-0.005751671579552697,-0.0038823783161980874
2026-09-10,VRT,3.5091375581794093,0.009361277445109728,-0.005265203877958369,0.009400822322462088,-0.009400822322462088
2024-03-04,MRK,3.5085002404625474,-0.004943273905996692,-0.0012966543181291978,-0.023780516747622715,-0.018954796449535682
2025-08-25,RBLX,3.5082787630211367,-0.016381822477750663,-0.0049755622813036915,0.004746580852775573,0.004746580852775573
2025-06-23,FI,3.5067399981293446,-0.012367908377117875,-0.0018376696212459853,-0.003198104826769299,0.009475866153390466
2025-07-24,GOOGL,3.505272998981028,0.014259335248256066,-0.0020310393340758903,0.01983985311368386,-0.01983985311368386
2025-02-07,WFC,3.5043558205646943,,,-0.014077425842131674,0.014077425842131674
2025-05-27,INTU,3.5030334764820585,0.022434938677834193,-0.002214467330455938,0.025999276850342312,0.025999276850342312
2026-08-21,MSTR,3.501792336657883,-0.004508265152780133,-0.004835621258020617,-0.01949102051238416,0.014894884671035724
2023-11-21,AVGO,3.5003905715398624,-0.005084453636677089,-0.0024101439955506176,-0.004024195922012863,-0.004024195922012863
2026-07-28,KO,3.500373143480747,-0.0016954899966090675,-0.0018806940205720046,-0.0020387359836899765,0.0003397893306149591
2023-11-03,BAC,3.498902497074281,-0.017113223854796966,-0.0026795406840350866,-0.00906239107703033,-0.00906239107703033
2026-01-15,GS,3.4988764168612683,0.0288343946358538,-0.0020414676096897066,0.049119525253176866,0.049119525253176866
2026-05-15,JPM,3.4955332640688526,0.001807886729896846,0.001807886729896846,0.004412649595507134,-0.004412649595507134
2026-03-03,GEV,3.495352695769009,-0.007148492600473455,-0.003785483744266349,-0.004004004004003914,0.004004004004003914
2025-03-04,BKNG,3.495336145508865,-0.009005165149395533,-0.0027162638908994063,-0.004063255675879618,0.009052133776147775
2024-01-24,T,3.4930836309761437,-0.015929203539822967,-0.0019490096923724387,-0.014184397163120699,-0.014184397163120699
2025-09-30,CRWV,3.4887871615567727,-0.02017695365148542,-0.007557182930262307,-0.019763694951664967,-0.019763694951664967
2024-08-05,COIN,3.4881510217223455,0.11524426133019405,-0.010724695198856438,0.12263422079183983,0.12263422079183983
2024-09-24,PDD,3.486297614305996,-0.0170776255707763,-0.0031206784083496197,-0.015440255946585157,0.05522325775490344
2024-05-31,CRM,3.4853487505363345,-0.012536640360766627,-0.004244825253664097,-0.0077532728236685555,0.062257285402911755
2026-01-15,CRWV,3.4805735770535655,-0.0267144319344933,-0.005706353268021602,-0.00730765215575746,-0.00730765215575746
2026-08-21,ABBV,3.480553820280652,0.008411037107516561,-0.002251972271306135,0.010410708156961324,0.010410708156961324
2024-02-07,AMGN,3.4791899436737626,0.04673650282030617,-0.0020383147231495258,0.04999759086455835,-0.04999759086455835
2024-09-05,MCK,3.4773979979096876,0.04867460977186666,-0.0017127445935427588,0.05156537753222834,-0.05156537753222834
2025-11-04,PFE,3.4746174151122684,-0.012190166598943564,-0.0014160910199105814,-0.006944444444444531,-0.006740196078431349
2025-07-21,CVX,3.4744842533808815,0.00452127659574475,-0.0022272986322189325,-0.00634249471458781,-0.01083509513742087
2025-08-28,CRWV,3.4742444808142974,0.0003893701937116578,-0.010455966402914685,0.010570824524313016,0.010570824524313016
2025-06-26,MU,3.473398019120234,0.0064648375906655176,-0.003216251069964482,0.012227621884307927,-0.012227621884307927
2026-08-18,XOM,3.4696172870778788,-0.006481504600632126,-0.002374265065968162,-0.0014855579203404412,0.007114624505929035
2024-02-20,INTC,3.468708236579636,-0.007918552036199067,-0.0024846315449258416,-0.012731740004467307,-0.004914004914005066
2024-10-15,BAC,3.467712789181815,0.01195779601406799,-0.0016785965499916955,0.013230300901533765,-0.013230300901533765
2023-10-10,LMT,3.4673960218912425,0.011340909090909124,-0.0017510470779220633,-0.003194309145692298,-0.014498991866971789
2026-02-26,CRM,3.4670145954219436,0.007934502451104164,-0.004589568186904813,-0.02452979172329872,0.032658925866956734
2025-01-13,CVS,3.466817753551916,-0.023078466787076035,-0.0026099452423955505,-0.012093576526566174,0.02101506740682013
2026-09-03,CRDO,3.466021699957342,0.005511143410852681,-0.011750298484219268,0.006413747201548969,-0.006413747201548969
2024-07-19,LIN,3.4630068967614878,-0.002818489289740711,-0.001451156385891439,-0.00238905542157819,0.00238905542157819
2024-04-25,CMCSA,3.46203768403239,-0.01582193617591865,-0.0018331226295829062,-0.044091258651627774,-0.028966931556011155
2026-05-19,NOW,3.4611318254866417,-0.03544636159039771,-0.004555192369521066,-0.02739980944441145,-0.052618650628238006
2024-04-12,WFC,3.4609171443984805,0.003730017761989446,-0.0017311596041613697,0.004890192940339544,0.004890192940339544
2024-03-18,GOOGL,3.460219192582539,-0.016479152878888015,-0.0020750212725725303,-0.015501821795296244,-0.02166280225240136
2025-09-11,ABBV,3.458092061279859,-0.010723248916267414,-0.001428574687917683,-0.007607662002445337,-0.002943440655708063
2025-05-01,ANET,3.456836424601151,-0.01646136618141092,-0.004142529195328759,-0.00346060021557848,-0.00346060021557848
2023-12-07,GOOG,3.456443666702545,-0.005281879918077048,-0.001950456069028994,-0.004101014461472152,-0.004101014461472152
2024-04-15,JPM,3.452294720741104,-0.014447000909625918,-0.001872835816331908,-0.010688580943173376,-0.017671071006552963
2024-09-04,PG,3.449815314153884,0.0010244152296396969,-0.0013410896200720668,0.0038352224086566356,0.0038352224086566356
2023-10-13,WFC,3.4476562043598324,-0.005100801554529966,-0.002141070127346545,-0.0036511708801487686,-0.0036511708801487686
2024-04-25,MSFT,3.44759664128592,-0.017411910158664723,-0.001892422948985839,-0.009946050983099308,0.021477333742425442
2026-07-08,BABA,3.4468223334599966,0.012638230647709303,-0.002941176470588336,-0.013038361967521839,0.025841374441045062
2024-03-08,TSM,3.4467717457332934,-0.017747309072270734,-0.003098681079300003,-0.015918865138969007,-0.06040182296681429
2026-04-09,CRWV,3.445828805325798,-0.02850948509485085,-0.006646132404181104,-0.017970633355248733,0.007012930089853153
2026-01-29,TXN,3.4451420617082524,-0.01346536486048766,-0.002749922327915044,-0.011254975522715704,0.002058836985862733
2026-01-13,PDD,3.4450556462579045,-0.014138022444110665,-0.003098246632752266,-0.013789445770352682,-0.007071510651462942
2025-11-20,WMT,3.4440042292576853,0.025942944667815437,-0.001628846311643617,0.03097643097643088,0.03097643097643088
2025-03-11,RDDT,3.4434635491098184,0.06742450538007638,-0.012846915753458643,0.0853663916707108,0.0853663916707108
2025-10-24,PG,3.4429812695536643,0.00404673324195548,-0.0014402709166689842,0.012618092403261172,-0.012618092403261172
2025-10-30,BA,3.4428841627090647,0.030991235291269126,-0.002174228850903237,0.031319585632684666,-0.031319585632684666
2025-12-09,PEP,3.4416676272785174,0.010535677635629681,-0.0015033473743879533,-0.00689608316064827,-0.01735910588714884
2026-04-29,COIN,3.4409178250929857,-0.014062500000000089,-0.006515541294642935,-0.011240957150806974,0.011240957150806974
2025-08-15,INTU,3.440828987910593,0.006078557991969991,-0.0030322598759020547,-0.0025191752867497197,0.008613046231792376
2025-12-22,CRWD,3.438214524959181,-0.013787087710469548,-0.003683636025964665,-0.012629457172107506,0.011676069294040525
2024-05-10,TSM,3.435538938576738,-0.0017394794942128255,-0.0027445258962620622,0.0008720150254897252,0.0008720150254897252
2024-01-23,BABA,3.435180535875779,0.004478219568462505,-0.002863317372002405,0.0046145494028229095,0.0046145494028229095
2024-02-29,SBUX,3.4335612568463536,0.0017951425554383338,-0.0016873510333383912,-0.0036032217041119807,0.005404832556167971
2024-04-18,ARM,3.432626836162664,-0.028976393188854477,-0.0060596597191509005,-0.026097443318861435,0.012059816690786374
2025-04-25,GOOGL,3.432491073780992,0.011783381158800732,-0.004202681133507191,0.018078136374666265,-0.018078136374666265
2026-06-10,C,3.430151143211809,0.005368727164268394,-0.002660923335854326,-0.0035663868043687152,-0.008915967010922232
2026-07-30,VRT,3.428095002472067,-0.03128905924506298,-0.008072842144106973,-0.01727097416770862,-0.03532602937125173
2026-05-15,HD,3.424969838404846,-0.008354246466781068,-0.002569699699982886,-0.005694798529947254,-0.014899182200443617
2026-01-05,TSM,3.422628437070256,0.019616788321167866,-0.0024981860444908133,0.022055700503610165,-0.022055700503610165
2025-11-14,MSTR,3.4217592594913016,-0.028284131928991707,-0.007725552941841296,-0.025585110429292124,0.013008088850571697
2026-07-01,META,3.4182059231571906,0.00824135151584926,-0.0030674183443507586,-0.011240908089045432,0.01957489987981398
2024-11-07,ARM,3.4179467906097174,0.05059804024130843,-0.004624074046398641,0.058459808881393904,0.058459808881393904
2026-05-06,UBER,3.4148736505572317,-0.017834394904458706,-0.0026396269335758893,-0.014606455482041536,0.02210291082190885
2025-03-28,APP,3.4130387661388837,-0.019617348007444857,-0.010729794777028623,-0.0022058823529411686,0.0022058823529411686
2025-03-19,BA,3.4118035242876794,0.012697947214076244,-0.0036415584415584457,0.018011909675136994,0.018011909675136994
2024-04-19,COST,3.4114155114901035,0.0033995448543252538,-0.001709853663039551,0.003875315922493683,-0.003875315922493683
2025-02-07,NKE,3.4094609903335646,0.02081254454739856,-0.0031451176051318086,0.02525897545054634,-0.02525897545054634
2026-05-11,CRCL,3.407838146674199,-0.10772093023255813,-0.007896897009966874,-0.10453575735089515,0.2214080326500325
2024-08-01,META,3.406206392202758,-0.019909220189741283,-0.0032782740704253577,-0.009261961648238115,-0.04024209178529581
2025-02-06,CRM,3.4044232804904224,,,0.010290774201268338,-0.010290774201268338
2024-08-05,ORCL,3.404301963052482,,,-0.009747661347378367,0.005345491706626904
2024-04-23,UPS,3.403917674902315,-0.021383563480359302,-0.0019497443165494843,-0.016306178828919826,0.0026952361700693928
2024-08-05,SNOW,3.4039065250291247,-0.0027440913516862953,-0.004433888895914118,0.005623493707042737,0.005623493707042737
2025-10-01,PFE,3.402098997848026,-0.020703124999999822,-0.002078683035714235,-0.01871345029239757,0.061403508771930015
2026-07-28,BA,3.4008257860598015,0.022808070548040016,-0.0026043017419350445,0.03145151903154453,0.03145151903154453
2023-10-27,ABBV,3.397961409632111,-0.014305525144150177,-0.0017300718404287263,-0.04175409148132603,-0.02804588054273316
2024-05-21,QCOM,3.3948154713934877,0.013064312736443817,-0.002669241578094117,0.013876436711979245,0.013876436711979245
2025-03-07,COST,3.3937419394210626,0.015839299026766507,-0.0021605835316225175,0.017785252000203755,-0.017785252000203755
2024-05-17,TXN,3.3927550841208727,-0.0057741440981092795,-0.0016513577633403553,-0.0027165556125063883,-0.0003075345976422117
2026-08-05,SPCX,3.392730691666427,-0.03940540065089282,-0.007342321852657041,-0.035135799546575974,-0.014030647085067072
2024-01-09,BA,3.390227235986073,-0.012249443207126953,-0.002938619153674882,-0.010808646917534137,0.004225602704385878
2026-07-29,STX,3.390127939253602,-0.0416890627218629,-0.010005042570023326,-0.02209683221933989,-0.0350481888928863
2024-04-19,TMUS,3.389694524756565,-5.5442958436402456e-05,-0.0010929567201706236,0.0013571869216533194,0.0013571869216533194
2026-07-21,AZO,3.389303337566444,0.00818872946229765,-0.0032409640226698233,-0.012799001053576231,-0.020882922958858408
2024-08-02,CVX,3.3892542714745217,0.000672856950612255,-0.0023588442240036755,0.0014119545485106189,-0.0014119545485106189
2025-02-24,ANET,3.3884553167844165,-0.041443156608884424,-0.005096642140140273,-0.03684318555008215,-0.048850574712643535
2024-12-13,COST,3.3882934363591493,0.0033485540334854402,-0.0014922396173081554,-0.008452376079570945,0.011829233351070334
2026-02-12,APP,3.388118972858949,0.04109946959997912,-0.010684699396441344,0.07083902982429491,-0.07083902982429491
2024-04-19,PEP,3.3876137291324047,-0.008427292804835451,-0.0013680858836619958,-0.004397639162133982,0.007348686494618839
2024-02-01,T,3.387240658257612,-0.0055679287305121505,-0.0021655265669742185,-0.0016638935108150843,0.0016638935108150843
2024-09-26,CAT,3.386595389366248,-0.01720788232028858,-0.0024032101675732775,-0.01720788232028858,-0.013347462972775115
2025-01-15,WDAY,3.3852082786904787,-0.0035933462532298233,-0.002479221460871095,0.004365937675238296,-0.004365937675238296
2025-05-16,INTU,3.382669760319086,-0.010650334142919826,-0.0019927449716932166,-0.008156140430078507,0.008156140430078507
2026-09-03,DDOG,3.382204024388134,-0.002287047841306844,-0.005668111351891936,0.016420924575323625,-0.016420924575323625
2025-11-19,HD,3.381331977326773,0.010211330136743024,-0.0024512456554279805,0.012286971674985825,-0.012286971674985825
2025-10-28,MSFT,3.3781284033541312,0.006791442145202886,-0.0013567622563837034,0.007153128234248851,-0.007153128234248851
2026-08-26,META,3.3763942966104254,0.007579542126750605,-0.0028272565748834744,0.010341332692010319,-0.010341332692010319
2024-04-25,AMZN,3.376222911628785,0.023573785950023574,-0.002469265676567578,-0.008319467554076532,0.032089374851438146
2025-10-22,PM,3.3761894540812625,0.023752039151712756,-0.002935609415054774,0.02415301259873348,0.02415301259873348
2026-04-30,KLAC,3.37290962348208,-0.02394061187762464,-0.0038316950895533886,-0.02394061187762464,0.05001799640071991
2024-10-31,META,3.3718505417030507,-0.017623233426640295,-0.0019914633908454382,-0.003751991639397545,-0.02782298823005369
2024-08-08,LLY,3.3717594497905994,0.0060699196492312035,-0.0038544872851511425,0.009512756941147504,-0.009512756941147504
2025-10-28,SOFI,3.3670212410168983,-0.044577511643379975,-0.005764661153882633,-0.036988110964332854,0.04573976221928655
2024-12-19,LRCX,3.3656733649376642,0.00849582172701946,-0.004243643056108359,0.01316883836983651,-0.01316883836983651
2025-05-02,ETN,3.3651760793792818,0.019480077580046995,-0.0036169995576575964,-0.009497638471446912,0.02916273078574494
2026-09-29,MDB,3.3645125675377545,-0.0002074307696096067,-0.007895988115950714,-0.025907693244436203,0.02569488842207801
2024-07-17,AMAT,3.36406938173666,-0.016173672375021653,-0.0027869931054933517,-0.005391304347826198,-0.04321739130434776
2024-05-08,ZTS,3.3624257734578977,,,-0.011462547505210363,0.011462547505210363
2024-08-26,BABA,3.3610491337360315,-0.01813664596273279,-0.003002661934338846,-0.006755926790320554,0.00429922613929512
2023-12-11,AMGN,3.359826405007212,-0.003836647360460521,-0.0015033781469204754,-0.01130685341211668,-0.007513586460954902
2024-11-21,NVDA,3.3584238704949594,0.007580885339109278,-0.0031769179446516915,0.011461704422869423,-0.011461704422869423
2024-09-06,WFC,3.3555997872249748,0.031031390134529047,-0.0020653427290198145,0.0346676197283774,-0.0346676197283774
2025-06-18,MRVL,3.3533527979321285,-0.006891068115557841,-0.004516991026466299,-0.016981132075471583,0.009973045822102344
2025-02-13,INTC,3.3528889732156975,0.021177467174925857,-0.0037127125310099096,0.021636143291778653,0.021636143291778653
2025-02-06,QCOM,3.350863449660085,-0.020857263768816914,-0.0026987053814331308,-0.016119438496312255,0.007137758743754441
2024-04-24,V,3.3474927664960825,0.018660577300460113,-0.0014036719693764077,0.022965844301166882,-0.022965844301166882
2024-04-09,ARM,3.3465722837677996,0.04379947229551451,-0.005222066663076674,0.04394361950704739,-0.04394361950704739
2026-02-02,HOOD,3.3457651442874847,0.033225806451612994,-0.0051354685099846975,0.038292865547117305,-0.038292865547117305
2024-05-17,PEP,3.3451176488795547,-0.004502773049255948,-0.001093711022380539,-0.0023561643835616763,-0.00158904109589042
2025-09-08,ALAB,3.344133833691956,0.04861650485436897,0.04861650485436897,0.05270467836257309,0.05270467836257309
2024-04-12,C,3.3412268501623754,0.033052495139338944,-0.0019901398018702388,-0.010501002004008053,-0.0432064128256513
2026-04-24,PG,3.340722915075449,0.01325606181721295,-0.001735787560427804,0.01574750830564786,-0.01574750830564786
2026-01-23,COF,3.340585709989423,-0.019911504424778736,-0.003530338179519643,-0.018347810671866638,-0.036917213260060255
2025-11-21,BKNG,3.339546709510365,0.02791022663311038,0.02791022663311038,0.02857790246007763,0.02857790246007763
2026-03-19,NEM,3.337870220439838,-0.0014097271171080727,-0.00540443344793351,0.006648733695376441,0.006648733695376441
2025-10-14,C,3.3373305258497106,-0.02490280550593682,-0.0026705294285414016,-0.019472491242530365,0.028332989903152583
2026-01-28,ASML,3.336298576784332,0.019122105843439874,-0.0031243847456292606,0.022344354295345425,-0.022344354295345425
2026-05-13,BABA,3.3356171226147353,0.08781215057771141,-0.0030945956019381438,0.0902144419608173,0.0902144419608173
2026-02-12,NBIS,3.3337331514762516,0.05175861663333725,-0.009632270153091316,-0.03129928424117434,0.08467790852844814
2024-03-18,GOOG,3.3302851200924684,-0.017434210526315774,-0.0020488674812030316,-0.016334057827833925,-0.022064150694856233
2025-02-04,PEP,3.329858257721902,-0.010469780406553775,-0.0017103182696697194,-0.005534298988794761,-0.0195408581579668
2025-02-20,PLTR,3.3288694419610985,-0.051162790697674376,-0.007783614900685576,-0.036655703322370004,0.01306067972734648
2024-05-30,DELL,3.328042942471635,0.012782522805182883,-0.004821492899059532,0.0148717205392086,-0.0148717205392086
2023-12-11,ADI,3.326857731089369,0.008377518557794339,-0.001682699590971004,0.00979637348342055,0.00979637348342055
2023-10-17,LULU,3.3263910092184625,0.0017753623188405676,-0.0028253105590061445,-0.01072904967860644,-0.01248536404693068
2025-09-18,AMAT,3.3263751839330005,-0.021981004070556365,-0.0021817600310136687,-0.020153862823707902,0.028280420413912655
2025-05-14,CVNA,3.325705374379126,-0.002676152867073456,-0.004485120310321888,-0.001470396026663101,-0.001470396026663101
2026-05-11,DELL,3.325443969767228,0.006796975546975559,-0.00465158174756386,0.018637346462146986,-0.018637346462146986
2024-12-02,INTC,3.324528505056608,-0.017038539553752674,-0.0037326282237033492,-0.012315768221279999,-0.034120734908136385
2025-04-24,PG,3.3225075722016486,-0.007899393326592508,-0.0034272082189801267,0.004245489167759131,-0.004245489167759131
2026-05-06,AMD,3.3213284105439556,-0.05004683840749413,-0.0046218066242891265,-0.04960168697282108,-0.012441424554826663
2024-10-23,ARM,3.320746164583658,0.002800924305020658,0.002800924305020658,0.012002220063826785,-0.012002220063826785
2025-02-14,AMAT,3.320010245139755,-0.014654729999429739,-0.00343421663584742,-0.010836359444348354,-0.024785290218456435
2025-07-31,ABBV,3.319695774886192,0.027046520014424758,-0.0020701921590851047,0.03873364890314035,-0.03873364890314035
2026-06-02,GOOGL,3.317183441049723,-0.017000859749840558,-0.0026132868989181546,-0.015395691421609348,0.0019383064739435518
2025-03-13,TTD,3.31605632789718,0.05919650655021835,-0.006324953212726081,-0.01892069280479014,-0.07699716043945504
2026-04-29,MA,3.314737976695118,-0.0010865628395506643,-0.0018276858390089412,0.007596658981820936,-0.007596658981820936
2025-09-02,QCOM,3.313143738169897,0.0005671077504725286,0.0005671077504725286,-0.018875192604006052,0.019453004622496106
2023-11-17,JNJ,3.3130784612831072,0.00026691578806903316,0.00026691578806903316,0.0014662756598240456,-0.0014662756598240456
2026-06-23,VRT,3.3111980124019786,0.011882251926471854,-0.0064679947590826625,0.012751388414879994,-0.012751388414879994
2025-11-06,MRVL,3.311045155478339,-0.02380222698947798,-0.004260459991535681,-0.010253754531330816,-0.033350595546349004
2026-09-17,CRWV,3.3103492827447867,0.016984615384615376,-0.006733107692307838,-0.010353227771010887,-0.027161997563946327
2024-09-23,INTC,3.3086648219401376,-0.007912087912087862,-0.0049151962323390475,-0.03151212876898657,0.023350714123781424
2025-08-13,BABA,3.3007914409655355,-0.00387364286103975,-0.002560441445956574,-0.003937150507994036,-7.875876191232312e-05
2024-04-24,VRT,3.299431555957494,-0.047000216590859956,-0.005361482409728002,-0.028322199525202874,-0.06663722188483401
2023-12-13,LIN,3.2964929015009794,-0.006052503646086449,-0.001585210778526247,-0.006052503646086449,-0.006052503646086449
2025-01-22,DELL,3.294937838608184,-0.022393692862534564,-0.0035523717664538434,-0.01329044273258273,-0.025565055447388407
2023-10-09,PDD,3.293866378227772,,,0.004035664007508322,0.004035664007508322
2025-10-29,PYPL,3.2932105185126455,0.011631205673758749,0.011631205673758749,0.01831501831501825,-0.01831501831501825
2024-08-21,ANET,3.2930175674778868,0.003665379084783149,-0.004140790835746699,0.0059059568215216185,0.0059059568215216185
2025-04-07,LLY,3.292540278981436,-0.013859321371160416,-0.003908784811226473,-0.011070692025664575,0.03609074243813026
2025-05-23,SNOW,3.2921930413904006,-0.01817447495961222,-0.0030158341507038333,-0.0061712909537905425,0.0031609051226733076
2025-11-12,AMD,3.292083342876903,-0.023462847194745562,-0.004898707310731609,-0.01620838912589917,0.007730514122006538
2025-05-30,MRVL,3.2916324373736536,-0.02216996976822294,-0.0050675176352033,-0.016366065464261892,0.00384101536406134
2024-08-15,BABA,3.291188045015576,-0.009032579580140698,-0.00250820941346086,-0.008533542080608525,-0.008533542080608525
2026-05-11,QCOM,3.289468544663432,-0.02475174918687606,-0.006307616558024254,-0.05929758354129888,-0.036013553269624854
2025-05-16,ACN,3.2885785707024664,-0.020446216164084152,-0.001989618447520547,-0.018726832164577933,0.01985012115474105
2025-03-10,IBM,3.285678619694001,0.013589251439539374,-0.0023205593638606636,-0.010107919136646992,-0.02355981152150799
2023-11-28,MU,3.283773231589698,-0.017243648808740297,-0.0023557137215818313,-0.01698485845951292,0.0022383146807110066
2024-08-05,KO,3.2831258877211797,0.009882284551664067,-0.0016697116282933244,0.010601219866395617,-0.010601219866395617
2024-10-11,TSLA,3.2795949408130918,-0.0120264137242444,-0.004480079487545252,-0.02193775798896147,0.009647511710959566
2025-07-17,TSM,3.27777895846544,-0.021217864205669068,-0.0021694398012996885,-0.020524116351359645,0.009860633633201
2024-09-24,V,3.2762226084803943,0.013614040156001872,-0.001610975836239481,0.017938840042496684,-0.017938840042496684
2026-02-11,SPOT,3.27488609043029,0.0031696693319155367,-0.005076352513971427,-0.018594149816868133,-0.021704881842356083
2024-05-02,PDD,3.272342937730084,0.057995538804707536,-0.003416764644477932,0.058484032320123225,0.058484032320123225
2025-09-25,ACN,3.269368924254794,0.01848101265822788,-0.0026322121760096184,-0.015535432416715178,-0.033729334551798607
2023-10-06,KO,3.2689677302002003,-0.008042895442359255,-0.0016439924495268432,-0.00471380471380467,0.02260702260702252
2024-01-26,TMUS,3.2683549112818895,0.00012954966070344298,-0.0012683969331099831,0.00409389322432796,0.00409389322432796
2025-01-21,NFLX,3.266985096119379,-0.01314412004187493,-0.0025512969640573147,-0.010337523599023735,0.0035225859925405167
2024-11-21,TGT,3.2660164945492456,-0.013516794819910971,-0.004734456842226953,-0.0077342668729137865,-0.010095253602540044
2025-02-21,JNJ,3.264339750581375,0.01462500000000011,0.01462500000000011,0.014815277864599574,0.014815277864599574
2023-11-09,LLY,3.263828112915098,0.01958118481919313,-0.003206632779950258,0.020993377483443654,-0.020993377483443654
2026-01-29,TMO,3.2636817439357624,0.0025909806777191235,-0.0026410052327648925,-0.025431307684960824,0.028088180389501005
2025-12-03,DASH,3.2628400907068253,0.012332195676905577,-0.004401852754753799,0.01515013233549345,0.01515013233549345
2025-09-05,ORCL,3.2589471850384775,-0.01753453400944216,-0.0031151019159194604,-0.009459213322347004,0.009800945400928018
2024-04-26,TMUS,3.2573084341418754,0.0024756257831841655,-0.0011468871298022654,0.005086719372433768,0.005086719372433768
2025-04-07,BABA,3.255480420234078,-0.025051604428598218,-0.004903064096721366,-0.015108811162962699,-0.021069167860278126
2026-07-01,CRWV,3.252690204394435,-0.03327338129496393,-0.009062781025179878,-0.013211845102505615,-0.0240888382687926
2023-11-14,TSM,3.252604965737593,-0.0056287064026534495,-0.002352713122639738,-0.004227478610971169,-0.004227478610971169
2024-05-13,WMT,3.2509562527793046,-0.008413064995051123,-0.0013847857849837997,-0.004924491135915976,-0.008371634931057192
2026-02-04,NVO,3.2491460158959415,0.014181438998957185,-0.005905705347832635,-0.018021707966414002,-0.03194757321318853
2026-07-17,KO,3.248390319098271,0.029565734681737066,-0.0021329905668394655,0.030257995482106836,-0.030257995482106836
2025-10-30,LLY,3.246970587724586,-0.02783006184458192,-0.002463231981785441,-0.006679674874606523,0.010594108000048008
2024-05-17,GME,3.245660450213948,-0.0748878923766817,-0.03467789878283145,-0.05436853726459945,0.05105886024179562
2024-07-09,INTC,3.245427494023485,0.006034482758620507,-0.0022424055829226575,-0.008547008547008628,-0.014529914529914478
2026-09-25,COST,3.2450314159506606,0.014498329229686968,-0.001283826032611346,0.01607309957615466,0.01607309957615466
2024-12-06,UBER,3.24450680175569,-0.017470509183216354,-0.0037426246293649212,-0.017470509183216354,-0.012094967896072895
2024-01-30,DHR,3.2443410259933447,-0.023478297196808384,-0.002491456740610909,-0.01508183136523722,0.01508183136523722
2023-12-14,CAT,3.24273425180121,0.03788347465337161,-0.0015324767484781177,0.03901781485664313,0.03901781485664313
2024-01-23,NIO,3.2407217437557563,-0.06038291605301915,-0.006017252261729444,-0.05899705014749268,-0.08407079646017701
2025-01-28,ANET,3.2401186432885742,-0.03126894124547852,-0.005927942963283694,-0.029557876244388215,0.03962521959789189
2024-05-17,PDD,3.238781731899886,-0.011373092926491024,-0.0034882058648701975,-0.00852585258525862,0.0052255225522550575
2024-08-02,KLAC,3.2381407251182095,-0.030536876066926566,-0.0061721166101977865,-0.029875866050808275,0.005181870669745958
2025-05-16,CMCSA,3.2381037510738846,-0.006628120152305739,-0.0018829300723249842,-0.005530346001134445,0.00623936471922848
2025-02-26,VRT,3.236209692706249,-0.010553278688524514,-0.0071453673887587055,-0.004378818737270862,0.004378818737270862
2025-01-16,UNH,3.2359171937269897,0.030502346042391326,-0.002084178163036965,-0.02100924162912743,-0.050870756513258786
2026-05-15,ABT,3.2344083376333908,0.012045374809963705,-0.002419725345406576,0.013717821493199445,-0.013717821493199445
2024-04-17,UNH,3.2325732340311903,-0.02334399081816696,-0.0023756807322043993,-0.01936473240220349,-0.015290156132412136
2025-03-14,MU,3.2313683339587698,-0.011960784313725492,-0.005600105042016801,-0.011767013139831417,-0.011767013139831417
2025-07-30,VRT,3.2308957507089158,-0.040009962474678695,-0.004332727678126647,-0.03639400000000004,-0.03720000000000012
2025-12-18,HD,3.230477809536332,-0.009809279195584497,-0.002070677164247914,-0.007938897861972771,-0.027977771085986536
2024-03-11,BA,3.224558897939848,0.003160458007357092,0.003160458007357092,-0.012182283357976331,-0.015304239770346784
2024-07-17,TSM,3.2237997062292556,-0.010475973582327325,-0.003391673715717247,-0.008273894436519158,-0.022539229671897254
2025-08-11,MU,3.2228015807563386,0.008970764917901386,-0.003266371073860075,-0.0023572655719366065,-0.01130688401454305
2025-06-13,CVNA,3.219956789338949,0.025929325378614032,-0.004018623970928559,-0.013006341400284782,-0.03859842112074552
2024-06-26,CMG,3.219334702907712,-0.04743772806600033,-0.0027883774166497233,-0.0386153473430515,0.035940936421386516
2025-07-30,SOFI,3.2180621844327075,-0.012100677637947754,-0.0054159175770984724,-0.00384061449831985,0.05208833413346148
2025-02-14,PG,3.218061937294909,0.018383460912542837,0.018383460912542837,0.018797445475358332,-0.018797445475358332
2026-09-28,BA,3.21741275882432,0.024490875429780568,-0.003093977405826065,0.0246198598439773,-0.0246198598439773
2025-08-15,GE,3.216038922739274,-0.005310265888578414,-0.0024514047677126616,-0.004801200300075026,0.004801200300075026
2025-12-16,ACN,3.214767368925949,0.010909090909090868,-0.00247720519480521,0.011697217455316489,-0.011697217455316489
2025-08-15,JNJ,3.2143154476090294,0.003920900102284408,-0.0015064820677674895,0.006064747586913777,0.006064747586913777
2025-04-11,WFC,3.213011052019279,-0.03567888999008928,-0.006082743404596691,-0.01987537025379771,0.016134200634047025
2025-03-04,WFC,3.2125950385547437,0.005966910767561728,-0.002453388352900099,0.008387445887445999,-0.008387445887445999
2025-09-11,LRCX,3.212198367839153,0.03299356223175964,-0.0026933246474555306,0.03535421427611252,0.03535421427611252
2025-05-12,HD,3.211915687980954,-0.010765202211230673,-0.0016868550419611994,-0.009533898305084776,-0.002515889830508544
2025-01-28,VRT,3.2099046902572232,-0.04610034773969196,-0.010523241785536985,-0.04464728643714655,0.057049310447464974
2023-11-27,PDD,3.205722226441632,-0.008838383838383868,-0.0033020683020683617,-0.010633772862611579,0.0017014036580178526
2026-05-22,INTU,3.2040597947393774,-0.030430254507583188,-0.00768407398108617,-0.02146496815286625,0.019267515923566902
2025-10-30,MSFT,3.203683487918754,-0.012012864169504311,-0.001676778282255098,-0.009138197666244907,-0.014424293547026679
2026-06-03,PANW,3.2026018150471125,-0.012163504001623027,-0.005269152711781189,-0.0016430918702672326,0.0016430918702672326
2026-07-17,PG,3.202553404152844,-0.004244759354796623,-0.0021556613894824217,-0.0030787370627538557,-0.017686361849862386
2024-03-21,GS,3.201711356967636,0.017741141732283472,-0.0018861607142858228,0.01879402926252527,0.01879402926252527
2024-09-16,GE,3.1998099650836385,-0.011375175119080927,-0.0026487651603088747,-0.005988023952095856,0.010667038016989316
2024-08-05,NVDA,3.1995881485201756,0.06331254624246907,-0.008095610551587695,0.06935955354770118,0.06935955354770118
2026-03-09,LITE,3.1993019321599805,0.035076097844702,-0.010663279154683791,0.03536883954328385,0.03536883954328385
2026-05-26,SOFI,3.199080936245819,0.02590673575129543,0.02590673575129543,0.02709284627092845,-0.02709284627092845
2025-09-17,UBER,3.1987731357116185,0.017542005706435604,-0.0028728204586283557,0.0214714240606253,-0.0214714240606253
2024-02-23,BA,3.198491245942908,-0.01281438030261084,-0.0021413286242972784,-0.012330145948666438,0.010417715148465234
2026-05-01,GOOG,3.1972222838236153,0.01052992263999264,-0.0025052065977222426,0.011476361333896179,0.011476361333896179
2024-06-12,AAPL,3.1967628881599333,0.0154403354937096,-0.0018282943467131663,0.015695421028823153,0.015695421028823153
2024-01-18,CVS,3.1958223866624085,-0.01650165016501659,-0.0022114175703285,-0.00885920676025631,0.006951069919585606
2023-11-03,INTU,3.195294189800719,-0.008737351160238882,-0.0027669942931454194,-0.003523123025836239,0.00929375556815426
2023-10-30,F,3.195000546476986,0.005091649694501044,-0.0038262292697119893,0.010893334413217715,-0.010893334413217715
2025-11-03,IREN,3.194057626480763,0.04643962848297212,-0.009169042258051485,0.05044843049327341,-0.05044843049327341
2024-09-30,BA,3.1932580269012183,,,0.0020676753421510208,-0.0020676753421510208
2026-07-17,CVX,3.1920594466494423,-0.005014883745876775,-0.0019647540638181304,-0.0037814565598548455,0.0037814565598548455
2024-01-17,MS,3.190323050960506,-0.009310548025928012,-0.0020792743496927946,-0.0033108667376138268,-0.0017736786094358914
2025-03-12,VZ,3.1888104563951014,-0.01909134847752525,-0.003140768487191803,-0.0028537455410226897,0.012485136741974046
2026-07-30,CRWV,3.188741600384397,0.0470521541950113,-0.008663538629737566,0.07274575286772156,0.07274575286772156
2025-05-16,ABT,3.18782403131565,-0.007751937984496138,-0.002154528056424576,-0.006918333583997738,0.013460670777560635
2026-09-09,NKE,3.1876490484449853,-0.011772486772486768,-0.0026600529100528902,-0.017633598061650213,0.005653519989231137
2024-10-17,LRCX,3.186796918707234,0.012420683137572386,-0.004410490076954154,0.01302030628077977,-0.01302030628077977
2024-05-17,TMUS,3.18652561441454,-0.0025812795771618102,-0.0011784770450495863,-0.0010739161118098473,0.0064128133533796206
2025-07-15,WFC,3.185946965166592,0.01597603594608088,-0.0017407995150131583,0.0202559960233627,-0.0202559960233627
2026-01-15,KLAC,3.1851367125322767,-0.004398392622549596,-0.002966840480299604,0.0038178595313382857,0.0038178595313382857
2026-09-21,CRWD,3.1836123269510654,0.05088532883642505,0.05088532883642505,0.05248268873501094,0.05248268873501094
2025-10-24,SNDK,3.181491733991413,0.03665942392333821,-0.007358945583916254,0.045102224219276676,0.045102224219276676
2025-06-13,XOM,3.180982981886505,-0.0029524917240761894,-0.0017812855481280643,-0.006268059568793061,-0.0033340742387196753
2025-08-13,CRWV,3.1800983352198298,0.09712557427258794,-0.007503926930649829,-0.026061432703902487,-0.12065577535875749
2025-09-18,SPOT,3.179773396260545,0.0018968340611356105,-0.0026702764348097707,0.004377624864909224,0.004377624864909224
2025-10-27,PLTR,3.1776780510990568,-0.01376505552948526,-0.0039890691455685134,-0.00031710797526562917,-0.00031710797526562917
2023-12-11,TMUS,3.1749364902784465,-0.006564961860697882,-0.0011069999464083935,-0.003324551499184536,-0.003324551499184536
2024-11-21,MARA,3.173450619730109,,,-0.029030992546096424,-0.05119654766575121
2024-12-09,AMD,3.1694177587875245,0.013566475731082384,-0.00319011908350908,0.01533350235972386,-0.01533350235972386
2024-09-05,VZ,3.1691672441813195,-0.00024213075060552924,-0.001571757177447175,-0.0016920473773265332,-0.0014503263234226793
2026-02-19,BAC,3.16915456433132,0.0018986140117713823,-0.0027846700480077535,0.004760091393754662,0.004760091393754662
2025-05-16,HD,3.16891508195939,-0.005097254387173011,-0.0018070308886870556,-0.003218912429751253,0.004564523363499662
2026-03-02,COHR,3.1680464529079257,0.05676429947455319,-0.006306057554245514,0.06277787657833911,0.06277787657833911
2025-11-14,TXN,3.16789196486941,-0.005236593059936956,-0.0025347183415953545,-0.003021718602455259,0.003021718602455259
2023-11-17,MRK,3.1671904379258127,-0.0006884343036979157,-0.0016220355175902146,0.0009818360333824216,-0.0009818360333824216
2025-08-11,SBET,3.1665369973328428,-0.04337152209492645,-0.012647211830722371,-0.01897018970189701,-0.06816760475297057
2024-12-19,QUBT,3.166354752757577,0.20735078534031426,-0.01404334330590884,0.23382591093117422,-0.23382591093117422
2025-07-24,GOOG,3.1657509239344326,0.014588859416445499,-0.002028962748127139,0.01924150885921705,-0.01924150885921705
2025-08-12,BMNR,3.1650491767088633,-0.09060402684563762,-0.010596824065196575,-0.08607204500682553,0.03995575509576654
2023-11-17,BABA,3.1622805799392015,-0.012564102564102564,-0.0032421703296703352,-0.012374174520741188,-0.005065076617298159
2024-09-30,OXY,3.1599657376809143,-0.004701273261508376,-0.002228207639569213,-0.003319016009371345,0.006052323311206642
2026-05-29,ORCL,3.158291098027213,0.062053067369213455,0.062053067369213455,0.06270300804971041,0.06270300804971041
2026-05-07,ANET,3.15783021003683,0.01664355062413303,-0.005803199920745072,0.018107537305681376,-0.018107537305681376
2024-02-21,ADI,3.157787332149422,0.010620486345461533,-0.0020868561962573695,0.01407860993353216,0.01407860993353216
2023-11-08,UBER,3.1557799264575057,-0.01740538352560228,-0.0034998843496110155,-0.011265338966002902,-0.004224502112251116
2024-05-16,DELL,3.1538699978301974,-0.005016837330767743,-0.003733518560334659,0.006521739130434634,-0.006521739130434634
2024-07-25,KLAC,3.1538501809424715,-0.029893489079806823,-0.004386387560785021,-0.02218470547891016,0.004946055026510798
2026-02-04,PYPL,3.1538290117215353,-0.03274621681964773,-0.004901300634369443,-0.029917839126982093,0.01495026063378413
2025-10-22,VRT,3.1537450109776684,-0.006451234531699157,-0.0055184865571353825,0.023528407636063564,-0.023528407636063564
2025-02-19,ANET,3.1524476647687427,-0.005123247945867604,-0.004625326244562578,-0.021749408983451457,-0.016737588652482205
2025-02-24,ORCL,3.151194696240997,0.006078316773816428,-0.0030757785756032607,0.01391627043952226,-0.01391627043952226
2024-05-30,ADBE,3.150801403098047,0.02731080520953777,-0.002081840790593148,0.03445147039715879,-0.03445147039715879
2024-08-07,DIS,3.150031258177254,-0.021939953810623525,-0.002653827119762475,-0.019585253456221308,-0.00944700460829484
2024-06-12,VST,3.1490495295564327,-0.008237782478013989,-0.007013772045609823,-0.007564801423962431,0.007564801423962431
2025-01-15,MS,3.148310952201342,0.004617160446325652,-0.0020049029846644917,-0.007794020706502813,0.012447167396952397
2025-10-31,ABBV,3.14724870529186,-0.0074354592897056815,-0.0015480039057602646,0.0037904735808559353,-0.0037904735808559353
2025-07-23,CRWD,3.1462946269917893,,,-0.007135687164491644,0.007135687164491644
2024-03-08,GE,3.1448615925915355,-0.015952999131620293,-0.001754954377117035,-0.014974292823611624,-0.017781377230367768
2025-08-06,UBER,3.144319144341764,-0.014545454545454639,-0.0025872889610389915,-0.004858843669490742,0.004858843669490742
2026-02-24,HD,3.1439174145913746,0.007457679603633305,-0.002394385174590008,-0.008557942000435026,-0.01595179921456258
2024-07-31,MSFT,3.1434656504843397,-0.006762122488268574,-0.002353005483266557,-0.005093215452623534,0.005093215452623534
2025-03-03,MSTR,3.141763067619473,0.12514790840119716,-0.007662458113335102,0.08127881585456265,-0.14122945824143684
2026-09-21,COIN,3.1403222566413502,0.012093800698097512,-0.006343026399882046,0.016012143766526377,-0.016012143766526377
2025-06-23,SMCI,3.135407931243203,0.02375268560515631,-0.005147819118098473,0.03184185606060608,-0.03184185606060608
2024-05-30,DHR,3.133206506895597,0.009787863049818268,-0.0016279813031840895,0.01095912327013826,0.01095912327013826
2026-01-29,INTU,3.132308535940143,-0.0022316980831307287,-0.004269789241165611,0.014788553072297317,-0.014788553072297317
2026-02-03,CSCO,3.130865819958434,-0.001381547333012878,-0.002054386627308391,0.004410343160947239,0.004410343160947239
2024-09-17,ADI,3.1308245930941863,0.005734703780493233,-0.0031711493984862837,-0.004129508412775151,-0.009840530685762072
2025-12-05,SOFI,3.130687489187196,-0.012732976563941678,-0.006158199984182655,-0.004760161113145367,0.017209813255217865
2024-08-01,CVX,3.12845666325799,0.0332678537481782,-0.001924556654928633,-0.005702044545254026,-0.03878020350943512
2026-02-26,SNOW,3.1265894457948558,-0.040084598213791955,-0.00616912674024761,-0.027958383080334492,-0.015805332878503497
2026-06-02,ORCL,3.1249450527596174,-0.028829818091409942,-0.0045603708022801115,-0.024457418715959633,0.009201188314903463
2025-01-24,BA,3.1242728243621145,-0.01427931459289955,-0.002741824392429093,-0.011289597843181287,-0.011289597843181287
2026-08-17,CBRS,3.1231600636690398,0.05074639312817952,-0.009589930543145497,0.053822348611575865,0.053822348611575865
2025-10-01,TMO,3.1205796837200825,0.058754336297300425,-0.0024729697014577168,0.0593034389212479,0.0593034389212479
2026-01-21,JNJ,3.119562956458739,0.0033355570380253496,-0.0017099839958987229,0.00939597315436247,0.00939597315436247
2025-07-15,AMD,3.11775022925986,-0.009108280254777168,-0.0033844494995449725,-0.007021127210059319,-0.007021127210059319
2024-10-17,NFLX,3.115492658769384,0.004934876989869719,-0.002004444903865865,0.010604926902267664,-0.010604926902267664
2024-01-16,IBM,3.115492166817562,-0.007605480775034756,-0.001152075123524554,-0.008023471648404334,-0.00047901323274046614
2024-07-24,GOOGL,3.114353523869193,-0.006620229117494714,-0.002181238023964416,-0.00958909125357943,0.0029053801549574487
2024-07-29,MCD,3.112729387034014,0.02632818017735228,-0.002049665923027799,-0.010326851796792935,0.036926919188915885
2024-10-09,BA,3.1095316195671385,,,-0.0011058610636371924,0.0011058610636371924
2024-08-06,CAT,3.1090320423738382,0.01670302274851987,-0.0033737924587098345,0.024895157616975805,0.024895157616975805
2023-10-23,CRM,3.1090304848008157,-0.006510670348983005,-0.0025445715720382456,-0.00499069446561351,0.012478240291359466
2025-04-04,WFC,3.1087193868315386,0.023798076923076894,-0.0035607944139193215,0.026761463492570803,-0.026761463492570803
2026-09-01,PFE,3.1083979321292574,0.00643366371065901,-0.0020893509203367966,-0.009131633356306068,-0.015506547208821497
2024-09-19,TMUS,3.106998847516469,-0.006057546693589266,-0.0020283767217132986,-0.0018095908314064157,0.0035186488388458947
2023-10-19,QCOM,3.105369383593185,0.008820384889522415,-0.0022906526830261953,-0.012449958206854128,-0.021160529673133643
2025-02-07,BKNG,3.104574305099584,,,-0.02677817602548782,-0.02677817602548782
2024-07-31,VRT,3.1042584952910706,-0.038589743589743764,-0.007359413919413971,-0.028005243448544492,-0.0020697155314955973
2024-02-27,COIN,3.1037149193392097,-0.04330839963790545,-0.0067853535525411734,-0.041939023808387765,-0.049477551409895515
2026-07-15,ASML,3.1036365151004026,-0.029056289527582102,-0.005072330451389995,-0.027856225569952597,0.027856225569952597
2023-11-15,RIVN,3.103218646542692,0.029253731343283462,-0.006939104477612035,-0.014536644457904258,0.044215626892792015
2024-07-15,PDD,3.0994544879203128,-0.02112989323843406,-0.0030089285714285374,-0.018110585452394856,0.02003252513305731
2024-07-24,GOOG,3.099424675832775,-0.006156652605176061,-0.0021159421470104967,-0.008990147074894761,0.002778145257309239
2025-09-12,SMCI,3.097627916864839,0.020465926409753976,0.020465926409753976,0.021743857360295715,-0.021743857360295715
2024-10-23,GE,3.0963073061706035,-0.00011002915772684307,-0.0022383231556362126,0.008759417400503455,0.008759417400503455
2024-12-10,JNJ,3.0961311368786903,0.002606080855329207,-0.001449582358837187,-0.0030644194257545276,-0.005662514156285492
2024-04-22,VZ,3.092234336996143,0.05965424884343806,-0.0015641413614386757,0.0653436592449178,-0.0653436592449178
2023-10-25,TMUS,3.0911824847247904,,,-0.009061368223656885,0.009061368223656885
2024-08-02,SNOW,3.0899692227945703,-0.01810608636518185,-0.004028355272744921,-0.0173277839123418,0.0173277839123418
2026-05-04,CRCL,3.0898953100337354,0.08623978201634874,-0.006623673284027576,0.08920765027322397,0.08920765027322397
2025-12-10,WBD,3.0895680202702103,0.013216615173360813,0.013216615173360813,0.014261168384879674,0.014261168384879674
2026-04-21,GE,3.089358348223836,0.014535582969657512,-0.0039060488839361973,-0.025940554291069784,-0.04009907618155051
2026-04-08,TSM,3.087604408111187,0.003215609330717295,-0.0034499634058986484,0.00813520035381532,-0.00813520035381532
2026-05-01,AAPL,3.0854018563170706,-0.012687224669603592,-0.002082693517935774,-0.0018882713410289798,-0.0018882713410289798
2026-07-14,GS,3.0843594314658596,0.03788181818181835,-0.00271580389610393,0.04332131613457424,0.04332131613457424
2024-08-14,MS,3.082090513793138,0.006579613321186173,-0.0027728298121555417,0.011957461965094396,0.011957461965094396
2026-06-01,ADBE,3.081117091736006,0.003809523809523929,0.003809523809523929,-0.0376677182713141,0.04162073815044298
2024-12-16,AVGO,3.0809286565860705,0.04940647668491671,-0.004001090063481927,0.05378519642556068,0.05378519642556068
2025-10-30,MELI,3.0792249202845228,0.027359721618094968,-0.003399629652644065,0.036521143820106516,0.036521143820106516
2023-10-19,TMO,3.0779202045570857,-0.010305550533357577,-0.0023918114705654414,-0.008557171674275388,-0.0030151820787769346
2023-10-27,CVX,3.0776188258351267,0.018552497451580163,-0.0023629095674966294,0.023818504053566447,-0.023818504053566447
2026-07-15,MS,3.0768485435683597,0.0028086189494009872,-0.002733309719200827,0.004505791590654118,0.004505791590654118
2026-03-03,RTX,3.076584129104993,0.023177711555744773,-0.0023748606296498664,0.02734145020370682,-0.02734145020370682
2024-09-19,PYPL,3.0755629887486213,0.02443211833069192,-0.0027661685910497225,0.025380039656311748,0.025380039656311748
2024-07-24,VRT,3.0743577594884783,0.08657757117954679,-0.00519997509753467,0.09509555606723474,-0.09509555606723474
2024-06-18,QCOM,3.0728799805545686,-0.012694119699877882,-0.002764096268414895,-0.004130353189858438,-0.001358304069148053
2025-02-21,TXN,3.0724870763928775,0.01021708237369523,-0.0023745318483154865,0.011960084136379168,-0.011960084136379168
2025-05-29,NVDA,3.070064628565699,0.01660425351515571,-0.002972307738894342,-0.011523955859756962,-0.02793686269031992
2026-01-07,MA,3.0681680553633424,-0.006119016151456491,-0.0013695108465108241,-0.0024205357911966097,-0.0006374364717030012
2024-12-03,MRVL,3.067671275794213,-0.011904761904761973,-0.003190221815221883,-0.005421994884910575,-0.01790281329923271
2023-10-11,AMGN,3.066698273918672,0.02541576283441782,-0.0017386246255552962,0.026529134998190207,0.026529134998190207
2023-11-20,MSFT,3.06629298429421,0.006074654304212279,-0.0015890397402665846,0.006208697505862393,0.006208697505862393
2025-08-07,TSM,3.0659217430711645,-0.012174267100977132,-0.0022926332014890916,-0.0091889242832639,-0.009148084619782781
2024-01-12,BAC,3.0649234358121444,-0.027853466545564642,-0.0018216123870075096,-0.02490130580018224,-0.003947767992711904
2025-07-16,F,3.063369982314854,0.0092592592592593,-0.002551146384479841,-0.0035149384885765356,-0.012741652021089789
2025-12-05,ADBE,3.062836681167842,0.02771924617895838,-0.0023378775994742362,0.030103203674805235,0.030103203674805235
2024-09-23,CRWD,3.062461328859844,-0.010503780022746989,-0.00336899903468435,-0.0038779630418168676,-0.015699907181417894
2025-08-05,RDDT,3.0609202340233312,-0.03903407131376202,-0.005088640364051544,-0.027509912379460544,-0.025551911498360225
2025-12-05,SNOW,3.059893541566263,-0.023788131604843166,-0.005308530600020789,-0.016261576590286486,-0.005239358232966729
2024-07-24,TMO,3.0583909984635467,0.021970599214319764,-0.0020012112778345914,0.023571721056098394,0.023571721056098394
2024-04-16,JNJ,3.058032893579703,-0.005359504419851113,-0.001448264375702113,-0.015014397367338672,-0.009735362676539294
2025-05-08,GOOG,3.057473629373437,-0.011676938047356256,-0.003532032806635499,-0.009385113268608247,0.008229126213592286
2025-10-16,TSM,3.0568134122194426,0.00816906998280209,-0.003883728951297405,0.011275592628004372,-0.011275592628004372
2024-10-21,BA,3.0563531880802253,-0.016548754229467888,-0.002443854638133347,-0.012045676046649967,-0.012045676046649967
2024-09-11,LRCX,3.0523272278158395,-0.009389607750152629,-0.004023653062607102,-0.009319849296054006,0.049033484447544184
2024-06-07,GME,3.0521817231683563,-0.12771084337349392,-0.013647091222030894,-0.12771084337349392,-0.32024096385542167
2024-01-30,F,3.0517644811636653,,,-0.012366737739871958,0.004264392324093924
2025-06-17,AMD,3.0515358129881354,-0.015311674180009338,-0.003504896626768228,-0.007635979167482487,-0.004738222970591677
2026-09-17,HD,3.050941068078946,0.0144299674267101,0.0144299674267101,-6.514233600407593e-05,-0.014494169760927544
2024-02-16,WFC,3.0495651840604774,-0.010102972605401161,-0.002584515251602859,-0.00961258374599483,0.008253228468783513
2024-02-21,BAC,3.0490648849513757,-0.008858858858858953,-0.0024337194337193946,-0.008707401291097483,0.011860081068908679
2025-07-29,SNPS,3.0488393365717785,-0.01222049689440996,-0.0031419143744454425,-0.012128459173215034,-0.012128459173215034
2024-11-13,SHOP,3.04771938118828,0.05101993304221519,-0.003529630495750835,0.054550451151925916,0.054550451151925916
2026-07-23,AAL,3.0475346632104046,-0.004818383988139274,-0.005284337604574807,-0.002218114602587695,0.002218114602587695
2025-01-30,MA,3.046130469746178,-0.0033999823835109133,-0.0013727888160461887,0.0016288951841361143,0.0016288951841361143
2025-04-30,APP,3.046105390598805,0.03505400315178542,-0.008752291084400898,0.03595788307436654,0.03595788307436654
2025-09-17,PDD,3.046033768154821,-0.014925373134328401,-0.0022841098081023414,-0.011778918755662948,0.01834793113862876
2025-10-22,VZ,3.044605695078326,0.006317917614354407,-0.0018087476082169207,-0.01253838280450359,0.01893551688843398
2026-09-30,MDB,3.044438859420028,-0.031124944419742118,-0.007725864273010252,-0.026145251396648028,-0.026145251396648028
2026-03-06,WFC,3.0439567308304913,-0.02805174843089553,-0.0038285147029222255,-0.025686900958466596,0.027476038338658304
2023-10-10,KO,3.0437102520291854,-0.00537574404761898,-0.0018081685799320457,-0.002578371359673648,0.002578371359673648
2026-06-26,MPWR,3.042013509515943,0.0051441578148709866,-0.009043993605029277,0.005287553387599675,-0.005287553387599675
2026-03-23,CRWD,3.041815751533719,-0.004048192771084369,-0.004519876075731455,-0.01165228414021735,0.007556920676709877
2026-06-04,UNH,3.0417307987929187,-2.5214321734856604e-05,-0.0021878737122684733,0.0005045535962058256,0.0005045535962058256
2026-04-22,BA,3.0408718718831307,,,-0.009489657585166289,0.011238903222985153
2026-09-02,DDOG,3.0388179095169563,0.017977000704060164,-0.0056031448016897745,0.023249299719887873,-0.023249299719887873
2024-01-16,AMAT,3.0385610038900346,0.015516672169032741,-0.0022050983351411535,-0.007584325726831098,0.023218681391790286
2024-04-18,LRCX,3.0343191356245565,-0.012494292936604312,-0.003230555816273073,-0.009991835465184229,-0.012779996334290389
2025-04-03,ETN,3.0324685241229847,-0.037407407407407445,-0.0036794417989418626,-0.034905310063126804,-0.03189751206832536
2024-04-08,ETN,3.0320538132098442,0.0010727640532089966,-0.0017702774299201973,-0.005241795821198436,-0.006308936664276121
2025-03-04,PG,3.030477681756261,-0.010805061023401619,-0.0019026464801573661,-0.010805061023401619,-0.03023177695666779
2025-09-15,TSLA,3.0294177317570092,0.02098202563674123,-0.0031913582562377307,-0.01183076319225862,-0.03256455545239778
2026-03-12,MS,3.0290946119122926,-0.00975609756097573,-0.0041068173482485815,-0.001940742657523642,-0.001940742657523642
2023-11-29,CRM,3.0277880655795415,-0.008389711079599182,-0.0016033586439989644,-0.004853859932718696,0.006728122679016124
2025-10-27,MELI,3.026929669116579,-0.0073956521739131365,-0.0033356133540373145,-0.02817420847349661,0.020570189653438264
2026-05-14,BABA,3.0269119226528467,-0.01700997631522272,-0.0034786170550902273,-0.01613481534600214,0.012047328791681577
2024-10-15,JNJ,3.0254852801688625,0.019122120817036237,-0.001041029188729059,0.022996385391997887,0.022996385391997887
2025-09-04,APP,3.0252449746974777,-0.006137826961770676,-0.00459064673756826,-0.011260096287749266,-0.005191381848565713
2025-01-30,MSFT,3.024946336268883,-0.01148822576032027,-0.002336973768437667,-0.007346938775510292,-0.0039135654261704955
2026-08-04,CAT,3.024005009106003,0.04125132671707277,-0.00446473629006916,0.04634356055246569,-0.04634356055246569
2024-08-15,PDD,3.0239843634036916,-0.008896551724137836,-0.003146704433497405,-0.008623068432671133,0.0007588300220748856
2026-02-12,IBM,3.023951309141356,-0.017855822550831735,-0.004287161341431256,-0.002706008822330297,-0.037995329354635454
2025-04-07,ABT,3.0226389580812754,-0.015316972334678436,-0.0024478462505153065,-0.010591618734593355,0.025718981101068072
2023-12-14,OXY,3.0225407284964714,-0.008434298016362418,-0.0017899232397654563,-0.008101265822784809,-0.008101265822784809
2025-09-02,SMCI,3.022101720380743,-0.010455563853622118,-0.004109196628614087,-0.004250000000000087,0.019875000000000087
2024-01-30,SMCI,3.0214636896369003,0.029271432899121486,-0.006871551369714846,0.03209363790824993,-0.03209363790824993
2023-12-14,NEE,3.021077024340437,0.011807304785894202,-0.002130172724001511,-0.012130637636080799,-0.023794712286158592
2025-10-29,NVDA,3.019325628895771,-0.018902785673678313,-0.0030406480955087467,-0.017599620493358725,-0.017789373814041776
2026-03-02,AXP,3.0191815392823966,0.008761279737489858,-0.00398169459744524,-0.007937820406813234,0.016768645609393174
2024-12-05,CRM,3.0187298369892184,-0.006517561206584421,-0.0030278886364449864,-0.006517561206584421,0.006517561206584421
2024-03-11,LIN,3.0184733038831384,-0.0022628298181197604,-0.001280694585066522,0.0008193494152823888,-0.0008193494152823888
2025-05-01,KLAC,3.0177557719861436,0.005985294117647033,-0.004562584033613426,0.017764893083680233,-0.017764893083680233
2026-08-19,HD,3.0174883192197637,-0.012673108352209028,-0.002417331929761235,-0.009292824673456379,-0.009292824673456379
2025-10-29,BE,3.017367133775819,-0.07051792828685244,-0.009264285714285725,-0.04406279142057801,0.03908921355299966
2025-09-18,CRWD,3.017184514904248,0.053731656184486276,0.053731656184486276,0.05488163196776363,0.05488163196776363
2024-07-01,BA,3.0170995511442533,-0.008381962864721593,-0.0025615308829102235,-0.006009040148896694,-0.006009040148896694
2026-02-06,MSTR,3.016869727880516,0.11156922569473093,0.11156922569473093,0.11156922569473093,0.11156922569473093
2025-02-05,NVO,3.01677878480119,0.002908329455560743,-0.003275186133085306,0.0031402651779485202,-0.0031402651779485202
2026-04-29,TMUS,3.016686170324523,0.006449974606399067,-0.0031145215120075287,0.01633458984024405,0.01633458984024405
2024-04-04,DELL,3.015206514239383,-0.023463204830566964,-0.0035702494646210337,-0.020886744080832575,-0.04147187452872869
2024-09-09,UNH,3.014470456900725,-0.03137152777777796,-0.0015476178075397584,-0.02810960018344577,0.02810960018344577
2025-08-05,CAT,3.013773071860645,-0.008227443093518638,-0.001990283781489577,-0.005431668691128322,-0.005431668691128322
2026-02-10,PANW,3.0136235230799215,-0.013528815781631676,-0.004337424331434581,-0.008000958916424272,-0.008000958916424272
2024-11-21,MCD,3.0115833219351904,-0.009612676056338199,-0.0017293033199194952,-0.005428121169672617,0.010225879880931599
2024-07-05,COIN,3.0111641592558183,-0.020185149837755212,-0.005589401603359301,-0.01911526360949556,0.06568786347602251
2025-02-28,TSM,3.0094473750669506,0.0048692264885921155,-0.003724123539232127,-0.017438568678518784,0.022392707507643328
2025-10-08,RKLB,3.008889102278893,-0.017773620205799867,-0.005400797362911547,-0.06090775988286967,-0.044216691068813985
2024-01-25,TSLA,3.0070510444757,0.02785322468978013,-0.00404513880963786,0.0373398642762065,-0.0373398642762065
2023-12-11,ORCL,3.0061498617415547,0.0005216937657595011,-0.0015979355832412834,0.0009568545581071231,0.0009568545581071231
2025-06-30,GS,3.005470908509613,-0.003745849768722165,-0.001816633762106168,-0.0018836125706354068,0.0018836125706354068
2024-09-19,WDAY,3.0047610236007984,0.0211646491019859,-0.002320719315497266,0.02124208860759491,-0.02124208860759491
2024-12-23,CRWD,3.0041236048653626,-0.00931362510099043,-0.004341833301558573,-0.008800539841421484,0.016181746611932724
2023-11-17,TMUS,3.0028356660401014,-0.0033045589425412247,-0.0012994238698985638,-0.0033045589425412247,-0.0038440787698947876
2024-10-23,QCOM,3.0027351642595224,0.015839243498817823,-0.002945470280310669,-0.007973151954240199,-0.023686106757801695
2024-10-31,UBER,3.002580572411806,0.011644944436822624,-0.003174538933422122,0.022242128121606974,-0.022242128121606974
2025-12-12,COST,2.9986154285835847,-0.011257407826283594,-0.0017098571751704705,-0.005332514695682855,0.005446214369364766
2024-10-16,ABBV,2.9984196568051633,-0.0008918734588951871,-0.0015451932517406286,-0.009747311543147674,0.00884674471579161
2024-07-17,UNH,2.996793625088748,0.01694572403529726,-0.0022665955012856065,0.019024927989758522,0.019024927989758522
2024-02-02,CVX,2.995966591066354,-0.01590696430958416,-0.0017212939446598075,-0.008679520307427246,0.008613264427217882
2023-12-07,AMD,2.9959485316905776,0.051032110091743244,-0.0028194450945515648,0.05249774423755227,0.05249774423755227
2026-07-14,JPM,2.9948916267692405,0.016173943954025827,-0.0019884492987906066,0.017379441247998173,0.017379441247998173
2025-02-03,PDD,2.994693299204681,-0.014238875878220147,-0.003951127467380355,-0.011924882629107958,-0.011924882629107958
2026-08-13,DELL,2.994628300023752,0.0036267655296085,-0.007421005592702645,0.007008231524451514,-0.007008231524451514
2023-11-28,ROKU,2.991212908377933,-0.027379028424755147,-0.003986534570097677,-0.025619047619047652,0.017714285714285793
2025-07-08,SOFI,2.988193112784158,-0.041242115477923225,-0.00404491578290711,-0.032794909446891785,-0.023005384238864335
2026-09-09,META,2.9849532884838896,0.002243492399490954,-0.0027508179011330736,-0.01269893049374371,0.014970912847278806
2024-03-12,ARM,2.9841493656793543,0.019448818897637832,-0.007398413948256466,-0.03252032520325199,0.05260162601626006
2024-01-16,DHR,2.983900462817795,-0.0010132158590308027,-0.0021434298300817556,0.00209903002717704,0.00209903002717704
2025-12-08,MRVL,2.9833318283312003,-0.027471928485773622,-0.005869461618725813,-0.02720680442723955,0.0029987459789542203
2026-04-16,ADBE,2.982920118189652,0.005374749498998077,-0.0035119352991697106,0.012989957243710881,-0.012989957243710881
2023-11-15,PANW,2.980861431193667,0.007897487515001411,-0.002856656177239847,0.008626692456479734,-0.008626692456479734
2026-02-02,VZ,2.9808464657393996,-0.0021312394840156124,-0.002060732313115876,-0.017305996472663066,-0.01521164021164012
2025-05-16,GOOGL,2.97976285508358,0.005685558680950442,0.005685558680950442,-0.009749014727235106,-0.015379144812872392
2025-09-02,LRCX,2.978317983272979,0.012564185237473824,-0.0033359106556102303,-0.003937774984286602,0.01655143515608648
2025-04-03,AAPL,2.9776656152783922,0.007381336461846799,-0.002545401853364826,-0.011404822886966648,-0.018701976513796903
2026-09-09,BKNG,2.976925137165186,-0.007669959325973252,-0.003820154395285158,-0.006675567423230833,0.006675567423230833
2025-12-01,SHOP,2.9763511688607065,-0.020020800832033392,-0.0045851905504791235,-0.012105263157894841,-0.018092105263157854
2025-05-09,COIN,2.975457592116391,-0.017687872569139063,-0.004541710293029522,-0.0012720156555772189,-0.024608610567514733
2024-10-15,RTX,2.973558989912227,0.007308547823323797,-0.0015124835444186857,-0.006236677982158434,-0.01349964474619092
2024-01-29,PDD,2.9725597017137693,0.011170212765957421,-0.0036918693009118098,0.011395578515535965,-0.011395578515535965
2024-10-07,PFE,2.972122404332629,-0.008852570650323521,-0.0016537282941777587,-0.0023890784982936175,-0.0034129692832765013
2025-07-24,TSLA,2.9718225234532296,-0.013521594684385407,-0.00371732558139537,-0.0005903768572272927,0.0005903768572272927
2023-11-21,TMO,2.9713861766339704,-0.008790486557538557,-0.002249193863090193,-0.008179370722784962,-0.008179370722784962
2024-10-30,META,2.9708887766532146,0.0017886974570122671,-0.0019226834318883945,0.002260115704430854,-0.002260115704430854
2025-09-16,CRCL,2.9701095643498716,0.028818443804034533,-0.006632544256895745,0.03268630476122114,-0.03268630476122114
2024-09-10,MCD,2.9691790816845964,-0.010303687635574876,-0.001342694453052351,-0.008724581593509195,-0.011372509081033266
2024-12-06,SHOP,2.9686817183263887,-0.01202003338898161,-0.0029364178392558005,-0.009373953799799217,-0.009373953799799217
2024-10-30,V,2.967455645230138,,,-0.014831658973662787,-0.014831658973662787
2023-11-17,CMCSA,2.965610662076374,-0.006752037252619525,-0.0020638616331282167,-0.0042946503594436525,-0.009896368219587282
2024-10-24,HON,2.964687744124661,0.01632249924638518,0.01632249924638518,0.01632249924638518,-0.01632249924638518
2026-08-24,BA,2.9637618887923205,0.0015656877164682559,-0.002439904025376416,0.0027958110221295573,-0.0027958110221295573
2024-12-13,TSM,2.963375587790538,-0.011941506856246509,-0.002805205976536218,-0.005435056111921965,0.011775954909164055
2023-10-26,GOOGL,2.9632485340822945,-0.015873015873015817,-0.003048551400255506,-0.010851959831551738,-0.009880142533203795
2025-01-16,BLK,2.963099129962504,0.004757164509851974,-0.002233826391007776,0.008482009369082055,-0.008482009369082055
2025-05-06,HIMS,2.9626090579622057,0.18038654259126696,0.18038654259126696,0.1810487866018884,0.1810487866018884
2024-05-23,ANET,2.9620405222451525,-0.011820807307408199,-0.0034248774262879422,-0.005070384948962614,0.005070384948962614
2026-01-30,SNDK,2.961964507527677,0.11436983963468073,-0.00579066625958502,-0.004210429616927414,-0.11809872309152702
2026-07-29,APH,2.9615160070054705,0.011818778726198409,-0.004106059469092926,-0.03418098801445868,-0.04559578920667129
2024-04-23,GE,2.960089967168379,-0.028628927551285432,-0.00391197091664508,-0.020447592980196383,0.04730317179198207
2025-09-02,BABA,2.9593973960015196,0.026058631921823894,-0.0033191970895553036,-0.005807892777364154,0.03201787043931481
2024-02-06,LIN,2.959303283837379,-0.003284310174116678,-0.001292491625354053,-0.009531782574896841,-0.006278777731268281
2026-08-24,BABA,2.958667472763626,-0.0033650206107512792,-0.0036495391123556598,0.0006757327476982766,0.0006757327476982766
2025-12-18,LEN,2.9582310782778154,0.025629496402877816,-0.0035358299075025634,-0.014184397163120477,-0.03945035460992907
2024-10-08,FUTU,2.957025196376657,-0.03292910447761199,-0.008707609275053318,-0.02544480581595554,0.0716472163765065
2025-03-11,DIS,2.956556514546041,0.017749699157641352,-0.003117758294653772,-0.003746440881162938,-0.021429641840251756
2024-03-11,LRCX,2.95331666903695,,,-0.005463595823480549,0.005463595823480549
2026-10-01,IBM,2.952196818201542,-0.0187200976142311,-0.0028611489549741353,-0.01520460499263765,-0.030328862367968834
2024-05-22,FCX,2.951938060385554,-0.0007812499999999556,-0.003047558593749944,-0.016330451488952846,-0.015561959654178614
2024-12-13,ANET,2.9519366968386094,,,-0.009449893009985777,0.00205064194008564
2026-04-27,VZ,2.946838657285837,0.006962025316455622,-0.002351115129596071,-0.013424914142990962,-0.020293474867311923
2025-10-14,JNJ,2.945483854800001,-0.012147252280924947,-0.0015061872935042686,-0.001837656200777138,0.001837656200777138
2024-09-27,PDD,2.944719980186828,-0.019786254976017714,-0.003752945259786422,-0.013244287697445012,0.015870633699771153
2024-06-27,PANW,2.9439268661076134,0.012447269918602677,-0.0026133113217956527,0.013561338289962865,0.013561338289962865
2025-04-03,GS,2.9439081638190108,0.02018981880931836,-0.0034438884095484568,-0.009458150532733245,-0.029457010996524424
2026-08-05,AMD,2.943746500189808,-0.028629195309340938,-0.008350098203454448,-0.02771509810072148,-0.025124712882107048
2025-10-31,META,2.943426003716486,0.018410295230885665,-0.0031496690818644257,0.021388356402167408,-0.021388356402167408
2025-09-04,AMZN,2.942505027222713,0.00550341296928325,-0.0019853242320819753,0.005739401310034253,0.005739401310034253
2025-06-12,GE,2.9422258155216525,-0.003556634168793593,-0.0023569366321363194,-0.003969701074215681,-0.00042718567990240874
2025-05-22,MSTR,2.9405021830620406,0.032037776970577414,-0.004723166069915186,-0.011277115356989054,-0.04295359862088777
2026-04-30,CAT,2.9404527152805073,0.016828905424133955,-0.002323451292482348,0.024890965373594698,0.024890965373594698
2024-04-12,MS,2.9383898076347075,-0.009245084269662973,-0.0024281701444623938,-0.008183876022984538,0.001218875152359411
2024-05-28,CRM,2.9380961393593457,-0.0058516585911292385,-0.0020744848517117997,-0.005814170176288602,0.005814170176288602
2026-09-14,IBM,2.93768892629359,-0.01931776500794724,-0.0025861643349112118,-0.01776231459439659,0.01373374839772934
2026-08-19,MRVL,2.9373145910600664,-0.006402645861601108,-0.00713059683320405,0.007879281877651745,-0.007879281877651745
2024-05-28,INTU,2.937162348891012,-0.006442628726742061,-0.002512240515218478,-0.006003790102131479,0.006003790102131479
2024-11-20,MSTR,2.9361109137517167,-0.0324301763635223,-0.0075620500130008095,-0.029486087211986423,-0.0061694716078398715
2025-05-19,RDDT,2.9357760081389577,-0.004243286688843773,-0.008353953376414869,0.009500354825770607,0.009500354825770607
2025-01-22,GEV,2.934951307741698,,,-0.007410204370604578,0.007410204370604578
2026-05-07,ARM,2.930801235194334,-0.059574651654372146,-0.007232468708979534,-0.048865619546247796,-0.06919720767888304
2026-01-05,INTC,2.9289523702077123,0.03929704661947764,0.03929704661947764,0.04081881320823677,-0.04081881320823677
2025-10-07,AMD,2.9287893582920836,0.015180442374854386,-0.004499557625145645,-0.013278809042455375,-0.028257673221834145
2025-01-22,SPOT,2.9277656171072572,-0.01952945096079406,-0.0031644751853765474,-0.004290705112434123,-0.02908035231019035
2025-07-16,LRCX,2.9266455043217205,0.025434116445352428,-0.002019560776302387,-0.011572638974994831,0.03730109526761738
2023-11-20,V,2.926520167548029,-0.00502432410878062,-0.0011093901313615762,-0.003951938046385273,-0.0020358468723803425
2026-01-12,BABA,2.9254634287428196,0.043738946966777714,-0.002767200774454248,0.04619118221522167,0.04619118221522167
2026-04-14,T,2.925283085456366,-0.012009607686148893,-0.0026177799382363087,-0.005164989403620757,0.018882628697301396
2026-04-14,HOOD,2.9251522670789507,0.02348754448398571,-0.005242972685677305,0.027543198648824374,0.027543198648824374
2026-01-02,BABA,2.9247435720131674,-0.007156457225395707,-0.0022351829445586002,-0.005242463958060384,0.02057667103538674
2023-10-17,NVDA,2.924732142051287,-0.01759760451456871,-0.0031044734374230387,-0.015982890258485982,0.010831570232729293
2025-08-11,RKLB,2.924716866733288,0.005558035714285703,-0.006216501913265282,-0.07692307692307687,0.08290865384615387
2025-12-11,VRT,2.924357313680608,-0.057061846535530814,-0.005877699298751926,-0.05345264025431207,0.051333372579031034
2026-01-14,CRM,2.9231869425331793,-0.015562913907284703,-0.002668454351939409,-0.012415396752896268,-0.005024290993646985
2024-05-17,INTU,2.922321594616984,0.004054977598906495,-0.0019436870138745954,0.005391020035737215,0.005391020035737215
2024-09-16,AAPL,2.9208545416602134,-0.0023062730627306793,-0.0021240610173958174,-0.011335541353734158,0.009003125437327952
2025-01-08,PANW,2.9201711772262824,0.017484987636877447,-0.0035051513010714297,0.01934532586257731,0.01934532586257731
2024-07-15,UNH,2.9196165362443414,0.009798270893371819,-0.0019668436942499312,0.016036655211912887,-0.016036655211912887
2024-05-30,WDAY,2.919573009021405,-0.003530683319322714,-0.00351706153819753,-0.012967738796165751,0.009391270497786097
2025-10-30,KLAC,2.9182776611174854,-0.03392353494202438,-0.0035111362313650085,-0.02797594179364482,-0.04272459975248111
2024-01-31,GOOG,2.918090849238612,0.016719855695851216,-0.0018458542290233915,0.017890318585288,-0.024771210348861317
2025-07-17,FLUT,2.9175259281527133,-0.0078045469969461045,-0.0020440884192156616,-0.004089081139535766,0.03068500557601972
2026-05-11,IREN,2.915461920873184,,,-0.037735849056603765,0.04074528301886793
2025-05-19,UNH,2.9139754351331053,0.03632569411250608,-0.0064041664114397046,-0.011539457091657379,0.04828432999269938
2025-03-04,JNJ,2.912880435228569,-0.011482070305599779,-0.0016716296128060915,-0.010841385811925508,-0.02510016497761014
2023-12-14,RIVN,2.911758919039806,0.07371948300622311,-0.005065239690898005,0.07914361318258356,0.07914361318258356
2023-12-11,SMCI,2.911116117625945,-0.009590334151406421,-0.005823134388737605,-0.024881975079328322,0.015053014472564241
2025-05-16,GOOG,2.9104420265575,0.005997980877724296,0.005997980877724296,-0.0098200635069976,-0.01575914383158894
2024-04-25,PG,2.909967092654228,0.0011061946902655162,-0.001286939001264198,-0.006138341731562025,-0.007237746220797092
2024-04-15,IBM,2.909514068874141,0.021748515920129496,-0.001527758075707375,-0.0038169990860705827,-0.025482500940809505
2026-01-20,TMO,2.9091138470215436,0.010762873801630102,-0.002402981313709862,0.015472967429649653,0.015472967429649653
2026-05-12,ASTS,2.9089354243722076,0.00239169058357247,-0.008476815244343072,-0.07532026371759926,-0.07753181153568611
2025-12-15,TSLA,2.908489375104968,-0.0065246031912001845,-0.0030216605473615266,0.00021053961302808233,0.00021053961302808233
2024-04-25,KO,2.908150378208376,-0.001297227176909388,-0.001303006787277905,-0.013437849944008873,-0.012158054711246202
2023-10-17,SBUX,2.907699182320955,0.0037297527706734446,-0.0017887589818535998,0.0044790444705129495,0.0044790444705129495
2023-10-19,IBM,2.90721756507747,-0.004678951914770968,-0.0014229875365061595,-0.0034594594594593575,-0.005347747747747711
2025-02-19,SMCI,2.9064594999964717,-0.031932773109243695,-0.006710624249699926,-0.029649595687331498,0.0153285040431268
2026-06-01,NOW,2.9053991964271284,-0.0022765660571342217,-0.004965930192301515,-0.013999553205748638,0.011691116240971189
2024-09-26,LRCX,2.905323977624925,-0.00041786379528918616,-0.003060835437547871,0.0012432607606871482,-0.0012432607606871482
2024-10-29,NEE,2.9048156080868366,-0.010323383084577253,-0.0021042110874200937,-0.006554716274424166,-0.006554716274424166
2025-06-09,AMD,2.904785195625636,0.0009870856296783082,-0.002977432167240557,0.0052870714580752765,0.0052870714580752765
2024-10-14,FCX,2.9046874762587302,0.014956377233070084,-0.0036107335746928815,0.019190654985398403,0.019190654985398403
2024-07-18,VRT,2.9035066415622315,-0.027713088029808985,-0.004764879566172109,-0.01753147429109303,-0.02870925991293094
2026-09-08,BE,2.902261127464397,0.009360772172646081,-0.005775630252100816,0.01596612468608516,0.01596612468608516
2025-10-09,AAL,2.901264433685425,0.04481907894736836,-0.0030280780075189195,0.04756047560475607,-0.04756047560475607
2024-10-31,LIN,2.901160339439531,-0.002902247042786188,-0.0011232198609183452,-0.008339783492679498,-0.00546174056187243
2024-08-02,VRT,2.901009254670156,-0.04397590361445758,-0.009283304647160096,-0.04111284329539533,0.04306530535004649
2025-01-24,VZ,2.900724964264166,0.004781077000503342,-0.0016873607017040548,0.011497125718570422,-0.011497125718570422
2026-04-28,GLW,2.899933445202075,-0.01652839410894602,-0.005687536175959851,-0.015008051529790789,-0.015008051529790789
2024-02-22,T,2.8996424478939473,,,0.0012040939193256328,-0.0012040939193256328
2025-08-07,BMNR,2.898279897449889,-0.037837837837837895,-0.012600877500877461,-0.025242718446601975,-0.001223300970873864
2025-02-27,VST,2.8982384672062853,0.10884368186609927,-0.006705616144030202,0.11748745082078416,-0.11748745082078416
2025-11-04,HIMS,2.8970305204602247,-0.04674569447550869,-0.0087061858964117,-0.0388457269700333,-0.04927857935627078
2024-02-02,AAPL,2.8956832734088476,0.01885964912280702,-0.001853896459899751,0.023465242715024814,0.023465242715024814
2026-06-22,CRWD,2.89452776985379,0.007682138660399351,-0.005741514184992358,-0.0068997709801176255,-0.014528904643122731
2025-10-07,APP,2.894410736883991,0.04416528925619834,-0.006476293978748604,0.045893866573863296,0.045893866573863296
2026-01-05,LITE,2.8942153366624086,-0.005008864000900504,-0.006434539051853427,0.005153203342618484,-0.005153203342618484
2025-11-14,CRCL,2.8920816191537706,,,-0.024225234836460108,-0.030139021291996637
2024-05-14,BABA,2.89171193442658,-0.008370323398858792,-0.0028231723888032523,-0.002901109989909223,0.002901109989909223
2026-07-29,KLAC,2.890992889915565,-0.0674481718610841,-0.007524199350630534,-0.06210613927311637,-0.1025854438323226
2024-02-20,HD,2.8884247624079684,-0.00019266818982022205,-0.0017018432789770443,0.009125052163026837,0.009125052163026837
2024-04-24,TSLA,2.888060486025334,-0.030418726919947403,-0.004603631112581441,-0.029042333687744337,0.013728273567869875
2024-03-05,AAPL,2.887855985447843,0.0001762632197415126,-0.0018842748027529943,-0.008216304411164943,-0.00839111939863657
2024-12-17,UNH,2.8877663816676336,-0.002933884297520617,-0.003983891676505369,-0.02026274771765757,-0.017388311977490245
2024-09-11,NXPI,2.886623159118592,-0.018080667593880495,-0.00402600898585459,-0.010037752609371564,0.025405285365311947
2026-09-09,SPCX,2.8863996828628307,-0.01735997379626597,-0.004015623976416749,-0.004625290890519773,-0.028840281360893893
2024-04-18,TXN,2.886213790335588,-0.0023170731707317094,-0.002225130662020902,-0.010038800270985915,0.007698466465480003
2026-01-20,NBIS,2.8853579453115548,-0.0260487804878049,-0.00655404878048782,-0.014605368004790842,-0.017268088433993745
2026-05-21,ARM,2.8848583623734103,0.07206300118666631,-0.00643645941961235,0.07494276082135953,0.07494276082135953
2024-02-13,CRWD,2.884322792820552,0.02413311317159894,-0.0034307579249152065,0.02841108383023494,0.02841108383023494
2024-09-16,MDT,2.8834131670461334,-0.004988913525498906,-0.001645470383275227,-0.003442149677992501,0.00044414834554729055
2025-01-30,CMCSA,2.8831070796087226,0.016272189349112343,-0.0018829247675402616,0.025498241500586105,-0.025498241500586105
2025-08-14,GE,2.8827419149698796,0.003071679924298465,-0.0024018430079546516,0.0036388488677084885,-0.0036388488677084885
2025-12-12,LIN,2.88254416362597,0.010338802058052599,-0.0016884525774196746,0.0115417324747904,0.0115417324747904
2025-12-10,MELI,2.882498604167466,0.012850274002135786,-0.0037620310609767227,0.016066725636297186,-0.016066725636297186
2026-02-04,LITE,2.882342865532373,-0.06952674897119349,-0.0074330893592003955,-0.04821458939849843,-0.020379375548285283
2025-05-08,GOOGL,2.882133769417724,-0.01333218271098402,-0.0035333538988397972,-0.011089367253750648,0.006262230919765077
2026-02-12,ASTS,2.881983840467595,0.04017752861480961,-0.013285155337537935,0.040289618124488946,-0.040289618124488946
2023-10-10,PLTR,2.8814817287442094,-0.02490315439955726,-0.004770139932010475,-0.01688238604389425,0.001057962858750594
2025-04-30,BKNG,2.8803971865949527,0.03410576448168956,-0.0035904914804044674,0.04570263545984665,0.04570263545984665
2024-03-13,PDD,2.880356136246052,,,-0.04118177187414296,-0.04118177187414296
2024-03-06,PFE,2.8785507428056047,-0.008575689783743456,-0.0020922552466176025,-0.00595016734845677,0.011156563778356388
2024-09-19,NU,2.877916283818836,-0.008520790729379613,-0.0032633654688869473,-0.00783378746593999,0.00783378746593999
2024-11-22,SNOW,2.8774868698767975,-0.025423728813559365,-0.004134362389023427,-0.020055325034578075,-0.03503918856615962
2026-04-08,HOOD,2.8770049472929116,0.054736842105263084,0.054736842105263084,0.05535831689677839,-0.05535831689677839
2024-08-30,INTC,2.876567161228199,0.02891791044776104,-0.0038046042110874145,-0.010648578068360282,0.0398744231430983
2024-05-23,MRVL,2.8764249017254406,0.0027918106886465344,-0.002770444790519244,0.008197805103794642,-0.008197805103794642
2025-06-09,MCD,2.87624049651178,-0.009332956848154828,-0.001293705895473174,-0.00844521150367572,0.011467166730280809
2026-07-01,BE,2.876063898493487,-0.07801094127111818,-0.010520170095391412,-0.05367915180340854,-0.044721891927599344
2023-10-13,BSX,2.8751454298023567,0.014234511008704542,-0.002729134664618438,0.016837782340862528,0.016837782340862528
2023-10-06,XOM,2.8747622805049153,-0.013576779026217234,-0.0023706594435526362,-0.012837331334332847,0.0044040479760119045
2024-05-31,COST,2.874505933337871,-0.006049565217391306,-0.0014468944099379488,-0.0026306569523797396,0.0035221511739471634
2025-06-12,WMT,2.8742200902320088,,,-0.010496589940323986,0.010496589940323986
2026-02-06,COIN,2.874013328560333,0.05332993110487383,-0.006939862574271927,0.05798680079451546,0.05798680079451546
2025-04-08,CVNA,2.8726966368901845,-0.04616222948777826,-0.01148398982822163,-0.018922814134728405,-0.05882352941176472
2026-07-30,NBIS,2.8709433819131545,0.07349171081866346,0.07349171081866346,0.08156354035128,0.08156354035128
2024-05-02,CVS,2.8702930340252095,0.0030735852467908,0.0030735852467908,0.004331896590640261,-0.004331896590640261
2024-09-16,MCD,2.8692911228904845,0.0024208190437765564,-0.0014188881523964358,-0.0070112179487178405,-0.009415064102564097
2024-01-11,NOW,2.8677826987932225,-0.010342465753424568,-0.0017364823874755908,-0.007105357191940831,-0.001937824688711176
2024-10-14,MSTR,2.8669093740719718,-0.03494994029576559,-0.006125864399217917,-0.03418999541073875,-0.07452960073428183
2024-10-10,MSTR,2.864302193124946,-0.004602739726027316,-0.006116180039138941,0.012921287821686223,-0.012921287821686223
2024-06-14,NFLX,2.864293082451614,0.01003016591251904,-0.0021019500107736233,0.013086232980332957,0.013086232980332957
2026-07-30,BE,2.8616204537403265,0.04578532443905403,0.04578532443905403,0.04619771286437957,0.04619771286437957
2023-11-16,INTC,2.8614495825819706,0.04634322954380887,-0.0028414192614046874,0.04773413897280965,0.04773413897280965
2025-04-03,TSM,2.861061945311381,-0.011524163568773282,-0.003052734997344597,-0.008335353460010908,-0.02169926840335412
2024-08-21,ADI,2.860510854279021,-0.025904055859661157,-0.0033565363561915973,-0.02180040517924775,0.0019378137937109408
2024-07-31,TMUS,2.859205311908815,-0.015191287349902272,-0.001698500019946536,-0.012589827864742942,0.015542309620633965
2025-10-02,WDC,2.858326486565835,0.026845363852158854,-0.003883778040526975,0.032476868065027475,-0.032476868065027475
2023-12-20,MARA,2.8558725430368974,0.05152425933877203,-0.006733423296325869,-0.021017234131988194,-0.07145859604875993
2025-04-08,RDDT,2.8547257158987547,0.06826510313056233,-0.010721465216805948,0.0731173836058745,-0.0731173836058745
2025-08-05,HIMS,2.85439923295256,-0.022623239436619702,-0.007375503018108631,0.15301530153015208,-0.0006300630063005297
2026-01-22,PG,2.8538371222949497,0.0018042098229200665,-0.001403632284855183,0.003144864503178413,0.003144864503178413
2025-08-01,BAC,2.85377114151654,-0.0020858491601711826,-0.0018333045810265958,0.005447809980387852,-0.005447809980387852
2025-10-17,MA,2.8520309495384,0.0055019723121814135,-0.0018972097614048389,0.009118705035971342,0.009118705035971342
2025-07-14,MSTR,2.851567687518643,-0.02080899371762368,-0.0036748657712837307,-0.016451155787795657,-0.0012177840758126335
2024-05-13,BABA,2.8508111423076805,0.014882381180989057,0.014882381180989057,0.015735735735735723,0.015735735735735723
2025-12-04,MCD,2.8493784392771193,-0.0025673523772384854,-0.0016522769583606767,-0.017544419788956156,-0.01502211011957022
2025-11-21,TMUS,2.8490573009823414,-0.012071463061323007,-0.002160058356901473,-0.009293590793085116,0.008619444310685287
2026-05-07,PANW,2.846129029600091,0.0014263881813549872,-0.003293246488610624,0.006296391092910358,0.006296391092910358
2025-10-06,SHOP,2.845886530611372,0.009216867469879486,-0.0036100731497417105,-0.013578156104227967,-0.0226698755088095
2024-12-10,TMUS,2.8456564447022283,-0.010119794144358485,-0.0018176058469923095,-0.007896780875118692,0.007896780875118692
2024-01-23,GS,2.844871438900336,-0.004272377235086333,-0.002146108519888834,-0.0028139381985535783,0.0014464168310321934
2026-01-27,BA,2.8444813378916787,-0.022965123393840492,-0.0023318988374464444,-0.0179175037926933,0.0025011275575055336
2026-01-23,GS,2.8429063832103525,0.002301820827135481,0.002301820827135481,0.006755734267246072,-0.006755734267246072
2023-10-11,NFLX,2.84208400224266,-0.011282707849884055,-0.002800519743786034,-0.010723302499613063,-0.023346801957843444
2025-01-22,VST,2.8420138019540135,-0.008851945808819428,-0.005595509256760334,-0.003759196605982451,0.003759196605982451
2024-05-17,WFC,2.8416262667126966,-0.0028246501192392692,-0.0015294424112060057,0.00016363933889707027,-0.00016363933889707027
2025-07-31,NVO,2.8413209392680208,-0.012431220705115154,-0.006357739672188445,-0.0024514811031663974,-0.03880081716036776
2026-02-24,AMD,2.841306476142916,-0.02981905910735838,-0.0061038979838015095,-0.0154474762968686,0.017303000430100912
2025-10-01,MRK,2.8407096224544017,0.0473561882626381,-0.0020269527683239863,0.04949053857350805,0.04949053857350805
2024-02-09,MARA,2.8401714863988263,-0.05146150679291894,-0.007226901135093833,-0.04793388429752066,-0.013223140495867813
2024-10-22,CMCSA,2.839629167719965,-0.002641056422569066,-0.0018284856799862803,-0.0022817341179296458,-0.0022817341179296458
2024-04-26,XOM,2.8396218719766853,-0.006231327358087846,-0.0018842875434426087,0.0018205681866294565,-0.0018205681866294565
2026-05-21,ANET,2.839182549443643,0.013095968897073762,-0.005637161760550291,0.015798112433319744,0.015798112433319744
2025-02-14,COIN,2.837506726208411,0.030479092539745345,-0.005823691961275523,0.04148429408044896,-0.04148429408044896
2023-10-25,DHR,2.837246064158666,-0.026755319148936252,-0.003056595744680868,-0.02511949017525228,0.02294211364843335
2026-06-03,GOOG,2.8367956946262347,0.004680254405796669,-0.0028254622046410827,-0.006962475349276409,-0.011610143599144362
2025-08-01,COIN,2.8362362642562235,0.03457793452426583,-0.0059775927974501375,0.03643960147533698,-0.03643960147533698
2025-01-16,WFC,2.835744255981743,-0.009246507967735518,-0.002145798787742459,-0.006575486586007373,-0.0007890583903209514
2025-09-10,MU,2.8353619244888444,-0.018515901060070727,-0.0031481322564360648,-0.010685282803818197,-0.0024932326542241867
2023-11-16,AVGO,2.8347313303848307,-0.012915454008762262,-0.0021958121318562673,-0.012373313436547906,-0.005917221082302193
2024-06-20,DHR,2.8336686881971667,-0.0006839394914708308,-0.0019683404984136565,0.005278944211157821,-0.005278944211157821
2023-11-15,ABBV,2.833618985936729,-0.008424908424908395,-0.0024611145996860095,-0.007391686182669943,0.007391686182669943
2024-01-22,AFRM,2.8313432019807214,-0.03729729729729736,-0.0056063320463320965,-0.03393434442057763,-0.03794831738592708
2024-05-21,JPM,2.83060536443916,0.005491737202740765,-0.0017656978752806918,0.006556715589852047,0.006556715589852047
2024-06-20,SMCI,2.829597220754846,-0.028338959399977437,-0.005360488449096423,-0.025649731464905345,-0.05629977159083899
2024-05-28,CRWD,2.829576241738705,0.01480534242682574,-0.002776762879064698,0.0170399773178338,-0.0170399773178338
2025-09-05,ALAB,2.8294606018514212,0.009378238341968936,-0.005544226498889859,0.013543843355777407,-0.013543843355777407
2026-07-15,GS,2.8294394625990513,-0.020090079926408544,-0.0029679129004223093,-0.007263986013986035,0.00722027972027961
2026-01-28,GEV,2.829119295220648,-0.037098591549295845,-0.004100955734406386,-0.026894511899682616,0.029787172496583025
2025-10-29,WDC,2.8284860887567453,0.057583009273108,0.057583009273108,0.06004047672588264,0.06004047672588264
2026-06-15,STX,2.8283122858456884,-0.014801533940933309,-0.005651738490106917,-0.004119728373889853,0.004119728373889853
2026-04-08,AVGO,2.82817136233194,-0.004699140401146051,-0.0034037535816617837,-0.011667421839601233,-0.007023108291798863
2024-12-03,ACN,2.82804492924327,,,0.002257795994097256,0.002257795994097256
2024-01-09,CRWD,2.8266265218489517,0.011706328096369623,-0.0023001117140121208,0.015499851676060494,0.015499851676060494
2026-09-02,PANW,2.8262366973693966,0.016115021716339606,-0.005666499069299835,0.01746793467255059,-0.01746793467255059
2023-12-11,ADBE,2.8257185389728803,0.006220058723535926,-0.0019616192849416514,0.007934736757916339,0.007934736757916339
2024-02-20,ABBV,2.8256719573066946,-0.013797745246508342,-0.0018060423227006517,-0.007002880216863239,-0.007454678940531978
2023-10-27,CMCSA,2.824166558789249,0.010708822029576792,-0.0024978145261163043,0.012515964240102262,0.012515964240102262
2024-07-01,NKE,2.8226428204588183,-0.01662105333422348,-0.004177853852975533,-0.01465824737941035,0.023718885701380144
2025-10-10,CRWV,2.8219266943257786,-0.03424202127659581,-0.007033805091185452,-0.02173466480689623,-0.06760032355157808
2025-11-25,GOOGL,2.8212642271451087,-0.022543741588156085,-0.003665706769677146,-0.011541511662338522,0.000619140635273352
2025-01-10,IONQ,2.8198857486754956,0.010312499999999947,0.010312499999999947,-0.10995490808185915,0.12140131807145327
2025-10-17,LLY,2.819045716341173,0.004204350292623005,-0.003063939893094947,0.010551498363132739,0.010551498363132739
2026-05-29,ASTS,2.817103311713957,-0.035363636363636264,-0.00977830519480527,-0.028630780346820872,0.023753612716763017
2024-02-13,HD,2.8169771119434044,-0.013446961138725788,-0.0016357259860564355,-0.01094871180853918,0.007395303630037597
2026-08-12,LITE,2.8159912371927063,-0.05216813804632836,-0.009617858410582825,-0.05207176469241248,0.06674986546982531
2024-01-22,BKNG,2.8158573675930785,0.03431423864594285,0.03431423864594285,0.03431423864594285,-0.03431423864594285
2025-10-29,BKNG,2.8138957816377173,-0.01697599999999988,-0.0028831285714285837,-0.015625218459448975,0.015625218459448975
2024-07-16,GME,2.8134732640947475,-0.03397548161120845,-0.00568894170627976,-0.013237924865831863,0.021824686940965954
2024-07-17,MS,2.8129534710126896,0.015859449192782593,-0.002039072039071943,0.017453749940552488,0.017453749940552488
2024-09-13,WFC,2.8112850332695665,0.0007582938388626115,-0.003211238997968935,0.0015177385695313017,0.0015177385695313017
2025-04-04,BKNG,2.8095765691989016,-0.019111820886465125,-0.003487397342268883,-0.01064066252360274,-0.01808924086601038
2026-08-07,COHR,2.809120862471705,0.012609195095236947,-0.00849539176662295,0.02172565298256024,0.02172565298256024
2026-02-26,INTU,2.8088660861036936,-0.02510365623822086,-0.005374684544002362,-0.017549190913925372,0.0011142343437413604
2026-01-13,CRH,2.8072389713891894,0.003988113856740583,-0.0021663724920684135,-0.007451102142191912,-0.011409500155231234
2024-02-09,AMAT,2.8063555196076733,-0.01631558361736607,-0.002652675228889123,-0.009793072922430035,0.02843864114197192
2024-09-26,ACN,2.8063481574734968,-0.022270954319447034,-0.001825654149455791,-0.0188908864610704,-0.016346286820633438
2023-12-19,ACN,2.8060674061992725,0.01167407407407417,-0.0013442052910053182,0.012814428096820096,0.012814428096820096
2024-02-02,ABBV,2.805703481930619,-0.01878889420775476,-0.0014751846406346747,-0.015809906443585486,0.006502591430946003
2025-09-16,RKLB,2.804376386407116,0.050861757261660756,-0.006899137381841891,0.05707443624027142,-0.05707443624027142
2024-12-16,HON,2.803642450666369,0.012264876174680417,-0.0016398596349230798,-0.010713506958788255,0.023109782969714887
2025-10-17,XOM,2.803532510214517,-0.007226980728051391,-0.001991256245538864,-0.006916863760096481,0.00156187246195727
2026-08-25,MA,2.802998413599534,-0.004794635373009282,-0.0017553454676086933,-0.0022080224816835026,0.0025760262286307345
2024-10-11,BAC,2.8017887152151086,0.013285024154589431,-0.0015153554175293404,0.01487843232127739,0.01487843232127739
2025-04-08,BABA,2.7994517847406373,0.0586674248886363,-0.00555056392758968,0.06222264186573512,-0.06222264186573512
2025-09-16,MCD,2.7979481261231616,0.0003624382207578769,-0.0013178677335843325,-0.0059609589938425245,-0.006321236735228664
2023-11-29,SNOW,2.7964542475996486,-0.011899313501144038,-0.0028357061131087935,-0.007832898172323688,-0.004824611193097961
2025-09-22,UBER,2.795329145714742,-0.018953603158933907,-0.002948082075870828,-0.012421743018980469,-0.012421743018980469
2023-12-19,SMCI,2.7947074166759283,-0.010802179222243025,-0.004956388717425764,-0.003925277843461861,-0.003925277843461861
2025-06-09,INTC,2.7943427414464534,-0.0149289670117988,-0.002892779746138885,-0.012317661430896187,-0.012317661430896187
2025-02-28,IBM,2.7938362639260443,0.00265978562921787,-0.0018625474961719846,-0.01882747881655855,0.021537341503367058
2024-03-04,AVGO,2.7935974920961457,-0.003765381227088027,-0.0026786171003113646,-0.007645610217055232,0.003851440352786284
2024-02-02,GOOGL,2.7934461570800098,0.01893149963356544,-0.0023429729623619666,-0.016586998435737854,0.03583251482411165
2024-06-11,LLY,2.7906690087326793,-0.006494939988613613,-0.0019815475982996045,-0.0022097529935789506,0.0022097529935789506
2026-08-03,BA,2.7905374926364144,0.03356061276897182,-0.003164615248383962,0.04419395240651269,0.04419395240651269
2024-09-10,C,2.790456238435209,0.01160211567991809,0.01160211567991809,0.012528765021733612,-0.012528765021733612
2024-09-03,NU,2.7899509572602845,-0.013336597773379921,-0.003533902084286611,-0.010504710632570524,-0.0026917900403767847
2024-05-28,PEP,2.7897975695989032,0.00487748895392226,-0.0012127199993441362,0.006701414743112477,-0.006701414743112477
2026-07-24,NOW,2.789712285620236,0.0223579339612876,-0.006417237198160564,0.026768543063568906,0.026768543063568906
2026-02-10,SHOP,2.7886726749607487,0.010873015873015923,0.010873015873015923,0.025523349436392895,0.025523349436392895
2024-01-31,UPS,2.788286354949417,-0.01297795143734315,-0.002563195247398342,-0.007984447684510121,-0.014726098729431425
2024-08-01,QCOM,2.788216868310557,-0.01971459682503296,-0.005001375436987865,-0.019377400676489076,-0.059622771312274336
2024-09-19,MSTR,2.7881758975889372,0.02004509265130694,-0.006661508188141041,-0.015453960077269846,0.035808828790155234
2026-09-21,MSTR,2.787617590959988,-0.005312868949232663,-0.00574632315736201,0.002880081135081758,0.002880081135081758
2026-04-08,PANW,2.7867360156895438,-0.00011512779184896793,-0.0040944335712640445,-0.011325479483239476,-0.011211655568834966
2024-06-27,MU,2.78671468803834,-0.019846303066477722,-0.004525628590614117,-0.012218601895734649,-0.020734597156398027
2024-05-15,ABBV,2.785791445247844,-0.0049972237645752315,-0.002017036390717708,-0.0029219081598129693,0.007535447359517722
2023-10-06,TMUS,2.785688852635191,-0.007802814847225115,-0.0015005781792043482,-0.0008015155931216933,0.013042844651705021
2025-10-23,QBTS,2.7853083194223482,-0.054506699147381266,-0.01595545502001039,-0.031407035175879505,-0.024811557788944727
2025-04-17,AXP,2.7844091576619534,-0.011508700263168303,-0.006144773389146763,-0.027898901808785626,0.016069121447028323
2026-01-30,WDC,2.783018521474081,0.06958107731895724,-0.005958933790379817,0.09581173580884617,-0.09581173580884617
2024-08-23,PDD,2.782849958223399,0.008436126471005223,-0.0034966427659963717,0.01261846354764129,-0.01261846354764129
2026-04-28,STX,2.7826054790186787,0.019027935129967366,-0.004652721709776375,0.024726995982371935,0.024726995982371935
2025-04-10,CVNA,2.7824317489246617,-0.05122814214655658,-0.012769528302577937,-0.01329642627650629,0.00662349859127076
2026-06-25,QCOM,2.78232371086065,0.04196491228070176,-0.007738980785296556,0.05293097467915364,-0.05293097467915364
2024-10-02,OXY,2.7812945029230898,-0.003285151116951379,-0.0023344686100459366,0.0017743742995890432,-0.0017743742995890432
2024-10-16,C,2.781094508810986,0.0012468827930174342,-0.002396141343070979,0.004220728466468593,0.004220728466468593
2025-05-02,LLY,2.7803002010233855,-0.012309841851053327,-0.004563583929410364,-0.006650514839491195,-0.002301635372501498
2024-07-15,GS,2.7793332919833773,-0.01588570491534458,-0.001932490878530757,-0.0156637621732445,0.010025627883136767
2024-05-23,TSM,2.777820773111383,-0.014065050860228467,-0.0023849096715166107,-0.006445904954499371,-0.007393832153690716
2023-12-19,AFRM,2.7776806736160307,0.05494046375600581,-0.00703663194962556,0.07116343196521369,0.07116343196521369
2026-01-14,JPM,2.7766908392657,-0.009035369774919588,-0.0020480385852089666,-0.007343704705768728,-0.008084517022578841
2025-10-01,LLY,2.7764147933169774,0.05812820512820527,0.05812820512820527,0.05812820512820527,0.05812820512820527
2025-07-23,SHOP,2.7734298535866406,,,-0.019941593658740153,0.019941593658740153
2024-04-01,TGT,2.773231752093776,0.004089635854341633,-0.0016755902360943153,-0.017341040462427793,-0.021359757775942678
2024-02-22,NVDA,2.772536688648629,0.0314705998343654,-0.0037163589654026774,0.04077409770396989,0.04077409770396989
2025-02-27,CRM,2.772280242623358,-0.020789109046433385,-0.002947168837645009,-0.013901115465782099,-0.01175761230027128
2025-10-17,GS,2.7711273983023217,-0.013279215481887263,-0.0029775675565264503,-0.009926559599709561,0.009926559599709561
2024-11-22,RDDT,2.769797909020676,-0.023498694516971286,-0.006271038169836984,-0.014492053490646306,0.011869557025840471
2024-04-08,GE,2.7696045892529204,-0.01196017584690967,-0.003099703535409448,-0.010196837689577354,0.010196837689577354
2025-08-28,NVDA,2.7695625358033533,0.0019385211852673834,-0.002498508525537124,-0.0021554106333590006,-0.004089753509450733
2026-08-04,LITE,2.769383899027333,-0.03662404959077925,-0.009892199034197358,-0.01848525580786764,0.010194249824544865
2026-03-05,BKNG,2.7678850531128325,,,0.015447933977038586,0.015447933977038586
2026-08-07,DDOG,2.7667556465794894,-0.0346528523074382,-0.006492826479225333,-0.0346528523074382,-0.0346528523074382
2025-02-18,ABBV,2.76588474319712,0.006255127153404372,-0.002344024668932465,0.009594387507079638,0.009594387507079638
2026-07-15,IBM,2.7654954251578716,0.04226712018140588,0.04226712018140588,-0.012627619559376635,-0.05436100662726129
2024-01-24,LRCX,2.763812565344002,-0.0064743967039435635,-0.002434659043134779,-0.00042359918104162286,-0.001435530557974296
2025-10-13,AVGO,2.763126675781207,-0.01956711764466701,-0.003290208135484196,-0.019391021020155108,0.028459386984227786
2025-06-26,MRVL,2.763013213382928,-0.024796541200406974,-0.004595462142130469,-0.018831106447592116,-0.0018627735987712946
2024-10-29,PFE,2.76274152058953,0.007668177065179638,-0.0018099885475277855,0.016919889502762464,-0.016919889502762464
2024-02-13,CRM,2.7604597944073537,-0.0018101153504880285,-0.0017886195969071261,-0.01239669421487588,0.010564139417894358
2026-08-10,COHR,2.759345718545655,0.08938672640716894,-0.009622878745449537,0.09035470515833055,-0.09035470515833055
2024-09-25,SNOW,2.7585062284832804,-0.015187637969094947,-0.003051378114159675,-0.007095304835318839,-0.013577435178696584
2024-01-24,SNOW,2.758438549875188,-0.01524487851357792,-0.003119587558701453,-0.013324321714782261,-0.015882977696244027
2024-02-05,PLTR,2.7574518834201878,0.04620650313747876,-0.003979749001711275,-0.007642230399094174,-0.053495612793659775
2025-04-04,XOM,2.757095595707878,0.04599487929773227,-0.002026269725154073,0.04686643522748035,-0.04686643522748035
2026-01-05,AMAT,2.7566361493616593,0.008191489361702109,-0.0026130395136778617,0.01513907237476353,0.01513907237476353
2024-08-23,SNOW,2.7566161891969743,-0.01059244394031933,-0.005454834407369047,-0.007164341596224588,0.007164341596224588
2026-04-15,WFC,2.7561165509861802,,,-0.004322588613066447,-0.008274669630727427
2024-07-31,MRK,2.755648605653025,-0.01143615882126181,-0.00277245164566875,-0.010715816545220691,-0.03026146592370338
2026-07-31,APP,2.753421333999,-0.030829015544041383,-0.006289768689859532,-0.025515463917525683,0.01961340206185569
2024-07-16,BAC,2.7533941274297393,0.03155680224403934,0.03155680224403934,0.03300561797752821,0.03300561797752821
2025-09-05,MU,2.753393610052211,-0.013883441838575594,-0.003169206548412795,-0.010170807453416253,0.020108695652173658
2024-01-11,C,2.7531679331954755,-0.010859193173002213,-0.0019076111049540767,-0.006369955589882181,0.0055995365900753935
2024-11-12,ABBV,2.7530541555268844,-0.01221174599568331,-0.0032518824751301967,-0.007957863399553622,-0.020495792065036822
2025-09-10,GEV,2.7526456361917524,0.008716236341689054,-0.003744791421718574,0.009841976876509895,0.009841976876509895
2025-04-04,AMZN,2.7523670520055274,0.0036246239636068545,0.0036246239636068545,0.0038161216462160308,0.0038161216462160308
2024-11-11,MARA,2.7503197366671617,0.11254448398576522,-0.00621171199796644,0.1190156599552572,0.1190156599552572
2026-01-20,PDD,2.7501609063730794,-0.0021014423536154236,-0.0037253524009661643,0.002783643693607063,0.002783643693607063
2026-06-01,CRWV,2.748492920532291,0.03472855366763361,-0.006136682256823067,0.06455188880361562,0.06455188880361562
2025-12-04,COST,2.7480532841579115,0.0015390959343793975,-0.0017361159759017308,0.0033052610499849644,-0.0033052610499849644
2024-09-05,CMCSA,2.7457788510445296,0.004796768492804748,-0.0016257258268113084,0.010665312341289868,0.010665312341289868
2024-06-04,ACN,2.7451722488964077,0.020838501612503002,-0.0022685134088366032,-0.003092783505154628,0.023995734091716958
2025-04-04,JPM,2.743686622983665,,,-0.013835263835263789,-0.033691855120426606
2023-11-22,HUM,2.743510107813286,0.00496601686498277,-0.002445798082032491,0.0074774018468986014,0.0074774018468986014
2023-11-20,NOW,2.743417101694377,0.01201820940819398,0.01201820940819398,0.012517554180741408,0.012517554180741408
2026-03-13,META,2.742945899711121,-0.012738955309762878,-0.00287225880698172,-0.010677996219892405,-0.008739479508262926
2023-12-14,BAC,2.7422296287533423,0.030643203883495174,-0.001842167995839028,0.030799575178273475,0.030799575178273475
2025-02-18,SMCI,2.74182618860271,0.061360182370820526,0.061360182370820526,0.06408913436815533,0.06408913436815533
2026-08-13,COHR,2.741714135701574,0.03519528371407521,-0.011017709232550743,0.040456157837647666,-0.040456157837647666
2024-12-16,MU,2.740874861707193,,,-0.0061718898385565435,0.027960113960113997
2023-11-22,CAT,2.7401550187667665,0.01039014373716629,-0.0022346289234379535,0.012552473454605417,0.012552473454605417
2023-10-24,PDD,2.7400427253906234,-0.008329519450800849,-0.003111539718862355,-0.005781407726897281,-0.005781407726897281
2025-05-01,LLY,2.7399738815230084,0.04414136793701995,-0.004174422803765232,0.04724652722577005,-0.04724652722577005
2026-03-04,CRWD,2.735989117010903,-0.051906005221932006,-0.006097754569190705,-0.013877803239012332,0.049434846417260925
2024-03-06,PLTR,2.7353124195783387,-0.028910891089108937,-0.004514002828854391,-0.028503562945368044,0.03523357086302448
2026-02-04,AMD,2.7351095992938528,0.047487152645603325,-0.006119137120017326,0.05412573534623277,-0.05412573534623277
2026-09-08,SHOP,2.7347859300236235,0.022659380692167663,0.022659380692167663,0.025287022235140344,-0.025287022235140344
2024-03-01,MRVL,2.7342153196696177,-0.025404157043879882,-0.003847012246006809,-0.016237888406281376,0.03735382559305056
2026-02-27,AXP,2.733962175203528,0.025897419721153225,-0.003356683219625678,0.03057436121423951,-0.036564440146008126
2024-07-31,SW,2.7324285296310626,0.02140742427693021,-0.0032972638839183777,0.026785714285714413,0.026785714285714413
2025-02-18,INTC,2.7323691817455806,0.07822327044025146,-0.004271114106019769,0.0794962613144432,0.0794962613144432
2026-09-21,META,2.7309149281144047,0.05875714285714295,-0.003112616326530704,0.05961240143830393,0.05961240143830393
2025-09-24,RGTI,2.7297325150307814,-0.07039537126325923,-0.006995867199338868,-0.05613701236917201,0.002220107833809104
2025-09-11,NBIS,2.7276654321129294,0.032953929539295435,-0.006613526906697587,-0.010193133047210368,-0.042811158798283344
2026-01-14,MSTR,2.7273646820384383,-0.029376235449154353,-0.005178532207963271,-0.023086806946766236,-0.009021953881650724
2024-05-28,DELL,2.7262455303433932,-0.026763548289433725,-0.004350841226590463,-0.0205838098104123,0.0002407463135720711
2026-01-13,ADBE,2.7251859977107973,0.030756000312719856,0.030756000312719856,0.03505603985056038,-0.03505603985056038
2026-05-26,ADI,2.72493859716139,0.008648025367541168,-0.0035033631209762106,0.008648025367541168,0.008648025367541168
2025-12-18,LRCX,2.724720135287375,-0.007892041689258389,-0.003705524429182483,-0.004984743663333346,-0.004984743663333346
2026-01-05,COIN,2.7240081086533303,0.018420106285211846,-0.004176261066619502,0.024643216080401986,0.024643216080401986
2025-09-12,ANET,2.7221665419539107,0.02544209128398678,-0.0033019401092371226,0.041652347240360155,-0.041652347240360155
2025-05-01,MCD,2.722158476501513,-0.007651470304254282,-0.002130958674643635,-0.0059931506849314475,-0.0059931506849314475
2024-02-05,LLY,2.722034538018426,0.019783964879852123,-0.0018809712915897059,-0.0038124229905052154,0.023671812712908524
2025-06-06,AVGO,2.7216848256560535,-0.02197243551880279,-0.0029112789356735558,-0.011793298537790209,-0.016203035977529034
2026-06-02,DDOG,2.721475679563022,-0.02913957934990452,-0.004456667577164675,-0.03327171903881698,-0.005101663585951877
2024-02-13,MSTR,2.7212223508861455,0.0037015903670865047,-0.005208718697943149,0.010338733431516811,0.010338733431516811
2025-11-07,MSTR,2.721198835318441,-0.0245723516224019,-0.006822790252706046,-0.009629197865757999,0.08492131103439005
2026-01-30,KLAC,2.7206054445345114,0.0724870129870131,-0.004340306122448956,-0.012712923844265145,-0.08427841495547606
2025-08-13,HD,2.7200554934018153,0.013136615828626796,-0.0016453824582105536,0.01619584747454561,0.01619584747454561
2026-09-04,TSLA,2.719703775834042,0.012857262382864776,-0.003937177280550763,0.01505481967943012,-0.01505481967943012
2025-12-12,GE,2.719287180681073,0.013311710250692554,-0.0023122918536966353,0.015591799279076168,0.015591799279076168
2024-03-28,SNOW,2.718043984833744,-0.020229007633587814,-0.0029369320247182307,-0.017068211226816343,-0.004867829194651452
2026-08-04,ANET,2.717010082233092,-0.0060574412532636845,-0.005562596046251422,-0.0016783803629497607,-0.0016783803629497607
2025-01-22,JNJ,2.7168822384699736,-0.011400195831585025,-0.0016995483883859297,-0.006332637439109501,0.010786360473208134
2026-02-05,COIN,2.7168558936006963,-0.022785427074448528,-0.006408940973733124,-0.01619234543670256,-0.10396221786064763
2025-09-23,RGTI,2.7147578968367556,-0.06881724826406632,-0.006647508851241657,-0.01525918470055354,0.054856567689985036
2026-07-30,SNDK,2.7138250424169414,0.09435897435897433,0.09435897435897433,0.09575451607213603,0.09575451607213603
2026-02-02,ORCL,2.7134822826899008,0.02484694135498078,-0.005160802402609743,0.042094240837696306,-0.042094240837696306
2023-10-17,GS,2.7132534805102226,0.0052386308854249775,-0.002170165974151095,-0.011814399593483071,-0.016991139200304928
2025-01-16,ASML,2.7132050506952634,-0.007943465901543378,-0.0026182838242494455,-0.0050597366817664025,-0.0065167289199714595
2026-05-05,PLTR,2.712257659041631,-0.029322555812163142,-0.00413309438829057,-0.018815802784240887,-0.038553366265822286
2025-01-16,LRCX,2.712039135805652,-0.0036276303463538273,-0.002749508487074226,-0.00950114242193445,0.00583904544300573
2026-07-15,C,2.7119899879206235,0.0031967883428742905,-0.0029541032530774336,-0.005005977286312024,0.008218768679019606
2026-05-28,CRM,2.711405345001871,-0.013217586110333301,-0.004058238988678631,-0.02857307448585744,0.01497782130307046
2026-04-08,STX,2.710194496881441,-0.026913666550157367,-0.00624755052900805,-0.023210447157228975,-0.03233276338349045
2024-01-04,LLY,2.7099250929956336,-0.01387439179098493,-0.0020119061000982708,-0.012842730968071203,-0.013867172053324106
2025-08-04,SPOT,2.709544780906235,0.0028162616397910956,-0.004654194650833388,-0.01802042910031665,-0.02078594049689997
2024-04-16,IBM,2.709429384908267,0.0007069059271342937,-0.0017145614852793756,0.0021719063908344216,-0.0021719063908344216
2024-02-13,KO,2.7076665879828967,-0.019338842975206605,-0.0011883116883116829,-0.019176723425359588,-0.01868077368160026
2025-03-04,AMZN,2.707272831368961,-0.015526857946836836,-0.0030352028254143626,-0.0072333632644917545,0.016960989723635578
2025-10-29,V,2.7065079786550634,-0.014781491002570757,-0.001825568390478427,-0.011560525319588733,-0.0057074633819633735
2026-01-29,CRM,2.704646693577841,-0.008671882364030603,-0.003338997885891981,0.005205912429115833,-0.005205912429115833
2025-03-10,VZ,2.7026268949441334,-0.0021445421402530584,-0.0022226800649489675,-0.0017163698777086234,-0.0017163698777086234
2023-11-21,MDT,2.7024056262961413,0.002165605095541423,0.002165605095541423,0.007298335467349704,0.007298335467349704
2023-12-08,AMD,2.701962191521192,-0.020167935337047638,-0.0031239391935067307,-0.01626731269997994,0.007980825381041612
2024-09-23,CEG,2.7015907734517652,-0.02994644338839858,-0.0039941971357450035,-0.028590852437964998,-0.028704158326094187
2024-03-01,AMD,2.7015310291774646,-0.02332584728460607,-0.004301136032199615,-0.016762019472046585,0.017012947907256937
2025-01-31,BABA,2.7008150123092234,0.024965462798500093,-0.0028972201076995496,0.029275960310443105,-0.029275960310443105
2024-12-10,CMCSA,2.7004844221702458,-0.02067717756526255,-0.002574123989218302,-0.01922828752097061,0.020260678797264342
2023-11-30,CRWD,2.7001970349747406,0.002919646257351971,-0.0029543676819943077,0.003300028276281397,0.003300028276281397
2025-06-24,FI,2.699913448687397,0.0015606936416185935,-0.001983055326176819,0.008267784348624851,-0.008267784348624851
2025-04-23,PM,2.698848291915817,-0.006111443978429998,-0.0032577206197039743,-0.014176018901358556,-0.0081512108682813
2026-04-24,AMD,2.698532044434683,0.012401746724890694,-0.0031967831149927184,0.016143877744824398,0.016143877744824398
2024-12-06,UNH,2.6984959750938664,0.03431969799776424,0.03431969799776424,0.03511852502194912,-0.03511852502194912
2026-04-24,LRCX,2.697897021625705,-0.0024158390319859446,-0.003993253035159849,-0.017538925902749747,-0.015165458092538775
2023-10-24,BABA,2.697457935963846,0.016247700797056952,-0.002507611456599834,0.018871403983280022,0.018871403983280022
2025-10-17,JPM,2.6962419668901894,-0.008881355932203405,-0.002513089588377815,-0.006527106090838508,0.006527106090838508
2025-01-16,TXN,2.6955371470345586,0.022124817365894334,-0.001995788233891016,0.027327226014065786,-0.027327226014065786
2025-10-23,SMCI,2.6950648794558902,0.03591549295774654,-0.006522032193158944,0.037862997634566686,-0.037862997634566686
2025-09-02,PFE,2.6948349750597718,-0.010109179134654367,-0.001667263589625101,-0.008022462896109084,0.0020056157240273542
2026-04-14,C,2.692296203942841,-0.020887115700539693,-0.0030108626412310713,-0.004516782182073076,0.009656568803052767
2024-10-17,KLAC,2.692257460430437,0.024526928675400295,-0.0048533582865459834,0.02488177519097845,-0.02488177519097845
2024-01-22,GS,2.691636986211683,-0.016768331589290697,-0.00194092982385774,-0.010721210020158467,-0.008641166878522899
2025-05-27,CRM,2.690991888559821,-0.006416131989000817,-0.0022896818122297713,-0.0055313381442543275,0.015568335836477543
2025-09-24,ACN,2.6906191738123835,-0.0005850396991224915,-0.0026739239448391183,-0.0003343922421000789,-0.0003343922421000789
2026-01-15,ASML,2.6902915189831558,,,-0.007367850325685543,-0.011118620904789878
2024-03-28,CVS,2.68999090511159,-0.015119593506010665,-0.0018971548961633777,-0.014631122132672147,-0.011407315561066333
2023-10-11,SMCI,2.6897097535401167,-0.026900958466453795,-0.004824874486535902,-0.024594888874655774,-0.010952411451995103
2025-04-08,AVGO,2.689311648385478,0.05313219435356842,-0.005895600733932138,0.06300959232613923,-0.06300959232613923
2026-01-15,APH,2.687831885040852,0.006195786864931829,-0.0027098415182938984,0.010082493125572745,0.010082493125572745
2024-10-02,NKE,2.6876049748374142,-0.021350190839694694,-0.0024387864640130763,-0.018589501384402185,0.00972058039190915
2024-03-04,F,2.687417112384347,-0.003525264394829586,-0.0022633316546359916,-0.001961553550411832,-0.001961553550411832
2026-09-30,MRNA,2.6865684322526406,0.009119974841448775,-0.006651789926096718,0.025568635806743734,0.025568635806743734
2024-05-30,PYPL,2.686556407674868,-0.011386999841847212,-0.002129391563679084,-0.010447997467152192,-0.010447997467152192
2024-01-22,ASML,2.6857669668817814,-0.011900003867823639,-0.0021472406762429452,-0.011683387924586786,-0.011012818198230856
2026-04-23,ACN,2.6857369816531524,0.001036675912695073,-0.003888623382445333,0.010874993064417526,-0.010874993064417526
2026-04-15,ORCL,2.6854626979479193,-0.005622254758418821,-0.004240041832252683,-0.0022330610565904907,-0.0022330610565904907
2026-04-08,BE,2.6854079741642356,-0.04845161290322575,-0.008951953917050615,-0.04326673585884788,-0.04806694343539175
2025-04-17,MA,2.6852813124847335,0.008631944038502759,-0.004488705542426308,0.013192405558817732,0.013192405558817732
2025-11-10,CRCL,2.6850526865669497,0.028133470417796014,-0.007828782396218648,-0.021268810318803455,-0.04880391529067374
2026-08-19,RTX,2.683556151105295,-0.007737884683409968,-0.0018387456415179804,-0.005535424493697594,-0.02016317275415158
2025-09-24,NOW,2.6825068075875755,0.02523443537102399,-0.002458736987829946,-0.015047570069426475,-0.039902288506042605
2024-09-18,ACN,2.6823711312029923,0.0013258845437615907,-0.0020062484703379235,-0.001865671641791078,0.0031940298507462384
2023-10-06,WFC,2.6822279468483026,0.015868953160993016,-0.0023546199129765855,0.016129032258064502,0.016129032258064502
2025-11-06,QCOM,2.6815069705936234,0.0068233944954128045,-0.004267652359108753,0.012401288593665294,-0.012401288593665294
2026-07-01,WMT,2.6802561970632626,0.0014677552518118642,0.0014677552518118642,0.0023829163229768247,-0.0023829163229768247
2026-05-07,COHR,2.680164012705879,,,-0.029378973694518917,-0.041823605628710014
2026-01-15,AMD,2.6794851263333257,-0.03435973667445302,-0.0033736917149531642,-0.027794406910117142,-0.025442572479261183
2025-11-03,AMZN,2.678643409668746,-0.013043309981809026,-0.002638654974316923,-0.013043309981809026,-0.016642799086581284
2023-12-11,AVGO,2.677940233668558,0.05285388478098585,-0.0022692865689827313,0.055195670445460365,0.055195670445460365
2025-07-17,RKLB,2.677498336763165,0.022509960159362352,-0.00557831531018782,0.031551446945337736,0.031551446945337736
2024-05-03,COIN,2.677078199964224,0.013479177872774084,-0.007960945114676266,0.028446961446307983,-0.028446961446307983
2026-01-05,BABA,2.6769869695073147,-0.017683523654159927,-0.00243634117921232,-0.01500113891510213,0.016953564804269128
2026-05-18,UNH,2.675905025197809,-0.012742135531163878,-0.0023575725024072014,-0.012742135531163878,0.012742135531163878
2024-06-10,CRH,2.6753781037617244,0.0100496120086504,-0.0028704090719101627,0.01534526854219953,0.01534526854219953
2024-09-10,PLTR,2.6753473857171732,-0.009500145306597041,-0.003877029102835605,-0.008913738019169282,0.008913738019169282
2024-06-12,UBER,2.6723715115683917,0.006258596973865105,-0.0028494104932206277,0.015759511246876023,0.015759511246876023
2026-07-31,SNOW,2.6723008969058104,-0.017427906203226207,-0.0047789218597800165,-0.01389404107510206,-0.011803190233703131
2024-09-09,DELL,2.6720305888882008,-0.018131101813110173,-0.0042612738261272876,-0.00457687278161778,-0.011021856902671434
2025-09-18,AMD,2.671906969997712,0.03820860186768393,-0.003688985550816426,0.038550095388461436,0.038550095388461436
2024-03-04,TSM,2.6713463591426563,-0.018161180476730987,-0.0024974106129398432,-0.013753295802750753,-0.014822204802964478
2025-07-29,BMNR,2.6707206746973884,-0.06377245508982032,-0.04100720701454241,-0.056996381182147116,-0.035569963811821426
2023-10-06,SCHW,2.6702941875329604,0.019588444796201143,0.019588444796201143,-0.007374925254135967,0.027107833366553757
2026-05-11,LITE,2.668827914560167,0.043024603890248425,0.043024603890248425,0.05113840623127608,0.05113840623127608
2025-09-02,MCD,2.6684423897164513,-0.008736623542565214,-0.0012938416957584131,-0.0027396387499601937,0.005797840145264521
2024-10-28,CCL,2.6684141982899314,-0.010603964960811396,-0.0032440887835079035,-0.014538845979100379,-0.004089050431621999
2023-11-29,PYPL,2.668032117194734,-0.0166223404255319,-0.002558439399696133,-0.016540603441110524,-0.03648906990275125
2024-02-06,UPS,2.667700847260871,0.020555322422716626,-0.0026697040545130557,0.02255781359495468,0.02255781359495468
2025-05-29,PDD,2.666947434840453,-0.008085446196845703,-0.005621467073553377,-0.005318615153035555,-0.013346713497240481
2025-04-15,BAC,2.666924381822925,,,-0.001969279243796862,-0.001969279243796862
2025-02-05,SPOT,2.664839834275905,0.012055386998902629,-0.003703983649492426,0.014101133588835468,0.014101133588835468
2024-06-28,UNH,2.663902699832627,-0.02511254214021852,-0.0019214353484695579,-0.020407759694674565,0.006941011291502708
2025-02-25,JNJ,2.6629784743640093,0.0036258158085571424,-0.001530405055423123,0.00471869328493657,0.00471869328493657
2026-08-04,MCD,2.662359550423115,-0.012986032465081232,-0.002209051933344197,0.002045446093198011,-0.002045446093198011
2024-02-14,AMGN,2.660753119976156,-0.006305126791620652,-0.0026865623523389948,-0.006031155224703655,-0.0005169561621175545
2023-12-22,ROKU,2.6589776935051987,-0.020593884879192448,-0.004702986774478113,-0.01661903249708896,-0.03323806499417803
2025-11-21,JPM,2.6586501114368417,0.00349463264555383,0.00349463264555383,0.004626382069011559,-0.004626382069011559
2025-12-10,JPM,2.658644654073382,-0.005512969543990165,-0.002329149328867075,-0.002964690206529008,0.03301132578281152
2026-02-05,AMZN,2.6583092446012477,-0.020513727397320825,-0.0027507815805928315,-0.0060937639000089305,-0.010853126946001268
2024-07-16,SBUX,2.65828012288867,0.045121107266436145,-0.0019391992090954657,-0.003183806877744777,0.048448571035827115
2023-10-06,RIVN,2.6581483482025288,-0.021075984470327325,-0.00974506774423578,-0.018353726362625222,0.052213570634037865
2023-10-31,AMGN,2.6565079365079365,-0.02421191417955182,-0.0024616930075398447,-0.015931518249910903,0.013395157135497104
2024-01-26,GS,2.6559798490285913,-0.00560526315789478,-0.0020717086466165435,-0.004452523975129075,-0.004452523975129075
2025-09-22,MARA,2.6555723860948848,-0.03381341107871738,-0.005588796334860424,-0.03142579567997128,0.06749972367173385
2025-05-30,COST,2.65542364955576,0.01779841348693889,-0.0016852947453119826,0.01906546824711519,0.01906546824711519
2026-02-12,TMUS,2.653846011886351,-0.018823959427970993,-0.0027093708594142507,-0.016802490614412524,-0.016802490614412524
2025-09-10,CVNA,2.6529861691940315,0.01798338754334572,-0.0039812965857293214,0.021193366020952342,-0.021193366020952342
2026-08-31,GEV,2.6527213534634027,-0.015614013549258399,-0.004762214342315607,-0.007862855600175522,0.010157594573617201
2023-10-09,OXY,2.65256843459897,0.00959421201635724,-0.00281773244056982,-0.005058488776477965,0.01470123300663917
2026-01-23,SPOT,2.650356109240604,-0.014763779527559029,-0.003897597019122623,-0.01446423300206634,0.009957689658565583
2024-08-27,SMCI,2.6500013714149215,-0.045532995908235785,-0.008831215422931082,-0.03595064498037015,0.023387549074593394
2025-02-03,BABA,2.649808042955565,0.004482477587611999,0.004482477587611999,0.005404303048842651,0.005404303048842651
2025-09-02,C,2.6491563675534677,,,-0.015480207831163995,0.015480207831163995
2026-08-19,ADI,2.6490323510125893,-0.007133706425729969,-0.0034449829989309233,0.00789075161401731,-0.00789075161401731
2025-06-10,MCD,2.649007734196917,-0.0013666211126297512,-0.001391758369959195,-0.004793418586522047,-0.0034333482609343324
2024-04-15,MS,2.6475769435678864,0.00894841835280702,-0.002332353539877152,-0.014768643306379281,-0.02358490566037741
2025-07-15,PFE,2.6465250615547298,0.029028436018957327,-0.001723284811554926,-0.0035419126328216644,-0.03246753246753242
2026-03-10,QCOM,2.6461597396290393,-0.017529340956966788,-0.00303732642620691,-0.0104594695554725,0.010085917071348538
2026-04-16,AMD,2.6451420752136197,-0.019537791671318527,-0.00380809635454038,-0.018643026092786785,0.036485202912856396
2023-11-21,ANET,2.644888047231815,0.007860384597389247,-0.0028293106790275857,0.008946135831381818,0.008946135831381818
2023-10-17,JNJ,2.6445731059211264,-0.01232152713511625,-0.0012595962922088422,-0.009743361141183238,-0.005986117302426264
2025-11-25,ORCL,2.644324670658322,-0.02958767797597006,-0.006288417478884867,-0.021665484912944066,0.03463851466687684
2025-12-18,CMCSA,2.64344145667028,-0.01190077103586984,-0.002715267468033078,-0.007651363938789069,0.007318695941450404
2026-01-28,CVNA,2.6426701585443295,0.1032174249664829,-0.004279224883561028,0.1102964629708788,-0.1102964629708788
2026-04-29,HOOD,2.641791710416176,-0.016666666666666607,-0.006547103174603164,-0.006348330113165823,-0.017250897046646396
2025-09-11,ORCL,2.6412840572902723,0.044282963791068886,-0.004353207875287257,0.045107915588731284,-0.045107915588731284
2024-12-09,PYPL,2.641179916535662,-0.01100216936587839,-0.002110882227797095,-0.007255008121277662,-0.02544667027612335
2025-05-02,AAPL,2.6402050828505645,-0.00547401056048058,-0.003463356654971217,-0.015796189251151116,0.010235710183894575
2024-07-15,SMCI,2.6390119001802583,-0.02529168704919904,-0.00575878778326766,-0.02480956769393372,-0.06468190125115203
2024-01-12,COST,2.6388346374413776,0.004735642326641587,-0.0012692036179130506,0.007625368731563276,0.007625368731563276
2024-12-03,C,2.6385284723535087,-0.009357368928030962,-0.0016557235251332125,-0.008189087462319833,-0.016179785188001894
2023-11-15,BABA,2.6361221097730696,0.0009196459363145504,-0.002159936281674435,-0.006623650737812792,0.007549388087611852
2025-04-08,SPOT,2.635960620753366,0.04799867741876229,-0.006139235789468067,0.056336489439184345,-0.056336489439184345
2026-09-14,GEV,2.634963397386881,-0.011496062992126022,-0.00398000080347094,-0.006736442344643656,-0.01130275561181815
2025-02-21,ACN,2.6346041021135584,0.032033574160646006,-0.0019332254416852823,0.03370190650438831,-0.03370190650438831
2025-01-16,QUBT,2.6326764181707785,-0.07579672695951767,-0.027039190353143727,-0.05520166263960924,-0.08123954513965159
2026-06-15,AAL,2.6326336044112106,-0.024050632911392422,-0.0041816907775769074,-0.020330368487928907,-0.017471410419313882
2026-05-29,HOOD,2.6309741223063887,0.08180932179097611,-0.005047821066166525,0.08606066745248264,0.08606066745248264
2025-09-09,ALAB,2.6295504219095265,-0.0071759259259259744,-0.005681051587301589,-0.005959146288327055,-0.005959146288327055
2026-07-14,C,2.628673558924208,-0.037147467377578125,-0.0023304185291346258,-0.031849604966139866,-0.05967832957110597
2024-06-27,CVS,2.6281414394766096,-0.00017129153819805953,-0.0022915749033426414,-0.003092783505154628,0.0029209621993127044
2024-08-27,PDD,2.6280560957771586,0.036274115755627,-0.007790609209922028,-0.018830720694074876,-0.054421768707483054
2025-04-04,TSM,2.627776450542477,0.01649567491450421,-0.0038020327422860767,0.02024048096192388,-0.02024048096192388
2026-04-08,VLO,2.6262403371973115,0.015382007712191115,-0.004099898300775395,-0.012137587922456783,0.02770629610567843
2025-06-27,OKLO,2.6260464863235753,0.04480193738107596,-0.01214332666123008,0.06596752368064951,-0.06596752368064951
2025-07-08,BAC,2.62525628212726,-0.008160335203715285,-0.0016945260604205314,-0.005769432497639726,-0.010909472359173278
2025-09-18,ASML,2.623947819704709,-0.010806346446424753,-0.0022367024249387857,-0.010806346446424753,0.008313410128232945
2025-12-10,LIN,2.6237399877886816,0.003693149144441632,-0.0017072718343980053,0.004476161244117094,0.004476161244117094
2026-08-17,MSTR,2.6230966289903974,0.010978317693155715,0.010978317693155715,0.021761874869219433,0.021761874869219433
2026-04-10,PLTR,2.622359244584711,-0.02261904761904754,-0.006779988662131364,-0.02081237175475148,0.014791282095973024
2024-04-24,SPOT,2.6212248551487223,-0.018750206318291385,-0.00434773002721045,-0.006411960132890471,-0.06498338870431897
2023-10-25,V,2.621024059372629,0.004153598372467426,-0.001524600685404276,0.004153598372467426,0.004153598372467426
2024-03-06,C,2.6203068788254615,-0.008832361773538189,-0.0018988694576929088,-0.008565121412803522,0.01174392935982338
2025-09-22,OKLO,2.6190629717721645,-0.04951987937465274,-0.006524470846984931,-0.04578440156223196,0.10865008014385569
2026-09-21,BMNR,2.6171649541220896,-0.023531557825611005,-0.00696033772867044,,0.024859372164761417
2025-04-08,MRVL,2.616382616731705,-0.020899746921357765,-0.007359459349339792,-0.011211375444353244,-0.08741226870841301
2023-10-17,ADI,2.6139300143520443,0.015830979284369162,-0.0023771690879741403,0.017867673074654977,0.017867673074654977
2024-08-14,INTU,2.6136622907834024,,,0.005146420396242801,0.005146420396242801
2026-05-19,CRM,2.6128844861887544,-0.013475773433475169,-0.003929572718434304,-0.012624620719549062,-0.0277958387516255
2026-05-06,SHOP,2.6127180187929944,-0.03130133235991961,-0.005831884076864968,-0.011726536540057841,-0.02820517792002397
2024-04-03,INTC,2.612609436402195,0.013573000733675733,-0.0029775006113963443,0.014182958453194838,-0.014182958453194838
2025-10-14,JPM,2.6120552481995682,-0.009965884095553879,-0.0019469743664175532,-0.00854957753064145,0.00854957753064145
2023-10-11,SQ,2.6119140014774977,-0.020511736096426314,-0.0035532731172400744,-0.020097313306536968,-0.0125872646498838
2024-01-18,MRVL,2.61119512803429,-0.00025213582498262443,-0.0032867705756653987,0.0007336757153337814,0.0007336757153337814
2025-04-23,SMCI,2.610494188065542,-0.041950936275221395,-0.009523795699147741,-0.030706057205966197,-0.033995782102721694
2025-04-04,MRVL,2.6102853240849337,0.0390898483080514,0.0390898483080514,0.04355400696864109,-0.04355400696864109
2026-01-13,BA,2.609835761479984,0.00246814372632298,-0.0020274682022963786,0.0031591039632394846,0.0031591039632394846
2026-09-17,NBIS,2.6085796246615565,0.010718503042964955,-0.006375277370463062,0.014656654301999472,-0.014656654301999472
2026-09-17,TJX,2.608509300268807,0.013614158725073988,-0.0019241439668683524,0.023955972806734005,0.02436063450954995
2024-10-02,JD,2.6077094992564667,0.012935542467110706,-0.003989101117410687,0.02010928961748637,-0.02010928961748637
2025-09-10,ANET,2.60761589610447,0.02356216473144568,-0.0028328531657112466,0.033173406442769116,0.033173406442769116
2024-05-31,CRWD,2.6075336929671606,0.0239280602402141,-0.003780677969115409,0.027331099978790907,-0.027331099978790907
2025-06-09,APP,2.607503951802917,0.016989109545163306,-0.0048681284890637055,0.02192646983835611,-0.02192646983835611
2026-09-14,BKNG,2.607431234521717,0.004315729699034598,-0.0038722235742678635,-0.028118877452468327,-0.03231325367697779
2026-01-12,WMT,2.6056075256918065,-0.007884813164209747,-0.0015980377956803515,-0.004527205945161095,0.007773127188861473
2024-05-09,VST,2.6040644169901404,0.0066969107798660055,-0.004360637903897846,0.008658008658008587,0.008658008658008587
2025-01-10,SPOT,2.603037025100543,0.03251608284270335,-0.003097299106396445,-0.007374645740799712,-0.03965093399165964
2025-05-07,ANET,2.6025246994997886,-0.014021707245526649,-0.004630591291958197,-0.014021707245526649,0.014021707245526649
2024-11-04,INTC,2.602303308150884,,,0.00044345898004438666,-0.00044345898004438666
2026-04-16,GLW,2.602123632193763,0.003262445625906274,-0.005784695850307164,-0.02172839506172841,0.025061728395061822
2026-02-20,CRWV,2.602008555217288,0.014371964679911642,0.014371964679911642,0.023906651363611586,-0.023906651363611586
2024-04-24,MA,2.6017940046358903,0.002384420348492289,-0.0016568900808420217,0.004339539341208343,-0.004339539341208343
2026-09-21,AMAT,2.60173041148604,-0.013692810457516358,-0.0038691254279489273,-0.011085869066602694,0.014351558574892342
2024-04-26,SNOW,2.601485659103303,,,-0.00948245586028551,0.00948245586028551
2026-05-29,NOW,2.6011148265553903,-0.022735042735042787,-0.005082997557997571,-0.01355243096730474,0.05361680501439947
2024-06-27,VST,2.5996161802611177,0.02285513361462721,-0.0061444143058067,,0.026766280369433293
2024-07-08,PLTR,2.598683989585569,-0.023792093704245953,-0.004039479188454154,0.034080717488788825,-0.005919282511210766
2025-07-30,MA,2.5985675186862784,,,-0.006261974029660111,-0.006261974029660111
2026-09-14,ADI,2.598516882220577,-0.014725912308853006,-0.0027433846301565534,-0.013687018870021994,0.0046966623127588925
2024-10-30,HUM,2.598292985827609,-0.005417320481207688,-0.003930957184487882,-0.0013658491203759615,-0.0013658491203759615
2025-08-13,CRCL,2.5981111154187246,-0.03448275862068961,-0.008729780564263434,-0.024979950235456183,-0.01576219951058011
2025-07-30,SPOT,2.59625708633191,0.03920159680638724,-0.004454506986027895,0.041604980753995324,0.041604980753995324
2026-08-10,RKLB,2.5960737273059085,0.04107868930877778,-0.006907378617555526,-0.007242075270093795,-0.04802326961890069
2025-08-11,TTD,2.596031432312757,-0.030982321851649286,-0.010061964643703347,-0.025655121861828833,-0.025655121861828833
2025-03-04,TSM,2.595661077185045,-0.02449776785714275,-0.0039664979272958645,-0.019408761990239554,0.009816570370785982
2026-09-08,CRWV,2.594844259407692,0.04711437565582388,-0.005282603807524988,0.10335641981885968,0.06329248801278653
2024-03-01,SNOW,2.594142826487164,0.017578947368421027,-0.006275954887217994,0.022140405047402556,-0.022140405047402556
2024-06-12,WFC,2.5938723723953943,0.008404670607888853,-0.0019372536993782496,0.00882505623810348,-0.00882505623810348
2026-08-04,MRVL,2.591382965127971,0.0035829122645842926,-0.007871576218911991,0.005245237876138731,0.005245237876138731
2026-08-28,MRVL,2.5903367996824302,-0.02829476152863286,-0.007193219566672848,-0.014076456037778184,-0.025882617494940363
2023-10-12,TGT,2.5896490865226536,0.004492362982928988,-0.002787825696316304,0.0053859964093357915,-0.0053859964093357915
2026-08-20,COST,2.5895754199566823,-0.00627182894624756,-0.001762663831185396,-0.003858695942231649,-0.003858695942231649
2024-10-11,AVGO,2.589194137281723,-0.01794828649952329,-0.0030499827728500684,-0.00928706484262043,0.009009009009009139
2023-11-27,MCD,2.589041723005286,-0.004517992239684077,-0.0009829480595413553,-0.004251098200368508,-0.0014170327334560584
2024-05-01,MA,2.588875593181166,-0.014556252801434355,-0.0015294278670678896,-0.014224862683555717,-0.008451967268243599
2025-05-21,QBTS,2.588618130880156,0.0746538229981939,-0.0092724262492474,0.08183990442054956,-0.08183990442054956
2024-04-24,TMO,2.5881086603542953,0.00048442906574386324,-0.002226767177459177,-0.007844550869423483,-0.008325179806718541
2025-04-02,SPOT,2.5876387041048754,-0.0033740034356694037,-0.004927158777002338,-0.0016766382520605472,-0.0016766382520605472
2024-03-04,GOOG,2.586969423820331,0.0018599806562011878,-0.0021689234431963023,0.0024907989144578035,-0.0024907989144578035
2026-05-26,MRVL,2.5868370963105938,0.013594808393728397,-0.006078516954600488,-0.024941111265068483,-0.0381968500300216
2026-05-29,SNOW,2.5856010290374707,0.028887993553585956,-0.0049931967307470515,0.02996692748245544,0.02996692748245544
2025-02-18,JNJ,2.585280444282124,0.0026520051746441453,-0.0013535021253003876,-0.007231741481529719,0.009902925272004648
2024-02-28,MSTR,2.5845845940793155,-0.03878341854179568,-0.007414524049875304,-0.03474001751597533,0.03906494966860197
2026-05-28,MRVL,2.583366270774895,-0.03402876547634359,-0.007077620435936294,-0.022124331815482123,0.012670758265689974
2024-04-16,BAC,2.5832019691975687,0.010978043912175606,-0.0020952991975233815,0.03195646106614558,-0.03195646106614558
2026-08-11,INTC,2.583123801620208,0.00040954233643897275,-0.007598465678889554,0.008567299752270774,0.008567299752270774
2024-09-03,COP,2.583037566464257,0.007049254405783967,-0.001865276612226463,0.007318395374051323,-0.007318395374051323
2026-01-14,C,2.5820869792274026,0.02914885347842988,-0.0022483112172191344,0.030614004829251473,-0.030614004829251473
2025-04-25,INTC,2.582040881996718,0.007537688442211143,-0.008354271356784015,0.008805031446540879,0.008805031446540879
2025-02-28,VST,2.581438234932529,0.03725551071095912,-0.00845714507473283,-0.022539682539682637,0.0606349206349206
2026-04-06,AAOI,2.581316125077717,0.010137314533222863,-0.012563358215832654,-0.063600276147739,-0.07309285467725235
2025-07-17,KLAC,2.5812105204776365,0.01450200755403075,-0.002155844015293673,-0.006042723689654306,0.020632362868279408
2024-02-09,COIN,2.5801464800333975,-0.02543263504519022,-0.00572446477364863,-0.010088857813344898,0.004781167465415015
2024-02-20,V,2.5794742551497,,,-0.0031147006627794127,-0.0031147006627794127
2024-05-23,ADI,2.579418010675544,0.017348307073415947,-0.002040003472055796,0.02099945727048802,-0.02099945727048802
2025-09-22,CRWD,2.579162497033973,-0.01290650406504068,-0.0032461091753774873,-0.005893869971539845,-0.005086490523383724
2024-08-16,MSFT,2.5790928351475335,0.0012108415420306606,-0.0023595063470147615,0.0035117793412139386,-0.0035117793412139386
2024-05-15,CSCO,2.578988322567964,-0.005503465144720776,-0.0013902801234639828,-0.0030481609428977263,0.009754115017272857
2026-07-09,PEP,2.5784576673715662,0.00466404314239921,-0.0026830741041498074,-0.01067982617662211,0.015393680489062422
2024-01-05,PLTR,2.5777001602673706,,,-0.007761564731449844,-0.007761564731449844
2025-10-10,RKLB,2.577278969262289,0.09116647791619481,-0.005627204335868052,-0.02241904234708003,-0.11154165513423753
2026-05-14,BA,2.5769420976563953,0.041434962578918766,-0.002620968946176916,0.04175548589341693,-0.04175548589341693
2024-09-10,GS,2.5765037704315374,0.01909222658629317,-0.002335522703336812,0.020984005198834477,-0.020984005198834477
2026-06-01,DELL,2.576048860421441,0.028174918365545754,-0.0052966246201948675,0.033394330379278525,0.033394330379278525
2024-05-28,COIN,2.5754378971640035,-0.028607972713706964,-0.006382668940524416,-0.010921818335160594,0.03356666947794551
2023-11-03,PANW,2.5750524364888827,-0.015495867768595017,-0.0032627863046044148,-0.009779348317376924,0.001027242470312606
2024-04-22,AXP,2.5743028474819543,-0.014693058946634086,-0.0021696957994916666,-0.011385858937029925,0.012385380904784693
2023-10-24,TMO,2.572482757606506,0.008938990290407123,-0.002360975425639955,0.008938990290407123,0.008938990290407123
2026-01-09,QCOM,2.572156010896436,-0.012307476897227776,-0.0022036324358922776,-0.008586115347681167,0.004157487431508677
2024-01-05,HUM,2.5716728033141494,-0.008808244516867791,-0.001842703627738418,-0.004230693351454429,0.004230693351454429
2024-01-16,BA,2.5715734743336665,0.03546679499518768,-0.003197129795132758,0.03932705442519224,-0.03932705442519224
2025-04-04,DIS,2.5714799060368074,-0.011355735805330336,-0.002781244827015361,-0.0050063992006530444,-0.02748453769123349
2026-06-02,SMCI,2.5706536696968745,-0.03134957344023026,-0.005756750803929345,-0.04692398119122254,-0.017045454545454475
2026-01-20,WMT,2.5705191968800887,-0.008978583196046164,-0.0019813054248057904,-0.006769586394782423,-0.019648311731197854
2023-11-14,SCHW,2.569834142055036,-0.009061254077564307,-0.0027979858126649937,-0.0030625112592326253,-0.012970635921455531
2026-04-10,MRVL,2.5692343939351674,0.003281762775433572,-0.004928889558636462,0.011182863443061963,0.011182863443061963
2024-09-23,QCOM,2.568110425576011,0.007711160260625238,0.007711160260625238,-0.014956132603191508,-0.022551963728434377
2026-07-16,CSCO,2.566531749982694,0.004990019960079861,0.004990019960079861,-0.002443660059733843,-0.007421486107339947
2024-10-29,MCD,2.565454966625598,-0.018479338842975146,-0.001880637544274033,-0.01708213328036534,-0.023074121892276533
2024-08-29,DELL,2.5651861167943637,-0.010455764075066987,-0.004000861738797434,-0.010455764075066987,-0.010455764075066987
2024-09-24,CRM,2.565102247532794,-0.003561887800534347,-0.002324229847771697,-0.006725755035103087,-0.003187823619377528
2026-08-05,ALAB,2.564704098492889,0.06061689763075562,-0.010152945058220064,0.06670811867116722,-0.06670811867116722
2025-11-14,ASML,2.564251131244829,0.01636473082860901,-0.0023478156891861834,-0.007993055626266399,0.02448859065869713
2024-04-22,ARM,2.5640595519618405,-0.02741950294172324,-0.008296646445152378,-0.0261715691757074,0.04127055139246161
2024-07-11,COST,2.563685074157705,0.04003855312393689,-0.001518035734534351,0.04410320103878507,-0.04410320103878507
2024-08-09,LLY,2.56180478700207,0.014903299203640419,-0.004331816999837423,0.016196493057034855,0.016196493057034855
2025-02-18,LIN,2.561041260732023,0.021759157710024235,-0.0016379171497509226,-0.004295627271725833,0.02614825421301914
2026-08-12,COHR,2.5607722527809513,-0.03318965517241379,-0.01048288382594409,-0.03318965517241379,0.022931034482758683
2023-11-14,AMAT,2.5605883045700173,-0.010191744319925311,-0.0024215274652934493,-0.007750923897046791,0.007750923897046791
2026-03-05,GLW,2.5605508783312474,-0.03091298729721026,-0.006423406589676106,-0.02803535207186325,-0.023833671399594247
2025-09-05,TSLA,2.5602364335757266,-0.015410328319311106,-0.0033379042277232873,-0.0051236546828486995,0.004121822761621319
2025-02-13,COIN,2.5602062363120126,-0.02410707995773187,-0.005477041714889497,-0.0020738866040986847,0.04854300678406975
2024-08-26,INTU,2.5597651965594874,0.007733118971060993,-0.002772258842443698,-0.01449734611423592,-0.022118355383030863
2025-01-06,AJG,2.5595732701359015,-0.007542718238364277,-0.0019997293405100702,-0.007542718238364277,-0.01158218345606643
2024-11-11,SOFI,2.5589475319516084,0.005698005698005604,-0.004629171754171768,0.010556450169976639,0.010556450169976639
2026-01-14,INTC,2.55819888622702,-0.022342869074963412,-0.004604525251320046,-0.009692720148484213,0.004949474118374875
2026-08-11,RKLB,2.557783106863973,-0.0536771477437179,-0.00788639652677281,-0.016179135387004884,0.03533523168521868
2023-12-07,RIVN,2.557752396758796,-0.030330444203683582,-0.005261878966104305,-0.019325483807002275,0.027369729839811674
2026-01-12,LITE,2.5574323552616085,-0.04045716300387836,-0.008375673656464633,-0.01024012347511194,0.008785729126472797
2026-08-12,BE,2.5570097440090622,-0.00858807023510888,-0.010953123956100042,-0.033688016104514995,-0.025389260917793033
2024-03-07,VKTX,2.5567710424470707,-0.08496291301416048,-0.014057826798959727,-0.08152943991697303,-0.005449994219295706
2023-11-09,COIN,2.5564152491546643,-0.03128911138923651,-0.006093926932475124,-0.029365659943567768,-0.029574668199393805
2026-08-03,NXPI,2.55584009255899,-0.025886864813039256,-0.005835828099216789,-0.025886864813039256,0.023512760809021538
2025-12-08,PG,2.555800640778695,0.01410859341598969,-0.0018073454264133648,0.01900170164492332,-0.01900170164492332
2025-09-25,RGTI,2.5552289222998823,-0.0506072874493928,-0.008285087719298367,-0.027239908106334032,0.05283885789300946
2026-09-08,KLAC,2.5551395890436335,-0.008912846240059613,-0.004088091553000606,0.0015844512517165787,-0.0015844512517165787
2025-01-14,JPM,2.5546884314154172,0.007461622159102399,-0.001756389126768454,0.01332130999713077,0.01332130999713077
2024-11-21,MSTR,2.554579724254576,0.2372106425895687,-0.007745266682217977,0.2161765535925949,-0.25293973772835887
2023-10-27,SNOW,2.554137866195329,-0.00971042739802308,-0.0038601758119369833,-0.004711098794513036,-0.006165996951642105
2024-07-18,CMG,2.5533494271784423,-0.014578335486252092,-0.004045936256030336,-0.013121419330992423,-0.013860654222879298
2025-05-13,CAT,2.5514842065247683,-0.00893288953372584,-0.002696019621469925,-0.007309045834698713,0.004545001211050392
2024-02-02,GOOG,2.5511810838348423,0.01571014082513611,-0.002277596368672641,-0.016033937302271983,0.031995973540408285
2025-02-10,SMCI,2.549699577814053,0.11669283097854533,-0.0065456941018166015,-0.009378078378656785,0.12716526387234617
2025-01-28,VST,2.5494138376833106,0.052539035026023306,-0.00997628760323932,-0.047752394988946234,0.10280029476787034
2026-04-14,ASTS,2.5492832250957993,0.10785498489425971,-0.008687440656020673,0.12008343265792609,-0.12008343265792609
2023-11-14,C,2.549202971442574,0.009671179883945724,0.009671179883945724,0.009900990099009688,0.009900990099009688
2026-09-30,HOOD,2.54849609334578,0.032158211521925995,0.032158211521925995,0.03307276007215865,-0.03307276007215865
2023-12-06,SBUX,2.547571964914416,-0.010008340283569561,-0.0017622572381745805,-0.008783713960938244,0.0029967965278496767
2024-11-12,HD,2.5463908740754206,0.015141524409602813,-0.0020245107787417727,0.01718171183466566,-0.01718171183466566
2026-09-16,MCD,2.5458922863322386,0.008536439427180964,-0.0016097171805815602,0.008753913338251929,-0.008753913338251929
2023-10-13,ABNB,2.545520285163422,0.02774294670846389,-0.0038412393640840925,-0.012078042737689754,-0.03948590895013937
2024-01-23,VZ,2.544981816372341,0.020048309178744006,-0.0021230158730157767,-0.010495484500854246,0.030754210397851978
2024-10-17,AMAT,2.5446335716072297,0.01764601798381782,-0.00421305285992335,0.01764601798381782,-0.01764601798381782
2026-02-05,LLY,2.5440652154878602,0.016470588235294126,-0.0037538717454195236,0.027508414619029975,-0.027508414619029975
2024-09-10,CVX,2.542698283139044,0.010734988907178167,-0.0019361370398012223,0.013206739006282331,-0.013206739006282331
2026-06-01,CRM,2.542348920112357,0.04189860834990067,0.04189860834990067,0.04537974367925002,0.04537974367925002
2024-01-12,NFLX,2.541017167005481,0.004712687850164876,-0.002317798703794116,0.006811920356036394,-0.006811920356036394
2023-11-15,PDD,2.540791241357226,-0.017990346643264488,-0.003828464865542447,-0.015228426395939021,0.0014003150708910006
2024-07-23,TMO,2.5395939045214337,0.013175407097748115,-0.0017871977153269825,0.015277653979855699,-0.015277653979855699
2024-07-18,TSM,2.539364932219285,0.01445534331440379,-0.003910477665511225,0.0182846694474601,-0.0182846694474601
2025-06-30,ORCL,2.539089134402357,0.022584973166368427,-0.0036273064145158074,0.025352866412469033,-0.025352866412469033
2024-02-13,ARM,2.5384014500124192,-0.05259889650485672,-0.00805671323614443,-0.040831839250452306,-0.09874316771609248
2026-06-12,RKLB,2.5379285817536665,0.05551512199711639,-0.010937143584551556,0.057269128072921505,-0.057269128072921505
2024-04-26,PDD,2.536830158268485,-0.0027140198511166336,-0.00333547500886211,-0.0038621968175498456,-0.0011586590452650203
2026-02-13,COIN,2.5351993714934187,-0.04106201864612902,-0.008077335109155204,-0.02883444430201254,0.0980830449087724
2026-07-02,HOOD,2.5350658543512337,-0.04142565498468875,-0.006059932921790634,-0.03766011955593507,-0.037318531169940106
2026-07-31,ALAB,2.5338701692078383,0.04306514352485358,-0.010388607625519741,-0.030251975547935128,-0.07201431340390652
2024-01-17,RIVN,2.532587424785614,-0.032126168224299145,-0.005969542723631371,-0.019958296097706274,-0.0014894250819182941
2026-01-20,NOW,2.5319261250784146,-0.01754385964912286,-0.0034628181565024008,-0.015763408270711987,-0.020294021153275277
2024-03-08,AVGO,2.5315282732901334,0.054391884568976034,-0.0032580425073363006,0.059863442246701815,-0.059863442246701815
2025-04-23,BA,2.531482930300284,-0.019914893617021256,-0.005646520770010044,-0.01663253856702962,-0.01890964279635221
2024-03-11,PG,2.5307918223224686,-0.0015809541523297277,-0.001070522954834452,-0.0036753351040830218,-0.0021001914880472983
2026-05-11,RKLB,2.529929608839201,0.06602488420670238,-0.0069550060329280905,0.07811710677382311,0.07811710677382311
2026-02-06,SPOT,2.5290904680552746,-0.010311004784689048,-0.004517874231032115,-0.00011841045801164185,0.00011841045801164185
2025-10-17,ORCL,2.5284919353810857,0.0170732530283092,0.0170732530283092,0.022416859626162022,-0.022416859626162022
2025-03-04,BA,2.5283963765636854,0.031900645318397536,-0.0033867822789654944,0.03337418181464513,-0.03337418181464513
2024-05-30,ORCL,2.528065796816602,0.024331305724523022,-0.0017918506791101407,-0.004768420616162783,-0.028983704440850744
2024-05-28,VRT,2.5279587132336756,0.0020878808009869854,-0.004502386149486837,0.0020878808009869854,-0.0020878808009869854
2025-11-21,ABBV,2.5253764119551247,0.023333333333333206,0.023333333333333206,0.023554882009092948,0.023554882009092948
2024-11-11,DELL,2.5253121166497072,-0.010610867039205552,-0.0039120701334869334,-0.020537972422661976,-0.010145031078088063
2025-03-03,COIN,2.52512858590731,0.1003234831264207,0.1003234831264207,0.10581539330480305,-0.10581539330480305
2024-07-25,GM,2.5250243585907706,,,-0.003949100482667722,-0.03192189556823166
2026-09-10,CRWV,2.5249160738979595,-0.012372620937412426,-0.005800088399601666,-0.010380707335536976,-0.010380707335536976
2025-11-20,NVDA,2.5242438833194307,0.059181444692911755,0.059181444692911755,0.061767451509179505,-0.061767451509179505
2026-03-23,MS,2.523935757149815,-0.01918174092509406,-0.0032255588893321807,-0.015974827544475545,-0.005445963935616471
2025-11-25,AVGO,2.523762887058445,-0.01366263794009459,-0.004675579911418204,-0.007468532929440608,0.005640570324332961
2023-12-08,AVGO,2.5223308036123337,-0.014591439688716124,-0.002341810264961941,-0.012228260869565188,0.018202208419599852
2024-08-15,UPS,2.5217715625098984,-0.0031014964720478266,-0.00198772139700254,-0.003024193548387233,-0.003024193548387233
2025-01-10,BLK,2.5201859165450506,0.013322600951466868,-0.0022455083949930454,-0.012030627121927373,-0.025192948829052986
2025-09-26,INTC,2.516976353626255,0.000705218617771397,-0.004559157767479283,-0.014306151645207432,0.015021459227467782
2024-09-04,UNH,2.516934306569343,-0.0019008264462809787,-0.0013611239669422126,0.00028160614895322844,0.00028160614895322844
2025-05-27,CRWV,2.5165802705626583,0.06640860215053768,-0.008746844854070623,0.08081952920662605,0.08081952920662605
2024-11-04,PFE,2.5163311671719404,0.003945480631276865,-0.0016947632711621363,0.007200211644751375,-0.007200211644751375
2025-07-21,CRM,2.516032209301358,-0.005741463599499674,-0.0020661851885940274,-0.0031554136253040266,-0.0028892944038930723
2026-06-15,BA,2.5149360930245135,-0.01647131948144187,-0.0033224877590887214,-0.01210526315789473,0.004473684210526407
2023-12-01,CRM,2.5148956161224127,0.02224493004244632,-0.002034709277517033,0.02891728312037678,0.02891728312037678
2026-04-22,VRT,2.514555051906751,-0.04029912754466147,-0.004040808173961463,-0.026154070663013007,-0.010879963679405913
2024-06-12,AVGO,2.514212103795372,-0.0016968477531857928,-0.002643867969723157,-0.006331222925691549,-0.0046451182939020175
2026-08-03,BABA,2.513496947125346,-0.00880199408007476,-0.0030073275766140384,-0.003289731338607327,-0.003289731338607327
2024-10-23,NEE,2.512377690318037,-0.008307619273676625,-0.0019113712658098692,-0.01429540722023348,-0.006106548747104701
2026-05-07,IONQ,2.5117770425009383,-0.05058593750000007,-0.006839299665178489,-0.03755915021680156,-0.05577444710634172
2025-02-14,BABA,2.5116877271349773,-0.0066177063998063,-0.004264898486228574,-0.003540107812374238,0.003540107812374238
2025-08-19,INTC,2.511598296354298,-0.006669282071400495,-0.00414865773692763,0.04788507581803558,0.010375099760574713
2024-11-04,CVNA,2.511059971479772,-0.005761534063420726,-0.004646784033576434,-0.0320926009986382,0.02614616432138006
2023-12-13,ABNB,2.510086302628538,-0.0113342195480306,-0.003005622132712382,-0.008119361554476012,0.003122831367106338
2025-03-14,ADBE,2.5099051650978597,0.023329440768132814,-0.003641643033235109,0.025516997461823232,0.025516997461823232
2024-02-06,VRTX,2.5096766907257773,0.009016724954202582,-0.00212861833049538,0.016527364593662885,-0.016527364593662885
2025-04-09,F,2.509672764256719,,,-0.011790480453244268,0.11779879621668088
2024-01-12,MRVL,2.5085664190028125,-0.008821533589685515,-0.0032464105298305457,-0.008746795355149994,-0.00935002262102258
2024-11-26,MRVL,2.5081025934575227,-0.015154704272784647,-0.0030531166370989515,-0.011200338123415032,-0.015638207945900318
2024-07-29,BABA,2.5079769004341097,-0.002357889370379951,-0.0023710990131458054,-0.007086813464945663,-0.004745634016704581
2025-01-06,RDDT,2.507591770051565,-0.024128686327077764,-0.005905174262734625,-0.018418143084432126,-0.032063209556939753
2025-02-24,NKE,2.5075289072713605,0.0008723828514458631,-0.0029704458054408134,0.0025591411272705145,0.0025591411272705145
2024-03-05,WDAY,2.5074718473490627,0.0018718879862229532,-0.003172617487712248,0.00829489659276883,-0.00829489659276883
2025-03-10,SHOP,2.507195739655555,0.0008619760801638066,-0.007479835916696098,0.003439011284255722,-0.003439011284255722
2025-09-22,RGTI,2.5069614016440402,-0.035019455252918386,-0.006862090050027803,-0.03300970873786424,0.09980582524271853
2026-01-02,TSM,2.5069555636491914,0.012703139354389048,-0.0024391769886272785,0.014921582322687144,0.014921582322687144
2025-10-06,MELI,2.505782241445827,-0.009873001139192317,-0.004121936787879088,-0.004621684139835214,0.004621684139835214
2025-08-13,WMT,2.505439132625994,-0.014261990817622472,-0.0015643185084915912,-0.012651967039598144,-0.0009001790466015569
2025-06-03,VST,2.5040155195094362,-0.01663585951940849,-0.0034414402891469464,-0.013212054920698879,0.013039348320428301
2026-06-16,AAL,2.503788899727413,-0.023927905531385907,-0.00403085323626029,-0.021800062285892263,-0.021800062285892263
2024-04-04,META,2.5036742275907624,-0.012436145177645574,-0.0022408976983564477,-0.011528370899481222,-0.02144813190601136
2025-11-21,T,2.5036529683098188,0.013471300273330655,-0.0017975679143191758,0.015661707126076507,0.01624902114330462
2026-09-29,BE,2.503416259366609,0.01663292376431169,-0.006580646367734477,0.02929794490289983,0.02929794490289983
2026-09-08,ALAB,2.503411037948508,0.025734426118924736,-0.0064498730383582,0.039534497090606746,-0.039534497090606746
2026-06-25,DELL,2.503320397227771,-0.045393644118955745,-0.007822989295987348,-0.03197601169178044,0.03197601169178044
2026-01-13,WFC,2.5032890957858616,0.016322377745254024,-0.0017071976679010614,0.018749658887195597,-0.018749658887195597
2025-09-15,ASML,2.5030784457261097,0.030905171435487322,0.030905171435487322,0.031938050886771485,0.031938050886771485
2026-01-13,INTC,2.5027677312423933,-0.029975754904121743,-0.004455666110394052,-0.023658269441402036,0.03581599123767787
2025-10-06,AAL,2.5027411758589024,-0.01384681955863254,-0.003002039933238443,-0.012095032397408279,0.022894168466522702
2026-05-08,CRWV,2.502721741728414,0.020343347639484977,-0.008085272838749269,0.024529914529914598,-0.024529914529914598
2024-06-20,ARM,2.5019869156063685,0.03464841169759214,-0.005804196584056065,0.03469768251785632,-0.03469768251785632
2024-02-13,SNPS,2.5017787738840527,-0.007558086972244693,-0.0025322368166142972,-0.0002185832164520729,-0.0002185832164520729
2025-11-20,GEV,2.5009283308561163,-0.020328178107365313,-0.004580882916663809,-0.01809261462730849,-0.09046307313654223
2024-10-31,SBUX,2.5008396102093076,-0.007943057561378142,-0.0018572754870465058,-0.00607495881383846,0.00607495881383846
2025-07-07,IONQ,2.500696532070945,-0.029358215748748195,-0.007029797125950976,-0.01938246562993018,0.01938246562993018
2023-11-16,TGT,2.5005098223416713,,,-0.0003077159781522676,-0.0003077159781522676
2024-06-14,PFE,2.499631400009432,-0.01879432624113464,-0.0021542299898683615,-0.018456703192232804,-0.023422950447494317
2024-07-12,C,2.498572574165722,0.005028054415852856,-0.001970406132080882,0.008831886951847112,-0.008831886951847112
2026-02-05,MSTR,2.4982512130571997,-0.021183957129699227,-0.008484683197569343,-0.011954498448810691,-0.11313340227507751
2026-01-14,BABA,2.4970684836857555,-0.013569827090352149,-0.0032441185397846795,-0.008173273395995162,-0.007998131823223842
2023-11-06,BKNG,2.4968777670837343,0.007347624426152111,0.007347624426152111,0.014665547732110706,0.014665547732110706
2024-12-11,MDB,2.4962974641724234,-0.01661129568106312,-0.007115733270052216,-0.012510425354462007,-0.008807339449541263
2026-01-20,RDDT,2.496259051280454,0.00805008944543828,-0.006239605162279616,0.008232707623697433,0.008232707623697433
2025-12-11,DIS,2.4961667797761193,0.0013922572532112376,-0.001872220297442606,0.0031041929098434284,0.0031041929098434284
2026-07-31,META,2.496100837451542,-0.02817394508936788,-0.004484948274500411,-0.022602431337235385,0.002251238180999593
2025-01-10,HD,2.4928001713511225,-0.0014596670934698963,-0.0018925772818730868,-0.007144146700023057,0.005674051530704327
2025-04-17,ABT,2.491872224990595,0.0010700909577312512,-0.003308748539544104,-0.0034491407060730506,0.00452292255808584
2024-04-29,PANW,2.490364472462274,0.012415881561238185,-0.0026891559315516123,-0.016831630762716432,-0.0290385327899223
2025-09-25,IBM,2.49013417925094,0.017866184448462885,-0.0019434280547662164,0.02690742654313416,0.02690742654313416
2025-07-09,MRK,2.4899360958642345,,,-0.004163197335553592,-0.004163197335553592
2026-06-01,MSTR,2.489266976990785,0.008686868686868632,0.008686868686868632,-0.01220094063117716,0.020993797287164995
2026-01-28,UNH,2.4890987907805444,0.020298403886190197,-0.004639776444929078,0.022782608695652184,0.022782608695652184
2024-01-22,PLTR,2.488368440014612,-0.02031163049526985,-0.003349193099610459,-0.019220055710306383,-0.019220055710306383
2025-05-06,PLTR,2.4878327373016185,0.013683733574988644,-0.0057285196452845355,0.019503625962794424,-0.019503625962794424
2024-08-16,ABBV,2.487699318444512,,,-0.006854294319244003,0.006854294319244003
2023-11-02,SMCI,2.487368589359236,0.0422178988326849,-0.0067635908838243886,0.05104283125795139,-0.05104283125795139
2024-11-01,T,2.4873427876441263,0.018197958277851756,0.018197958277851756,-0.008144397974906403,-0.026194144838212585
2024-05-01,SMCI,2.4862920311337726,-0.004437849684858053,-0.010389186971157871,0.007468368392874902,-0.007468368392874902
2025-04-25,GOOG,2.485876427408121,0.011885369532428358,-0.004148028442146012,0.01913460098817188,-0.01913460098817188
2026-04-16,COHR,2.484309008336477,0.009231079763408978,-0.006898885639217478,0.018712632968398202,0.018712632968398202
2024-09-11,JPM,2.4843030225007636,-0.014696454110568524,-0.0023730264409358437,-0.013846457080910701,0.020695772149403657
2023-10-26,F,2.483942852760798,0.03156996587030725,-0.002465443686006763,0.03895004233700261,-0.03895004233700261
2026-04-02,NOW,2.4835652667913726,-0.0002941176470588891,-0.004534656862745123,-0.023223152931735047,0.022922204945578617
2023-11-07,CRM,2.4829687548912873,0.005601708995964794,-0.0022927333762842173,0.008114217727543283,0.008114217727543283
2023-10-06,UNH,2.482925324654887,0.005193262173504687,-0.0016222593017430897,0.009103361241073582,0.009103361241073582
2024-05-20,DELL,2.4827558480661205,0.03476414781397186,-0.0037829231075432457,-0.020292228895302022,-0.05435093466448271
2026-09-03,TSLA,2.482167630339008,0.007616931273593863,-0.0035673055225142747,0.01492665307336516,0.01492665307336516
2025-05-01,F,2.482000110514773,-0.011363636363636465,-0.0032328486730659467,-0.010864197530864095,0.006419753086419622
2024-11-26,MS,2.4801369064957766,-0.001597322583098859,-0.002762982320790197,-0.017335798194996865,0.01571078474994514
2024-07-16,PLTR,2.479718258081791,-0.021299638989169756,-0.0036201134605466923,-0.009996429846483412,0.02363441627990004
2025-09-16,V,2.4793932175597115,0.00833259199952563,-0.0015060365752919136,0.010955686700063971,0.010955686700063971
2026-03-09,MRVL,2.479283842522607,-0.038623103850641716,-0.004979946657776235,-0.03487966515521457,0.07743285664457611
2025-07-22,KO,2.4785551041746814,-0.0013625932300630472,-0.0013598373084172666,-0.008388776395718889,0.0070147526757304846
2025-09-24,MU,2.4784706099362666,0.00024729520865529597,-0.004238396997129579,0.006206981317600779,-0.006206981317600779
2026-09-22,MPC,2.4778289507310456,-0.016195359699446632,-0.0038139691323552105,-0.012464982394818636,0.002030378575651026
2025-02-10,APP,2.4756127206627463,-0.029205482385694426,-0.005607687806892914,-0.019814323607427076,0.019814323607427076
2025-09-10,APH,2.47556136716426,-0.01388179185828653,-0.0025587999124023764,-0.012329931972789199,0.01301020408163267
2023-10-11,PANW,2.475560338795691,-0.014895005566432529,-0.0024327723027481873,-0.013379983851743438,-0.003383444192394891
2026-08-31,CRWD,2.4754207559415224,-0.012059527882312682,-0.005055807389668154,-0.009135749517477976,-0.009135749517477976
2024-01-18,AMAT,2.4749907508122253,-0.008284619500797508,-0.0022424070304780663,-0.007362001958987507,0.01323896489620524
2024-03-14,SOUN,2.4747608564082935,-0.07881269191402251,-0.011839230881707907,-0.07597535934291588,-0.14117043121149897
2025-08-29,CAT,2.4740222004331196,0.0017155519550143827,-0.0020627350799740096,0.010976818847079906,-0.010976818847079906
2024-10-15,CVS,2.473768627336619,-0.02287581699346397,-0.0027304810813215674,-0.010318804866779607,0.0013861081164328048
2024-02-07,PANW,2.4728030598484683,0.018779867534862937,-0.0022357384392428514,0.030938039082605062,0.030938039082605062
2024-09-24,LULU,2.472403185122904,-0.010510677808727942,-0.0031014272449927383,-0.009591078066914394,-0.020111524163568872
2026-01-12,C,2.471540313609031,-0.003978667569626726,-0.0021568187589943166,0.003967746064251987,0.003967746064251987
2023-10-06,OXY,2.4714110043537856,-0.014890413250794543,-0.002896041970410268,-0.011412504134965196,0.015547469401256953
2026-04-23,UBER,2.471317239987502,0.020330535152151108,-0.003200541523010081,-0.011474878444084347,-0.03157212317666125
2024-10-23,PM,2.4701347109538023,-0.008921674648540101,-0.001746540575136235,-0.008142167225866581,0.014201131366832875
2024-01-10,PANW,2.4696548977271684,0.0183932482927458,0.0183932482927458,0.023221943522938604,0.023221943522938604
2026-06-26,MSTR,2.4692271067683857,-0.01730723322988781,-0.012111763803157927,-0.011110443817188176,-0.016035072968590414
2025-05-20,CRWV,2.4689674154414565,-0.03891005657545321,-0.008523529120688877,-0.02412929660824048,0.026957659913498633
2024-10-17,UBER,2.4689386752586056,-0.011029867393729131,-0.002849529947063778,-0.008818780275742233,-0.007452490373866749
2024-07-17,KLAC,2.4687965767584976,0.03277816274005152,-0.002897879132844894,-0.014282752143632393,-0.04659275250954409
2024-01-30,PFE,2.4678072067624335,0.030846484935437624,-0.0020022033203523915,-0.005706134094151216,-0.03637660485021399
2025-03-17,ACN,2.467685292721179,0.00661289824171063,-0.002494768835503036,0.011237699065594686,0.011237699065594686
2025-07-14,BA,2.4675047914703208,-0.0028285465622279737,-0.0025337902523934197,-0.001011218970606853,0.001011218970606853
2024-07-12,SNOW,2.4670783834968697,0.008278268616823903,-0.003372628151416368,-0.00836699797263507,0.0167145308461929
2024-07-30,PFE,2.4666606737343177,-0.01766217084136157,-0.0022042389210018554,-0.01734661098618695,0.008191455187921637
2025-06-09,LULU,2.4666061105360626,-0.01133149635399322,-0.005022369959197359,-0.005033936651583915,-0.022963800904977294
2026-09-14,CRWD,2.4658500652535063,0.053422818791946325,-0.005981418983700859,0.06787617643723776,0.06787617643723776
2025-04-11,INTC,2.464771554303794,-0.050258082042923036,-0.00934893468389797,-0.04430037817395993,0.0655537547271745
2024-03-04,CRM,2.46422477445054,-0.007079081632652917,-0.002567248997813465,-0.0028933897173379908,9.538647419815582e-05
2025-09-22,PFE,2.464106542221773,-0.013034623217922592,-0.0017791678789642607,-0.004314772960756108,-0.011711526607766642
2025-10-27,SHOP,2.4634717230943823,-0.005621881119322936,-0.003918290350922504,-0.002748511223087613,0.002748511223087613
2025-11-21,JNJ,2.463109991025211,-0.000587544065804968,-0.0015242431872867224,-0.00274941084053415,0.0021602513747054353
2026-01-22,BABA,2.46279696915862,-0.0016343661971830459,-0.003842841046277634,-0.010618612463347388,0.008966891564893276
2024-12-16,MCD,2.4626658383673936,-0.009580838323353325,-0.00156469917308244,-0.006109163745618429,-0.006109163745618429
2025-04-09,BABA,2.4618287999789112,-0.021998435666797045,-0.0062789541315156905,-0.017387033398821194,0.03094302554027517
2024-09-11,IBM,2.461215916650343,-0.010646055126148468,-0.0016536802850060095,-0.010154997327632254,0.01928963607210532
2023-12-04,PFE,2.4609391622699897,-0.012487343908201054,-0.0023964129019815594,-0.006114130434782594,-0.006114130434782594
2025-09-09,UNH,2.4597153580667808,-0.015721174198006116,-0.002527794614748835,-0.008043219098495591,0.050869965442829734
2026-09-24,MCD,2.458824681504408,0.007120717098098472,0.007120717098098472,-0.014753523306439864,-0.021769184738873015
2026-03-31,CRWV,2.457428368549938,-0.02137384056996916,-0.007886034989341928,-0.020847343644922578,0.04115669132481514
2026-04-16,RKLB,2.4574067387163065,0.04281403244058857,-0.006674507373677474,0.05973677485305395,0.05973677485305395
2025-09-05,TXN,2.4572585015024386,-0.009869298479594502,-0.0026494303242768913,-0.008970525416488684,0.0033105510465614163
2025-02-25,MSTR,2.457178584235158,0.05456742570144624,0.05456742570144624,-0.014792070566201687,-0.06855233105605618
2026-09-28,SNOW,2.4556064371405295,0.018026123917967096,-0.004104863551948723,0.022387710907193048,0.022387710907193048
2023-12-07,ABBV,2.4553505651508862,-0.01065282709642168,-0.0013608011082060223,-0.010307870844426192,0.010307870844426192
2024-01-30,SQ,2.455175015988062,0.027512473271561033,-0.003894206292638147,0.029863481228668887,-0.029863481228668887
2025-09-12,CRCL,2.4548671142293634,0.03736736890665848,-0.007252350563476062,0.04536789935188712,-0.04536789935188712
2024-05-23,SMCI,2.454177219802846,-0.02446992370273582,-0.005839269906841471,-0.022275266954657424,-0.10488070216204237
2025-09-25,MSTR,2.4537429964306545,0.021473509411273572,-0.004601605738675962,0.02210950708804793,-0.02210950708804793
2026-02-10,BKNG,2.4531377343113285,-0.008689511460986288,-0.004196015115932927,-0.0065434244385300655,-0.0065434244385300655
2025-07-01,FLUT,2.4517903011705484,-0.0073057417455755225,-0.0026650504866272406,-0.002546959567016782,0.00746400650889667
2024-06-13,MSTR,2.451308370439174,-0.020595738175842593,-0.007514594088478543,-0.01805328496985814,-0.05239092673955248
2025-10-31,BA,2.4507334462070993,-0.0011428571428571122,-0.0024578527062998345,-0.008887736988355988,0.007734722431797847
2024-06-17,ANET,2.4499289232528496,-0.02038607252390401,-0.002685343161258791,-0.01094391244870041,0.010973651341223967
2026-09-02,JNJ,2.449883099465726,-0.014045595332421001,-0.0018255137321081527,-0.013832492795389006,-0.007817002881844393
2024-09-04,VZ,2.4495677084755845,0.035357059781344624,-0.0012673877645963394,-0.004400185270958756,-0.03960166743862903
2024-04-23,VZ,2.4495446889453354,0.010566518141311265,-0.002120305537874012,0.015089514066496168,0.015089514066496168
2024-06-17,DIS,2.449368018760624,,,-0.0004429787862380019,-0.0004429787862380019
2024-09-12,ARM,2.4488740061112693,0.002093065801206162,-0.005715344491549312,0.00884561754360269,0.00884561754360269
2025-06-13,BA,2.4487957554043427,-0.009682921934577537,-0.0027285592442876094,-0.008447406899634302,0.004689217805598389
2026-02-19,ADI,2.4482752484395345,-0.026713881019830077,-0.0031735107244030836,-0.02364375230896021,-0.018556935405950603
2024-06-11,MSTR,2.448223045283791,0.0050656793760943675,-0.007356690102818142,-0.030310090936930045,0.03552931151557104
2026-08-20,ADI,2.4481379521886235,-0.022277099038211623,-0.003294661888670225,-0.0173215592015884,-0.03270979203678537
2024-08-28,CRM,2.447795629268452,-0.008138779565167509,-0.001989661402752141,-0.0016784283806980937,-0.012054167461376997
2023-11-13,MDT,2.447120494999353,-0.007550796265788029,-0.0019484976857299108,-0.0038583436681822736,-0.006752101419319256
2024-03-12,JNJ,2.446782242926028,0.002155437861805609,-0.0012155701792972984,0.003082044011588403,0.003082044011588403
2025-12-16,PFE,2.446692832173709,0.022962112514351207,0.022962112514351207,0.023149033862636337,-0.023149033862636337
2026-02-05,COST,2.4464968020599716,-0.0015489592613591174,-0.0018920891714586663,0.004077153844605164,-0.004077153844605164
2025-09-10,CVX,2.4461836858442796,0.005607953097119811,-0.0017117138851461267,0.008564489326345459,0.008564489326345459
2025-11-10,MU,2.4455225714552267,-0.007993417185847007,-0.004781949878811309,-0.005304101838755404,-0.005304101838755404
2024-06-05,NOW,2.4447117775593044,-0.009928392566884714,-0.003491547477841195,-0.007557150954090264,0.023354503044659802
2026-08-19,JNJ,2.4444876191048386,-0.0007673194972229735,-0.0021180549755709377,-0.008456620668054748,0.0076828122409124955
2026-06-02,GOOG,2.444377020754491,-0.01636089047991951,-0.00261481789270146,-0.015253527028914693,0.0015365274479677282
2026-03-26,APP,2.4439666859284905,0.013316519546027639,-0.006292302287876028,0.02681592039800984,-0.02681592039800984
2025-11-06,APP,2.442598973831667,0.022822205229041548,-0.004412198942802981,0.03203190726949812,-0.03203190726949812
2024-01-25,ASML,2.4421259486808817,-0.004621645857763812,-0.0023491863669660162,-0.001496799152581385,0.0006332611799384491
2025-08-25,SBUX,2.441238136881514,0.008548983364140561,-0.0024042777924477843,0.010948484499250899,-0.010948484499250899
2024-06-10,CVX,2.4405764733490316,-0.006968863883383358,-0.0017581996036060143,-0.0063528365415157495,-0.0036211168286639506
2025-06-09,GE,2.440437407757399,0.004317857708762474,-0.0019275527989677244,0.004692418872631499,-0.004692418872631499
2026-01-07,MSTR,2.4403754771621933,-0.033305479288528006,-0.0051014725694503715,-0.025587659157688458,-0.010590107737512344
2024-06-20,CSCO,2.439544089464336,0.004081632653061273,-0.001539818935092807,0.005593803786575036,0.005593803786575036
2025-12-18,KLAC,2.4383623974792115,-0.004851973684210531,-0.0032452890037595328,-0.00778918131183981,-0.0029750005303758043
2024-02-13,MU,2.438084898346659,-0.011246943765281125,-0.0025887967167308457,-0.010752688172043001,-0.0032991202346042137
2024-01-12,C,2.437684925140309,-0.027720930232558172,-0.001901647840531595,-0.026453055141579807,-0.01974664679582716
2025-06-11,SHOP,2.4373406797973796,0.009286282833643078,-0.003347477542356758,0.015121864436932864,0.015121864436932864
2026-06-01,MSFT,2.436733349455213,-0.014727983168019154,-0.002507313385227916,-0.011421870928515654,-6.514375054278432e-05
2024-09-10,JNJ,2.4362676438729225,-0.005530776092774303,-0.001296457244806981,-0.004227952122908385,-0.00303697969392025
2023-11-29,NKE,2.4359837101792237,0.002259784868480552,-0.0017413191978408182,-0.008996338938838666,-0.011235794016713485
2026-04-22,T,2.4355105318528505,-0.01834862385321112,-0.002740868425551213,-0.01338055883510425,0.022432113341204207
2024-01-03,SQ,2.4352244045709064,-0.018061926605504652,-0.003806356487549234,-0.014672036823935475,-0.01243095512082848
2026-09-21,AMD,2.434188806994797,0.043177541575547984,-0.0037849284249121817,0.04989635139861637,0.04989635139861637
2025-02-12,MU,2.434149708935184,0.019008448199199668,-0.004942617353744461,0.019915442812639128,0.019915442812639128
2024-09-11,SBUX,2.4331007753331524,0.04146341463414638,-0.002187108013937289,-0.004152912362900718,0.0457885209242892
2026-02-10,KO,2.4327942689134243,-0.01500258665287113,-0.0016427185721675786,-0.006975682899797886,0.0014994458569659308
2024-06-17,CMG,2.4325073441144607,0.008231721001211945,-0.002090065039017097,-0.014021130307609209,0.02236826934163494
2025-02-21,DHR,2.432477354513322,-0.010756223579145074,-0.0024308025229818897,-0.010012221491021878,-0.012033468083106125
2024-12-05,MRVL,2.431924207305312,0.002727432693999665,-0.004187608406022836,0.00578896588018607,-0.00578896588018607
2026-04-06,NFLX,2.431857694195521,0.01551621245275514,0.01551621245275514,0.016298946531504654,-0.016298946531504654
2024-10-15,MCD,2.4316976285301446,-0.004327061764800133,-0.0011637231962562389,-0.008705874876878572,-0.004416483970387408
2025-06-25,NVDA,2.431111370861297,0.025315614617940296,-0.0021841480778357347,0.029660027357955476,0.029660027357955476
2024-12-17,MU,2.430962593434861,-0.019990913221263118,-0.004094223404945807,-0.016120350014450002,0.003101452299589802
2024-03-04,MU,2.429368037053167,-0.015115681233933143,-0.003020844656628663,-0.02508696110466957,0.009592073363550169
2025-11-12,LLY,2.428932272798235,0.008001050421936329,-0.0031769555681112616,0.011205149600667541,0.011205149600667541
2026-06-26,GLW,2.428276226414946,-0.024110218140068973,-0.007682443824831964,-0.014039674870687247,0.014039674870687247
2026-02-03,INTU,2.4272060142032093,0.04804824561403509,-0.004986665100250587,0.05231904465620951,-0.05231904465620951
2026-04-23,CRM,2.426513811245587,0.01411336216708392,0.01411336216708392,0.0198031005997511,-0.0198031005997511
2025-01-24,NEE,2.426512324400096,0.03584127435642159,-0.002363329743787612,0.04027996000571332,0.04027996000571332
2024-06-07,AMC,2.4261556006971357,-0.05745062836624781,-0.011163118748397038,-0.03410972513522459,-0.09848401221621217
2023-10-09,PXD,2.42611234186559,0.002835618757406455,0.002835618757406455,0.012818154660025338,-0.012818154660025338
2025-01-22,ETN,2.4254334136155733,-0.015570291777188383,-0.0020985202728306396,-0.008031860157429738,-0.008031860157429738
2024-11-13,CSCO,2.4248050496296107,0.015265866209262402,-0.0015749326145552134,0.015440041173442998,0.015440041173442998
2024-02-15,COIN,2.4247971343406363,0.0036090225563909506,-0.005885787325456526,-0.0361201298701298,-0.039598794063079645
2024-10-17,MS,2.424785352265835,-0.007934499391691219,-0.0021446053775964202,-0.005535983895319507,0.0018453279651065024
2025-05-06,ACN,2.424492650477009,-0.004194376769605546,-0.002199014194470772,-0.003575763540333843,-0.0038382049010923236
2025-08-28,UNP,2.4240118385500558,0.004166106706087747,-0.0018645087385849024,0.00463429377392699,-0.00463429377392699
2024-07-15,MSTR,2.4233361370765953,0.05794619422572178,-0.0060197084739407325,-0.011156560077230093,0.06974923450007786
2026-02-23,ANET,2.422973842547151,0.01651744365544927,-0.005388678163454452,0.022965149714373245,-0.022965149714373245
2026-06-10,SMCI,2.42284900447767,0.15231884057971012,-0.011361304347826007,0.1553790613718411,-0.1553790613718411
2025-10-27,STX,2.4227102617681058,0.022160900021226948,-0.004997286502713916,0.023818605636787393,-0.023818605636787393
2024-02-02,SNOW,2.4226154306599796,0.04018833824788359,-0.0033467101955402256,-0.02231730441970159,0.06340253804638518
2026-03-02,APH,2.4213258771082278,-0.025795053003533575,-0.004319273094396725,-0.005328596802841812,-0.03992895204262881
2023-12-06,PLTR,2.420281912867743,-0.034366197183098524,-0.0054649094567403855,-0.024241340111599063,-0.010957939745757206
2024-08-16,XOM,2.420145867517365,-0.003651184512184935,-0.0020056587294849937,-0.003651184512184935,0.00339645070900918
2025-11-21,WMT,2.4197378549644117,0.017444029850746334,-0.0019370269189764588,0.02027718351781238,-0.02027718351781238
2025-03-04,GEV,2.4180995302218573,-0.01858433047504149,-0.0069942151031453514,-0.007323962165002529,0.02821203363110869
2026-07-06,IREN,2.4164706626622006,0.015748031496062964,-0.01004183484417387,0.03273141683874914,0.03273141683874914
2025-11-06,ANET,2.415413253019248,0.02317686525991902,-0.004585657844637936,0.02950653488287891,-0.02950653488287891
2026-03-04,CRCL,2.415265271093276,-0.030718336483931963,-0.006989596273291987,-0.016212586339217183,0.009113584036838152
2025-12-22,NKE,2.4151531032073295,0.024718718036140452,-0.0035554649067264243,0.025383304940374773,-0.025383304940374773
2023-10-17,MS,2.415024012688601,0.018776960162395273,-0.0021390419400441063,0.021888521252227067,0.021888521252227067
2025-05-01,LIN,2.414219300153892,0.004394618834080655,-0.0022789413837283057,0.007353437225932735,0.007353437225932735
2024-10-23,TMO,2.4135074584936933,-0.013364987250505722,-0.001769438896634945,-0.015324675324675407,-0.0021645021645021467
2025-01-10,SNOW,2.4128169316261276,-0.009451219512195186,-0.00352690766550523,-0.007393376512281558,-0.007393376512281558
2025-06-13,GILD,2.412348895630787,-0.010789426362165067,-0.0024269016363963614,-0.00802452438914436,-0.008204850779911621
2026-06-15,WDC,2.412111933793138,0.016911970625758554,-0.005942302819624934,0.025294712816772202,0.025294712816772202
2026-07-10,SOFI,2.4120838504561353,-0.023876765083440277,-0.004705666605538283,-0.021313838550247044,-0.032125205930807144
2025-01-06,C,2.411933304875327,0.0002749896878866398,-0.0019101569405434171,0.0008942697943179478,0.0008942697943179478
2024-09-26,AMAT,2.4117149849288677,0.002095214427415004,-0.0029222280099570064,0.004232758989268448,-0.004232758989268448
2024-07-24,DIS,2.4114074615811294,-0.002790490010045721,-0.0018386060306476715,0.003991130820399147,-0.003991130820399147
2024-02-07,PLTR,2.411371328971459,0.07342577858604216,0.07342577858604216,0.07391403229474647,0.07391403229474647
2025-01-10,VST,2.4113095344951505,-0.025094816687736943,-0.004850279934982993,-0.01521221985726795,0.04425942156003493
2025-03-25,CVNA,2.410611982570917,-0.033904534386915985,-0.008320229180476257,-0.031015209822246703,0.015393073117097478
2026-03-03,APH,2.410193754877549,-0.014158885657431508,-0.0048008899870986,-0.011055662188099835,-0.005451055662188176
2025-11-14,LRCX,2.40990004911286,0.005118470560319999,0.005118470560319999,-0.002514697386753584,0.007646039351615785
2024-01-16,AMD,2.4098175407465443,0.04045105880810329,-0.0032573498421856195,0.047040971168436974,0.047040971168436974
2025-06-10,JNJ,2.408736690466556,-0.007039999999999935,-0.0012500525714285171,-0.006467725409835978,0.0021772540983606703
2025-01-21,HOOD,2.408658715254245,-0.026661197703035322,-0.0050521651236377085,-0.017479674796748057,0.016565040650406537
2024-02-27,CVX,2.4067874453306763,0.001377862344990488,0.001377862344990488,0.0018690362986525377,-0.0018690362986525377
2025-10-13,BE,2.40645075326582,-0.06713610494839384,-0.007889884110295009,-0.049769891350761375,0.04303268966171658
2026-07-27,UBER,2.4059441392846685,0.022348882555872196,-0.003554083010135156,-0.015536938309215431,0.03823305407463806
2024-07-26,GOOGL,2.4056616361135084,-0.01635656086586401,-0.0026969823317870567,-0.014505948045642203,0.013534838553046935
2025-09-16,ACN,2.405621200542042,-0.009288842809081377,-0.00251510305990732,-0.007997145375928771,-0.00608706603417164
2024-02-22,MU,2.4054977654849803,-0.008902077151335286,-0.002475082662144912,-0.0037789324515824507,0.014052905054322107
2025-06-16,DASH,2.4052647926696693,-0.0036848964184603705,-0.0027215945201609637,-0.003550561797752816,-0.003550561797752816
2026-09-15,GS,2.404933023211567,0.0021367739824764698,0.0021367739824764698,0.003206830344376854,-0.003206830344376854
2024-07-10,GME,2.4044794566028025,-0.035534955581305594,-0.006993792418473754,-0.03381829438167472,-0.03381829438167472
2024-06-13,TSLA,2.4044044977945616,-0.014900837840704173,-0.0033810546490311566,-0.01029257661572891,-0.02193199570553339
2024-09-04,SNPS,2.4042666472743894,-0.005064188062687491,-0.0037654664650121905,-0.004213336670629619,-0.004213336670629619
2026-03-04,ASTS,2.403605559763108,0.014890278343109742,-0.007842772185384983,0.039255482401861386,0.039255482401861386
2023-10-06,VZ,2.4019635404806428,-0.00982318271119853,-0.001638553653288355,-0.00949263502454989,0.00949263502454989
2024-06-17,AVGO,2.4013819541399464,0.01690508596983431,-0.0032217398723051183,-0.010801801872626804,0.02788949323174683
2025-11-11,RKLB,2.4010931352586606,-0.04407566024268372,-0.007500140205975336,-0.032805012900847696,-0.055657943236269714
2026-01-21,OKLO,2.4010117191762523,0.0561573875235154,0.0561573875235154,0.05806750239478753,-0.05806750239478753
2024-01-02,COIN,2.400194241564223,-0.021539164714620362,-0.0057292423339672105,-0.012512252782102329,-0.09536988986911155
2024-03-25,LULU,2.399952786361944,0.014919702112568989,-0.003863128107517433,0.02581933230961153,-0.02581933230961153
2024-12-30,TGT,2.3996594736529113,0.0005925925925927,-0.0023439100529100143,0.0015570549417958102,0.0015570549417958102
2025-10-02,NKE,2.3995096792019974,-0.01926858041683066,-0.0023864764151827478,-0.016302918748356654,-0.019721272679463553
2024-02-16,ADBE,2.3990324863045016,0.06566976058973417,-0.00261071414470071,0.053805921837199566,-0.06874169477665337
2026-04-15,ASML,2.3989105977344827,-0.015147342329936642,-0.0038384988393593833,-0.014647842737842476,0.019829813882590308
2025-10-03,RDDT,2.398176429191027,0.005612856800191857,-0.006966799163896864,0.008372004018561974,-0.008372004018561974
2024-03-01,XOM,2.39774893896405,-0.007247740963855387,-0.0018149607358004527,-0.003966380205874032,-0.001133251487392628
2026-05-29,COST,2.3967889651334997,0.017523676479651473,-0.0023848796292764707,0.019688630610132374,-0.019688630610132374
2025-12-01,MSTR,2.3952831056574153,-0.02871982890314695,-0.00945542752389672,-0.023062198049284444,0.041657804381513674
2024-02-27,MSTR,2.3949464933833893,-0.031392694063926974,-0.007186733529027989,-0.01038062283737018,0.005536332179930881
2026-02-13,BA,2.393413864047093,-0.010266856793644252,-0.0033485580420801186,0.0019797896473501275,0.0019797896473501275
2026-09-14,COIN,2.3933789271705637,0.010401737757964824,0.010401737757964824,0.01727253401360551,0.01727253401360551
2024-01-16,TSM,2.3922382652236984,0.0009096493715150533,-0.0018588040782895332,0.0018229294969700494,0.0018229294969700494
2026-01-23,INTC,2.392006180007888,0.02297853891177115,-0.006690951038989201,0.03072350565393378,-0.03072350565393378
2024-06-20,DELL,2.3916788064382066,-0.023069144229553862,-0.00613545334705734,-0.014850223072020441,-0.05303441682600385
2024-04-22,FCX,2.3915605430574014,0.010311404413281045,-0.0033397313142621288,-0.012317327766179664,0.022755741127348683
2024-05-21,ANET,2.391270101027627,-0.012539184952978122,-0.0033744299331914807,-0.01098690514212719,0.012456084318109184
2024-03-13,MCD,2.390950788202379,0.021956363887832286,-0.0011959920374222666,0.023745426934492997,-0.023745426934492997
2024-06-10,ORCL,2.390266219792483,0.008281573498964745,-0.002027307578549742,-0.007429655390452039,-0.015649699652228843
2025-05-09,CSCO,2.3896399806759105,0.0046643344994169444,-0.0018529306775183496,0.0076399269224382005,-0.0076399269224382005
2025-09-23,IONQ,2.3889374203059024,-0.03073545554335899,-0.005884301003606707,-0.02482946793997276,0.02482946793997276
2024-04-26,F,2.3889052475302983,-0.004286827747466804,-0.002924340273911641,-0.014630288651640955,0.010280743376828827
2026-09-10,FCX,2.3882975865024814,-0.017174753112923824,-0.004609621950970144,-0.012248967383563514,0.014527845036319764
2025-03-11,TMUS,2.387730720210393,-0.009266409266409203,-0.0023944153337009944,-0.015457298844378187,0.006047655920723871
2024-01-17,BAC,2.387448269941946,-0.011479591836734748,-0.002186497813410959,-0.008905852417302684,0.012086513994910897
2025-04-22,NFLX,2.386926992804938,0.004522438251323813,-0.0048343360188186635,0.008361625763895653,0.008361625763895653
2025-07-16,PGR,2.3868755062360116,-0.012077890066551689,-0.002144635374484949,-0.004444082032046381,0.004444082032046381
2023-11-02,SQ,2.386603734649445,-0.020644969645210898,-0.004580055617293688,-0.01476695892939528,0.01476695892939528
2025-05-23,GE,2.386458426211265,0.013667029379760498,-0.0020942204259287722,0.01627683714435335,0.01627683714435335
2026-09-16,NU,2.3864352626503127,-0.0058266569555718295,-0.003920195609197874,-0.003269160915364999,0.003269160915364999
2026-06-02,AVGO,2.386143190771607,-0.0021644120707595693,-0.0035943213914078065,0.008718027893572011,-0.008718027893572011
2023-10-18,GS,2.385774516032413,0.009833486298675753,-0.0023128500252860285,0.011162394841075063,-0.011162394841075063
2024-12-09,UNH,2.385413949606135,-0.00789679579322744,-0.0030191142488036338,-0.007366525708460081,0.020933139327121486
2024-03-01,F,2.385313737145202,-0.012924071082390798,-0.0023106392799445707,-0.010475423045930521,0.0028203062046736616
2024-06-28,LULU,2.384423783397886,-0.016092384105960256,-0.0023318590350047685,-0.0012266684348374302,-0.009979113483406743
2026-01-05,XOM,2.3844128038791945,-0.007925072046109483,-0.001532489364622025,-0.0059680114585819455,-0.0020689106389751855
2024-01-10,SMCI,2.3836245966018312,-0.02339082403336712,-0.0044897297776059775,-0.019971606495438277,-0.03204733004903826
2025-01-28,GEV,2.383226020181827,-0.06059606620292657,-0.007196801219888194,-0.059135277561530586,0.06308761003652918
2026-07-28,COST,2.3831779280146863,-0.009793693168451467,-0.0019207803100375065,-0.007682530571244017,-0.00927643784786647
2024-06-04,BA,2.3829424383379103,-0.013077546609024493,-0.003040834523487801,-0.010057240678328805,0.009040817418284997
2025-01-06,MU,2.382401104291108,0.011205052460018239,0.011205052460018239,0.011308068459657594,0.011308068459657594
2025-04-30,V,2.3821732869770167,-0.032511447259484516,-0.003048049189274593,-0.024027822521599074,0.009972177478400956
2024-09-05,MRK,2.3820450016593173,0.0031292286874153863,-0.001354376087376874,0.00431837425910242,0.00431837425910242
2024-05-23,PDD,2.3804615400503426,0.005563555439193513,-0.003259588951433412,0.010158792780353032,0.010158792780353032
2023-10-19,VZ,2.380253329682158,-0.006295247088448197,-0.0021011960969468113,0.0006339144215530279,0.0006339144215530279
2024-11-13,MARA,2.3797774512595558,0.10413223140495864,-0.007383441558441506,-0.06666049582696965,-0.16385122105490502
2025-07-07,WFC,2.3789771191031943,-0.009238152369526076,-0.0018374496529266482,-0.00780968400817017,-0.010813408626697218
2024-05-23,RTX,2.3789703646237395,-0.00682561944834037,-0.0011133306618580363,-0.0036581934152518647,-0.011162179908076109
2025-09-16,ISRG,2.378445410565325,-0.00783217748335241,-0.002961724689185652,-0.006448159277872567,0.0005311657960553884
2026-02-24,INTU,2.3778410505643577,-0.028885084644438952,-0.006876849231581494,-0.021186264308012515,-0.004925424904613229
2026-09-14,HPE,2.377666490006445,0.0009177769243112754,-0.006335275269968799,0.001006039844947404,-0.001006039844947404
2025-05-13,NEE,2.377210363243228,-0.013272441843870553,-0.0025770555974637954,-0.004828859536997632,0.024002272404487934
2026-05-26,DELL,2.376533869972703,-0.007773368893514543,-0.005777062753807738,-0.02524258894928133,0.01727300010003674
2024-01-30,C,2.375729898471071,0.026694244604316575,-0.0020124614594039247,0.0280810445745161,0.0280810445745161
2024-11-22,GOOGL,2.3756939091763485,-0.006692794694000526,-0.002658607175158312,-0.0039346246973366306,-0.002784503631961144
2026-01-20,GEV,2.374768158120215,-0.010447222021530145,-0.003575556060152585,-0.001399865846189674,-0.001399865846189674
2024-03-04,NKE,2.3745922104972697,0.0020054146194725675,-0.0022059560814198242,0.012599206349206304,-0.012599206349206304
2024-01-04,CVS,2.3744878151157147,-0.0003724394785847851,-0.0003724394785847851,0.0011189854531890031,0.0011189854531890031
2024-05-15,GME,2.3740195305007292,-0.06700167504187593,-0.013755751546849937,-0.06700167504187593,-0.052644173247188175
2025-09-24,BABA,2.37373313098411,-0.009980265012686673,-0.003107801361311391,-0.006535208079893606,-0.0012165105949585309
2025-07-25,CVNA,2.372819143212123,0.0027324865627719186,-0.003942834407882678,0.01456843604426905,-0.01456843604426905
2024-10-22,TXN,2.3726617671588137,-0.003441721888323812,-0.002306981044845058,-0.00020614306328592402,-0.00020614306328592402
2026-03-13,LIN,2.3723926919929896,0.006297786720321885,-0.002159057200344927,-0.0039880558728632165,-0.010260726667869147
2024-06-12,GOOG,2.371715181620173,0.0009458632393033461,-0.0017218009554014202,-0.011657959857025002,-0.012592796260654349
2025-05-29,MRVL,2.371386421571104,0.018165024630541815,-0.004475369458127876,0.019372693726937396,-0.019372693726937396
2025-03-06,WFC,2.3707028070937537,-0.010807113543091829,-0.0029473128786396963,-0.00873720136518763,-0.008259385665529084
2023-11-29,MELI,2.3703938106771503,-0.0063570655486856475,-0.002685953053328527,-0.0063570655486856475,0.002643593794707799
2025-10-20,SMCI,2.369403441271087,-0.025622775800711817,-0.0055571555668531,-0.018462089980283203,-0.013981000179243641
2026-08-04,MS,2.368542204943232,-0.009654590617237613,-0.003560602307192795,-0.007906802657434264,0.01548610461308142
2024-04-23,F,2.3681707934361036,-0.0019349845201239724,-0.0031721583370190043,0.0019275250578257852,-0.0019275250578257852
2023-11-29,QCOM,2.3673666780524902,-0.014132104454684935,-0.001927265745007789,-0.007461820993620583,-0.010941426638314211
2024-12-13,MRVL,2.367339109032963,0.023710729104919892,-0.004805947037973435,-0.009374041077566009,0.03330703553109449
2025-09-05,HD,2.3673315864833,-0.008057145605849358,-0.0018461205445188256,-0.008584100338595135,-0.000596118079069119
2024-09-03,UNH,2.3673181254762405,0.004192379930238799,-0.0013806980432365945,0.006572422719403059,0.006572422719403059
2023-12-13,ORCL,2.36650622268383,-0.010793523885668677,-0.002721938265612067,-0.009401385257190809,0.027864827641270296
2025-06-23,CRWD,2.3661721536851594,0.04254372019077901,-0.0034884094178211367,-0.01510554515525131,0.0582919114324445
2023-10-09,MCD,2.366114293446394,-0.008492909222017508,-0.0017260206943124912,-0.00646300830958213,0.0033720043354339424
2024-07-24,T,2.3657286144848553,0.0039308176100629755,-0.0017276879305181403,-0.00845665961945019,0.012420718816067655
2025-08-28,BABA,2.365373836187208,-0.0019200267134151794,-0.002775392651425679,-0.010886075949367191,0.008945147679324972
2024-11-21,QCOM,2.365085311619965,-0.013644593895499213,-0.003804897088167891,-0.008145725097812861,-0.0029504201141684616
2024-09-11,XOM,2.3649679362092675,-0.0005471457231442933,-0.002278340845730975,0.0008195974865677913,-0.0008195974865677913
2025-02-05,SMCI,2.3648816111656554,,,-0.0307739691746981,0.010933870615864372
2024-07-08,INTC,2.364266461620658,0.01918465227817756,-0.0019709232613909222,0.022710181982253053,0.022710181982253053
2025-02-21,XOM,2.3641707324198777,-0.004428143310819754,-0.0022494009546386584,-0.0037597350281979303,-0.00904126756780943
2024-09-19,UBER,2.3633418041477805,-0.009485637942551861,-0.003133256990170752,-0.007426070812889596,-0.002386951332714382
2026-01-20,PFE,2.3629397343228606,0.002859140215692335,-0.0017737497713697925,-0.011006551518761176,0.013897161008536774
2024-08-01,ANET,2.3628583490678934,-0.021553772609096744,-0.004036549958665647,-0.014334394097270997,-0.04694584471542418
2024-12-10,CVX,2.3627094434624945,-0.006726598352926327,-0.001697630872302347,-0.004103017295796096,-0.008521651306653166
2025-01-30,CAT,2.3619010226784076,-0.011936444362467324,-0.0025442751367364957,0.0023791066320939525,0.0023791066320939525
2024-08-16,CMCSA,2.3604465585145054,-0.0012632642748864331,-0.002353677903703222,-0.0012632642748864331,0.0012632642748864331
2026-05-27,GEV,2.3599457585689096,-0.023443989484896788,-0.004624173010583599,-0.021736585365853545,0.007385365853658454
2026-02-26,MA,2.359873815239914,0.0011284485777656172,-0.0027366184342915156,0.004039103202013505,0.004039103202013505
2025-07-29,VRT,2.3592177004852797,-0.02046963784486877,-0.004351142798462604,-0.013751507840771837,-0.015888333620540984
2025-02-21,INTU,2.3591754610766373,0.023984666390385434,-0.0023511645748228727,0.02807827465031343,-0.02633845517811606
2024-11-08,COST,2.3589167488305316,0.022153996811615784,-0.0013228587710643058,0.02312855805420022,0.02312855805420022
2025-06-13,IBM,2.358361447681059,-0.007137733142037361,-0.0015721075015371344,-0.0045760818650237844,-0.0014052534861095367
2025-09-04,META,2.358297110803804,-0.0021947139511542257,-0.002038455288438712,-0.013570419653347043,-0.011405488891529036
2024-12-09,SOFI,2.356715382439506,,,-0.04572765215795993,0.018863721244127607
2024-04-26,VRT,2.355960512381176,-0.005424954792043413,-0.0062520020666494425,0.0005350454788657366,0.0005350454788657366
2026-03-27,CRWD,2.3559352287852917,-0.009561535309383862,-0.004594899213612669,0.0012971921195578107,-0.0012971921195578107
2026-02-06,PANW,2.355468849267243,-0.025465899112108392,-0.0044022273950072854,-0.013370187054059457,0.02371922607186483
2025-05-08,COIN,2.355074601518966,-0.022232627125090998,-0.004291703415114867,-0.02047715685304219,0.011755967400389977
2024-04-26,MSFT,2.3545726649735923,0.0033865814226096136,-0.002020233392870052,0.01027400598504713,-0.01027400598504713
2025-04-23,COIN,2.354274465785455,-0.015267175572518998,-0.00788839106353667,-0.010761421319797071,-0.013248730964467104
2025-01-08,RGTI,2.35395120521902,0.13706896551724135,-0.02827235221674873,0.16972180288979954,-0.16972180288979954
2026-07-31,MA,2.353601804490314,0.002027192338611039,-0.0021802016706861105,0.005400666315974023,0.005400666315974023
2024-02-22,ANET,2.353236301587908,0.015720656035069114,-0.0036914281395424853,0.017527919742570397,0.017527919742570397
2026-06-02,MSTR,2.3527565452999317,0.02674485125858128,-0.007660177958483061,0.027787699121365916,-0.027787699121365916
2024-12-02,ORCL,2.35252988205421,-0.0020163517843330148,-0.0023722911438357475,0.0021729563208274794,-0.0021729563208274794
2026-07-20,IREN,2.351814253961006,0.05752561071710005,0.05752561071710005,0.05835962145110418,0.05835962145110418
2024-09-03,MRVL,2.3517046356488343,0.05579514824797849,-0.004908788987293189,0.05820674821884664,-0.05820674821884664
2023-11-14,BAC,2.351653869600641,0.010369858278603594,0.010369858278603594,0.014754382919631936,0.014754382919631936
2026-05-26,APP,2.3508468760879584,-0.036013822732791634,-0.005905835968458506,-0.03199969988558127,-0.03552604430439099
2025-11-17,GOOGL,2.3505973443577606,-0.01810641795151624,-0.0029356101184275785,-0.017759021617431703,-0.017759021617431703
2025-10-16,ASML,2.348661549345479,-0.00873349913908561,-0.002877686599797702,-0.007223631961407517,-0.022590411800000654
2025-10-20,AAPL,2.3477386091354524,0.011650785077736314,-0.001797329247659074,0.014821981424148811,0.014821981424148811
2025-11-18,MRK,2.347663637890137,0.024859237225114184,-0.0027983108467014572,-0.005984824195789384,0.030992839585337162
2026-05-11,GLW,2.347101515584781,0.04106219567290781,-0.005947772271902574,0.04578689929907709,0.04578689929907709
2026-04-01,MRVL,2.347000155210013,0.025067230119093287,-0.005046868997310772,0.030272023476263232,0.030272023476263232
2023-10-12,ADBE,2.3464625573627735,0.0013777801635441733,-0.0022499418469411614,0.0024899238692341896,0.0024899238692341896
2024-12-18,UNH,2.3464293329924604,0.010351799433885978,0.010351799433885978,0.013466374624807376,0.013466374624807376
2024-08-12,PLTR,2.3462931720662823,-0.029893924783027992,-0.006116085778573699,-0.029893924783027992,-0.05625200900032146
2025-08-07,AAPL,2.3459678525329415,0.0027331116476108086,-0.002056191473993163,-0.006372054643806857,0.009122581828183707
2025-07-02,HOOD,2.345331320066121,0.02672675820144632,-0.0048635662628954135,0.03495126347306643,0.03495126347306643
2025-10-17,GE,2.3452006210311764,-0.001728346951519133,-0.0023517151371101885,-0.001728346951519133,-0.001728346951519133
2025-01-13,SMCI,2.3450029107220614,-0.04930295817749064,-0.00857822897945315,-0.02900966988996334,0.03617872624208074
2025-08-01,AAPL,2.3444678061750546,0.037222142891141896,-0.001432392920041048,-0.008026819018839393,-0.044950186505500644
2025-08-11,INTC,2.344001724567825,-0.016884661117716804,-0.003660574146424289,-0.00720461095100855,-0.00720461095100855
2025-02-28,T,2.343960010407102,,,-0.003138268414251466,0.011814657559534814
2025-09-24,IREN,2.343878925451001,0.02687445510026154,-0.00636846120313872,0.03613371453705749,0.03613371453705749
2025-06-06,TSLA,2.343791134188429,-0.022738220594374692,-0.005998004601682094,-0.012872231800606038,-0.011968329957650514
2025-09-16,ADBE,2.3427244893781585,-0.019278188746917668,-0.0031787395523104056,-0.015340433385248375,-0.007997686331349785
2026-07-31,VRT,2.342540650466712,-0.030168130688819073,-0.007986636420934223,-0.019450249156084287,-0.029577238386111593
2026-06-16,WDC,2.342487512801919,-0.02697481498316734,-0.005872088280474808,-0.025521381625743356,-0.030927248413804898
2025-08-08,XYZ,2.342464240010714,0.05984877611175188,-0.0032008201973598993,0.07362040661699709,-0.07362040661699709
2025-01-24,AXP,2.34240751876557,-0.00352849336455896,-0.001967135050741531,-0.0019016740967048307,0.0019016740967048307
2025-12-08,NFLX,2.342275396512988,0.0075835212133633645,0.0075835212133633645,0.013045250713412115,-0.013045250713412115
2024-04-29,CRWD,2.3411322473744507,0.019647969052224212,-0.0032490743299253833,0.024475901341908135,-0.024475901341908135
2024-03-25,DIS,2.3408252962908103,,,0.0008568951552725412,0.0008568951552725412
2024-06-05,TSM,2.3404340711010305,0.01857178589294639,-0.002461717465875757,0.022728699692346144,0.022728699692346144
2026-06-26,DELL,2.339624879569141,-0.017639007257044037,-0.008127367209377123,-0.0027738898078637497,0.0027738898078637497
2024-01-11,MRK,2.3393450306126202,,,-0.004837067209775947,0.004837067209775947
2024-07-02,TSLA,2.3383544613296907,0.043972911963882755,-0.0038121573685907517,0.04785161870055332,0.04785161870055332
2025-08-01,ANET,2.337687793539045,-0.009014423076923128,-0.002796415080455361,-0.001619226180330724,0.001619226180330724
2024-10-07,NFLX,2.336056107228698,-0.004349567904767371,-0.0020881707287161433,-0.0019268922795847576,0.0019268922795847576
2025-07-24,UNH,2.3357835259554007,-0.01570026656232093,-0.002352478750085818,-0.01481917677434641,-0.0288264870571755
2026-02-03,LITE,2.335521385163985,0.0204467663484057,-0.007983317034253812,-0.016194421675269743,-0.0363100644675336
2024-09-11,LIN,2.335173259736277,-0.009989770822904642,-0.0013656495527456514,-0.009199051823500115,0.011634734575821648
2024-09-26,VST,2.335151699620862,-0.018157064630185182,-0.004425688930049132,-0.011132520157122183,-0.055530287368203424
2024-03-01,AVGO,2.334885218744764,0.03536418451522216,-0.002416802743736457,0.03748267093684432,0.03748267093684432
2024-03-06,WFC,2.334831539777055,-0.009355692850838482,-0.0022593619972259837,-0.006314681634800867,0.0017540782318892223
2023-11-14,SMCI,2.334764869731663,0.07836300238575888,-0.005829352699053492,0.08201672006776417,0.08201672006776417
2025-02-19,BAC,2.334325717411549,-0.006778919746337264,-0.0017564587173160007,-0.006118881118881037,0.005681818181818343
2024-04-29,TSLA,2.332918116611392,-0.016446495835322983,-0.00436374419256802,-0.0028197488827410577,0.03329378591189602
2026-09-21,INTC,2.332914169070317,-0.036321081830790636,-0.004850721963542748,-0.031225739670490693,0.05054774432847409
2024-05-14,NKE,2.3327906174701036,0.0021507688998816388,-0.0017492203462738942,-0.011270600744284986,-0.013397129186602741
2025-09-04,ISRG,2.332677961439891,0.028574338546499822,-0.0023994878443873713,-0.005679037636427742,0.03441565092696908
2025-10-16,HIMS,2.3321184353744866,0.047327752736638695,-0.006673385613099159,-0.010355265254102353,-0.057192926557272594
2024-09-23,BABA,2.3320465873374827,-0.0013856556922735574,-0.0018567944637116751,0.0017235627710439072,0.0017235627710439072
2025-01-31,CVX,2.331333046405328,0.01563530808813829,-0.0018058922209864825,0.01595990239398526,-0.01595990239398526
2023-11-03,PLTR,2.3308234295647052,0.027460576400217374,-0.0055425697195681245,0.034209085933223804,0.034209085933223804
2024-01-02,RIVN,2.3304968118354377,0.0018925952211972241,-0.005778295988374094,0.004013220018885821,-0.004013220018885821
2024-01-24,NOW,2.3301998754263304,-0.00782202620313932,-0.0017946046365101553,-0.008872951892372916,0.0009815212270323226
2025-01-23,KLAC,2.3301038639571128,0.006827202963747059,-0.0032513514535212895,-0.011448721637481674,0.018354087347523196
2024-11-01,UBER,2.329931293675495,,,-0.008536417458350654,0.008536417458350654
2024-07-15,WFC,2.3297172982785335,-0.003795721187025536,-0.0027080375628512066,0.0005198405822215424,0.0005198405822215424
2025-04-17,INTU,2.329492416538316,-0.007302794690593806,-0.004412421061254834,-0.004404465450356554,-0.008046619572766867
2024-09-12,GOOGL,2.3291724958952673,-0.009347016144845899,-0.0026742924374143495,-0.007267536175459166,0.003795989877360295
2026-06-15,CVX,2.3285725380601177,-0.011452310110593444,-0.0024103864753670656,-0.009412292005154255,0.01075690514874772
2024-01-12,QCOM,2.3285139956582306,0.00757575757575768,-0.0019034672492614924,0.009399293286219135,-0.009399293286219135
2024-01-18,MU,2.328053473657626,0.0018827959519888138,-0.002300322765020235,-0.005965610012866884,-0.007837173938472386
2024-06-14,ARM,2.3279588281542107,-0.02720745685854631,-0.005184635524445369,-0.016979058645080425,-0.023015369375783523
2024-03-20,MU,2.3279036407932785,-0.020871046746885336,-0.00378258819234234,-0.016717995707025812,0.020747961685628757
2025-10-07,IREN,2.3279033245766754,-0.07145651787302154,-0.008226328091257784,-0.04172214057231782,0.06527189418172386
2025-11-05,NBIS,2.327633309895844,-0.022412715421019858,-0.009080517393134535,-0.019318080655212233,0.04095077005252379
2025-07-15,CRWV,2.327480264027494,0.01182239953633235,-0.008528459129039545,0.01720881427072385,-0.01720881427072385
2025-12-03,ALAB,2.3266205199454166,-0.03973919011667815,-0.010232973820962776,-0.03795820486467982,0.04426173347036655
2024-02-12,ARM,2.3261379287177935,0.20323101777059782,-0.0060797888299100045,0.1648989061982109,0.23433874709976799
2023-10-18,CAT,2.3249430816185024,0.016470588235294015,-0.0025048305773922586,0.01837051626832309,-0.01837051626832309
2024-12-16,MA,2.324473928917342,0.0014879831236344065,-0.0014055736134579444,-0.0032759802127040327,-0.004759088733068517
2025-06-26,TMO,2.3242154475864014,-0.009412391093901351,-0.002542445719817432,-0.008164195017931641,-0.0007269555103227576
2025-10-23,LRCX,2.323961573289522,0.03915768716106771,0.03915768716106771,0.04282988197045734,0.04282988197045734
2025-01-07,UBER,2.3234033885979963,0.024472947073566176,-0.0026473431477853637,0.024760501105379418,-0.024760501105379418
2024-06-20,PLTR,2.3225492145080673,-0.02570888468809074,-0.0036889008911692445,-0.02143270901718486,-0.012164510523267058
2026-05-06,LITE,2.3223319759793966,0.028932238193018378,-0.006926554708125643,-0.028118701231315657,-0.056237402462631314
2025-09-03,AAPL,2.3210048377475476,-0.010145173614058756,-0.0016548700471783473,-0.009973686444274765,0.01218062982768875
2024-05-28,WDAY,2.3209097443955935,-0.00027881040892197007,-0.003147006107275585,0.00416358253145821,-0.00416358253145821
2025-04-16,ASML,2.3208118987750583,-0.007525057825751746,-0.0055299372177552986,-0.0039481402344485605,-0.017214498280593626
2025-04-14,AAPL,2.320759253204516,0.027972363496785224,0.027972363496785224,0.029183438757906854,-0.029183438757906854
2026-01-05,SNDK,2.3204643709843293,-0.005539251650770405,-0.007064456031862454,0.003200116367867878,-0.003200116367867878
2026-03-04,MSTR,2.320164194172738,-0.021008403361344463,-0.006282998199279799,-0.009296517274871463,0.015845705564035084
2023-12-01,SMCI,2.3201357103012983,0.018602455146364383,-0.006372210980709503,-0.012079972476012113,0.03090714476853096
2025-11-14,GS,2.31939868506981,-0.007979924717691378,-0.0026747822190356096,-0.02165079283690763,0.013498096422299488
2024-09-09,T,2.317621967009475,-0.006209696680200771,-0.0013410215292231076,-0.002144899904671149,0.024308865586272654
2025-12-18,ACN,2.316785576227827,-0.006549655959082967,-0.002626761599882177,-0.0008511583154466873,-0.0008511583154466873
2026-07-15,JPM,2.316340467515774,-0.014346552865531326,-0.0021350446151623403,-0.014290604141708019,-0.01004050430714809
2025-06-11,INTC,2.3158248992769592,0.0342977134857676,0.0342977134857676,0.03587235033775915,-0.03587235033775915
2026-03-18,LITE,2.315382765322423,-0.03423136986301367,-0.009832387475538051,-0.026530291000724904,-0.03175118229831886
2025-07-11,MSTR,2.314658227902429,-0.01654432913780801,-0.0037356128765043684,-0.015978265874660447,0.0005691393838929137
2024-05-01,AMD,2.3132818644676925,-0.02261744966442958,-0.004146941514861058,-0.020480914746931367,-0.02989742727425604
2026-03-05,CIEN,2.3130163302251585,-0.03208230505432519,-0.007096489581377874,-0.014122503372174133,-0.02653860530122054
2025-12-15,KO,2.3127103698630966,-0.0026698517529686328,-0.0014816472784574541,-0.00021129736582614633,-0.00021129736582614633
2026-01-22,LITE,2.3126436988242953,0.056087951871373165,-0.009196750861341085,-0.015230555482737884,-0.07046425669122092
2025-05-29,GEV,2.312368622085969,0.003868676405301974,-0.0032282488878687676,0.006095888966230034,-0.006095888966230034
2025-08-11,LLY,2.3118972809694833,-0.0031058823529411805,-0.004683552941176505,-0.001555356553706977,-0.001555356553706977
2025-09-11,OPEN,2.3113943411808653,0.317618769090791,-0.011608314996889746,0.34296464104500357,0.34296464104500357
2024-05-03,BABA,2.3111592340003013,-0.01815677435512142,-0.0023308647275588346,-0.012828833048289745,0.012828833048289745
2024-10-11,C,2.3110598003308547,0.014814814814814836,-0.001902557319223952,0.016069221260816002,0.016069221260816002
2023-11-14,ORCL,2.3109793204000444,-0.006325823223570226,-0.0018795308244614617,-0.006218177878886344,0.006174845628859282
2026-02-06,NVO,2.3105435318423444,0.02803536769463033,0.02803536769463033,-0.003788288775841586,0.03192986253923591
2024-05-01,AMZN,2.310219064258824,-0.020549450549450565,-0.002861773940345369,-0.012461059190031154,-0.005396083667111751
2026-08-13,NBIS,2.3098558341663904,-0.05897269005919037,-0.010232622851899631,-0.056087197487529994,-0.057565121004987896
2025-10-17,MSFT,2.307588242215076,-0.004996459202140091,-0.001680936175713521,-0.0019828415493649,0.008127687142941209
2024-12-05,SPOT,2.307043689320388,-0.01948467880240501,-0.002714941008740146,-0.01515322970567956,0.01515322970567956
2025-05-08,AMD,2.3065836752557423,-0.024376199616122918,-0.0037687277214148995,-0.01568551510457017,-0.01539504260263369
2025-10-17,BAC,2.3065535473760375,-0.012778603268944977,-0.0025352013019175335,-0.01067615658362997,0.014234875444839812
2025-12-10,PEP,2.3061652239924757,0.012170385395537497,-0.0015471360958175806,-0.0023720772619451047,0.014571331751948247
2023-10-19,TSLA,2.3061381386622606,0.018812410841654748,-0.004367552093947458,-0.018121334150398405,-0.036592839009017
2026-05-06,BABA,2.306122618080381,0.020705576798210723,0.020705576798210723,0.021442495126705596,0.021442495126705596
2025-11-11,F,2.3053106055303525,-0.0018754688672167896,-0.0030302218411745185,0.0014753037168622196,0.0014753037168622196
2026-01-08,WMT,2.3042826628273363,0.01590439392577947,-0.0014400194472613537,-0.00778773883908368,0.023815992031150923
2024-05-28,QCOM,2.303657594089091,-0.002631478765108497,-0.0023763005905703682,-0.0025377132384041268,0.0025377132384041268
2024-10-22,TMUS,2.3032286730084346,-0.00925109135735458,-0.0013616553087951733,-0.008331446683269239,-0.008331446683269239
2024-02-26,SQ,2.303179361078411,0.020931758530183697,-0.005079480689913707,0.031229710427217228,-0.031229710427217228
2025-08-28,MRVL,2.3025594826699565,-0.013843111404087116,-0.0034651944627552833,-0.007068988087446049,0.011650739625605366
2024-06-20,QCOM,2.30210483303459,0.029993244764692784,-0.002918898574967077,0.030386242909876682,-0.030386242909876682
2024-01-17,BMY,2.3016218202274907,0.007878715771345801,-0.001954583520465736,-0.012026530612244901,0.020000000000000018
2026-08-20,BABA,2.3013377109808726,-0.019504260898066228,-0.0031728414571334795,-0.007982338882812856,0.057722688054441695
2024-02-29,UNH,2.3005578211638684,0.008268785836434978,-0.0017336528374551907,-0.006615237029338861,-0.014829322887521035
2023-11-30,GM,2.3002024582942115,,,-0.004709576138147598,-0.008006279434850994
2025-06-02,ADBE,2.300177240729017,-0.015407566827264074,-0.0018631346886867073,-0.005947264342049063,-0.007682190632283592
2026-04-06,STX,2.3000105643267807,-0.02280151353480897,-0.006721306867276788,-0.017518770110833026,-0.017518770110833026
2025-02-10,UBER,2.2999718106543336,-0.013078599820489756,-0.0038209111058195022,-0.006133384982891066,0.01510749564206848
2025-08-26,OKLO,2.29952799117864,-0.027488151658767723,-0.007885946416481326,-0.01678455932377143,-0.010527128624816418
2023-12-12,AMGN,2.2994784425739154,-0.00016426654985490785,-0.0015273634175785311,0.003672727272727272,-0.003672727272727272
2025-02-13,TEM,2.2994058733007425,0.038289962825278856,-0.008279429987608444,0.07203172978505634,0.07203172978505634
2024-07-12,META,2.2991380226009848,-0.006773043287714997,-0.002851508140458092,-0.012995661386338453,0.006134597921501284
2025-10-27,SNDK,2.2990644050073707,0.03519026790595958,-0.007409591501991608,0.04583270249810756,-0.04583270249810756
2025-12-01,BMNR,2.2988500548400594,0.017532203389830525,-0.01179067796610167,0.03919111553124477,-0.03919111553124477
2026-04-16,NOW,2.298662770798644,0.010871794871794904,-0.005918600732600643,-0.013457452190630326,-0.02418294040271174
2024-09-10,XOM,2.297478000886158,0.03171690694626483,0.03171690694626483,0.03361674296926098,-0.03361674296926098
2025-06-30,C,2.295739954053171,0.0008821453775582633,-0.0016756477467487763,-0.002771716695170179,0.00365630712979903
2024-07-25,LRCX,2.295591900527603,-0.014249386180287593,-0.00451628031517759,-0.00458511533260797,-0.02542074269178418
2025-08-21,BA,2.294900080375703,-0.012415356844098002,-0.0022344032052128426,-0.006202099853807708,-0.0056261905816682445
2026-08-04,CRWV,2.294865039635996,0.02111345705078338,-0.008605868906068848,0.03386588658865897,0.03386588658865897
2023-11-28,AVGO,2.2937697301848208,-0.011333509374174766,-0.002578241351993693,-0.006975424227796623,0.004641441976670713
2025-11-04,VRT,2.2933032260386117,-0.017100708035419188,-0.005113879942144295,-0.027571644042232446,0.009999441371990603
2024-09-17,WMT,2.292679042621481,-0.0056207844116912264,-0.0012801024231826608,-0.0022559217947112353,-0.014538162677027344
2025-10-17,V,2.2926427513670595,0.007677910900864893,-0.0020485601022317557,0.008554824626095137,0.008554824626095137
2026-07-15,WFC,2.2925729205679515,0.006208323752586731,-0.0023223236868902264,0.006671267540832693,0.006671267540832693
2024-10-22,HD,2.2924365235554864,-0.009482736879271592,-0.0017911474039566944,-0.004769435449456516,0.008936415894771121
2024-02-12,SHOP,2.2922828004210283,-0.01437361419068739,-0.0036069052898322074,-0.006230067084570523,-0.02001539645881456
2025-05-29,ANET,2.291476175309294,0.02653820148749142,0.02653820148749142,0.028727231841690903,-0.028727231841690903
2025-06-23,COIN,2.2913554695422285,-0.028889322662502437,-0.004933723264828105,-0.021739470063645072,0.022071872780173196
2024-01-03,COIN,2.2907691086506468,0.012505820528171396,-0.007126013247046981,0.019149648476732617,0.019149648476732617
2024-10-08,PANW,2.290510304592712,0.011046263345195761,-0.0024182206405694018,0.013802652050414643,0.013802652050414643
2025-10-13,C,2.289816083857727,-0.004764864304951377,-0.002643730208055861,0.0034464751958225293,0.0034464751958225293
2024-09-30,COST,2.28964782754242,0.004705499292659288,0.004705499292659288,-0.01584530386740335,-0.020476243093922597
2026-09-14,ASML,2.2889106347884485,-0.0076921133734146885,-0.0029031899805846972,-0.0064272784039660635,-0.006818339504109372
2024-04-22,CRM,2.288877215892076,0.0075356858198680765,-0.0029433012100572586,0.013823889408884682,-0.013823889408884682
2024-09-13,BA,2.288821275176465,-0.010845035105315981,-0.0034375985098151762,-0.007311988549737025,-0.023491707893836145
2024-07-11,PFE,2.288552028150853,-0.014398354473774466,-0.0020311964346931832,-0.010497332644983648,-0.013766993632765345
2024-09-30,BABA,2.2876739964939987,-0.01681665303154256,-0.00293383069071651,-0.0073847262247837,-0.04412824207492805
2025-12-02,PG,2.2875273272208996,-0.011656143759106508,-0.0015249130249477272,-0.00850740074699119,0.00850740074699119
2024-12-17,AVGO,2.286635273041336,-0.011286307053941957,-0.0046292264374628855,-0.010185689734669046,0.006203629961856194
2024-01-31,MSFT,2.2862593613418123,-0.01817567404475129,-0.0014545987455302223,-0.01725054360956746,-0.03974389949263102
2024-01-18,QCOM,2.2859170422066097,-0.009568051029605451,-0.0020561602995216033,-0.008984009157445683,0.007943390336119682
2025-09-17,IONQ,2.284387515148597,-0.03171820210392107,-0.005190218133794833,-0.012279596977329943,0.029754408060453263
2025-01-22,PG,2.2838461881265593,-0.010368869554853721,-0.0013944426945439181,-0.009276659209545124,-0.01744966442953022
2025-01-28,ETN,2.283703255496061,-0.037408426426227326,-0.004376468610449491,-0.025291988140285326,0.02465313610824449
2025-04-23,GEV,2.2821979998845268,0.021137026239067103,-0.007810097875885047,0.026289459565274176,-0.026289459565274176
2025-07-11,VRT,2.2817779580637114,0.013060620995564376,-0.004763142763265948,0.013060620995564376,0.013060620995564376
2024-01-17,COP,2.2815660657537693,0.0023294819232202446,-0.0023069857835046337,-0.00439868975198876,0.006738418343472219
2024-12-16,SOUN,2.2813522812797,-0.06853396901072695,-0.009941682274816843,-0.046396264954770894,0.14940180916253265
2025-11-13,VRT,2.2808264577586153,0.011715683314209802,-0.006167535134109059,0.02170014347202298,-0.02170014347202298
2025-09-22,ACN,2.2789332872137256,-0.005109519621393055,-0.002747665117058151,-0.004482061331276377,0.000604557109800119
2024-08-29,NVDA,2.2788229722937596,-0.035774715977761606,-0.0043515544965870845,-0.035386103498307286,-0.051829759793648233
2025-05-05,UBER,2.276751023492533,0.005651713175556239,0.005651713175556239,0.006599882144961766,0.006599882144961766
2024-10-15,BMY,2.27671122516291,0.013640730067242979,0.013640730067242979,0.01525968403024991,0.01525968403024991
2024-08-07,BKNG,2.2764618377388715,-0.009911838976918608,-0.00361051455743322,-0.008282910489130879,-0.025479754196006343
2025-04-17,HON,2.275044462323474,-0.0042326995927988165,-0.00423910637617364,-0.001827861063165459,-0.001827861063165459
2026-05-06,ALAB,2.2746773423647917,-0.004501269649051176,-0.00683345101139432,0.008294717330861956,-0.008294717330861956
2025-09-23,BA,2.2744592789668765,-0.012176984569622684,-0.002217406315565773,-0.009315474811141478,0.0025490105204615254
2026-08-10,SMCI,2.274055177109209,0.006948831332912131,0.006948831332912131,-0.025846153846153852,-0.0326153846153846
2024-10-22,TMO,2.2730651715122687,-0.005952885707986355,-0.0017068427900306382,-0.005508185538881438,-0.0004774897680763779
2025-02-25,LLY,2.2727383557389493,-0.00496425734710082,-0.00254364842971877,-0.003972053177145551,-0.003972053177145551
2024-02-07,DIS,2.2727207038748176,,,-0.008761080189651604,0.023191094619666064
2024-12-11,AVGO,2.271966115585328,0.01631520532741404,-0.003094351514190574,-0.011280094281384878,0.027779336663112275
2024-02-15,SMCI,2.2716194999136388,-0.02887700534759352,-0.005748601986249158,-0.01284567557780203,0.060235417830224236
2025-08-08,LLY,2.2715195125895606,-0.010844732824427439,-0.004330502726281327,-0.005449382147517001,-0.040003070074449365
2024-01-09,DHR,2.271375970892295,-0.01834053804507496,-0.0017151910497694711,-0.016338288790293753,-0.029417330782009032
2024-05-02,SBUX,2.2708439001951235,-0.012184527053643146,-0.0034217044307862654,-0.009825033647375525,0.008479138627187188
2026-09-15,ASML,2.2702909117951657,-0.001981742801240749,-0.003293260187101632,-0.0003831537954210873,0.0003831537954210873
2026-03-17,UBER,2.270221578135946,-0.005623721881390598,-0.003303388840198651,-0.005496612552729263,-0.005496612552729263
2024-09-10,IBM,2.2698009795088594,-0.005804878048780493,-0.001641986062717704,-0.004299184132102174,0.0030289706385264736
2024-09-03,PEP,2.269394917083867,0.027719907407407263,-0.0012662615740740568,0.029268575402805252,0.029268575402805252
2026-08-13,IREN,2.269205051852616,-0.034673473728993764,-0.008831692345093733,-0.03199658703071673,-0.045008532423208125
2026-04-02,NKE,2.2684743646290406,-0.011282523601197303,-0.00429673366007699,-0.011049723756906271,0.017150092081031465
2026-09-10,CVX,2.2684476878045756,0.011384758364312186,-0.0018053571428571225,0.013356212029865921,-0.013356212029865921
2024-04-22,SMCI,2.2675049696680083,-0.050881720430107524,-0.010652698412698447,-0.050881720430107524,0.02845161290322573
2024-04-24,LIN,2.2671730298651127,-0.008591302745531548,-0.0016901570191369952,-0.006643678160919597,0.020942528735632182
2024-07-25,MSTR,2.2664427685864994,-0.04402951634585306,-0.007335326818049159,-0.04334673522248411,0.03402662336825557
2026-05-21,COST,2.266407789970366,-0.006149366385379551,-0.0020957646820569664,-0.003266444446566874,0.003266444446566874
2025-02-21,WMT,2.265796649464335,0.009667716013845973,-0.002221674604061974,0.014708939708939828,-0.014708939708939828
2025-03-24,CVNA,2.2652325193435123,0.041317073170731744,-0.008919825783972213,0.055971902747891544,0.055971902747891544
2026-05-06,GE,2.2650436112689643,0.0010310965630113689,-0.003611012391863455,0.0010966348042424912,0.0010966348042424912
2024-01-11,HD,2.2647779270700052,0.0017922652552577745,-0.001443587650972411,-0.0029178940902173656,-0.004704929705278693
2026-06-03,GOOGL,2.2642525422367608,0.004626038781163522,-0.002848796992481084,-0.008514144465806117,-0.013100796484482369
2025-04-29,PFE,2.263672792534812,0.03524804177545682,-0.0034105433296034438,0.038864628820960645,0.038864628820960645
2026-03-19,MU,2.2633144128486844,0.03311627906976744,-0.005717991694352276,0.03852627641668227,0.03852627641668227
2024-09-04,COIN,2.2633112770130985,-0.02304147465437789,-0.006652179065174346,-0.010254232146107656,-0.009647472847521432
2026-09-04,HPE,2.2601323482331193,-0.04553541705196962,-0.005386522761499646,-0.009051040403097899,-0.02939255388634887
2026-09-10,XOM,2.259744631682803,0.0035580750211072765,-0.002055585230111845,0.006225002255435541,-0.006225002255435541
2024-10-17,TMO,2.258883275252222,0.0018978491043484258,-0.00159916499395929,-0.01057486410805486,-0.012452643716027056
2024-08-14,PANW,2.258576251221926,0.003098441926345563,-0.0034948401456901257,0.006946398684775756,0.006946398684775756
2024-05-01,JNJ,2.2584218808271457,-0.006553168490744499,-0.001682446387553771,-0.003198330135003369,0.017944315389017973
2024-02-16,ABNB,2.2583659813372976,0.008645345813832583,-0.0035820239952455424,0.008645345813832583,-0.008645345813832583
2025-03-12,NFLX,2.2582794655039704,-0.011215296929582563,-0.00413540705857629,-0.003987275579571237,0.0016450235314624528
2025-09-15,ADI,2.257799903278722,0.010434710880145248,-0.0017723041208563828,0.014445884970391454,0.014445884970391454
2026-02-03,BE,2.257326392299381,-0.07442704787837529,-0.00718783023760905,-0.07348097671777398,-0.04134014764338445
2025-01-21,COIN,2.256708477679604,-0.019454844762215595,-0.005845415520322028,-0.018518111590072106,-0.005450599944625156
2026-05-26,APH,2.256672348800477,-0.00356989861487933,-0.004152934456661428,-0.00014328700386878612,-0.00014328700386878612
2024-10-02,PDD,2.256558666377105,-0.016030331249168528,-0.00435084760257709,-0.0007206498951783935,0.0007206498951783935
2024-01-10,HD,2.2564780707719287,0.009742543951251736,0.009742543951251736,0.010450001415989396,0.010450001415989396
2026-07-29,BA,2.256044055775344,0.003287915919501172,-0.0028091402293113354,0.007787512167987676,-0.007787512167987676
2026-04-28,VRT,2.255630952622882,-0.03198680423040845,-0.004543248950021561,-0.010342292296381173,-0.0034147536965932757
2024-01-24,AMAT,2.2553309050647377,,,-0.00520833333333337,0.0136173184357542
2026-08-20,MRK,2.2547004553676038,-0.013875123885034646,-0.002865633111520105,-0.017284767143617596,0.0031698149731411718
2026-09-21,RKLB,2.254466475655224,0.011426091987272402,-0.004465153518740439,0.013478260869565384,0.013478260869565384
2023-12-20,AFRM,2.254412264977377,0.08892449429200877,-0.007533132099224682,0.09264984541737298,-0.09264984541737298
2026-09-09,UNH,2.25412267297068,0.020056342241723257,0.020056342241723257,0.021154468710312013,-0.021154468710312013
2024-07-08,TSM,2.2541153080416545,0.016388259471992517,-0.0028900962819653486,-0.008723359799414854,-0.024968658587547043
2026-03-10,LITE,2.253486785807592,-0.03619429717724598,-0.009396149673510323,-0.03399347991555479,-0.03488388792348229
2023-11-14,MDT,2.2529890221748636,-0.0020621391256528954,-0.002014022546054539,0.0002755959762987814,0.0002755959762987814
2025-02-06,LLY,2.2528713350207794,0.00984347826086962,-0.0024466658385093876,0.011311492160213987,0.011311492160213987
2025-12-09,SPOT,2.2526912084547552,0.012218141881456646,-0.00319912212748652,0.01223551215828933,0.01223551215828933
2025-09-05,AMD,2.252360079082381,0.011835480285097733,-0.003687466721469246,0.02288891762575973,-0.02288891762575973
2025-08-06,ACN,2.2512637367662,-0.0054497012756337115,-0.0024633226453829593,-0.000577598080597097,-0.00012925271733643662
2025-11-14,APH,2.2511879703610234,0.005110092432554447,0.005110092432554447,0.005525692591061171,0.005525692591061171
2024-08-16,BABA,2.251022250139649,0.003015681544028981,-0.0025939169395140516,0.004287698532520201,0.004287698532520201
2026-04-14,JNJ,2.2509066882085613,0.01022211004543161,-0.0017523977788995726,0.014532550378099751,0.014532550378099751
2024-02-07,CRWD,2.2502818628054335,0.011169095653280614,-0.003041076088043604,0.016538707613563464,0.016538707613563464
2023-11-03,MU,2.2502224984229784,0.0037354731599335,-0.002971104435133265,0.00526534571151438,0.00526534571151438
2026-09-08,UBER,2.249807362746593,0.0007513661202186439,-0.0035332943013270945,0.00833785249457708,-0.00833785249457708
2025-09-09,CRWV,2.2490655748054222,-0.034113252064490784,-0.006775455030616162,-0.033448106246925735,-0.01416527299557313
2026-09-28,NVDA,2.249000169520825,-0.012564543889845181,-0.0022471139660683592,-0.010905128699138511,-0.013534324583283186
2025-07-11,GILD,2.2488019554177012,,,0.007153853119623355,-0.007153853119623355
2025-10-16,MU,2.248490318658433,-0.024834479084751893,-0.00466971193743726,-0.012379090863529285,0.014985215255851392
2024-04-17,SMCI,2.2480098997737628,-0.01874361695736626,-0.006134207673096692,-0.01604417670682734,-0.036214859437751046
2023-10-10,BA,2.247666877570389,-0.009236842105263099,-0.002306481203007582,-0.0013140604467805073,0.017398160315374556
2026-09-08,JNJ,2.2475291914730584,-0.006657939031232463,-0.0020865398487803777,-0.006657939031232463,0.006657939031232463
2025-03-04,SBUX,2.247183756838845,-0.01269478260869572,-0.0018782422360248408,-0.005376579096909584,-0.020588363858897618
2024-09-06,MCK,2.2468479337488922,0.021891860419982145,-0.0024889958467568807,-0.0028544611841659906,-0.02468383213833003
2024-12-13,ADBE,2.24615256013557,0.004891176659048702,-0.003570717626848685,0.01091202445652184,-0.01091202445652184
2026-03-05,BABA,2.245691003946087,-0.0009580379383024029,-0.003575868392959758,0.0009983105513746704,0.0009983105513746704
2024-12-17,ELV,2.2456771351992253,-0.010776502363268103,-0.002877895244525863,-0.010776502363268103,-0.010776502363268103
2026-08-17,ALAB,2.2452826129515424,0.0502373887240356,-0.009682274268757896,-0.03606876233517353,-0.08449415062498222
2026-09-02,AMGN,2.244634244315455,-0.007427977964417964,-0.0019936686405800375,-0.006148977054368787,0.0011077201311178175
2025-01-14,HOOD,2.244435272000077,-0.0131508985856581,-0.005180029404268094,-0.012598707824838407,-0.000717875089734421
2025-01-10,CVX,2.244044791227755,-0.008754863813229541,-0.0017097415230684643,-0.006112230964301912,-0.004226542688081203
2026-06-15,CIEN,2.2439695151805186,-0.027429122226180325,-0.008784847677519969,-0.01973663368427725,-0.020771513353115778
2024-01-17,SMCI,2.243850368809273,-0.019121132534751117,-0.005512024488227185,-0.018696974547782963,0.018696974547782963
2026-02-09,ORCL,2.2435189347692157,0.02722382576751503,-0.005959159575664397,0.029824734471079584,0.029824734471079584
2025-02-05,PYPL,2.2428653967298047,-0.012820512820512775,-0.003944340659340684,-0.012431116237344497,0.014609765474817404
2024-01-11,UBER,2.2427282119507495,-0.009057683139996886,-0.002533018546684529,-0.0034837688044339066,0.005067300079176551
2025-05-19,ABT,2.242358162395942,-0.004935431200831175,-0.0021733974426938474,-0.0019609294065414673,0.0031818854521237228
2025-08-20,PLTR,2.242027318479709,-0.01725591955887118,-0.005206603030443513,-0.008508410236271913,0.021068132731199674
2024-10-08,PDD,2.241914787120666,-0.024775086505190447,-0.005179184379634161,-0.02055229889116461,0.023165477787979283
2024-06-13,AAPL,2.241466071517999,,,-0.002325473233803055,-0.004092832891493425
2026-06-15,HOOD,2.241367222907741,-0.023964919437079235,-0.006910856327030146,-0.018983067803816533,-0.01808268514118494
2023-10-24,CVX,2.241303812624786,-0.00515880415190495,-0.0023872565994511596,-0.00393111194309248,-0.02283788843129908
2023-11-08,ADBE,2.240502350149742,-0.00875399014946221,-0.0026741862201756783,-0.007584715699854749,-0.011199702692658575
2024-10-14,CAT,2.2399732029800643,0.0019319250616436356,0.0019319250616436356,-0.010389243473012177,0.012341239774492863
2024-12-13,AMD,2.239032156097314,0.007742408709408233,-0.0034254799166226757,0.011298114383668456,-0.011298114383668456
2025-03-12,MU,2.238923515863611,0.007372301211163723,-0.005742082298954343,0.009072686992298795,0.009072686992298795
2024-03-01,UNH,2.238613315135788,-0.008671472708547956,-0.001852480506105758,-0.004780663958307674,0.004780663958307674
2024-04-17,GS,2.237805601182246,-0.0016804645990360356,-0.002251349490741572,0.0030291744258226228,0.0030291744258226228
2024-01-09,SMCI,2.237776247917228,0.05660609414875606,-0.004798999389442948,0.0625193247170861,0.0625193247170861
2025-12-01,INTC,2.2369124935281417,-0.008058423570888928,-0.004507950498255253,-0.007297433316557633,0.007297433316557633
2025-07-16,BAC,2.2368432986234708,-0.011003236245954673,-0.0017922638310987615,-0.010676663494098237,-0.007223527939103858
2026-02-17,JNJ,2.2339487684080512,-0.00441619546824068,-0.0015923922336280594,-0.0018319165140070481,0.0018319165140070481
2024-09-27,LLY,2.2339005703081005,0.007312986777757713,-0.0020592364866613977,0.009118953184853784,-0.009118953184853784
2024-06-11,PEP,2.2336603860188182,-0.01155680567445283,-0.0017073149426090062,-0.01155680567445283,0.009355509355509328
2025-08-06,AMD,2.2317518688359446,-0.005238828967642384,-0.003941162227602879,-0.023031762757790064,-0.017913593256059013
2024-02-07,BABA,2.231540781190937,-0.022060766182298575,-0.003090677486318083,-0.01985965841387527,-0.025155567324242067
2025-08-01,GS,2.230367692994915,-0.014286827255897805,-0.0018759336668141557,-0.01037609801859185,0.008087670921340662
2024-08-22,AVGO,2.230082419684562,0.04082652458612113,-0.0045684718095826415,0.045587323652621414,-0.045587323652621414
2026-01-26,GE,2.23006065562428,-0.01940413552732989,-0.0034987408616720117,-0.017988991810981236,-0.009699288495099934
2026-07-21,GEV,2.229418225965969,0.03243975282289535,-0.005808383931694472,-0.005174921260896248,-0.0374468009172102
2025-01-21,INTC,2.2292904375426805,0.006843065693430739,-0.003280761209593308,-0.01611824535102402,-0.022851012832654782
2023-11-15,WMT,2.229067429139527,-0.006021247921341288,-0.001184478133635758,-0.0021849044259870665,0.0060515985891456126
2024-10-11,CEG,2.228834962418216,0.03635938959825613,-0.004804352782844634,-0.01932462997500095,0.056386651323360404
2025-10-15,GS,2.2286388930135286,-0.012346153846153896,-0.0026643122710623413,-0.0051740690863870675,-0.009516936538721765
2025-02-07,HON,2.228404901653583,0.026608642622153678,0.026608642622153678,0.02752949229983226,-0.02752949229983226
2024-09-04,LRCX,2.2274111532650034,0.006826208423382996,-0.004352056145846661,0.009393454968225967,0.009393454968225967
2024-11-22,PDD,2.2270107274537643,0.01116711137464177,-0.005031094263973079,0.01614037157760695,-0.01614037157760695
2026-01-26,FCX,2.226728894324701,0.02143657014877609,-0.0036781772059328866,0.023545374730625013,-0.023545374730625013
2026-04-13,CRWV,2.2267272501948323,0.03930254476908579,0.03930254476908579,0.040773949976403934,0.040773949976403934
2026-08-07,SPCX,2.2263041339104293,0.11735079325107045,-0.007804487294791995,0.11932391523713437,0.11932391523713437
2025-01-06,ASML,2.226095237894128,0.017387734562260837,-0.002285107010902565,0.01796470659942595,0.01796470659942595
2025-12-01,CVNA,2.226005630219878,0.0016010246557798258,-0.005351520211030247,0.004294256933017548,0.004294256933017548
2024-09-26,MRVL,2.225943037211752,-0.014473058367874048,-0.003990623088944822,-0.013853049028928588,-0.0023088415048214683
2024-04-23,RTX,2.225780117095994,-9.866798223967521e-05,-0.0016350694199732674,0.0005924170616113944,0.0005924170616113944
2024-09-19,ETN,2.225572504878321,-0.01686476411682669,-0.0028708935614967235,-0.0033752249712268867,0.016244274337445352
2026-07-01,IREN,2.2252986829717467,-0.035840736011880425,-0.01011555487425475,-0.03244595068365097,0.01297183592380513
2025-04-08,ABT,2.224880173327023,0.017357533486565768,-0.0024809667229022114,0.02193120858314923,-0.02193120858314923
2024-08-01,BA,2.22444279346211,0.0434782608695653,-0.0033582509010046113,0.0434782608695653,-0.0434782608695653
2025-11-07,SNDK,2.2242281858318833,-0.05985401459854023,-0.009149454292666004,-0.014152074838090667,0.1482369872871192
2024-11-07,JPM,2.224063357785727,0.0235123966942149,-0.0021722225501770165,0.026288681033417083,-0.026288681033417083
2025-01-06,UBER,2.223825415732846,-0.013234200743494462,-0.002644684014869836,-0.012353028724512605,-0.012650692067271874
2025-03-12,ETN,2.222621367184297,0.006360327880004069,-0.004311468997653112,0.010667479427004078,-0.010667479427004078
2024-08-14,SBUX,2.2225065807804856,0.003078556263269694,-0.0038208143767062275,0.006978957386063245,-0.006978957386063245
2026-03-27,PANW,2.2220802826577195,-0.012953010886041172,-0.003661021870509318,-0.000476352500850874,0.000476352500850874
2026-05-14,NOK,2.221686581723549,-0.03838245373543536,-0.006404974052677925,-0.022267206477732726,-0.024534412955465545
2026-06-29,SNOW,2.221657773701019,-0.015818321041389583,-0.005712247612138732,-0.004483322042003746,0.0029888813613359044
2025-05-02,AMZN,2.221492569313804,-0.021025804396304526,-0.0038103510368785454,-0.018834936024795468,0.006649182759808081
2024-10-17,DIS,2.2211081900098337,-0.008714278250875118,-0.002084478344914098,-0.007293405676126907,0.007293405676126907
2025-08-08,CRWV,2.219734909333636,-0.015621267106199932,-0.006976854393936804,-0.012770943175161031,0.012770943175161031
2025-02-18,AMAT,2.2180194341705737,-0.0032079323417906203,-0.0034848268966378715,-0.009074095480291366,-0.005895272222864456
2023-11-16,PEP,2.217847582046661,0.0022013326987149195,0.0022013326987149195,0.0025573926489829146,-0.0025573926489829146
2025-10-15,WFC,2.217600748044315,0.004878048780487809,-0.002385000829600137,0.007926411586260729,0.007926411586260729
2026-03-09,ABBV,2.2174130669269108,-0.0008579536705017876,-0.0025123083353499887,-0.000263829038782859,0.000263829038782859
2025-01-02,MDB,2.216805000882689,0.025572231072356733,-0.00448277317970025,0.03280280322539775,0.03280280322539775
2023-11-03,HD,2.216732331790502,-0.0058859141665545955,-0.001743547116142219,-0.004026755176654961,-0.004026755176654961
2026-09-15,C,2.216590889316211,0.008897218027328457,-0.0022399935538706117,-0.009104676738903028,-0.017920888472217067
2025-02-28,ACN,2.216268889772621,-0.011697773649531396,-0.002063278279295311,-0.009412378001100619,0.009412378001100619
2025-01-06,PDD,2.215602489541883,0.018438720818080068,-0.0027224681294215625,-0.00811071235435823,-0.026399882011700515
2025-09-18,IONQ,2.2147060366956497,-0.03506493506493491,-0.005048309626881076,-0.018069634200088114,-0.018657264580578814
2026-01-12,V,2.2142238047559633,-0.018778648528759545,-0.0015088739147883778,-0.017439714112730487,0.013718454200445818
2026-06-29,BE,2.213648309319895,-0.030763662685486803,-0.011582079520190303,-0.020966238324163333,0.005465479737510437
2026-05-19,ADI,2.213572764983907,-0.026795851580463936,-0.0028693348707946598,-0.023712672281776426,-0.007513399693721334
2025-07-17,ASML,2.213171713165516,-0.008788282290279614,-0.002923425908312738,-0.007174948031918538,-0.0010192449540669113
2025-07-23,OKLO,2.213081674881803,0.017463933181473212,-0.0068393535090574,0.029027799109199837,0.029027799109199837
2025-10-06,SMCI,2.2125784587310977,-0.001280175566934938,-0.004067601107743735,0.008122577072180226,0.008122577072180226
2025-10-14,ASML,2.211810198923064,0.007776145620396635,0.007776145620396635,0.009960005559072727,0.009960005559072727
2023-10-12,AMGN,2.2116245938985943,-0.006759581881533139,-0.0018822921851667784,-0.005078268153499765,-0.005078268153499765
2025-02-20,HIMS,2.2108730599640842,-0.04122903276375611,-0.008521779051799516,-0.03773142723224754,0.03773142723224754
2023-11-29,UNH,2.2108677589108803,0.0015722093284420424,-0.001307424410956326,0.0018909962367301691,0.0018909962367301691
2026-08-03,CVX,2.210628777453689,0.00355908598545418,-0.002137216396849162,0.007092927631578871,-0.007092927631578871
2026-07-28,LITE,2.210424255424795,-0.011543832428239087,-0.010860604011969421,-0.010916421150566125,0.010916421150566125
2024-02-16,KLAC,2.209971259465347,-0.016515692873344978,-0.0023802040422994386,-0.015676586020907046,-0.01862939304235567
2025-04-17,GEV,2.2099097403230883,0.029970590714730072,0.029970590714730072,0.032813855403667325,-0.032813855403667325
2025-11-04,NBIS,2.2085319719497702,-0.050774447804967426,-0.009210220354295195,-0.04913982430453889,0.011683748169838859
2025-12-08,CRWV,2.2080660426531344,-0.033373786407767,-0.00829135748959775,-0.017819893915012708,0.02726026580845109
2023-11-15,COST,2.2079325298197814,-0.0028083552327126116,-0.0015162827085555275,-0.0011713716762329351,-0.0011713716762329351
2025-04-23,BSX,2.2076696425198636,0.011399999999999966,0.011399999999999966,-0.016232169208066916,-0.027447122479094976
2025-04-08,MELI,2.2075911847846967,-0.027660782491999658,-0.004600998023861158,-0.014197201377332713,-0.044240007535558346
2024-05-01,PFE,2.2073068833984695,,,-0.005712109672505683,0.034653465346534684
2024-02-22,INTC,2.2070750907537446,0.015134143545058376,-0.002679578733580268,0.016262024736600877,-0.016262024736600877
2025-01-10,AJG,2.20690804037069,-0.01571305099394993,-0.0019917668848006276,-0.01486159169550183,-0.00692041522491349
2025-02-25,MRVL,2.206375209779735,0.013676844783714892,-0.0059666636374653415,0.020014747708838154,-0.020014747708838154
2023-10-24,DHR,2.2062920265113477,-0.004654928152195814,-0.0026216352964986145,-0.0025352398336883075,-0.0025352398336883075
2025-02-05,AMGN,2.2055250512586912,0.036596862164164135,0.036596862164164135,0.036806303879310276,0.036806303879310276
2026-05-18,NOW,2.205373894943391,0.03887103254319002,-0.004395317970498858,0.04437825011359631,0.04437825011359631
2026-01-23,AVGO,2.2045028569092278,-0.02252223634053352,-0.004383731167181049,-0.019914133172795,0.014052375596077304
2025-07-15,RTX,2.204499682359461,0.007347047822602204,-0.001588174115491725,-0.001667000066679969,-0.009001800360072032
2024-12-09,PLTR,2.2043973322051547,0.07925822431093621,-0.004469162236214075,0.08771709035992947,-0.08771709035992947
2023-10-31,PFE,2.204133084930344,-0.02684563758389258,-0.0029745925215725055,-0.012742015555187836,0.011087208340228472
2026-09-15,PEP,2.2039806353838767,-0.007715705912901605,-0.0015169999894015795,-0.007416747014759251,0.004969220499888571
2024-03-07,C,2.2035999296604643,-0.011189533482527159,-0.0018750952954774691,-0.010508182601205895,-0.0061154177433246915
2023-11-03,ABNB,2.203345361665699,0.015236833388539095,0.015236833388539095,0.015531165872851416,0.015531165872851416
2026-09-08,ASML,2.2033183425045944,-9.624693566756548e-05,-0.0026947682106885917,0.001543079036169126,-0.001543079036169126
2024-08-16,INTU,2.2023193125854723,0.0009879152690346338,0.0009879152690346338,-0.0006130362151144375,0.0016015571119862848
2024-09-24,SNOW,2.202277553919828,-0.01195935617300603,-0.0031137744550207014,-0.0077005730659025495,0.0077005730659025495
2025-03-06,AVGO,2.2020976126747938,-0.010865968008825111,-0.005728866913560782,-0.008847587780312693,-0.0021145178342885096
2024-11-04,DELL,2.2016945722129786,-0.017505699954400322,-0.0037554502421124347,-0.014268181818181791,-0.015909090909090873
2024-06-03,TMUS,2.200576087875788,-0.012578616352201255,-0.0012410658637074246,-0.012578616352201255,-0.019321208000453227
2025-12-05,CRM,2.200172773301,0.016877060854974202,-0.0027558804920130298,0.020560820866295737,0.020560820866295737
2025-02-20,TXN,2.200111060265619,0.021228658689230517,-0.0023424444428549185,-0.005689828801611174,0.027039274924471224
2026-01-12,SNDK,2.199803336004079,-0.0013090685079185649,-0.007048613377433344,0.0016089379722232788,0.0016089379722232788
2024-01-23,JNJ,2.199558851483863,-0.01409429907723414,-0.0012670377593584359,-0.008738840689048066,0.004495159059474396
2025-09-18,SNPS,2.199065600043508,0.029506437768240357,0.029506437768240357,-0.03355734468915661,0.06405394016013477
2023-10-25,SNOW,2.1989248096997547,0.04456375838926163,-0.00385365771812074,0.0468028121861398,-0.0468028121861398
2026-03-02,JNJ,2.1988533320578987,-0.003108975653086876,-0.0015523190420432265,-0.010586449344838655,-0.00751038670501758
2025-07-16,MRVL,2.198772029082923,0.01055183231142176,-0.0037967244505102693,-0.028855788542481164,0.03971210229581712
2026-04-10,LITE,2.1985304611576097,-0.05021965317919075,-0.008749288274153555,-0.02330611095466062,0.011253168121655888
2025-06-30,FLUT,2.1983630715084646,-0.011739670154282678,-0.0028382691966661877,-0.0018585715550050175,0.011912558633507153
2025-01-08,T,2.1982521649271014,0.0013537906137184308,0.0013537906137184308,-0.015582034830430747,0.016956920256645303
2025-10-31,AAPL,2.197783835376671,0.007892804698972022,-0.0018816839731485846,0.009964464959519415,-0.009964464959519415
2026-05-06,GS,2.1972843531909256,-0.008014456594150232,-0.0022744093309255975,-0.006212811179893141,-0.003703605303010171
2026-08-10,AAOI,2.1970978699288364,-0.057153024911032135,-0.01112408744280624,-0.05430153321976161,-0.056998864281658124
2025-04-28,SPOT,2.196722963016426,0.004090150250417479,-0.005909403768185051,0.004455792530289493,-0.004455792530289493
2026-01-21,INTC,2.1939789598617057,0.040759566510021994,-0.0052242803710147445,0.05175421593332041,0.05175421593332041
2023-11-14,CSCO,2.193433757018804,0.00529500756429635,-0.0013654635833153517,0.00567536889897835,0.00567536889897835
2024-01-31,WMT,2.193033786974857,0.007389610927972856,-0.0011138100499223924,0.008551116775850853,-0.008551116775850853
2024-09-05,ASTS,2.191995521107411,0.018965517241379293,-0.019546945812807914,-0.03654485049833889,-0.05481727574750839
2025-09-08,AVGO,2.19109035825023,-0.007263018889590578,-0.003569507213805778,-0.007263018889590578,-0.007263018889590578
2026-05-20,ALAB,2.190657904396475,0.08730008695980929,-0.007923734626747891,0.1066941178734293,0.1066941178734293
2026-05-26,IBM,2.190199567684778,,,-0.017916201684082367,0.017916201684082367
2025-06-30,GOOG,2.1901582766711245,0.012748976925359368,-0.002520127274246997,0.015762015762015746,-0.015762015762015746
2023-10-12,BMY,2.189824000912025,0.0030120481927710108,-0.001453186696365405,0.010598834128246248,-0.006006006006005982
2025-06-13,PFE,2.189704028972832,0.006277845281490557,-0.0017338135740323501,-0.0074052632848492506,-0.013636619469168831
2026-09-22,BKNG,2.1896244804620966,0.03400000000000003,-0.003705861344537764,0.03465302883343624,-0.03465302883343624
2024-11-20,NFLX,2.1895293253087775,-0.010766643718893465,-0.0020499267229774354,-0.010643821391484898,-0.002347735789426153
2026-09-03,TMO,2.1892444105286395,-0.014536266837295475,-0.002676062973301807,-0.016141789478781643,-0.0018401640005810682
2025-02-07,AMZN,2.188900234861054,-0.012676056338028152,-0.0024089964026583477,-0.007763575534013745,-0.01715707300334568
2024-04-12,AAPL,2.1887457435258253,0.0030108504232233546,-0.0015514725574374832,0.005639349341772126,0.005639349341772126
2025-10-16,WFC,2.1880942997857824,-0.008506724910909202,-0.0025088105365148605,-0.004851565207346642,-0.029686958530668717
2026-09-09,GOOGL,2.1866396952282483,-0.007648941033064238,-0.0020504320759233696,-0.003947048821957733,0.003947048821957733
2025-10-23,TSLA,2.1863559166211557,-0.01565519907228441,-0.00450051597272072,-0.009371742921372439,0.07802774907940457
2026-02-02,BMNR,2.1862902555701957,-0.0463659147869675,-0.008740571667263386,-0.04356933389191464,-0.04273146208630074
2025-01-28,NVDA,2.1862578357214106,-0.026459470810583863,-0.0065630287394251585,-0.02465202079490192,0.08150343786684555
2024-09-09,V,2.1861810452358528,-0.005636498989684213,-0.0012570861376561826,-0.0018576508677884407,0.01034976912053498
2024-02-16,HD,2.1859961231289486,-0.0052654977909918355,-0.0016862275377793612,-0.004595562713464618,0.005692388859578568
2024-11-01,MRVL,2.185853635846444,-0.014530728918532798,-0.003592561083509027,-0.009438414346389923,0.00023596035865969256
2026-02-11,PANW,2.18548907768547,0.001268422324232965,-0.004295753805267033,0.008901009979920382,-0.008901009979920382
2025-04-22,GE,2.1853060375859585,-0.019909944121955014,-0.0055665653990126795,-0.014352001726556596,0.02168986727096156
2026-04-20,IREN,2.1846206793590586,-0.01303724034682796,-0.006927040169195875,-0.01680466114688739,-0.003986507206378387
2026-02-17,PG,2.1845696678695505,-0.014834961058227236,-0.0018025802235840382,-0.012699002663693282,-0.011645914637923527
2024-01-11,COIN,2.1827107367781378,-0.04062500000000002,-0.0073357767857142875,-0.03896103896103886,-0.08337662337662344
2026-01-07,SNDK,2.18205821314094,-0.038576597623864006,-0.0063642370763513645,-0.03059465670784267,0.015685147945992517
2024-08-14,CMG,2.182006362019816,-0.01613844059887226,-0.005027638121163358,-0.015940902021772896,0.003998833592534945
2026-09-29,BA,2.1814717669111165,-0.008241758241758212,-0.003443436028257474,0.001841227484989938,0.001841227484989938
2024-07-22,SBUX,2.181060273533014,0.00247557003257326,-0.0024644020474640094,0.0037735849056602655,-0.0037735849056602655
2026-08-13,SMCI,2.180965300807606,-0.013104838709677491,-0.006208687355990783,-0.00038289725590301416,-0.00038289725590301416
2025-01-07,LULU,2.1809208968562874,-0.018318928788800926,-0.0026236779410485633,-0.018318928788800926,-0.04172854534388315
2025-05-13,AMAT,2.1807092340746483,0.015502965529391233,-0.0032272635755812296,0.01651775217493534,0.01651775217493534
2026-04-15,C,2.1806060393829414,-0.0031238095238095287,-0.0028997551020408796,-0.0029626253418413295,0.0001519295047098801
2026-02-19,BKNG,2.180538442698619,-0.009438287153652247,-0.0052985606333213475,-0.005636121364814617,0.005636121364814617
2025-01-14,DHR,2.1803137437258093,0.009624999999999995,-0.0017727291666667089,0.012546217440073115,-0.012546217440073115
2025-08-08,APP,2.17956985457209,-0.008695652173912993,-0.004770939440993716,0.0013395111882124056,0.0013395111882124056
2025-01-21,AAPL,2.1792291278021043,-0.0023859901859271115,-0.0024985433240507504,-0.0014856314743374455,0.0014856314743374455
2025-10-13,GS,2.1787999823931914,0.004975580002834157,-0.002402309032965455,0.0070939209571041495,0.0070939209571041495
2024-02-05,META,2.1785373535514623,0.01841880341880342,-0.003173253968254075,0.021836106763763352,-0.021836106763763352
2025-06-26,ASML,2.177372954120969,-0.009798605243577896,-0.0025080330907851778,-0.009518526456460563,0.0060704244884579595
2025-12-15,CAT,2.1771868852253276,0.0030605343253296002,-0.0027635791584135205,0.00820899288441801,-0.00820899288441801
2023-10-11,LLY,2.1770481248994047,-0.01448979591836741,-0.002389257774538578,-0.014115021778516201,0.02888847369841052
2024-03-11,COST,2.176897949668513,-0.002147036948681569,-0.0020312142285803247,0.00622034204923394,-0.00622034204923394
2024-09-03,VZ,2.1767233015347798,0.01657589391427905,-0.0011709515916241697,0.017539701351031,0.017539701351031
2025-07-29,UBER,2.1758909099916846,0.01235687563768273,-0.0025280904335434062,0.014758269720101747,-0.014758269720101747
2026-04-30,AMZN,2.175281925220122,0.0055905748161488855,0.0055905748161488855,0.006336232753449522,-0.006336232753449522
2025-02-11,SMCI,2.175273594971045,-0.024748836069590885,-0.006818129310043108,-0.020187099950763177,-0.047267355982274606
2024-05-15,C,2.1751860308525766,-0.01088139281828071,-0.001796373609291524,-0.010573783237443624,-0.0012439744985227597
2023-10-24,CRM,2.175169583448998,-0.006521416926041246,-0.002489120385074095,-0.0034971923948379224,0.005565954093192715
2023-10-24,KO,2.174390527724443,-0.0030647196682891398,-0.0020191223054932816,0.00017969451931709735,-0.00017969451931709735
2025-11-24,MRK,2.1739774176786986,-0.004510756419153328,-0.002935050772564396,-0.00044793947839927295,-0.00044793947839927295
2024-06-11,WFC,2.1736539993898853,-0.004042889787308823,-0.0019143334254074773,-0.0029850746268655914,0.0029850746268655914
2025-07-16,AMAT,2.173347124253934,-0.014538228218805571,-0.0020832175355238736,-0.013107734085330724,0.017442164081675315
2026-03-13,LRCX,2.1732013247982014,-0.016995089894836446,-0.005506292439657945,-0.0156520122687982,-0.013848870712891648
2026-03-25,AMD,2.173072753369689,0.01929215822345598,-0.0036614421202207925,0.01948081995280182,0.01948081995280182
2026-05-18,RKLB,2.1726738264215557,0.007034263671431895,-0.00729644937167051,-0.017902243351656466,-0.024810577923042643
2025-09-15,C,2.17252143702244,-0.0053282396702523105,-0.001955463958982495,-0.004823151125401992,0.002813504823151236
2026-04-22,CAR,2.1722816555026103,-0.060597560975609865,-0.008970640243902372,-0.044742618336040874,-0.4518285196989049
2024-06-10,GME,2.172092102528258,0.09807412790697667,-0.024190095514950105,0.10908111988513991,-0.10908111988513991
2026-10-02,HOOD,2.1720334613593546,-0.03910188519381497,-0.005191369867158957,-0.038327821589078326,-0.04409395404053251
2026-02-27,SOFI,2.1712611865289095,-0.0033879164313945775,-0.005497297733322526,0.00753979335381183,-0.00753979335381183
2024-10-16,GS,2.1708446275114635,-0.008409014847051033,-0.00191050730064668,-0.00424895668713865,0.0029808938896407344
2026-08-24,MA,2.1687972081950626,0.00850749029036435,-0.001640236682126761,0.012657586743932026,0.012657586743932026
2026-04-16,ORCL,2.168570108589172,-0.011256292776740673,-0.004269755076644621,-0.00963172804532575,0.010481586402266263
2025-02-04,SNOW,2.167642181692583,-0.012096774193548487,-0.0037557066052227306,-0.005374187855939683,0.010721638458864646
2025-03-03,PYPL,2.166807254813395,-0.009661159339120706,-0.002830909709165219,-0.0054836895388076234,-0.019263217097862828
2024-10-16,AMAT,2.1663566510937367,0.026317177364063138,0.026317177364063138,0.027035573122529577,-0.027035573122529577
2026-02-20,WMT,2.166159442825366,-0.007206616984685832,-0.0032932777238321442,-0.007066414470182636,0.007066414470182636
2025-11-20,V,2.165947949017203,-0.01102323735075883,-0.0018698913380125193,-0.008100451726513969,-0.008621085674910045
2025-05-08,DIS,2.1656653596599864,0.0014274838218499841,-0.0028930270814073733,0.002954632100648169,0.002954632100648169
2025-11-18,C,2.164979673521418,-0.0066153846153845786,-0.002965084249084149,-0.0036026762738032847,0.012043232115285463
2025-10-06,META,2.1649423438489244,-0.013753952285139537,-0.0024113199605799718,-0.012197396931995952,0.027250419733953368
2025-06-30,APP,2.1643679059084184,-0.002592592592592702,-0.005505643060643051,0.00437508068796344,0.00437508068796344
2025-12-03,INTC,2.1640080517455136,-0.0225528946756568,-0.004512638256883861,-0.01687861271676283,0.011676300578034704
2025-03-03,SPOT,2.163891438580496,0.016737635113003635,-0.003891460390248458,-0.011718244205619621,-0.028259743622944478
2024-04-10,LOW,2.163508755938885,-0.005363308749580908,-0.002089121090943946,-0.0035887748462524183,-0.004428772327519259
2026-07-22,CBRS,2.1633531220007933,-0.08843590387337541,-0.008627285471279555,-0.08177433169544257,-0.05490691069738085
2025-11-03,PFE,2.1626017993725912,-0.008166598611678344,-0.0014128215598203653,-0.0071384866408321646,0.006934529879665474
2026-07-14,ASML,2.162237706470723,-0.009808061528413514,-0.005482005014224578,-0.009501134169748182,-0.0007598655882204985
2025-09-16,GE,2.1621788042575236,0.008672907488986636,-0.002070172376494539,-0.003782840757950101,0.012488556474876011
2025-03-11,T,2.161331927702242,-0.012776922255934853,-0.0025538597587937417,-0.007966616084977174,-0.01365705614567525
2025-06-10,TMUS,2.1612119298099257,-0.0005060088551549491,-0.0018386494382699459,-0.00914893617021284,0.008638297872340495
2026-04-27,GLW,2.159577139590426,0.004033453941514997,-0.005073161431367712,0.0290852318723257,-0.0290852318723257
2024-01-03,LLY,2.1590200364454555,0.020187296500359775,-0.0018345812260592842,0.022983325822442557,0.022983325822442557
2024-01-22,SQ,2.158866993902607,-0.021285901734946933,-0.003977516505946244,-0.016554351010841017,-0.023439789041898695
2025-10-14,WMT,2.1578076325517825,-0.010222372947047198,-0.001609079017489412,-0.00875622853272695,0.037008369212907066
2025-02-18,UNH,2.1575666071676345,0.015543328748280572,-0.0023527398029363766,-0.007992202729044884,-0.023411306042884994
2024-05-10,ARM,2.157451033638035,-0.006481650538616157,-0.005130480711546981,0.00230244980659422,0.00230244980659422
2024-07-29,BMY,2.156633977150968,-0.01911330049261084,-0.0030105559465165577,-0.016011069381300702,-0.03192330500098839
2023-11-13,AMAT,2.156514328529917,0.00306176650061718,-0.002421462392767082,-0.001428092299436523,0.004494231285215866
2024-06-04,JNJ,2.155770718075052,-0.008547590669164107,-0.001610800029189452,-0.006730573118499006,0.00475899109388811
2025-09-15,WBD,2.1554087366043073,-0.030827474310438197,-0.004942748976280553,-0.016262330045321294,0.03838976272993877
2025-09-17,CAT,2.15332094654232,0.010085163603765102,-0.001822171351732016,0.013218830088575162,0.013218830088575162
2025-11-10,BMNR,2.153124601158043,-0.020339357762670707,-0.008320091563956633,-0.00784959962864118,-0.045027271672275715
2024-03-07,GE,2.1531132252609373,0.022390970975607605,-0.0016319577304194643,0.02525540123456782,0.02525540123456782
2024-08-08,SMCI,2.153007337867712,-0.023237550593020684,-0.01233934648344337,-0.01201631353824728,0.013070725156669516
2025-01-31,NOW,2.152331647624886,-0.010815462395243669,-0.003947682191367541,-0.010815462395243669,-0.003980011930256877
2026-05-12,DELL,2.152269566858907,-0.010615801048891926,-0.005144458273920405,0.0014625992478062289,-0.0014625992478062289
2024-09-19,DIS,2.152008648181998,0.011838072085403328,-0.0014421308529755095,-0.00640621718126444,-0.01816845200588113
2026-04-16,BABA,2.151659069877059,-0.01928171916396826,-0.002843364943857951,-0.018457239502904565,0.019339657327744675
2023-10-10,QCOM,2.151027673321412,-0.008646575738938456,-0.00220867551825199,-0.007225433526011571,0.014450867052023142
2025-05-13,MRK,2.150289323232298,-0.016021532940271754,-0.003573250448602905,-0.012540999421184806,-0.0142131326773427
2024-02-27,MARA,2.1500825803474974,-0.04495412844036706,-0.00946804281345559,-0.04451583295089501,-0.07251032583754013
2026-04-23,ADBE,2.1500145621838325,0.005659185015785995,0.005659185015785995,0.009079601990049757,-0.009079601990049757
2024-06-24,PANW,2.149885902042388,0.001998928019674051,0.001998928019674051,-0.028218640848091114,-0.030161161835896788
2023-12-01,SBUX,2.1482601729091475,0.005576962076657921,-0.0016477387953761635,-0.006891622849558576,0.012507019245495021
2024-03-25,BA,2.1455922912588985,0.002137197664720536,-0.002592997885142445,0.004731205157533558,-0.004731205157533558
2024-09-16,COP,2.14540557780219,-0.00726022162781792,-0.00230313472351118,-0.004090952335648268,0.004186090762058781
2024-03-08,RIVN,2.1446760491883543,-0.023482889733840273,-0.008394839760999417,-0.009209516500383819,-0.020721412125863314
2026-05-29,PLTR,2.14415189624078,0.04672459893048142,-0.0035553810160426913,0.052635116966926576,0.052635116966926576
2025-07-10,TSM,2.1428889637482547,-0.002135820765408525,-0.0023583010573247076,-0.0012411540555252731,0.0012411540555252731
2023-11-10,TSM,2.14287115941638,0.031101237702316764,0.031101237702316764,0.03197458973001588,0.03197458973001588
2025-03-31,TSM,2.1428360125560943,0.02773822054361963,-0.0032032160768461493,0.03192316061048772,0.03192316061048772
2024-01-24,PDD,2.1425229270752806,-0.005428352703737316,-0.0033785430937633976,-0.0024285317790728733,0.0024285317790728733
2025-06-11,CSCO,2.142408624965501,0.0012447487163528281,-0.001438688234902008,0.00202114427860689,-0.00202114427860689
2024-06-24,WDAY,2.14204726052294,-0.006768985176738962,-0.002214565890210074,-0.005498926793624737,-0.0011417089098962885
2025-06-04,HOOD,2.141866408632973,,,-0.013602580283270216,0.013602580283270216
2024-01-22,UNH,2.141189235359639,0.018275985236337666,-0.0023334679865517627,-0.007940476428585752,0.02636158169490166
2024-09-19,GS,2.1410350644145293,-0.009198795058932951,-0.0026677126625673786,-0.008081658845706552,0.010929290498536082
2025-07-14,MU,2.140993315456316,-0.01341536358198736,-0.003531939307381382,-0.009361702127659521,0.009361702127659521
2024-04-22,NVDA,2.1406214399161483,-0.014627111660486136,-0.004950537848019243,-0.014614047511749106,0.023755874589583392
2026-01-12,APH,2.1405890992245653,-0.005755001370238433,-0.002769594409427145,-0.005141564406663468,-0.005141564406663468
2026-07-28,WDC,2.1400988731119006,-0.03786178287783004,-0.010471879896386316,-0.03612413485152932,0.03612413485152932
2025-11-11,NBIS,2.13978444317646,-0.06421847329667263,-0.009563519433311685,-0.0631284916201118,-0.048603351955307295
2026-08-06,DELL,2.139782117622717,-0.028720452779935624,-0.00793247617990711,-0.04545665490996842,0.015430666419157246
2025-03-11,BKNG,2.139412863395925,-0.001974683544303746,-0.0036559510110143467,0.00941645724141138,-0.00941645724141138
2024-10-11,MSTR,2.139047329577783,0.09422601893783455,-0.006031229782979541,0.0972186387326488,0.0972186387326488
2025-10-06,ANET,2.138267791214769,-0.012220762155059073,-0.0031955087291158923,-0.004852606212656374,-0.012907272307133733
2024-09-13,SBUX,2.13721494430072,0.0016317047009504204,-0.0024333771223050693,0.004544536457281367,-0.004544536457281367
2025-11-24,BABA,2.1371878298889775,0.002806186081316886,-0.0037089762320492436,-0.0030649903046224836,0.005879777319071744
2025-06-04,HIMS,2.136791657682367,-0.06110257723160961,-0.009069063467680993,-0.05471354435165143,-0.07842732927793239
2024-02-22,NOW,2.136491696004734,-0.015332676888451191,-0.0025259091731170136,-0.013490833151832748,-0.014323600630340882
2024-01-22,CRWD,2.1364061420364235,-0.008983451536642928,-0.0030734404400059034,-0.007434703556032707,0.007434703556032707
2026-05-27,MRVL,2.1359656945967327,0.05307542045833524,0.05307542045833524,0.055236012739459106,-0.055236012739459106
2025-07-15,VRT,2.135593220338983,-0.008075370121130465,-0.004617081556714364,-0.0026773761713521083,0.0026773761713521083
2025-02-18,MRK,2.1355682200963173,0.006765376267374501,-0.0030645003873702725,0.0115417324747904,0.0115417324747904
2026-04-14,VZ,2.1347212214380815,-0.01387478849407775,-0.002223027959068702,-0.009497452669979145,0.02027980196418455
2025-07-21,TMO,2.1346956572779794,-0.003293628191476161,-0.003366275511467398,0.006875926901910856,-0.006875926901910856
2026-02-03,SOFI,2.1343277718997964,0.04142794182459242,0.04142794182459242,0.042925348177157874,-0.042925348177157874
2025-04-23,ANET,2.1342674775144954,-0.023847597858582814,-0.00779293014570781,-0.020201740287091985,-0.02011860555340017
2025-11-07,SMR,2.1338101386043373,-0.05222493036211695,-0.01497935734182243,-0.050396246089676744,0.054223149113659996
2025-08-12,CRM,2.1336335631668693,-0.012602187967265088,-0.00272281851999856,-0.010963296789010757,0.0037699874333751993
2025-07-21,NFLX,2.133072401894944,0.012776481414533247,-0.0027170710693980027,0.014735784906934057,0.014735784906934057
2025-04-09,ABBV,2.1328883357907564,-0.01764705882352946,-0.0044538235294117046,-0.013231612826320127,0.07080700917868632
2024-09-19,CAT,2.1317023150643513,0.02372137666255325,-0.002275369728310883,0.025155160103257135,0.025155160103257135
2026-06-23,TER,2.1316930147478863,-0.028048780487804903,-0.00781597212543561,-0.023106625767397304,0.0014348419267387058
2024-11-21,GOOGL,2.131599716220512,0.01446123096819707,-0.0022208402966146235,0.01550296552939101,-0.01550296552939101
2024-01-17,HUM,2.1309339154594165,0.013098362139172925,-0.0020790991765450295,0.013098362139172925,0.013098362139172925
2025-07-16,KLAC,2.1306493270971725,-0.012767655273307588,-0.00201816509287589,-0.008509088501142292,0.03053780529527983
2026-05-28,DELL,2.129872668788041,-0.024569555392890186,-0.005594504585195503,-0.014614106062031618,-0.0020384482704549622
2025-06-23,ASML,2.1297428063691166,0.020582539516382337,0.020582539516382337,-0.003690424595826247,0.02434892242228459
2024-04-16,NOW,2.1294347829321456,-0.007233468286099831,-0.0028040678619625226,-0.007233468286099831,0.004898785425101249
2025-02-28,MCD,2.1290325307473403,-0.01141346295961787,-0.0020307260276222205,-0.01013613252419221,0.011087420042643847
2026-05-11,MU,2.128100668661101,-0.01751042439436179,-0.005360695008350458,-0.034014950268734134,-0.017100142089330972
2026-06-04,NFLX,2.128002985195043,0.01568343587887555,-0.002599788015097415,0.018289014559018102,-0.018289014559018102
2026-06-25,MU,2.127977030802721,-0.026137270550678382,-0.008219527989966835,-0.023800000000000043,-0.02832800000000002
2026-08-03,MSFT,2.1279032008119443,0.002982044795458716,-0.003382134997517161,0.006625864382289182,0.006625864382289182
2025-03-11,SPOT,2.1277513629398728,0.026363599660866432,-0.006428244118512172,0.035561530001221975,0.035561530001221975
2025-02-18,WMT,2.12768770609173,-0.008502161978331646,-0.0015855595116636145,-0.004548974061169275,0.004548974061169275
2025-10-23,IONQ,2.127130136552668,-0.04950495049504944,-0.01186124586484616,-0.03717219723330212,0.007722990749384762
2025-05-13,GE,2.126854537469994,-0.0038228018889138182,-0.002100873783288937,-0.0004512635379061436,-0.0004512635379061436
2025-08-29,SNOW,2.126832033138492,-0.007386147807369348,-0.0036877619067716694,-0.000674849213378903,0.006706314057952634
2024-05-07,PG,2.126597090422179,-0.0018804974218986636,-0.0014382988864336532,-0.0012731130645651234,0.004728705668384459
2025-12-05,OKLO,2.1265705045448224,-0.0003825188868700202,-0.009520997554611332,0.0026818239453605397,-0.0026818239453605397
2025-10-14,ANET,2.1262099134281103,0.009065600685273845,-0.005149679287804743,0.01016079004599102,-0.01016079004599102
2024-05-22,SHOP,2.126097073069512,-0.01197503794906396,-0.005332132616919338,-0.007034494448682094,-0.004661411984066444
2025-05-23,AAPL,2.1257596425549874,-0.007115990647555193,-0.0026223187963810846,-0.005903307888040721,-0.005903307888040721
2025-10-02,NBIS,2.1251339626424244,-0.020505895404351993,-0.005318460117113899,-0.012635416666666677,0.007772435897435814
2025-05-19,HD,2.12506922257721,0.005702312751962646,-0.001764395971628585,0.007198257543561404,0.007198257543561404
2024-08-29,SMCI,2.1250419041729383,-0.02909216849214258,-0.010218515953071439,-0.022756734969552328,-0.022756734969552328
2025-11-19,CEG,2.1248937352074577,0.01979463776383339,0.01979463776383339,0.020813704496787988,0.020813704496787988
2024-11-22,PANW,2.1248713050503087,-0.0025109855618330457,-0.0027457365557648217,0.0007039499413376005,-0.0007039499413376005
2023-11-13,AVGO,2.1246027032722448,-0.011125626646274034,-0.002480608863479228,-0.0028178064298656214,-0.002770404078708988
2026-09-30,HPE,2.124211277187804,-0.027395209580838298,-0.005583404619332821,-0.022422897375067086,-0.022116782735134177
2026-07-14,ANET,2.1241918327331724,-0.015319883482576402,-0.005847872324029391,-0.015168939269481374,-0.00038333059525774704
2026-08-05,VZ,2.123610243275942,-0.024332977588046978,-0.003121664887940301,-0.02287302265925606,-0.006626763574177019
2025-10-24,NFLX,2.1232564188944276,-0.014426966292134913,-0.003124648475120395,-0.014426966292134913,-0.016017977528089866
2026-04-28,AMAT,2.123255800889701,-0.018471288353041238,-0.0035928201561171713,-0.014370529420134281,-0.014267051260493324
2026-06-10,CVX,2.123219042492845,-0.0016302918748356543,-0.0021684271815483047,0.0027996408008028606,0.0027996408008028606
2026-04-27,ARM,2.123208121690776,0.011585310010074235,-0.005376113720513276,0.029102195034184986,-0.029102195034184986
2023-10-10,PDD,2.1231907960497383,-0.00309372156505916,-0.0031051605355518763,0.005045408678102881,0.005045408678102881
2026-09-23,BKNG,2.122986860586109,0.012667046678067062,-0.004280534368412026,0.014601769911504414,-0.014601769911504414
2026-08-05,NVDA,2.122690858764148,-0.0017759562841529464,-0.0035287828519385833,0.0038466822365710307,0.0038466822365710307
2026-04-14,NBIS,2.1224034952330566,-0.014977179612503555,-0.006163114911250878,-0.008385884961202072,-0.002894445128710399
2025-06-23,ACN,2.1222988261377957,0.02681459325983382,-0.0023799628361760305,-0.007251453793876594,0.03426049183773561
2025-06-25,SMCI,2.1220266034028623,0.050022532672374886,0.050022532672374886,0.05244139301684814,0.05244139301684814
2025-11-05,BAC,2.121592547875731,0.0012378594553418276,-0.002058791522703274,0.001713143618539914,-0.001713143618539914
2025-03-12,BA,2.121577434313345,-0.017300817160367687,-0.004560908543703501,-0.011922033684476196,0.0017031476692108694
2026-05-06,LRCX,2.1215222398666125,0.005860632135235022,-0.004005650113970138,0.007105910285762906,0.007105910285762906
2025-03-10,ISRG,2.1213926229783024,0.027884673503515756,-0.0040103704044831545,0.03151408097312269,-0.03151408097312269
2026-08-17,NET,2.1210615373211255,0.006294498381877012,-0.00623646555709656,-0.011532125205930832,-0.01775403464435954
2025-04-17,XOM,2.1205328917657686,0.009440196356084174,0.009440196356084174,0.011062783661119457,0.011062783661119457
2025-11-06,HOOD,2.119468129024996,0.06820181871516584,-0.005852171772199544,0.08000868872637756,-0.08000868872637756
2026-05-28,MSTR,2.119453806951818,-0.029137609611268322,-0.007268023594164452,-0.027576697690451457,0.04550155118924515
2025-10-14,ALAB,2.119181728724493,0.0669170759895984,-0.009925335369628918,0.07142446374144562,-0.07142446374144562
2025-03-03,MA,2.119171712371415,-0.0056843628346021635,-0.0013488574676778775,-0.0034183902489555162,-0.007043955664514434
2026-07-24,INTC,2.1189908987690758,,,-0.0237130718308467,-0.08788657247307574
2026-02-12,TMO,2.118891448027238,0.012361705837902748,-0.0032351298311268373,0.018182868809831,-0.018182868809831
2024-12-17,TMUS,2.1187979634392895,0.025822114323548973,-0.0020572342907587693,0.02801021756363964,-0.02801021756363964
2024-12-03,INTC,2.118727074512898,0.03602058319039447,-0.004124295515804954,0.03931623931623929,-0.03931623931623929
2024-04-18,QCOM,2.118157209453553,-0.013539591633466186,-0.0025578044963003865,-0.009204735635033767,0.0006198475175107632
2026-07-16,TSM,2.1179398723284666,-0.02221954161640527,-0.004939858693778998,-0.017073703101884274,-0.005068755608371833
2025-08-20,DASH,2.1178031116869476,-0.012335423848486071,-0.003841544093651894,-0.006233744788011419,0.006233744788011419
2023-10-09,WMT,2.117751101008666,-0.00552467981088145,-0.0015011067359831376,-0.004486831913245393,0.005939194422927896
2025-05-06,WFC,2.117631408999532,0.0034143676591096295,-0.002850665313926748,-0.0034260655063724776,0.006852131012744955
2025-06-16,ORCL,2.1174394209055136,-0.009985682654135686,-0.003007560795299402,-0.005150817515504613,-0.008269122345423763
2024-02-22,AVGO,2.1171603349061656,0.008114986810245473,-0.0026766250142287173,-0.00983137838502901,0.018026146701195733
2026-03-06,JPM,2.1165019023988623,-0.011794528746963406,-0.0027743523068488596,-0.008527811896823945,0.015511493244428909
2024-05-29,IBM,2.116463334219585,-0.007192519779429363,-0.0014590540123986528,-0.006830437387657096,0.0013780707010184745
2026-03-05,IREN,2.1159550283494375,0.008782114624505954,-0.009423701298701292,0.013895340121258704,-0.013895340121258704
2026-08-03,MPWR,2.115954883332433,0.007835499528777934,-0.006888152537889214,0.007835499528777934,-0.007835499528777934
2024-09-17,MSTR,2.1155523642138556,-0.020858258551532005,-0.006745820413666781,-0.017947203550458646,-0.03603930276500644
2024-06-14,ADI,2.115395725656284,-0.00554767126822342,-0.002136437080315301,-0.004820106730934803,-0.004820106730934803
2023-10-25,SQ,2.1150724033059203,0.027499417385224878,0.027499417385224878,0.028405122235157343,-0.028405122235157343
2026-05-08,GLW,2.114876321641345,-0.033081531648866846,-0.005809169054441288,-0.03121411420816378,-0.02463722726798201
2024-07-18,ACN,2.1148029027921176,-0.013095523820952915,-0.0019057555159349704,-0.01155348557692315,-0.014513221153846123
2024-08-15,BMY,2.114777463273509,-0.0038838920686834477,-0.0035618648522368623,-0.0005093205663644351,0.0005093205663644351
2024-09-11,GS,2.1147718121628416,-0.013328970331588197,-0.002728826975816556,-0.011057179548570994,0.024813355679864202
2025-08-26,PDD,2.114771038557954,0.03496340133935505,-0.0031620185996841244,-0.02538610404887487,-0.05946192084392654
2026-06-24,AAL,2.1139182641586154,0.027090694935217874,-0.004006772673733727,0.0350148367952523,0.0350148367952523
2025-02-26,GEV,2.1127218008934965,-0.03186893130003354,-0.005666310099968985,-0.03186893130003354,0.020089489544333983
2024-06-12,GOOGL,2.1124982201883014,0.0020207690148751345,-0.0017547772743675694,-0.011384477931648762,-0.013382241546269102
2023-11-16,LRCX,2.112451252361999,-0.0035996300775414936,-0.0026321405705342915,-0.0035996300775414936,-0.0035996300775414936
2026-02-26,NVDA,2.1124243835436096,0.03184079601990042,-0.0033203194553548254,0.03214491387885443,-0.03214491387885443
2026-06-10,KO,2.1117503998423657,0.008506274131274028,0.008506274131274028,0.009115054931787991,0.009115054931787991
2026-04-10,INTU,2.1116102910706522,0.004423774954627979,-0.005784000680580714,0.006691281528950821,-0.006691281528950821
2024-05-22,ABBV,2.11157098512149,-0.012378535619236297,-0.0016036613939999222,-0.007639776731422909,-0.004521500514515497
2024-09-03,ORCL,2.111237102312105,-0.008086443730357828,-0.0014510702052635827,-0.008086443730357828,-0.014936968113280935
2025-12-15,KLAC,2.1086154763425746,-0.021850414265853324,-0.002921432417321901,-0.019194198227236003,-0.012602739726027323
2025-01-30,META,2.1078759026850125,,,-0.012374676496813786,-0.003950907258795322
2024-12-04,AVGO,2.1077505507608016,0.010362793493072897,-0.0027009099112977886,0.013959134129071349,-0.013959134129071349
2026-08-03,DDOG,2.1070807696796665,-0.006394884092726039,-0.0051595087566310704,-0.02820637351963251,0.02163111293757214
2026-05-20,MRVL,2.106047143402754,-0.016789473684210465,-0.006317969924812039,-0.012057750277645551,-0.012057750277645551
2024-09-04,KLAC,2.1059512939873373,0.005629809639530192,-0.0043923990819494385,-0.010270469331805643,0.015958099758582645
2025-10-09,COST,2.105848856005583,0.002594502631718898,-0.0014773558250990027,0.0046776771443792775,0.0046776771443792775
2024-11-18,PLTR,2.105293105031421,0.008176813471502564,-0.005359860751295242,0.013448220325334215,-0.013448220325334215
2026-03-25,HOOD,2.1048740963188366,-0.020397136296096297,-0.004894666254993241,-0.018607483591582707,-0.018607483591582707
2025-11-13,NBIS,2.1045682973692292,-0.0013559322033898091,-0.012199330104923245,0.004101814912625623,-0.004101814912625623
2024-07-08,AMD,2.104409619088573,-0.01758808364365505,-0.0035382616524122223,-0.007223296553293013,0.016152883630986326
2025-06-06,UBER,2.1042286252603097,-0.0024593043681928606,-0.0029478192494938327,-0.009856215213358,-0.007421150278293154
2024-11-11,CSCO,2.1041510577901765,0.0023813573737030413,-0.0015283940417467612,-0.007763713080168766,-0.010126582278481067
2024-07-23,KO,2.1037508781060366,0.006423435826831803,-0.0012871784785506435,-0.0068368277119414955,-0.01321634761470658
2026-08-24,COIN,2.103399600571652,0.03929125849793913,-0.004657512981103729,0.044915118939918064,-0.044915118939918064
2026-05-28,LLY,2.10321151353071,0.01794282670614833,-0.0026644752666276084,0.020194708841518416,0.020194708841518416
2026-08-12,IREN,2.1027841174956587,-0.020570359981299635,-0.009397565618112447,-0.020329468732253275,0.020329468732253275
2024-12-23,RGTI,2.1021223228506933,-0.10930442637759707,-0.01770847851335655,-0.06458604247941047,-0.05158214130905947
2024-09-12,ORCL,2.101720699733935,0.011407797417575694,-0.002668645570300332,-0.004343720491029268,0.01580107019200505
2025-11-20,AVGO,2.10162613681297,-0.015884126642257135,-0.003926294575551492,-0.011225621466634195,-0.06118639941572668
2025-10-02,SNOW,2.1005887099986706,,,-0.008115188821913089,0.025027157127947453
2024-10-28,MCD,2.1002688822784004,-0.006145495841544446,-0.001797106497497425,-0.0018404497389907792,-0.006023290054878672
2026-05-08,AAOI,2.0991736231594484,-0.06857085714285716,-0.011462355102040855,-0.05043277830466142,-0.10569154491650556
2024-09-30,PDD,2.098898744114739,-0.03230741305452711,-0.003943009615085424,-0.01920931899641576,-0.033620071684587804
2025-11-10,SNDK,2.098123336077561,0.031797359202371256,-0.00790148977942029,0.0328713036112922,0.0328713036112922
2026-02-12,TSM,2.097953094837398,-0.012870837672567914,-0.003457631903197811,-0.009098406448695195,-0.0209369762430498
2026-09-10,UBER,2.0978890091165847,0.02499999999999991,0.02499999999999991,-0.01914495465668642,0.0446235785231035
2024-04-02,SQ,2.0976309907315533,-0.029232958220152483,-0.004519060553984877,-0.027372498386055488,0.022595222724338226
2025-02-07,SMCI,2.0975810544932685,0.021390374331550666,-0.006629146395400243,0.02746319365798411,0.02746319365798411
2023-10-09,PANW,2.0975654529871997,0.015024156723520976,-0.0024445364955567594,0.015243515440345856,0.015243515440345856
2025-12-18,WDC,2.0974449760962997,-0.027780864540504546,-0.005682706808692983,-0.021528826259576306,-0.021528826259576306
2024-07-15,ASML,2.0973472230423744,0.02214520784688634,-0.0025035464113021266,0.024100917431192692,-0.024100917431192692
2026-07-01,GLW,2.0971763440663374,0.04681292105717738,-0.007906130469116368,0.04989023287848138,-0.04989023287848138
2026-09-10,WFC,2.096181317983874,-0.0027464828204697422,-0.002062256279676822,0.0012839836989895215,-0.0012839836989895215
2026-02-05,NVO,2.095775181897393,-0.01456310679611661,-0.006629838607993932,-0.007782966422059223,-0.036246386479875325
2026-06-05,CIEN,2.0952582634257793,-0.03809100640235896,-0.008850128826195736,-0.029009009009008935,-0.022642642642642596
2026-05-01,LLY,2.095119278481762,-0.017669933591221487,-0.003126780262737272,-0.012840014545528966,-0.012840014545528966
2024-06-28,CVS,2.0949909343685804,-0.016795431642593228,-0.0025241134411440047,-0.016795431642593228,-0.007692307692307665
2026-03-03,TSM,2.094666177765214,-0.008964143426294702,-0.00406854215789898,-0.007049922622800464,0.0127529088095375
2025-01-28,CRM,2.0943810934845053,-0.013580176910864106,-0.002661331934679101,-0.008628685460524421,0.011467438657634998
2025-11-25,GOOG,2.0942056641301487,-0.022018348623853212,-0.0036278942769768507,-0.011069197946941944,0.0007111495887699437
2025-10-24,LRCX,2.0940884166022316,0.00993220957374974,-0.004534208798773864,0.010054601145292219,0.010054601145292219
2024-05-03,ANET,2.093967964670008,-0.009295374184376537,-0.003472814285193415,-0.006370227813151774,0.0033181925867862283
2026-02-20,RTX,2.0938846086947627,-0.008159764763538302,-0.0025113487590575634,-0.00622375180123913,0.002286216277820774
2026-05-11,AAOI,2.0938584099015416,0.11979418886198556,-0.013109118817018262,0.12343174115219324,0.12343174115219324
2026-06-23,MPWR,2.092486635829179,-0.026576722456882584,-0.007904953690806793,-0.025986114079661338,-0.018367473576072713
2025-03-24,BA,2.0924022065555086,0.0022629429296832093,-0.003909494110040601,-0.014040052242054735,-0.016271223334784368
2026-07-07,V,2.092258801696125,-8.520306731052418e-05,-0.0024052582464397787,0.003334283271587468,0.003334283271587468
2026-07-16,IBM,2.091638313897315,-0.02076209086467995,-0.008268026380068294,-0.015404801244047084,0.06511808727767532
2026-02-17,ADI,2.091299493341068,-0.01463832309693558,-0.0031952700935593548,-0.01085182936760587,0.0011993425825842507
2025-03-31,CRH,2.091298041463163,-0.009389671361502261,-0.003979292421193881,-0.00561272217025266,0.028765201122544548
2024-01-11,PANW,2.091269941499107,-0.009962254810964799,-0.00222338610588102,-0.008336174037001487,0.0025411385540301534
2023-11-03,BABA,2.0899547656248547,-0.011588033581648283,-0.002380378046926479,-0.01075141776937616,0.0076795841209831295
2026-08-07,MSTR,2.0891680923152594,-0.018954567659990262,-0.00539152767115636,-0.014815541601255977,-0.018642072213500893
2025-10-31,MRVL,2.089105545453062,-0.016245487364620947,-0.003706246397475965,-0.009215602228890063,0.004072010287184069
2024-11-25,PANW,2.088966676140755,-0.017491967973889522,-0.002942978078579017,-0.01701574019745411,-0.01428607872649823
2025-10-13,TSM,2.0884758460609563,-0.019190056682373946,-0.0036120306143354597,-0.018459753642474652,0.03378032551950061
2025-07-17,OKLO,2.0881559899241626,-0.031003812334275516,-0.006588422532362914,-0.030706610709289484,-0.0006548203708663936
2024-01-03,MSTR,2.08804391069514,0.013077511991625435,-0.00565971237955365,-0.022854961832061038,-0.03563358778625958
2025-10-23,XOM,2.0875598775244577,0.0006892986386352051,-0.001778458186652232,0.0006892986386352051,-0.0006892986386352051
2025-03-17,AMD,2.087292461768019,-0.007590853022108379,-0.0040580429154297715,-0.005892975952856094,-0.005892975952856094
2023-12-06,SHOP,2.0870048914036268,-0.016857720836142898,-0.0031839899816972217,-0.012148512148512092,-0.029044499044499128
2026-09-28,NOW,2.0869461724702747,-0.018881939014855353,-0.004331989277337245,-0.016216258368392467,0.02498918006324291
2025-10-30,MA,2.0862210912356858,-0.005175202156334269,-0.002072066486972113,-0.003859544951553273,-0.003859544951553273
2024-09-18,DIS,2.085767259659861,-0.001417453397876356,-0.0015176761405533146,-0.0031724873367101614,-0.0017595307917889214
2024-10-28,DJT,2.0852996563238215,0.08150684931506857,-0.00843279517286366,0.0934903047091411,0.0934903047091411
2024-08-21,AXP,2.0852208218172645,0.007896857373086097,-0.0025559629331184386,0.01094531359829698,-0.01094531359829698
2025-02-19,HD,2.0850211198040314,-0.0081749049429658,-0.001968388556943701,-0.002482734284418031,-0.0034279376921914073
2024-09-30,LLY,2.0849928190493667,0.00817035328949256,-0.0021868542309742,0.0086699933921206,0.0086699933921206
2025-10-01,META,2.08447320516105,-0.002613703072149365,-0.002237190059542149,-0.00094187579797822,0.00094187579797822
2024-02-27,GS,2.083929253338873,0.004104420537398679,0.004104420537398679,-0.00557724484104849,-0.00965877402017945
2026-09-30,MELI,2.083901435162176,-0.01201412186254025,-0.003215562486565293,-0.01201412186254025,0.01201412186254025
2026-08-06,LLY,2.083473470133012,-0.0007257107140909991,-0.0033740448454464556,-0.015401708272067882,-0.014687174742685327
2024-07-22,DIS,2.0826503284487115,-0.0001062360565176057,-0.0014767494802021552,0.005178061925393607,-0.005178061925393607
2025-11-04,CRCL,2.082636873846142,-0.020197808072707657,-0.007397601863520009,-0.01910814419225626,-0.010585669781931317
2026-03-16,META,2.0815798856883374,-0.010483373654001205,-0.002919690716759127,-0.010045084236336321,-0.007150201692636249
2025-11-13,SPOT,2.081259421810896,-0.028341539570073238,-0.003380573521590713,-0.021222866561321108,-0.023445710440561762
2025-12-10,CVX,2.0807490361927425,0.010950123522734723,0.010950123522734723,0.01115266461867237,0.01115266461867237
2025-02-25,T,2.08065704913458,0.008373650911797648,-0.0014889414641927612,-0.006103199556130923,-0.014425744405400454
2025-11-10,CRWV,2.079933361367361,0.022876421111008405,-0.007549542471577686,0.026206705969049393,-0.026206705969049393
2026-03-18,RKLB,2.079795471549325,0.06474626463857858,0.06474626463857858,0.06675621222296846,-0.06675621222296846
2025-09-12,MU,2.0794269790745887,0.010282776349614275,-0.0034387394417920714,-0.014341590612777066,0.024771838331160145
2025-06-10,CVX,2.0792690911056297,0.0012572466298805818,-0.0017493489258523232,0.0016770316539722607,0.0016770316539722607
2023-10-12,F,2.0791413508488215,0.0016694490818029983,-0.0027396255664202673,0.007556675062972307,0.007556675062972307
2023-11-13,PANW,2.0787068324660405,-0.01195156471143255,-0.003089164963044455,-0.011772019114961618,-0.006837872489218633
2024-12-10,XOM,2.0786324563031564,-0.01226775713396755,-0.0016978334582120613,-0.009083255793344902,-0.0012849483805219553
2025-11-06,BAC,2.07737111622766,-0.005432746346946349,-0.0018981159342719156,-0.0016831868337384703,-0.0028053113895641912
2025-08-11,CRWV,2.0767933790662245,0.017988493190590704,-0.0064150254377476346,-0.05291005291005302,0.07185031822712995
2026-02-02,SOFI,2.076687977864991,-0.02592087312414737,-0.005067205872799407,-0.019200361418567846,-0.0029365258640162706
2024-03-06,TMO,2.0764874818892007,0.0016925055852683446,-0.0014250171668424017,-0.003907975668603791,0.005607095524518435
2026-04-30,MA,2.0764657911027435,-0.005800116002319999,-0.002163757560865509,-0.008998473827126152,-0.0032505500168473755
2025-07-16,C,2.076037336987112,0.0027140799822752415,-0.0019216556679169106,0.005468404772425828,-0.005468404772425828
2025-07-17,MU,2.075827461810198,-0.019719070772555414,-0.003887769802680685,-0.016059572940965383,0.016059572940965383
2024-07-01,MARA,2.0758034076082588,0.05988727101925795,-0.006710863584513116,0.06404549484127742,0.06404549484127742
2026-08-03,APP,2.0754780434030717,-0.033341658341658365,-0.005223153632082367,-0.030446423012265855,0.011331797521947573
2024-03-26,ZTS,2.075310107926703,0.007782567049808287,0.007782567049808287,0.008435536942865696,-0.008435536942865696
2025-05-22,FSLR,2.075276823098661,-0.015453886068905076,-0.007737397573118532,-0.009293920227184671,0.009293920227184671
2026-01-12,VZ,2.075211161284164,-0.0006271165182490934,-0.0006271165182490934,-0.005929851122886687,0.005299015897047621
2025-01-31,V,2.0751033867753934,0.01287566038280541,-0.0014279445546514502,-0.00605480457537888,-0.01885250535078742
2024-04-22,NFLX,2.07497407621739,-0.014418579054537473,-0.0034912248978618,-0.0060582905796309205,0.009005567077829957
2025-11-04,SHOP,2.074600697447429,-0.032319618366129954,-0.0037523511372348217,-0.02033877636522019,-0.02830742817196108
2024-12-16,ANET,2.0742680197659715,0.010755486165322292,-0.003460075833612075,0.015600488059961615,0.015600488059961615
2024-04-30,ETN,2.0740102192152245,-0.01084435340542822,-0.0024618403556260215,-0.007225783045108236,-0.03779175232797194
2024-12-04,DDOG,2.0737480741019234,0.035089910089910026,-0.0036192245254745847,0.03774647887323934,0.03774647887323934
2024-06-13,ANET,2.073372745919235,0.022218798151001584,-0.002920713185119883,0.02270667178055974,0.02270667178055974
2024-11-04,SMCI,2.0733543747859877,0.041866987179487,-0.015128176510989078,-0.02337023370233693,0.06621566215662145
2026-03-06,COST,2.0733049875300593,0.021653170734202476,-0.0019679736809220527,0.024026087224028103,0.024026087224028103
2024-04-22,MARA,2.0723871147184076,-0.04993983152827908,-0.008279525528622989,-0.0442848593656493,0.05086774386594839
2025-05-08,AMGN,2.072067570782774,0.005434782608695565,0.005434782608695565,-0.010498001270220714,0.01598983823364586
2024-05-02,BABA,2.0718449913478305,-0.006444960041247727,-0.0021834603911170536,-0.005001923816852605,0.030845196870591174
2025-06-11,KLAC,2.0709004969094655,0.0073530260530294544,-0.002717115450259544,0.008943931630255753,0.008943931630255753
2026-02-13,LIN,2.0708096275402887,-0.00178438044650997,-0.0019281001387193575,0.004153534678883686,0.004153534678883686
2026-08-06,ANET,2.0707377133242053,-0.010598343365745722,-0.005696907224072012,-0.018390443256837363,0.007597191658807345
2024-11-11,TSLA,2.070533962457207,-0.02219040801717964,-0.004616539523468632,-0.02078853046594986,0.0053711827956988145
2024-05-31,ADBE,2.0696197880689584,-0.010014988418040716,-0.002556058954444218,-0.006962132789947395,0.006962132789947395
2023-11-10,DIS,2.067804776484684,0.004062288422478022,-0.002453469065351266,0.00942760942760934,-0.00942760942760934
2023-11-30,DDOG,2.067030665746631,0.01387596243336997,-0.002567826622992042,-0.009885230795007138,-0.023624026137220477
2026-01-27,CRWD,2.0665567781886223,-0.021060153852620944,-0.003380499990992103,-0.018640833700278803,-0.0002516198024784533
2026-09-14,SMCI,2.065617401102699,-0.02443559096945558,-0.005901157275659319,-0.02309782608695654,-0.0019021739130434812
2026-05-27,CRWD,2.0655366192905222,-0.02218181818181819,-0.004285636363636436,-0.019150100310049267,-0.019150100310049267
2025-12-12,TMUS,2.0654026433914634,-0.007376131854715751,-0.0022652427946456832,-0.005478963329171083,-0.005478963329171083
2026-03-25,GLW,2.0651339468948264,-0.026707234617985187,-0.006201511639138291,-0.02545528400243735,-0.009004129713628184
2024-09-12,HD,2.064241028100867,-0.008161616161616037,-0.0018252717652718076,-0.008161616161616037,0.008754208754208737
2025-10-02,NFLX,2.063988921325849,-0.015583484827296878,-0.0022652238947600267,-0.012349551103618683,0.012619629469905913
2026-06-26,FLEX,2.063841221004635,-0.02172927461139884,-0.006656633974833515,-0.01267813583258448,-0.05969957632558742
2025-01-29,CRWD,2.0636930381138328,0.0061343548912090595,-0.004029366212044749,0.008460088108015684,-0.008460088108015684
2025-08-13,BMNR,2.06363323664452,-0.041858901937131376,-0.010368294378295895,-0.02965339824624491,-0.10521511379899218
2025-07-09,BABA,2.0631404561577016,0.0063157894736841635,-0.0023783868762816684,0.008876586809201004,-0.008876586809201004
2025-06-25,AMD,2.06280873996507,0.015220161404502441,-0.0037364737768249556,0.017308647229907104,0.017308647229907104
2025-08-11,CSCO,2.0619030854983795,0.014498815000697163,-0.0016639083069447391,0.016692168590902834,-0.016692168590902834
2024-06-03,TGT,2.0617444997928493,-0.0006531252041017677,-0.002972190861845414,0.001767709833704112,0.001767709833704112
2025-03-10,NFLX,2.0612547054247408,-0.017188480182492083,-0.004177538799951197,-0.006734528669112505,-0.005115485971167177
2025-10-24,CRWD,2.0611031291854376,-0.012751953928424653,-0.003231602621976859,-0.009380863039399667,-0.011031894934333986
2023-11-09,HD,2.0609401593333834,0.009563781477913924,-0.0015772695551317106,-0.00574634012860864,-0.015255164865234816
2025-06-11,IONQ,2.0607788250590784,-0.04678217821782171,-0.011840701909476614,-0.03474431123073174,-0.026669929043308005
2025-03-10,CVX,2.0604805053809705,-0.006007335272543268,-0.002194371172017484,-0.005126582278481062,-0.002341772151898791
2026-06-23,IBM,2.05988476646201,0.006343056821634718,-0.005070394908191167,-0.00966405890473987,0.01606841540113524
2025-10-16,SHOP,2.0596230495239287,0.024672897196261756,-0.004559096573208743,-0.01762761659933898,-0.041865589423430105
2025-10-02,PFE,2.058993123472122,,,0.0016638935108153063,0.0016638935108153063
2024-08-20,DXCM,2.058975297814184,0.024651661307609873,-0.004594893584443316,0.024782317481580773,-0.024782317481580773
2026-04-09,PLTR,2.0581832734832486,0.032116896602877754,0.032116896602877754,0.03269088213491478,-0.03269088213491478
2024-12-10,ELV,2.0579234109157127,0.004748289594608379,-0.0023577464223716316,0.00715613619578781,-0.00715613619578781
2025-11-19,TXN,2.056740156108856,-0.004217402333840825,-0.0026793822932521527,0.001051960471788238,0.001051960471788238
2025-06-26,SMCI,2.0565380917304035,-0.017989417989418,-0.005252441421012888,-0.007033248081841359,0.04944586530264283
2025-04-22,VZ,2.056360602665869,0.007231163984138256,-0.0033136392415609173,-0.02193087008343242,0.029320619785458746
2026-04-21,LLY,2.056295785816665,-0.012295036033309836,-0.0032503342347665054,-0.012295036033309836,0.012295036033309836
2025-11-03,CSCO,2.055946075990161,,,-0.006759497093416167,0.006759497093416167
2024-07-22,MSTR,2.055755528632623,-0.017901611089038094,-0.0061393340597476476,-0.010181008264649849,0.01632579226446884
2026-09-04,SNOW,2.0556727835381894,0.03208586844219952,-0.004979102776456745,0.03424775213332576,-0.03424775213332576
2024-09-09,ARM,2.055630652264555,-0.018853598014888284,-0.005948647051872813,-0.011906678715189356,0.032161340671978955
2024-02-20,AXP,2.0554915442991253,0.0025943396226415505,-0.0016110747978437256,0.003209515268796981,0.003209515268796981
2026-03-25,DELL,2.0554910854243387,0.011597229855996538,-0.004251319116192143,0.01215354157501114,0.01215354157501114
2026-01-02,APP,2.055410070457265,0.05030181086519114,-0.0044654173678932985,0.059174388703762903,-0.059174388703762903
2024-11-07,PLTR,2.055169211646215,-0.01686190983315594,-0.00382099751508691,-0.010185847033595485,-0.0016082916368835853
2024-12-10,IBM,2.055113895516931,-0.007056451612903247,-0.0020967741935482564,-0.001269424381702744,0.014488947253228357
2025-12-18,GEV,2.053794371996014,-0.014677387364020578,-0.00588184310845008,-0.007307963255899663,-0.017130051556779158
2025-02-14,XOM,2.0534667021478334,-0.008057870158410307,-0.0021850759349614224,-0.0043198529411764275,-0.005330882352941213
2024-04-11,NKE,2.053222451815682,-0.0008145975887909884,-0.002532095144998414,0.0031076218514884957,0.0031076218514884957
2026-05-28,NBIS,2.0530737880941143,-0.031418994413407786,-0.00905715562649645,-0.023596203317661546,0.0034595937195067705
2023-12-07,SQ,2.0522997676968475,0.01078966789667879,-0.0029018871903006005,0.01243347131874617,0.01243347131874617
2024-04-01,UPS,2.051347030843917,0.004586846543001677,-0.0024665863647315156,0.008199475771221154,-0.008199475771221154
2024-04-02,PANW,2.0513441998860005,-0.006665930099804873,-0.002593394047487596,0.0014977168949772413,-0.0014977168949772413
2025-10-08,AAL,2.0510270499675447,0.004255319148936287,-0.0029422492401215417,-0.013813751628573234,0.018127852699333147
2025-09-18,BMNR,2.049823343552617,-0.04229413649471325,-0.006760642193436195,-0.03906124417296253,-0.03906124417296253
2024-04-08,UBER,2.0496221032582227,0.0023929805902684897,-0.003124169103961627,0.003651331076146791,-0.003651331076146791
2024-11-22,TXN,2.0490988994755894,-0.0007061736944998787,-0.002887286299170344,0.00030316810671515704,0.00030316810671515704
2024-02-15,MSTR,2.0489952954570736,-0.027164345740866902,-0.005527809975771514,-0.01594501243083668,-0.08080939981206525
2025-12-10,KLAC,2.0487873433986508,-0.009421352893235424,-0.0032159273489347218,-0.0028200606272399398,0.00657472347964605
2025-02-28,NVDA,2.0487262966688506,0.05616554054054057,-0.005093804295366766,-0.00586186390281207,0.06235663919802903
2024-08-21,TXN,2.048722671446152,-0.021510096575943827,-0.003243234109564286,-0.017490656119446113,0.012195021228694092
2024-03-08,NVO,2.048313627287775,0.0044896737503741235,-0.0028517285243938595,-0.005345412486919443,-0.009811087079166114
2025-05-23,CRWV,2.0473291812332644,-0.008011583011583001,-0.009359135410921038,0.0032762431370711997,0.0032762431370711997
2024-09-30,NXPI,2.045959293695936,0.004818722264087638,-0.0031435000777503275,-0.009722691917483983,0.014588265133581357
2026-04-16,CRM,2.045645813056157,0.0035996851100135174,-0.003959759641935179,0.010103768432550453,-0.010103768432550453
2025-04-08,GE,2.045425685592113,0.037159090909090864,-0.004517041396103982,-0.007500140980093661,-0.04438053346867421
2026-02-17,TMO,2.0447267139731475,-0.015769386285860776,-0.0036095030522983462,-0.013131872478443163,-0.007950320386045373
2024-09-27,SMCI,2.044596552397685,0.021133700770157304,-0.00753787780031534,0.02972571075219732,0.02972571075219732
2026-08-14,MSTR,2.044506019383412,-0.019189536878216007,-0.005685731132075489,-0.007844800169617194,-0.013357362450970078
2026-04-24,SNOW,2.04360021730691,-0.01205254041570436,-0.006711971090399116,-0.002932341582033926,0.002932341582033926
2023-11-08,OXY,2.043267122618015,-0.014857881136950968,-0.0024691768180140627,-0.010864277606615902,-0.008269823252797237
2026-04-22,ADBE,2.0426924468194496,-0.013182897862232812,-0.0036638926592014176,-0.013182897862232812,0.013182897862232812
2024-06-03,ARM,2.0426329306161257,-0.03699862093133677,-0.0046614107623229595,-0.030171734677800544,0.0016543248778950748
2025-11-10,HOOD,2.042196503464577,-0.026076278532216057,-0.0063680139926527435,-0.023996525389988754,-0.01646820369901192
2026-04-21,ABT,2.0421316556150098,0.0204372623574145,-0.0025469249803851124,0.022089835512442035,-0.022089835512442035
2025-08-20,TSM,2.0420837291340797,-0.006116611661165949,-0.002792940436900926,-0.005320318339708807,0.005144440047487153
2025-02-10,TMUS,2.0411565353118517,-0.01199002809544547,-0.0023053584854462184,-0.008120466729738318,0.008120466729738318
2024-08-16,CSCO,2.0409281850155567,0.005385084332452772,-0.0026781287194821424,0.0064076484947113155,0.0064076484947113155
2026-02-26,GLW,2.0402630584856385,-0.028080337467732863,-0.004854012825932452,-0.004744433198380582,-0.04908906882591102
2026-05-22,WMT,2.039616546910565,0.004635377866070711,-0.0026387361500348483,0.008001979871308351,-0.008001979871308351
2026-01-30,NEM,2.0394882183805767,-0.029126213592232997,-0.0037305439975342525,-0.024186822351960013,-0.06330275229357796
2024-02-27,MU,2.038455926305883,-0.01059761826723471,-0.002909233506578568,-0.004351136734471961,-0.0008702273468944588
2024-03-05,JNJ,2.0376730097977114,0.00268079800498755,-0.0012844584966156258,-0.0032314193388017776,-0.0059035545612725615
2024-08-01,ETN,2.037640503848367,0.0023220595658757226,-0.004079858657243807,0.0034279746313030657,0.0034279746313030657
2023-10-12,NFLX,2.03759686069574,-0.010735737776207288,-0.002853454267310096,-0.006849521245009038,-0.011539924526649648
2024-10-02,UNH,2.0374868271626343,0.0009782755363649809,-0.0016042754978120577,0.002559698225051532,-0.002559698225051532
2024-08-07,VRT,2.0363817056747404,0.04891150692677404,0.04891150692677404,-0.005482918599746922,-0.05412624771545049
2023-11-27,UNH,2.036378695495236,0.005577805819205861,-0.0012643448886660025,-0.0036442484648603335,-0.009201727373772228
2025-06-03,HOOD,2.0362067505161976,-0.013022519605726979,-0.004477506089852312,-0.011310285958173294,0.020344287949921602
2024-06-06,ARM,2.0360694837569504,-0.019714579961747858,-0.004768080455663237,-0.01948521134118475,0.008836847224817923
2025-12-12,CVNA,2.0360418560877958,-0.011533613445378177,-0.004332623049219664,-0.00953603907039402,-0.04149124284270789
2023-12-18,SMCI,2.0359012065284365,0.03566140971998699,-0.004772771161892453,0.04817746506400855,0.04817746506400855
2024-04-10,HD,2.0357751803077897,-0.0074273564847625595,-0.002049822820694547,-0.005625784376456444,-0.005313382800702815
2025-11-17,BABA,2.0354813749021314,-0.01035131744040152,-0.0035733912887614405,-0.007799232656141908,-0.007799232656141908
2025-10-31,GOOG,2.035457531557606,0.004098939929328749,-0.002730855628470641,-0.004257064936865285,-0.008338555412742643
2026-09-23,NKE,2.0350183267885376,0.00510485651214132,-0.002489336959949462,0.009499791213379849,-0.009499791213379849
2025-06-09,IONQ,2.034718870723047,0.01001483679525228,-0.011089782040412555,0.014401772525849399,-0.014401772525849399
2024-08-29,MELI,2.0346921788455807,,,-0.004310001195838575,0.004409654402678598
2025-05-29,AMAT,2.034459624490825,0.027564337114282078,-0.0031615528026065487,0.029930648497384027,-0.029930648497384027
2025-12-02,APP,2.0343743466341837,-0.0072373422533069665,-0.005385772931644883,-0.0055952211794478846,-0.0055952211794478846
2025-04-30,MA,2.0339165586033014,-0.0090162162162164,-0.003096881906537119,-0.006436811526841835,0.01571926562863135
2025-05-05,HIMS,2.032482476793496,-0.049938195302842825,-0.007961451527458863,-0.0476073014306857,0.03453379378391719
2024-12-17,HON,2.0324622127870975,-0.009192393487657435,-0.0018445913785130053,-0.0025674399498121225,-0.018685158187789264
2025-07-08,NEE,2.031489645407183,-0.012569832402234749,-0.0029279828411812314,-0.002974337691084017,0.002974337691084017
2024-05-03,FCX,2.031021618157501,-0.02399837299166152,-0.0035314651791160667,-0.023790158601057376,0.025823505490036647
2024-02-01,INTU,2.031009743617658,-0.014796732552811664,-0.0018537864783302327,-0.009087865308269771,0.009454568645270278
2025-11-04,COST,2.0301802202007915,-0.006116207951070374,-0.0015871406344607486,-0.005172460000535839,0.008667220539758214
2024-02-21,WMT,2.03015488079206,0.0012660258345162934,-0.0015182207433577233,0.003071535440594797,-0.003071535440594797
2024-04-04,PLTR,2.029942450901837,0.04299702000851413,-0.003980356382655259,0.05307497893850033,-0.05307497893850033
2026-07-24,VZ,2.029331231899382,0.021452145214521323,0.021452145214521323,0.030750444049733483,0.030750444049733483
2026-02-06,IREN,2.0292732430805946,-0.06091492374756391,-0.017184045250031366,-0.0498434237995824,0.09081419624217113
2024-02-08,PLTR,2.0292493082471013,-0.0181743081371335,-0.005147548238626287,-0.009583333333333388,0.02124999999999999
2024-03-28,PG,2.028767869351431,0.001231830500123321,-0.0009526757118221152,0.003992383760211271,-0.003992383760211271
2026-06-25,GLW,2.028181334868704,-0.03569351880842686,-0.007236126109432028,-0.03314198582832539,0.023724100816216787
2026-03-25,SNDK,2.028028557517168,0.03491656361165818,-0.00803675955794314,-0.005780330843822679,0.04089872374508574
2024-02-08,CMG,2.0274048476237496,0.020084266515265847,-0.0019612295056599116,,-0.020084266515265847
2026-01-06,UBER,2.027334147987035,0.017003567181926416,-0.0022235518940038057,0.021863799283154073,0.021863799283154073
2024-01-04,MDB,2.0273213271864283,-0.006279133534411785,-0.003668800188021404,-0.007736943907156624,0.0014092290688036968
2024-06-10,MRK,2.0272954507981233,-0.004271874284842547,-0.001735715920359926,-0.003967951163678096,0.003281190385348909
2024-05-03,HD,2.027265108313444,-0.006665308379660728,-0.001558609391307253,-0.004666355576295023,0.00026248250116678307
2023-10-18,NVDA,2.027261189099368,-0.014581449799476065,-0.003517249030497438,-0.014078626927983229,-0.021291893772468984
2025-10-15,JPM,2.027023044215368,-0.011322822949317968,-0.002083106522276723,-0.009347003460655201,-0.010446650926614787
2025-11-11,CSCO,2.02695009237791,-0.0009765625,-0.001980299346300951,-0.0019493177387912564,-0.0009746588693956282
2025-07-25,BMNR,2.0261379843200893,-0.040442620541082386,-0.04315662156212263,-0.014380347103397861,-0.028110486433634785
2025-11-12,GE,2.025970112118977,,,-0.011621435820211357,0.011621435820211357
2024-07-10,MA,2.0257583752409465,-0.0006230098297106412,-0.0015224316502180368,-0.00769336447314195,-0.00707514768512163
2024-01-11,MSTR,2.025454363505569,-0.031181753994187322,-0.007362335124687092,-0.02699831365935923,-0.09593591905564924
2024-10-28,GOOG,2.025059709109172,0.0034925708873497774,-0.0016840069005759073,0.004376626449018262,-0.004376626449018262
2026-03-06,CVX,2.0249398182892584,,,-0.00812838682784478,-0.010525218841183737
2026-02-05,HOOD,2.0248152930554073,-0.018488033430416495,-0.007116518026737184,-0.016370558375634392,-0.07779187817258881
2024-12-13,MU,2.0242784691800506,0.014545814367702414,-0.0039092547567216585,0.015651312530955863,0.015651312530955863
2026-02-25,GLW,2.024257791058018,0.032633882595262564,-0.004870020781226891,0.0353662471765086,0.0353662471765086
2025-11-07,HOOD,2.0240495979586433,-0.03064066852367686,-0.007151652583038848,-0.030355349739298765,0.06778558780216515
2026-06-11,BABA,2.0240049691343476,-0.010767160161507472,-0.0035986348779081245,-0.009389460442966957,0.012534255806639916
2024-03-11,AMAT,2.0235374493880904,,,-0.01602610360499024,0.01602610360499024
2024-11-19,NOW,2.023394067819095,0.016985074626865604,-0.0022743283582089546,0.01865749738376432,0.01865749738376432
2024-02-22,ADI,2.0225684771039036,0.01478970882760744,-0.0020700457043085763,0.018820641333810673,-0.018820641333810673
2026-07-16,GE,2.0223878902112844,0.0017042172154823065,-0.0024858649005530253,0.011667476908118535,-0.011667476908118535
2026-08-18,META,2.022306738649404,0.011041583293920798,-0.004071935304481578,0.012353080095191538,-0.012353080095191538
2025-06-02,F,2.022240157719401,0.02013752455795681,0.02013752455795681,0.02013752455795681,-0.02013752455795681
2024-08-21,QCOM,2.0221824112835574,-0.011120664946976166,-0.004400515907136748,-0.006908065166081445,0.0028207932761497023
2025-05-28,PDD,2.022141275921255,0.015392354124748486,-0.005485929864903705,0.02051641313050434,-0.02051641313050434
2025-06-05,HOOD,2.021620959006254,-0.0312999467234949,-0.003947979298272397,-0.02974919957310551,-0.03241728922091769
2025-10-10,CVX,2.021411223814726,-0.009456421108319013,-0.0017721437073705548,-0.00418354472408522,-0.010956902848794803
2026-07-15,BABA,2.021088210524878,-0.013411567476948827,-0.003167285355047289,-0.010674960073968176,-0.010674960073968176
2026-09-09,TMO,2.0208986249569585,0.004074939124384835,-0.0029644732514085836,-0.006796027450947761,0.010898659973482827
2025-09-12,SNPS,2.0205530735188977,0.021081511540394615,-0.007189732682961747,0.0347170417845839,-0.0347170417845839
2025-11-10,PFE,2.0205352624874937,-0.010856453558504175,-0.0018266126716066644,-0.009462452184417103,-0.017918260519428242
2025-09-18,HD,2.020490502120269,-0.005359695092901351,-0.001512837745865414,-0.0005744512793508516,-0.0005744512793508516
2024-03-07,PLTR,2.0203184905482203,-0.0276967930029155,-0.004464806330695459,-0.01911764705882346,-0.026838235294117663
2024-10-04,BAC,2.019326858876179,-0.007968127490039723,-0.001716882470119585,-0.007968127490039723,-0.0009960159362549792
2025-09-25,MRVL,2.0187087477420387,-0.013881681370005339,-0.003562263696345047,-0.011781460383221365,0.08505955463490422
2026-05-27,VRT,2.018429618355429,-0.027273603392334866,-0.006534673685080206,-0.022608806881775356,0.022608806881775356
2025-07-17,COST,2.018281417956016,-0.006143899081842985,-0.0015095715393198539,-0.005311525166512121,0.005311525166512121
2025-11-10,LLY,2.018043998499363,0.007281401695868661,-0.0029262745057189177,0.011199882877041878,0.011199882877041878
2025-06-24,AMD,2.0180016694334455,0.0250943815234288,-0.0036528028933092704,0.02897904592064182,0.02897904592064182
2024-12-19,GS,2.017996692771944,-0.010822549036916707,-0.0019997213023378313,-0.00721183662620728,-0.01901302383272796
2024-09-18,COP,2.017895960150253,-0.00183297424188833,-0.0022249603446228283,-0.0004600239212438906,-0.0004600239212438906
2024-01-30,GS,2.017623959098305,-0.009208484221417512,-0.001982852339073249,-0.00913159324313828,0.0007243190107872888
2025-01-31,INTC,2.017428128240828,0.02066532258064513,-0.003911650345622242,-0.01684836471754214,-0.03716551040634286
2025-12-09,XOM,2.0171123481066666,-0.002867020828063116,-0.0019135014997651023,-0.0019412559081701808,-0.0019412559081701808
2025-05-02,CVX,2.0164957138999466,-0.013858497447118978,-0.0025566322809211783,-0.0068096203998840865,0.002535496957403627
2024-01-25,RIVN,2.016462572829074,-0.004018754186202234,-0.006693139412496496,-0.017439947351102325,-0.013491280026324493
2026-03-17,APH,2.0153658621959787,-0.02172842978693479,-0.004550694646749842,-0.019660348107955694,-0.04770629272073856
2024-08-16,TXN,2.015256568305388,-0.0011481629392973147,-0.0032993603092195123,0.002635766858961608,-0.002635766858961608
2024-07-23,CMCSA,2.0149311306304827,-0.015287295730100237,-0.002039366669176923,-0.01475237091675452,0.01475237091675452
2024-02-27,PFE,2.014507725535207,0.0005574136008918984,-0.0020653501088283566,0.0020408163265306367,-0.0020408163265306367
2024-01-04,BABA,2.014489047996075,,,0.004798720341242291,-0.004798720341242291
2025-07-07,TSLA,2.0140737062765894,-0.018133420852622262,-0.0053695107145326215,-0.01351158951784881,0.01110805419905092
2024-09-16,DIS,2.013359595278246,-0.002497556737973805,-0.0014668569567038992,0.0015919052707329406,0.0015919052707329406
2025-03-06,SBUX,2.0131963101226518,0.027211511853150072,-0.0020889150974474635,0.029890699424336864,-0.029890699424336864
2025-05-02,SPOT,2.013011144099176,0.013476026857484946,-0.00481901707188559,0.020812827432925785,0.020812827432925785
2025-07-22,GEV,2.012887624711732,0.008042846932590164,-0.003361109998177625,0.011129349374988662,-0.011129349374988662
2025-09-09,WFC,2.0128794943342814,0.005104581673306852,-0.0020494272908365696,0.010008757662955059,0.010008757662955059
2025-07-15,JPM,2.0127723584865147,0.006354607958886205,-0.0017732233389224916,-0.004080785724166591,-0.010409461889611449
2024-09-17,ACN,2.012681549677434,0.045814703718376815,-0.0016430835280516476,0.04594969300851659,-0.04594969300851659
2023-12-07,MDB,2.012656108748786,-0.017791865845241395,-0.0045140414047977195,-0.0056039690496387795,-0.012287601861134645
2024-07-09,NOW,2.012433726301913,-0.011719186960841732,-0.002318480444364557,-0.009287598944590969,-0.018905013192612063
2024-05-29,INTU,2.012261785221421,-0.01306580715363237,-0.0025222707536716182,-0.012308606124604049,-0.012308606124604049
2026-05-22,IONQ,2.0114835155281288,0.03699647489647151,0.03699647489647151,0.042260442260442455,0.042260442260442455
2024-05-16,DHR,2.0108687227611206,0.007106753315851533,0.007106753315851533,-0.0029348986125932175,0.010062509528891539
2026-03-03,KLAC,2.0107152029667654,-0.027060560901434272,-0.003774303304469151,-0.02412226181597199,-0.004751249965470494
2026-03-10,BABA,2.010571164873761,-0.008016032064128265,-0.0031848670886747144,-0.006156513235392014,0.013787329880944332
2026-01-26,NBIS,2.0101231750490065,-0.03413274952731604,-0.007764162745404701,-0.02048642648097687,-0.0771016247855485
2026-08-28,CRWD,2.00940224641977,-0.000595510765002194,-0.000595510765002194,0.0016454134101192563,-0.0016454134101192563
2023-10-09,XOM,2.009321560544048,0.003891754909946643,-0.002442761465161647,0.004346251358203546,0.004346251358203546
2026-08-18,CBRS,2.008994826163407,0.03757111597374185,-0.010770240700218814,0.054329961719961406,-0.054329961719961406
2025-03-19,GILD,2.0089511803336126,-0.002143922445935864,-0.002626131884521099,0.004214328717639937,-0.004214328717639937
2025-10-15,ASML,2.007636406882781,0.010764062331658497,-0.002706662161235718,0.013267160358740981,-0.013267160358740981
2025-10-07,SMCI,2.007362583007967,-0.019264448336252182,-0.004249662246685104,-0.016422235883024494,-0.03266883287959954
2026-01-22,SHOP,2.007160354249105,0.02548492142149228,0.02548492142149228,-0.002682857949731665,-0.028099406947190042
2023-11-02,PANW,2.0065586439221526,-0.002112647985012206,-0.0031579588745451748,0.0012798976081913604,0.0012798976081913604
2023-10-09,LLY,2.006546760492968,0.0006299543283112552,-0.0022260098642847836,0.006760682406380392,0.006760682406380392
2025-06-03,CRWD,2.005547847421135,0.010816959669079695,-0.003184358103117124,0.011737672338839822,0.011737672338839822
2024-02-16,ADI,2.005139832967725,-0.009275547737086276,-0.002144456375225756,-0.007617838438343072,-0.004020525842458822
2025-01-07,BAC,2.0047289830028854,0.004106332396801471,-0.002032186853561324,-0.0035533541509636946,-0.00764509529449775
2023-10-10,SMCI,2.0041889048012105,0.02595298707309812,-0.004633659064181117,0.039597989949748724,0.039597989949748724
2025-11-17,GOOG,2.0035862596050844,-0.018013062908215693,-0.0028747458625938416,-0.017733476561908934,-0.017767862423543113
2025-06-10,LLY,2.0035556169159707,0.020501225273475976,-0.002104068846294105,0.02664167487371727,0.02664167487371727
2023-10-30,ABBV,2.003541207716539,-0.0119760479041916,-0.0019776990868759503,-0.00831644419596056,-0.00831644419596056
2025-07-21,FLUT,2.003537655074601,,,-0.009914541327279869,0.009914541327279869
2026-03-13,MSTR,2.0033391404757284,-0.01942085479604616,-0.006253341222330677,-0.002603533863297147,-0.030096851459714746
2025-08-01,HOOD,2.0032253298551446,-0.04131175468483805,-0.0051167102701388245,-0.029763101840201367,0.051769286736377484
2026-06-16,SATS,2.0025031464200334,-0.02521218172740891,-0.008079065924922135,-0.022772772772772676,0.009092425759092526
2025-05-28,TEM,2.001491479947246,0.12302105979716527,-0.01060870887919152,0.13004578155657287,-0.13004578155657287
2026-03-06,ASML,2.0001554730571347,-0.013113672194859594,-0.00391432737651487,-0.01279847182425975,-0.01181279847182426
2026-03-09,RTX,2.0000101261452228,-0.001828153564899404,-0.0028746305892701773,0.002108491470193541,-0.002108491470193541
2026-04-10,AVGO,1.9999692736173489,0.0010640877131544713,-0.003269181479870875,0.005819382604106194,0.005819382604106194
2026-10-02,MS,1.999968280515539,-0.002933780385582563,-0.002661773290623781,-0.0005776400777188773,-0.0005776400777188773
2024-03-06,MSTR,1.99958355751641,0.03419087136929466,-0.009013604030823963,0.03942682224983951,0.03942682224983951
2025-11-13,SNDK,1.9993517991682512,-0.04004967401428128,-0.008719829689094016,-0.023491028604664788,-0.06995981270114182
2024-06-10,XOM,1.9986665152207355,-0.005755268284044712,-0.00213460370866958,-0.0027373068432671177,-0.0013245033112583293
2025-10-22,ASTS,1.9985354655905214,-0.0018245614035086177,-0.013158125313283087,0.007922168172342037,-0.007922168172342037
2026-08-05,APP,1.9981495784329435,-0.024149160627465416,-0.004680748489653608,-0.01963076851126533,-0.02274082474950012
2024-06-13,PEP,1.9979847614207935,0.003317972350230347,-0.0017745314900153852,0.005480914704996787,0.005480914704996787
2024-05-13,ASML,1.9975687048303055,0.004916895254410081,0.004916895254410081,0.004916895254410081,-0.004916895254410081
2026-02-13,BABA,1.9972554894619015,0.005425655600051593,0.005425655600051593,0.0066285123031655235,0.0066285123031655235
2025-01-10,AMD,1.9966525992526079,0.007106164383561597,-0.003958341487279915,0.012693574888686499,-0.012693574888686499
2024-08-08,DIS,1.9966114950787544,-0.012956139308213599,-0.002972440610619742,-0.011753531995725819,0.020657722901578968
2026-05-28,META,1.9964835681071527,-0.004825033221540043,-0.002103986810822578,-0.0033092445602809217,0.0033092445602809217
2025-08-18,META,1.9964254110653379,-0.009511906328114828,-0.0031104384761404535,-0.002508459518428152,0.002508459518428152
2026-09-10,AAPL,1.9962374989689107,0.017874156290642818,-0.0023041832276330387,0.022432179870675695,0.022432179870675695
2025-06-09,TXN,1.995898917438018,0.01101746547522331,-0.0023931617732388943,0.01101746547522331,0.01101746547522331
2025-01-22,NOW,1.995289390865084,0.004760628795998478,-0.002247390649721903,0.006468640959112371,0.006468640959112371
2026-03-03,INTC,1.9949764717447953,-0.007823285780027667,-0.005158963907698322,-0.024275276926702727,0.016262078717888206
2026-07-15,JNJ,1.9944991775496237,-0.033630493728420086,-0.0025119621224999333,-0.030415125359638306,-0.03286164445227335
2026-01-02,MRVL,1.9941721655323927,0.008576910055298592,-0.003479154239282911,0.00869074492099342,0.00869074492099342
2024-05-29,MRNA,1.9938238557828956,-0.0196456882884124,-0.005744970408374295,-0.01252652474502014,0.01252652474502014
2024-10-02,BABA,1.9933476509103012,-0.010392199349945841,-0.003328902646649201,-0.0006582878790901692,-0.0005993108359041432
2025-03-10,SPOT,1.993316121432925,-0.012779426310583597,-0.0059164801469548944,-0.00839577857114826,-0.04035073953470125
2024-10-24,TXN,1.9928411820829097,0.018685598777301138,-0.002377219487114446,-0.0014911518407332292,0.02020461368304627
2024-06-11,AAPL,1.9927925868654064,0.05619008770140721,0.05619008770140721,0.0569445861822635,0.0569445861822635
2026-02-06,CRWD,1.992212206239039,-0.022357148370166446,-0.004886891132485305,-0.016664941517441245,0.023522409688437884
2025-09-22,AAPL,1.9921969790920693,0.020360188062793716,-0.002036778684698759,0.02442146528791711,0.02442146528791711
2026-06-05,COIN,1.992153396294255,0.02437464013818691,-0.006762678560004343,0.05703422053231799,-0.033586818757921466
2023-12-04,ABNB,1.9917203740788554,-0.01378547733136748,-0.003119730398610021,-0.012721414454797686,-0.013090407796681913
2026-05-21,NVDA,1.9914830536887165,-0.02993616552938594,-0.0035593220338983045,-0.029637132288180434,-0.03338030649991197
2025-01-13,UNH,1.9913832872424369,0.0012018119626513446,-0.0019566436429429013,0.007366893626520987,0.007366893626520987
2026-03-02,GS,1.9913381652993922,0.010115573059521266,-0.004015625470949358,0.012429657303304698,0.012429657303304698
2024-05-03,MSTR,1.9899250909966146,0.005147125433387911,-0.009763567528520922,-0.013404172393964853,0.018620290783995186
2026-09-03,DELL,1.9899213915124399,0.04139838120420647,-0.005511823783668435,-0.02150515463917535,0.0637938144329897
2026-03-16,INTC,1.9892375846036519,0.04529325819244401,-0.005267316694993696,-0.011757425742574212,-0.05651815181518138
2024-08-29,MRVL,1.9890712466564437,-0.013696695848630314,-0.004215869205631995,-0.012441679626749802,-0.012441679626749802
2026-08-19,GE,1.9888924479450665,0.02504105090311981,-0.0023966905152865703,0.027250634846954114,-0.027250634846954114
2025-01-30,TMO,1.9886954791153555,0.004322265463277297,-0.002243809366091476,0.00483812174835152,0.00483812174835152
2025-01-29,LRCX,1.9886165880795612,,,-0.008446172409170005,0.008446172409170005
2025-01-21,PDD,1.9885516531044183,0.012515407224803154,-0.0034119383981903173,0.013431166102574665,-0.013431166102574665
2025-09-23,SOUN,1.9879354079640534,-0.02458321559762644,-0.006601945666653064,-0.012974408175104424,0.005711863272272799
2025-06-03,OKLO,1.9879113383306275,0.09920347574221589,-0.009539515878762783,-0.05248713550600337,-0.146483704974271
2026-03-03,BE,1.9870225351712862,-0.021817018554062817,-0.010304030710172829,-0.05508302956662625,0.03206426353449432
2026-07-01,CSCO,1.9865818088167377,-0.013821346301509996,-0.002996422782063912,-0.008648509100296797,0.0072716320296029036
2026-06-10,XOM,1.986454172571089,-0.00811278095491419,-0.0026629775996047655,-0.0043725983834637105,-0.0018550417384390894
2026-02-13,BKNG,1.985961742104087,-0.01815755800907537,-0.004768639618782489,-0.008189691772098273,0.0039326047137884235
2026-02-09,AMZN,1.9858951801734577,-0.029526544437081137,-0.004029365254680117,-0.027937068078223826,0.022692741263539595
2025-11-20,GOOGL,1.9858117772730906,-0.01574118149139081,-0.003233472697386164,-0.010246231247440063,-0.03958371680007178
2024-06-10,WMT,1.9857951301564019,-0.009038867128653427,-0.001405414711832309,-0.004800480048004818,0.004800480048004818
2025-02-28,GOOG,1.9857691639852773,0.008493937086286651,-0.0023957923629881472,-0.010536908778784104,0.01912034570532173
2024-09-17,ORCL,1.985684869252612,0.0016687526074259385,-0.0035116514690982648,0.0023228111971412835,-0.0023228111971412835
2025-10-03,CRCL,1.985212381374672,-0.02684749515637974,-0.007271173539994402,-0.016647256285538203,-0.001301637322737581
2026-01-27,ORCL,1.9851189798346793,0.007942361150507726,-0.004413651135838803,0.01292616843531269,-0.01292616843531269
2026-09-30,APP,1.9850681529588001,-0.023762179359713698,-0.005251122063460567,-0.016815501263689914,-0.021297388374052262
2024-03-08,CMI,1.9848506226017868,-0.001263705630923706,-0.0019363607401703398,0.0011549925484350965,0.0011549925484350965
2024-10-16,FDX,1.984418583916752,0.001178637200736521,-0.0017710812943961818,0.0034701712935616413,0.0034701712935616413
2025-09-24,QBTS,1.9842690937485674,-0.0025325615050650896,-0.006644459375646061,0.010710460549803624,-0.010710460549803624
2024-09-16,ETN,1.983769649870303,-0.01111991024879555,-0.0029560388796183723,-0.009604138180979493,0.009604138180979493
2024-11-25,SNOW,1.983087063766314,-0.017191489361702117,-0.004513860182370766,-0.013300675002136164,-0.022129816866509167
2025-07-22,F,1.9820912937119899,-0.00886132033673015,-0.002656307361225352,-0.015824721852158552,0.006823173585856823
2025-09-08,HIMS,1.9812996743589788,-0.02809655718242976,-0.004958753603934718,-0.02809655718242976,-0.017214087851206927
2024-05-07,SNOW,1.9812544644329555,-0.005694618272841012,-0.0029046397282317393,-0.0028703357044801425,-0.00736303506801439
2026-04-09,MRVL,1.9807197688384675,-0.0006666666666667043,-0.005083446428571392,-0.01308654545086152,0.012411154420560955
2024-05-15,NKE,1.980114305204657,-0.008108108108108136,-0.0018024324324323882,-0.0030362177401865864,-0.005855562784645274
2024-02-01,MRK,1.9792403296383494,-0.012725452506807566,-0.001260428823139037,-0.009273859754872382,0.016114124974884625
2026-08-20,PG,1.9792157049444596,-0.007475600470686072,-0.0017898327878255182,,-0.010175122862878139
2023-10-10,HON,1.9786119961213462,-0.0011825001382623768,-0.0017130898562454089,0.0014472314944868891,-0.0014472314944868891
2024-10-24,AMAT,1.9785760664696272,0.0044406516998853895,-0.003614682903030797,0.013944009439021743,-0.013944009439021743
2026-06-08,LLY,1.9784649473179658,-0.019075543584804455,-0.0031742491120361205,-0.011467101872530638,-0.014018209929565262
2026-03-31,ABT,1.9780649650357163,-0.00929095354523235,-0.002336709745022647,-0.005640377321793233,-0.002333949236604016
2023-10-30,MU,1.9775611187865778,-0.009556517843810619,-0.0028173809168284825,-0.004054054054054013,-0.008108108108108025
2025-08-18,UNH,1.9775417303607463,-0.014234547319784019,-0.004175233201153983,-0.010325298964440677,-0.005788342167368565
2024-04-10,FCX,1.9774853421085865,0.014749850508271711,-0.0026302001765425853,0.017386091127098213,0.017386091127098213
2024-11-13,ABBV,1.977282810415821,-0.0070484068270517675,-0.003494399553961469,-0.010120623712856824,0.0030008826125331733
2025-10-02,LRCX,1.9764828832863885,-0.00554263035445457,-0.002971216446069125,-0.005816524371577425,-0.000306132861662034
2025-12-17,CMCSA,1.9762205135142277,0.02052489905787347,-0.002516679484714457,0.025001520773769714,0.025001520773769714
2023-11-21,DHR,1.97595919272566,-0.0015125126042717651,-0.002029942511425631,-0.00045882083046566713,-0.00045882083046566713
2024-10-14,COIN,1.9755016601476174,-0.021490371197320668,-0.005517168374466808,-0.02092050209205021,0.09556485355648525
2026-05-29,GOOG,1.9752443361454461,-0.012171130288802123,-0.0023958839995352754,-0.011381121663925242,-0.0014856475831697136
2025-11-18,SHOP,1.9751204209384459,-0.015642131423141414,-0.005995128802197103,-0.006463326071169062,0.019680464778504048
2026-08-10,LITE,1.9750478796943225,0.06474373707193748,-0.00936942574777544,0.06573147212783537,-0.06573147212783537
2025-01-21,BABA,1.97499525838554,0.0035017462056636806,-0.0019836532946202468,0.004893964110929683,-0.004893964110929683
2024-01-10,DHR,1.974667315313124,-0.0012213207711768703,-0.0021405827444822556,0.0006530541164178061,-0.0006530541164178061
2024-02-27,PANW,1.9742603545084483,-0.02160566929133856,-0.006605939257592897,-0.010406390223721473,0.0014957196957641195
2024-08-29,ADBE,1.973452471241803,-0.007005070834858018,-0.001974521357500092,-0.0011218426265140469,-0.0011218426265140469
2026-06-03,HPE,1.973292759291051,-0.04654205607476647,-0.006411121495327077,-0.016453718172626197,0.014063792627998728
2026-01-23,AMD,1.9732020711488865,0.005743825387708235,-0.00430889472388607,-0.004308372731432031,-0.01002745157846574
2024-11-25,HOOD,1.9731204751384948,0.025482625482625587,-0.006131697003125547,0.03319713993871287,-0.03319713993871287
2026-08-10,SPCX,1.972213306319694,-0.025419881979119374,-0.007732680543847126,-0.02140165787490589,0.045516201959306946
2026-09-01,TSLA,1.9701000388475731,-0.0012933700725410446,-0.003797957117953832,-0.0001123343068973881,0.0001123343068973881
2026-09-04,ORCL,1.969937631251354,-0.01056584558589524,-0.003927412095256377,0.001634911651889559,-0.001634911651889559
2025-09-08,MSTR,1.9699352163293917,-0.0181593194122196,-0.004900351342393083,-0.016586872586872525,0.019181467181467182
2024-12-18,ACN,1.9699217730190832,-0.008223730138784191,-0.00205927877308254,-0.0068092841163310824,-0.028551454138702526
2026-04-13,NOW,1.9698046198470527,-0.012808349146110176,-0.006603576511249765,-0.00823335685721005,0.04740061162079523
2025-09-22,COIN,1.9694108469661613,-0.022242535039610045,-0.004279533385566303,-0.021308980213089912,0.010167427701674114
2026-03-02,PLTR,1.9693282782755814,0.004638604264746826,-0.004727316335008114,0.009780487041115782,0.009780487041115782
2025-08-13,COST,1.9692937348592652,-0.005485305749298952,-0.0014684763675476553,-0.0021705077145168783,0.0021705077145168783
2025-12-02,IREN,1.969127185144667,-0.03253796095444683,-0.011838394793926232,-0.01810954063604231,-0.09209363957597172
2025-11-18,JNJ,1.9684911402312102,-0.006632658164541172,-0.0015265602114814536,-0.004990481915639777,0.0020288548241658155
2024-08-15,GM,1.967362473439591,-0.004217536071032146,-0.0030139527509117636,-0.004217536071032146,-0.004217536071032146
2026-06-03,DDOG,1.9672893356252308,0.01600094354458259,0.01600094354458259,0.018258840141991417,-0.018258840141991417
2024-01-23,SNPS,1.9662212255385285,-0.011670273169468448,-0.002948349067197098,-0.01109057301293892,0.01467652495378946
2025-03-10,BA,1.9661111045991841,-0.002639593908629445,-0.004467913947304947,-0.0023004059539917243,0.0023004059539917243
2025-08-25,SOFI,1.9660667671040368,-0.027320208919244582,-0.005033231934798765,-0.024233927498497954,0.0474664530342479
2023-10-19,CAT,1.9658206267587794,-0.012341821590376334,-0.002797364251121426,-0.011117612638970042,-0.013770236005461345
2026-08-19,LLY,1.9657429289725308,0.0170555555555556,0.0170555555555556,0.017095916504623165,0.017095916504623165
2026-09-25,TSLA,1.9655252110546138,-0.004915464808513015,-0.0031408431141051185,0.0008861201364088744,-0.0008861201364088744
2026-02-11,ABBV,1.9654663589753405,-0.019114973091015397,-0.0029185446827506567,-0.014784823946865533,0.004230734237103073
2026-07-28,ADBE,1.9654253683789604,0.012595481878758363,0.012595481878758363,0.015095689122159417,0.015095689122159417
2025-05-09,CRWD,1.9653899860363055,-0.015274463007159844,-0.003980886464371003,-0.002632208662359581,-0.017564010528834606
2025-03-07,PFE,1.9652826938910049,0.010586011342154977,-0.0020632173913044394,0.011159447701910352,0.011159447701910352
2026-09-17,GE,1.9649694043565926,-0.014435408200095923,-0.0027650517282518106,-0.007653263905924801,-0.007177506785790766
2025-06-03,F,1.9647770975416154,0.02106318956870612,0.02106318956870612,-0.003987754773221663,0.025134939176669535
2026-05-20,ARM,1.964741220146716,0.06513120179792509,-0.006803599455921017,0.06561734291291166,0.06561734291291166
2025-10-22,OKLO,1.9647125546753403,0.06751612151347997,-0.013940214435552711,0.07032155317184408,-0.07032155317184408
2026-01-09,LITE,1.9645061920490765,0.01320531672577352,-0.00808947570032248,0.01691109168405114,0.01691109168405114
2026-06-02,AAOI,1.9643928201538439,0.010839160839160922,-0.011914688882545987,0.017625021999849055,0.017625021999849055
2025-12-23,RKLB,1.9643892082766925,-0.004067140090380894,-0.007230462049248376,-0.0017471204866053025,-0.0017471204866053025
2025-01-21,VST,1.9634507747422179,-0.018611111111111134,-0.0053410793650793265,-0.011235955056179803,0.04129213483146055
2025-10-08,CSCO,1.9633174450851292,0.0060094434110746775,-0.001560585000919823,-0.0024368869235700252,0.008460974668710985
2024-07-05,TSLA,1.962984967781146,-0.027546182769331296,-0.00404770662556353,-0.022531316089149156,0.022531316089149156
2025-12-02,MSTR,1.9625978505214952,0.0035437430786269264,-0.00881360939724718,0.0036548897995347662,0.0036548897995347662
2023-12-20,GOOGL,1.9624286558063253,-0.015304669703872231,-0.0024272799381711563,-0.014076476248173542,-0.013933929653255461
2024-10-16,UNH,1.9619664253649018,0.012011054421768641,0.012011054421768641,0.012813977917939035,0.012813977917939035
2025-05-14,UBER,1.9613141519358404,0.0020977090808721455,-0.003802862111115468,-0.004998352191585176,-0.007085576183675668
2024-05-13,ARM,1.9610584380232354,-0.023599335722401915,-0.004890700113626467,-0.008062029164280338,0.03290893871976741
2026-10-02,APP,1.9598383860693578,-0.034665404743347006,-0.005886803357352255,-0.00828180212014129,-0.013582155477031788
2024-06-17,MU,1.959139959119914,-0.014533488722835441,-0.003198288103889002,-0.011616214154443805,0.02430736155899993
2025-11-18,BKNG,1.9586817111778552,-0.007056259082416472,-0.0030978268928497643,-0.0059109000405283,-0.0059109000405283
2025-12-10,XOM,1.95794217671342,0.0034419073203491024,-0.0019943334452653394,0.0037781291752359003,0.0037781291752359003
2025-11-17,COIN,1.9573337853673638,-0.020781718004659222,-0.007424548734555225,-0.015113628006177882,-0.029124071486357317
2026-03-04,COHR,1.9568739930471235,0.0339394365701825,-0.0068398942878244995,0.03621052631578947,-0.03621052631578947
2025-11-13,CRWV,1.9566122659833816,0.043345543345543525,0.043345543345543525,0.045047899958559956,-0.045047899958559956
2025-03-28,TGT,1.9565588206256748,-0.01593262994869815,-0.003013323284981384,-0.011916698804473658,-0.001446201311222528
2025-04-24,LRCX,1.9561110229889083,0.017080522463039927,0.017080522463039927,-0.012939808083745286,0.030241349229427117
2025-09-23,RKLB,1.9559601996638105,-0.02060305658818673,-0.007160323361066867,-0.01619576393172939,0.0878058811433271
2025-11-24,CVNA,1.9558625078375773,-0.027142857142857135,-0.0061470473295700545,-0.026106800547695208,0.006389776357827559
2026-04-24,TXN,1.954905269343981,0.009824586474223906,-0.0032073319485343976,0.012927810819473584,-0.012927810819473584
2026-08-14,SNDK,1.9547680810061516,-0.00358698950179015,-0.01017277660745719,-0.04511120835632343,0.04136240542374603
2024-04-17,LLY,1.9546544563188994,-0.006916996047430901,-0.00235497176736299,-0.0015522639374884184,-0.013154779131258398
2026-01-07,BA,1.954472215715689,-0.016910640157308254,-0.0019439838946284649,-0.01674181258956353,-0.003399042326377888
2025-06-18,DASH,1.9544691917425592,0.01248852157943059,-0.0026416961826052354,-0.008636858313844531,0.021233241484706067
2023-10-12,ARM,1.9542987661149704,0.02012661816120187,-0.0048022569889714095,0.023356564324731655,-0.023356564324731655
2024-04-17,TMO,1.9538382820512248,0.009129607825378083,-0.001996648854270422,0.01192174996838935,-0.01192174996838935
2026-04-02,BX,1.9536995043931031,0.01846846846846839,-0.004012799227799291,0.01846846846846839,0.01846846846846839
2023-10-16,UNH,1.9535964110160655,-0.009857009122781313,-0.0014540989581831587,-0.003999115403044318,-0.008274667354686516
2026-09-23,SMCI,1.9535782829879738,-0.021796407185628697,-0.0057672369546621916,-0.013061030634053505,-0.0161481833293754
2024-09-25,V,1.9535650508966969,0.005897530409141205,-0.0019817439839924234,0.006190581472474088,-0.006190581472474088
2026-05-27,TER,1.9525635394799161,0.04081528532435397,-0.0052259508686003375,0.04247625353332152,-0.04247625353332152
2026-05-26,SPOT,1.9525434916999127,-0.024762690879075455,-0.004348023004646873,-0.024762690879075455,-0.006809739991745722
2026-04-22,ARM,1.9520092975346162,0.08029296564792565,-0.004531021866434837,0.08758437534580055,0.08758437534580055
2024-09-17,SNPS,1.9518343275222139,-0.011786996410051875,-0.0032078750925979005,-0.006088370617166383,-0.003946533396795182
2024-11-07,C,1.951657519630495,-0.00816683680910002,-0.002610033542365553,-0.0032243880990766582,-0.0020518833357761057
2026-09-24,BE,1.9514079609108503,0.038012151425455665,-0.0071521821378496275,-0.0210769108406903,0.05989024099260298
2024-06-24,BABA,1.950784982083676,-0.005441072782662926,-0.0021158228220979902,-0.003996802557953649,-0.003996802557953649
2024-11-04,RDDT,1.9507476451106207,-0.02031278087362942,-0.005696977478749865,-0.014868193012861575,-0.005108090851044467
2024-04-22,WFC,1.9506842339883639,0.007417174880500976,0.007417174880500976,0.010080978350685887,0.010080978350685887
2025-11-17,HD,1.9495688252806571,-0.00812784130045463,-0.002046127959380528,-0.005634736493205228,-0.0103717821235223
2026-04-27,V,1.9494226920371598,0.001325573876495234,-0.0018077594568380873,-0.006508298080052155,0.007842499186462737
2026-02-11,TMUS,1.9491449623951818,0.0852689090862011,-0.00234525566615984,-0.023480772798346372,0.1107518617655634
2025-02-20,LRCX,1.949005059174821,-0.015151515151515138,-0.003236401279879453,-0.014881115809126433,-0.022129482181099336
2024-08-20,BA,1.9490016223515891,0.015224922604783253,-0.0038625452121094916,0.015449759670405072,-0.015449759670405072
2025-03-11,ABNB,1.9489965755244913,0.00657425742574258,-0.00419688826025455,0.01236317820300803,-0.01236317820300803
2024-09-04,PEP,1.948803978842662,-0.008195350393042311,-0.0013716021949841117,-0.005978655640610175,-0.0025702631725987857
2025-05-15,TMO,1.94872766207907,-0.01664281948941948,-0.003364096191982302,-0.015037593984962516,0.014862155388471132
2025-05-28,DASH,1.9486249544459309,0.0033028948902273925,0.0033028948902273925,0.0040100128806472846,0.0040100128806472846
2024-09-09,TXN,1.9484245871003025,-0.003690404947137349,-0.0028928357698554397,-0.000969835625295179,0.000969835625295179
2026-01-07,STX,1.9478308954741728,0.015741745960789366,-0.004849148823588445,0.021117815179422017,-0.021117815179422017
2026-09-25,INTU,1.9477023748205444,0.0007259001161441514,-0.00479319883441176,-0.013873045078196755,0.014609015639374556
2024-12-12,TMUS,1.947650016588876,-0.009370932754880767,-0.0019449736597458855,-0.006294188653216071,0.005604414554233328
2024-07-12,BABA,1.947249882102095,-0.004596273291925468,-0.002036069210292868,-0.002862120457939321,-0.008773021403683412
2024-01-11,AMZN,1.9472100177411558,-0.0009739422084624749,-0.00175415560961234,-0.012672737693434466,-0.01171113799910839
2025-08-07,MU,1.946733480492367,0.009747617091789729,-0.003017393560735604,0.011268725971098958,-0.011268725971098958
2025-02-19,INTC,1.946690465835691,-0.01940240589833131,-0.005144409335329003,-0.012721665381649983,-0.008673862760215978
2025-07-28,SMCI,1.9465877075700448,0.05722838527909846,-0.00408005685105528,0.07019166840456958,0.07019166840456958
2026-07-16,UBER,1.9465706225708093,-0.022112694818169687,-0.003492273877714114,-0.02015613967413299,-0.01174718133051078
2024-02-01,SHOP,1.946401435638921,-0.011823899371069202,-0.0034921832884096116,-0.005819838056680071,-0.029478744939271384
2025-03-03,PEP,1.9456205239254323,0.02207230809536287,-0.0020970189752610446,0.024286183130948658,0.024286183130948658
2025-06-24,MA,1.9453007727744442,-0.0017055655296229766,-0.0022412554501152204,-0.00597840635317215,-0.004283037387347144
2024-03-11,PDD,1.9450599489054672,-0.020172311837499346,-0.004718618803998931,-0.012357787711455792,-0.01945832237707068
2025-10-16,TMO,1.944893680211709,0.004884921628059979,-0.0028493063252386097,0.005778847934802767,-0.005778847934802767
2025-06-24,UBER,1.94474884148449,0.022202387593439843,-0.002539790567571476,0.03164058101565148,0.03164058101565148
2024-12-04,UNH,1.944748123800392,-0.00019652478668863438,-0.0020755427242546975,-0.016699410609037346,-0.01650616767045643
2024-02-22,VZ,1.9445565537720035,-0.0008588957055213342,-0.001805083260297935,-0.011417225117895224,0.010548523206751259
2024-04-02,NVO,1.944326520710777,0.006127158430810908,-0.001982311950800897,0.010388365031165137,0.010388365031165137
2024-11-07,HUM,1.9442251058126072,0.0025672159583695064,-0.003854535993061514,-0.016144446719912664,-0.01867021639702382
2025-06-30,ZS,1.9441826454906617,0.012840366498903188,-0.0023520062496543703,0.016678001230609807,0.016678001230609807
2025-06-12,PEP,1.9440869592332852,0.014883007288070571,-0.0015114526823388763,-0.0038505968425106563,0.018790912591451603
2025-10-07,SOFI,1.9438862490186033,-0.025576368876080724,-0.005165879991766098,-0.015110140178408837,0.024576734025122837
2026-01-27,CRM,1.9436672632772307,0.008546637744034746,-0.0030678834831112667,-0.01843845268426214,-0.02682750365264397
2024-09-25,PDD,1.9436264499670826,-0.016329844821364237,-0.00344318064649185,-0.008498076751051076,0.019411396368190337
2025-12-03,MSFT,1.9436169030826664,-0.009167157275020932,-0.0024637976090351454,-0.00802264039988243,0.0033603561977570973
2023-10-16,COP,1.9435629436664286,0.0020705582543600887,-0.0026319980887155037,-0.0019076385025038611,-0.003974246880216192
2025-09-16,UBER,1.943543504071871,-0.0013813567993450349,-0.0027656151788455485,0.001763603667561231,-0.001763603667561231
2024-01-26,MA,1.9432349749349462,0.007801638458975191,-0.001144217874664899,0.009390535812925815,0.009390535812925815
2024-05-01,VZ,1.9430557449896928,-0.007124681933842192,-0.0023316066884768727,-0.005315110098709219,-0.008099215388509218
2025-10-06,ALAB,1.9429654738945292,-0.042302351818102935,-0.006962968472991937,-0.04621390956963878,0.0019566006900308963
2024-02-09,CMG,1.942002127732592,-0.002878799683047051,-0.0023942492413460137,-0.0025777944944995745,0.0017153636171947095
2024-02-26,MELI,1.941683529701004,-0.024590163934426146,-0.0038292937289370332,-0.02307533951753271,0.003262612210778393
2025-01-23,ASML,1.9416495477352511,0.007878800153930277,-0.003287896893713893,-0.002558531484151194,0.010457489796332542
2024-05-10,DIS,1.9416067092767888,0.005779803580658771,-0.002699376371948281,0.007598499061913566,-0.007598499061913566
2026-02-06,BE,1.941047062522461,0.018089451824391478,-0.01065654069268529,0.02088165147411969,-0.02088165147411969
2025-02-25,INTU,1.9404671467952905,0.005623209169054455,-0.002470282439623439,0.005623209169054455,-0.005623209169054455
2024-10-16,TMO,1.9403704886617692,-0.00864392128946978,-0.001719003551997833,-0.00773349316962213,-0.0054630913387700986
2023-12-19,BAC,1.9402916379258404,0.0088815294294744,-0.002298746263521223,0.013151927437641486,0.013151927437641486
2025-01-10,CRM,1.940041694789169,0.006966572945954486,-0.0025781005935645585,0.006045199491582998,-0.014570480825867205
2024-04-15,CSCO,1.939766470618045,0.020909460008120218,-0.00164461168145702,0.021306818181818232,-0.021306818181818232
2025-12-15,JNJ,1.9385630062978447,0.007287259050305694,-0.00155686748606354,0.009090052750565292,0.009090052750565292
2026-07-02,COIN,1.9380031766817467,-0.038067745970429834,-0.006177703285859759,-0.03389437675478868,-0.028994903961531704
2026-05-05,MU,1.9377178532408352,0.037213207669387405,-0.004798617280180606,0.04024540375495356,0.04024540375495356
2024-06-14,DHR,1.9376205220879108,0.0037615455816610854,0.0037615455816610854,0.0038999409099862437,0.0038999409099862437
2025-11-20,BKNG,1.9374473715866716,-0.008613182943059572,-0.0027731802954011897,-0.0051592148239727464,-0.019907467813729318
2025-03-31,AMZN,1.9374303065759508,-0.015315752575095765,-0.003153373240575963,-0.013266596700842292,0.02413820941309419
2025-06-10,XOM,1.9371500916780868,0.006945748075839919,-0.001698436536244019,0.007418536951826482,0.007418536951826482
2024-01-31,TMO,1.9369640693050096,0.02644413135363599,-0.0020673979573406776,0.027190932144500746,-0.027190932144500746
2026-02-25,NVO,1.9366264338552015,0.005005268703898835,-0.006537897034472495,0.006198074640643592,0.006198074640643592
2026-04-22,MSTR,1.936221777113655,0.0012288443277663763,-0.005152967180281021,0.012940777576853524,0.012940777576853524
2026-03-03,ASML,1.935864403350902,-0.01102581276727288,-0.0033051561394303874,-0.008319603390182673,0.01012304997699287
2026-08-11,APP,1.9357787759669685,0.016728395061728407,-0.007619320987654277,0.01970860193547408,-0.01970860193547408
2026-05-12,IONQ,1.9357613038733732,-0.03268641470888667,-0.007323933557079609,-0.02530982719497299,-0.02478617559783558
2025-10-31,XOM,1.9357052222292048,-0.013766657841320251,-0.0015912162588096468,-0.013498323628021947,0.008911240515263819
2024-05-10,ANET,1.9349695212595015,0.024029818422817373,-0.0034161879638626713,0.024572510116172896,0.024572510116172896
2026-01-02,AMD,1.9339538138947134,-0.006800465306692094,-0.00336825377210781,-0.004366812227074135,-0.004366812227074135
2024-09-23,MU,1.9337763869788558,-0.012558041367665806,-0.004134505216185302,-0.0037265758091994394,-0.0037265758091994394
2024-03-22,ACN,1.9336754736428594,0.026705118961787955,-0.0028253270161706645,0.03205953914412496,-0.033948761986546505
2024-05-24,BMY,1.9332169624357414,-0.0057901085645356565,-0.00199757022229885,-0.003267578361370038,-0.00181532131187212
2025-09-16,ADI,1.9331030681011456,-0.014161662067846192,-0.001864980174832498,-0.014161662067846192,-0.009616945301087476
2025-09-09,ORCL,1.9330795963911185,-0.015189337846414297,-0.003256686512133955,0.01836742448124218,0.008893106933984596
2026-03-25,MU,1.932888191992874,-0.0049739583333333615,-0.006951168154761933,-0.016007408387352928,0.010953829871676035
2025-06-24,GEV,1.9325276170687304,-0.020406125831120336,-0.0029658766447697715,-0.0139880952380953,0.0139880952380953
2025-06-27,AMZN,1.9324502105010388,-0.007187415242744799,-0.0021673285804694187,-0.002882891063037629,0.013370258552198644
2024-07-18,NFLX,1.9322618216979732,0.008896221033318441,-0.002254583018547862,0.009400234235344862,-0.009400234235344862
2024-07-25,QCOM,1.9321882349805781,-0.0222626079054975,-0.004116107937950364,-0.018675721561969505,-0.007696661007356997
2023-12-28,COIN,1.9320373693076884,0.02154250945568159,-0.0052349041902568505,0.022495336332711613,0.022495336332711613
2025-07-15,GE,1.9318028172846848,-0.007719805293580961,-0.00210832445999376,-0.006915681878633562,0.004331800737165992
2025-02-07,PANW,1.9315353073400143,-0.007673419275629256,-0.002849564442105823,-0.006962219719463536,-0.006962219719463536
2024-08-27,CRM,1.931230581583455,0.002370701917423723,-0.0020355524006404613,0.007875817616659342,0.007875817616659342
2026-06-23,STX,1.9308055706050768,0.02248053622575008,-0.006771769407179162,0.024411409412518736,0.024411409412518736
2025-07-14,ACN,1.930788707602735,-0.005860358093046747,-0.002375219570822429,-0.005715723632180536,0.005715723632180536
2025-07-28,CVNA,1.9302355992014086,-0.014349614241541797,-0.003936312329260394,-0.01148014548502485,0.006413614524554356
2025-12-15,LRCX,1.9302186191039552,0.0016461407145469398,-0.003731661644050366,0.0028077885613133624,0.0028077885613133624
2025-10-13,JPM,1.9301855231633034,-0.0011676938047356922,-0.0018226032157916405,-0.0007139148494289538,-0.0007139148494289538
2025-07-01,NU,1.9298766107086498,0.006919155134741506,-0.004024034959941636,-0.012940330697340019,-0.019769949676491705
2025-08-18,NOW,1.9298260036747628,0.01735528702974709,0.01735528702974709,0.025788526033007964,0.025788526033007964
2026-06-29,ASTS,1.9292810057313878,0.10727969348659006,-0.010857443897099084,0.11239414934565062,0.11239414934565062
2024-12-11,UBER,1.9292233760208686,0.029267131979695438,-0.0034196088651197165,0.029421094369547984,-0.029421094369547984
2026-02-02,MSTR,1.9288701897221365,-0.013276836158192085,-0.007302446529459217,-0.012230470130788151,-0.012230470130788151
2025-12-09,TMUS,1.9287110547820243,0.01866835640475717,-0.0019113862351336497,0.0197434087202083,-0.0197434087202083
2024-04-09,FCX,1.928241373271061,-0.008315606265712594,-0.0024268585794403608,-0.004078461837249914,-0.0036900369003690647
2026-06-15,GE,1.9281732722177154,-0.008591040462427868,-0.003063583815028914,-0.006437364228819797,-0.00828385228095585
2026-01-12,UNH,1.9281556388461223,-0.018305814788226904,-0.0023506157488120127,-0.016830692492644905,0.016830692492644905
2025-12-18,ASML,1.9279693045287336,-0.0077180789279165385,-0.0030918592643689458,-0.005613618293115019,-0.007156884346051773
2025-08-26,VRTX,1.9276091366402563,-5.16795865632691e-05,-0.002778294573643425,-0.004450389730661475,-0.004398940138399476
2025-11-07,KO,1.9267221582072955,0.006132344552196134,-0.0016490709803601566,0.006850292564578364,0.006850292564578364
2025-03-07,MRVL,1.9260958636570729,-0.030109090909090863,-0.010498836363636466,-0.02801567716649722,0.02801567716649722
2026-06-16,XOM,1.9257531484184143,0.004034680845492522,-0.0029114518633266417,0.006348643376485219,0.006348643376485219
2026-01-07,LITE,1.9257176307193422,-0.04048429814604626,-0.00679421382627976,-0.03029329907942624,0.051166773710126234
2025-07-21,XOM,1.9256102990243864,-0.005017492174553495,-0.0019187731804193309,-0.003549695740365011,-0.003549695740365011
2024-08-20,BAC,1.9253348892663527,-0.0033704952035260582,-0.002732490092225648,-0.0020740602642679296,0.0020740602642679296
2025-10-24,IBM,1.9247596120715398,0.07131404670616948,0.07131404670616948,0.07354045510906193,0.07354045510906193
2023-11-15,TSM,1.9241559048245425,0.010818391265150717,-0.0022237804267253303,-0.0052314284290768676,-0.015993224054606237
2024-05-01,PYPL,1.923825123846945,-0.02390317700453881,-0.0026830992003459286,-0.01834113017004524,-0.018192618994579246
2025-12-08,AVGO,1.9237081981940283,5.1096709870357415e-05,-0.0042807292408488795,-0.003328861728027155,-0.003379788344015533
2023-12-05,AAPL,1.9228613887877037,0.00514258999532502,-0.0012353310032131581,0.0073403092300483586,0.0073403092300483586
2025-06-16,XOM,1.9221567477289756,-0.004601769911504405,-0.0018503919089759568,-0.002660046107465841,-0.002660046107465841
2026-02-13,C,1.9221342190786506,-0.014719411223550916,-0.003739900118280959,-0.008411044066557016,0.013165112452002248
2025-01-28,CEG,1.921860180456187,-0.03579165828873032,-0.009263091336060958,-0.030201094188969435,0.030201094188969435
2024-05-24,MELI,1.9217664839616262,-0.008811500588018606,-0.002638747700375532,-0.004858018962134447,-0.004858018962134447
2025-11-13,LIN,1.9215914950546926,0.003160112359550604,-0.001872408373461809,-0.01270623933244841,0.015906504835956792
2024-05-02,BKNG,1.9215756035578144,-0.011422535376804044,-0.002234414771620674,-0.011422535376804044,0.02474319496027455
2026-04-15,NOW,1.921423479583433,0.027935399388913096,0.027935399388913096,0.030972967057020906,0.030972967057020906
2025-03-12,JPM,1.920714910028181,0.01902590434491025,-0.0036334412242911007,0.022433835199245022,-0.022433835199245022
2024-01-23,T,1.920227698009809,-0.0008718395815168201,-0.00198239714368742,-0.011166617690273162,0.01028504260946228
2026-08-18,BABA,1.9201970877640095,-0.00799813635657709,-0.003066408936613918,-0.004286827747466915,-0.0009353078721746622
2024-02-06,CSCO,1.9194869710210742,0.00418326693227089,-0.0015694365395559906,-0.006432459178624339,-0.010588817417120144
2026-09-09,GOOG,1.919454174264593,-0.0026877638412244886,-0.0019494401034323428,-0.007249923524013546,0.004542673600489433
2024-09-05,ASML,1.9191516144421177,-0.005961420198546619,-0.003668935890976832,-0.0016971738911795153,0.0007417278487376056
2025-05-14,CSCO,1.9190675985354175,0.0006294333469222257,-0.00173576378778173,0.0006294333469222257,-0.0006294333469222257
2026-04-01,CVX,1.9177477434765595,0.02059553349875931,-0.0024147429989365143,-0.00968201700496385,-0.030078144198161905
2025-10-08,RGTI,1.9177365214529523,0.02259887005649719,-0.009453882163034777,-0.07455819303565825,-0.09547213217609529
2026-09-02,C,1.9173946722888247,-0.007675521107683103,-0.001911597131892151,-0.005254860746190193,0.008783124390060681
2026-07-28,SNDK,1.9171912815622754,,,-0.0074984823482133756,-0.06303171250972583
2024-02-05,NVDA,1.9167243963702478,-0.021662162748016467,-0.002741854238190955,-0.02065308118163922,0.0027528761986872485
2025-05-14,NEE,1.9163953184509745,-0.011624630125405044,-0.0025775881157026337,-0.011339625299338074,0.01704465417664469
2025-06-17,ADBE,1.9157363944332497,0.021457800511508918,-0.0023193149433686777,0.025222287330258997,-0.025222287330258997
2025-10-15,OKLO,1.9156690498285944,-0.033794283307890804,-0.0077521375555539285,-0.02858844550327566,-0.07152525854133962
2025-11-20,GS,1.915644731682914,-0.01810186774866218,-0.0027706557421492972,-0.014175297668854614,-0.04044329571022143
2023-11-27,GOOGL,1.9145745054418544,,,-0.007204715813987406,-0.007204715813987406
2025-08-29,SMCI,1.9138648897672492,0.014000949216896097,0.014000949216896097,0.014819205690574933,-0.014819205690574933
2026-07-02,MSTR,1.913705213763058,-0.008559622195985828,-0.009769241580929844,-0.0063110146928311295,-0.0063110146928311295
2025-12-03,TXN,1.9130943908083975,0.030757943450533176,0.030757943450533176,0.031048887885288368,0.031048887885288368
2024-02-05,UBER,1.9129600201468506,-0.01370489879730119,-0.0022107970498259633,-0.007135575942915362,0.004077471967380175
2024-06-06,TSM,1.9123611080296121,0.005280933374270713,-0.0027336681433396404,0.008986356815076979,-0.008986356815076979
2023-12-13,AVGO,1.9123509098799032,0.006865263430229307,-0.0027040901182974197,0.007731219886621066,0.007731219886621066
2025-06-09,SHOP,1.9119498954357836,0.00974815057120726,-0.0035767940381428165,0.010467358369295798,-0.010467358369295798
2026-07-21,MPWR,1.9119458125037219,-0.004347605188093739,-0.006188576986206451,-0.010094696153238214,-0.005790978718512418
2025-03-14,TTD,1.9115433727474473,-0.012341197822141603,-0.006863430127041714,-0.0020914794944075776,-0.019550786578157786
2026-05-13,AAOI,1.91138602841312,-0.0717520378383818,-0.012056236432381073,-0.06197337587874552,0.1116817071346663
2025-02-25,ETN,1.9108701024800507,-0.025341130604288553,-0.0028958751654964976,-0.025341130604288553,-0.016620498614958512
2026-05-26,CRDO,1.910706231129402,0.014933333333333354,-0.008282641269841351,-0.03495603688612481,-0.04936736006862541
2026-04-28,ARM,1.9103751002996234,-0.027220297029702967,-0.0062936704384725095,-0.024298021301422668,-0.013580277563991272
2024-10-25,TSLA,1.910203837954616,0.023894152113533407,-0.004018450274756669,0.027137786259541885,0.027137786259541885
2026-05-28,TMO,1.910057625030031,0.038784648187633275,-0.002703186110264988,0.04285377913821509,0.04285377913821509
2025-08-13,AMD,1.9090171617978677,-0.02052482578397219,-0.0045348665380786635,-0.019804407638453703,0.0046037756408510155
2024-10-24,AVGO,1.908862696100824,,,-0.004926686217008758,0.004926686217008758
2025-09-22,IREN,1.9088530186578507,-0.032574850299401215,-0.0068093926432848395,-0.010406582768635042,0.014036786060019235
2026-09-16,BAC,1.9084522709448928,0.012116040955631457,-0.0022105680156021545,0.012284593072854455,-0.012284593072854455
2024-11-25,DELL,1.9083179226614282,-0.015328269126424265,-0.003421508022633968,-0.004975802603776058,-0.017313066593961035
2024-05-21,COIN,1.9083144982943314,0.00436507936507935,-0.006742775258251399,0.01337003539127013,-0.01337003539127013
2026-01-30,T,1.9079068703801034,-0.019440698135660295,-0.0019960049866831753,-0.018430750941153207,0.039033088963740914
2026-06-23,ANET,1.907513508099533,-0.0065074038002246315,-0.005364079627297569,-0.005204138529211422,0.005204138529211422
2026-08-06,SNOW,1.90747361841507,0.011130545396724534,-0.004704427231219999,0.01193507320178222,0.01193507320178222
2026-07-28,LRCX,1.9071429159353002,0.007563071600757976,-0.008193929563802493,0.015372256910212823,-0.015372256910212823
2024-04-30,ACN,1.9068898642441563,-0.005487603305785238,-0.0019701298701297887,-0.008551852901461876,0.003017320419424152
2026-02-24,C,1.9067763072178692,-0.016155382102014948,-0.004198428545497013,-0.013648771610555,-0.0031847133757962887
2025-08-01,XOM,1.9065285441608366,0.00417991821899133,-0.0016471603816445857,0.005941312531180576,-0.005941312531180576
2025-05-14,COIN,1.906470691445031,0.006024022767093795,-0.0048312015551664755,0.008456473470637604,0.008456473470637604
2025-11-26,ORCL,1.9056513426767914,0.005288951428987332,-0.006086449748029743,0.00980534222093421,-0.00980534222093421
2023-10-12,LLY,1.9055007632398981,-0.011250020454582677,-0.002326255268516042,-0.008817112580174258,0.0014599498039729042
2025-09-26,IBM,1.904992517902588,-0.005209790209790288,-0.002206545954045902,-0.0010007198160081332,-0.0010007198160081332
2023-10-30,QCOM,1.9043351522562704,-0.02248737953189539,-0.0026534452238904382,-0.020792303151669578,-0.00865564437383115
2025-02-03,VRT,1.9041930422181297,0.028818048958713982,-0.009777728482697423,0.03553369495265257,0.03553369495265257
2025-05-05,NFLX,1.9039339555915906,0.00848754448398581,-0.0033564819522114986,-0.009429726088908907,0.017997305792545992
2025-04-14,TXN,1.903926814128401,-0.014384197268991095,-0.007581636711425865,-0.010267344595702776,-0.009939314416926415
2026-02-11,SPGI,1.90310329372106,0.028660916254443336,-0.004982013685933762,0.03427822949361148,-0.03427822949361148
2024-04-02,PLTR,1.9027319667945302,0.03108690719310192,-0.004359882005899762,-0.00800548947849955,0.03934126258005488
2024-03-25,INTC,1.9020399852007053,-0.012269938650306678,-0.0037375284837861678,-0.009544787077826689,0.02312775330396466
2025-09-26,IREN,1.9018863447835204,-0.004439644828413636,-0.008487675271692474,0.011438545275902157,-0.011438545275902157
2025-10-27,SNOW,1.9015490485284388,,,-0.009580152671755604,0.015343511450381708
2025-11-24,ORCL,1.9014709756897388,-0.01377551020408152,-0.006176198979591874,-0.0047477594130043155,0.017442303298042416
2025-11-03,MELI,1.9008066561818273,-0.013707732024207497,-0.003596503086401026,-0.00988412231415492,-0.016936623084194635
2024-07-08,CRWD,1.9006002741409462,-0.0010761504560827806,-0.0010761504560827806,-0.001432811380616128,-0.0003582028451539765
2025-09-24,RKLB,1.9003794207106277,0.03181547027242004,-0.00673211089963921,0.03584158415841587,-0.03584158415841587
2023-12-13,BMY,1.8999610558283753,0.02815226011102312,-0.0017323269513991324,0.028968253968254087,0.028968253968254087
2024-09-17,MSFT,1.8996069528699775,-0.007764123299184522,-0.001888934680248311,-0.004197405095327289,-0.007367642365848304
2026-06-04,PANW,1.8992711863507938,0.006197304892988198,-0.005343494888767619,0.01945752564523784,0.01945752564523784
2024-06-17,NKE,1.8989844036658428,0.018327974276527437,-0.0019123794212219103,0.018327974276527437,0.018327974276527437
2024-12-18,DIS,1.898754550107414,-0.014434782608695573,-0.0015065093167702104,-0.013748694744169843,-0.031152105812739306
2026-04-23,TSLA,1.898686777398542,-0.023157894736842155,-0.004241727443608956,-0.02058047493403692,-0.014168865435356226
2026-01-07,ASTS,1.8983925596440427,-0.04236343366778139,-0.009398964803312593,-0.03785103785103772,-0.048396048396048386
2025-09-15,CAT,1.8981787964229149,-0.007126768697661046,-0.0017978911761067362,-0.007126768697661046,0.007126768697661046
2024-02-16,RTX,1.8978175505907495,-0.00305643488702112,-0.001436368456344539,-0.0014213863984254838,-0.004920183686857538
2026-08-24,AAOI,1.8977609253527097,-0.06325081174736913,-0.01654266924459713,-0.05651181442408526,0.03771438706891228
2025-03-17,NFLX,1.8977240676053893,0.0035821469430268316,0.0035821469430268316,0.005748464958712729,0.005748464958712729
2026-03-25,ASML,1.8975034213256363,-0.018744727702976638,-0.004188620028911849,-0.014499078124829534,0.013713575021001345
2026-01-08,PEP,1.8974927094957004,0.016407788230146547,0.016407788230146547,0.016704354803413812,0.016704354803413812
2025-11-05,PLTR,1.8967700689779192,-0.02582582582582571,-0.004591431691431724,-0.022142429682824538,0.022142429682824538
2025-06-11,FSLR,1.8964790440953478,0.011824920578891618,-0.004449741986452205,-0.0034589904438060426,-0.015243008735416508
2025-08-08,BMNR,1.896188276903444,0.16247450713800116,0.16247450713800116,0.16384062870080895,0.16384062870080895
2026-07-23,SMCI,1.8960544696116866,-0.010149064383127238,-0.006096325494993393,-0.00384927195776652,-0.00384927195776652
2026-06-16,STX,1.895891796656253,-0.031377036065451835,-0.005620821721929681,-0.0192613802262388,-0.029245274133237853
2024-05-03,PLTR,1.8958381249551899,-0.02126736111111116,-0.003982173859127025,-0.016853932584269593,0.008081244598098669
2026-03-25,STX,1.8953780489744028,-0.02576534652259188,-0.006337389424808881,-0.006708363993132238,0.013735589894530387
2024-12-18,DHR,1.895251605126265,-0.010705993636598188,-0.0018950192253357478,-0.009498636440927855,-0.01776393531542675
2026-01-06,UNH,1.8952207741244125,,,-0.007447236758870712,0.0035367186152166497
2025-11-26,ASML,1.8949754503618292,-0.0024726380556249206,-0.003068412391120323,-0.0023770271824560263,-0.0023770271824560263
2025-02-11,RDDT,1.8949007100521327,0.014793080740515885,-0.00542296985116586,0.019041938148114168,-0.019041938148114168
2024-04-16,CVS,1.8948014420422052,0.012449914138523033,-0.0027757584430452287,0.01897789466202282,-0.01897789466202282
2026-03-06,TXN,1.8937724215418574,-0.01251629726206005,-0.0032764499906872135,-0.010645220061945349,0.005752062674058589
2024-01-25,CVS,1.893701116895438,-0.01081005194440543,-0.002796674755821238,-0.008544614091609448,0.008544614091609448
2025-11-12,CRWV,1.8935516252472901,-0.020169620528433185,-0.009385040152844915,-0.005686167304537859,-0.06582832148715145
2026-06-05,LLY,1.8932992970704676,-0.016481882145998217,-0.0031243083301923935,-0.014090613483633163,-0.0176544548016474
2025-11-20,ORCL,1.8931709751095147,0.08666435446111165,-0.004586998798478792,-0.008212581158360877,-0.0941651975749237
2026-05-28,HOOD,1.8919015458388535,-0.018824328916071886,-0.005243861948449169,-0.01640677966101678,0.15050847457627103
2026-06-25,BABA,1.8917959625850023,0.01245976534108606,0.01245976534108606,0.014199834162520797,-0.014199834162520797
2025-02-10,INTU,1.8916300619772548,0.011636381316617372,-0.0023860225788708833,0.011636381316617372,0.011636381316617372
2025-09-03,RDDT,1.8913266447227224,-0.023260869565217335,-0.0058337826086956035,-0.019937178256696608,-0.02691737195707178
2024-07-10,CAT,1.891041643630549,0.006312628321024638,-0.001734440596941722,-0.005887429874853467,0.01223722335244437
2024-02-05,SNOW,1.890733232556153,0.007002026902524494,-0.003667403722130036,-0.008767123287671152,-0.01570776255707762
2025-02-28,AVGO,1.890361941995462,0.01624318957177051,-0.004883729896052236,-0.009795099879167823,0.026197393115150236
2023-11-28,COIN,1.8901578932259855,-0.015649324047521507,-0.005212933809328746,-0.012540453074433633,0.03774271844660193
2025-12-15,UBER,1.8891844796996462,0.008301017935046118,-0.0032015269025691406,0.010220125786163714,-0.010220125786163714
2026-03-03,STX,1.8889211506758847,-0.02566982932698958,-0.0072131891233990775,-0.009677554497339758,-0.001913167339300914
2025-03-13,NOW,1.888300591212778,0.017516656571774702,-0.004644258890715625,-0.0072696005628077875,-0.024658918038109823
2024-11-12,NFLX,1.8881076980934837,0.009719382098598128,-0.0016954364834947944,0.010441321499013778,0.010441321499013778
2024-01-02,PDD,1.8876969167856787,-0.010973315683132423,-0.0026466890943654953,-0.009671920119681321,0.01339456563337138
2023-10-05,UPS,1.8876830413880754,,,-0.0014698677119060477,0.0012085578964560195
2025-08-04,RBLX,1.8876034430626802,0.028924494134320078,0.028924494134320078,0.028924494134320078,0.028924494134320078
2026-05-12,RKLB,1.8874420309728233,-0.017713903743315496,-0.007218905175706669,-0.01317888021489122,-0.01317888021489122
2024-12-02,CRWD,1.8873195840874204,-0.0210871879805985,-0.0037110324314275633,-0.01979028208536393,0.02436863092600805
2025-09-05,HIMS,1.887197767830209,-0.02367864693446098,-0.005254243430987682,-0.018296529968454323,0.018296529968454323
2025-08-20,CVNA,1.8867802868991852,-0.01609736945425977,-0.006158182218252817,-0.010869565217391242,0.02750789409764387
2025-07-14,GOOGL,1.8866855104203728,-0.004464223982246995,-0.002571173978624275,-0.008375932426502808,-0.003949100482667833
2025-06-02,PLTR,1.8861423272534843,-0.005560633759902345,-0.0045369439366238495,-0.012645775390451641,-0.007155460156105464
2024-03-11,CVX,1.885762136405135,-0.008266666666666644,-0.0017390190476189726,-0.007805265246725757,0.005622436830268418
2026-01-02,MU,1.8856956391465944,0.03835819421120212,-0.004794477921564733,0.0418918918918918,0.0418918918918918
2025-07-14,NOW,1.8853597431946045,0.021577692965088158,0.021577692965088158,0.022522115665595255,0.022522115665595255
2025-03-31,TGT,1.8852182724537672,0.021386972055008835,0.021386972055008835,-0.004276024771453946,0.025754448048756373
2026-03-16,MU,1.8850835056140833,-0.017855747122514254,-0.005621202874455333,-0.0069456812110418875,-0.016518254674977806
2023-12-06,AMD,1.884869971247948,-0.015077443902343446,-0.0026499204026435574,-0.014615824283497947,-0.045888789091206084
2026-02-26,NOW,1.8844910014332956,-0.028124146718849552,-0.0049652836469074035,-0.009829376854599392,0.013724035608308593
2025-09-09,SPOT,1.884411050394657,-0.005974582124602779,-0.002721082233141825,-0.004737206085753787,-0.004737206085753787
2025-01-28,SPOT,1.8842506738730291,-0.010803811290852616,-0.003471582359388936,-0.006127545140222956,0.01972723780253549
2025-10-02,MSTR,1.8841629960862019,-0.014652541884967674,-0.004684351430709999,-0.01186175508462528,0.002616981937135554
2026-01-07,BABA,1.8836878183774288,0.0019041142468547712,-0.0024676592024093225,0.005286343612334821,-0.005286343612334821
2026-06-03,META,1.8833147516396829,0.01503918661300574,-0.0024987861111563925,0.017210411155742955,0.017210411155742955
2024-07-01,COIN,1.883291874595602,-0.036797304486611226,-0.005855758999822713,-0.028012091674369355,0.0058152938565589896
2024-02-07,CVS,1.882985048810283,-0.024155844155844153,-0.002259183673469445,-0.020849622100599374,-0.009121709669012157
2024-09-16,MU,1.882941638725008,-0.016831108531630834,-0.004823389437028425,-0.012541177830433847,0.007570941455238955
2025-08-01,MSTR,1.8829268938199286,-0.011349241229544171,-0.00429484575299055,-0.006897971790384094,-0.056496448059301985
2023-11-08,ABNB,1.8828929850360552,0.014739134075873017,-0.0041515127950519926,-0.01007253886010362,-0.02466321243523306
2025-11-10,RKLB,1.8826998601201195,-0.02251337885218674,-0.0076823741860648775,-0.01843787640137129,-0.03752432131937378
2024-08-19,MCD,1.8826370991082872,0.010899374164967224,-0.001939232221965459,0.012857998379539826,0.012857998379539826
2026-07-07,MA,1.8825685464702697,-0.00796701246361664,-0.002385704423571111,-0.004903520428215624,-0.004903520428215624
2024-05-29,C,1.881588780889528,-0.008000000000000007,-0.0017830787172010698,-0.005892962170669369,0.010780683075288788
2026-06-04,ON,1.8807595121040277,0.027836257309941548,-0.005638819270398221,0.029200499687695114,0.029200499687695114
2024-12-16,TSM,1.8806858567340947,-0.009682926829268412,-0.0029660278745644586,-0.008364777570184834,-0.011710688598258523
2025-06-04,CEG,1.8804543061498007,-0.018704107861681085,-0.0035309457989510795,-0.0059280731060235015,-0.01850578100946576
2023-12-22,PDD,1.8798342500090484,0.01339317018441899,0.01339317018441899,0.013579382791032435,0.013579382791032435
2025-05-05,DIS,1.879820579417822,0.011190345584201733,0.011190345584201733,0.012745852104164346,0.012745852104164346
2024-05-06,DIS,1.8797642353359343,0.008225108225108357,-0.0017246011131725192,0.011992700095594166,0.011992700095594166
2026-03-19,CVNA,1.8796164194567915,-0.020790577317747916,-0.007221468724904145,-0.02018976956552776,0.04997503032032524
2025-03-12,PEP,1.8794782828756824,-0.000741889795643158,-0.0029660754029811054,0.003522080736927835,0.003522080736927835
2026-08-24,MSTR,1.8789869824680383,-0.02647623820262268,-0.005099539439930245,-0.014779952109652328,0.012715712988192518
2025-03-12,GEV,1.8787634860058258,0.0043999999999999595,-0.008269457142856984,-0.007477006550651755,-0.011844107721828867
2026-09-15,BAC,1.8787593317176075,-0.0077966101694915135,-0.0021628934624697838,-0.006091370558375608,0.006598984771573724
2023-12-01,JNJ,1.8780183069157954,-0.007387896697931495,-0.0011921312017033614,-0.004291020878698815,0.014410144741898279
2026-06-25,SNDK,1.877674259806155,-0.0241758241758242,-0.008438609105180572,-0.019373989557658233,0.031428621911248955
2025-07-14,AMAT,1.8776418522830947,-0.008882271397032238,-0.0021840559194361564,-0.0070983778797120145,0.010352868820951544
2026-05-06,MU,1.8773949458220753,-0.029976545358250783,-0.005013066505258457,0.018343338790856145,0.010536049966648475
2026-09-16,HPE,1.8773322035413995,0.0047847737551349745,-0.0066923438811609115,0.009073118662159763,0.009073118662159763
2025-11-07,RKLB,1.8771608578884886,-0.03907731198651798,-0.008788106774203275,-0.03907731198651798,0.08773962502633248
2025-08-04,RDDT,1.8769107487585446,0.051091089005780965,-0.005109239102130014,0.05174839751941218,0.05174839751941218
2025-02-06,ARM,1.8765862212115765,-0.017540562550899086,-0.006568752740713002,-0.01487035301468298,0.046610434239300114
2023-10-18,MCD,1.876507354675166,0.007992125984251919,-0.0016109167604049235,0.009422803974136418,0.009422803974136418
2024-05-20,LRCX,1.8764555389215096,0.019450961735990147,-0.0027104072607863072,0.02079747095824258,0.02079747095824258
2024-08-07,ORCL,1.8758429687402973,0.022204968944099512,-0.0029515084294589045,-0.006441161723299893,-0.028503104871369533
2025-11-26,AVGO,1.8748377848506514,0.021523349105122325,-0.004605442001939575,0.024553168441956874,0.024553168441956874
2025-12-15,GE,1.8746790479221995,-0.0060433935471087,-0.0024469610835650135,-0.00436652332120413,-0.00436652332120413
2024-04-02,CLSK,1.8743759359980674,0.00767414403778055,-0.014535714285714096,0.014769663579885295,-0.014769663579885295
2023-11-15,AVGO,1.874145279422387,-0.007120596066128693,-0.002344386228207096,0.0007679154678653655,-0.0007679154678653655
2025-11-24,GOOGL,1.8739216322442382,0.010826427913769532,-0.0035244853251330532,0.010826427913769532,0.010826427913769532
2025-08-11,JNJ,1.8738603543541474,-0.005198105579300005,-0.0015489818313834114,-0.00796424683435526,-0.0028075402509597502
2024-05-15,HD,1.8734989563023028,-0.014785214785214773,-0.0018176435809088565,-0.014602395192486184,-0.004524886877828149
2025-07-22,TMO,1.8734927054531476,0.008351149907275035,-0.0032080295234833134,0.01043984659817232,0.01043984659817232
2024-02-26,GM,1.8734623764965996,-0.007233724120728535,-0.002202170117236224,-0.006812567065106245,-0.006812567065106245
2023-12-20,ABT,1.8731176386467068,-0.005207848972379914,-0.0013640711562221686,-0.0027366760981493155,-0.003664362911081187
2025-10-10,MARA,1.8730415179631492,-0.03133769878391013,-0.006600995590004044,-0.03133316806907416,-0.12838694287625285
2025-06-18,HD,1.8730071122443057,0.005060496588107033,-0.001779953388546085,0.007053336385487108,-0.007053336385487108
2025-02-26,TMUS,1.8730027809476024,0.008016258326747239,-0.0023398226853121873,-0.0030017635360775063,-0.01099395895088362
2026-05-01,SNOW,1.8729396567221746,-0.023398328690807713,-0.005514892558694751,-0.020601997346183287,-0.015503875968992276
2024-12-19,JPM,1.8728557838743602,-0.010066258919469995,-0.0016977695257511805,-0.009182502231858125,-0.009182502231858125
2025-12-16,APH,1.8724527789834904,-0.003318925594319233,-0.0029402703656330464,-0.003241991509070008,-0.003241991509070008
2025-07-28,CSCO,1.872235287439142,-0.005028098195799968,-0.00118073689102971,-0.0029489826010025144,0.0016219404305517493
2024-03-07,TSM,1.872056821988183,-0.008987993138936501,-0.0029629943641263923,-0.005987199779781238,0.02677035303833164
2024-02-08,SHOP,1.8719095507671506,0.007566204287515754,-0.0034945382486366583,0.009070034443168895,0.009070034443168895
2026-06-12,ASML,1.8717230192394685,0.002309174272429715,-0.004685132168073092,0.006441659777046471,0.006441659777046471
2026-03-17,DIS,1.8714422201433882,0.00019932230416586094,-0.0021059967538938906,0.00400160064025612,0.00400160064025612
2024-11-18,LLY,1.8711911855841754,-0.003944827586206845,-0.004725417733990156,-0.0017754655435815447,0.0017754655435815447
2026-04-23,BSX,1.8706329564507955,-0.0022118831515520743,-0.0031325931333558987,-0.008994708994709,-0.006802721088435382
2023-12-12,ABNB,1.8705846238771018,0.004826427371205977,-0.0030431058698550117,0.014821902475131488,0.014821902475131488
2024-04-17,BA,1.8703852638712548,-0.010924893633148414,-0.0022659641772007078,-0.0037409690071068535,0.0032732741588274994
2025-07-01,TSLA,1.8703464346577219,0.006863992499832383,-0.0052444777147450106,-0.010183007305274439,0.01711689589087606
2024-09-16,NEE,1.8702251247046469,,,-0.005847953216374324,-0.010175438596491282
2024-04-03,GE,1.8699924699443191,0.026937451519639,-0.0026793597066497865,0.028932772812378493,0.028932772812378493
2024-01-10,NVDA,1.8698329051628653,0.003017384564278469,-0.002532427986142949,0.00677984939842724,0.00677984939842724
2024-04-09,TSM,1.8694705403411487,-0.011938678605345254,-0.0025674942341609164,-0.008643571768869651,-0.009256108350915504
2025-10-27,SOFI,1.86923767164815,-0.02092192549753369,-0.006208538867154223,-0.020574732188403333,0.02244516238734917
2024-10-28,CRM,1.8684956372586288,-0.0067610966498765634,-0.0017866294484394363,0.00064709488454473,0.00064709488454473
2025-06-30,GOOGL,1.8682433407551209,0.017179830432842547,-0.002467401351437637,0.020240213523131767,-0.020240213523131767
2026-03-17,LITE,1.8676298493369916,0.08418294982395835,0.08418294982395835,0.08963759244662839,0.08963759244662839
2026-02-02,COIN,1.8676173698264493,-0.020573746740075394,-0.005291705396892277,-0.0031446540880502027,-0.007240632101897404
2025-03-31,SNOW,1.867482754534628,-0.014154870940882525,-0.00420249494468905,-0.011417894955366492,0.011417894955366492
2026-06-03,AVGO,1.8674056570651132,0.007374570161991945,-0.003694831290431466,0.008175853290004698,-0.008175853290004698
2024-07-18,ADI,1.8669867989411009,-0.006746040137881382,-0.002081662432139364,-0.00166786302411015,0.009162690537516394
2026-01-08,BABA,1.8668214338488633,0.049599130316619,0.049599130316619,0.049599130316619,0.049599130316619
2025-09-05,C,1.8668105220482831,0.0181107223708582,0.0181107223708582,0.01861565360485451,-0.01861565360485451
2026-01-06,APH,1.8668084161828102,-0.028241430700447268,-0.0024579625292739937,-0.024957290351333317,0.05013741365223212
2024-08-21,SNOW,1.8667497318921515,0.013054242628854462,-0.004221997149073453,-0.011458491425102357,0.024662315981180738
2024-07-29,COIN,1.8659053137717745,-0.02186823992133724,-0.006580578732968134,-0.016646896006326628,-0.07473309608540923
2024-03-07,CMCSA,1.865671937880984,0.0035825173155003,-0.0017298440751987165,0.004533524218563567,-0.004533524218563567
2026-04-22,TMUS,1.8654780047109658,0.009645628014258723,-0.0030260461911753023,0.01094183550599448,-0.01094183550599448
2024-12-12,HD,1.8649114420851363,0.014387633769322283,-0.0018403159503992406,-0.002041010062654336,-0.016399278526675554
2024-02-27,GE,1.864872343199388,0.0025261319092183543,-0.0014552973568269234,0.003559033409017087,-0.003559033409017087
2026-02-20,JNJ,1.8642156770027116,0.011333061557276758,-0.0014477869663969134,0.014424786493246855,-0.014424786493246855
2023-11-22,ADI,1.8642039953078975,-0.009802319882372124,-0.00229012532966133,-0.00815491613255137,-0.0034092458748125054
2025-06-24,AVGO,1.864090740439639,,,-0.0061369582098781406,-0.0061369582098781406
2025-12-16,NOW,1.8635042806063666,-0.012534429967844152,-0.003190662867245453,-0.012357290211806427,0.0008841279807283442
2024-07-26,GOOG,1.8633798611813648,-0.014972040165955214,-0.00261860381215806,-0.013266102407107239,0.012485743441983166
2025-10-27,NEM,1.8628268316932417,0.0017780035560071017,0.0017780035560071017,-0.014518147684605909,-0.016270337922403177
2024-04-16,GS,1.8627374030588613,0.014655108174569609,-0.002174512886204738,0.01634100376909342,-0.01634100376909342
2025-10-06,TSM,1.8623804151915235,-0.009434580357727818,-0.0028210799225016903,-0.009385903126996387,-0.009385903126996387
2025-02-24,CEG,1.8621831194490575,0.04325426639476215,-0.005459436667228923,0.05886079290503077,-0.05886079290503077
2024-07-26,VRT,1.8621281737523987,0.020076238881829744,-0.006724732256307764,0.02317922735908806,-0.02317922735908806
2025-02-10,TMO,1.861775106981667,0.0034774774774773975,-0.0027278571428572818,0.005225055083411978,-0.005225055083411978
2026-03-13,CVNA,1.861683222816406,-0.01657645466847102,-0.007026701140537384,-0.005790407336747405,0.005221407771864639
2026-03-02,MS,1.8613096567258427,0.009369521852142793,-0.004236034231137831,0.010193895762122374,0.010193895762122374
2024-07-16,UBER,1.8612865329480308,-0.0009400227810956174,-0.0029343004188318034,-0.0009359921247558134,-0.0009359921247558134
2026-09-22,VLO,1.8608741003807532,-0.017483896411200073,-0.0039129204304306775,-0.01608405929519985,-0.009593723908694174
2024-08-01,GOOG,1.8603058425571446,-0.005151059150364734,-0.0025410100375374833,-0.0034784625195665164,-0.00017392312597830362
2025-03-11,UBER,1.8602863311145372,-0.013001383125864407,-0.004347381940328021,-0.004880769767117488,-0.014781759866127286
2025-04-22,UNH,1.8600232169961985,0.006099284099472468,-0.007454975306814493,-0.009653335869513446,0.015811498406961944
2025-04-29,KO,1.8596925387387315,0.01498776151434611,-0.002335361558831517,0.015009117688315143,0.015009117688315143
2025-08-18,NVO,1.8596031846707413,0.007933579335793306,-0.005616104375329556,0.014479472140762395,-0.014479472140762395
2025-05-07,HIMS,1.8590584455015318,0.052361809045226027,-0.008219052404881522,0.0783728115345006,0.0783728115345006
2024-09-25,BABA,1.8584293495800814,0.0,-0.002316597056930325,0.005267038870746976,0.005267038870746976
2024-11-08,BABA,1.8584098634360735,-0.007793827288787303,-0.002715584685500483,-0.005832427460490175,-0.01559494941048567
2026-06-09,CIEN,1.8583948998468445,-0.02244036264654814,-0.009300778630675577,-0.0049323683983804045,-0.05449297837511835
2024-11-12,MU,1.8581103002223893,-0.010582524271844695,-0.0035864979195561197,-0.010189237005787222,0.010189237005787222
2025-02-11,AMGN,1.8575833823706593,-0.006492269870673972,-0.0023195606526400514,-0.0037466116473003908,0.024223484521486816
2026-10-01,INTU,1.8570519954872458,-0.02437177280550773,-0.004185692156380649,-0.021897054509688818,-0.02431280520421708
2026-04-21,CAR,1.8563638714078312,-0.0749054419143188,-0.009319065997684284,-0.0749054419143188,0.10227711308375143
2025-02-11,INTC,1.8562428356567986,0.03094302554027495,-0.003423028346898671,0.031196266273642692,0.031196266273642692
2026-08-28,IREN,1.856219313078604,-0.027748414376321473,-0.008617185140440964,-0.011802580845272415,-0.05277202889947763
2024-06-05,MCD,1.855532251938216,,,0.0017276461780628694,-0.0017276461780628694
2026-07-28,MA,1.8553393215793872,-0.008658086258201081,-0.0020383173453657477,-0.007087502013495062,0.007087502013495062
2026-08-04,CRDO,1.8548277170984946,-0.04096912593589641,-0.008862932495282916,-0.04096912593589641,0.00021031378817193414
2026-07-14,ARM,1.8545399857204101,0.0039007092198581894,-0.01068687689969594,0.00685900155564978,-0.00685900155564978
2026-09-17,GEV,1.8543526342894177,0.03303211292285502,-0.004043333813340988,0.03524063725081317,-0.03524063725081317
2025-05-14,NVDA,1.8541086943776801,-0.015894538606403108,-0.0034576271186441687,-0.015207715133531252,0.004058605341246357
2024-12-17,TSLA,1.8539853254629777,-0.022276305350537706,-0.0037273037711789136,-0.015426110317477315,0.023112513592460804
2025-09-15,ADBE,1.853652542596467,-0.012265613985619539,-0.0030033634770699758,-0.012209908919155077,-0.02123339818966241
2025-02-24,PDD,1.853488736093273,0.02435051714308989,0.02435051714308989,0.02498575730446817,-0.02498575730446817
2026-09-11,AAPL,1.8534323205214367,-0.00015047550258806552,-0.002263039777124276,0.0008133510061454352,0.0008133510061454352
2026-08-28,BA,1.853345492969947,-0.006185270425776768,-0.002147720423036903,-0.0044033886947780765,0.0044033886947780765
2025-10-13,OKLO,1.8533180379600795,0.03989054423837035,-0.007814980671502436,0.04915204637103576,0.04915204637103576
2025-04-02,PFE,1.8532686354388983,0.006114961271911801,-0.0020339525944906844,-0.006772009029345494,0.012928380874204892
2024-06-24,COIN,1.8532453830274616,-0.021600727603456105,-0.0066305885792243835,-0.018968583283935914,-0.032169075737540465
2025-07-02,BABA,1.8528268207476524,-0.009231872367123639,-0.0024959858640956067,-0.005769404128729727,-0.0018480122599838777
2024-12-11,BA,1.851886077524529,-0.016520085571666288,-0.0029595911575944767,-0.015876791342094188,-0.013082000356781753
2026-06-22,ALAB,1.851134183956509,-0.039024613413853104,-0.00854916800648342,-0.026960670774076934,0.01862231898827993
2025-05-29,CRWV,1.8508937997485004,0.13798449612403096,-0.0096942181033981,-0.0598388952819332,-0.18956655159186797
2025-01-03,RDDT,1.8507046755250034,0.030020283975659146,-0.006132168729560794,0.030433532312002187,0.030433532312002187
2026-04-27,ABBV,1.8506880788517226,-0.009534323564833413,-0.0025372268738889092,-0.006743156199677913,-0.006743156199677913
2024-09-17,WDAY,1.850472206463467,0.011553784860557803,0.011553784860557803,-0.004639727168180174,-0.01613990561922507
2024-06-17,FCX,1.8504628024983345,-0.0021105951878429563,-0.003840423928119119,-0.008943781942078344,0.006814310051107331
2024-03-18,PEP,1.8503027356400348,0.013615106848990699,-0.0011670091584849995,0.013795145056246128,0.013795145056246128
2025-03-10,JPM,1.850280146755563,0.007776780754604085,-0.003202947119111732,0.012495938734858547,-0.012495938734858547
2025-05-21,ANET,1.850250832519756,-0.0198009318085558,-0.004325096811278573,-0.013218207014177641,-0.014923782112781225
2024-06-05,TMUS,1.850075780758675,0.0019174656106710763,-0.0015357589471803879,0.0031719532554257412,0.0031719532554257412
2026-08-07,APP,1.8490183104216757,-0.008322370302579762,-0.007165479118490636,0.00034619046245287777,0.00034619046245287777
2025-04-09,UNH,1.8488430095461468,0.02346129329272606,-0.002902320075278575,-0.008193941125015591,0.03184747487369921
2025-08-12,OKLO,1.8487369145083585,0.051299223144923634,-0.009210554513795821,0.059244264507422484,0.059244264507422484
2024-11-12,SOFI,1.8480608032291765,0.008765522279035931,-0.0053371073776479205,0.010241404535479282,0.010241404535479282
2025-09-25,OKLO,1.8479942988606977,-0.050270688321732426,-0.008931793908592,-0.0432825484764543,0.03142313019390586
2024-03-26,SQ,1.8479257555326405,-0.02450694363402961,-0.004115891169164554,-0.023481308411214874,-0.020911214953270973
2024-08-28,PDD,1.8478912065271578,0.04620320855614968,0.04620320855614968,0.04894955742774865,-0.04894955742774865
2024-11-26,LLY,1.847670925089869,0.00599847172694834,-0.003543396586856873,-0.0053777208706786706,0.011408450704225359
2023-11-13,ABT,1.8473487971451426,-0.005729166666666674,-0.0018482142857143558,-0.0026123301985371272,0.0006269592476488839
2025-07-14,SOFI,1.8470978608032524,-0.043325219084712874,-0.004489915148143009,-0.039529468833373826,0.03468348290080048
2024-03-06,TGT,1.8470508576800648,-0.011506249068666374,-0.0023921578361515428,-0.010766927683095395,-0.0010939659143252012
2024-09-12,ASTS,1.8465259411236508,-0.06094182825484751,-0.015117700265701917,-0.05592753052382826,0.05513981882630947
2024-12-16,ABBV,1.8461979217749056,-0.008746355685131268,-0.0019040441482716108,-0.004931824775166738,-0.003945459820133501
2025-02-13,PANW,1.8460931040636963,-0.020248504371836118,-0.0029533305575644153,-0.013254113345521068,0.025644931952061745
2024-03-25,ARM,1.846052242523104,-0.02966339410939689,-0.005294725505910702,-0.008739881080306655,-0.008739881080306655
2026-01-06,VRT,1.845673969672513,-0.030182541116934747,-0.004426355288184247,-0.029097583727018428,0.053109860680648824
2025-08-25,BABA,1.845598683493829,-0.012729294052251316,-0.002596964299894533,-0.010917556393995387,-0.0019507104439270284
2024-11-22,GOOG,1.845242358886716,-0.005374738727978334,-0.002602964637631655,-0.0025739416992325292,-0.0028146312928802875
2025-08-13,PANW,1.8451641179211622,0.006739301359092398,0.006739301359092398,0.007603175939174589,-0.007603175939174589
2024-05-13,VZ,1.8450147547591473,0.0018532246108229344,-0.0017923152952804555,0.0023485784919654584,0.0023485784919654584
2024-01-03,MDB,1.8441282932598808,-0.011973509933774773,-0.003469661305581795,-0.005280563260080973,-0.005280563260080973
2024-01-26,IBM,1.8438948122081684,-0.010707973801850512,-0.002037451918078803,-0.0054867534096253445,-0.020901917750953625
2024-03-05,MS,1.8438533429187636,-0.010449088483770574,-0.0020377628152195015,-0.009347874471399953,-0.008012463832628547
2025-10-13,COIN,1.8435082647935859,-0.002049698160887292,-0.00507540161649378,-0.001880912944611346,0.001880912944611346
2024-05-31,CI,1.8434146355615773,,,-0.0010809187809639464,0.033838762948506185
2023-12-08,TMUS,1.8433997396059918,-0.01580515610830413,-0.0010862574722854124,-0.01580515610830413,0.012825495530509157
2026-08-12,MCD,1.8429237904168319,0.013417144537567927,-0.002026878925368125,-0.0027276078142277616,0.016181349060081063
2025-06-26,COIN,1.8426155840571712,0.022134665976466295,-0.005227556478626827,0.03290406996763329,0.03290406996763329
2023-10-11,CMCSA,1.841778283850161,0.006961598922075041,-0.0017540341984536578,0.008297824624355354,-0.008297824624355354
2025-12-22,UBER,1.8413405593636674,-0.0093994140625,-0.0033418143136161316,-0.007750030754090309,-0.0003690490835280835
2024-09-25,VST,1.8410029593928674,0.01752136752136746,-0.004127020757020761,0.022283285389206098,0.022283285389206098
2025-08-18,INTC,1.8409171202976682,-0.025170648464163836,-0.004150383959044435,-0.02190091431001484,0.005103125664469577
2026-01-09,BKNG,1.8400276052449966,-0.016159156976744193,-0.0016459133617109378,-0.016159156976744193,-0.0023728197674418583
2025-10-15,GEV,1.839897763160728,0.05192846369316961,-0.003821628651460518,-0.008953493692896664,-0.060417016213907715
2026-08-19,AVGO,1.8394735259081536,0.017680531093347884,0.017680531093347884,0.01906269448277731,-0.01906269448277731
2025-03-07,DHR,1.839357574729058,-0.009138012246820537,-0.0022964437117287684,-0.006885207378686475,-0.003219363177064949
2026-02-24,MS,1.839327653464977,0.010659320917420168,-0.004149624015124975,0.010659320917420168,0.010659320917420168
2023-10-12,PXD,1.8392814788399499,-0.00690080098582857,-0.0027576592436111547,-0.0041191250978291905,-0.00996828273674677
2024-09-04,TMUS,1.8391479738080836,0.01030671181039633,-0.0014152737075709965,-0.0028300481604686123,-0.013107591480065461
2024-05-16,META,1.8386452154953146,-0.009406293208195304,-0.0026424381542955455,-0.009198726007878633,-0.00840248093202578
2024-01-10,WMT,1.838445992742367,0.002050326188257179,-0.0010530821461856021,0.003484944925923772,0.003484944925923772
2024-03-18,CMI,1.8380993223596969,0.030042300423004376,-0.002287048870488695,0.033745212804393576,0.033745212804393576
2025-11-24,BKNG,1.8380757968056034,-0.012838253382533749,-0.0028940761729046027,-0.007933850925598618,0.0041832470278964085
2026-06-29,TXN,1.8377760459994772,-0.02265765188525115,-0.00568158243164163,-0.019374277406019047,0.0001401394387416932
2025-01-08,QBTS,1.8376979744040622,-0.09523809523809534,-0.03153284072249596,-0.09165302782324058,-0.0018003273322422242
2025-03-19,NFLX,1.837645427349953,-0.00838013977618668,-0.004273134735178541,-0.00838013977618668,0.028834198001972178
2026-03-19,PYPL,1.8375813830341585,-0.00741073433640238,-0.0033247890667608138,-0.006964727027634177,-0.006964727027634177
2026-05-18,MSTR,1.8368913300335072,-0.005606532252181218,-0.0068988778580778565,-0.004728773229721872,0.004728773229721872
2025-01-14,LLY,1.8368199345259668,0.02966399916586293,-0.002543649759254807,0.031859557867360166,-0.031859557867360166
2026-10-01,MU,1.836527731556745,-0.029682440188381287,-0.003959966411964055,-0.019976954686154347,0.03039775460730265
2025-08-20,RDDT,1.836501784605916,-0.003953841202703368,-0.00678063077559643,0.0003204541292802787,-0.0003204541292802787
2024-10-07,VST,1.8363230132504182,0.06067978533094809,-0.005063296703296638,-0.013204349668126003,-0.07308289789577738
2025-09-30,HOOD,1.8362271483521324,0.03282117867705403,0.03282117867705403,0.034761870347618684,0.034761870347618684
2025-07-10,UNH,1.8361968785511522,-0.02006058566139335,-0.002725010818868112,-0.014257028112449666,0.0019745649263720466
2025-12-17,MELI,1.8351945800916512,0.012636513496806057,0.012636513496806057,-0.0015507544175926702,-0.014167671785270564
2025-06-10,T,1.8347642324570408,0.013908701854493666,0.013908701854493666,0.01445138269402313,0.01445138269402313
2024-06-10,PFE,1.8346585588830095,-0.009349154980222929,-0.002226845430728819,-0.004059878740185763,0.004059878740185763
2024-05-14,UAL,1.8343264570616522,,,0.001636066169787398,0.001636066169787398
2025-04-29,F,1.83425651230341,0.00893743793445867,-0.0043230954745354655,-0.010030090270812364,0.01905717151454356
2025-12-02,MRVL,1.8329975321867886,-0.01084272678475584,-0.0054809983896939585,-0.0060838798757334445,0.002006385916465403
2026-08-24,V,1.8329302780620471,0.011237737645098944,-0.0016961089097317084,0.01518369080484172,0.01518369080484172
2024-12-12,UNH,1.8326736588915848,0.022055941199328633,-0.0033395661624728845,0.022500663456799463,-0.022500663456799463
2025-06-16,NOW,1.8325248260920417,0.0062009921587453665,-0.0018953211085201982,0.008076314154592312,0.008076314154592312
2026-01-02,INTC,1.8319717717023138,0.02073613271124941,-0.00351588535880909,0.023920956838273666,0.023920956838273666
2024-10-14,WFC,1.8310758941910839,0.0032278889606196515,-0.0023988979064835103,0.0037138704989503335,0.0037138704989503335
2026-01-06,TSM,1.8308568052672471,-0.010414763383884473,-0.0024527877111013563,-0.009492515516611899,-0.003924790069368411
2024-04-09,MCD,1.8307590349126521,-0.0040435808154554165,-0.0013479030610336062,-0.002998388366253213,0.009707282335744472
2023-10-19,TXN,1.8305247177576454,-0.006960861570790566,-0.0020420512964838267,-0.006729475100942128,-0.009421265141319024
2025-11-25,ISRG,1.8301854366460155,0.019038393800634212,0.019038393800634212,-0.0105540427501023,0.02979336857280157
2025-10-07,IBM,1.8294990782210203,-0.015416582880890206,-0.0022442642651270273,-0.012437810945273742,-0.012135269597956189
2025-07-25,PLTR,1.8294491103728334,-0.0015714375510716971,-0.0030791824932877576,0.0033478617901585572,0.0033478617901585572
2025-02-25,ABBV,1.829240963970962,-0.010498887224890341,-0.001799090957443461,-0.010051483206668266,0.00029418975239026146
2024-12-06,ACN,1.8292170138250434,-0.012834745877447151,-0.0018484258288623545,-0.01216604346176775,-0.01742264130493687
2024-04-02,DHR,1.8289239013541612,-0.006952112215270034,-0.00160716476505951,-0.0015923566878980333,0.004777070063694433
2026-04-24,FCX,1.8286237308351776,-0.031599337748344336,-0.004586648533585702,-0.030660822099082052,0.009842031262922823
2025-09-30,BSX,1.828498960215457,-0.012198872373141989,-0.002248663688950825,-0.005670103092783485,0.006391752577319609
2025-02-13,TMO,1.8282351138800939,0.000319009194970854,-0.003003913894324972,0.000319009194970854,-0.000319009194970854
2024-01-10,INTU,1.8281947175875997,-0.0008863502068149343,-0.0016788668786402727,0.0013985360530617275,0.0013985360530617275
2023-11-20,MA,1.8268546756444735,-0.006822974817020211,-0.0012530295780388556,-0.006675103600585652,0.0036229186828455884
2025-09-15,PFE,1.8266671690827496,-0.008082106572672498,-0.0019294452178548749,-0.0035367631743385974,-0.0012497396375753533
2025-06-05,SPOT,1.82574526176065,-0.012082444918265711,-0.0031499766473752633,-0.009140973816532671,0.0047465457259960875
2026-06-15,LRCX,1.8254565742704503,-0.003995082974800224,-0.00584641247402462,0.005896958410924968,0.005896958410924968
2024-08-30,BABA,1.8253229194152238,0.008922198429693107,0.008922198429693107,0.01009980988593151,-0.01009980988593151
2026-06-08,MRVL,1.8249783339554482,-0.027547434996486153,-0.009251149482983667,-0.020127672934035612,0.005441797188404873
2024-10-14,ADBE,1.824940928572872,0.008211480242980684,0.008211480242980684,0.008211480242980684,0.008211480242980684
2024-01-09,NEE,1.8247370747144316,,,-0.002701414269823621,-0.014778325123152691
2025-10-03,MELI,1.824246655912388,0.016855203619909553,0.016855203619909553,0.016855203619909553,-0.016855203619909553
2025-12-03,CRDO,1.8239086908173,-0.06601865378132366,-0.009331875170564885,-0.06601865378132366,0.06315316327677278
2025-05-30,PDD,1.8234922917477898,-0.008359456635318674,-0.00598717719062547,-0.007727652464494472,0.007727652464494472
2025-07-01,AAPL,1.8234355006403637,-0.001585090542293055,-0.001866571058030786,0.00396058732612059,0.00396058732612059
2024-10-22,ISRG,1.823313993039667,0.001412648037773856,-0.002274695078124167,0.001412648037773856,0.001412648037773856
2025-06-11,MU,1.8231647238421766,-0.012605407285056103,-0.00340613628742803,-0.011345079501503985,-0.0024924795874515793
2024-04-02,ASML,1.8227989512973177,-0.0028008008215683056,-0.002596340879688519,-0.0016682209097502732,0.0016682209097502732
2025-03-20,CVNA,1.8227245605177398,0.023968630916220368,0.023968630916220368,0.02436464088397794,0.02436464088397794
2026-04-28,GEV,1.8222134061612607,-0.025688073394495414,-0.004058024901703927,-0.013152391132592811,0.011683784914253925
2024-06-13,ORCL,1.8220505476016093,0.0035518165177651495,-0.0027205007565194173,-0.009338089855891463,-0.012856739191862032
2024-06-17,NFLX,1.8220431466604188,-0.010101010101010166,-0.0021657154023226877,-0.009115072154731063,0.01458111212890234
2025-11-11,JNJ,1.822013539431108,-0.004438511632134601,-0.0013712708194189016,-0.002687361652788156,0.02155581321808797
2023-11-28,SHOP,1.8209392338972852,0.0019081368406705934,-0.0032748787943690516,0.0027281407720638473,0.0027281407720638473
2023-10-11,T,1.820785559556361,0.004045853000674393,-0.002097919275599658,0.004381530165150083,-0.004381530165150083
2025-08-06,NVO,1.8206018766893886,0.0039499670836076195,0.0039499670836076195,-0.01256771397616463,-0.016468039003250223
2025-04-14,BABA,1.82047487668991,0.004935225169648394,0.004935225169648394,0.01048053431495477,0.01048053431495477
2024-03-01,PFE,1.82043210442613,0.0050523952095807845,-0.001987810094097542,-0.0050269968348538585,-0.010053993669707717
2026-10-01,NKE,1.8202449398328282,-0.011984392419175038,-0.0025280100334448274,-0.010053057805082366,-0.020106115610164732
2026-08-18,PG,1.8201848683456758,-0.008188613342647644,-0.0022062272341700773,-0.0015344911766757008,0.0005579967915183559
2024-04-17,AMAT,1.8189222106388936,0.02706433651463369,-0.0028950670153629066,-0.004332296179979989,-0.031279381972917686
2024-03-14,C,1.8187220327123672,0.014241325737959665,-0.0018576114029247304,0.01458153580673005,-0.01458153580673005
2024-03-27,UPS,1.8186120253816656,0.014665381437620528,-0.002444825313766441,0.017116433156187494,0.017116433156187494
2025-04-24,ADI,1.8183883084605652,-0.010931385337855426,-0.007375610301516788,-0.007496213052991307,0.010940069136058161
2025-07-28,LRCX,1.8181596334852113,-0.007223120420195794,-0.002475191350640782,,-0.003737751288008795
2024-01-23,ASML,1.8177283372944524,0.013977360063569089,-0.0022688487798886436,-0.006219484221909211,0.020283776255857422
2025-01-23,BKNG,1.8174393739478594,,,-0.004714228378656982,0.04527438197615763
2025-06-16,CVX,1.8173973539032369,-0.013059243708934298,-0.001856531374511583,-0.011401652215470626,-0.0025261145627091253
2024-07-18,AMAT,1.8167852388382313,0.01243307015155648,-0.0035712665136842237,0.01377560268261746,-0.01377560268261746
2024-07-29,PFE,1.8165128823727807,-0.004211208292841051,-0.0022593826646304382,-0.012479706128339263,0.00821594319355845
2023-11-21,VZ,1.8159586971225983,0.0040431266846361336,0.0040431266846361336,0.005425200054252954,0.010443510104435116
2023-10-26,UBER,1.815536277303085,0.027990430622009455,-0.003828622693096362,-0.008068343616516427,-0.035832937826293265
2025-06-23,TSLA,1.8151540722450097,0.03511636190928513,-0.005735598941547737,0.04834231679112411,0.04834231679112411
2025-07-14,PANW,1.815015477547779,0.01398043801828619,-0.002972153033018343,0.015654118524040195,0.015654118524040195
2025-06-30,SOFI,1.8147601671881874,0.023886944878877436,0.023886944878877436,0.024509417605800277,0.024509417605800277
2024-06-10,CEG,1.8144752501013892,0.057216012605249,0.057216012605249,0.057216012605249,0.057216012605249
2026-01-30,AAPL,1.8144702111441997,0.009845890410959068,-0.0021180339352427913,-0.011653543307086567,0.021614173228346578
2025-02-26,HIMS,1.8142479340082291,-0.05423529411764705,-0.018772201680672285,-0.0514454277286136,-0.009793510324483723
2025-05-15,JNJ,1.8141966386377304,0.006728569506122994,-0.001973215487244606,0.007711735982488754,0.007711735982488754
2026-02-23,NVDA,1.8137411129350607,-0.0017773131207525772,-0.003657575983869732,-0.009167659398145678,-0.007406640078727933
2025-08-07,UBER,1.8136852371613237,-0.01106194690265494,-0.002768283817951911,-0.005281690140845008,0.019806338028169224
2026-05-08,ANET,1.8136494796459384,0.003583977512298109,-0.006129153699427903,-0.004895104895104807,-0.00846153846153852
2025-02-03,T,1.8134218252564485,0.010199833472106512,-0.0021470203401926513,0.013363959072875353,0.013363959072875353
2024-04-17,LRCX,1.8133742801150314,,,-0.005858766225190104,-0.036996338931475026
2025-04-14,PLTR,1.8131202412262633,0.02607507097045525,-0.00817838743109478,-0.009372991743559766,-0.035203661289096244
2024-02-20,TXN,1.8128489456824022,0.010178117048346147,-0.001827455204759132,0.012944178231377279,0.012944178231377279
2024-05-13,PDD,1.8119630080100895,-0.004110268584792132,-0.0036141966247202895,0.0003559225512528297,0.0003559225512528297
2023-11-20,JNJ,1.811715118324364,0.007862903225806406,-0.0012852054531491408,0.007862903225806406,0.007862903225806406
2024-02-08,AMGN,1.8116718542792323,-0.005951061471566321,-0.002514748547556067,-0.0032993197278912145,0.0032993197278912145
2023-11-13,LLY,1.8110812054851093,-0.023469274173523624,-0.00356047860830766,-0.021387861128438157,0.04789411171589952
2026-04-13,TMUS,1.810626031396667,-0.0018746094563633076,-0.0026179404588329014,0.0016086347361320419,-0.0016086347361320419
2024-02-14,DDOG,1.8105604666595663,-0.024312267657992548,-0.0043767551779074765,-0.007746219107340524,0.0034673552194761648
2025-02-10,HON,1.8096534913888258,-0.011996734909261786,-0.0025596788974076023,-0.011996734909261786,0.012724887247182126
2026-09-09,QCOM,1.809444341762749,-0.030021682326124455,-0.0032176770524743326,-0.029428126390743214,-0.018580329327992917
2023-12-21,FDX,1.8089287449531566,-0.0012143290831814202,-0.003016159250585515,0.001050038366786521,-0.001050038366786521
2025-07-21,TMUS,1.8085037435023281,-0.0014592274678111306,-0.0016668516247700937,0.0015066075502561116,0.0015066075502561116
2024-07-16,IBM,1.8084047600726458,0.00016150740242260042,-0.0016388233032109678,0.0007002423915971612,0.0007002423915971612
2023-12-01,SNOW,1.808148650282811,-0.01966847105812264,-0.0030852573058967048,-0.016788750467839453,-0.00598834411591731
2024-07-11,PEP,1.8079020552692895,0.02073216286888302,-0.0013950361990145987,0.024335384711505315,0.024335384711505315
2026-09-04,MU,1.807858167452703,0.02031686671894173,-0.004727421235699691,0.020727316612024094,0.020727316612024094
2026-07-06,AZO,1.8076281566883357,0.028531147540983626,-0.003061437002342071,0.031690060295102795,-0.031690060295102795
2024-05-15,ORCL,1.807467087386491,-0.007274081429990087,-0.0019647940606233316,-0.005257266055806675,0.008997056262697534
2024-01-10,SCHW,1.8065841159697713,-0.007424242424242333,-0.002280292207792245,-0.00591805766312592,-0.0016691957511381084
2026-06-23,LRCX,1.8065745897277008,-0.009103260869565366,-0.007241888586956513,-0.01937271830948384,-0.01044581234844233
2026-03-16,SNDK,1.8063232931831212,0.0033209332820227644,-0.007106102902100675,0.01599168663222006,0.01599168663222006
2025-06-11,PFE,1.8060563006983046,-0.01338199513381999,-0.0017475089792607923,-0.013181910363009641,-0.006692354491989572
2024-03-13,ABNB,1.805346733323124,0.010115252574791622,-0.0026964986337840724,0.012722802704363989,0.012722802704363989
2024-11-19,MARA,1.8051855732698459,0.0474934036939314,0.0474934036939314,0.07008086253369283,0.07008086253369283
2023-11-27,MELI,1.805172006039768,0.018178925429175985,-0.0025905066470290894,0.022287397524616503,0.022287397524616503
2026-04-13,MRVL,1.8045373590747205,-0.018939393939393923,-0.005108327922077938,-0.014534662506658469,-0.0010653679324251764
2026-05-26,INTU,1.8044246177386571,-0.017253634894991876,-0.007522760212324009,-0.012379819286793659,-0.02099745972539324
2024-07-08,META,1.8043534276452093,0.009300845871696994,-0.0023658929774470483,0.009949318322081235,-0.009949318322081235
2026-06-29,AZO,1.8042766817815323,-0.012383057597655567,-0.0028970667562426833,-0.01001649276813299,-0.010939209006212702
2025-01-29,SNOW,1.8040674382675774,-0.012035010940919078,-0.0037442130353235736,-0.009825327510917026,-0.0015829694323143961
2026-06-03,IREN,1.8039917609852592,0.03932501834189295,-0.0075034902001887005,-0.02823328104947942,-0.06644802509624981
2024-06-24,MRVL,1.803869926082898,0.018818760856977423,-0.0037987529985936686,0.04491858506457147,-0.04856822010106676
2026-01-06,SOFI,1.8035689355470086,0.0533146264468608,0.0533146264468608,0.054971988795518234,-0.054971988795518234
2023-12-18,ROKU,1.8033675766904602,-0.023560209424083767,-0.004761219147344731,-0.02202412165705292,-0.019611955951756577
2026-04-15,ASTS,1.8032668120256317,-0.020657276995305063,-0.010986988598256309,-0.001958751008180437,0.001958751008180437
2024-12-19,MELI,1.8029637558130953,0.029796037296037414,-0.0038127713952713638,0.033992764534031994,-0.033992764534031994
2025-03-05,F,1.8029248084400988,0.03319057815845827,-0.002519883756500474,0.036519871106337254,0.036519871106337254
2025-04-10,CRH,1.8028359427035667,-0.011084905660377342,-0.006025522237196657,-0.010151085930122705,-0.016997167138810165
2026-04-28,KLAC,1.8027615321160277,-0.0084431213232673,-0.0035881346732675734,-0.0084431213232673,-0.0084431213232673
2025-10-01,GEV,1.8026066693596523,0.008096425602660107,-0.0037272081700510107,-0.0070063534316062714,0.015159505453571365
2026-02-12,STX,1.8024927787176506,-0.03757283504118947,-0.007572211538154794,-0.01859903931522744,-0.01859903931522744
2026-07-27,CBRS,1.802193730180477,-0.011345349211458133,-0.012279054975707693,0.005144847237612771,-0.005144847237612771
2024-08-20,PYPL,1.8021925927738334,0.02073274637886957,-0.0032701748691523758,-0.0065751858204690095,0.027444253859348233
2024-07-26,ABBV,1.8020961365595933,-0.0014019951469398384,-0.0021599892154219313,-5.399568034547553e-05,-5.399568034547553e-05
2024-02-20,GE,1.8016151402582203,0.0026174928908119233,-0.0016229573021095955,-0.00407645786962374,-0.006683280660942259
2024-03-07,MRVL,1.8014283579130728,0.02147368421052631,-0.003610741138560747,0.022457703654644945,0.022457703654644945
2025-09-04,SBET,1.80084485856668,0.018141311266709148,-0.011102982631626901,0.03170119271814176,-0.03170119271814176
2025-08-27,CRWD,1.8008278263442223,-0.010107015457788249,-0.0030170001698657245,-0.0017225923590589165,0.003239119369762955
2026-09-23,AZO,1.8007804503647593,0.006513248142188455,-0.0025819680959544566,0.015284817242989801,-0.015284817242989801
2024-11-18,REGN,1.8000352710358662,0.003131578947368485,-0.003397933270676723,0.009240137675403881,0.009240137675403881
2023-11-06,UBER,1.8000111698693686,,,-0.006966170274892658,0.004150502648813337
2024-03-12,LIN,1.799919969827705,,,-0.0023834717457060783,0.00789859022455941
2025-07-02,UNH,1.7997875582069054,0.02894601359027349,-0.0024216329837918327,0.03030780626960239,-0.03030780626960239
2024-06-27,AMZN,1.7996157280946956,-0.006222584922982777,-0.0019790042406844233,-0.004038235444461469,0.01155242038542137
2025-08-20,INTC,1.7994435102816209,0.013830678960603415,-0.005129625194587373,0.0181514708950552,-0.0181514708950552
2024-12-18,HON,1.7991985322177775,0.025637871220136166,-0.001993252773830001,0.02734986366230996,-0.02734986366230996
2026-01-07,CRH,1.7991336548369257,0.044009930222371985,0.044009930222371985,0.045295625825499286,-0.045295625825499286
2024-11-25,CRWD,1.799049143650671,-0.019206716080869324,-0.0032676223115370995,-0.01753625888176269,-0.03204087606780737
2026-04-15,BKNG,1.798981353063911,0.0029715273650654517,-0.003915434962141862,0.005960767313319515,0.005960767313319515
2024-11-20,VRT,1.798727954988529,0.015250232691343846,-0.0044969622272907905,-0.008855510903866826,-0.023970694993325936
2024-11-07,LLY,1.7979764250175307,0.008969574293124172,-0.003295587504405284,0.010708537682647012,0.010708537682647012
2024-11-14,NOW,1.7974075669648515,0.005853098699311499,-0.002014793283418914,0.007732106378510517,-0.007732106378510517
2025-06-16,META,1.7972923398234024,-0.006280347358331273,-0.0021335375736011297,-0.0033223065077283565,0.001240517880568115
2023-10-30,ADI,1.796905288365859,0.005106274334588545,-0.0025070895148127104,0.008145084314349349,-0.008145084314349349
2025-04-10,TXN,1.7968419798236268,0.02137099293882394,-0.0060755215539944896,-0.011306066971456863,-0.03243543803286786
2024-02-07,GILD,1.7962159786415302,0.007073268383824938,-0.0025096185010773375,0.008528784648187626,-0.008528784648187626
2026-02-17,BKNG,1.7959411882900749,-0.00110611988600684,-0.0048648229035128665,-0.0069283166063165424,0.005814533171534908
2024-10-10,PYPL,1.7957329655689032,-0.002156812991626511,-0.0024679196723094154,0.0048503937007874365,-0.0048503937007874365
2024-05-01,T,1.7957246935588753,-0.008925914906277699,-0.0021793683852595613,-0.007969303423848939,-0.0011806375442738881
2025-08-07,INTC,1.795006527142836,0.007021063189568744,-0.0039564765725748074,-0.01555171562577129,-0.022463589237225245
2024-07-11,MSTR,1.7946100521105097,-0.024566172228651983,-0.006130197122966252,-0.023549435816910602,-0.03701273486370893
2025-11-05,AMD,1.7944676336306502,0.024740952245214,-0.004100216338776552,0.03787202984348381,0.03787202984348381
2025-05-02,DIS,1.7943091743199457,-0.006766190527333182,-0.002534536723077241,-0.0025884383088868868,-0.0025884383088868868
2024-05-14,DHR,1.7940562963738436,0.01934722768383801,-0.0015008482669512935,-0.004840462313543403,0.024281339523856804
2024-12-16,KO,1.7939120667357005,0.008555133079847899,0.008555133079847899,-0.010037641154328703,-0.018506900878293542
2026-06-29,CBRS,1.7937268642741202,0.1258795934323691,-0.013885133474812905,0.12662833000821494,0.12662833000821494
2026-04-21,TMUS,1.793147375634538,-0.008882797827521438,-0.002741514208850937,-0.008115236356258881,-0.008977480219111489
2024-06-18,WFC,1.792777108084317,0.014258718433258766,0.014258718433258766,-0.0012901006278489557,0.015567214242711014
2024-03-22,ZTS,1.7924464506474804,-0.011982378854625497,-0.002513396265995338,-0.011227368916059244,-0.007288972490007151
2026-04-06,AMD,1.7923649010198834,-0.027841815924809388,-0.004550705545562805,-0.026633522727272707,-0.022594105113636354
2023-11-27,GOOG,1.7919853017156455,,,-0.005045408678103103,-0.005045408678103103
2026-02-27,NBIS,1.7911431310718091,0.04008416622830091,0.04008416622830091,0.04189856137771719,-0.04189856137771719
2026-05-19,CRDO,1.7910234121595365,0.07342946071269774,-0.010208518978956582,0.08118932745404539,0.08118932745404539
2026-03-31,RKLB,1.7907102746748003,-0.022057613168724233,-0.0095370840681952,-0.01670214507941714,0.050761421319796884
2025-01-23,NFLX,1.7903810438476249,0.012932098765431999,-0.003306025867136908,0.014659734424354198,0.014659734424354198
2026-03-31,META,1.790306215008226,0.02751931022094478,-0.0034078369986398904,0.029850208843439363,0.029850208843439363
2024-01-09,NVDA,1.7901496930535286,-0.00838964828751343,-0.00248468251530376,-0.006534569983136507,0.018147324850529056
2024-02-26,CRM,1.7899627870351997,0.010187613475892476,-0.0022070208555482473,0.01098642259871796,0.01098642259871796
2025-01-13,TMO,1.7898614427204333,0.0005765765765766151,-0.001871202059201993,0.002355531889930873,0.002355531889930873
2026-06-10,HOOD,1.7897167504916711,-0.014047510278666131,-0.006684763101220348,0.0008741562768825872,0.0008741562768825872
2024-10-29,HD,1.7897133765822855,0.002295410447288093,-0.0017229365310857947,-0.006676879867228314,0.008987616494319006
2026-07-01,AMAT,1.7892019528392071,-0.03307083427029478,-0.007085836358379671,-0.005857104533667279,-0.029911472771170566
2024-11-25,PG,1.7887384439761658,-0.0002537355511700312,-0.0015976403802007155,-0.007610094566616432,-0.0073582899669856205
2025-06-10,ADI,1.788089848511231,0.010825633228066067,-0.0025012578231027316,0.012936273658621156,0.012936273658621156
2026-05-13,ANET,1.7877820901506134,-0.020408163265306145,-0.006051749271136941,-0.009356081452944531,-0.03240231150247663
2024-12-04,VST,1.7873585863714836,-0.011937606892056696,-0.005446808797369362,0.0008687019111441874,0.0008687019111441874
2024-06-05,LRCX,1.7866725313393446,0.01638076122975929,-0.0031878642886263853,0.02195734661915716,0.02195734661915716
2024-04-10,NOW,1.7864565776420844,-0.006914086315816803,-0.0024709519423746773,-0.004809817226945401,-0.000857967397238979
2024-05-03,LIN,1.786164802757635,0.005314668722937288,-0.0019694745494140964,0.007489924268543557,0.007489924268543557
2023-11-22,XOM,1.7859245056993989,0.006191351455935079,-0.0019614007932668986,0.008141901715615019,0.008141901715615019
2025-01-08,SNOW,1.784340836769307,-0.01802921976997207,-0.003486113948221403,-0.01802921976997207,0.0017407522536525555
2025-12-23,NKE,1.7836388139950672,,,0.0019217330538086053,0.0019217330538086053
2025-12-11,JNJ,1.783153532934715,0.005022962112514406,-0.0015461326608714465,0.006178160919540154,0.006178160919540154
2026-02-24,CRWD,1.7831031650335525,-0.003527838629832969,-0.007201326597383373,-0.012443471498113201,0.008871734308840029
2024-06-18,VZ,1.7827403176450345,0.0012481278082874248,-0.0017572034804936854,0.006017040338499147,0.006017040338499147
2025-03-24,SMCI,1.7827005653826835,-0.042213212497018926,-0.008731695683281693,-0.03831417624521072,-0.0014367816091952479
2026-03-05,COHR,1.7820644095085967,-0.04353065220665764,-0.007882539323908588,-0.0280272530195107,-0.017652524001238734
2024-02-09,AVGO,1.7818561521943503,0.012685513595118492,-0.0027259607814118514,0.017529384230297707,0.017529384230297707
2025-07-02,F,1.781769509802269,0.024369016536118338,-0.0020451945791370996,0.02765141924161596,0.02765141924161596
2026-06-26,BABA,1.7816264693680401,0.01281640499839809,-0.0038021620054622396,0.01748927038626613,0.01748927038626613
2025-10-21,TMO,1.781580851997264,-0.005189189189189092,-0.002688084942084945,-0.020230907742823878,-0.015146700561381232
2025-07-14,APP,1.7813771719899578,0.0025071128764189154,-0.005269544816151717,0.010850423223314198,0.010850423223314198
2023-12-12,COP,1.7809540349896413,0.0006306306306305132,-0.001868648648648663,-0.009523168556718309,0.01015980478914158
2026-05-19,NFLX,1.7807679120923376,0.007222222222222241,-0.0027090555555555618,-0.00864680288593922,-0.015806575976207604
2026-06-26,TSM,1.780759061260514,-0.012952689349746471,-0.004955140088369392,-0.010918768638540133,0.026530587997671384
2024-12-31,LULU,1.7807109574056386,0.0018923821828955578,-0.0026779463831261285,-0.005235873980705352,-0.007118347888967924
2024-12-19,WMT,1.7806589271674897,0.00224263135412206,-0.0015707191676328502,0.009960792624774784,-0.009960792624774784
2025-03-05,TMUS,1.7803813605718843,-0.011098880242930265,-0.002499793943008921,-0.006422333244346046,0.0012966706075283607
2025-06-11,MELI,1.7801551471990844,-0.023478914092242897,-0.002876599125001489,-0.015335247424421494,0.005607160952541657
2026-02-20,HD,1.7796543583730269,0.009854689564068764,-0.002348561992828846,-0.003965464649009931,0.013859232636171948
2024-04-29,GOOG,1.7795957654754564,0.013513513513513375,-0.002668830787309062,0.014092777451556127,-0.014092777451556127
2024-10-14,ARM,1.7792985880413017,0.04200219029826724,0.04200219029826724,0.043346449074372684,0.043346449074372684
2024-10-01,META,1.7789858512082253,0.0026471504204297336,-0.0022827408758583356,-0.0032990563260710815,-0.005937473648160219
2025-11-07,CRCL,1.778540983750626,-0.026263589743589666,-0.008737926739926793,-0.025579869830369528,0.05550146056475169
2023-12-04,PYPL,1.778228048264221,-0.013621262458471728,-0.0026265306122449372,-0.012144401929795379,-0.004242222591914868
2025-07-23,CAT,1.7778581884313385,0.006519948217017735,-0.0017690109114140151,0.008418818535550043,0.008418818535550043
2025-03-03,CVX,1.777452942645639,0.03818615751789989,-0.0017143126312200163,-0.0030056355666874257,-0.04107701941139641
2024-02-21,QCOM,1.776807360448132,0.0077331339738289095,-0.0027541407620501612,0.011710692660855893,0.011710692660855893
2025-11-04,CSCO,1.7765843978993088,0.006728920626201562,-0.0018455879467964564,0.007818930041152417,-0.007818930041152417
2026-09-16,JPM,1.776573575302844,0.008096590909090984,-0.0017822260551947355,0.008350137748871056,-0.008350137748871056
2025-10-01,KO,1.7760918556817118,-0.005420870350850704,-0.001120323961537606,-0.00464628297362113,0.0007494004796162468
2025-05-15,COF,1.775990779300808,-0.008555303010955861,-0.002936165400092783,-0.0050048765463786005,0.013500333658436503
2025-11-07,GS,1.7755234750942905,-0.011013983756633428,-0.002358497700731599,-0.008617691386173076,0.012520771341345549
2025-12-03,ETN,1.7752344110262848,-0.018710699075995985,-0.0035648065785052196,-0.01781874039938569,0.031059907834101397
2025-08-14,BABA,1.7751924456257122,-0.01041246266849627,-0.002727344533745457,-0.001293138284975237,-0.011961529136021998
2025-07-08,IONQ,1.7749744957052143,0.017248908296943255,-0.007051543980037378,-0.030482641828958656,-0.047205757832345596
2026-03-09,CSCO,1.7748284743982536,0.004442121766396689,-0.002307346298854096,0.011030513991581947,-0.011030513991581947
2025-04-09,PDD,1.7744975440117114,-0.03743315508021394,-0.0075414438502673375,-0.029126213592232997,0.016073354908306303
2025-02-07,MSTR,1.7744863933617123,-0.027421811990321787,-0.007108338774169054,-0.020280948200175564,-0.04088381621305226
2024-05-24,SNOW,1.774424786367291,-0.021371832051443773,-0.0028592773384729098,-0.020295280970073604,-0.014741327786112035
2025-03-31,SBUX,1.7738689665770562,0.01490066225165565,-0.00248701365894044,-0.012997903563941149,0.028092243186582655
2025-01-07,PANW,1.7738560288425906,0.0058923512747874884,-0.0034210400647509687,0.009651746909747572,-0.009651746909747572
2025-02-10,ADBE,1.773848232559819,0.005954106549517224,-0.0020410782380432257,0.008630712816384944,0.008630712816384944
2026-10-02,MSTR,1.773757177520525,0.03381030006641306,-0.0056459017948784496,-0.02140871532937283,-0.05449518030646339
2024-06-14,GE,1.773001031022892,0.00965025906735728,-0.002685205403405,0.010271864165127376,0.010271864165127376
2026-02-24,JPM,1.7729670155589097,-0.016228202802136882,-0.003124682611679974,-0.0090007627765063,0.008153233324857956
2024-10-29,JD,1.772683980939499,0.008676789587852451,-0.004621750507867617,0.010584556170315063,-0.010584556170315063
2023-12-06,PYPL,1.7724397577918931,0.01638784568111995,-0.0027095303126372094,0.0188227241615333,0.0188227241615333
2026-02-25,TSLA,1.7721461759379116,-0.005183940509813745,-0.0036096739650419707,-0.0024139579349904405,-0.0024139579349904405
2025-02-24,HD,1.7720987233770762,-0.002067305176113532,-0.0021661788125519887,-0.0013859832635985114,0.0013859832635985114
2026-03-06,C,1.7720438576509863,-0.02137951049627551,-0.004028178941112959,-0.017834763327870373,0.0268003470548539
2025-06-16,OKLO,1.7715888911325894,-0.10152422427871544,-0.008729304378256364,-0.09993183367416492,-0.1078391274710293
2026-01-22,SNDK,1.770925340616421,-0.04867895320377391,-0.00740382103932502,-0.048306148055207165,0.05288582183186952
2026-05-12,ISRG,1.7709048586933358,0.01552101215812618,-0.0035512579746759254,-0.009364207128191193,0.025030561259005157
2025-07-23,RDDT,1.7707123982079613,-0.02265521796565395,-0.005025419890545391,-0.01641850571656478,-0.028183993618718484
2026-08-27,ARM,1.770297169238474,-0.03254606111153224,-0.005818352414891148,-0.013548511789717832,-0.013103981445689916
2025-07-25,OKLO,1.7702368395934474,0.018349997773877247,-0.007515043675373145,0.04333402446610002,0.04333402446610002
2024-03-20,INTC,1.7700366708295825,0.007761053621825109,-0.0038271737669668404,0.009612788882498613,-0.009612788882498613
2024-08-26,SNOW,1.7694125888312704,0.005370668125429745,0.005370668125429745,0.008203024865419017,0.008203024865419017
2024-07-18,META,1.7687280085351245,-0.013409676252101876,-0.0035287258983114356,-0.012407633831269083,0.011876029982457181
2024-03-14,MSTR,1.7686992994797481,-0.05294918134740545,-0.009705869158089353,-0.04119097634487168,0.02292446798794412
2024-08-07,UBER,1.7686739655589987,-0.025372023809523747,-0.004583726615646211,-0.01828674211196879,-0.01716255714606929
2026-07-09,LITE,1.768650440387453,0.01746788955662315,0.01746788955662315,0.02028176329286513,0.02028176329286513
2024-12-03,MU,1.7681652353791562,-0.01747496563911255,-0.0034797060391013046,-0.016847585834274814,-0.018910555528267592
2024-01-25,ACN,1.768120225843575,,,-0.004720829154128969,-0.004720829154128969
2026-09-16,TMO,1.7680091899099744,0.0035124094819583007,-0.0023244292610897777,0.006190269331016518,0.006190269331016518
2024-07-11,LOW,1.767491574142119,-0.006794564348521215,-0.0017930036922841897,-0.006035056578655551,0.01912580430441535
2026-04-02,OXY,1.7673358459586845,-0.01955392606171691,-0.003327986556675766,-0.01895444818098435,-0.03760317945582392
2025-06-03,AVGO,1.7672166240199498,0.020941784224120852,-0.0029848627629076585,0.025915425468194808,0.025915425468194808
2024-04-10,ETN,1.7670679816006023,0.011329985837517542,0.011329985837517542,0.011329985837517542,0.011329985837517542
2025-04-09,CRH,1.7665634132976133,-0.007304785894206578,-0.005625224901043557,-0.004143126177024392,0.11713747645951034
2024-11-20,PDD,1.7663396093520984,-0.01797468354430376,-0.003739695703685264,-0.0084230553033251,0.0084230553033251
2026-06-08,META,1.766241054574212,-0.009834877581655244,-0.003248299847916858,-0.009660669001328337,0.009660669001328337
2025-01-31,CRWD,1.7661849598812898,-0.018925579103006407,-0.003977870872350908,-0.016866279787628113,-0.016866279787628113
2026-06-23,MSTR,1.7660490712993788,-0.015028470083076617,-0.009968616233948069,-0.012475191380776796,-0.01852376901994146
2024-04-01,CLSK,1.7659188790462896,-0.03580433686333828,-0.013062063251927158,-0.03120124804992197,-0.03432137285491421
2024-10-21,COIN,1.765901232821426,-0.024644549763033208,-0.005439373730534713,-0.01928244778652566,0.0071189477158077885
2025-12-22,CRCL,1.765638514548061,-0.04111098864763585,-0.007362197099714973,-0.03429903429903436,-0.03463203463203468
2025-11-05,LLY,1.7654123023812327,0.0030769230769231992,0.0030769230769231992,0.0036967574775321754,0.0036967574775321754
2026-08-20,HOOD,1.7652680083081844,0.017154076676655916,-0.004735676641225872,0.019636138741431775,-0.019636138741431775
2025-06-30,PLTR,1.7651311935394929,-0.012086560034739735,-0.004537004104674391,-0.008032450809446257,-0.005314841430228534
2024-04-03,GM,1.7650273882800525,0.003108348134991168,-0.0022289710733316426,0.008932559178204569,0.008932559178204569
2025-05-02,BKNG,1.764624561185498,-0.007735268990928024,-0.003129191805391507,-0.00547348222129751,0.0022194479123318622
2024-08-26,OXY,1.764579753664282,0.011712022046159176,-0.0019903671079180008,0.013071895424836555,-0.013071895424836555
2024-03-08,PDD,1.764321771675061,0.0372730446927374,-0.004479873304070292,0.04311990282838796,-0.04311990282838796
2026-05-05,MA,1.7637161459804125,0.004127346677085253,0.004127346677085253,0.005900000000000016,-0.005900000000000016
2024-02-14,ARM,1.7630037476841527,0.02258062021498719,-0.01000557906249644,0.04833898049845642,-0.04833898049845642
2025-05-13,ASML,1.7628905212940034,0.017857142857142794,0.017857142857142794,0.017857142857142794,0.017857142857142794
2026-08-04,AVGO,1.7627843834812646,0.023353733170134783,-0.00395748032872878,0.026741855621487787,0.026741855621487787
2024-06-03,VST,1.7624794890263549,0.0263954094940011,-0.005536127878381425,0.02708056402637693,-0.02708056402637693
2024-12-05,COIN,1.7622032756243233,-0.024673565272533393,-0.007180785749286489,-0.022572376208966127,-0.07511665754820696
2024-03-07,ASML,1.7620918370775567,0.02297491424718312,-0.0024998841272478867,0.02297491424718312,0.02297491424718312
2026-02-09,MSTR,1.7614000159443988,,,-0.018540622264661355,0.10157555502506566
2026-05-07,BABA,1.7613909454985355,0.011325782811459129,0.011325782811459129,0.012745098039215863,-0.012745098039215863
2026-05-04,HD,1.7613902064884606,0.019601691421601064,-0.002342077316931368,0.021327904791731966,-0.021327904791731966
2024-04-05,ABBV,1.761001822092866,0.008902605495875182,-0.0018053212144849562,0.009321933262083082,0.009321933262083082
2024-02-26,TMUS,1.76099798686512,-0.0021916473882868104,-0.0012171470317092759,0.0009160305343511865,0.0009160305343511865
2026-07-23,ADI,1.7609552128476176,0.0007105824144011397,-0.003960538237981148,0.0007105824144011397,0.0007105824144011397
2026-04-13,VZ,1.7609318024763114,0.00700372072663602,-0.002169121095582094,0.009064103964180337,-0.009064103964180337
2024-09-12,KLAC,1.760666161499687,,,0.00268760503772858,-0.00268760503772858
2025-10-08,QBTS,1.7604733281729628,0.04831991113579548,-0.008991470623239683,-0.05324292561344657,-0.09899014331499056
2024-07-18,ASML,1.7600711491686543,0.026474838355817654,0.026474838355817654,0.02669042898721896,-0.02669042898721896
2026-01-30,STX,1.7592341193350858,-0.02592096602129068,-0.005450210603795691,-0.025618334467891968,-0.07469934195597916
2024-11-01,REGN,1.7590120074484707,-0.010586854460093886,-0.0031339009054326405,-0.008247155848892351,-0.007505970658478356
2024-08-15,ABBV,1.758948421520676,0.0005167424555602151,0.0005167424555602151,0.0012392853454508135,-0.0012392853454508135
2025-08-12,SBET,1.7589459012445985,0.01919720767888311,-0.013863032909498862,0.038247625566869115,-0.038247625566869115
2025-05-23,CEG,1.7583744712660814,-0.021826273787599604,-0.004075192200882816,-0.016591117293794255,0.009398432463610717
2025-06-23,DASH,1.758058956341573,0.02024273564847645,-0.002458467272451137,-0.002932030208796066,0.023234118169702445
2026-09-30,TJX,1.757615370552441,0.010021688729339617,-0.002225028579975863,0.0131583852089312,-0.0131583852089312
2024-05-21,MRVL,1.757578520308155,-0.014570479354532484,-0.003147428881376979,-0.014503661513425414,-0.005966910767561728
2024-11-07,NKE,1.7569532148214841,-0.0030203545633618045,-0.0019973642247443912,-0.010281923714759555,0.007230514096185692
2024-12-19,CVX,1.7569447763391073,0.016372883717689635,-0.0021034726438475815,0.02135033966449451,-0.02135033966449451
2025-03-31,GEV,1.7567301387544538,-0.017423771001866983,-0.006065171225096533,-0.013220409006403644,0.05105694415754325
2024-10-22,KO,1.7566181825188532,0.002164814547553684,-0.0013349689709915014,0.004629629629629539,0.004629629629629539
2026-02-02,T,1.7556685623747081,-0.007840772014475195,-0.0021176277356540485,-0.003973509933774877,-0.003973509933774877
2024-03-18,MU,1.7556441279636406,0.015541321012286113,-0.0036435246995993875,0.016677155443675318,-0.016677155443675318
2025-10-27,IBM,1.755559966780351,-0.012381574648807403,-0.003376468941055588,-0.010944916567439122,0.021123199634625722
2024-12-12,MSFT,1.7554370609004024,-0.008407069882389262,-0.0016698499210359152,-0.008210108143897665,-0.008210108143897665
2026-02-20,GE,1.7552680766768614,0.010362999381752891,-0.0029530363504072232,-0.002538295800005974,0.012927599539565016
2025-02-25,TEM,1.7551778610929887,-0.10781249999999998,-0.013512332589285747,-0.09220985691573924,-0.060890302066772595
2025-01-31,KLAC,1.7550639065593552,-0.02024916954535505,-0.003845192077268411,-0.015234287373157462,-0.026575881134291324
2025-10-24,HOOD,1.7548412399668503,-0.024187135896677425,-0.005797842711721901,-0.01552883927293558,0.0003578073565191353
2026-05-27,MCHP,1.7547568139082088,0.01993725331444185,-0.004517999913253412,0.02575452716297788,-0.02575452716297788
2026-05-13,RKLB,1.754668788751179,-0.016706248464499307,-0.007228505913871475,-0.008939455505891925,0.008939455505891925
2026-08-12,ORCL,1.7545796159370557,-0.01697162556351106,-0.004885020078039259,-0.012073629346176729,0.011281915946427468
2025-07-25,ELV,1.75446049277825,0.005810716771050828,0.005810716771050828,0.006774053112755807,0.006774053112755807
2025-03-24,HOOD,1.754120375900721,0.024374735057227648,-0.008507145885060186,0.03335471456061567,0.03335471456061567
2024-04-18,AMAT,1.7535878636263875,-0.012275586926499882,-0.003290335898054053,-0.005206084770297492,-0.013078700764405538
2024-12-19,HD,1.7534256314221752,0.016219253658910304,-0.0018486008385116826,0.01857561472799074,-0.01857561472799074
2025-04-30,NKE,1.7534021851930737,0.006964285714285756,-0.004738303571428681,-0.019293775027302562,0.0263924281033856
2026-08-24,CAT,1.7532243139762658,0.0015880636702736428,-0.0040833460835676405,0.0015880636702736428,-0.0015880636702736428
2025-01-13,CVX,1.753049052207118,-0.008173690932311684,-0.001653890713373407,-0.007539936102236466,-0.007539936102236466
2025-09-08,TSLA,1.752710175657921,0.020998784727128905,-0.0034323161647442646,0.022490617151564862,-0.022490617151564862
2024-12-04,NOW,1.7526799891015343,0.02852590225185203,-0.0020650339550466468,0.035238900221124414,0.035238900221124414
2025-01-07,DELL,1.752650068212824,0.02859202306583364,-0.0030616233038145424,-0.00631103117315146,-0.034722609090113266
2026-10-01,APP,1.7524956812879362,0.006591403622799308,0.006591403622799308,0.01935281400376576,-0.01935281400376576
2025-02-12,SHOP,1.752483645698079,0.0077824267782427015,-0.004561219366407632,-0.008949679162445046,0.01680175616345836
2024-01-31,C,1.7521435085819923,-0.014084507042253391,-0.002237499068485027,-0.014084507042253391,-0.023126412797774276
2025-06-25,RDDT,1.752032294776938,0.046063707993804326,-0.0059708927008070845,0.049152728961874725,-0.049152728961874725
2025-12-22,NOW,1.751833834466192,-0.019498245157935745,-0.003394714118586384,-0.01833998766514111,0.017041581458759447
2023-11-09,NVDA,1.7516364338611432,-0.00875435080687681,-0.003326788916178325,-0.0021050415745711426,-0.011619829491632427
2026-06-04,JNJ,1.7515610195210378,-0.0006130402417130476,-0.0017519970724200196,0.004843041430018014,0.004843041430018014
2025-11-24,GOOG,1.7513936941443493,0.011433289929177137,-0.0034751303258940824,0.011433289929177137,0.011433289929177137
2025-10-13,QCOM,1.7513201900651925,0.029196615991349262,-0.002890633093132977,0.03254626675175509,0.03254626675175509
2024-08-12,MARA,1.7511106474185236,-0.023631840796019876,-0.011451581378820186,-0.004058694973462229,-0.056821729628473316
2024-04-15,WFC,1.7510730585510959,-0.007089745806674652,-0.001779847335787177,-0.00519750519750517,-0.01299376299376298
2024-06-27,V,1.750927461527654,-0.004944237918215522,-0.0014050212426978126,-0.0016383675901101569,-0.006702412868632712
2026-01-23,GE,1.7508955241642765,0.007231195512603872,-0.003622078317033317,0.007884917351883347,-0.007884917351883347
2024-09-18,AXP,1.750126971882888,-0.004931901817216255,-0.0025382113997387545,-0.0032192092107254933,-0.006249053173761676
2026-05-19,ADBE,1.7500605049456974,-0.017651809406607155,-0.003389531977079585,-0.016088776254655768,-0.021061321660331034
2024-06-06,CRH,1.7499930561121686,-0.007625760974046769,-0.003071817640865948,-0.0028332260141661347,-0.003348358016741826
2025-08-13,CRM,1.749659570491682,-0.00974870017331031,-0.0027554623669225897,-0.009464405605007276,0.026877179303922194
2024-10-07,MSTR,1.7494491912158954,0.020610139976126707,-0.005961519978926466,0.031589448015960864,0.031589448015960864
2026-05-07,GLW,1.749429637179283,0.0029508196721310664,-0.006001163153786182,0.015326497571505726,-0.015326497571505726
2025-02-12,HD,1.7493622813740406,-0.007673077399074302,-0.0017761264749458494,-0.0067261801726057335,0.0067261801726057335
2025-09-17,WFC,1.7490692353455286,0.013396444818001507,-0.0020032963603111575,-0.003326346936259439,0.016767352977438144
2026-09-24,BA,1.7488134790235081,0.004957757879293756,-0.0029067240494620172,0.005737394161506315,-0.005737394161506315
2023-12-01,MCD,1.7488059452414197,0.006015831134564609,-0.0010645809775097215,0.007610993657505283,0.007610993657505283
2026-02-13,WMT,1.7487215873856556,-0.008126410835214593,-0.002411673653660018,-0.004003928382564137,0.011558510236458375
2025-06-26,PANW,1.7486036465758417,-0.009779951100244544,-0.0020899161718477277,-0.006534042604872559,-0.017027374966601116
2025-10-27,LRCX,1.7485395249685913,-0.0020354939253229842,-0.004231337519423506,0.0007654525738340912,0.0007654525738340912
2025-06-06,CSCO,1.7484566339439327,0.006398537477148025,-0.0013547955297292802,0.007012195121951281,0.007012195121951281
2026-01-12,SOFI,1.748195126745228,0.005981308411214914,-0.004300347129505999,0.0074654721911160404,-0.0074654721911160404
2024-08-12,HD,1.7480824496295406,-0.004879040455377126,-0.0027562533450053994,-0.004383164005805407,0.004383164005805407
2025-11-07,C,1.7478463775991306,-0.01778274565592919,-0.002560642791818335,-0.016646366220056885,0.023142509135200884
2025-10-15,TSM,1.7478157017711327,-0.009039435780272331,-0.00388468215338178,-0.007838079174521395,0.007838079174521395
2024-11-01,AAPL,1.7476216855121933,0.0022487069934786774,-0.0018103697516784756,0.002744780417566428,0.002744780417566428
2025-02-26,CRM,1.7474651780714674,0.006208569118835938,-0.0028365815914077608,0.0074923300500564505,-0.0074923300500564505
2025-07-21,NU,1.747237485375892,,,0.00462962962962965,-0.00462962962962965
2026-09-25,MSFT,1.7471840576950055,0.013590478809065498,0.013590478809065498,0.014247813697553235,0.014247813697553235
2026-07-07,GEV,1.7470637797782047,-0.02773854961832045,-0.005730567066521308,-0.024307900067521926,0.024307900067521926
2025-11-25,SPOT,1.7469954796782485,-0.016173044925124835,-0.003503035417161793,-0.006902559978555267,-0.019283608095429505
2026-07-02,PLTR,1.7465736725307126,-0.023275271925153995,-0.00485987569135804,-0.02228469096247221,-0.016498041676057507
2024-06-11,FSLR,1.7464167715211634,-0.039905005217516276,-0.006401782180253557,-0.032346796657381494,0.025487465181058377
2026-02-13,KO,1.7462123245439676,-0.00959717136002014,-0.0018695632565439713,-0.00959717136002014,-0.00656648566738216
2026-08-10,PLTR,1.7462034701277849,-0.0019935068633593067,-0.005278720738167042,0.013418160786581756,0.013418160786581756
2024-12-12,AVGO,1.7459936425969305,-0.01401031158932975,-0.003460318794632933,-0.009034128931519003,0.008866830247602042
2025-03-07,XOM,1.7458845207854876,-0.001374507468157149,-0.0024565132018169455,0.0009644087256028833,0.0009644087256028833
2026-08-06,SHOP,1.7454773253682276,0.0026496365242205666,-0.0055159026719595605,0.022581606280444477,0.022581606280444477
2026-08-13,CRWV,1.7451305364267407,-0.04339285714285712,-0.007934464285714316,-0.039964157706093184,-0.04713261648745515
2026-06-29,RKLB,1.7450090799019942,-0.029367950627793182,-0.009975283494968568,-0.02864444681077627,0.042806942817591453
2026-04-20,ADBE,1.7448738311901224,-0.00544,-0.003591625714285618,-0.003049269780131647,-0.002407318247472423
2025-01-13,MARA,1.7448641730329408,-0.01935483870967758,-0.008380770842061125,-0.018779342723004744,0.009389671361502261
2024-11-27,PG,1.7447459216020924,-0.004461298237787181,-0.0014438598594690433,-0.002281453452785076,-0.002225808246619554
2025-02-19,META,1.744373131153899,-0.00462505822542747,-0.002622841758965544,-0.006657496756262482,-0.0020632298409682948
2026-09-30,BA,1.7443686059645567,0.020321137141352863,-0.003458176963862636,0.02057894736842103,-0.02057894736842103
2025-02-14,INTC,1.7442482950761833,-0.01444557477110886,-0.0040116262171195904,-0.013843648208469062,-0.038680781758957616
2025-10-28,BKNG,1.7442399454669393,0.015884216935047046,-0.0027335826634953264,0.018645785528529912,-0.018645785528529912
2025-01-07,C,1.7441426036424084,-0.007193268186753254,-0.002063420970994212,-0.0062044780145669165,-0.0060695980577286646
2024-10-01,GOOGL,1.743095145962452,0.0025676240520691174,-0.0016819515648858196,-0.0055520916837386025,-0.00810546005166124
2025-03-06,SHOP,1.7428328159506337,-0.023629580024873253,-0.006392457394322926,-0.020161290322580627,-0.0160330261136713
2024-11-20,INTU,1.7425133387156766,-0.010077519379844913,-0.003183776301218022,-0.009463233012721117,0.00963388147688482
2025-05-29,AVGO,1.7421053351777303,-0.0035669846536707794,-0.0031048823843100593,0.001835770714300411,-0.001835770714300411
2026-08-19,JPM,1.7411690966140414,0.004374721355327682,-0.0015293472549517961,0.00785805520075522,-0.00785805520075522
2024-07-23,TXN,1.7407056105946315,0.01097475805647019,-0.002222121263949939,-0.011075207814311483,-0.021928418144594453
2025-03-06,NFLX,1.740211051393651,0.05295377383128741,-0.0031060851397231026,0.05405066989440288,-0.05405066989440288
2025-05-19,MRVL,1.739955329338409,0.016227084987956886,-0.004817555795468609,0.022536362150678224,0.022536362150678224
2025-09-12,BA,1.7394950911640952,0.009629052226145185,-0.0025803403575195283,0.010717720881234793,-0.010717720881234793
2024-06-13,ADBE,1.7392805899953219,-0.007338063276146611,-0.0028369971598500854,-0.005642057382785337,0.0035208187543738223
2025-07-10,AMD,1.738823707399443,-0.016877450980392172,-0.003570688275310152,-0.007230255839821953,0.0022942157953280695
2023-12-20,GOOG,1.738788098565343,-0.014598025387870361,-0.0023641597823896854,-0.013415236884840809,-0.013980088964202442
2025-08-18,HD,1.7386585348053074,-0.007596719826935772,-0.0018493466964689675,-0.005119152691968276,-0.005119152691968276
2024-09-23,NOW,1.7383342642226591,-0.014274287493490911,-0.0024442445394887713,-0.012117251280293173,-0.00935310377338261
2025-05-29,UBER,1.7378700962879794,0.01724941724941731,0.01724941724941731,0.017764575688741457,-0.017764575688741457
2024-05-15,FCX,1.7374385468116598,-0.003274700598802527,-0.0029097920230967134,-0.001868634962160165,0.001868634962160165
2024-09-11,MSTR,1.7373388639616598,-0.02541264912567409,-0.007651734643849384,-0.023322188697708635,0.05439125825654423
2024-03-11,XOM,1.7371910282869978,-0.006839186691312227,-0.0015576313704779299,-0.0039583908680842494,0.003682224063334294
2025-06-16,ADBE,1.737127367198539,-0.012178568735389361,-0.002160457984566211,-0.009838998211091132,0.011892463906876038
2026-01-22,MRVL,1.7371146885345892,0.011177170035671757,-0.004257202310175012,-0.008079259302942732,-0.019166126083623336
2025-07-25,UNH,1.7367652858153582,-0.014024258005011725,-0.0026162424460807188,-0.013226861786329813,-0.011116192352340959
2024-12-05,TSLA,1.7367600913166619,0.005688622754491002,-0.0043434462244342775,0.007086592711712081,0.007086592711712081
2024-08-30,CRWD,1.736514500415784,0.0017468619849422273,-0.0033627247508392077,-0.01763033175355455,-0.01934639598217458
2026-04-01,BA,1.7364734823206458,0.011116528522671976,-0.0033410426969422424,0.023042604304554626,0.016718144825219383
2024-07-08,SMCI,1.7364649037787427,0.011171175221119656,-0.006958688486689457,0.014340311834139419,0.014340311834139419
2024-04-10,TSM,1.736234885575867,-0.0049002926563669336,-0.0026620985697757282,-0.010522696011004085,0.005570839064649169
2025-09-12,CSCO,1.7362286836902356,0.00202581032412974,-0.0015382009946836028,0.00202581032412974,-0.00202581032412974
2026-01-02,ASTS,1.7361166770705707,0.11851454618581592,0.11851454618581592,-0.06992756221760033,0.19672954170551527
2024-12-17,LIN,1.735897481178001,0.0027035215699071635,-0.0014541966179344445,0.002984030772817503,0.002984030772817503
2024-06-27,GS,1.7356746069841238,0.0029069117416872237,-0.0018426945474641077,0.00393146737552208,-0.00393146737552208
2026-09-04,KLAC,1.7353832075823623,0.03474429758518771,0.03474429758518771,0.035263921437339585,0.035263921437339585
2024-08-13,DELL,1.7352332039421896,0.017319057885596845,-0.006965904586239247,0.026605033384694332,0.026605033384694332
2026-06-22,FLEX,1.735118221473718,-0.026772913679858457,-0.006572957499606957,-0.010066671067397226,0.028054657073074196
2025-10-10,CRCL,1.7350221568954711,-0.03516492135321203,-0.006421646227811384,-0.03286505993040334,-0.1436396442840574
2025-08-29,MELI,1.7344685763763619,0.0028208744710860323,0.0028208744710860323,-0.007296758862921693,-0.010097050093209603
2024-09-12,SBUX,1.734408118346262,-0.00959673302705455,-0.0023863633048930577,-0.007693483466653106,0.011871401640596968
2024-12-03,SMCI,1.7338193327650977,-0.044831591173054575,-0.010354156296664918,-0.03662179852975744,-0.10062323072963886
2026-03-16,IREN,1.7333892729737288,-0.02430635175418483,-0.008725226848363743,-0.018351761085147578,0.024507010144762198
2025-04-22,ISRG,1.7333645481258217,-0.021419841763331116,-0.006384906255647582,-0.021222774824215307,0.026410564225690214
2025-01-13,TSM,1.732886568381166,-0.012793603198400838,-0.003330331262940023,-0.011534566651023814,-0.005162150813841526
2026-10-02,ALAB,1.7327286878593156,-0.008995756718529035,-0.0062353283491614064,-0.021676300578034713,0.01248554913294786
2024-05-24,BA,1.7326276197358912,-0.009436419949633734,-0.0030276848516928023,-0.005755892595044165,0.004748611390911428
2025-05-09,AMGN,1.732130032413211,-0.013562055567773568,-0.0029587142752417472,-0.012349303631392639,-0.024606859093161293
2025-07-11,PANW,1.7317475242441174,0.014824939543686244,-0.0028281914174563827,0.022303378113995076,-0.022303378113995076
2025-04-25,ABBV,1.7315429965655924,-0.007546583464216994,-0.004718120919047664,-0.0032615434378284736,0.0032615434378284736
2024-11-13,JNJ,1.7315329082819657,0.001830065359477162,0.001830065359477162,-0.008071157964091524,0.009915994070169631
2026-05-04,NBIS,1.7315270011090347,0.06019306084970588,0.06019306084970588,0.06063887384948563,0.06063887384948563
2025-04-22,MSTR,1.7310614361555798,0.031314039965748997,0.031314039965748997,0.034657497059089604,0.034657497059089604
2026-01-02,VRT,1.7308062343659805,0.012223247232472367,-0.004459846138639922,0.012807199723087637,0.012807199723087637
2024-12-17,IONQ,1.7307745703112993,-0.05633478960680627,-0.010655651545511291,-0.04719479894052503,0.05586323139898863
2024-05-14,FCX,1.730706507826292,0.013071895424836777,-0.002874179623540307,0.014128579556230036,0.014128579556230036
2025-10-06,VRT,1.7305051510074105,0.009375951293759455,-0.00474667971298115,0.019523362171354197,-0.019523362171354197
2026-08-27,ANET,1.7304039736875325,-0.0025177614358720124,-0.004106942540196945,0.007894217485691746,-0.007894217485691746
2025-07-24,TXN,1.7301986450673001,-0.008830519410689464,-0.003086053799947752,-0.0035362194599227736,-0.005143591941705883
2024-02-05,BMY,1.7298093129418795,-0.0037641154328733606,-0.00197633984585055,-0.0012515644555695093,0.0012515644555695093
2026-01-09,INTC,1.7286430457370061,0.06331775700934572,-0.004195594125500635,0.06668229227704203,0.06668229227704203
2026-05-07,CRWD,1.7285729813823483,0.023135237524740004,-0.003516657868276263,0.030156692544369035,0.030156692544369035
2026-07-14,NOW,1.727263474577666,0.0009546539379474694,-0.005346518922604848,0.008076146524372607,0.008076146524372607
2024-08-14,MU,1.7270730704945687,-0.005608412618928416,-0.005978231633164022,-0.00379886034189747,0.00379886034189747
2025-06-03,ACN,1.7270081322643753,-0.005953996200935396,-0.0017570787792825504,-0.0017429402923023751,0.0007355527839074671
2024-04-15,BMY,1.7269367722161473,-0.0041059330732909904,-0.0019143912954218134,-0.0039014373716633743,-0.0039014373716633743
2026-06-17,JPM,1.7267689502950962,-0.005635566687539062,-0.002037515068644913,-0.0026766355140186437,-0.0026766355140186437
2026-09-15,COIN,1.7263473511478329,0.041703786191536696,-0.006487082405345124,0.04560955998558236,-0.04560955998558236
2024-03-21,CRWD,1.7262170612782834,0.007495334536665954,-0.005159272581061081,-0.009231814252192105,0.01679634432505872
2024-05-14,ADBE,1.7261586464945806,-0.003712845178575286,-0.002142881252241491,0.007302468234263171,-0.007302468234263171
2026-09-25,MELI,1.7260171973391616,0.00444686711039699,-0.003287282779763312,-0.009178030632039036,0.01366571122499205
2024-11-04,WFC,1.7259652596965178,0.00047058823529411153,-0.0018282913165266201,0.0006273525721455231,-0.0006273525721455231
2025-02-03,CRWD,1.725962099368323,0.023467050922471255,-0.004089288011733583,0.02853682200611085,0.02853682200611085
2026-02-02,WDC,1.7253089963437949,0.0663382266528123,-0.0072061873065345505,0.06785488460322475,0.06785488460322475
2024-02-23,INTU,1.7252733471439057,-0.007473035439137243,-0.0022483821263481474,-0.007441989461033582,0.016486394872269106
2026-09-04,HOOD,1.7252656151848924,-0.01373515391451885,-0.005860518934890813,-0.029095199412658257,0.014960418456032798
2026-04-09,INTC,1.7252225754431776,0.02884021951260185,-0.005314220899448885,0.03316582914572863,0.03316582914572863
2024-07-11,FSLR,1.7245467785792257,0.010136138088977398,-0.004824165571059025,-0.015561304156862299,-0.02553971071806116
2024-03-22,BA,1.7244756320998653,-0.014361063240900362,-0.0025746103862193115,-0.0116254713028906,-0.01104943443653128
2024-02-14,COIN,1.7242841789203283,0.04731737582862561,-0.00567251972140459,-0.012531411188996255,0.06044174051051465
2026-07-24,TMO,1.7238687827977313,-0.012868498912772308,-0.0030565765820818047,-0.00968320807348566,0.00968320807348566
2024-11-14,TMO,1.7237700326688044,0.006154764347128583,-0.00196209491126198,0.006988185308039241,-0.006988185308039241
2023-10-16,FDX,1.7236438350645602,0.0076531650722573286,0.0076531650722573286,0.008268839103869663,0.008268839103869663
2024-03-14,GS,1.723425476040151,0.006604074854697717,-0.0019419885217930588,0.006997293018029538,-0.006997293018029538
2024-06-11,BAC,1.7230132219938574,-0.00206291903042799,-0.002088723937228254,-0.00206291903042799,0.00206291903042799
2024-11-01,PYPL,1.7229293540732438,0.0003882489970233882,-0.0027043391447429954,0.001163843269106457,-0.001163843269106457
2026-04-27,COP,1.7228312701169743,0.0041324004746122744,-0.0036031317399920493,-0.006301837697186619,-0.01040819645470814
2025-01-07,APP,1.7227205409446376,0.009009009009009028,-0.006130791505791544,0.03134906657273695,-0.03134906657273695
2024-01-09,VZ,1.722213474960962,-0.005408189544166886,-0.0015175858136198261,-0.0007690335811330051,0.0007690335811330051
2025-04-09,TXN,1.722088194268788,,,-0.009862615496418092,0.17202477765858037
2026-05-04,COHR,1.7217271963807943,0.02949999999999997,-0.006425237394957817,0.03725856334247524,-0.03725856334247524
2026-03-24,CRM,1.7213180771475516,0.029792196776929458,0.029792196776929458,0.032766092379240996,-0.032766092379240996
2024-07-11,C,1.721293318876257,-0.009574468085106425,-0.0018330438558402662,-0.005981676383736145,-0.005678806693420135
2025-03-05,ASML,1.7199739333543234,-0.006115997800989481,-0.003173509777743,-0.005936267571764242,0.01654459758426885
2026-05-27,MU,1.7199387359256297,0.002042110467428304,-0.00711528634841474,0.014453988446362143,-0.014453988446362143
2023-10-16,AAPL,1.719920346371448,0.0027780895723426013,-0.0018852925612943272,0.003115876936896411,0.003115876936896411
2025-08-12,GE,1.7198333925073421,0.0036985170024057545,0.0036985170024057545,0.005467625899280515,0.005467625899280515
2023-10-16,AVGO,1.7196185177538477,-0.005446947393955459,-0.0026489680255682435,-0.0032268402382557015,-0.0032268402382557015
2024-06-11,GME,1.7193940166517945,-0.06198526224534029,-0.029419654467768952,-0.059001512859303995,0.3179165766155174
2026-07-13,ORCL,1.7192756940663898,0.04127839254513699,0.04127839254513699,0.04693323683734407,-0.04693323683734407
2024-02-26,INTU,1.7192087161092378,-0.006634637382749942,-0.0023103354359359507,-0.004887406933723248,0.010718799007293223
2024-11-13,GEV,1.719107469303941,-0.013653846153846128,-0.0038532058326288254,-0.011797311517199538,-0.011797311517199538
2024-08-15,COST,1.7184991890769357,-0.007715241584924537,-0.0022136094520650573,-0.007342478228698379,-0.0011611360919803193
2024-01-03,PYPL,1.7177789327340882,0.012295772275560002,-0.002697899371977064,0.012794612794612803,-0.012794612794612803
2025-07-22,SHOP,1.7175206718302345,0.010949488491048598,-0.0036970165783705156,0.0209264606986036,-0.0209264606986036
2024-04-29,AAPL,1.7170321527515,-0.008703120526767916,-0.0018720665821438942,-0.008476032300555603,-0.006185212759864944
2025-02-14,SMCI,1.7166437318251173,0.067067067067067,-0.007787835454502234,0.07979741136747331,0.07979741136747331
2024-02-27,CRM,1.7164091711734142,-3.3385637498994924e-05,-0.0022711199927505366,0.0020323171747458346,-0.0020323171747458346
2024-04-03,DHR,1.7161975508539256,-0.009224496386904035,-0.0016384366511531523,-0.007601949010331399,-0.011948808151877266
2025-09-17,LLY,1.71619682430407,-0.008037473415012819,-0.0019805913284013377,-0.007281138696492162,-0.0008148566772248067
2026-02-25,SOFI,1.7159853508639908,-0.01858111632759507,-0.0057124226842537595,-0.014611587425305217,0.003117692907248504
2025-04-11,PDD,1.7154410251181493,-0.018963616317530296,-0.007329988974641655,-0.017663943475380806,-0.001214396113932481
2025-05-14,COST,1.7153975059396114,,,0.00228446063582477,-0.00228446063582477
2024-02-15,ACN,1.715217839330613,-0.004975124378109541,-0.0019392285882416926,-0.002172688500844955,-0.003674794131058756
2026-09-22,META,1.7151056659609385,-0.014250732608084848,-0.003658261506200189,-0.014250732608084848,-0.014250732608084848
2024-11-07,GS,1.7150890742496536,0.01322033898305075,-0.0024017542372882783,-0.0020427677109077225,-0.015236100612356696
2024-06-04,GME,1.7150827217714568,-0.06734534064213005,-0.033174739903792494,-0.06401249024199851,0.03415300546448097
2023-11-09,MU,1.714661436715053,-0.008498583569405027,-0.0027191709545008047,-0.005412719891745632,-0.004465493910690288
2026-07-02,SOFI,1.7145559383509656,0.02300695559122523,-0.0048738821371245855,-0.015362245543052211,-0.038015762633286876
2024-06-14,CAT,1.7142433792478529,-0.006376666770758543,-0.0022096595750376036,-0.004995790064552308,0.0028378083387905484
2025-06-23,XOM,1.7141529646240243,0.03457216940363006,0.03457216940363006,0.03733424880916636,-0.04132515126807701
2025-09-11,ANET,1.714059382896399,-0.010234680573663613,-0.002933842428757716,-0.006120511897358516,0.0016692305174617061
2023-12-13,COST,1.7140018101638776,-0.005311161342332893,-0.00121353375139166,-0.0025541978715017954,0.012219156484036153
2023-10-12,XOM,1.7139242952927374,0.004675956233049616,-0.00286810463454068,0.0060702278670152765,-0.0060702278670152765
2023-11-22,NVDA,1.713035468528957,-0.01058623789074209,-0.0025832417856787027,-0.009913853410885243,-0.02647358637644659
2026-03-06,GEV,1.7130204985869384,-0.008449755467960007,-0.004458359354781116,-0.005577601132328303,-0.0029192837012977924
2024-07-22,CMCSA,1.7128936355415667,-0.005596540320529142,-0.0018983355743722452,-0.005340793489318374,0.005340793489318374
2026-01-08,BKNG,1.712687308508747,-0.015490854796565756,-0.0017151455767077106,-0.015490854796565756,0.01610862262038082
2023-11-28,MS,1.7124473865938112,-0.004443282801881887,-0.0018179094167722898,-0.0013027618551328946,0.0013027618551328946
2026-01-22,META,1.7124059952404043,0.021331273254713956,-0.002288971071811585,0.0219274029436356,0.0219274029436356
2024-11-25,TGT,1.7121580982385796,0.00826637824474652,0.00826637824474652,0.011313444401394701,0.011313444401394701
2024-11-18,NFLX,1.7121403267573068,-0.012873733629849227,-0.0017934360549258788,-0.008978185286606655,0.04226946863173442
2026-09-02,COST,1.7121237532885074,-0.00021545455524796253,-0.00021545455524796253,0.004839306098168739,-0.004839306098168739
2025-10-01,NFLX,1.7113249072394783,-0.00926020408163264,-0.002360204081632622,-0.004347046314405079,-1.7080732080176908e-05
2023-12-04,IBM,1.7112657213057434,-0.001302002604005037,-0.0011125125107394052,-0.0006824244680190272,-0.0006824244680190272
2026-06-25,APP,1.7111432908565887,-0.04955273069679844,-0.007303828692493797,-0.04615420714252205,0.04615420714252205
2024-02-01,VZ,1.7111052193344927,-0.0024562951707018943,-0.0023226264661675433,-0.0010603204524033405,0.0010603204524033405
2025-02-04,BABA,1.7106178656504702,-0.008908017215494057,-0.0033840885368259244,-0.0023866348448686736,0.01809864757358781
2026-05-14,GS,1.710569226953549,-0.009449504211867854,-0.002310324589877455,-0.009449504211867854,0.0042688549729053005
2024-05-08,BKNG,1.7104778899236046,0.014820275067408906,-0.00240418741258408,0.01586751182434787,0.01586751182434787
2024-04-15,AAPL,1.7103071827987677,-0.0122172974201612,-0.0015989966392284671,-0.009986225895316725,-0.008895775941230588
2024-04-29,PLTR,1.7100826926059545,-0.0075022065313326,-0.003913976799899244,-0.011343804537521929,-0.003926701570680757
2026-01-21,ABBV,1.709700899947062,,,-0.008769861851100957,0.01914281672874729
2024-06-25,MRVL,1.7095804947246245,-0.016066646831300213,-0.003935744038763955,-0.011252591057151262,0.011104530648504696
2024-10-07,TSM,1.7090288162880292,-0.01676250406856894,-0.0029866124707449426,-0.016575784704701446,0.0010580288109383051
2024-03-07,AMGN,1.7089259529365661,0.004742448562673363,-0.0021029945175210507,0.007046974736147793,-0.007046974736147793
2024-12-11,GOOGL,1.7086366309151921,0.037583607601656244,0.037583607601656244,0.03780397154083048,0.03780397154083048
2026-04-28,AMD,1.708293712575983,0.008175296631812934,-0.004596977939086311,0.009876543209876631,0.009876543209876631
2026-05-14,AMAT,1.7080898037563907,-0.005806611644793236,-0.004288111023058927,-0.006651079381653879,0.0008058475018728473
2025-06-16,V,1.7071272239888051,-0.009265461040410816,-0.001862361655981859,-0.00815824765310691,-0.006509834599910724
2025-02-03,NVDA,1.707067759578853,0.014523002000173868,-0.0070534083709141715,-0.005333100192341345,0.019933554817275656
2026-07-14,BAC,1.7067484691066968,0.0026459401356044854,-0.0018468307779536675,0.004806098773616263,0.004806098773616263
2024-09-12,AMAT,1.706543133496052,-0.021385041551246653,-0.0039986664028492935,-0.010385553393801539,0.0044666100348011994
2024-05-31,VRT,1.7064039201424113,0.0006116207951069041,-0.004860805300713533,0.0021374045801526576,-0.0021374045801526576
2026-05-12,IREN,1.7061737225955038,-0.029861616897305154,-0.009523566746436396,-0.038851942597129874,-0.010150507525376273
2024-07-29,MSTR,1.705337935208827,0.06597114317425068,0.06597114317425068,0.07062318472463025,-0.07062318472463025
2024-08-09,PLTR,1.7052582374434682,-0.017811824577561697,-0.0064005017063683,-0.010497798848628559,0.016593294954283744
2024-09-25,MA,1.7050855627862136,-0.005393676379417345,-0.0017558217459332504,-0.005050974559201782,0.01180626568745935
2025-09-04,AVGO,1.7049084475663039,-0.0034770058387456615,-0.0031914274467905734,-0.009165366614664605,-0.00572022880915235
2024-11-13,MSTR,1.7045957061636197,-0.022715082600300307,-0.007149228399791596,-0.020692805890731192,-0.11789524602939994
2024-11-05,MRVL,1.704472073368745,-0.011809470777940145,-0.0035894427374902893,-0.014946863215632544,-0.003313906982059245
2025-12-08,IBM,1.703955361027438,-0.014210157395016965,-0.002346642269983934,-0.010730409648415984,-0.010730409648415984
2025-06-24,ANET,1.703631191505763,-0.00042105263157898865,-0.00042105263157898865,-0.016151460049203203,0.015723606802866552
2024-12-12,LIN,1.7036154836355528,-0.005989110707803946,-0.001328448275862093,-0.005616893800991618,-0.005049530790790513
2024-06-04,TMUS,1.703481216875447,0.017706456134328752,0.017706456134328752,0.021182548794488998,0.021182548794488998
2026-03-10,C,1.7030543381365355,-0.01792147806004607,-0.004124341801385656,-0.016087984002908562,-0.009271041628794774
2026-01-30,CVX,1.702978218644082,-0.014467984178694326,-0.001677907806047818,-0.012650147971914327,0.027157198398421567
2026-09-30,LITE,1.7027451990799836,0.002251928020565619,-0.006224821153139937,0.008537139879325473,-0.008537139879325473
2024-08-13,MARA,1.702338488372685,0.0217821782178218,0.0217821782178218,0.027547295054762833,0.027547295054762833
2025-10-20,WDC,1.7023149497941619,0.04743237945903567,-0.005959018872150779,0.05336969224776,-0.05336969224776
2025-08-12,CRWV,1.702233021876323,0.0904677846425419,-0.006596935022905925,-0.033916349809886004,0.12745247148288974
2026-02-09,HOOD,1.7018909974088297,0.016913319238900604,-0.007125146817007266,-0.007216372885366029,0.024251744942623832
2026-07-16,WFC,1.7018625249966488,-0.006948399589930432,-0.0024111434755016425,-0.0020461520973058533,0.0010230760486529267
2025-02-03,CMCSA,1.701824195108882,-0.012060750446694524,-0.0026971836977792707,-0.008517632994620605,-0.008517632994620605
2024-12-04,INTC,1.701055358357136,0.011859522737505679,-0.004436547243841238,0.015185102086605395,-0.015185102086605395
2024-01-31,LLY,1.701003856915229,-0.01617003774990422,-0.0017305866950934057,-0.008618977031343067,-0.01418157922887664
2024-08-30,PEP,1.700806229394469,-0.004057971014492678,-0.0012624596273291822,-0.002786162061759856,0.003134432319479963
2025-07-22,SOFI,1.7007309023888093,-0.05692695214105781,-0.004881540122346095,-0.027927486526212686,0.027437530622243855
2023-10-30,BMY,1.7005486958764255,-0.006765899864681901,-0.002325605478998072,-0.0027137042062412853,-0.006590424500872327
2025-06-27,SPOT,1.7001672847845695,-0.01584517336139868,-0.0028934457799569824,-0.015488923958150824,0.003929056182256252
2026-02-09,NVO,1.6992156450452442,-0.015064420218037777,-0.0060193968568597045,-0.01467380527463813,-0.021118381915526396
2025-02-04,PFE,1.6990040936982669,0.0019267822736031004,-0.001995100467932831,-0.029906542056074792,-0.03177570093457949
2025-12-16,AVGO,1.698812723737181,-0.01081880674072555,-0.004970497930297135,-0.010732726112432478,-0.010732726112432478
2025-07-02,ADBE,1.698701977964221,-0.0016143118003546508,-0.00265049015345431,-0.00015855398763275907,0.00015855398763275907
2024-10-28,XOM,1.6986752463151493,0.01032066256105324,-0.001563880714740784,0.012169177091311267,0.012169177091311267
2025-12-29,BABA,1.6985924946533153,-0.009022454378943223,-0.002427083838080435,-0.0029085497835498186,0.0043290043290042934
2025-12-12,UNH,1.698500941982108,-0.0008184741303712828,-0.0025795715538480257,-0.0008184741303712828,-0.0008184741303712828
2025-07-21,ANET,1.6981520044885225,-0.009050576752440032,-0.003077570034224819,-0.016001803020058603,0.0068064007212080835
2025-03-27,AMD,1.6979460326155844,-0.015397695068958939,-0.004143261990229741,-0.01415227851684131,0.00603830550051887
2024-05-06,MU,1.6979368295699218,-0.015831357941076707,-0.00379241449373513,-0.008870391390255028,0.010215664018161208
2025-06-24,ASML,1.6978999186716441,0.02375078665827557,0.02375078665827557,0.02477620778500822,0.02477620778500822
2026-02-25,C,1.6978754634424336,0.01626666666666665,0.01626666666666665,0.020894722743102,0.020894722743102
2024-06-11,MARA,1.6978730351242266,-0.05406324379462757,-0.009564845553496681,-0.053082954646707536,0.10403858148445155
2026-09-03,ASML,1.6978199128097204,-0.014208929478985333,-0.0026978480452877207,-0.01281132441103261,0.013186590096061934
2024-12-05,PYPL,1.6976727193625845,-0.0012931519172381112,-0.0021683266132270784,-5.615453728657904e-05,5.615453728657904e-05
2024-05-29,BKNG,1.6976668317968175,-0.006964536442156222,-0.001976466909999308,,-0.004263681645103823
2024-04-02,TSLA,1.6973831440417673,-0.017456954451092965,-0.004425117317656158,-0.01603073960779211,0.01579233936487978
2024-05-08,CAT,1.6972506254759054,0.0043692057585118516,0.0043692057585118516,0.008878978451828168,0.008878978451828168
2026-05-04,WDC,1.6971891276737103,0.0018764571402702934,-0.005429974810268634,0.008358582982116447,0.008358582982116447
2024-09-24,FLUT,1.6970559392680749,-0.004598953792502192,-0.002240627724498734,-0.0022719328905977942,-0.0031020622160083944
2023-12-22,BMY,1.697010380903815,0.01711729235557291,-0.001954872592880741,0.021289062499999956,0.021289062499999956
2025-10-10,ANET,1.6970092717834313,-0.00981366459627342,-0.003737515527950319,-0.006016772142033222,-0.039062256445428156
2026-01-06,MU,1.6969969449475755,0.04415655505884519,-0.004750932961452126,0.05438521066208102,0.05438521066208102
2024-06-24,QCOM,1.6969742843545788,0.013120393120393037,-0.003340186030186043,0.023200389105058283,-0.023200389105058283
2024-05-14,GE,1.6969650338301467,0.003670357938325486,-0.0025071188810562584,-0.006790474385698797,0.010485755795590856
2023-10-30,HES,1.6967514154122023,-0.012331057544935353,-0.0030150878799339864,-0.0058868342683010555,0.004917238035875071
2024-08-13,NKE,1.696303590349344,0.029176501442433667,-0.002226892960173865,0.034194228488601874,0.034194228488601874
2024-11-19,MRK,1.6963025645620704,-0.01405416495691425,-0.002385471012368856,-0.012280972200811924,-0.007964647243204448
2024-03-01,COP,1.6962308290538817,-0.0039236201935652915,-0.0019668173835059033,-0.0014858841010401136,-0.0014858841010401136
2024-04-05,RTX,1.6959182737814393,0.012848605577689076,-0.0013663702333522876,0.01375735220815466,0.01375735220815466
2024-03-07,AVGO,1.6957809533961248,0.012262424530612881,-0.0030987066507751626,0.014792130124519742,0.014792130124519742
2024-01-26,AAL,1.6955434084819878,0.022609819121446995,0.022609819121446995,-0.012440191387559807,-0.03476874003189789
2024-10-21,GEV,1.6954886974335037,-0.005054545454545423,-0.002710301298701312,7.235628233437374e-05,-7.235628233437374e-05
2025-01-13,CEG,1.6954833504847313,0.03794196705493136,-0.005147388812855036,0.03824025906914241,-0.03824025906914241
2025-05-15,KLAC,1.6954008001020935,-0.011921295568948054,-0.0031562570417698055,-0.006846664669462599,0.006565807868983642
2024-09-13,META,1.6951590815740822,0.0017379679144384763,-0.0025766001855287435,-0.007029589668137826,0.008779774783871153
2023-11-21,CMG,1.6948999208413433,-0.00394557823129249,-0.0017097505668934865,-0.0016818181818181177,-0.0016818181818181177
2024-10-01,GOOG,1.6943106744161027,0.0021033920900608294,-0.001647036417885106,-0.0054507955215084,-0.007542722451384765
2024-06-18,PLTR,1.694130300717477,,,,0.02723116676605053
2025-04-09,VZ,1.693794082534912,0.026467065868263306,-0.0026206672369546435,-0.00614531871309798,0.03277503313652241
2024-06-07,VRT,1.6937523260554008,-0.02720613882106715,-0.0065042519972760005,-0.02720613882106715,0.01999767468898961
2025-09-03,CRM,1.6932906873275517,-0.012233622730860372,-0.0022843979028075445,-0.00658616904500553,0.005214050493962619
2026-02-27,INTU,1.6931525715189844,0.01760834801504063,-0.0052554560216284685,0.03032210945173408,0.03032210945173408
2025-06-27,BAC,1.6929664460337885,-0.009680134680134733,-0.001618882275132294,-0.008061094611794717,-0.0006364022061943198
2025-03-31,MSFT,1.6928805016614281,-0.01285671617475348,-0.0020862984526943684,-0.011826454911640472,0.01683099833181889
2025-10-15,QUBT,1.6927814590393087,0.055333333333333345,-0.011806095238095171,0.06448063380281688,-0.06448063380281688
2026-04-09,NOW,1.6926611950383885,0.05138899602781699,0.05138899602781699,0.05165856750475384,-0.05165856750475384
2025-05-07,SMCI,1.6925998584474535,-0.020486555697823206,-0.008212182184013095,-0.01938791860278788,0.040858836724883885
2026-06-08,AAPL,1.6922820568259236,-0.02109337817685697,-0.0018169332650406211,-0.01620828749541625,-0.0383444141515602
2025-12-11,CAT,1.6922370662529298,-0.007128685933813772,-0.0025792256045944484,-0.002524992438918683,0.022928468084063125
2025-04-28,BA,1.6916281562049458,-0.00038419319429205956,-0.0049064175944801836,-0.0029550180584437813,-0.0025719601619788035
2024-11-19,SMCI,1.6915011625995164,-0.04807692307692313,-0.017308928571428517,-0.03262331796082485,0.07203352899492588
2025-06-05,TSLA,1.6914330120495742,0.10250055161544525,-0.004560031520882468,0.10935062091401049,-0.10935062091401049
2026-02-20,INTU,1.6913293959109859,-0.01268749675611136,-0.006193352438291999,-0.010453351366816688,-0.010453351366816688
2025-12-09,VRT,1.6911036851990036,-0.024538866930171266,-0.005540890269151166,-0.0070765148164528835,-0.01426360017691275
2025-03-25,HOOD,1.6904195697846671,0.009664815957228123,-0.008033165888193583,-0.013390139987827121,-0.022925542706431323
2024-05-16,GME,1.6902013931753221,0.16206906997879422,-0.021096291167178816,0.1625764456554648,-0.1625764456554648
2025-08-21,COST,1.6900454616189264,0.0005389307942789134,0.0005389307942789134,0.007188773107867474,-0.007188773107867474
2023-12-06,CVX,1.6898457596786196,-0.0031468531468530347,-0.001982517482517543,-0.0025888609012032493,-0.0025888609012032493
2026-10-01,CBRS,1.689675644303007,0.055710306406685284,0.055710306406685284,-0.01746127319502977,-0.07219880672176915
2026-01-21,ORCL,1.6895543954774914,0.015681612318840465,-0.003884381469979381,0.016492849817603905,-0.016492849817603905
2026-01-28,KLAC,1.6886048012659018,-0.0010150535517645665,-0.003930805864636566,0.002580621433256436,-0.002580621433256436
2024-10-21,TXN,1.688578465317596,-0.00796146044624746,-0.0023847797739785515,-0.004482477587611999,-0.0031581092094540297
2025-11-03,LLY,1.688297453739112,0.01929808610265038,-0.0024874447164873192,0.020335955676149098,0.020335955676149098
2026-08-06,COST,1.6882677857035264,0.008873670254413324,-0.0020080273159905904,-0.002862674883411076,-0.011710942704863392
2024-12-11,IONQ,1.6881593678866966,0.003378737541528287,-0.013548979591836652,0.027922877511341482,-0.027922877511341482
2024-06-13,ARM,1.687883480038078,-0.024337133341872708,-0.005095257918717566,-0.010645038651628469,0.0011468761880624179
2025-07-09,KO,1.6874719113564747,0.00721531647378193,0.00721531647378193,0.008065667380442454,-0.008065667380442454
2023-11-13,TSM,1.6874481799360848,-0.0023903554354605117,-0.002389613089051945,-0.0010378827192527584,0.0010378827192527584
2025-01-31,CMCSA,1.6872105866978595,-0.008983799705449158,-0.00268672417420579,0.005228562892142241,0.005228562892142241
2025-07-28,NOW,1.6866659590510142,-0.003933265925177065,-0.0029220027444748498,0.00011167512690346548,0.00011167512690346548
2025-06-16,MA,1.6866377135654387,-0.0021665336338997365,-0.0016674226770536649,-0.002087755925542667,-0.002087755925542667
2024-08-29,VRT,1.686560878185735,-0.029804110082922608,-0.003974745480453845,-0.028753609239653533,-0.038618864292589095
2025-03-31,SHOP,1.6863357047148868,-0.02328910422287067,-0.006068897365916426,-0.019696055302573123,0.04668897788994353
2024-09-27,DELL,1.686020533379305,0.023461600909238545,-0.0029880778419502096,0.028822864524463032,-0.028822864524463032
2024-07-01,FSLR,1.6860068990636985,-0.013422214214935613,-0.006581659309972121,-0.005227181342983389,-0.005450565161059684
2026-01-22,DIS,1.685915441180332,-0.008154318281455408,-0.002068510051982164,-0.007458103009563843,-0.006449065543564059
2025-02-06,MCD,1.6857648002075794,-0.003925948488848308,-0.0014614705868132294,-0.003023348379502133,-0.003023348379502133
2026-08-28,PANW,1.685757609377127,-0.015679234972677758,-0.0047895472287275975,-0.013035930836206244,0.013035930836206244
2024-11-20,WMT,1.685729916742393,0.0011482374555056296,-0.0017832947853615444,-0.00594859948021953,0.007103667340456088
2025-02-19,TXN,1.6855947294913058,0.03025373251817043,-0.002101376805346833,-0.006177891596483409,0.03661852839454016
2026-06-09,KLAC,1.6855444585308526,-0.016750227894257064,-0.004881918218518022,-0.01367977797793507,-0.02180443221148798
2023-10-26,AMZN,1.6854965846831242,0.0028333333333333544,-0.0032538392857142107,-0.009410599306587386,-0.012217269275218823
2026-05-13,SHOP,1.6854046699935266,0.01841753266796986,0.01841753266796986,0.022439822153726863,-0.022439822153726863
2026-08-06,SNDK,1.6851820757140783,0.04735542754544775,0.04735542754544775,0.04980753528519766,0.04980753528519766
2026-03-30,PANW,1.6851313055004353,0.002142857142857224,-0.003848817254174297,0.00468719484408564,0.00468719484408564
2026-07-07,PANW,1.6846988143061885,0.045524079320113264,-0.0039765834277620815,0.04756116521321252,-0.04756116521321252
2024-03-21,HD,1.684678573720439,0.008473278546271334,-0.0014659592232585394,0.008756478006688662,0.008756478006688662
2025-02-13,SCHW,1.684636411208393,0.003908635641871383,-0.002173306112478013,0.0077264707671717,-0.0077264707671717
2023-10-30,CVX,1.684439643005713,-0.005300839873330743,-0.0026311589071812413,-0.003987624613269292,0.003987624613269292
2025-11-06,UBER,1.684156638171962,0.0,-0.003180330791170749,-0.006764196948245926,0.006764196948245926
2025-06-05,WFC,1.6833936138569046,-0.004020369874028429,-0.0020082704751693825,-0.0002002536546292788,0.0002002536546292788
2026-01-21,AMD,1.6832065554160351,0.03103448275862064,-0.003936152325890063,0.04676952748312435,0.04676952748312435
2024-05-24,PDD,1.6830649634563606,-0.01847047195453433,-0.0034849447562568248,-0.016100068115672883,-0.024212025512415636
2024-10-29,MARA,1.6829953742268933,-0.02297090352220521,-0.0064279151170422155,-0.01593830334190227,-0.026735218508997405
2024-05-09,SHOP,1.682980781485829,0.009517766497461944,-0.006092129713560546,0.015995587424158852,-0.015995587424158852
2024-04-15,ACN,1.6829797063190892,-0.013946087607637492,-0.0020097921235137095,-0.012652296157450782,-0.02108716026241797
2024-10-10,CRWD,1.6828648545343385,0.03499365961668599,0.03499365961668599,0.03599017708345653,0.03599017708345653
2025-05-02,MRVL,1.6828436085770393,-0.021142316188072052,-0.004704886624892879,-0.016331060726177293,-0.01220865704772478
2026-01-09,ADBE,1.6828038862153503,-0.010408472012102932,-0.00214606224335423,-0.0067834423708885705,0.0067834423708885705
2024-09-05,PYPL,1.6827359497711585,0.01355607284677518,0.01355607284677518,0.014770240700218817,-0.014770240700218817
2025-11-06,COST,1.6826226966535691,-0.01096294677013887,-0.0014253634276970573,-0.010852459016393423,0.009661202185792472
2025-12-11,HOOD,1.6826074273156404,0.036915632560680534,-0.006189305504454179,0.04333372612985842,-0.04333372612985842
2026-06-03,CIEN,1.6825882176235256,-0.014737859386325214,-0.00596296551962161,-0.003712141730527252,-0.011072697436550927
2025-09-11,AMAT,1.6825386400525157,0.015578369344634302,-0.002050960111870892,0.01776528292857993,0.01776528292857993
2026-02-26,ADBE,1.6822969846765967,0.00034742327735970413,-0.0037270769570132423,0.00034742327735970413,-0.00034742327735970413
2025-07-30,MARA,1.6819295351731818,0.044258621884456395,-0.007379461913891605,-0.005947187141217003,-0.049942594718714206
2026-03-18,SOFI,1.6819000316140191,-0.03245505425983086,-0.005980666708818472,-0.030592197586303715,-0.03676676957619984
2025-05-05,COIN,1.681869656381369,-0.016065444510151794,-0.004517283376981762,-0.014730193194996244,-0.015273014384761474
2024-09-30,GM,1.6817054503461377,0.002003561887800598,-0.0036230918458211026,-0.0077313894411310535,-0.00971946101170762
2024-03-13,BA,1.6816810897945058,-0.013272903852379447,-0.0026733724891705446,-0.009907422445996517,-0.012397812787613094
2024-03-19,MSTR,1.6816469546656507,-0.03721274441068778,-0.015320390834529629,-0.015526503055037999,0.08028064705330507
2025-03-31,MELI,1.6814674434383847,0.004262378764675834,-0.003977189892802491,0.009993199143294995,-0.009993199143294995
2024-11-20,COIN,1.6808077851969647,0.03527283690081395,-0.008659907834101421,-0.02334893855077591,-0.05779819215028115
2026-04-21,JNJ,1.6806972289585564,0.004233164869751116,-0.002098696310017356,0.005934065934065869,-0.005934065934065869
2026-04-13,PLTR,1.680650870523273,0.014955134596211561,0.014955134596211561,-0.0016131510216621514,0.016592410508526667
2025-09-29,CRDO,1.6806008021892684,-0.022004084590552808,-0.006592985609818025,-0.012900450229104132,-0.0285264788041234
2024-01-10,C,1.680530935245811,-0.007711115290577442,-0.0020204599801176837,-0.006777108433734913,-0.0018825301204817846
2026-02-20,NEM,1.6801102897117746,-0.0011475409836065875,-0.005566088992974283,-0.018266677395992525,-0.017140098173332174
2024-09-17,IBM,1.6798532298821587,0.013376462402602485,0.013376462402602485,-0.005006533250808132,-0.01831602594961379
2026-06-04,ANET,1.6796164654782508,-0.01781391595804105,-0.004271917146226656,-0.015010367986134643,0.028070935594689095
2025-06-12,RGTI,1.6796087410834173,0.035059760956175356,-0.010834035287421662,-0.044268275037505744,-0.07777600085292391
2025-12-09,ALAB,1.6792766985227445,-0.031609450308997866,-0.008183083896203702,-0.031065088757396442,-0.01130177514792896
2025-03-03,V,1.6792621633617304,-0.005050227809189178,-0.001479991216995158,-0.0046950934900193975,-0.00623266796628319
2026-08-17,MCD,1.6792318977576681,0.007882840811446967,0.007882840811446967,0.00802922570921083,-0.00802922570921083
2026-05-12,APH,1.6790583494080142,0.015445088541252927,-0.005046964867102988,0.025378878999278376,0.025378878999278376
2025-07-30,HIMS,1.6789763410894047,0.054358314570601474,0.054358314570601474,0.07089186540346293,0.07089186540346293
2023-11-01,GE,1.6786590956395493,-0.006570166247432008,-0.0031558939896476623,-0.005956200536387124,0.005956200536387124
2025-07-02,SPOT,1.67775912225923,0.010648096460868617,-0.0034289203177082506,-0.017283796880997904,-0.027747853805467626
2024-01-02,PLTR,1.677507473529736,-0.024169184290030232,-0.0036663789382822554,-0.014897133140133523,-0.00725696357147998
2025-03-03,GOOG,1.677292513072348,0.026151714582611674,-0.0021920101604895326,-0.008414906405632805,-0.034346556757685054
2025-06-10,GILD,1.6771905924890194,-0.017417739628040163,-0.0023228591865931403,-0.017417739628040163,-0.01564735336194567
2026-06-23,WDC,1.6770400225325017,-0.020928144168277596,-0.008124304478948963,-0.02776092457492929,-0.007413765038400633
2024-03-05,GOOG,1.6769703467718817,-0.009487524279097603,-0.002348055537768623,-0.004990431878728718,0.003947319049941944
2024-04-30,MSTR,1.6768188167394074,-0.032048293089092295,-0.009491780658974713,-0.024840215378576502,-0.09117749959467181
2026-06-08,SHOP,1.6766650856820133,0.013446126447016815,-0.0050260145019718205,0.01953322737200569,-0.01953322737200569
2024-07-05,BABA,1.6765494073174982,-0.007435446802757761,-0.0021051777747735922,-0.004854368932038833,0.004854368932038833
2026-07-07,AZO,1.676187582205882,0.019245038026340255,-0.0033892314855825667,0.021193415637860147,0.021193415637860147
2024-03-11,AVGO,1.6760873913262913,0.0023953859749763495,-0.003928172751293979,-0.02176633663366334,0.024213861386138458
2025-07-24,SPOT,1.6759703306564286,0.014417439891145523,-0.003430930909196217,0.018905171544258526,-0.018905171544258526
2024-11-12,COIN,1.6759222975412553,-0.029169308814204098,-0.006789333272941511,-0.026716040749511394,0.014383115335102614
2024-02-23,NVDA,1.6758940754648997,-0.020633373934226373,-0.004264659822516115,-0.019606408661935637,-0.03863974443387708
2025-06-24,SMCI,1.6758920311256138,0.03204819277108428,-0.00568070567986223,-0.004599370612442533,0.03679496489954004
2026-09-16,IBM,1.6757803126229847,0.009916666666666685,-0.0027514702380952993,-0.0100847614922972,-0.019901420940831915
2024-05-15,NVDA,1.675537609637545,0.015295505738496251,-0.003590682030615522,0.018907529104031706,0.018907529104031706
2026-05-18,ASTS,1.6755091750327094,-0.011642798928862552,-0.008441336925968379,0.012501420615979031,-0.012501420615979031
2025-05-02,UBER,1.6754358706857237,0.017753623188405676,-0.0033788727570739363,0.020156164881060423,0.020156164881060423
2024-02-01,GOOGL,1.6750345364206751,0.004372663798575371,-0.0023907085931911265,-0.003583977512298109,-0.007940969782150531
2025-08-20,AVGO,1.6749688918542596,-0.0046259536714190475,-0.003547438217873733,0.003014834355407836,-0.003014834355407836
2025-01-31,XOM,1.6748265049009563,0.00909090909090915,-0.0019671150278293137,0.011017498379779722,-0.011017498379779722
2025-05-30,FI,1.674658610704026,0.009144734802690957,-0.003837241434284211,0.00923859126984139,0.00923859126984139
2025-05-13,JNJ,1.6738091797090853,0.01263717991353508,-0.0018132120290750287,0.013424602910879324,-0.013424602910879324
2026-06-17,WDC,1.6734416853851144,-0.011555151377868333,-0.006247412422087151,-0.0022089690926468952,-0.0022089690926468952
2024-04-09,CMCSA,1.6715860948933015,-0.011816838995568624,-0.0017232890201871465,-0.010842779694430704,-0.010842779694430704
2023-12-13,BKNG,1.6711291662819685,-0.0058990450847176135,-0.0029495225423590288,-0.0058990450847176135,0.008333431454508933
2024-10-07,META,1.6710536076409583,0.020485419004706795,-0.0020969019422982793,-0.009606325938241289,-0.0298949553310075
2026-03-18,BABA,1.6707878662068067,0.017883211678832,-0.0032030761209593805,0.02457590256633313,-0.02457590256633313
2025-09-12,TSLA,1.670280526876276,0.05681727202369835,0.05681727202369835,0.05796866809759593,0.05796866809759593
2026-03-05,APH,1.6701991976032953,-0.021397694524495692,-0.004452593659942328,-0.008974171895520189,-0.00576389902232588
2026-07-14,ORCL,1.6697319471503371,0.01727977881883125,-0.0056853215135987956,0.021113831089351276,-0.021113831089351276
2024-07-26,PYPL,1.6694368442855902,0.011627906976744207,-0.0023596593444735747,-0.0034831069313827623,0.015151515151515138
2024-02-09,TSM,1.6693213928206234,-0.0021834061135372895,-0.0025070611138597876,-0.0021834061135372895,0.0021834061135372895
2023-12-26,FDX,1.6690964676625428,0.0003966365222909385,-0.002814116293828328,0.0015884361845763806,0.0015884361845763806
2024-04-10,BABA,1.6682862133438463,-0.0060329802922644005,-0.0014330243425967337,-0.004965776405851607,0.0010736813850489302
2025-04-11,ACN,1.6682471351786698,-0.024190634484752005,-0.004223651745710599,-0.0166418592973836,0.019278015888671618
2024-11-18,UBER,1.6681230541852623,0.011685905657688567,-0.0036919216596429383,0.017983574058340612,-0.017983574058340612
2026-04-28,TER,1.6680736412290254,-0.02699228791773778,-0.004221322071244926,-0.002060793405461059,-0.02096857290056664
2024-03-21,ANET,1.6678589763272462,-0.009531346359775483,-0.0032606252592388696,-0.0071254418216253335,0.02079728278862647
2026-08-12,INTC,1.6670817542781895,0.003258293838862558,-0.007160481550440023,-0.0019708316909736734,-0.005222703981080046
2024-05-21,MU,1.6669445055858008,0.009023270539813222,-0.0028747201429250024,0.010663178340666768,0.010663178340666768
2025-08-26,BA,1.666855683745643,0.01790824733327545,0.01790824733327545,0.022964964267038646,0.022964964267038646
2026-06-23,AMAT,1.666143924052511,-0.027222417931012988,-0.006875635726470319,-0.021691594655620094,-0.0055854540515762885
2024-11-25,SMCI,1.6660425065492122,0.025901201602136048,-0.010212569139805394,0.03936155823075871,0.03936155823075871
2026-01-21,GE,1.6657667587816625,0.005554152991668726,-0.0028085981173584518,0.008545926441729357,0.008545926441729357
2026-01-08,GOOGL,1.6656612766284156,-0.0017547640304158563,-0.0019925807345380075,0.0015648491914946883,-0.0015648491914946883
2025-12-11,NBIS,1.6652603255639729,0.05425055928411626,-0.00892499999999996,-0.011770031688546956,0.06665912177455868
2024-08-19,PANW,1.6652417403140096,0.015236686390532439,0.015236686390532439,0.015326804154214724,0.015326804154214724
2024-11-08,CAT,1.665227301228589,0.013904547162720715,-0.002490234605679875,0.01845386533665827,-0.01845386533665827
2025-11-17,ABBV,1.6651791554214217,-0.008721548606679508,-0.002461907800771823,-0.00846844546576453,-0.0044682752457552155
2025-05-15,ISRG,1.6648786900197936,-0.016143457247391302,-0.0021831867486594714,-0.013789746917585832,0.00976999062657713
2023-12-07,NKE,1.6647792209855494,-0.006402491780584829,-0.0016160729735743562,-0.003557483731019495,-0.003557483731019495
2025-09-11,ADBE,1.66398094228323,0.0009396355353075148,-0.002688333875691562,0.002047839813418939,-0.002047839813418939
2024-11-19,REGN,1.6638531720631595,0.0076912823247135,-0.003479168412232836,0.0076912823247135,-0.0076912823247135
2026-04-06,MRVL,1.663712909753196,-0.0034820855859984956,-0.005350015054129464,-0.01852684593938303,-0.015109272416584107
2026-05-08,C,1.6636626885361008,-0.0055900145493528175,-0.0022459989279424164,-0.0055900145493528175,-0.03855578528218084
2026-03-25,RKLB,1.6636595375292946,0.02764846945972632,0.02764846945972632,0.047146758660342014,0.047146758660342014
2025-08-28,ALAB,1.6632345466011036,0.007782515991471284,-0.005650750076149791,0.009073441502988944,0.009073441502988944
2025-12-12,V,1.663027397779016,-0.0046372766251332465,-0.0018170741232523824,-0.0019386245817597514,-0.0007898100147909481
2026-04-09,INTU,1.6630062051848948,0.03742148408389223,-0.005205316268954041,0.042137881717297376,-0.042137881717297376
2024-01-10,DIS,1.6627053986602378,-0.0022451728783117186,-0.0016001347103726804,-0.0008968609865471766,0.0008968609865471766
2024-11-12,CRM,1.662653596356429,-0.001990457512513588,-0.002365347221931824,-0.000263898662913542,-0.000263898662913542
2024-02-23,PANW,1.6625161678481777,-0.022491730981256897,-0.006833989604662305,-0.022491730981256897,0.036898199191473635
2024-11-26,SMCI,1.662203784082415,0.005492917028042887,-0.011713645562301256,0.04644161949694259,-0.04644161949694259
2024-10-22,REGN,1.6618945182108151,-0.007618486839386818,-0.0018536106831477106,-0.007515961733165377,-0.006064425480918234
2025-12-16,COST,1.6618938925610665,-0.006963551973990567,-0.0019755559853051885,-0.0056114358605274806,0.0065125423490792755
2024-04-08,NFLX,1.6617574984304435,0.005963208427579358,-0.0022907397406377594,0.00789340742611766,-0.00789340742611766
2026-02-13,SCHW,1.660872981105222,-0.002782236490101564,-0.0033999541389588828,-0.002460419341035358,0.002460419341035358
2024-02-06,MCD,1.6607472570230855,0.001372321334318638,-0.0018798414541579822,0.004872881355932224,0.004872881355932224
2024-05-16,SMCI,1.660648374112764,-0.02332052710970023,-0.006876171071438897,-0.015653330758419348,-0.02968661152059393
2026-08-24,UNH,1.6600806455710246,0.001959798994974893,-0.0024013675520458966,0.003207506823813544,0.003207506823813544
2025-06-17,LLY,1.6597984162305044,-0.0008474040346551082,-0.002199565456992847,-0.0001516683518705264,0.0001516683518705264
2024-06-03,MRNA,1.6596752841389306,0.0372032679967742,0.0372032679967742,0.0372032679967742,0.0372032679967742
2026-05-18,COST,1.659536996349203,0.0222741144698686,-0.0019435183621938634,0.02234689905922771,0.02234689905922771
2026-09-15,JPM,1.6592594381543644,-0.008342817826068272,-0.0016483584216766545,-0.008323739126246732,0.01240863524506497
2026-06-29,MSTR,1.6588943363584148,-0.02860297482837537,-0.010858229813664577,-0.025366835878397276,0.06394458488023158
2025-01-07,SNOW,1.65821528524609,-0.013233979135618523,-0.0031428784330423953,-0.010001878513181017,-0.04334307912393853
2024-08-14,NFLX,1.6581656354527052,0.0008172407530722126,-0.002897529252030129,0.010621227172002756,0.010621227172002756
2026-07-01,INTU,1.6580021744645208,0.010814814814814833,-0.004298566137566073,-0.00372679974908674,-0.014501309914763283
2026-02-19,PANW,1.657980542702934,-0.013900080580177443,-0.0058725298338513365,-0.012743980146220357,0.012743980146220357
2024-08-01,T,1.657899856980975,-0.0051274050962037965,-0.002239803877869484,-0.003040996367410509,0.01037882719252714
2025-04-15,BA,1.6575856074826913,-0.014386209518980841,-0.006510791920545489,-0.008131636850664758,-0.008131636850664758
2025-07-28,INTC,1.6573613368015099,-0.016634980988593062,-0.004138307984790868,-0.0164012360351794,-0.01735203232707383
2024-07-01,CEG,1.6571155456274216,-0.02114274903036606,-0.004456727975458485,-0.010707968832162185,-0.01979062096658535
2024-09-27,BABA,1.6570270316527804,0.0017735461588723744,-0.002809017082049836,0.005245410266017103,0.005245410266017103
2025-08-19,UNP,1.656764623660332,0.0077027027027027906,-0.0017028635778635337,0.009043548859971606,0.009043548859971606
2023-12-18,COST,1.6564514598393265,0.017107757526905853,-0.0015229533576002208,0.017107757526905853,0.017107757526905853
2023-12-20,DHR,1.6562335102169652,-0.006658253187693086,-0.0018521569383225245,-0.005663007492594629,-0.011064645408607743
2026-01-06,LRCX,1.6560930193275505,0.03232887647176197,-0.0034571086466915757,0.03719298245614033,0.03719298245614033
2026-02-11,XOM,1.6560648849968835,0.0029982590753756533,-0.002139301603677146,0.007611089519367953,0.007611089519367953
2024-05-20,PANW,1.6559318220172132,-0.00808557495674056,-0.002243326816333102,-0.005242156325795944,0.013911274548157548
2024-03-14,BABA,1.6557427502958193,0.01011463250168576,-0.0025175801945862553,0.012910166756320507,-0.012910166756320507
2025-04-09,PFE,1.6554533864243821,0.05545112781954886,-0.003408633190118082,0.06244087038789026,0.06244087038789026
2024-08-28,TMUS,1.6552773366185267,0.010560440100201407,-0.0012926575119462935,0.010560440100201407,-0.010560440100201407
2025-05-23,GEV,1.6549778856578177,-0.002272598916462254,-0.003154174704480983,-0.0003012307427489036,-0.0003012307427489036
2024-04-16,FCX,1.6545469181037873,-0.014614585497610522,-0.003013727701760116,-0.014614585497610522,0.026698524828589143
2026-05-04,AAOI,1.6545378378688567,0.05008237232289958,-0.010072707303679262,0.06672601464816097,-0.06672601464816097
2025-01-08,TSM,1.654226848881161,-0.0014848269248615154,-0.003357736125043642,0.008612440191387627,-0.008612440191387627
2025-09-12,AAL,1.6538618439933854,0.004626060138781862,-0.003817490913096133,-0.00928839866784803,-0.013871490115799356
2026-02-20,ABT,1.6533198715487558,-0.006188340807174786,-0.001937853939782297,-0.004733954616366942,0.005092180467018981
2026-05-27,NXPI,1.653206590479828,0.01259408078203239,-0.003922475722124785,0.02264632553721946,-0.02264632553721946
2024-06-06,ORCL,1.653154799481676,0.0039811504712381485,-0.00193906982682579,0.0039811504712381485,0.0039811504712381485
2026-09-17,TMO,1.6531005929743556,-0.013866752900776769,-0.0023305483235496194,-0.012541426693015723,0.013110442986874249
2024-05-20,CMG,1.652981236970118,-0.0027313320137594133,-0.0014031979623099211,-0.002476597855061713,-0.01500836897898461
2025-10-20,MU,1.6529626185041169,0.01185185185185178,-0.004739010069977789,-0.004898230930188374,-0.01669202967471939
2024-11-12,MSTR,1.6528205487712897,0.06494823831259877,-0.007581256685973536,-0.00493186826365255,0.07020042273156535
2026-06-08,JPM,1.6527639772246816,0.005147881694644307,-0.0019976019184653193,-0.00698523575170662,-0.012097158279091969
2024-12-13,TXN,1.652612692095403,0.00440343887607475,0.00440343887607475,0.011081794195250572,0.011081794195250572
2025-07-21,RDDT,1.652287413684593,-0.011891891891891881,-0.005492760617760495,-0.0029725381112110094,-0.0029725381112110094
2026-06-08,KLAC,1.6521598819871721,0.029577905260791848,-0.00485350312246513,0.035152104704633924,0.035152104704633924
2024-05-06,SBUX,1.6518845418957673,0.0036895326591966926,-0.003588958731894021,-0.010680005407597615,-0.014330133838042491
2026-08-10,UBER,1.6518378652901222,0.006646447699554692,-0.0034868038975285343,0.014964216005205033,0.014964216005205033
2026-04-24,VRT,1.6516759397557452,0.011131498470947965,-0.0039360594145916306,0.011131498470947965,-0.011131498470947965
2024-09-13,C,1.6516688613616959,-0.009115927072583463,-0.0027384269497272573,-0.007237635705669487,-0.005859038428399188
2025-09-09,ADBE,1.6516628334657355,0.009070294784580324,-0.0025633180961979196,0.01239714039629658,-0.01239714039629658
2025-07-01,QBTS,1.6515905221706486,-0.015051231682192467,-0.0077922611265983655,-0.010906612133606108,0.010906612133606108
2025-01-13,COIN,1.6511479874528137,0.01731921613086085,-0.006926035075136228,-0.008658008658008587,0.02612717471208037
2025-08-12,ACN,1.6511208942589757,-0.009087136929460615,-0.0028166123295791934,-0.008058151609553477,-0.012004153686396624
2024-05-22,BMY,1.6511183391069153,0.003079109426811888,-0.0019226162279218917,-0.005717008099094922,0.008813720819437876
2025-08-04,PLTR,1.6507023916785892,-0.015268138801261655,-0.003070919333032718,-0.008135168961201589,0.005913642052565615
2026-01-26,APLD,1.6506723873357718,-0.04767879548306142,-0.008852805162215427,-0.04743975903614461,-0.09161646586345396
2023-11-22,AVGO,1.6501024226750403,0.011510498754385146,0.011510498754385146,-0.0013201320132012473,-0.012815435389692875
2026-09-01,HOOD,1.6497958944317541,-0.028948332722608994,-0.005819316874648539,-0.022510167407547632,-0.021186039912985954
2026-02-09,KO,1.6495873081202268,0.009025041311808923,-0.0016522090468320538,-0.0013329101872422422,-0.010345921929546309
2024-10-28,PLTR,1.6494618364830977,-0.0018859551808297903,-0.003525991315097232,-0.00244661921708178,0.0005560498220640309
2024-04-18,ASML,1.649445125703139,0.008816852678571463,-0.003849684311224566,-0.005588018223487423,-0.014355602168617199
2024-10-22,GEV,1.649293919048706,0.0036682901177695904,-0.0026761521920947162,0.007362857663568478,0.007362857663568478
2025-11-25,CLS,1.6492507504831293,-0.021744548286604326,-0.009263502447708127,-0.018223588215205977,0.018223588215205977
2023-10-05,XOM,1.6491209695832225,0.002562929061784902,-0.002266498855835186,0.004931056524518418,-0.004931056524518418
2023-11-27,COIN,1.6489173929062926,0.051536435469710096,-0.005328997867803942,0.05255294841374458,0.05255294841374458
2024-08-29,AAPL,1.6487898572136523,-0.0022574343390492357,-0.0015732704890073501,-0.002066340402392619,-0.0001957585644370985
2024-10-24,COST,1.6487310583890615,0.003935296150544554,-0.0014014017999479655,0.004412551256908537,-0.004412551256908537
2023-11-30,WFC,1.648698862369487,0.01641961231470912,0.01641961231470912,-0.005733944954128489,0.022247706422018343
2024-01-08,BABA,1.6481479212626005,0.01887056192339931,0.01887056192339931,0.01894177675263853,0.01894177675263853
2024-07-22,COIN,1.648005747238025,-0.019270749856897695,-0.005461236950418447,-0.019083587786259626,0.012022900763358768
2024-05-07,BAC,1.6476973657973557,-0.0036851803106080494,-0.00206708532320532,-0.0026350461133070047,-0.0026350461133070047
2026-09-10,HD,1.6473108433630235,-0.0003108994812888177,-0.0020600059374789037,0.0004578155657292138,-0.0004578155657292138
2025-06-26,SNOW,1.6471922121535005,-0.025520110957004016,-0.0025139918103163073,-0.022306203336713182,0.022306203336713182
2024-03-21,AVGO,1.6471588445366891,-0.015279627661962558,-0.004242116999147005,-0.015478135329204834,0.024056836746324306
2024-05-02,CRWD,1.6470474462916158,-0.016434180444650615,-0.0036373972272054633,-0.007856673241288581,-0.002136752136752018
2025-09-26,TXN,1.6468679310502583,0.003967075968155487,-0.00208231393488445,0.005443812749225119,-0.005443812749225119
2026-04-01,GOOGL,1.6468077505219951,0.01108014410984981,0.01108014410984981,0.011114510043846337,0.011114510043846337
2025-06-11,V,1.6466013411873865,0.006575224339109065,-0.0014286099252009965,-0.0038684196288480965,0.010469079694854555
2026-03-06,COHR,1.6463193451796243,-0.04017911170277133,-0.008747851869780998,-0.037850297221885154,-0.047353309879089256
2025-08-18,CRM,1.6460026497303397,0.008013217678645157,-0.0029672537912314167,0.009848547546139175,0.009848547546139175
2025-01-24,META,1.6454996714214503,0.0074378775169026135,-0.0029973652548087593,0.00885052277295606,0.00885052277295606
2025-09-17,INTU,1.645263434860321,-0.0017177729224742144,-0.0017669102689670257,0.007428245580687998,0.007428245580687998
2024-01-03,VZ,1.6452497557066634,0.008988479554373874,-0.0014332555658038704,0.009615384615384692,-0.009615384615384692
2024-05-31,NEE,1.6448439312101606,0.017026683608640347,-0.00176415864948265,0.017737936296013945,0.017737936296013945
2026-08-19,COIN,1.6441969442542863,0.05821782178217827,-0.005188816595945389,0.06242544731610322,0.06242544731610322
2025-08-26,TMUS,1.6436107124735004,-0.009137910304196195,-0.001781634861471204,-0.006918339598496415,0.0045189154602895965
2024-06-03,CMG,1.643552416228788,0.007635483870967685,-0.0015134447004607754,0.007635483870967685,-0.007635483870967685
2025-05-09,TSLA,1.6432755215245458,0.0014166218758397964,-0.005250585480093717,0.004521161881655189,0.004521161881655189
2026-09-28,NKE,1.6431431932169533,-0.009024252679074918,-0.0025660502779791816,-0.00435209883476062,0.020918152463849538
2024-12-23,MELI,1.642536491713487,-0.009206030150753719,-0.0037283983181212177,0.0025497490815111767,0.002862672832423474
2026-01-23,ORCL,1.6424318970998,,,-0.005458483754512633,0.02324909747292425
2025-12-03,NFLX,1.6420597138866562,0.005357313689849819,-0.003429569091579987,0.005452458389133441,-0.005452458389133441
2026-04-10,COHR,1.6419379487920756,-0.060752688172043046,-0.00834063492063497,-0.058476394849785285,0.09953505007153063
2025-01-29,BA,1.6410268365251675,0.0298324022346369,-0.003003180367118885,-0.012304806047563788,-0.04177012635877064
2023-12-07,TSM,1.64093739023277,0.004248002427430064,-0.001651649351962825,0.005061241016297124,0.005061241016297124
2026-02-17,WMT,1.6408021578765046,0.032003606040117316,0.032003606040117316,-0.004189421710181551,-0.03605895114835034
2024-10-07,FUTU,1.6405736447448587,,,-0.01267200497551113,0.0024100132162014898
2024-10-21,NOW,1.6404850060767078,0.009289797713280645,-0.002262725373790575,0.010333898267778974,0.010333898267778974
2025-11-03,ALAB,1.6402182516787425,-0.03298769950188074,-0.006484421063332357,-0.009681953047733116,-0.0029149966165218366
2024-10-25,IBM,1.6402144956037548,-0.00727105384261395,-0.0019272204325817555,-0.005210516583129543,-0.01046760916191325
2024-01-04,INTC,1.64008521882169,0.011005610703495927,-0.003173423145693355,0.013411204845338531,0.013411204845338531
2026-09-29,AMAT,1.639361324832128,-0.016563228067427604,-0.0035393341705380887,-0.009039009903099582,0.010373416969854388
2024-06-18,TSM,1.6391644691246476,-0.011620222491463883,-0.0031084016490172672,-0.009656770775852586,-0.012250303498510084
2024-09-12,DIS,1.6391141575136952,,,0.003708281829418958,0.003708281829418958
2026-04-13,ABT,1.638752449527542,-0.005978097056164033,-0.002188141407472255,-0.002754131196795351,0.008012018027040657
2024-04-09,GOOGL,1.6386133654588744,-0.010153572788425103,-0.001966674523598,-0.0043406102387335554,-0.00012766500702166006
2026-04-02,AAOI,1.6386023274229078,0.14175824175824192,-0.014037284144426954,0.16149601581154926,0.16149601581154926
2024-03-19,RTX,1.6384904057300897,-0.004129168872419209,-0.00150345609922109,-0.004217185028993042,-0.0001054296257246845
2026-07-09,DELL,1.6379976909494032,0.0002666074205732727,-0.007366599485828629,-0.022722108611679115,0.022994773915019362
2024-01-09,MS,1.6379290533331146,-0.006469002695417725,-0.0015263611859838155,-0.0036792554918299025,-0.0034628286981928103
2025-07-08,BABA,1.637856415592603,-0.008625435859790809,-0.0023573001599244137,-0.00674364896073909,-0.002309468822170868
2023-12-13,COP,1.63775680112513,-0.006509539842873169,-0.001951451018117556,-0.002998836272491201,0.0008056575060424453
2025-09-17,BA,1.6372756123931602,0.0012096961801517647,-0.0022864387740859637,-0.005207007474948511,-0.006410404758047772
2024-04-10,WFC,1.6366307467710248,-0.01169176262178917,-0.0016645577628748853,,0.0019359380499823775
2026-09-02,NKE,1.6365049302131078,,,-0.011506140917905583,-0.011506140917905583
2026-06-26,JNJ,1.6364456985063611,0.01626698641087132,-0.0022136490807354026,0.01817963400472511,0.01817963400472511
2026-06-11,INTC,1.636114978356589,-0.029366920209572434,-0.0077011821923902435,-0.028615890031987612,0.011411774876804559
2024-03-27,MRVL,1.635807760836184,-0.020177790320304645,-0.004829476506279073,-0.015164279696714411,0.014883459702330848
2025-06-27,MRVL,1.6354936361753518,0.0009063835297165035,-0.004902258559775108,0.012541592014333247,-0.012541592014333247
2025-08-06,AAPL,1.6352785331325062,0.021819744767875626,-0.0018121137201350113,0.02229146692233952,0.02229146692233952
2024-11-14,PM,1.6349042095279784,0.028069612639345598,-0.0022223227890884045,0.0298858922745302,0.0298858922745302
2025-02-27,NVDA,1.6348601479115268,0.09000606612071571,-0.003974116079552781,0.09014404852160729,-0.09014404852160729
2026-06-22,WDC,1.6348347375086913,0.03284531809000779,-0.006855487955522266,0.03537947016379628,-0.03537947016379628
2024-10-08,PEP,1.634513528475115,-0.01052253975846007,-0.0015120898173930364,-0.008182523827398036,0.010555627701392067
2026-09-25,NKE,1.634343872890707,0.004777965148960117,-0.0025224443909098726,0.00874717832957117,0.00874717832957117
2025-11-25,NVDA,1.6342780161276358,-0.012145748987854255,-0.0052753449557960685,-0.005920561016267145,0.021957808817612223
2025-05-06,DIS,1.6341035210724522,-0.006152849740932775,-0.0026325252899087603,-0.004433391003460296,-0.004433391003460296
2026-06-22,AZO,1.6340360936772649,0.020584653266565,0.020584653266565,0.020584653266565,-0.020584653266565
2026-07-22,RKLB,1.6337974068742775,-0.02319151963574262,-0.009539464590617275,-0.016925444118058408,-0.02489858721499516
2024-11-13,PEP,1.6336719844867973,0.00604580152671752,0.00604580152671752,-0.007444321397809928,0.013535129814199687
2026-02-25,MA,1.6329935185714464,0.0018877571085853528,-0.0028087325621245496,0.0037925429739447125,0.0037925429739447125
2024-05-10,CRWD,1.6328356907470452,-0.014654550202119032,-0.0034717503219088286,-0.013198470457629119,-0.01085481682496603
2025-11-24,AVGO,1.6323546651317336,0.05595705718718991,0.05595705718718991,0.05632621098556889,0.05632621098556889
2025-08-04,APH,1.6322433292313547,,,-0.014335745972449132,0.014335745972449132
2024-11-18,PEP,1.6322130941406492,-0.007522096157462466,-0.001584095244065109,-0.009427992913186634,0.0018349784864593044
2026-09-28,ARM,1.6316291909685943,0.025727789183535354,0.025727789183535354,0.02659793814432998,-0.02659793814432998
2024-12-18,ELV,1.631548225918172,-0.011797100666792626,-0.002871194094893559,-0.0047849491599151195,-0.0047849491599151195
2026-08-18,ADI,1.6310157608170484,0.011907352875621724,0.011907352875621724,-0.0027170502092049853,-0.014592050209204954
2024-06-13,TSM,1.6309332650348836,-0.01558578016461376,-0.0032382481216175485,-0.01472985544269756,0.008839079755853518
2025-09-09,BABA,1.6308948985109257,-0.007849829351535886,-0.003347635299853713,-0.0040427572975195725,0.00794847197478421
2026-02-17,AMZN,1.630847529759452,-0.01367749060284107,-0.004192349286530672,-0.012544109561653305,0.005822961963313
2025-11-12,CSCO,1.6305997478336771,-0.008486366165831871,-0.001978267350345897,-0.008424637334386809,0.029152361291184148
2025-03-24,TSLA,1.6304517067771156,0.059671956463827724,0.059671956463827724,0.06276678900539223,0.06276678900539223
2026-01-22,INTC,1.6300495144819598,-0.002753303964757703,-0.0055592484791273655,-0.01878049282197325,0.015975480451868806
2025-02-14,MU,1.629957906634817,-0.003105278974256276,-0.0046138721540905925,0.000490594262459787,0.000490594262459787
2026-01-08,MRK,1.6299178491558497,-0.0102278844428495,-0.0019100125605598928,-0.008459624519339348,0.0042071929427729415
2024-02-08,MARA,1.6296031278770782,0.14112050739957716,-0.008439972817879782,0.14571669647263596,0.14571669647263596
2025-11-13,QBTS,1.6292392328155703,0.04161541615416153,-0.014566830668306663,0.04591836734693877,-0.04591836734693877
2025-09-08,KLAC,1.6291693249068588,-0.001327421442538057,-0.0023208158094556453,-0.012998379959335837,-0.011688212845074153
2026-02-27,NVDA,1.6291247294547286,-0.009888339536692436,-0.0037387645130826375,-0.007425879745081687,-0.018287614297589294
2025-03-14,COST,1.6289550166027387,-0.009087929105110248,-0.00332128687530564,-0.007334439141080784,0.019566026877898546
2025-11-25,SNDK,1.6287977486183731,-0.024865216583007888,-0.01454047154277216,0.004469525959368004,-0.004469525959368004
2026-05-04,SNDK,1.628623526627983,-0.023336499938044764,-0.005769459572685376,-0.019060075845446223,0.033225570280430716
2025-02-03,COIN,1.6284805265969786,0.03595759408357324,-0.006566520768386042,0.03595759408357324,0.03595759408357324
2026-05-04,QCOM,1.6284719438967152,0.026142278773857774,-0.004502441543418945,0.029510086455331486,-0.029510086455331486
2025-11-06,ADBE,1.628369792885504,-0.0038025145660838255,-0.0027388947299251676,0.0033491657532579433,-0.0033491657532579433
2026-09-17,GLW,1.6282998673674751,-0.01372445962814528,-0.005021525711657704,-0.0064801957283608935,-0.022945182834093747
2026-08-11,CRWV,1.628172256877589,-0.01232907419861018,-0.0085820684023441,-0.007473508087004976,0.007473508087004976
2025-08-21,QCOM,1.6281079564523517,0.0027824511453343748,-0.0021635267799369196,0.0027824511453343748,-0.0027824511453343748
2025-02-04,RDDT,1.6278843702309846,-0.02263661267842565,-0.0055392793634010395,-0.009154617024235256,0.02598951200138666
2024-06-05,SBUX,1.6276985083853979,0.003315324165029443,-0.0022650242071287074,0.003315324165029443,-0.003315324165029443
2024-06-14,SMCI,1.6276298240330422,-0.014963036678987907,-0.0058264534844361116,-0.012694562030007073,-0.01133773055900289
2026-05-21,IONQ,1.6271774140630764,0.06358001502629596,0.06358001502629596,0.06395663956639575,0.06395663956639575
2026-01-28,WDC,1.6271013639660041,0.03206642066420673,-0.005811723774380662,0.0365607338089502,0.0365607338089502
2025-07-22,TXN,1.627093918031789,-0.010024308369024126,-0.0019435847402973216,-0.009955547323578506,-0.005000926097425529
2026-04-20,MSTR,1.6270292532281088,0.034687509467115074,-0.005482054677728554,0.04083622843908108,0.04083622843908108
2025-01-14,SNOW,1.6270135245855986,-0.015197270889085734,-0.0032550404349989126,-0.012699504883849633,-0.02257191150733684
2026-05-20,APH,1.6269800391213982,-0.011441193631741342,-0.005002583979328179,-0.0034058813756437933,0.02159827213822907
2024-10-07,AMD,1.626875086660084,-0.012055085370528573,-0.003356226593140832,-0.004736811288717169,0.0011710287487558535
2026-02-23,PANW,1.6268500053202934,-0.01683501683501687,-0.005730442520442525,-0.016305080177873466,-0.028567578493464363
2026-09-24,NBIS,1.62664270572376,0.022148975478669897,-0.00657744193579346,0.035385176811046914,0.035385176811046914
2025-05-15,COIN,1.6259090444080055,0.023565123617046768,-0.005047903388698982,0.03120727575343285,-0.03120727575343285
2025-04-24,MRK,1.6255253563673584,-0.030045721750489918,-0.004324904357562831,-0.023427866831072564,0.03588811733402553
2024-03-06,AAPL,1.6255163490619788,0.004004711425206198,-0.0019662333838128543,0.0044737461737697215,-0.0044737461737697215
2025-04-14,GS,1.6250451196739522,-0.0023061630218688123,-0.006708300198807082,0.0026212449429755535,-0.0026212449429755535
2025-11-05,HIMS,1.6249772631823545,-0.03589406872400969,-0.007684723134165017,-0.030615388678115973,-0.03699726239623957
2023-12-12,RTX,1.6249593432720095,-0.004199086081264625,-0.0013801407928861753,-0.003827160493827142,0.0009876543209876854
2025-08-28,ETN,1.6248075853257449,0.00022518084836886665,-0.0017849502792645078,0.0033600632482493342,0.0033600632482493342
2025-06-17,KLAC,1.6240259569890592,-0.00032464261326103916,-0.002417476007631425,0.001244548094496034,0.001244548094496034
2026-08-28,NOW,1.6239542106345761,0.028616117450499523,-0.004257966554436776,0.02872582480091035,0.02872582480091035
2025-12-08,CRM,1.623810253441317,-0.01083238312428747,-0.0028650974642994154,-0.010230470829847071,-0.013082832585380677
2023-12-20,COIN,1.6235279336508273,-0.02708428246013672,-0.005599439943823059,-0.0148002913682167,-0.017846303265752095
2026-07-20,ISRG,1.6233647613145705,-0.020300836914725173,-0.005120241865124275,-0.01596046802226514,0.00298193797569013
2024-06-03,COP,1.623277268826911,0.011629925360180593,-0.0020962568502491674,0.014282004674110671,-0.014282004674110671
2023-12-28,MARA,1.623256133026454,-0.033726812816188834,-0.007305468561792372,-0.029967733307149858,-0.04825444979024962
2024-03-13,JNJ,1.623093375798167,,,-0.002488955261029213,0.002488955261029213
2025-05-09,GILD,1.6230858144084874,-0.013104429093864223,-0.003958538921460586,-0.010591709950096617,-0.013137794072716091
2023-11-20,UPS,1.622947899604087,-0.002779661016949042,-0.0020440677966102605,-0.0016252454797860416,0.013205119523261422
2024-01-02,AAPL,1.6228625932935437,0.004427153206332135,-0.0013877074629153885,-0.007509586706433757,-0.011903493821900257
2026-06-16,ARM,1.6224831602602703,-0.05929565524549618,-0.009896356663470773,-0.04301347547463619,-0.051015152422590915
2024-11-20,UNH,1.6224720851979724,0.026604015378043577,-0.002363511319948719,0.022133003911881,0.030848946537643362
2024-06-04,INTC,1.6222294132250188,0.01201448321263987,0.01201448321263987,0.012979411174723898,-0.012979411174723898
2024-04-03,UPS,1.6220695397632359,-0.00901916572717032,-0.002530956012619212,-0.003140184444517913,0.0068422966317391865
2025-05-27,FI,1.6219326887215701,-0.007242339832869149,-0.003926687889640568,-0.0025443713541022372,-0.0062678416283976635
2026-07-22,DELL,1.6215398558765166,0.015888943639674302,-0.007428855631901876,0.017713996130102272,0.017713996130102272
2025-10-24,PLTR,1.620834372673143,-0.00541428725352866,-0.004282901319131338,0.004481713769911799,0.004481713769911799
2024-02-14,NFLX,1.6206659912085504,-0.01422296220199093,-0.0022247637940719933,-0.011660571367997141,0.022914789491351728
2026-02-25,NFLX,1.6206634326502125,0.02770874751491048,-0.0033300198807156844,0.030012453300124475,0.030012453300124475
2026-03-27,NFLX,1.6205943702685124,0.004156896184182357,-0.002620504309163385,0.009173338989341917,-0.009173338989341917
2024-12-12,HOOD,1.6205567255180833,0.04267161410018572,-0.006395062663284268,-0.010444563470808577,0.05356186395286566
2026-06-11,UBER,1.6202811282340954,0.019122280020514193,-0.0030724385878608818,-0.009616095865078833,0.028922257563429143
2024-02-26,GOOGL,1.6201111900111829,0.02155816435432234,-0.0018687299893276332,0.022045228274783057,-0.022045228274783057
2026-06-04,MRVL,1.6200148390496991,-0.028312021346640348,-0.007269412224813032,-0.025796925214974453,0.09901850082515429
2026-08-27,VRT,1.6199371860799903,0.006420664206642113,-0.0048778518713759045,-0.008451941019355314,-0.01481833815081779
2023-12-19,NVDA,1.6199302037989618,-0.01147604485219178,-0.0028294597349642903,-0.006493849000259733,0.006493849000259733
2024-05-24,MCD,1.6198248622986187,-0.005277285279200461,-0.0015761612278056836,-0.001418242276611359,-0.002165255384139475
2026-02-17,V,1.6197358253028387,0.004780325187910828,-0.0025450064920768956,0.008172925213000948,0.008172925213000948
2024-02-01,GOOG,1.619436921844214,0.004811379959556494,-0.002325181547411459,-0.0036128673660807964,-0.008406864447995654
2026-02-27,COHR,1.619099374337656,0.01812819504522234,-0.007167720914555309,0.027420634920634956,0.027420634920634956
2025-12-11,GEV,1.6190451683192304,-0.011940856120586929,-0.005164768213551829,-0.011243376746456812,0.011243376746456812
2026-04-20,MRVL,1.6187809520141836,-0.024440619621342696,-0.004935249569707478,-0.016188024925494315,0.001286914115416149
2024-02-14,MARA,1.618565472641562,-0.03573836817262299,-0.007152658703400427,-0.02594258042199926,0.0172950536146661
2024-05-29,DELL,1.6185272586955262,0.0706865671641792,0.0706865671641792,0.07236265398694797,0.07236265398694797
2024-05-13,GE,1.6184012387654947,0.0034986879920030356,-0.002895503471912253,0.00505271037365107,-0.00505271037365107
2024-09-05,XOM,1.6182317169425082,0.012648290300069753,0.012648290300069753,0.013723696248856387,-0.013723696248856387
2026-10-02,TSLA,1.6181486591513405,0.006280362141490636,-0.002921701235441998,0.008049165171044814,0.008049165171044814
2024-02-14,RTX,1.618101404864955,0.0013147803221211785,-0.0014992408708853766,0.0035137806083234135,0.0035137806083234135
2026-05-12,GLW,1.6169816485026787,-0.0030353619669145626,-0.006554929211022742,0.007508634930169733,-0.007508634930169733
2024-01-30,TMO,1.6165279496758223,-0.005491324409200193,-0.0021377655748346935,-0.0032529760334792934,-0.0032529760334792934
2026-09-10,IBM,1.6164038893834718,-0.017048832271762127,-0.002390639975735409,-0.015324289953370096,-0.007757524374735092
2026-03-09,GE,1.6162543028884162,-0.019951398396057973,-0.0035140151142845077,-0.015232775856050207,0.021548030846370914
2024-02-15,NFLX,1.615704889701237,0.010741522538471937,-0.002237140328009146,0.015009316717096599,0.015009316717096599
2024-11-27,AMGN,1.6152515275416917,-0.005717126522495675,-0.0039591481633667325,-0.0036473623343118433,-0.0036473623343118433
2026-06-25,FLEX,1.6151192881898528,0.008437499999999876,-0.006241066964285613,0.012233375156837978,0.012233375156837978
2024-03-28,GM,1.6151063274424604,-0.0017621145374449032,-0.0021452171176841173,-0.0008818342151675207,-0.0008818342151675207
2025-01-08,GEV,1.6149093707068234,-0.016521982637916377,-0.004007382885946376,-0.01059313186430777,0.019696822060440766
2024-03-19,SMCI,1.614907390086338,-0.04451682953311609,-0.011317116488289036,-0.04094510500561266,-0.00768333751103456
2024-04-09,BABA,1.6148322923610692,-0.0002739350773868221,-0.0014009333359423781,0.0,0.0
2026-04-10,TSM,1.6147868990400362,,,-0.0046740204588553436,-0.010176010256136347
2026-09-22,AMGN,1.6147123137286699,-0.011368577995899853,-0.0027387694246487904,-0.01055245189323406,0.01884543761638735
2024-11-20,ELV,1.6143549196530076,0.003635078507598255,-0.0024614061406862398,-0.008195052427975025,0.0118599205945229
2026-06-25,PLTR,1.614281867986985,0.013286134608311961,-0.005529737823779746,0.019192980852716812,-0.019192980852716812
2026-03-19,GE,1.613990697838202,0.00020571193472074256,-0.0037665365457046907,0.0008908075513071045,-0.0008908075513071045
2026-05-21,ALAB,1.613834607365199,-0.0255699754472114,-0.008032136593676409,-0.004017467248908169,0.03935371179039304
2025-10-09,AMD,1.6135791952946152,-0.02382578992314266,-0.0048939917042820635,-0.019993193806363774,-0.009358516249787341
2024-06-03,MRK,1.6130484286444342,0.011251868754426075,0.011251868754426075,0.01264625930741059,0.01264625930741059
2024-10-08,ADBE,1.6130482121682852,0.0055549923973643445,-0.002213157627977691,-0.01007515409661508,0.015686113898388365
2024-04-08,ABNB,1.6129618815035038,-0.003171219087765964,-0.0021818534621887986,-0.00644654481722573,0.003254882323485253
2025-09-17,NFLX,1.6125078441667302,,,-0.0024021118908639227,0.007263724011280948
2024-01-09,MSTR,1.612163725164245,0.006385542168674707,-0.007486279813130103,0.008092783505154744,-0.008092783505154744
2025-07-07,RKLB,1.6116742786623426,-0.05115373922713373,-0.006907482425831057,-0.03875338604482503,0.06760001538486904
2026-09-03,META,1.6115533191392033,-0.013249741468459253,-0.0030126738162947753,-0.008676595917373575,-0.008676595917373575
2023-12-05,LULU,1.6115099748359147,0.0036879308073933803,0.0036879308073933803,0.004834952309788587,0.004834952309788587
2025-10-03,MARA,1.6112478073960494,-0.028791773778920282,-0.006781050312155701,-0.028542041655952644,-0.032656209822576554
2025-03-17,HON,1.6111297924577122,0.0006034512771118106,-0.001979532103254633,0.0011419242180317202,0.0011419242180317202
2025-10-10,QCOM,1.61108319840947,-0.01459715065171252,-0.002408136664790228,-0.011901110361327571,-0.058217287282988694
2025-01-29,RDDT,1.6107828528566706,-0.02536858159633959,-0.005612982061151683,-0.022561346582843145,0.024183735550598273
2024-06-24,META,1.6107741186131646,-0.01005712925493929,-0.002069202627492328,-0.00845411827818121,-0.008623001957063892
2024-05-08,MARA,1.6104237339380305,-0.052603613177470754,-0.009192766054349377,-0.04704570320139112,0.06237347977526331
2025-04-15,ASML,1.6103159238098488,,,-0.0017133612765645179,0.0030149275682034293
2024-07-26,NOW,1.610101146628821,0.002959851341617581,-0.00355722595434238,-0.0031026108075289383,0.006071645415907767
2024-12-04,APP,1.6100384095607108,-0.007461695743381402,-0.005555799600171385,-0.000855386260358304,-0.000855386260358304
2025-05-13,LRCX,1.6096875340017176,0.01876867901972501,-0.003314388182051098,0.021026777691247833,0.021026777691247833
2024-04-10,CMCSA,1.6089880965668801,0.0005036514731806552,-0.0018014533942511957,0.0005036514731806552,-0.0005036514731806552
2025-04-09,WMT,1.6088076528949262,0.062485179037230276,-0.003331117246519133,0.06990627425228357,0.06990627425228357
2025-07-07,UBER,1.608700482345198,0.010663878724516351,-0.0029941602568890335,0.017570378354708538,0.017570378354708538
2025-11-26,CRM,1.6085914609434826,0.008906847410496965,-0.0032215042951486694,-0.004864128672417145,-0.013727652031043869
2024-05-16,PANW,1.6085701460584925,-0.011063639841857098,-0.002474497604168624,-0.009740310995343116,-0.00026837161575510304
2026-04-20,IBM,1.6081096904073329,-0.012084239975132194,-0.002415207713486467,-0.009833511829422603,-0.01185863109726415
2023-11-13,HD,1.6078576946615433,-0.0060886271908000555,-0.0017214416036774871,-0.004947069812495708,-0.004531931086971586
2025-06-04,UBER,1.6077633607549138,-0.007790199809705078,-0.002913976484980374,-0.007081647226850785,-0.007081647226850785
2024-12-13,MELI,1.6070966268179396,0.009542970555449837,0.009542970555449837,0.009542970555449837,-0.009542970555449837
2024-02-15,UBER,1.6068562662261034,-0.01408629441624365,-0.003498912255257336,-0.012036108324975037,0.02068706118355057
2026-02-25,PYPL,1.6068360088003115,-0.020298260149130165,-0.004153213398035316,-0.007761694986364698,-0.007342143906020615
2025-06-25,HOOD,1.6065227163314433,,,-0.006201641958537563,-0.022503100820979283
2025-01-08,JNJ,1.6062856820913463,0.0015439679977542475,-0.0014070009925508664,0.0019642230796211857,-0.0019642230796211857
2025-11-05,AMAT,1.6057948780867164,0.023113528212100665,-0.003139946707779062,0.02350490925319848,0.02350490925319848
2026-08-03,SNOW,1.605776574604156,0.008959926482654534,-0.004691876520866556,0.015257595772787402,0.015257595772787402
2026-03-06,GLW,1.605761922392376,-0.021077642369893512,-0.007238106187519744,-0.01670644391408105,-0.050889213950265466
2026-04-01,OXY,1.6055780086521245,0.02323026212525514,-0.0033263448214004843,0.024455243768615853,-0.024455243768615853
2024-05-10,JPM,1.6047779902483148,-0.002638588731969649,-0.0015605008651699004,-0.001902192500674027,-0.0003681662904531091
2025-03-24,RDDT,1.6047406234778372,0.008650075701297943,-0.012128553518005791,0.026362327781205064,0.026362327781205064
2026-08-27,AVGO,1.6045746839319328,0.013529732678668749,-0.003502351726287878,0.01434596852349812,0.01434596852349812
2026-06-10,KLAC,1.6040060847334678,-0.014171335963793608,-0.005564775028561675,-0.00554161535541331,-0.010620272034518208
2024-06-28,MSTR,1.6037006962229068,0.051106656471512246,0.051106656471512246,0.052783584552756224,-0.052783584552756224
2025-06-25,HIMS,1.603572696462096,-0.04867353650515238,-0.011853760140320135,-0.04742041712403944,-0.090450054884742
2024-07-10,AMD,1.6034614785949606,0.014896551724137952,-0.003546782266009907,-0.01307976808438216,0.028171163250328757
2025-02-12,SCHW,1.602822908482253,0.004357825929064307,-0.0021832362045410836,0.005200774068698677,-0.005200774068698677
2025-08-08,CRWD,1.602713288049487,-0.011534025374855816,-0.0035220168067227053,-0.007826248031860716,-0.017111234602204317
2025-08-01,JPM,1.602657810396458,-0.016849816849817012,-0.0016458323988937096,-0.012821849265089114,0.004482435108933425
2025-08-12,INTU,1.6026143193400215,-0.0069011168542173484,-0.002727675490572845,-0.006397339608550379,0.005495511998534708
2026-08-24,MPWR,1.6024947221020338,-0.0015822291504286046,-0.005033099320788326,0.006048652202498284,-0.006048652202498284
2024-08-30,TMO,1.6017854540713414,-0.0022650241168036267,-0.0012790507384026206,-0.005509820444675073,-0.003257276204057802
2026-04-01,XOM,1.601659091312369,0.025219763564716557,-0.0028032304161433874,-0.009785088245887974,-0.034758074198583344
2025-12-22,IREN,1.601050433283261,-0.023736055067647754,-0.009561255976399563,-0.023272381857041058,-0.0016623129897886946
2025-12-22,BE,1.600521635623577,-0.0013023659648361274,-0.011177982263016029,0.006568321309357139,-0.006568321309357139
2026-06-10,AMAT,1.600455331264373,-0.02270588235294113,-0.00538264285714285,-0.014356905552918797,-0.017382534409112527
2023-12-12,BKNG,1.6002315697321414,-0.004022046774914578,-0.0017538784022472775,-0.0032309985804988006,0.010423534023484171
2024-05-13,AMAT,1.5998185107259217,0.0018320193315954914,-0.002557789062959781,0.0034718873565435793,-0.0034718873565435793
2025-03-07,DIS,1.5997920210442693,-0.008571428571428674,-0.0027385578231292618,-0.0027695540063030766,0.007449145258332512
2025-02-14,TEM,1.599578213827251,0.01903839580722355,-0.008244844479890712,-0.03673517599811005,0.056472950626033525
2024-05-20,CAT,1.599573518274941,-0.004495139630274814,-0.0020323429309916374,-0.0019627635711081393,0.017861148497083867
2024-05-29,TSM,1.59939788580389,-6.479621590083084e-05,-0.002480760152178574,0.0018515608276210571,-0.0018515608276210571
2026-10-02,ORCL,1.5993011308370946,-0.012811488103618096,-0.004584959071619599,-0.0070594813727545835,-0.003914167889844111
2025-08-14,BMNR,1.5988625581469087,0.01579566459418591,-0.012097210552848181,0.01819100555836295,0.01819100555836295
2025-11-03,HD,1.5985323925037125,-0.00811326757874642,-0.0018785396118358166,-0.0019126554032515841,0.005312931675698573
2025-01-07,AJG,1.598487536333275,0.002579258463191847,-0.002035684859650444,0.002579258463191847,0.002579258463191847
2025-04-16,TSM,1.5981389736590037,-0.00020422818217158412,-0.00627719317068498,0.005765789648088049,0.005765789648088049
2024-08-28,ASTS,1.598040577903594,-0.0740870786516854,-0.017955106340288962,-0.06548241030999646,-0.02993382096830377
2024-11-22,V,1.597804822085629,-0.0009674610596922539,-0.001514963397723279,0.0008076500613813931,0.0008076500613813931
2024-03-25,DHR,1.5977458745570277,0.019000118750742145,-0.0014568171408213537,0.02010556906470551,-0.02010556906470551
2025-08-05,ACN,1.5976055222207717,0.019022278702196083,-0.0021735662375828024,0.021005072923271917,-0.021005072923271917
2026-05-08,MU,1.5974464982711027,0.07464748201438853,-0.005291200411099761,0.08086830680173662,0.08086830680173662
2025-08-29,CVX,1.5974315529730576,0.0033089842042830497,-0.0015555392038816285,0.0034969401773448094,0.0034969401773448094
2025-02-27,HOOD,1.597281416140225,-0.03225175918686496,-0.009096992628169431,-0.018889634672547784,-0.0647041902387574
2026-05-22,GS,1.5972418350913908,-0.007279088706353187,-0.0025900780045988725,-0.000753481082601648,0.0015873334806808526
2025-05-20,UNH,1.5969973328567622,-0.01635514018691575,-0.006428032421607055,-0.009882352941176453,0.008815686274509904
2025-04-14,PDD,1.5969952273966026,-0.017618406052440583,-0.006925210606576471,-0.01568016614745582,-0.01568016614745582
2024-07-09,PLTR,1.5967957258403975,-0.012402135231316724,-0.003994966954753432,-0.0074570815450644146,-0.02002861230329045
2024-12-02,SMCI,1.596646645739055,-0.040633245382585725,-0.010198737278552583,-0.02849110314490333,0.1392099343013995
2024-12-11,GOOG,1.596601645186207,0.03629563293473104,0.03629563293473104,0.03656865844662249,0.03656865844662249
2025-09-03,ISRG,1.5964263918085033,0.0565747273893521,-0.0018327820031154296,0.045642622531245736,-0.05890884272490726
2025-08-19,CYBR,1.5959340548727625,0.022129512062398105,-0.0029961730066596637,0.03137563166760249,-0.03137563166760249
2026-06-09,JNJ,1.5958038447733702,-0.005516052574876085,-0.0018698063840920653,-0.0038421086522568704,0.017364613964669928
2026-09-01,CVX,1.5957198242026815,-0.00613997217825113,-0.0017685586826470256,-0.0024404249210450146,0.00990525409130072
2024-03-20,BA,1.5954781078616282,0.03368745527604999,0.03368745527604999,0.03556854527407083,0.03556854527407083
2024-03-13,NOW,1.5951928067634824,0.018392112248767467,-0.003037140870758792,0.02111988523952657,-0.02111988523952657
2025-06-02,HOOD,1.5949180393424025,-0.03459443544825569,-0.004776240247313379,-0.03317116320212299,0.0025062656641603454
2026-09-23,BABA,1.594591589651527,-0.004898904426828166,-0.002329632645790114,-0.0033009189044518328,-0.011597823177803557
2026-03-23,COP,1.5944964204469732,0.010807374443738027,-0.002462577195531779,0.015731054859059235,0.015731054859059235
2024-08-21,PANW,1.5944794004946903,-0.01663161919327094,-0.003648516106882438,-0.006348595613697494,-0.011707799703182475
2024-12-04,MSFT,1.5942258858106142,0.0025905547913800397,-0.0018704771729874947,0.004455775281931196,0.004455775281931196
2024-11-08,UNH,1.593733193284894,-0.0030098061425936073,-0.0019386064273925196,0.006222338358021329,0.006222338358021329
2024-02-15,ABBV,1.593630663798523,0.009257142857142853,0.009257142857142853,0.0125261558746812,0.0125261558746812
2024-08-14,SPOT,1.5933089483285985,-0.009168613764751199,-0.004174957853952832,-0.005669001543393115,-0.007538881633622263
2026-05-08,COIN,1.5931549978575237,-0.01621041331186268,-0.006009853538839094,-0.004767657591578045,0.08582862320403861
2023-11-07,OXY,1.592716735283074,0.0026503230081165174,-0.0024958943656971933,0.003805426869622708,-0.003805426869622708
2026-04-07,INTC,1.5927059440413045,-0.026750142287990997,-0.005376588882564981,-0.026565464895635826,0.004364326375711602
2026-06-11,AMAT,1.5924366040204756,0.04413571496077884,-0.005444944442194344,0.04823712474856734,0.04823712474856734
2026-04-07,AVGO,1.5923159059424743,-0.022431528070392837,-0.003469570490235885,-0.019053206929561917,0.03094216101040681
2025-10-16,TXN,1.5922967273486404,-0.007227951889838158,-0.0028428134731308674,-0.005596590909091037,-0.0028977272727271908
2026-08-07,COIN,1.592233365601003,0.027489800013377197,-0.006961698691917428,0.030937520971746846,0.030937520971746846
2025-07-07,BABA,1.5920609474504728,0.01034000931532375,-0.002498955352984167,-0.0073971336107259145,-0.017660656495607996
2026-09-01,AMZN,1.5917484311514425,-0.0012537219871494587,-0.0023258501802225773,-0.0005488904571473441,-0.0005488904571473441
2026-05-13,CSCO,1.5916173183086555,0.019333999999999962,-0.002466785714285713,0.020558670404485557,0.020558670404485557
2024-03-25,XOM,1.5915959622408429,-0.00752920813500646,-0.0013649687828397594,-0.004859423811176544,-0.004859423811176544
2024-04-16,COIN,1.5915932365802072,-0.008479262672811183,-0.007980345622119911,0.009997738068310391,-0.009997738068310391
2025-09-24,MRVL,1.5914977388406075,-0.013975966562173259,-0.0032123357963875776,-0.013975966562173259,0.04584639498432597
2024-05-14,CSCO,1.5914683583568403,0.0001021867974657642,-0.001339960877054791,-0.002649816551161921,-0.002751732572360499
2023-12-18,NFLX,1.5907798574285703,0.0056473800707472765,-0.002085467231306204,0.008589211618257098,0.008589211618257098
2023-12-01,AVGO,1.5905945119879255,0.007616798127762836,-0.0026358904270731287,-0.013968766650736875,0.02169196205417223
2025-09-23,TSM,1.5903522773368606,0.001061984495026369,-0.002451234683402248,-0.006018518518518423,0.00708689458689471
2024-11-25,MARA,1.5902391287564352,-0.06516536545176344,-0.011002028886410331,-0.05724299065420557,0.028816199376947127
2025-12-17,TSLA,1.5901890525256668,0.04099185089393853,-0.0030146311495840017,-0.011945807812436593,-0.052447977933720025
2026-08-31,MCD,1.5898821406416939,-0.005808252244097312,-0.0018695298440716268,-0.0053082581330097245,-0.0005308258133008836
2025-02-20,PDD,1.589832474026366,-0.01601231716705165,-0.004170862201693715,-0.011406491212330394,-0.03808969888966918
2025-09-03,HIMS,1.5897734391515144,0.026048870447210604,-0.00520378054402959,0.027944572748267893,0.027944572748267893
2023-12-12,MA,1.58974960713334,-0.004739682391823097,-0.001095241707887995,-0.0016399415162627884,0.00908415426284126
2025-11-19,XOM,1.5889202601450232,-0.006373266729825078,-0.001908356607650319,-0.004556396148555741,0.008983837689133356
2023-12-05,MDB,1.588509779796748,-0.011413558139369284,-0.003785596803674851,-0.005943000047185398,0.024182513093946145
2024-11-18,WMT,1.5884752922570509,0.0005942476824339904,-0.0015338381608884788,0.0020175646807500947,-0.0020175646807500947
2026-03-23,FCX,1.5884599507119277,-0.020794304983139833,-0.006378191403950018,-0.020125432930824694,0.028737246091921742
2026-08-27,DELL,1.5883636120779134,-0.018144077081868604,-0.005838626686450965,-0.01721006659171498,0.019761307619130086
2026-07-09,CRM,1.5880617507882804,0.017089736767973873,0.017089736767973873,0.017950003132635617,0.017950003132635617
2026-02-12,NFLX,1.587594990988596,0.02574804160780797,-0.0030820506705315776,0.02724708295935374,-0.02724708295935374
2026-01-21,ONDS,1.5870786379433688,-0.05200698080279231,-0.011169284467713814,-0.021613832853025983,-0.0943804034582133
2026-06-12,BKNG,1.586960217282174,0.003985507246376807,-0.003322550034506433,0.005486885740126568,-0.005486885740126568
2025-02-24,BABA,1.5865899638232428,0.03236330908272722,-0.004852615958256035,0.03838557000708087,-0.03838557000708087
2025-12-16,SHOP,1.5862722927629735,0.014496360355876314,-0.004093906373598966,0.014496360355876314,0.014496360355876314
2025-10-20,ORCL,1.5857152609417635,0.023602353189840386,0.023602353189840386,0.02658565709067917,-0.02658565709067917
2026-02-19,ACN,1.5855266002772586,-0.005277777777777715,-0.005284966931216939,-0.01066816395283543,0.005334081976417826
2024-06-14,AVGO,1.5853234091430348,0.020864828616638853,-0.003215191181796806,0.021658120765069233,0.021658120765069233
2026-01-08,GOOG,1.5853086644515768,-0.0024602515607221598,-0.0019819237409881563,0.0010266468488070446,-0.0010266468488070446
2024-12-02,DELL,1.5846165545904205,-0.02084507042253514,-0.0048444668008047476,-0.020680775730264722,0.012472841393739387
2026-09-04,SNDK,1.5842702984814032,0.06508123660850917,0.06508123660850917,0.06526383463342356,0.06526383463342356
2023-10-16,MS,1.5841217848135358,-0.011813045711350778,-0.002157394159512771,-0.01038594691627126,0.009488395948198614
2025-08-19,PLTR,1.5840075547776276,0.05039436450117407,-0.0042306537763519,0.057487186259822076,-0.057487186259822076
2023-12-05,COIN,1.583957901209113,-0.026103299457051365,-0.005225965076271488,-0.0174169534377413,-0.015169604607065068
2026-08-10,CRDO,1.5834868681144125,0.05512896239417209,-0.00844399066182877,-0.01739248195941112,-0.0715626148697015
2024-03-27,VKTX,1.5834603246414152,-0.01634146341463416,-0.010058022648083531,-0.022646007151370773,-0.006674612634088195
2023-11-22,AMD,1.5833722032451634,-0.0032549434453577053,-0.002958365785894479,-0.002567478765167386,-0.002567478765167386
2024-05-22,PYPL,1.5833277688601137,0.00876214752270199,-0.002393079041398405,0.011439466158245981,-0.011439466158245981
2023-12-06,SQ,1.5831610364101616,0.014460345855694667,-0.0026231365533692097,0.01582325720256761,0.01582325720256761
2025-12-22,UNH,1.582972227062115,-0.007811784809740319,-0.0026457386103566627,-0.004180512380748236,-0.004180512380748236
2025-09-17,MARA,1.5825844650635292,-0.020034344590726838,-0.004760691798184502,-0.013929193267556483,0.005803830528148479
2024-07-12,T,1.5824468301942236,-0.0010621348911311612,-0.0014945755253774617,-0.011278195488721554,0.010204081632652962
2026-07-23,SPCX,1.5824270377662717,-0.011738304850681835,-0.007187547779339609,-0.005730039696214995,0.026737002375870178
2023-12-04,MSFT,1.5823988486077456,-0.007227601254602645,-0.00163965050359427,-0.003369015921317109,0.0032875074716078867
2025-12-02,INTC,1.5822677679595292,0.06347847358121328,-0.0042742521666200295,0.07028557360905974,0.07028557360905974
2024-01-29,ADBE,1.5820795830386412,0.0011597610574476391,-0.0022325093961071962,0.0026890274949082915,0.0026890274949082915
2024-12-11,UNH,1.5812542416103517,0.026954571152408402,0.026954571152408402,0.02943439609554499,-0.02943439609554499
2024-01-03,CRWD,1.58118116725354,0.0020502726862672294,-0.002480712791944173,0.0020502726862672294,0.0020502726862672294
2025-04-30,F,1.5803591769007959,-0.0025075225677029245,-0.003861369823757066,0.0009995002498752736,-0.0009995002498752736
2026-05-08,APP,1.5803170194354357,0.0020792057698066913,-0.005529682036147898,0.003742371728082783,-0.003742371728082783
2026-03-19,TSLA,1.5803018604486532,0.0010771049520555964,-0.0033906269351298146,0.003798894390735885,-0.003798894390735885
2025-04-14,MU,1.580236377528172,0.025793626294928873,-0.00975388192047233,0.03091095189355164,-0.03091095189355164
2025-01-08,PLTR,1.5800294670419535,-0.03424953230680672,-0.0070633390210307345,-0.03411053540587228,-0.0175590097869891
2025-10-07,RGTI,1.5798674705648144,-0.04527421236872797,-0.009236006001000163,-0.04235270571862748,0.02070974933732983
2024-10-28,COIN,1.5796408115178,-0.01293463143254514,-0.0056367872044505996,-0.011743408837727398,0.0028314147790569066
2024-10-28,HON,1.57956954614728,0.003866573472331769,-0.0020003730313020718,0.005056395300297778,-0.005056395300297778
2024-09-25,MCK,1.579205397739958,-0.01141552366833487,-0.003340266426048455,-0.01141552366833487,0.01141552366833487
2023-12-22,MARA,1.5791070114504975,0.04623824451410652,-0.007015506045678466,-0.005559736631611134,0.05205505360752416
2026-08-27,QCOM,1.5787901351827156,-0.007884603630584852,-0.00304560933229725,-0.0074535679374387875,0.0074535679374387875
2024-09-30,ACN,1.5787860044527073,-0.0005654829224157609,-0.0005654829224157609,0.004233074803261516,0.004233074803261516
2023-12-12,AVGO,1.578727844956104,0.03192144782441275,-0.002605918917432115,0.032453179101674445,0.032453179101674445
2025-12-17,DIS,1.5785811063158357,-0.01037942763259736,-0.0018984165278255194,-0.007983494797273005,-0.0077592393254396486
2025-02-07,C,1.5784733379524394,0.004386499329840365,-0.0022746784104161755,0.004992693619094157,-0.004992693619094157
2025-12-11,V,1.5783457842342266,0.03845576085323699,0.03845576085323699,0.038868998814610256,0.038868998814610256
2026-09-25,ARM,1.5783107121840514,-0.019538524667781942,-0.006001517358308561,-0.01309907636714791,-0.0336900144853044
2026-01-09,NFLX,1.5779851134841645,-0.0054525014052839715,-0.0020331325784952448,-0.004154269353842777,0.004154269353842777
2026-02-20,WFC,1.5779752484915697,-0.006915629322268302,-0.0034417522887439933,-0.003215434083601254,0.01848874598070749
2025-03-25,TSLA,1.5775389356330642,-0.023752797631940048,-0.006674729519271283,-0.023235676143743778,0.03907490258334523
2024-05-10,NEE,1.5769264341161209,0.01390002673082058,0.01390002673082058,-0.0010014019627478943,-0.014887509179517977
2023-10-16,WFC,1.5767014491779285,-0.0007197696737044623,-0.002294814230874742,0.00024015369836694056,0.00024015369836694056
2026-02-27,ADI,1.5765741358572714,-0.011284472335770568,-0.0029876565802784416,0.008689582472685031,0.013404749355403922
2024-01-04,AMZN,1.5763096285242546,-0.011522976537553742,-0.0019342139188036622,-0.009071393947787554,0.001107956512706787
2025-06-04,TSM,1.5757370278548577,-0.005245187787619399,-0.00212326898199533,-0.005146731330726961,0.001880536447765646
2026-05-04,MU,1.575620253498601,0.008556879626226976,-0.005064444077804375,0.013825857519788931,0.013825857519788931
2025-03-26,ABBV,1.5756048183278557,-0.01775237709892763,-0.002451179156671701,-0.015133935327649617,0.015133935327649617
2026-02-24,GLW,1.5754608664373404,-0.020327421555252467,-0.005162975053595753,-0.01727421109902072,0.03121599564744293
2023-12-07,TXN,1.574921906638774,0.004394904458598692,-0.0017745768880801371,-0.009484005786851046,0.013920591544767769
2025-01-23,ETN,1.5749178955910883,0.004059686901739301,0.004059686901739301,-0.010995195607412578,0.015099519560741292
2024-07-16,ISRG,1.5747386974123734,-0.00809290841753918,-0.001859086069615934,-0.0040758703918755135,-0.002755197304005419
2025-08-14,AMZN,1.5745999127852208,0.005881327873137554,-0.0023700817784637618,0.006144326302945702,0.006144326302945702
2024-05-14,F,1.5745679045645495,-0.007987220447284282,-0.002779952076677361,-0.006797281087565055,-0.00519792083166748
2025-03-03,GOOGL,1.5744664392720815,0.025953575177884103,-0.0022046083218076884,-0.009073571057042096,-0.034791654626365465
2026-05-21,NBIS,1.5741637851464296,0.018806744487678273,-0.009451864792609621,0.029103499906419694,0.029103499906419694
2023-11-27,AVGO,1.5740154672842641,-0.0060332750457609,-0.002371917076797847,-0.003406560707579498,-0.025025908330682745
2026-03-04,SPOT,1.5738752864876058,-0.0016822429906541148,-0.004771887850467227,0.0034381047212881377,0.0034381047212881377
2025-06-03,GOOGL,1.573538138419361,-0.016191396810053105,-0.003057481184837396,-0.015173279577031185,0.0029211882717909976
2024-09-18,PM,1.5725735283119524,-0.011139117001382148,-0.001670286782897601,-0.007206616984685832,-0.009417738104987361
2026-04-21,ARM,1.5725217198188701,-0.010779574468085085,-0.005023505572441689,-0.008811256395679368,-0.002330869812393388
2023-10-23,OXY,1.5723931121121035,0.002065131056394054,-0.0025101100646771624,0.003252677508924995,-0.003252677508924995
2026-04-20,TXN,1.5720865738559726,-0.013440673250799673,-0.002702448433121951,-0.011628916080881568,0.014058838844051014
2026-08-18,TXN,1.5720596952962946,0.013438842883269131,0.013438842883269131,0.014015137797414257,-0.014015137797414257
2025-12-04,LEN,1.5720188007370626,-0.01986257650283474,-0.0031152758929577917,-0.018978541095117984,-0.047314818294561856
2024-05-07,UBER,1.5719574397863336,0.012342215988779714,-0.003784181526748309,0.01730393524979057,-0.01730393524979057
2025-03-25,CRWD,1.5714034502423255,-0.01644955300127715,-0.005725882138295946,-0.014259017484576142,-0.014259017484576142
2026-04-21,VRT,1.5713872972194487,-0.013636221799232406,-0.004074805308274865,-0.004048710556579405,-0.016242103439040867
2023-12-08,GOOG,1.5713677439891374,-0.0021187988602322516,-0.0022841434520765036,0.002201350161432414,0.002201350161432414
2024-06-17,GE,1.5713643042596412,0.03597944031981726,-0.0025440519249770865,0.03828542355634679,0.03828542355634679
2023-12-28,MSTR,1.5713140368225675,-0.0010768609503298832,-0.004484677166061046,0.0011542151337089468,0.0011542151337089468
2025-12-22,STX,1.5709504956794518,0.025597739957279653,-0.005537766632870866,0.0365184806676887,-0.0365184806676887
2026-04-27,WFC,1.5709198325345874,0.001554715161517617,0.001554715161517617,0.003424017929402945,0.003424017929402945
2024-09-06,LULU,1.5707870195120273,0.028304053278217833,-0.0029825358550814585,-0.005481329222336462,-0.033630238666209844
2025-11-12,GS,1.5706544696429465,0.016463747047065214,0.016463747047065214,0.0165499527490367,0.0165499527490367
2024-03-08,C,1.5706527968728852,0.006219765031098778,-0.001831301214334946,-0.0046431642304384235,-0.0108340498710231
2024-02-15,GE,1.570557443256471,0.004944109330500046,-0.0016564014953318607,0.005148828823934748,0.005148828823934748
2024-06-27,MA,1.5701994068699574,,,-0.0007232782587076603,0.0007232782587076603
2024-10-07,APP,1.5700974682768343,-0.02126009237386728,-0.00323307528419825,-0.02126009237386728,-0.013221450481260777
2026-02-10,CSCO,1.5698653502092146,-0.011634538610699185,-0.002397057146116155,-0.00659214674691877,-0.0108340498710231
2026-02-11,ASTS,1.5693890583994812,0.0066694028319309595,-0.012179832018996972,0.009210930303960585,-0.009210930303960585
2025-06-18,KLAC,1.5692495588898885,0.024303922227448926,-0.002474672081049345,-0.002753190182335996,-0.026990199089716005
2024-09-27,NU,1.5691547470434173,-0.012309920347574277,-0.0031448743146786917,-0.007902298850574696,-0.0035919540229885083
2024-02-23,SNPS,1.5686187485668213,,,0.0012662838904404783,-0.0012662838904404783
2025-09-25,MARA,1.568609543922609,0.042908224076281476,-0.00641865315852197,0.046884272997032794,-0.046884272997032794
2025-04-10,GEV,1.568520275429822,-0.02130386032356235,-0.00812523969703216,-0.0040044386548945266,-0.0031681703414224716
2026-01-27,STX,1.5679265048450013,0.018701568960324266,0.018701568960324266,0.03753173639474583,0.02671376531626013
2024-05-08,PLTR,1.5676775193306085,-0.007364485981308455,-0.005644158878504779,-0.006189031505250853,0.006189031505250853
2024-08-06,ORCL,1.567677490380459,0.01575498457366009,-0.0029603259067951804,-0.00213163742241973,-0.01785303808137295
2025-06-26,ANET,1.5675936421070067,0.022032193158953772,0.022032193158953772,0.03373397859878624,0.03373397859878624
2025-07-02,ASML,1.567578187694743,0.027948833322620104,-0.0025361059330205604,-0.003910585684417045,0.03196871531452472
2024-09-06,TSLA,1.5674570693489192,0.07344379364325537,-0.004393027381392134,0.07583333333333331,-0.07583333333333331
2026-07-09,LRCX,1.5672716202501251,-0.022511977351916457,-0.008446230245146902,-0.02159312289688431,-0.037532525918559156
2025-04-24,PEP,1.56722879655224,0.02872531418312385,-0.0033087567581431276,0.03254649499284701,-0.03254649499284701
2026-09-01,GOOGL,1.567133211612937,-0.003213329366260176,-0.0018319122710077629,-0.005083732057416412,0.0018540669856459413
2025-09-04,GOOG,1.5668869297766452,-0.008096640110841768,-0.0024222005047256356,-0.006849611999826477,0.008713746911171993
2024-04-12,UNH,1.5668224162480635,-0.004100310354982706,-0.0021800884139533405,-0.0020430400435847984,-0.0029964587305910673
2026-03-12,KLAC,1.566580138395612,-0.017241020157342524,-0.004965792728834462,-0.008199795607276794,-0.029946630788976636
2024-12-03,TMO,1.5664740676534723,-0.00864167248438652,-0.0021649330310815618,-0.002841015992474105,0.0057761053621825376
2024-04-12,ADBE,1.566459735419297,0.006598162890745107,0.006598162890745107,0.007608980061751147,-0.007608980061751147
2024-04-11,AMGN,1.5659919095719395,-0.008830022075055344,-0.00187201723956687,-0.0036613780095418047,-0.0008876067901919527
2023-12-01,BABA,1.565828618659085,0.01003549972692519,-0.003301718420847366,-0.009956148818224264,0.020091563473896068
2024-11-13,SBUX,1.5656658746506837,0.013709759317558579,0.013709759317558579,0.01654870410917053,0.01654870410917053
2026-07-06,V,1.5653041719175134,-0.0022440392706872814,-0.002189438990182202,0.0009227413807566531,-0.0009227413807566531
2025-02-03,SMCI,1.5651515148023598,-0.029489603024574818,-0.007932109100729168,-0.02522590361445798,0.011483433734939652
2026-06-26,PLTR,1.5651500025023721,0.022574796010879528,0.022574796010879528,0.024478859167083034,0.024478859167083034
2024-10-04,VST,1.5650686772530582,0.019970523212969882,-0.00512071797031266,0.0220794565056861,0.0220794565056861
2026-06-05,KO,1.5649638219566429,0.016234181260385894,0.016234181260385894,0.01792573623559557,0.01792573623559557
2024-11-14,XOM,1.564867159113027,-0.005178365937859586,-0.0019169523966088287,-0.0015641722235941735,-0.007409236848604617
2024-09-25,REGN,1.564713090022986,0.0037280638213621486,-0.002926482498658123,0.006663777745678723,-0.006663777745678723
2026-07-27,AAL,1.5644881214481257,-0.010807159743329908,-0.005126163940753603,-0.011352253756260478,-0.0006677796327211327
2024-07-12,PDD,1.5642508332408884,-0.007760837203535154,-0.0027276028440048616,-0.0060707557044170635,-0.0060707557044170635
2026-03-17,INTC,1.5642500610162369,0.012113055181695809,-0.005728065115682801,0.022419533851276263,-0.022419533851276263
2025-11-26,CLS,1.5640371145974066,0.027040390617756982,-0.00883639791093671,-0.014277430375977396,0.04170388828811866
2024-04-01,SQ,1.5638175836089132,0.007190737355271204,-0.00419009314877683,0.009965969859018098,-0.009965969859018098
2025-07-01,INTU,1.5628239834120494,-0.010764549258273082,-0.001527426687677802,-0.0019818583733517414,-0.009617094798892056
2025-08-28,TSM,1.5626462594968495,-0.004764093777424816,-0.002158352387718443,-0.0024295228919699596,-0.0024295228919699596
2025-05-27,IONQ,1.5622517158395322,-0.04810069678579465,-0.008355392865170286,-0.0431767337807607,0.07472035794183429
2026-10-01,KO,1.56135429765281,-0.003935185185185208,-0.0013851107804233598,-0.00226204976509492,-0.0009860216924771903
2023-12-05,WFC,1.5613377523463583,0.0031354983202687148,-0.0017377379619261113,0.003581822252070821,-0.003581822252070821
2023-12-18,BLK,1.561207330813802,0.011360391343754217,0.011360391343754217,0.015923822706122914,-0.015923822706122914
2023-12-04,META,1.561097897880208,-0.008035572494838661,-0.002253383697452316,-0.004748638723566012,0.013106242877041874
2026-03-10,RKLB,1.560257662675545,-0.021598272138228847,-0.007696698549830128,-0.01866475233309406,-0.010265613783201788
2023-11-10,PANW,1.5602259836212446,0.014979173341877594,0.014979173341877594,0.015792849126182507,0.015792849126182507
2024-07-05,VRT,1.5602072973868295,0.013118279569892421,-0.005412112135176672,-0.011374508344849543,-0.024343573934304197
2024-11-25,ARM,1.5601668563753897,-0.02103776914931177,-0.004502813776410708,-0.02076124567474069,-0.01362898100416643
2025-08-29,TSM,1.5601028215548263,0.009414136215474378,-0.0022294959929416436,0.011385767790262125,-0.011385767790262125
2025-06-17,CSCO,1.5598384292275749,-0.007432124981040622,-0.0015824607267448387,-0.006528009716107563,-0.008046151510551103
2025-09-25,INTC,1.5595622052694555,-0.014447236180904599,-0.0045152099784637745,-0.007913896802785647,0.07549857549857553
2024-05-02,PFE,1.5594294445531778,0.008372770294867049,-0.002013885277445504,0.013167520117044695,0.013167520117044695
2026-01-23,NVDA,1.5593322097486428,-0.0024035893601110914,-0.0029034863491386176,-0.0013339024650518283,0.0013339024650518283
2024-02-23,GE,1.5589920667334993,0.0004922559632885015,-0.001525648883657138,0.0008810060975110723,0.0008810060975110723
2025-04-29,PM,1.5589461002566654,0.008178262415550419,0.008178262415550419,0.008178262415550419,0.008178262415550419
2024-05-09,ACN,1.5587364651075515,-0.006566850538481717,-0.0015228057337988155,0.0017908892579207025,-0.0017908892579207025
2024-02-06,UBER,1.558623090175702,-0.009245882692863305,-0.0022864469393651943,-0.008596823546554111,0.026810432755354885
2024-06-04,XOM,1.5585915100923866,-0.007782449235173017,-0.002061901780123554,-0.007692307692307665,0.007692307692307665
2026-03-09,CIEN,1.5580666509930858,0.061835394513150455,-0.00816323877462588,0.07362779959217391,0.07362779959217391
2025-10-16,KLAC,1.5579856916653798,-0.014741046560571736,-0.0038392737200736438,-0.009565393531543287,-0.01047466858724766
2024-07-22,PANW,1.5578305517784063,-0.011904761904761862,-0.0028093664965986864,-0.010727056019070424,-0.005721096543504167
2026-03-12,TXN,1.5577703481179428,-0.013588841223766357,-0.003135374656425771,-0.004697137842929688,-0.019072444318269932
2023-12-05,LRCX,1.5576984144732429,-0.0036212320828203914,-0.0022876704298271378,-0.0036212320828203914,0.0036212320828203914
2023-12-08,MDB,1.5576446643757815,-0.009592389161914183,-0.004681851800403258,-0.007053156717701681,0.010096732787254092
2026-07-09,TER,1.5576301030175461,0.0379904559915164,-0.010529688683532878,-0.012562860112199314,-0.050076047319495665
2024-01-08,VZ,1.5575751791747687,-0.014130709058793656,-0.0014779387909591435,-0.011832829808660517,0.00981873111782483
2023-10-16,LMT,1.557395167886116,-0.0031203024643555732,-0.0019418058709841368,-0.0023404303665158777,0.0007725692471995949
2026-01-21,STX,1.5571815691728947,-0.04879699710787033,-0.005961725432281018,-0.045965019944768315,0.056244246701442346
2026-01-28,INTC,1.556800625231676,0.014144565782631346,-0.0075427531386970115,0.017106498383227198,0.017106498383227198
2024-09-23,MRVL,1.556637319431882,0.009722126456595204,-0.004580924143773313,0.011290100509431245,-0.011290100509431245
2025-04-30,SPOT,1.5564946793462886,0.0559015829318652,-0.005598055746731001,0.06272187299773146,0.06272187299773146
2025-04-14,TSM,1.556427610370762,0.0034548944337813303,-0.006332547299150004,0.004410354745925216,-0.004410354745925216
2025-05-06,UBER,1.556203165220318,0.008813160987074076,-0.0035511073526942605,0.012979351032448294,0.012979351032448294
2024-12-30,SNOW,1.5559005926138954,-0.0018093699515346895,-0.0037980475421186544,-0.0009038672606367371,0.0009038672606367371
2025-11-06,IONQ,1.5555484574923026,0.0019180470793374038,-0.009157242495952067,-0.0393258426966292,0.04131931859369331
2025-06-25,VST,1.5551836841811548,0.007639683765006566,-0.003268092436750969,-0.007162112162376388,-0.014747079655372919
2024-08-27,KO,1.5547587000756824,-0.00013986013986022616,-0.00013986013986022616,-0.005060444194545877,0.004919876300252923
2026-08-27,GEV,1.5547271525012678,0.009988578548437377,-0.004355915421926149,0.01508139823155108,-0.01508139823155108
2024-11-22,MSTR,1.5544655208105116,0.01233558563974313,-0.012122464437719138,0.020655546935608893,0.020655546935608893
2025-11-26,RDDT,1.5543475535870974,-0.01152592184414758,-0.00634409173505468,-0.007654878169652046,-0.04333615310678329
2026-04-20,AMD,1.5537885525496464,0.018071428571428627,-0.003768834183673464,-0.018301661875043895,-0.03604235327115923
2024-10-28,CRWD,1.5536641550613646,-0.0038349642951600593,-0.0032762591151245246,-0.015203893270683055,0.01131062258768245
2026-02-25,FCX,1.5534830163364275,-0.011996510106150993,-0.004385217806768038,-0.004775687409551366,-0.003907380607814703
2025-10-20,TXN,1.5532896907619953,0.007009476812650739,0.007009476812650739,0.00791379020037053,0.00791379020037053
2024-04-01,MMM,1.5532659291856368,-0.01759158222915036,-0.0025436238408067524,-0.01719516945851196,0.04658022149257057
2026-01-27,TXN,1.5532201067834015,-0.011467654016250162,-0.0030316554267495466,-0.003050421675937498,0.008894927071851466
2026-02-19,BA,1.5528181732520887,0.00200674608257545,-0.0032355456336499167,0.004132759575646516,-0.004132759575646516
2024-03-05,COST,1.552781051734082,0.0004075301046431168,-0.0013511970492567915,0.002492555131383911,-0.002492555131383911
2024-09-24,SBUX,1.5521693860047743,-0.01036974965957882,-0.002272553831420554,-0.010264550264550198,-0.0002116402116402183
2024-03-21,AMZN,1.55188511282356,0.0096709648732769,-0.0019616655021279517,-0.0054173576561636905,-0.015035931453841855
2026-09-11,COHR,1.5517443542009142,-0.0352577935659506,-0.00561480836815309,-0.03016187644532531,0.00855632639577153
2026-09-28,APP,1.5512617271844995,0.014514530515681523,-0.004988931414504405,0.016683679979584087,-0.016683679979584087
2025-06-05,AVGO,1.5506449332246828,-0.01254700329982339,-0.0028519820866723666,-0.01227511603820619,-0.0028386205838352163
2025-07-22,CRM,1.550582123970895,-0.002026043697862745,-0.0019844928164451936,-0.009767538241278073,-0.007761284002712698
2026-03-18,ACN,1.5504729443462653,-0.007738693467336688,-0.0041839124192391,-0.0016358374229268335,-0.01905121429470258
2024-09-24,KO,1.5500577032987777,0.0004207573632539763,-0.0015387597675816655,-0.0016858668165213864,0.002107333520651844
2024-05-07,SBUX,1.550047419310506,-0.004293628808864192,-0.0036099722991689287,-0.0006209894431794538,0.0006209894431794538
2024-10-10,CCL,1.5499003694866504,0.009910802775024763,-0.003955401387512492,0.013678189505098137,0.013678189505098137
2025-07-07,F,1.5496331538299264,-0.011082693947144118,-0.0021494945804408916,-0.009393680614859234,-0.00982066609735266
2023-12-01,PDD,1.5494320049718286,0.0017240190331702099,-0.0038891406503985815,0.004147656574035707,0.004147656574035707
2025-09-30,JNJ,1.5491423190751812,0.016838525669153004,-0.0013669059111138804,0.01963480365196335,0.01963480365196335
2025-02-24,GEV,1.549080885366781,0.021671826625387025,-0.00555089783281737,0.030563331671587868,-0.030563331671587868
2026-05-13,APH,1.548927422563913,0.02517788724685277,0.02517788724685277,0.02738336713995948,-0.02738336713995948
2024-03-21,NOW,1.548705754566738,-0.01575715887088569,-0.003078178000029186,-0.014814240285426106,-0.0011763489231884083
2024-04-29,NEE,1.548672499754272,-0.0005929439667949898,-0.0024523738935242623,0.0011880011880012198,0.0011880011880012198
2026-04-20,ADI,1.548654202861823,0.018683029042825705,-0.002816227878249755,-0.006217619367854699,0.025016812373907182
2025-03-18,RDDT,1.5484642666896613,0.06323404255319154,0.06323404255319154,0.06704526190879823,-0.06704526190879823
2024-05-20,MU,1.548371981841804,0.002331962337370763,-0.002690126753204014,0.005769980506822758,0.005769980506822758
2026-03-11,BA,1.5482916198558712,0.007648200394808624,-0.0034219351793711716,0.011770136164320433,-0.011770136164320433
2025-11-19,CRCL,1.5478096582315046,0.0493928230317916,0.0493928230317916,0.05210884353741496,-0.05210884353741496
2026-08-31,NOW,1.5468257411115476,0.012512820512820655,-0.00425673260073256,0.022863853008219914,0.022863853008219914
2026-09-16,DELL,1.5465902203193227,-0.029672168062186755,-0.006082018115146859,-0.028827291360609464,-0.008911213350105918
2026-06-12,HD,1.546539504309511,-0.000899184637659145,-0.00228004049596664,-0.007547569349910743,-0.006655171370662738
2025-01-14,META,1.5464319874534902,0.003453478625314199,-0.002899863489402632,0.0071485836451095075,-0.0071485836451095075
2023-12-12,TMUS,1.546097859788882,-0.00881845284795224,-0.001207213467530499,-0.007458944465337902,0.005265137269650166
2026-04-01,KO,1.546039720261221,-0.005940201966866843,-0.00161715869768142,-0.004812763713080148,0.0035601265822784445
2025-06-06,SHOP,1.5459850125145878,0.02975970425138641,0.02975970425138641,0.03061696420312643,0.03061696420312643
2025-08-20,GEV,1.5458816425961592,-0.011377970049228359,-0.0039095776201407695,-0.011278509101222967,0.009159617598478498
2023-12-22,BABA,1.5458131025119841,-0.0016220159151194569,-0.00221580143993938,-0.00027357855356635596,-0.00027357855356635596
2026-05-27,ON,1.5457597316932918,0.00975416336241075,-0.005483743061062585,0.018394780284568757,-0.018394780284568757
2025-07-24,GEV,1.5456964110173237,0.0015785382895696642,-0.0035757452268962986,0.010624106717484594,-0.010624106717484594
2023-12-06,XOM,1.5455082029512506,-0.010450880859958156,-0.0019958196476559387,-0.010253857640617259,-0.013140866102538618
2026-02-24,PG,1.5452721254883068,-0.002973120563072751,-0.0020387112432498355,-0.009257589419897738,-0.006311992786293907
2025-02-03,SPOT,1.5451282091705227,0.006885564121815957,-0.003271671083508343,0.008048547961278851,0.008048547961278851
2025-10-28,WFC,1.545094497127561,-0.012257990606025948,-0.003039539793463497,-0.004950495049504955,0.0005756389592448397
2025-09-03,KO,1.5450766047289866,,,-0.005504852962480045,-0.00036216137911060375
2024-12-05,COST,1.5448936023945732,,,-0.000835387844088098,0.000835387844088098
2024-02-08,UBER,1.5448135129039244,-0.01047264709935225,-0.002481101990196688,-0.010336273428886433,-0.012748070562293212
2026-06-22,SMCI,1.5446318618982715,0.051289653127779555,0.051289653127779555,0.05316305316305314,0.05316305316305314
2024-10-08,NOW,1.54453409191033,-0.0,-0.0024826441034850877,-0.0,0.0
2025-07-28,UNH,1.544069735641108,-0.002986348122866911,-0.0026501274784658246,0.0013274571231348675,-0.0013274571231348675
2024-05-24,NOW,1.543935314254851,-0.008126934984520218,-0.0021614491985543216,-0.005852348993288681,-0.007932885906040132
2025-06-17,XOM,1.543492723043464,0.00021931748398995587,-0.0019016831050342464,-0.0026387545078723207,0.0028586507168617548
2025-03-24,META,1.543037322329426,0.002025406701665622,-0.004284385618917863,-0.0061461712776536,0.00818402647581462
2024-07-29,IBM,1.5430136955512987,-0.0019935119296776715,-0.0020729085690367466,-0.0008414340963729394,0.0008414340963729394
2024-04-09,ASML,1.5429750514604126,-0.007313144652200454,-0.002692306977714609,-0.0014240068432836983,-0.0038694744257427027
2025-10-28,CRWD,1.5421001762465176,0.005607648464791337,-0.003017361384708317,0.010241497495775853,0.010241497495775853
2024-07-11,PLTR,1.5419060125287924,0.018130110202630556,-0.0038497790868925463,0.025082419715784288,-0.025082419715784288
2024-08-09,TSM,1.5417423319092944,-0.015339620389160813,-0.0054267765480311425,-0.015339620389160813,-0.0021487405992597353
2026-04-10,PANW,1.5417206577508116,0.03810759063677349,0.03810759063677349,0.039901363951606705,-0.039901363951606705
2024-03-18,BA,1.5410904351844885,-0.007735569111269269,-0.002783727083725429,-0.0025571001180757502,0.0025571001180757502
2025-11-12,IBM,1.540970517766488,-0.017334837154687532,-0.003573827769782878,-0.015890389763109303,-0.02495783626545356
2024-05-21,GS,1.5407532664872818,0.006955591225254132,-0.0014518871818389734,0.008747480811285957,0.008747480811285957
2025-08-18,CRWV,1.540568714174379,0.05022069641981364,-0.012282750648076934,-0.0043760577588841665,-0.05437698551047332
2026-04-01,INTC,1.5405428650675128,0.033584499461786654,0.033584499461786654,0.03380706287683033,0.03380706287683033
2024-09-05,ORCL,1.5405089411349642,-0.005775395296011121,-0.0015913564604175257,-0.005324813631522929,0.012637557685480916
2025-08-12,INTC,1.540295574650016,0.028288543140028155,0.028288543140028155,-0.01434720229555242,0.043041606886657036
2026-02-17,NOW,1.5401235494277359,0.022871898920962863,-0.006142540941489472,-0.013914150600218167,-0.03646780647508174
2025-11-19,V,1.5400637051496968,-0.006955392747843847,-0.0019755942996693143,-0.005017962888569927,0.0034996582110951024
2026-05-19,TMO,1.5400450068609404,0.007422402159244168,-0.0031039618276460512,-0.007063230581757396,0.010741526379925093
2024-07-29,CRM,1.5398376406714653,0.013252505586406782,-0.002489775101829572,-0.0021536236297199363,-0.015377588306942802
2024-07-22,TMUS,1.539623637293223,0.012414407392974391,-0.0013016160202319327,0.013293286612158561,-0.013293286612158561
2024-06-25,MRK,1.539469073747337,-0.009016393442622839,-0.0015703055141579325,-0.008499217177365126,-0.008797435323939506
2025-12-08,XOM,1.538463075010798,0.0012947777298231156,-0.0019852703619211987,-0.0014262868997707567,0.0027229113541080707
2026-04-27,TSM,1.5383830867731483,0.009804400977995065,-0.0032286046105483024,0.017012892983070627,-0.017012892983070627
2025-01-23,ORCL,1.5382036157632777,0.007075344315419896,-0.002834362100227583,0.008218881799502586,0.008218881799502586
2024-06-03,DELL,1.538140665383053,0.03628002043944811,-0.008491542656919648,0.03986152827979428,-0.03986152827979428
2025-05-06,CRWD,1.5378558513983298,0.016745039568757836,-0.003852394606196685,0.019434222631094622,0.019434222631094622
2026-08-31,QCOM,1.5370724663294015,0.011150652431791253,-0.002710875275376945,0.014399619183624868,0.014399619183624868
2026-03-19,SNDK,1.5370173925292494,0.08894736099549938,0.08894736099549938,0.08977023523172734,0.08977023523172734
2026-07-13,AAPL,1.536786821035827,-0.013098393887416182,-0.0027903076340469735,-0.012698423593403452,-0.009672092327439041
2026-08-31,SNOW,1.536663713189491,-0.015625,-0.00372808123249313,-0.01093906245265297,0.004515014696524267
2025-02-24,HIMS,1.5364122454591924,-0.04662677945120686,-0.01412281529075421,-0.041882645656230455,0.06417167737922469
2026-03-23,PLTR,1.5362582559020728,0.020821430838570354,-0.0039024630229163026,0.021015873015872932,0.021015873015872932
2024-12-18,XOM,1.536069241005073,-0.009145496535796771,-0.0017051072253381205,-0.009099727470091024,-0.017044667190170393
2025-02-24,PFE,1.535633646719022,-0.018468641785302164,-0.0021606387071950728,-0.013787820758330183,0.02144772117962468
2025-06-12,TMUS,1.535483870967742,-0.0005249803132381103,-0.0018988350436859314,0.002790616551844538,-0.002790616551844538
2026-06-10,AAOI,1.5354757111988266,-0.046432616081540146,-0.014471278919268804,-0.02376811594202899,0.01513043478260867
2026-06-11,MRK,1.5353923506724205,-0.00849716761079633,-0.0029275836625886065,-0.006044547486958596,-0.00024840606110787533
2026-02-26,ACN,1.5353412856128565,0.0478476151980598,-0.005200784588289653,0.05584970980551884,0.05584970980551884
2025-10-10,DELL,1.535325303247268,-0.013037826848763534,-0.004651201716418529,-0.008426168460251904,-0.05002051314419165
2023-11-27,ROKU,1.5353175778032162,0.06144329896907208,-0.004019005891016225,0.04220111011787275,0.07020352160987864
2024-10-04,AMD,1.5352722525157751,-0.010238704684802702,-0.003182038896873074,-0.010061919504643968,0.017563705644200844
2025-04-16,AMD,1.5349366899109165,-0.02521053293461817,-0.008391666538153264,-0.020246085011185744,-0.012639821029082898
2026-01-08,COST,1.5348622322317438,0.0148573582729985,-0.0013456751307147075,-0.00450535537198915,0.019429651323896513
2024-01-02,MARA,1.5348106998197413,0.10344153304653891,-0.010672383932063267,0.10414224306369668,-0.10414224306369668
2026-02-18,COF,1.5342077913729188,0.006185270425776768,-0.0035431975724697917,0.014258095698405082,0.014258095698405082
2026-03-17,QCOM,1.534050046697636,0.008741522230595322,0.008741522230595322,0.00963710284595698,-0.00963710284595698
2023-12-20,CVS,1.5338141441437536,-0.0008407165491819413,-0.002264502360473264,0.0031164783794310758,0.0031164783794310758
2024-02-01,BMY,1.5337651060939834,-0.004745203218485816,-0.0017567862300686965,-0.004123711340206171,0.004123711340206171
2026-07-24,TSLA,1.5331586682356906,-0.01608354767733733,-0.005488821646604691,-0.014036395254953038,-0.028010682566300127
2026-03-04,LITE,1.532976553467156,0.011059278313060417,-0.00832445705317042,0.016278743670140372,-0.016278743670140372
2024-07-10,T,1.5328873929428848,0.0018716577540107693,-0.001581359816653971,-0.0108108108108107,0.012702702702702684
2026-02-23,GLW,1.5325382305844013,0.006304121925874595,-0.005175164530654697,0.02137533398959346,0.02137533398959346
2025-08-04,WMT,1.532523738534545,0.0038298730094739053,-0.0012003772280934077,0.0038298730094739053,0.0038298730094739053
2024-10-02,TSLA,1.532381067511543,-0.021712233087208155,-0.0036678307723009285,-0.020265408905587923,-0.004636661603645398
2024-07-26,IBM,1.5321411850205795,-0.0021845417663579614,-0.0020097932858776923,0.00046936114732720746,0.00046936114732720746
2024-05-02,DIS,1.532091898294075,-0.008363309352517945,-0.0019403134635149755,-0.0071428571428571175,0.005624999999999991
2024-09-27,DG,1.5318338984509878,0.004025764895330131,-0.002485983765486921,-0.005644750844399304,0.009693240179521778
2024-06-18,INTC,1.5317889013818051,0.009376010345942376,-0.0023798207934968563,-0.013554457024398059,-0.022803380641046034
2026-01-23,CRM,1.5317636774126824,-0.011701482187743806,-0.00345535482113446,-0.008737231036731186,-0.008737231036731186
2026-04-13,ACN,1.5313089622829477,0.05206906001644285,-0.003887382061621536,0.05493116429886502,0.05493116429886502
2026-07-20,CAT,1.5309752095060125,0.023996297843042025,0.023996297843042025,0.025261520425647,-0.025261520425647
2025-03-06,CEG,1.530782513894868,-0.023902077837937963,-0.00841825826540532,-0.017404699498781318,-0.04474272313422545
2024-07-11,HD,1.5305924749688598,-0.010905642484589695,-0.0018499771131350595,-0.010107391029690493,0.015247229081720493
2024-11-27,ADBE,1.5305370147781854,0.0045348837209302495,-0.0027729055924694546,0.0045348837209302495,-0.0045348837209302495
2024-05-20,NFLX,1.5302841178537465,0.030397042276161468,-0.002271384940409127,0.035866505830317585,0.0309770808202654
2025-05-21,CRWV,1.5299608136939695,0.15641495206291056,-0.008700704821409389,0.168037446834439,0.168037446834439
2024-10-14,MRVL,1.5294431219167461,0.019824077720887567,-0.0031907012509611032,0.021164716708295117,0.021164716708295117
2024-08-26,GE,1.52935733411353,-0.006407618599729492,-0.0019515607548057368,-0.0062893081761006275,0.006759536824781032
2025-09-25,IONQ,1.529030378656092,0.010193897918448824,-0.0065977942075032825,0.014549325762952536,-0.014549325762952536
2023-11-09,SMCI,1.528985178806146,-0.029629629629629672,-0.006101746031745958,-0.029296837771381812,0.010235785220059856
2024-12-12,AMAT,1.5286861516159975,-0.01610681995090113,-0.003267426244792926,-0.012771544521365419,0.008593936500358001
2025-05-09,ADBE,1.5286771014566576,-0.009230530561588512,-0.002247194642672423,-0.003737153534724369,-0.00552787293677981
2024-11-14,WMT,1.5284206764097894,-0.007511737089201831,-0.0014491113346747353,-0.0029464494871671576,-0.005529154311316065
2024-04-29,FCX,1.5283742325127792,-0.011709601873536313,-0.0033955196832831103,-0.0038880248833591535,0.018954121306376415
2026-06-10,LRCX,1.5281496684515425,-0.022229655759639977,-0.005817503518862899,-0.014437224129475346,-0.013885483079941197
2024-06-26,MRK,1.5275819898931702,0.005369838148540418,0.005369838148540418,,-0.013946164804678807
2025-08-29,ASML,1.527571533382245,0.008037414397861986,-0.0019226285523397113,0.009658484525080002,-0.009658484525080002
2024-11-14,CRM,1.5270423191443578,0.023503077783995407,-0.002581478177817287,0.02717056424400688,-0.02717056424400688
2024-07-30,CRWD,1.526854560432667,0.03671199011124848,-0.007953675907940383,0.04219911967041723,-0.04219911967041723
2025-06-18,HIMS,1.5268002945702328,-0.015191892340920443,-0.007993520518358554,-0.011315907481902698,0.0037040748108128074
2026-02-25,IBM,1.5263388994131666,-0.0172287231745758,-0.005131994349620417,-0.007329618516931036,0.018388341191598823
2026-06-30,ASTS,1.5261823073348935,0.027649236464599714,-0.010593582666754808,0.06154397705544912,0.06154397705544912
2025-05-23,NEE,1.5259599241296185,-0.009887640449438129,-0.0036404922418404873,-0.004177234074295155,0.010741459048187352
2026-05-19,PANW,1.5259103202941078,-0.02069382815651466,-0.004059666916383264,-0.018802013767594827,-0.013377170451042808
2026-03-11,TSLA,1.5259024886166477,-0.004345278781368922,-0.003238381784702926,-0.00244582497676471,-0.00244582497676471
2026-06-05,APP,1.5256592463177938,0.03516534901240864,-0.006164476898887994,-0.024003085787460687,-0.0583243579107785
2026-09-24,ORCL,1.525311378116733,-0.01955497847075882,-0.005622263011189288,-0.012778242982488086,0.015982815742527245
2024-07-26,LLY,1.5251752498510884,,,-0.011048248365119973,5.589333068356517e-05
2024-08-26,MSTR,1.5249865746009466,-0.017256370811316812,-0.0071473432259667735,-0.012567204301075274,-0.012567204301075274
2026-07-21,TER,1.5248719313689827,-0.029784128231760354,-0.00954136773593306,-0.029321810376273127,0.04983304806532174
2025-08-29,MDB,1.524566792807499,-0.016280525986224093,-0.004978798685034369,-0.011918613792886612,-0.007484512091575191
2026-01-27,PFE,1.5244969104336574,0.011263841160748411,-0.002040418916707587,0.013392003061029278,0.013392003061029278
2025-08-25,MSTR,1.5239225316668719,-0.013821518321547321,-0.005267760087495965,-0.008780856569650775,-0.001977146512371686
2024-11-05,DJT,1.5236506856640504,-0.046736292428198434,-0.014944013427825364,-0.027660152442434693,-0.09344156639661672
2024-05-16,VRT,1.5232921944051803,0.04607843137254908,-0.004330406162464939,-0.008409079861954938,-0.0541000340251786
2024-10-04,VZ,1.5232896946058379,0.005234410559854519,-0.00144525001625595,-0.0077981651376146655,0.013073394495412893
2025-05-06,GS,1.5232427972098292,-0.004619565217391264,-0.002876383281573469,-0.00350030831731285,-0.00350030831731285
2024-08-13,BMY,1.5230687629904964,0.014468788755684026,-0.003602580759463847,0.014468788755684026,0.014468788755684026
2025-12-01,APP,1.5228737418997988,0.06146600241443223,0.06146600241443223,-0.015724709641207202,0.07815724709641203
2025-02-20,RGTI,1.5227290385729617,0.01376936316695343,-0.011936532456356064,0.016309012875536433,-0.016309012875536433
2024-06-04,LIN,1.522691189509062,-0.004274940046572473,-0.00127551765171241,-0.002497038396320539,0.0016724350189309956
2024-12-27,RGTI,1.522537760948336,-0.07032695866748928,-0.015666960430069654,-0.04707934266350433,0.029577728290454353
2025-12-10,INTC,1.5221654397421658,-0.02963719979560553,-0.005624881378202717,-0.028848608629052697,0.041102884860863
2025-09-23,OKLO,1.5217889182486213,-0.03913171884229194,-0.006822251286811243,-0.035957454639137465,0.049942953884656305
2025-03-06,MSTR,1.5217301706318132,-0.02098807495741073,-0.009812170844487822,-0.008956228956229051,0.024545454545454648
2025-08-22,BA,1.5215406772479654,0.008337721607863724,0.008337721607863724,0.0096003866517278,0.0096003866517278
2026-07-21,ADBE,1.521403622877619,-0.013163039228463402,-0.003977335493039913,-0.011853752963438269,-0.011853752963438269
2023-11-21,AMZN,1.521376199360504,-0.008408660920748323,-0.0021893400202208646,-0.004502146372107774,0.004502146372107774
2025-04-15,NFLX,1.5213346477226648,0.020179325335451415,-0.004974844889257812,0.04259207713840096,0.02539244056278256
2023-11-08,SNOW,1.5208023404721867,0.004268675455116222,-0.004236593130660937,-0.007600299028158508,-0.011836531273361595
2024-04-10,TXN,1.5201631951572614,-0.0065142756536283875,-0.0020575301924520284,-0.004674270931326552,-0.0069967074317969224
2024-01-03,PG,1.5201431996742496,0.00040567951318459805,-0.0013542548053704362,0.000946073793755775,-0.000946073793755775
2025-04-22,TMO,1.5199211463455995,-0.010171795532847305,-0.005468721226508322,-0.010171795532847305,0.0178592354747229
2024-11-05,MSTR,1.5194049223649417,-0.03410268097625668,-0.007301108144745383,-0.03237858032378582,-0.0544209215442093
2024-02-06,SMCI,1.5191819473561154,-0.024353383458646682,-0.007281117078410171,-0.01587502796212048,0.01587502796212048
2025-12-17,LRCX,1.519171853405743,0.04600707801200177,-0.003527131646626991,0.050768571253597794,-0.050768571253597794
2025-09-03,PEP,1.5185536496616658,0.005824139083918434,-0.0019435449204756594,0.00827774813233717,-0.00827774813233717
2026-05-18,HD,1.5181011557446842,-0.008378858464322736,-0.0026617023925230576,-0.006658190578158418,0.0038811563169165453
2024-04-08,CAT,1.5180203383969193,-0.006819672131147647,-0.0018813489461358968,-0.005854862423860574,-0.018982356647763154
2025-02-11,TSLA,1.5178327713488038,-0.01225511348925512,-0.004908740090495578,-0.011800259030076199,-0.05413728594042311
2026-03-23,HD,1.5176407727296115,-0.006753917272017795,-0.0026842404308785595,-0.012260524756536606,0.005423800914601706
2026-01-08,META,1.5175263530181735,-0.014671232446357374,-0.0020319208139416567,-0.01152521139993734,0.011603507673034752
2025-09-03,RKLB,1.517464331193025,0.11839173587198704,0.11839173587198704,0.11910544424205627,-0.11910544424205627
2026-02-17,ACN,1.51741787399815,0.02577399552334725,0.02577399552334725,-0.0005094582022769911,-0.026270322952199443
2024-05-10,C,1.5171816349786298,0.0004720692368213042,0.0004720692368213042,-0.005321646580059514,-0.005791203631241193
2025-10-10,INTC,1.517173278246984,0.055136540962288816,-0.005061582760542471,-0.02460679857940129,-0.07838660578386614
2024-07-01,SNOW,1.5171324372644641,-0.012120772245608924,-0.003224327603011057,-0.011093387470997751,0.035165313225058226
2024-08-20,COIN,1.5170549749574254,0.04558299117425513,0.04558299117425513,0.04927592106214307,-0.04927592106214307
2024-04-01,CRWD,1.516990076828319,,,-0.005379896177442056,0.005379896177442056
2024-06-04,CVX,1.5169474977051118,-0.00841587363242069,-0.001744578235256089,-0.004773269689737569,0.006966393601238519
2025-02-26,SMCI,1.5169088539230893,-0.04648074369189903,-0.011670935306393515,-0.023471565080248613,-0.052231190277391315
2024-05-29,CRWD,1.5168916543298379,-5.724426126274551e-05,-0.002916693244359392,-5.724426126274551e-05,-5.724426126274551e-05
2023-12-04,NEM,1.5168392928885746,-0.009050880626223168,-0.0025282883701426284,-0.009050880626223168,-0.008317025440313208
2024-06-25,UBER,1.5168205305601798,0.004603152461989057,-0.00287660163800485,-0.007750865051903144,-0.012318339100346076
2024-08-26,COIN,1.516790321442307,0.018243415575478483,-0.005833142560155435,0.02553079697165106,-0.02553079697165106
2026-02-11,C,1.5167895433972982,0.0494087153734003,0.0494087153734003,-0.0025046457138240275,-0.05178960976003877
2025-10-21,OKLO,1.5167186626371145,0.0468300698343147,-0.011556865084798806,0.05543116900739531,-0.05543116900739531
2026-07-23,WMT,1.5166374262567721,-0.007781380268642946,-0.002418771918216045,-0.006031922791388311,0.0057535263548624815
2024-04-18,JNJ,1.5165333910791137,-0.008479288295802023,-0.0015365036339807236,-0.007883860660577113,0.0121210016323412
2025-05-23,MA,1.5162379762148934,-0.006393422385948311,-0.0018463571524358624,-0.0035778809026179026,-0.0014789755216267908
2026-03-30,META,1.5161632807578578,-0.009584664536741228,-0.0035530378285499875,-0.007775933065068408,0.006237630263293825
2025-10-03,SOFI,1.515814557090092,0.007471490365709821,-0.005422918937138421,0.010196078431372602,-0.010196078431372602
2025-05-22,GOOG,1.515680577759325,-0.0121212121212122,-0.003253513216581405,-0.009092488561996959,-0.0039091909422597215
2024-11-14,KLAC,1.5154082419901889,0.011798596426710772,-0.002951564463240519,0.015103617843343686,-0.015103617843343686
2025-06-05,AMZN,1.515115562407611,-0.013607054807509789,-0.0021282578364173466,-0.011404133998574428,-0.012354478498455612
2024-03-05,TSLA,1.515112810612249,-0.010236090473831894,-0.004466496851340818,-0.00975422874889842,-0.01471335951681707
2026-06-05,CRWD,1.5149700804457855,0.01787334953303865,0.01787334953303865,0.02061163418728562,-0.02061163418728562
2024-02-28,MARA,1.5145184262895828,-0.05022970903522195,-0.010260271275432165,-0.03716645489199477,-0.015247776365946653
2024-03-19,ANET,1.5143813784558344,-0.013833921631547064,-0.003019981765302049,-0.010626954791015164,0.019832243389252158
2026-08-10,XOM,1.513982702414802,0.02265600000000001,0.02265600000000001,0.02265600000000001,0.02265600000000001
2025-11-26,HOOD,1.5136411378611818,0.0390662992381261,-0.007794473519672107,0.04312449145646857,0.04312449145646857
2024-09-05,TSLA,1.5133630779592495,0.01993973768167323,-0.004392243125538098,0.024912616603958382,0.024912616603958382
2025-04-11,NOW,1.5133225103841108,-0.020058550705568834,-0.006226970917310171,-0.01857764113883298,0.031518925807680676
2023-11-20,MRK,1.51264340533528,0.011624470495517514,0.011624470495517514,0.01172413793103444,0.01172413793103444
2024-04-12,BAC,1.5121875989692954,-0.0055632823365786566,-0.0018890323862508218,-0.0029284618602704038,-0.0015339562125226136
2023-11-22,DHR,1.5119174639331139,0.0026721014492752104,-0.002244597567287787,0.00874834829361637,0.00874834829361637
2024-06-06,CAT,1.5113882900690805,-0.004553042950371733,-0.0024037139821782016,-0.0028964145430434574,-0.0058007080124438115
2023-12-26,INTC,1.511228775085625,,,-0.0026563138536983555,0.032080098079280805
2026-09-29,SNOW,1.5109613554393806,-0.011884040573795218,-0.004183574558206837,-0.011231231231231265,-0.007477477477477512
2026-04-21,BSX,1.5104352923552549,-0.011608623548922115,-0.0030093579720444907,-0.010268300761841598,-0.014657171248757983
2026-03-09,GLW,1.5103504959097664,0.02444832513097306,-0.0076976390810332695,0.025262154432793116,0.025262154432793116
2025-04-14,ANET,1.5094067798879507,0.019199999999999995,0.019199999999999995,0.019199999999999995,-0.019199999999999995
2025-02-06,UBER,1.5092545565641131,0.05017993222902861,0.05017993222902861,0.05059300405344547,0.05059300405344547
2025-04-24,TMO,1.5091482834971446,-0.015309523809523773,-0.005882100340135921,-0.012921922135917807,0.012921922135917807
2023-10-31,SHOP,1.5087848885338215,-0.0073102558589550615,-0.00536167337285387,-0.006769098527989792,0.014290319114645067
2025-11-11,KLAC,1.5085307439619118,0.006406673618352454,-0.003792551765231522,0.008620582024542522,-0.008620582024542522
2026-03-25,ASTS,1.5081125692630162,0.05549450549450552,-0.008315431711146015,0.05584258546773668,0.05584258546773668
2025-11-05,STX,1.5080641909122179,0.027649426143985467,-0.006598498206034531,0.030490994693968876,0.030490994693968876
2026-08-18,CRDO,1.5079477156162304,0.049536321483771295,0.049536321483771295,0.0752979211307846,-0.0752979211307846
2026-08-18,CVX,1.5078454493167481,-0.004936513100370465,-0.0023070358744701203,-0.0036045945682857683,0.001314124403776873
2025-02-11,PYPL,1.5075398032843088,0.00144148866465732,0.00144148866465732,0.007120845901767425,-0.007120845901767425
2026-08-17,V,1.5075368614774165,0.006803029816663475,-0.0021091258354948295,0.010340263607786948,-0.010340263607786948
2025-11-03,COST,1.5073588123080346,0.01696994927639439,-0.0015504199839424526,-0.002950209041813867,0.019970223216002392
2024-07-12,JPM,1.5071590688084953,-0.009533121486189233,-0.001618360861822099,-0.008828171236930471,0.011392779640954753
2024-06-06,GME,1.5070261587465958,0.4157542579075424,-0.016299443865137375,0.33374536464771265,0.4385043263288009
2024-08-07,MU,1.5068490530507297,0.053950953678474134,-0.006247162319968913,0.056111352762070466,-0.056111352762070466
2024-12-02,TSM,1.5053368054060163,0.014839248434237895,-0.0027326274977631515,0.01717514124293773,0.01717514124293773
2026-06-05,AVGO,1.505015949450188,0.04410962977647814,0.04410962977647814,0.04517438550459174,-0.04517438550459174
2024-03-14,MCD,1.504516921955007,-0.0037749287749286875,-0.0014425620675619921,-0.0016702796830023736,0.0016702796830023736
2023-10-30,GM,1.504502022294039,-0.018847408481333816,-0.003917024801946778,-0.010993037742762946,0.0021986075485527223
2024-07-05,MARA,1.5041644782168777,-0.02504089979550117,-0.007789110429447854,-0.015105740181268867,0.01651560926485396
2024-08-19,BABA,1.504136398388153,-0.008134944371336106,-0.0027220446738331905,-0.006064209274672883,-0.0021403091557669063
2025-09-25,ALAB,1.5031860620095259,-0.0019786339368049743,-0.00810467176746743,0.021405482450558733,0.021405482450558733
2024-09-23,MCD,1.5031820509639793,-0.0020103869994974044,-0.0015388028624081507,-0.00274000066829283,-0.0007351221305175182
2025-06-02,DASH,1.5030546857368945,-0.017809688820342617,-0.003070312264512931,-0.017671664238379514,-4.699910701710941e-05
2024-01-04,C,1.5029540053192114,-0.010831650449788843,-0.002215833092921393,-0.005812344312205897,-0.007842051849801579
2025-12-12,GS,1.502514457987476,0.020596731867598805,-0.0022195427953968228,0.021740088105726918,-0.021740088105726918
2025-10-09,NOW,1.502408233206642,0.011847359996647766,-0.0028725450789098828,-0.004237541528239186,0.016135105204872824
2025-10-03,AMAT,1.5021112545921997,-0.0003679175864605977,-0.003359935088825816,0.000918611060077068,-0.000918611060077068
2026-08-26,XOM,1.5014740893223977,-0.005578690971949518,-0.0021966527854168083,-0.0032762096774193727,-0.0032762096774193727
2025-07-09,GE,1.5014291771969401,-0.010769539883463963,-0.002307302161370872,-0.003743219168484857,0.0015413255399643333
2024-05-10,AXP,1.5013694651434426,-0.00715176715176713,-0.0016958449658448504,-0.009452418707139754,-0.002368253052987046
2025-11-18,TMO,1.5010704358322142,0.021747614148366345,-0.002504155917875006,-0.005780553077609385,0.027653880463871516
2026-03-13,COIN,1.500633620253101,0.02592356821150088,-0.006580858907300424,0.026459899437447088,-0.026459899437447088
2025-11-12,WFC,1.5005368375762804,-0.010668808076173097,-0.002087448171881001,-0.010328207482212637,-0.009983933899472164
2025-05-21,QCOM,1.5005354450243829,-0.004678323809672369,-0.002849764189939208,-0.0020832247981243945,-0.014326647564469885
2024-03-12,TXN,1.5004831766669595,-0.00034334763948495883,-0.0018703862660944814,-0.00034334763948495883,0.00034334763948495883
2025-01-14,GEV,1.5002744428809516,0.0037532808398950124,-0.00373894075740544,0.006606654032427883,0.006606654032427883
2025-06-27,SMCI,1.5001519965549683,,,-0.013698630136986245,-0.041700241740531885
2026-05-19,CRWD,1.499754933116503,-0.014548950488703749,-0.0038861858218691703,-0.01024653188079716,-0.0016510999239198743
2023-11-09,NEM,1.4988885426042902,-0.00833572865766019,-0.003548659302755386,-0.004040404040404066,-0.02049062049062056
2024-07-22,BAC,1.4988685157385928,0.006109022556391119,-0.0021457102577873144,0.007741027445461124,-0.007741027445461124
2025-07-28,VRT,1.4988414637732566,0.016835497217862594,-0.004577278193343304,0.02215847974184304,0.02215847974184304
2025-11-13,RGTI,1.498480430739368,0.040000000000000036,-0.014675809523809535,0.043646893180671165,-0.043646893180671165
2023-11-20,GOOGL,1.4982126255015598,0.008698870997593922,-0.0017778429972765686,0.00873621085363152,0.00873621085363152
2025-03-17,NKE,1.4980292932069268,0.0031318082788671653,-0.002963089402427732,0.005046377835773663,0.005046377835773663
2025-11-17,MU,1.4978312074186126,-0.04244548286604366,-0.005587725300400526,-0.03895007543010798,-0.05419242884947595
2024-06-25,DIS,1.497544652745289,0.0030243902439024417,0.0030243902439024417,-0.004854368932038833,-0.007864077669902936
2025-04-10,NKE,1.497438959563115,0.018050541516245522,0.018050541516245522,0.019554834639992857,-0.019554834639992857
2025-03-07,ISRG,1.4972465571701528,0.019109848484848535,0.019109848484848535,0.020482656882399697,-0.020482656882399697
2025-04-29,PEP,1.4970961107536518,0.012058180721983502,0.012058180721983502,0.013509433962264117,0.013509433962264117
2023-10-23,SHOP,1.496940917832416,-0.02118261218753137,-0.004607913720653389,-0.014764565043894784,0.017757382282521883
2024-07-01,ABBV,1.4968587576151844,-0.008614668218859256,-0.0017491268917345648,-0.007140983415430346,-0.006791220962429678
2023-12-08,GOOGL,1.4967013503861195,-0.0020628465804066742,-0.0023594296276736593,0.0024584076054665616,0.0024584076054665616
2024-03-18,PYPL,1.4966504292638059,-0.006498530094383392,-0.0025549501558320697,-0.0004669987546700449,-0.0004669987546700449
2026-05-27,INTU,1.4966117501448701,-0.002883992222942444,-0.007565762429404654,0.008604159496533814,0.008604159496533814
2025-08-20,MU,1.4965676678065667,-0.0025662959794696683,-0.004406849566173765,0.005177828707240484,-0.005177828707240484
2025-01-24,GS,1.4964635381783058,-9.422998398100901e-05,-0.002437040909274546,0.0011006635428785216,0.0011006635428785216
2025-06-25,UBER,1.496279524620877,0.005036680170809049,-0.0029078068542647273,-0.014140759930915348,-0.019106217616580268
2024-05-07,MRK,1.4957055974730524,0.016454807767293245,0.016454807767293245,0.019795008215319543,0.019795008215319543
2025-02-26,CEG,1.4952148818635456,-0.014732696375173271,-0.005789548537670441,-0.02004984562734835,0.005021760964178279
2026-06-22,NOK,1.4950512426169276,-0.017755681818181768,-0.007675527597402532,-0.012142857142857122,0.031785714285714306
2023-10-31,DHR,1.494999176442598,0.002347907753313283,-0.00353097747499298,0.003709508881922785,0.003709508881922785
2024-09-18,TMO,1.49474731667116,0.0016186755097349348,-0.001798194409917464,-0.0072175602496795666,0.008847918647430841
2023-11-22,CVX,1.4944266946857618,0.014128066352709467,-0.0018613903141911914,0.015770205575894147,0.015770205575894147
2026-06-05,ASML,1.4935600113964234,-0.010007007874951013,-0.003914396177399304,-0.005745327861592542,-0.03108263706415515
2024-06-25,GE,1.4933745999096493,-0.002560259772698914,-0.0026821308141090627,-0.0013129923721395542,-0.0013129923721395542
2026-05-01,MRK,1.4930313483675737,-0.007649455318395115,-0.0026496197983222336,-0.003501422981145419,-0.0024012806830309152
2025-03-27,TXN,1.493003572069561,-0.01533277169334446,-0.0028559353311670144,-0.011073825503355561,0.011073825503355561
2024-08-30,PDD,1.492880279925378,-0.006966998428496574,-0.008821372446306874,-0.005597405314919479,0.005597405314919479
2026-06-22,TSM,1.4926710724420804,0.0044389091141342485,-0.004432809605926957,0.010997726431554944,-0.010997726431554944
2025-08-06,PFE,1.4925862495306303,0.017432321575061582,-0.0022559474979491068,0.02661519707436011,-0.02661519707436011
2024-02-28,SNOW,1.492514424297318,-0.003682682726051656,-0.003864044018890067,-0.014995602462620994,0.01125769569041335
2024-11-08,VST,1.4923055652201778,-0.0079048618398041,-0.004487633038524952,-0.005609311457018706,-0.005609311457018706
2025-12-02,ADBE,1.492088932476925,-0.01123666038920268,-0.0023956259528294943,-0.009873679591261064,0.011911105538664035
2024-06-24,AMZN,1.4915363449618786,-0.01034427881809985,-0.0017278545283689883,-0.005022128506319223,-0.020539793045025068
2026-07-08,DELL,1.4914163623522425,-0.03379236269160846,-0.007316650875792141,-0.033663420636797725,-0.012891571633743548
2025-02-27,APP,1.491255077513318,0.043582089552238856,-0.013346310234541692,0.05018824296682778,-0.05018824296682778
2024-08-30,SNPS,1.491249474127051,0.00028846153846151523,-0.003048489010988975,0.005946917546275077,-0.005946917546275077
2024-07-11,AMD,1.491175766715567,0.011088764472468315,-0.003693133197182785,-0.013248229993563565,-0.024190087963956164
2026-06-05,UNH,1.4910131998929181,-0.003036234066044363,-0.0025084867581479653,-0.012040845164697167,-0.009041169922925696
2026-02-09,PEP,1.490260575924489,0.011051036777375178,-0.0020979570011119275,0.012107543474390248,-0.012107543474390248
2025-04-11,QCOM,1.4900043224690809,0.03624320904963918,-0.00678739408243767,-0.019673312970727164,0.056629546015063204
2025-02-11,MCD,1.4896782083627977,0.0029369392204889877,-0.0016974855610187856,-0.00798957145184942,0.010949975558090186
2023-12-18,AVGO,1.4891108758744438,0.0063787037280760295,0.0063787037280760295,0.00792632559447437,0.00792632559447437
2026-04-06,INTC,1.4890955430918493,0.0016715830875123627,-0.005708807416772155,-0.02418149264729874,-0.02581265436067104
2024-06-06,PLTR,1.4890262655231892,0.028553154157645366,-0.0029075765349118043,0.028922225584713246,0.028922225584713246
2025-03-17,GILD,1.4880157778913035,-0.013873676524278844,-0.0025467063057424966,-0.009130138541903143,0.019850102203043507
2024-04-08,CLSK,1.4876786776788697,0.06822316555488162,-0.014052629299142305,0.0777255565759698,-0.0777255565759698
2025-02-27,OKLO,1.487517048368547,0.11232876712328776,-0.01582187866927587,0.12171082057690585,-0.12171082057690585
2024-08-30,COP,1.4874501115800693,-0.006095944871455039,-0.0018227884845960496,-0.0017700681476238156,0.006991769183113616
2025-01-23,UNH,1.4872963921262203,-0.006247507643227346,-0.0027466124293662464,-0.00477833820015916,0.003906101862034994
2025-10-28,GOOG,1.487235879330567,0.00537255919078139,-0.0025377111309898837,-0.003323608700469105,-0.008678311606780231
2026-08-13,NFLX,1.4869093465422267,0.022881799163180006,-0.00287042364016743,0.026909950118141124,0.026909950118141124
2024-11-05,BA,1.4858814252351165,0.019284462047919004,-0.0032777231534129037,0.027994079413089623,-0.027994079413089623
2024-11-04,LLY,1.4857344983555727,-0.013480392156862697,-0.002971809348739418,-0.006350714995463802,-0.004412790302970371
2024-01-03,ASML,1.4851991838123828,-0.004836415362731161,-0.0021710729526519534,-0.004163552898473255,0.0008754136863458051
2026-09-15,SKHY,1.4851371051822972,0.01851851851851838,-0.0048284391534392235,-0.010604630503581292,-0.02892676697573704
2023-10-23,ORCL,1.4850825940764918,0.0068985619898949135,-0.002422963744378337,0.008221043926643024,0.008221043926643024
2026-09-01,GOOG,1.4840699304353464,-0.0017749699157640908,-0.0017759369090596389,-0.004381326484363068,0.0025985798458982856
2024-11-26,AVGO,1.483983492318157,-0.007776237265657904,-0.0029357922203180342,-0.003360479549514128,-0.0026338893766462146
2025-07-10,ACN,1.4839015319748678,-0.00610820244328103,-0.0028539042632760303,-0.005564179937555647,0.005564179937555647
2024-06-25,ABBV,1.4838969605230392,-0.007634912372028402,-0.0018345686357138513,-0.005564249695705126,-0.01031704631078656
2026-04-01,BE,1.4827137616624824,-0.029818181818181744,-0.010393600000000114,-0.024551991356506653,-0.013524086285906067
2025-02-19,WMT,1.4826479263871832,-0.0013118645955980668,-0.0015955851544452448,-0.0059316450364494955,0.004611998925734495
2024-04-11,LOW,1.4822848864196965,0.013331656395421998,0.013331656395421998,0.013331656395421998,-0.013331656395421998
2025-10-21,ORCL,1.4822041454686923,-0.02218148487626026,-0.005463139976430442,-0.022031599398804946,0.008651343524322508
2026-09-01,SHOP,1.482143160801311,0.023909671469096505,-0.003660708047280359,-0.003814296652049687,-0.027632769541309887
2026-08-26,ORCL,1.4816317379526498,-0.018007915567282207,-0.004165326988315177,-0.01755427968059131,-0.01755427968059131
2025-08-04,AMZN,1.4815962267557483,0.012776275296092598,-0.0022386792075779205,0.016536603493125246,-0.016536603493125246
2024-08-14,SCHW,1.4813840801163174,-0.006299212598425141,-0.002620854893138347,-0.005824020147961573,0.028490476940028264
2024-06-04,MRVL,1.4808678984731236,-0.002567975830815694,-0.004800917134225369,0.002254960914010673,-0.002254960914010673
2026-03-18,ADI,1.480857671361128,-0.011645569620253204,-0.0032613019891500894,-0.006236477026854925,-0.018136693394425363
2026-06-08,COIN,1.4808220144138338,-0.017483870967742066,-0.006660387096774301,-0.013234821715387035,0.04150337295213635
2024-07-10,PFE,1.480726741022547,0.007644444444444343,-0.0020609523809523855,0.009618810117563159,0.009618810117563159
2026-08-14,COHR,1.4806248937292188,-0.035597484276729485,-0.011853012129380058,-0.03322107580238409,0.022365540389180483
2026-03-17,DELL,1.4805331531996102,-0.014516129032258074,-0.005369013824884861,-0.012079660463597763,-0.001110022853411774
2024-11-08,C,1.4804861503674391,-0.005542590431738548,-0.0025973912318719705,-0.0037779715199068864,-0.0027608253414704853
2025-03-18,PDD,1.4803149559964581,0.00634796238244506,0.00634796238244506,0.008872386163767731,-0.008872386163767731
2024-10-07,MRK,1.4801638137213575,-0.007456579067018243,-0.0016208966081658893,-0.007276034561164102,-0.012278308321964637
2025-03-06,V,1.479960862568394,-0.007396664249456064,-0.001754318864601645,-0.0070461333256008896,-0.0025516861426044812
2024-06-07,ASML,1.479684711845628,0.010971779294554507,-0.0030727441267277555,0.011461538461538523,-0.011461538461538523
2026-08-31,ASML,1.4796792087965664,0.003188456904405057,0.003188456904405057,0.0041307998543796964,-0.0041307998543796964
2025-08-27,BA,1.479261514512653,-0.00353507389582175,-0.0023396226415093313,-0.0017431231665319125,0.0017431231665319125
2025-08-05,WMT,1.4791939500138338,-0.008219178082191858,-0.0012481195516812482,-0.007873231014550619,-0.010514251544747943
2026-07-07,AMAT,1.4791615914822087,-0.0262816953544327,-0.00967759974617266,-0.019995217335319948,0.019995217335319948
2026-02-09,BKNG,1.4791450922656553,0.023053638008047384,-0.004058534071552433,0.027710677382319027,-0.027710677382319027
2025-07-28,AMD,1.478844697590426,0.012004662004662103,0.012004662004662103,0.013487093592609245,0.013487093592609245
2025-05-27,GEV,1.4785157586186934,-0.013616797787733947,-0.003109363851008906,-0.012824324469053572,0.009735356802433204
2025-04-14,PFE,1.4784900918817319,-0.00864029104138253,-0.004130773728318049,-0.004984141368373329,0.00271862256456723
2024-06-26,MU,1.4782660912896655,-0.006715679343983982,-0.004424259255518814,-0.004089402806176201,0.004089402806176201
2026-06-16,PG,1.478114936089709,-0.009763769208086082,-0.002140235996761053,-0.009146941184184576,0.0002622778834175943
2026-03-09,CRCL,1.4780904475485845,0.008110300081103139,-0.007107448602582389,0.015338536939553338,0.015338536939553338
2024-11-08,TSM,1.4779384061116767,-0.014238507143551349,-0.002975434930508225,-0.009763241396143485,-0.01781791554796197
2024-04-11,CVX,1.476997854951583,0.004856159331202536,0.004856159331202536,0.005345293683951868,-0.005345293683951868
2025-05-23,QCOM,1.4764957846070166,-0.01127475160312863,-0.002580216837633431,-0.005605773947165549,0.018358909676967405
2024-10-21,REGN,1.476147233658501,0.012030612244897876,0.012030612244897876,-0.010755510243222854,-0.02265672711488853
2024-04-01,PLTR,1.4761149925344288,-0.012625691887029111,-0.004488536975873592,-0.006607929515418665,0.006607929515418665
2024-04-01,GOOG,1.4756999056269609,0.012814289874769624,-0.0021782351228035735,0.014949088786561981,0.014949088786561981
2026-10-01,WBD,1.4756350718651374,-0.0003231017770597422,0.0001615508885298711,,-0.00032304958811169016
2025-06-18,TMO,1.4756009186980548,-0.010565021492568105,-0.0026214718525039427,-0.00557853102977357,0.011350313711848914
2025-08-25,INTU,1.4752088133239518,-0.007565616304429534,-0.0031027922517432582,-0.00022556390977435115,-0.013218045112781907
2025-02-04,PDD,1.475126609281115,0.03955883693373452,-0.00411471802283947,0.04269519107697928,0.04269519107697928
2024-08-14,CSCO,1.4751111773643293,-0.0028533801580333806,-0.0023541483757683057,0.0024271844660193054,0.0024271844660193054
2026-04-01,WDC,1.474858983656551,0.02999688613638729,0.02999688613638729,0.0347224635918113,0.0347224635918113
2025-03-17,PM,1.4746374844956631,-0.014895990550561233,-0.002008774479015374,-0.0034984469511200045,0.01821154160536209
2023-12-19,TMO,1.4740719127787667,-0.005802893760928685,-0.001772932273037986,-0.0013240712311944902,0.013470985569542515
2025-05-21,UNH,1.474018490505739,-0.01574899033901289,-0.006606417843570411,-0.008164400595559451,-0.008164400595559451
2026-05-04,BABA,1.4739294258746716,-0.010289436671848562,-0.0029336051098208804,-0.00999629766753074,-0.013180303591262543
2025-02-27,GEV,1.4735516742652834,0.037548299560510756,0.037548299560510756,0.03800229959609658,-0.03800229959609658
2025-08-25,CRWD,1.473379755010516,,,0.003212832290154455,-0.003212832290154455
2025-11-03,UBER,1.4732744381021923,-0.010044870487456614,-0.0025366320911395235,-0.008629493464052285,0.01909722222222232
2026-08-25,MRNA,1.4732406661120012,0.05983989326217487,-0.011330053368912574,0.07927915809839803,0.07927915809839803
2026-03-31,MA,1.4722391788524933,-0.009822094171216822,-0.0022345127521723462,-0.00698169690394379,0.003877604323629269
2025-10-28,GEV,1.4720246673111408,0.02065144680194153,0.02065144680194153,0.023506343694230325,-0.023506343694230325
2025-09-09,UBER,1.4719462926479463,0.005625560422354292,-0.00293673731945876,-0.016887388835315598,0.022607950283938694
2024-08-07,C,1.4719333578667262,-0.0066780821917807875,-0.003742037671232934,-0.00602928509905265,-0.03307493540051676
2026-09-02,SNOW,1.4719004858786062,-0.015768784263140878,-0.003930266734233134,-0.0020274836674926133,-0.014642937598558281
2023-11-21,LIN,1.471853290273004,-0.006032236270630209,-0.0013877331890191913,-0.0023733410830185653,-0.0023733410830185653
2026-06-17,V,1.471529130194882,-0.007673739420669845,-0.00226424271580139,-0.007259555184544797,-0.015025937630433583
2025-04-10,F,1.4709112360081762,-0.0033003300330032292,-0.0055983026874115716,-0.01676581936181709,-0.013520822065981597
2026-02-27,RTX,1.4706658939614248,0.013516896120150168,-0.0022882066869300832,-0.008583690987124415,0.022216611966674904
2024-03-14,COP,1.470645166206886,-0.00016687526074254944,-0.0017884617676857673,0.0025098301681585333,0.0025098301681585333
2024-03-21,LRCX,1.4702883068197603,-0.014118563144197793,-0.002851610183632003,-0.011114289216687778,0.0036570914885794004
2023-10-23,MSFT,1.4697294615497694,-0.012178245225574313,-0.0021429428123311833,-0.004363202131079769,0.007853763835943495
2025-09-23,AMZN,1.469348838435745,0.0182788525683788,-0.0022331077861432735,0.020500532481363187,-0.020500532481363187
2023-10-23,COIN,1.4693281171387185,-0.019481391911863266,-0.005606293545229457,-0.019207521826729357,0.036937541974479515
2026-05-20,INTC,1.4692594450950331,-0.032472939217318864,-0.008114059712144628,-0.02250345110119778,0.000882438795004159
2025-06-12,ISRG,1.469124663618828,0.0075646184801113625,-0.00249289556017418,-0.007498295841854019,-0.01500619257467084
2025-09-29,BMNR,1.4689126089004438,-0.010728402032749829,-0.00952784275765639,0.001524390243902607,0.001524390243902607
2026-03-05,CRCL,1.4687404555858203,-0.03164382301536195,-0.006990413551125507,-0.028247022985322667,-0.024369980614788123
2024-12-05,MELI,1.4686439878073834,-0.010642734750689553,-0.003290599204773925,-0.005900070015565806,0.0025767062680206454
2025-06-05,ASML,1.4684977005620847,-0.003968306459080195,-0.0021204399907027716,-0.003295917827076833,-0.010020119659024829
2024-06-05,ABBV,1.4681869285899507,6.0452182323977866e-05,-0.0018518230650983458,0.00012091167402217273,0.00012091167402217273
2026-03-17,COHR,1.467452584494025,0.04004741342816032,0.04004741342816032,0.04380337341207463,0.04380337341207463
2024-11-20,MARA,1.4674490457962281,0.05431235431235426,-0.01087918747918748,0.0557889822595703,0.0557889822595703
2025-07-08,HOOD,1.467276956361864,0.04087422507092575,-0.005756983743376409,-0.014191008908224667,-0.054485187487052
2024-01-02,ASML,1.4651588839667766,0.013161513917922862,-0.0018463939927384487,0.01369053346345761,-0.01369053346345761
2024-06-17,AMD,1.465026696236963,-0.023401237751418336,-0.004178506962351669,-0.0173666897162974,0.015059590451428795
2025-12-04,NFLX,1.4649792382235396,-0.009551656920077978,-0.003752506265664257,-0.005094367085536788,0.0015040512347774815
2024-04-09,CSCO,1.4642982585743207,0.02269010629599344,-0.0012829838803877225,0.023736443625946402,0.023736443625946402
2024-06-28,TSLA,1.4638357858085893,-0.012923749875733193,-0.003695872921193555,-0.009578398896378904,-0.006379744599448123
2024-12-11,SMCI,1.4633672821644097,0.0007919560268374592,0.0007919560268374592,-0.05966990995781796,0.060509121929467335
2025-11-17,PG,1.462638431030365,0.004709897610921443,-0.0015911750365675825,0.007487577428357484,-0.007487577428357484
2026-07-24,UBER,1.462437565553998,-0.01148088940560954,-0.0032556625905701964,-0.007892259792918521,-0.04510897110998491
2025-03-07,NFLX,1.462407409945338,,,-0.0032651332798430133,-0.006976018543282558
2025-08-21,PG,1.4622588135094852,0.0025905098881657818,-0.0013449439926346285,0.005130803825932784,0.005130803825932784
2025-02-20,CRWD,1.4615572336374378,0.0034407768623296864,-0.002845124688984235,0.004179036309659656,-0.004179036309659656
2025-04-28,SMCI,1.461344564098757,-0.03525046382189234,-0.008493014274355337,-0.020715630885122516,0.002421307506053072
2026-08-28,APP,1.4610481822992152,-0.020026517020226953,-0.003863463774755105,-0.020026517020226953,-0.020026517020226953
2026-04-13,COST,1.4607066248449443,0.012695568129190704,0.012695568129190704,0.013916680911824186,-0.013916680911824186
2024-03-05,CRWD,1.4603638918443953,0.010557438043983791,-0.0049577721461318,0.015447818820343628,-0.015447818820343628
2026-06-12,WFC,1.4602595550643986,-0.006425654576027062,-0.0022439689784152783,-0.004991580466682799,0.007096463796006702
2026-09-01,QCOM,1.459921683249351,-0.021828438285609097,-0.0029783073324982645,-0.021139705882353033,0.02101715686274508
2026-06-08,GLW,1.459031279622508,,,-0.006851768031060468,0.006851768031060468
2026-03-16,WFC,1.458982156533349,0.0106752068321323,-0.00404800030500585,-0.0036159100040176195,0.014329717423329225
2025-09-09,TSM,1.45886607904799,-0.0009953418003741943,-0.0024076891575995907,-0.0009953418003741943,-0.0009953418003741943
2024-04-29,PYPL,1.4586640099906363,-0.0012672381662319765,-0.002389393536020523,-0.0010468206178926298,-0.0010468206178926298
2025-11-12,RKLB,1.4584907821852924,-0.04268406337371855,-0.007669165224337582,-0.03856233620366911,-0.0647697491576189
2026-06-17,KLAC,1.4578337077895618,-0.014352903016542351,-0.006510252073583245,-0.009574251375025433,-0.026848645345284083
2025-06-02,WFC,1.4575273328900704,-0.00869092884302014,-0.0019147202607279201,-0.007118161480577756,0.013422818791946511
2025-05-19,BAC,1.4573864207841052,0.0064088149314145415,-0.002190047865334499,0.006861642294713199,0.006861642294713199
2024-04-08,XOM,1.4573138895072821,-0.007400707178686017,-0.001343815710644014,-0.007114949619576483,-0.008472136541229691
2026-05-21,ADBE,1.4565170461186652,-0.0032055233633336844,-0.0038192049597547406,-0.0021141649048626032,0.0021141649048626032
2025-02-04,CMCSA,1.4560998736354576,0.016212121212121122,-0.002803030303030307,0.020076045627376304,0.020076045627376304
2025-09-29,NFLX,1.4560786489006385,-0.01683767872161468,-0.002179142136248924,-0.013827744375403572,0.011689433389516557
2024-11-18,LRCX,1.4560080800255437,-0.011751218114072648,-0.00364308234041677,-0.009229021723697328,0.0022717591935255133
2024-01-26,CAT,1.4558520284429624,-0.007858022841541024,-0.0020970670357844945,-0.006023498262452409,-0.009002151249379309
2024-05-09,PDD,1.455716169332811,0.017575451991644675,0.017575451991644675,0.01983471074380183,-0.01983471074380183
2025-04-21,UNH,1.4556106092392485,0.038345745523688746,0.038345745523688746,0.04330495878935281,-0.04330495878935281
2024-07-16,ASML,1.4553554487506175,,,-0.003500583430571691,-0.0038926487747958927
2023-10-23,DIS,1.4551234299336264,-0.011177987962166736,-0.0020429220699456074,-0.008638117993015948,0.0180726582123385
2025-05-20,PFE,1.4550691874823096,0.003625506504585152,-0.00261856015598827,0.013132400430570401,0.013132400430570401
2024-02-06,AVGO,1.4545959091711536,0.022270557283711634,-0.0027880007448271016,0.022270557283711634,-0.022270557283711634
2025-05-20,TSLA,1.4542942423070495,-0.017729894808279578,-0.004266907832016331,-0.014553191489361739,-0.024794326241134756
2026-03-27,META,1.454292000164508,0.02246248117992511,-0.0034316362461861427,0.022607693308791976,-0.022607693308791976
2024-12-02,SQ,1.4541209787548703,-0.011238360269720804,-0.0042961269705356075,-0.00613232920925233,-0.0018289402904787533
2026-07-09,COST,1.45393289882466,0.01219564982144783,-0.002092646126733433,0.014493848886105831,-0.014493848886105831
2024-03-12,TMO,1.4535633125954623,-0.00596507597973861,-0.0014848897436873232,-0.0017358792896247088,-0.0030711710508746215
2024-05-13,F,1.4530004093450517,0.010655737704918122,-0.0027182084309133048,0.01356350184956856,0.01356350184956856
2024-05-06,UBER,1.4527347619911286,-0.008462623413258097,-0.003544600040298329,-0.004493119910137455,0.004213704015725961
2025-08-22,WMT,1.4526442056072288,0.01153414310503209,-0.002043249391213031,-0.003863751906456492,-0.015353329944077232
2026-07-27,VZ,1.4523350240503727,0.0010570824524314126,-0.0024509211718513058,0.0033905488450944876,0.0033905488450944876
2025-08-08,UBER,1.4516398955781569,-0.013272456997239335,-0.002794830567606099,-0.012223639455782198,-0.04751275510204078
2024-12-18,V,1.4512788680674902,,,-0.001130120860147632,-0.027750745565845336
2025-04-25,NOW,1.4508424113396416,-0.006255319148936067,-0.005846926291793286,-0.005185733940099468,0.0010371467880199159
2024-06-07,HD,1.4508295310805928,0.0016389676035841738,-0.001689025044037673,-0.00540548865001389,0.007053315674376837
2025-02-19,INTU,1.4507780149831622,-0.004731153089063134,-0.0024253326360761385,-0.004395927074247297,0.00510411178954806
2023-12-28,SQ,1.4506448613117588,,,0.0021332664073284713,-0.0021332664073284713
2024-08-13,PDD,1.4505469634304584,-0.0050247749319560775,-0.003231613211967632,-0.0027154992340898687,0.0027154992340898687
2024-12-18,UBER,1.4505374998445675,-0.014450867052023142,-0.0037882030461510174,-0.012389380530973382,-0.014963797264682221
2024-10-21,NFLX,1.4504934718591855,-0.008164602581744118,-0.0026257687663231444,-0.005603701049064824,0.005917768945070678
2024-08-12,SBUX,1.4504842243860478,-0.01010493587252237,-0.0029291266448281394,-0.00520765525322231,0.0031245931519332526
2025-09-29,AAL,1.4495839227639895,-0.014867256637168147,-0.0034395701643488152,-0.013459176188834965,0.006566098429615641
2026-08-31,DELL,1.449015134280757,0.00582798738719148,-0.0054344025225616654,-0.018397181454035794,-0.024117950299753277
2023-12-18,AFRM,1.4485224496089808,0.0484896470644689,0.0484896470644689,0.0510922219175578,0.0510922219175578
2026-05-22,ASTS,1.4484543934122047,0.034401876465989245,-0.008215884340444624,0.045643153526971014,0.045643153526971014
2024-05-16,MSTR,1.4484233529942456,-0.019990603556090947,-0.007445982263975748,-0.012027777963082742,-0.04126001480957686
2023-10-23,PYPL,1.448242059861456,0.006213519111278432,-0.002839887564892285,0.007539578545289194,0.007539578545289194
2024-03-05,MSTR,1.4479800786874342,-0.029583999999999944,-0.007313342857142802,-0.006263790845253414,-0.1547142653590068
2026-05-22,RKLB,1.4478981463403264,-0.003815782617088259,-0.008649175417481336,0.010647803425167357,0.010647803425167357
2026-04-02,VLO,1.447853550770187,-0.010247788319122542,-0.003619493672333829,-0.010247788319122542,-0.023657980064849315
2023-11-28,DKNG,1.4476614069592628,-0.011815082071207739,-0.0033861405953230506,-0.006838506049447579,0.006838506049447579
2026-08-07,NBIS,1.4470363306696525,0.011256048811277175,0.011256048811277175,0.018869460785311598,-0.018869460785311598
2026-05-22,BE,1.4470309683030083,-0.026325878594249286,-0.008539267457781774,-0.02566231112459194,-0.034650106560451976
2024-11-18,T,1.4468028840067346,0.0004349717268379294,-0.00184822593674272,0.0008703220191470518,0.0008703220191470518
2026-06-17,AMAT,1.446566283502604,-0.03499967464862053,-0.005686383347586865,-0.03229200652528541,-0.03229200652528541
2024-05-22,TSM,1.4465638648086974,-0.004468160339451854,-0.002440033430839872,-0.008067087558191521,-0.00363497225942222
2023-11-06,WMT,1.446155729045889,0.0007281107165155731,-0.001264819328427036,-0.001823596241203429,0.002553034737684756
2026-03-05,LLY,1.4459891575389379,-0.011615500754906805,-0.0031983586167230182,-0.009242069577851342,-0.008697231414964923
2024-08-13,MRK,1.4457299155941197,0.0062461511392626345,-0.0031262112129095687,-0.003000088237889331,0.009264978381717137
2026-03-13,BA,1.4448969375276386,0.011759036144578294,-0.003650588640275454,0.012539789717372463,0.012539789717372463
2024-05-06,CRWD,1.4442938208756975,0.03064599818394087,-0.0035517947482534007,-0.008866350400785317,0.03978406674300672
2024-12-23,PLTR,1.4428154782076839,-0.01612090680100753,-0.006857682619647365,-0.014715130172305413,0.014715130172305413
2025-09-29,APP,1.442301929215074,0.019433460136442537,0.019433460136442537,0.022065997130559456,0.022065997130559456
2025-09-29,BABA,1.4421463715638958,-0.014826289001991455,-0.0035286962981696535,-0.011372985744629083,-0.0013801250884091232
2026-08-14,CSCO,1.4416773110014207,0.00605197579209682,-0.004148820119005192,-0.005663716814159336,-0.011681415929203465
2026-06-22,ON,1.4411869709631517,0.025897035881435437,0.025897035881435437,0.025897035881435437,0.025897035881435437
2024-02-14,SHOP,1.44114610335522,-0.013186531814108227,-0.005072333888106462,-0.006870229007633677,0.026335877862595503
2025-04-25,PG,1.4411379680538536,-0.007067800850637962,-0.0035640569713000225,-0.002433393648218707,0.004617208460722333
2025-06-26,GS,1.441119510543498,0.015455471414020705,-0.001932605582864677,0.01781434024798023,0.01781434024798023
2024-08-12,QCOM,1.4409588620169655,-0.009383041486223487,-0.0057888748419721026,-0.00308738227405958,0.016466038794985316
2024-02-08,AXP,1.4408756180340234,-0.014338897562147235,-0.002091303676508449,-0.005327535954894991,0.009078312389507515
2026-01-09,BABA,1.440793229723753,-0.007810935309433331,-0.002760612476514712,-0.005193767479025224,0.005193767479025224
2026-02-10,GOOG,1.4402623107261843,-0.001320090520492645,-0.0034015859046661046,0.0045619297587802254,-0.0045619297587802254
2025-05-28,XOM,1.4395189656355136,0.012665570917528735,0.012665570917528735,0.013161709282773715,-0.013161709282773715
2026-09-15,RKLB,1.439313139953317,-0.023926380368098243,-0.004250679228746668,-0.018734099144244953,-0.020198905250173538
2024-10-29,COST,1.4392395305417263,-0.011845934379457912,-0.0013623028326879005,-0.011361173531659663,0.011361173531659663
2026-03-12,GE,1.4391440068084667,0.023246926947328106,-0.0034677522814743345,0.027212178877259685,-0.027212178877259685
2024-03-14,MSFT,1.4390036215522015,0.010065281899109824,-0.0016279762611276505,0.011329053088536156,0.011329053088536156
2026-01-27,AAPL,1.4386807086852698,-0.00797729539004366,-0.002027197317524765,-0.005918524212144338,-0.007417371252882443
2026-05-12,ANET,1.4386691230646929,0.04229419505775689,0.04229419505775689,-0.0033744131455399895,0.04581132629107976
2024-05-22,AMD,1.438564817287223,0.004568680492936572,-0.0029947571815018836,-0.009674058639678518,-0.014198541449620405
2026-07-20,LITE,1.4384137216800215,-0.031314103375794544,-0.008548228350017562,-0.02981535027646731,-0.02981535027646731
2026-04-02,MRVL,1.4384087691059229,-0.022888015717092314,-0.005563233230423847,-0.011650485436893177,0.039902912621359254
2025-07-09,ABBV,1.4375521694419464,-0.00256557934970425,-0.0022209016178857954,-0.0008915928043214949,-0.0008915928043214949
2025-06-04,AVGO,1.437279919465003,-0.00028063506988895703,-0.0027519219345540913,0.00026814786439377514,0.00026814786439377514
2024-11-18,VZ,1.4371307905394048,0.00142112742775935,-0.0016657305271706724,0.0030866028151905756,0.0030866028151905756
2024-05-13,MU,1.4370863643273966,-0.006899350649350766,-0.0029997333024117667,-0.003993154592127901,0.002404042050362598
2026-08-17,MRVL,1.4369649429339328,-0.0010656890745556202,-0.007027311905878353,0.003683399006338961,0.003683399006338961
2024-04-03,UBER,1.436962440819483,-0.011068211068211098,-0.002696828461114187,-0.009283135636926287,-0.009412068076328106
2024-08-13,WMT,1.436807351757523,0.002634660421545587,-0.0017167008196721234,0.0035097981866042405,-0.0035097981866042405
2026-07-07,IREN,1.436741596347354,0.04430543820569943,-0.01052630496088125,0.05157217722725105,-0.05157217722725105
2026-02-09,APP,1.4365990902384091,0.06369515011547344,-0.009214312108215106,0.08295320949917695,0.08295320949917695
2025-10-10,MA,1.436594529397901,-0.004397040385668127,-0.0016280653779110477,-0.004290633000794575,-0.015689944380683274
2024-03-26,TSLA,1.4359523141806132,-0.012177740061027675,-0.004098561155594371,-0.006665287268904252,-0.006274395767858598
2026-07-13,CVX,1.4358932589074687,0.0094736842105263,-0.0019162366442422307,0.009864762032498975,0.009864762032498975
2025-06-18,NFLX,1.4356701288750002,0.0052982396171594726,-0.0020111801343336566,-0.002662359272396664,-0.00794649307218398
2024-11-26,XOM,1.435602212014196,0.0050598751897452665,-0.001684107172975402,0.006818755787524222,-0.006818755787524222
2024-10-03,VST,1.4351146587772403,0.02198885313570198,-0.005118572296336388,0.022786961223543845,0.022786961223543845
2024-11-27,VRT,1.4342206257234074,-0.02311928719563716,-0.005370996236270131,-0.007662538699690469,-0.0171826625386996
2026-03-23,CIEN,1.4341568641829876,0.01809107922645037,-0.007809218429730036,-0.007187916258262428,0.025409032647214058
2024-12-02,WFC,1.4339903121571536,0.008556008950901695,-0.0020811692585418484,0.010379713572461036,-0.010379713572461036
2026-09-24,META,1.4339502741071222,0.021885145703808062,-0.0036155556348382856,0.023257038314226763,0.023257038314226763
2024-01-08,WFC,1.4334105128932573,-0.007465698143664379,-0.0017191427418424832,-0.004956002832001705,0.009810862749064508
2024-03-05,TSM,1.4332782168548854,-0.0026741940276331366,-0.0028718350064733666,0.0011839573775344059,-0.0011839573775344059
2023-12-19,SQ,1.4330616349902308,0.016027325275880244,0.016027325275880244,0.016561514195583715,0.016561514195583715
2025-12-09,HD,1.433003094248773,-0.014964157884539975,-0.002747257436732431,-0.014964157884539975,-0.017496164294783623
2023-12-08,HES,1.4328306675873912,-0.013460736359155012,-0.002806945414953521,-0.0023250581264528947,0.00832520813020321
2026-09-16,INTC,1.4328274075004943,-0.02127865364155146,-0.004743550771696525,-0.013550399688048387,-0.015207642815363687
2026-07-16,MS,1.4328237509622055,0.01860590535256834,-0.002938471465167014,0.024066501307233312,-0.024066501307233312
2025-03-24,MRK,1.432736869761654,-0.005775937227550099,-0.002407919728484309,-0.0006505475441831443,0.0006505475441831443
2025-03-06,NOW,1.4327181690545867,-0.008812416633645737,-0.003249599562448635,-0.008812416633645737,-0.03215220533656282
2025-08-22,JNJ,1.432568142162552,-0.007342792469496984,-0.0013610114282559538,-0.005365934613044243,-0.008242518116944209
2025-01-14,RGTI,1.4318613601293801,0.22802197802197788,-0.05005828100470955,0.24512534818941512,0.24512534818941512
2024-04-04,SNOW,1.4312836472842254,-0.014175674800957938,-0.0030442469692906204,-0.009540612951708827,-0.011108932888975964
2025-06-12,RDDT,1.4311672930268677,-0.018000180001799926,-0.005574469316121711,-0.011988905788673287,0.03918761742864829
2025-12-01,MRVL,1.4311382387478284,0.007854851200354007,0.007854851200354007,0.007966364239875956,0.007966364239875956
2025-09-29,JNJ,1.4305373165884845,0.005034578146611235,-0.0013600079035762658,0.008046168359136407,0.008046168359136407
2024-01-29,SBUX,1.4304742572769837,-0.00669040681989852,-0.0014300667499114184,-0.0038738835682772255,0.009684708920692842
2025-04-10,PDD,1.4303720310435926,0.04459357073276338,-0.0072273205201554,0.05310019309161129,-0.05310019309161129
2025-11-26,UBER,1.4298895813007992,0.011208117036337839,-0.003163621654419191,0.018719914423248163,0.018719914423248163
2024-08-27,MSTR,1.4298297176364614,0.008287879861160197,-0.007188794664993559,0.018095104502735437,-0.018095104502735437
2026-05-14,NVDA,1.429335710743572,0.015332270984969254,-0.0034917278337323054,0.021137436652661545,0.021137436652661545
2025-10-23,NFLX,1.4287040495780052,0.0060714285714286165,-0.0030825573979591514,0.0060714285714286165,-0.0060714285714286165
2025-08-19,CRWV,1.4284809591392247,0.0059893048128342175,0.0059893048128342175,0.014056118389646266,-0.014056118389646266
2025-12-17,BSX,1.4284665465377413,-0.0064149752865706455,-0.0021636145456185307,-0.00526426616129716,-0.00526426616129716
2023-11-09,MS,1.4283992777754189,0.016830108666843313,-0.00203550603915037,-0.003236245954692629,-0.020011888250445864
2025-11-18,MSFT,1.4279422634996701,-0.011957421882889951,-0.0021914399402129803,-0.009312768137286431,-0.011914100019209894
2025-03-20,UNH,1.42787959566169,0.006876982797690667,0.006876982797690667,-0.0068946360723392,0.013819033163695593
2024-08-12,BABA,1.427449153625538,-0.007949323065457703,-0.0023555192788828894,-0.0013644257008186278,0.003969238402381503
2023-10-23,VMW,1.4272132156918622,0.046375838926174584,0.046375838926174584,-0.015055521493289703,0.06212957285918663
2026-03-04,CAT,1.4270453000989725,-0.010244678680720876,-0.0037577325496671588,-0.0017107710689603373,-0.005729725326200641
2026-02-18,CVNA,1.426843424791694,0.04366270345146028,-0.010310979782655272,0.03994008986520292,0.06208334556988038
2025-08-25,INTC,1.4267474609720208,0.025233459169481387,-0.005632766597598815,0.02893788844463796,-0.02893788844463796
2026-06-30,MPWR,1.426486866580062,0.019621019672712237,-0.008384785191030364,0.029596432619459545,0.029596432619459545
2024-07-08,ARM,1.4256922821424527,-0.0254844261839986,-0.006410649840970173,-0.008368661564719382,0.016462038209546836
2024-06-28,MA,1.425559020110913,-0.007068086248546046,-0.0014203402395225329,-0.006223416162972839,-0.012715468994851098
2024-07-10,V,1.4254537529964821,0.0032808148628542533,-0.0016530538282530927,0.0032808148628542533,0.0032808148628542533
2025-06-12,OKLO,1.4252727906256386,-0.026208459214501545,-0.010111145878290873,-0.01059013122553909,-0.01059013122553909
2026-07-10,ORCL,1.4251830109902237,0.008178805612352957,-0.005459252022038452,0.018079017171576228,-0.018079017171576228
2025-03-07,CVX,1.424692443143022,0.0016017426960532877,-0.002135008603646571,0.0025009619084264134,0.0025009619084264134
2025-09-26,AAL,1.4246420178696675,-0.012334801762114544,-0.0034747640025172277,-0.004370629370629375,-0.010489510489510412
2026-09-16,GE,1.4243392399237607,0.007270387646775012,-0.0027259335003101404,-0.004982072943237936,0.012288682191594846
2026-06-17,NFLX,1.4243283616811862,-0.009317166560306234,-0.002627532136019739,-0.003343625022250274,-0.014456600105776873
2024-08-27,ETN,1.424249975241436,0.00379661016949151,-0.002364406779660988,-0.0035378963124235163,0.007347938495033457
2024-04-29,GOOGL,1.4238560427846076,0.013126633404609178,-0.0027081636289583155,0.01435605386486316,-0.01435605386486316
2024-12-18,MU,1.4235920169535519,-0.010407239819004599,-0.0039741241111829195,-0.005002273760800424,-0.0575716234652115
2025-05-09,TXN,1.4230779469198855,0.003377984857309224,-0.0030776395706797466,0.005685731965021645,0.005685731965021645
2024-05-06,NEE,1.4227028960630965,0.0042283298097252064,-0.002303433001107358,0.009564293304994642,0.009564293304994642
2026-06-11,CSCO,1.422429759968243,0.02897448893394161,-0.00403264306229334,0.03906849782478883,0.03906849782478883
2026-06-12,XOM,1.4222468107330268,0.0011577621139373662,-0.0025477674162933672,0.0016693922049604293,0.0016693922049604293
2024-10-08,BABA,1.4220910162962654,-0.01772793053545596,-0.004130917924333288,-0.011805619108629983,0.003861993227784355
2025-06-05,INTC,1.4218099853371762,-0.012676743052169703,-0.0028260082189872637,-0.012195121951219523,-0.024878048780487827
2026-03-16,ADBE,1.4217443643077614,-0.014587566030069166,-0.004252771811690925,-0.008400306934291724,0.017325633051976874
2025-03-05,MRVL,1.4217223363087539,-0.036454693687397954,-0.007041471165684987,-0.032905809297196775,0.047414543555220234
2024-09-13,DHR,1.4216638767190215,-0.006200469621367777,-0.0016961324374187292,-0.0020138405770568912,0.004174142286990534
2026-09-22,TJX,1.4213438239111165,0.0038085417648756614,-0.0020728630710269424,-0.006581177182629738,-0.010364654259343409
2025-06-17,DIS,1.4212984431504672,-0.0031897926634768536,-0.0017101126020793167,-0.0015974440894568342,-0.006894232386077004
2024-03-14,MA,1.4212808577279232,-0.005260081823495133,-0.0011207597299585093,-0.005050294252681775,0.0010851871947910041
2026-09-25,IREN,1.4211531906333388,0.014966350821977392,-0.006147555751131684,0.01922435826202895,-0.01922435826202895
2026-09-24,BKNG,1.4209081355188242,-0.0021649156319640817,-0.004481943875926708,-0.011331444759206666,-0.00919106074913445
2025-05-19,FI,1.4208418930752835,0.009968958930276939,0.009968958930276939,0.012083507806424754,0.012083507806424754
2025-05-20,DASH,1.4207652865842706,-0.009137463600763063,-0.0039918845839370665,-0.007872436443864927,0.02903274331845762
2023-11-01,ON,1.4203423528581782,-0.017784963621665373,-0.007063956576971897,-0.017620433236340105,0.04817329453604913
2024-04-08,DELL,1.4202190012498368,0.024998082969097446,-0.0041412249279744184,0.027459079088266836,-0.027459079088266836
2024-07-10,NOW,1.4202009677393892,-0.006399630424739788,-0.0025772002732993293,-0.005381926770504641,0.008205232617326752
2025-01-02,TSLA,1.4196291432163548,0.006995022268797557,-0.007001169579699873,0.0073331063562318555,-0.0073331063562318555
2024-07-09,SMCI,1.4195974773901414,-0.019999999999999907,-0.006955660231660277,-0.01273156971868561,-0.024591860072534
2024-04-04,CLSK,1.4193347818208508,-0.04835039817974962,-0.013870429058995715,-0.046723646723646706,-0.09501424501424505
2026-06-30,MSTR,1.4193062873165116,-0.028079282680509632,-0.011491379019753278,-0.022890010564620367,0.020424932503815052
2025-07-01,KO,1.4190898175472022,0.0018169112508736873,-0.0012798542477787667,0.00702444506883948,0.00702444506883948
2025-03-20,NKE,1.4189476380162498,-0.013358909364937888,-0.0029164799029155475,-0.008358662613981771,-0.007184305056645468
2025-08-19,CRWD,1.4187092077264922,0.019931609518456073,-0.003300978345244676,0.019931609518456073,-0.019931609518456073
2023-11-01,CAT,1.4185124188311278,-0.005967576715806278,-0.0034210795884737077,-0.003197423939595767,0.02971352431712182
2024-04-08,META,1.4183166732026666,,,-0.008227133408614362,-0.011880339799176465
2025-12-12,VRT,1.4179787990200499,0.06198582393506491,0.06198582393506491,0.06460967405173401,-0.06460967405173401
2025-10-20,APP,1.4178209195957123,0.014108548735456083,-0.006853890674921148,0.01632734635002564,-0.01632734635002564
2024-02-26,WMT,1.4177296734743035,-0.007087411407357358,-0.001446820307603347,-0.003811298382315531,0.009231811637164355
2026-09-23,VLO,1.416346734046174,0.007499141823558819,-0.004165560153453374,-0.01682286663724397,-0.024195851398011392
2025-06-05,COIN,1.4160232035202747,0.06443210113005182,-0.004810331901387244,-0.004651694818316843,-0.06878407747740878
2025-02-19,MRVL,1.4160092728731324,-0.015951250112017257,-0.00489538233072595,-0.015421859589348164,-0.004931408589617159
2024-09-13,JPM,1.4157808694120095,-0.006188893705148524,-0.002494100081876449,-0.006188893705148524,-0.015652844001348587
2024-06-27,CEG,1.4154537611232758,-0.015873803264050634,-0.0047863697887509105,0.010102474864655875,-0.010102474864655875
2025-08-04,APP,1.4154061345490476,0.025964237446720162,-0.004193734869974541,-0.017587474544444648,0.0440083573563248
2026-09-24,CRWV,1.4152172351879726,-0.03307564824204867,-0.00645532409272187,-0.021114768986264076,0.023158133726870256
2026-06-22,NFLX,1.4151397391832359,-0.012681638044913957,-0.0028421777693903305,-0.012146818061790299,-0.037760760496435175
2025-07-08,BBAI,1.415052881926352,-0.07342657342657344,-0.00896187146187144,-0.05017921146953397,-0.09438470728793302
2026-06-16,CRWV,1.4145546428631612,0.041648126724214585,0.041648126724214585,0.04403592803689138,0.04403592803689138
2024-07-30,MS,1.413852377133216,-0.0033845856300165345,-0.002535324022269192,-0.004859741134581208,-0.0014916037145744632
2026-06-29,BABA,1.4133295256363325,0.006604951112960333,-0.003572134387351822,-0.004194935004402156,-0.010772178776736308
2024-04-04,TSM,1.4131877810816762,-0.013429256594724048,-0.002542455831253454,-0.010887858492185987,-0.040838055984887434
2024-03-22,SOUN,1.41313266949913,-0.0028267973856208606,-0.02021965452847807,-0.02547770700636942,-0.022722929936305758
2024-12-05,GM,1.4130881334860836,-0.006030908405578517,-0.0035972214743418274,-0.006030908405578517,0.006030908405578517
2024-07-12,GM,1.4128193762636976,0.010719439290867827,-0.002039005212474687,0.011344884488448947,0.011344884488448947
2026-05-18,PG,1.4125897382412382,-0.008027923211169297,-0.0020214809274495815,-0.006363191385217792,-0.004405286343612258
2024-06-07,NEE,1.4121936561813277,-0.005802452855070528,-0.001942710197622488,-0.005408970976253258,-0.005408970976253258
2026-06-09,CBRS,1.4119666057532112,0.019602334125783383,0.019602334125783383,0.022770357604480762,-0.022770357604480762
2026-03-16,STX,1.4115064011863954,-0.026053677444678902,-0.006109059908738557,-0.019656262346898434,-0.015211378901619832
2025-03-14,ACN,1.4110858039279424,,,-0.002691662180562826,0.00934165109724816
2025-06-17,MRK,1.4107110086115102,0.01824451410658301,-0.0022355575459025445,0.01824451410658301,-0.01824451410658301
2025-03-28,ANET,1.4106559580075289,-0.01139779559118237,-0.004515146364156841,-0.006394588864364836,-0.017807285016140928
2026-04-27,INTC,1.4101126151377599,-0.027144535840187833,-0.0053331290918247065,-0.02622912255939769,-0.00029404845918601374
2024-07-26,MRK,1.4099246014235558,-0.014029618082618933,-0.001718071484244632,-0.014029618082618933,-0.023304754481683676
2025-11-19,ADBE,1.4097965697063615,0.002571338977735982,-0.00222684227030423,0.006155288236213141,-0.006155288236213141
2026-07-09,META,1.4095540421302324,0.077320819112628,0.077320819112628,-0.008902618687665509,0.08691179556947115
2025-12-16,DIS,1.40918964348541,-0.00437070734100431,-0.0018677956598748269,-0.0034818319792875307,-0.0034818319792875307
2025-09-29,NEM,1.4087361306602757,0.016744186046511622,-0.0024099086378737145,0.022032036083964646,-0.022032036083964646
2024-11-13,COIN,1.4085801097063346,0.12116089204595126,-0.006722383966349943,-0.014715629457442314,-0.13409356271131223
2026-02-18,CEG,1.4084927266232903,0.02567925778661362,-0.004519378964309428,0.02648568117861283,-0.02648568117861283
2025-12-01,PFE,1.4083240085156818,0.01767333462808318,-0.0027166440085453214,-0.004254496228969229,-0.02185263972152396
2024-12-02,AMZN,1.4080210569020915,-0.007116934533628605,-0.002494960240777222,-0.004865605366337622,-0.004865605366337622
2025-10-21,AAPL,1.4078024250318746,-0.0017849682883294138,-0.0020209747337467387,-0.001709142010710818,-0.001709142010710818
2024-03-25,MU,1.4077910609660753,0.02204951316421444,-0.004000424149050885,0.024312544853057005,0.024312544853057005
2025-08-21,ANET,1.4076024375623724,0.004564473183720219,-0.004608569255012851,-0.01014370245139462,0.014754476292937913
2024-04-04,JPM,1.4074539149505039,,,-0.003221099606388056,-0.01872790633539756
2025-10-21,NFLX,1.4073567441900963,,,-0.0025152423687546666,-0.000519146024910988
2025-06-27,SOFI,1.407066103521684,0.003506721215663422,-0.004126826417299778,0.00718580437014249,0.00718580437014249
2024-10-21,MARA,1.4063712262381098,-0.022431693989070967,-0.005932591725214653,-0.019645776566757478,0.019645776566757478
2025-02-20,CAT,1.4059810520139981,-0.007847533632287074,-0.0022545623798846393,-0.004359443116298767,-0.018028406693854637
2026-07-07,INTC,1.4057596328782207,0.013524370648098527,-0.00966468997883041,0.014052462526766618,-0.014052462526766618
2024-07-01,MA,1.4057573346928927,-0.004446717120065502,-0.0015054982516631288,-0.0023054768114298962,-0.007597233246399715
2025-12-09,T,1.4055270700551967,0.01328502415458932,-0.0019179606625259193,-0.003010234798314193,-0.01625526791089693
2024-03-27,CLSK,1.405236132640058,0.025705857564264578,-0.010767262657275456,0.028163093736864098,-0.028163093736864098
2024-01-02,SQ,1.404989954349063,0.034491978609625606,-0.003181283422459824,0.03949993350179548,-0.03949993350179548
2025-12-05,INTC,1.4045149923093017,-0.008855911919578907,-0.004960490323463018,-0.0057623049219688305,-0.0057623049219688305
2024-04-11,VRT,1.4040230350687466,-0.022650767387459303,-0.005299513403809741,-0.022035878095316264,-0.014385720924550038
2024-02-29,MSTR,1.4036900185577943,-0.03498573501202551,-0.007318536972818035,-0.033008420415849615,-0.0023514718652732913
2026-07-07,NBIS,1.403335292644355,-0.030021967293141327,-0.01430969350395761,-0.019534652233420324,-0.028841607565011862
2026-05-05,AMAT,1.403284648576869,-0.014399800349388592,-0.003447891190416774,-0.011773784039428525,0.022925275053517158
2025-05-27,MSFT,1.4031374496085558,0.0011082138200781966,0.0011082138200781966,0.0037036230147491356,0.0037036230147491356
2026-05-01,LITE,1.4031181587981967,-0.00773249738766979,-0.007049670846394962,-0.006465923120383299,-0.006465923120383299
2025-02-12,BABA,1.4027199616561425,0.014666781027532272,-0.004084821045666764,0.015102110863222773,0.015102110863222773
2025-03-24,CRM,1.4026887874862168,,,0.004602466359835633,0.004602466359835633
2026-06-17,BAC,1.4022535184249085,-0.008437717466944994,-0.0020230639228552283,-0.007574438446804832,-0.01584537698067201
2026-08-17,HD,1.4019751165174648,-0.008176548783846993,-0.002550856961507808,-0.004488688861732815,0.008405114601651276
2025-11-24,INTU,1.4017661791990963,-0.010769047192888292,-0.0027279579721632974,-0.009380134428678022,-0.024316654219566747
2024-06-07,ORCL,1.4010262007290344,,,-0.0045019696117051256,0.01213923948870499
2026-07-06,ORCL,1.4008447683897263,-0.004962258876153092,-0.005751168177642985,-0.002509935160008192,0.002509935160008192
2026-04-07,PFE,1.400650614770459,0.003930644331790578,-0.002383838701890406,0.004223283143591661,-0.004223283143591661
2025-12-30,BA,1.400177128454754,-0.005858310626702945,-0.0018730569612041004,-0.0032782406775030415,-0.005145016618859022
2024-07-12,UBER,1.4001716522698677,-0.010379743723184953,-0.00282140803361286,-0.013216413641725433,-0.00856371055807803
2024-05-10,MU,1.400170052252734,-0.011332261919479114,-0.003019938894089025,-0.002992021276595702,0.007729388297872397
2026-05-01,SNDK,1.3995580484694292,-0.030031226496824992,-0.006379879310133729,-0.013245779669137203,0.11617770011930606
2025-11-26,MSFT,1.399325788819481,-0.009985675434408092,-0.002458832444103054,-0.006412908564336073,0.004323541580471657
2025-11-24,CLS,1.398995844677392,0.1106712564543888,0.1106712564543888,0.11281644478167885,0.11281644478167885
2026-03-18,VRT,1.3987205002479108,0.022416722062190697,-0.005575221845884437,-0.0049608642928012925,-0.027266380038951987
2024-07-09,CRWD,1.3987017209672377,0.014657814096016408,-0.0028345323216110163,-0.012582263798885385,-0.02705564941123062
2026-06-05,MSTR,1.3985846637814419,0.018239557039329113,-0.00822047413542415,-0.015235346002726247,-0.03319701707962475
2025-12-01,CRWD,1.3984115293508768,-0.014802471371933468,-0.004046581163407836,-0.013369979123475373,0.013158561103425281
2025-06-06,GS,1.3981846702100118,-0.01371036846615259,-0.0021140205609332385,-0.013694421988682315,-0.0075343573160872035
2024-07-05,ABBV,1.3981229438923586,-0.0062850866487673684,-0.0019670316259283727,-0.004278123715421023,0.01798029931641354
2024-02-29,AMD,1.3978910333709098,0.05647330003841722,-0.004119461845437433,0.05775042584757406,0.05775042584757406
2024-02-15,MS,1.3977328592650753,0.007882352941176451,-0.0019456302521009272,0.009902157255687882,0.009902157255687882
2024-03-13,BABA,1.3976967657506076,,,-0.01247414684591519,-0.01247414684591519
2024-12-06,CVX,1.397291265475074,0.01631616263826219,0.01631616263826219,0.01640902179422199,-0.01640902179422199
2025-11-19,GOOG,1.3968029924759888,-0.0013377983418116912,-0.0013377983418116912,-0.0007843672202708651,-0.0007843672202708651
2023-11-30,CVX,1.3965505054370715,-0.005496392992099031,-0.001660941257299875,-0.004693863463795189,-0.009525781735348904
2026-09-22,RKLB,1.3965272399146311,,,-0.014969637056912788,0.016664312950148252
2025-04-16,NFLX,1.3964193894010257,-0.010215898750930652,-0.005152883967715738,-0.007413823326218649,-0.008238727173363825
2024-01-08,LULU,1.3962964779216251,-0.014009612434809249,-0.001603655062597631,-0.007458842437104707,0.012568767642634926
2024-02-28,CRM,1.396178411930533,0.0017021560643482037,-0.0022327710337856077,-0.007481632172699593,0.00919652314262187
2026-03-27,MSFT,1.3953883485659166,0.008010458098072437,-0.002090723603434652,0.009016518706845056,-0.009016518706845056
2026-06-17,ASML,1.3944505905427784,-0.005828991757564239,-0.004714887201476836,-0.004484045780872692,-0.019598983931512604
2026-08-07,PLTR,1.394273515124287,0.04705953975404853,-0.005133842688420875,0.04935936546674813,0.04935936546674813
2025-02-12,CSCO,1.394249346438015,0.009865760957463943,-0.0018737783322936297,0.011419778083745058,0.011419778083745058
2024-09-06,GS,1.394220791030565,-0.012030564135912747,-0.001981097730914816,-0.010361323155216207,-0.023022900763358778
2024-03-26,ANET,1.3940977090838493,-0.02427597955706995,-0.00305795907669848,-0.017095145374740106,-0.017095145374740106
2024-06-05,MARA,1.3939957772311862,-0.027365457646834512,-0.0091541236706707,-0.021657982735826975,0.024331207714441083
2026-03-16,COHR,1.3931436262655803,0.030155680169405064,-0.008982944646428459,-0.014187413019947526,-0.04391526209989183
2025-06-06,MU,1.3931187201429316,-0.010301759504056873,-0.003248766002891368,-0.010121272909638046,-0.010121272909638046
2024-02-12,MARA,1.393052749398958,0.08771929824561409,-0.007239917976760157,0.09778672032193159,0.09778672032193159
2026-02-10,CRWD,1.3926850259459185,-0.011836774107093606,-0.004935787425382254,-0.009603989729409568,0.021161366778589707
2024-02-21,ORCL,1.3926704323528527,0.006607109622185137,-0.0020359535774109316,0.0125432930824676,0.0125432930824676
2025-03-26,MU,1.3924445119031863,0.03496649916247896,0.03496649916247896,0.03964161066833349,-0.03964161066833349
2025-07-30,BA,1.391457779445825,-0.012693811217991069,-0.002539314421248662,-0.0017319623791463012,-0.009361366277157779
2024-11-19,VRT,1.391193403949981,0.1080103765427245,-0.0041187069749683,0.10888207064747069,0.10888207064747069
2026-02-10,APP,1.39091960524151,-0.011174974893698897,-0.008806736425045925,-0.002733340396228412,0.002733340396228412
2024-02-28,COIN,1.390898924423364,-0.029879151203730192,-0.007212861764745893,-0.022574681327235613,-0.023401770944828315
2026-09-22,SNOW,1.3902170682356427,0.014291990042465952,-0.005454871033198749,0.01931818181818179,-0.01931818181818179
2026-04-09,META,1.3900962736864855,-0.011455946677775497,-0.0036361643979847535,-0.00956340956340962,0.004717735486966301
2025-09-29,TSLA,1.38970458752242,-0.0004966139954853954,-0.004096289825862742,-0.013714489268857433,-0.013224686080683945
2024-06-25,WMT,1.389619286791993,-0.0034241476849785624,-0.0014143644058786098,-0.0011895910780669317,0.0022304832713755385
2026-03-30,SNDK,1.3894158275173287,0.08759083375828669,0.08759083375828669,0.0899836292258055,-0.0899836292258055
2024-02-12,SMCI,1.389318453538392,-0.017467590960717594,-0.0058974287243585,-0.012439475652482046,0.01473579236048228
2025-03-24,HIMS,1.3891707417003367,0.03628808864265909,-0.010255085081123827,-0.02764683109015964,0.0649381703901073
2026-06-11,ASML,1.3890567602025208,0.0555858159181859,-0.004388434542336284,0.059968969058356025,0.059968969058356025
2025-12-01,DASH,1.3888019886977085,0.0028780487804878074,0.0028780487804878074,-0.0204589576385088,0.02339588829707817
2024-08-12,LLY,1.3881692046454894,0.007783061187869977,-0.004635338430186486,0.011767334059367252,-0.011767334059367252
2024-06-27,ETN,1.3879735938048259,-0.007511378465259955,-0.0027773208204316946,0.0022284477269830516,-0.0005730294155099624
2025-09-23,PDD,1.3876360929309222,7.782101167297384e-05,-0.0025907115063923403,-0.010299551851560729,0.010378174384778616
2025-08-25,BAC,1.3873575751501905,-0.004239426668012358,-0.0019249881036497163,-0.0024914961515282164,0.0012497927123737984
2024-04-04,GOOGL,1.3872949412667883,-0.010790431617264673,-0.0023327668821039316,-0.003719582253266962,-0.017811064011916344
2025-07-22,AVGO,1.3872256363014772,0.017665103487183087,0.017665103487183087,0.018201680968406797,-0.018201680968406797
2025-10-03,COIN,1.3867734119389823,-0.009397149000557325,-0.004183583810206448,-0.006099184999733609,0.01238480796889152
2024-08-12,COP,1.3864309011694302,0.010669360022036667,-0.002326901635688605,0.011505238007719187,0.011505238007719187
2025-07-01,SOFI,1.3862896408977394,-0.01787187242232602,-0.004358144467575431,-0.014887009856645594,-0.027021660351132626
2025-05-05,TSM,1.3860283704277723,-0.009470752089136392,-0.003279848786311157,-0.006990025469274297,-0.010625287511079606
2023-12-19,MARA,1.3854794587956885,0.04942693409742116,-0.006800040933278684,-0.019722425127830512,0.07012417823228634
2025-08-22,BABA,1.385428528447439,0.010188989317994945,-0.0025299330907383455,0.011102886750555152,0.011102886750555152
2025-06-04,CRWV,1.3833718105981974,,,-0.015276069648520796,0.05845038513819656
2026-04-09,CRM,1.3831394576439753,-0.00011709601873532982,-0.004154474740716063,-0.00011709601873532982,0.00011709601873532982
2025-06-25,KLAC,1.3830521792510742,0.0003971250384540159,-0.0027671145310208534,-0.007014796054385486,-0.007409135341686635
2025-12-09,INTC,1.3825832922972137,-0.009846690764053312,-0.005480653834511351,-0.009469225018689187,0.009469225018689187
2026-03-04,TSLA,1.3822891336537722,0.0064193124643714405,-0.0034817582472055353,0.008034035733250233,0.008034035733250233
2025-05-09,MRVL,1.3819014695150638,-0.012106135986732935,-0.005263302534944225,-0.009560229445506718,-0.008562640285975531
2026-05-05,HD,1.3818862952343332,-0.00591715976331364,-0.0025521738137124217,-0.0027749425873947464,0.006060219443735804
2023-12-05,AVGO,1.3813175979986958,-0.007651265126512596,-0.0024863664937924135,-0.004799359354088484,0.0011310033129292574
2026-08-25,GS,1.381246572399806,-0.008064516129032251,-0.0022223406298003123,-0.0017745720991468872,0.010462915259411787
2024-12-23,QUBT,1.3810028415356672,-0.0055248618784529135,-0.02099913180741919,0.018867924528301994,-0.018867924528301994
2025-05-06,TMO,1.3808457908048053,-0.00934091986723562,-0.003101083790557402,-0.007458432304037976,-0.03358669833729211
2026-03-12,GS,1.3806955262516598,0.010246416897158661,-0.0042769567872409375,0.013316622277925738,-0.013316622277925738
2025-05-28,CRM,1.3806344668968575,-0.00805581529166366,-0.00229816534971905,-0.007984462667242176,-0.006042296072507614
2026-04-20,NOW,1.3803424132054711,0.002110552763818996,-0.005629763101220431,0.0103353936569055,0.0103353936569055
2025-11-18,MSTR,1.3802468480865602,0.03276120293707696,-0.007988842383560901,0.045236290118776834,0.045236290118776834
2025-09-29,SNOW,1.3800221421815007,-0.014370208105147886,-0.002892871225160465,-0.013505810129357698,-0.011532558649419045
2023-12-18,ABT,1.3795453428360778,0.0007547694017409068,-0.0013845156510464696,0.0010792533234518231,0.0010792533234518231
2025-11-19,GOOGL,1.3794934478424057,0.00047837080571300206,0.00047837080571300206,0.001128320853420739,0.001128320853420739
2024-03-22,ANET,1.37946212647672,-0.006557377049180357,-0.0031770960187353925,-0.0021734835012844345,0.009352565369162846
2024-05-20,ADBE,1.3791447703257724,0.0033624052060379217,-0.002095951959728004,-0.006319625195210898,0.009703279541905419
2024-05-07,GOOG,1.3785334946293908,0.002665584980008129,-0.0029169529549086803,0.0030143180105501877,0.0030143180105501877
2026-08-25,GEV,1.3785120435541327,0.03188548194061913,-0.00425360332749225,-0.008570170211663508,-0.0401823881447706
2025-05-05,AMD,1.378450897646398,0.00224125908955064,0.00224125908955064,0.0025408529294539406,0.0025408529294539406
2024-05-06,MARA,1.3782155150014164,0.10786937901498939,0.10786937901498939,0.11024678111587982,0.11024678111587982
2026-04-09,GLW,1.3781974751525279,-0.016157989228007263,-0.00632480978028549,-0.014101126910142314,0.0018290164611480808
2025-12-26,ASTS,1.3775892992451415,-0.032697530040831424,-0.010658114960373943,-0.025632886173462488,-0.044096161508832554
2026-03-17,MRK,1.3770834564238918,-0.004467737778159564,-0.0025670835736992803,-0.011119798453653074,0.00660238033185645
2025-02-27,T,1.3767590372314424,-0.0005572065378900426,-0.0016503926979409833,0.007677902621722854,0.007677902621722854
2025-04-28,TSLA,1.3767478254020393,-0.016563573883161542,-0.007841278841433375,-0.010891666404568068,-0.011931996296287273
2026-09-29,AVGO,1.3766275613685661,-0.014839421030823585,-0.0027262316940175335,-0.004982390429338013,-0.007211538461538436
2026-08-25,BE,1.3765238297884572,,,-0.013529274550968085,0.01413575927221844
2024-03-13,ORCL,1.3757071921281154,0.008839081366900703,-0.002603656267968324,0.015366522932183435,-0.015366522932183435
2026-08-07,MRVL,1.3756901525361431,-0.023685285176278437,-0.007789029642257583,-0.0061632578524470905,-0.0013239590942293322
2025-11-26,BE,1.3754236987694608,-0.03163066844098683,-0.015384342599769063,-0.02055696202531654,0.025215189873417643
2026-05-20,NOW,1.3753446568343488,-0.029111338100102024,-0.005448336494965567,-0.027744511385267012,0.053450875342496484
2025-08-20,UNP,1.375330986260705,-0.004499287241625183,-0.0017123701761532217,-0.0025770905536302013,0.003288012085665981
2025-07-07,AMAT,1.3753045643158508,0.0013646861221918716,-0.002574881527248829,0.003973161426128025,0.003973161426128025
2024-07-10,CRWD,1.3751983927192868,0.004148936170212725,-0.002895851063829724,0.008105960264900625,-0.008105960264900625
2024-02-08,TSM,1.3751833176097537,-0.009631195677707205,-0.002291928140765287,-0.009320905459387463,0.04738779666327253
2025-01-29,MRVL,1.3750996249123941,-0.01925123343329771,-0.005752145552039067,-0.01610569968174369,0.03008969042337739
2024-08-23,CRM,1.3749883870658386,-0.0048562251453045935,-0.002229821264694287,-0.003256795153492531,0.005966662156573932
2024-08-26,JNJ,1.3746883837876822,0.0012161751292187883,0.0012161751292187883,-0.005383032900387885,0.006605754740339753
2026-03-10,ORCL,1.3746566474686355,0.005455392189474995,-0.0048947556003307024,0.008193730303532876,-0.008193730303532876
2026-06-17,BABA,1.37461203419098,-0.007547512958079428,-0.0034827355512542235,-0.004980580306145788,-0.017774731551290723
2025-11-19,DASH,1.3740379326501926,0.01962494548626259,-0.005580299600578709,0.034732824427480935,-0.034732824427480935
2024-06-28,SMCI,1.3739334172517637,0.06496108058608052,-0.006847879055468464,0.07070534698521047,-0.07070534698521047
2026-09-28,CRM,1.3738594707547471,-0.017898797774986486,-0.003840006664786788,-0.014757837306023758,0.01636778319395371
2024-11-05,SMCI,1.3735515328372618,-0.04620853080568721,-0.01524878695554066,-0.040909090909090895,0.04810606060606082
2025-10-09,NVDA,1.3732334177746774,-0.008671124111993223,-0.0028028065488627796,-0.007092938354021028,0.004172316678835886
2026-08-31,PANW,1.373213362492824,0.002360779581879635,-0.004694325885011286,0.0030975193594959816,0.0030975193594959816
2026-02-26,CRWD,1.3731384092124799,0.030578311298564476,-0.0066715950391836865,-0.008974848600578289,0.03982759561350879
2025-02-12,TSLA,1.373075968552443,,,-0.004653974010274897,0.016802659413720056
2025-04-22,T,1.3725319488127121,0.013915005641218503,0.013915005641218503,0.019860034045772634,0.019860034045772634
2025-11-17,PM,1.3722070384516871,0.0002617801047122281,-0.0021091997008229058,0.004366812227074357,-0.004366812227074357
2024-02-12,AMAT,1.3721935817917645,-0.013403956329045563,-0.0028745888475376624,-0.011117049706039439,-0.00823089257081766
2025-02-11,PANW,1.3721388857263839,0.009274275288870815,-0.0028845312907241905,-0.00454040964584812,-0.013772575925738995
2026-03-23,SOFI,1.3717730321256703,-0.017109144542772903,-0.005595375895490973,-0.016809200825715243,0.010321439103509356
2025-03-18,AMZN,1.371654082029117,-0.008010051829747233,-0.004032963868757733,-0.0032075129582274098,0.0050832515302901005
2024-10-04,HD,1.371561439605945,0.000917532205380378,-0.00164393109245764,0.004073170731707321,-0.004073170731707321
2026-02-23,CRM,1.3712975809653936,-0.002024291497975561,-0.005301888535441224,0.012961116650049842,-0.012961116650049842
2025-04-11,JPM,1.3712825957872656,0.02577001170297888,0.02577001170297888,0.026018273058253882,0.026018273058253882
2023-11-08,DIS,1.3708927274648455,-0.0009452912678719061,-0.002168236525379341,0.0015399194503671332,0.0015399194503671332
2025-05-21,RDDT,1.370615904741181,0.056447640626539286,-0.008446374037744286,0.0588582096885133,-0.0588582096885133
2026-03-18,WDC,1.370426838449592,-0.025453117843355244,-0.0062176905244855085,-0.01601296596434354,-0.011750405186385704
2026-07-21,APH,1.37037774266777,-0.018427677015426358,-0.004544420982748099,-0.006285677634532694,0.01257135526906561
2025-12-16,TSLA,1.3695997471411983,0.034446345223764,-0.0029336763787438658,-0.013661708147036489,0.04857864928597966
2026-03-24,AAOI,1.3693132646574724,0.08625954198473296,-0.013415826063249758,0.08625954198473296,0.08625954198473296
2026-06-16,JPM,1.3692451552497162,0.015144083384426743,-0.0020650127003590812,0.01779621945597043,0.01779621945597043
2024-12-06,INTC,1.3690648475036822,-0.00384061449831985,-0.0048847815650503446,-0.005965163445478372,-0.0021474588403721517
2024-12-03,COP,1.3690401191882968,0.007393542349087401,-0.002371475366000242,0.007672155688622673,-0.007672155688622673
2025-07-11,NOW,1.368944341833535,0.02110904802424507,-0.0026939009535953407,-0.0060046464835039615,-0.026986942136760117
2024-10-25,DELL,1.3686560294841517,-0.00985778926955394,-0.002953798827223242,-0.003577817531305927,-0.003577817531305927
2025-01-24,BABA,1.368534070351135,-0.006928406466512715,-0.002045504783899643,-0.006057109893279566,0.0283241995961927
2025-05-30,IONQ,1.3684160023623377,-0.03693536311454948,-0.010433063567328427,-0.02770220133564183,-0.003215434083601365
2024-06-25,CRH,1.368232793526211,-0.011676849966055669,-0.0029323053050142045,-0.004233734890475294,-0.0035383388215082245
2023-12-05,JNJ,1.368229266025219,0.0015743073047859157,-0.0012454749910040253,-0.004451131590495816,-0.006018431446304207
2025-01-29,VRT,1.3678032597584522,-0.02484018264840182,-0.009677951728636613,-0.016901931649331292,0.02656017830609203
2026-07-27,SOFI,1.3677864985749808,-0.018297995933778788,-0.004810671756358742,-0.017727404824179005,-0.019471083987212867
2026-07-13,APP,1.3676607097836526,0.07564769866532295,-0.0069688249443369266,0.08894601542416447,-0.08894601542416447
2024-05-08,DIS,1.3674809212875119,-0.0007581501137224889,-0.0027162623199393776,0.0003795066413661008,0.0003795066413661008
2023-12-05,BAC,1.3670367745491772,-0.0006544502617800152,-0.001900359947643926,-0.0055320533680442985,-0.004881223560039172
2024-01-08,SNPS,1.3669703098932575,0.013790026566080638,-0.0025995083681705777,0.016077235772357756,0.016077235772357756
2025-03-27,MS,1.366200583306857,-0.005407689057879139,-0.0034310278230429425,-0.005127774041694733,0.0002521856086079577
2026-07-09,KLAC,1.3660698010530663,-0.01983635011157936,-0.009209119998110804,-0.013168570180365657,-0.04508102935363756
2024-11-26,WFC,1.3659306215662803,-0.013333333333333197,-0.0028762745098038778,-0.011350293542074175,0.009001956947162437
2024-10-02,GEV,1.365833298208424,-0.006730163727959759,-0.0034551631657071535,-0.006730163727959759,-0.006730163727959759
2026-08-13,HOOD,1.3651692753544686,0.0067882472137792416,-0.005230344478216797,0.00801379590180562,0.00801379590180562
2024-01-04,TSM,1.3649236881316176,-0.006798640271945544,-0.0018786599822893102,-0.005555833625306539,-0.007357725611892518
2025-08-19,RDDT,1.364409790234695,0.02416492023437833,-0.00600349490123242,0.027160704387498402,-0.027160704387498402
2025-08-21,INTU,1.363858318601042,-0.0055809816214975605,-0.002611167702041617,-0.004597734282666854,0.005952552535239741
2025-08-27,RDDT,1.3638421326663974,0.0418297304859393,-0.005753816848379278,-0.0054695758232823355,-0.0470705154266613
2026-08-11,NBIS,1.3637831413343007,-0.004742512500644391,-0.012755966802412422,0.0034041005119143097,0.0034041005119143097
2024-08-27,XOM,1.3636980517777337,-0.004818693209306724,-0.0018026469094135633,-0.004362050163576825,-0.012666722590386592
2026-06-29,CRWD,1.3635749616494457,0.024941683115018654,-0.00437219088107299,0.02823719688493531,0.02823719688493531
2025-03-25,AMD,1.36352317739349,-0.013871924620485143,-0.003634051648926828,-0.012277712238388583,0.003364355310875089
2024-12-03,CRM,1.3634559526031,0.006278930595083443,-0.0027134827519521565,0.007210407274162556,0.007210407274162556
2025-05-22,GE,1.363081932741604,-0.005804383609113728,-0.0021147819952722635,-0.00261378610157037,-0.005335579893288478
2024-10-10,PFE,1.3626613049469278,0.0050864699898269805,-0.0019618999176476137,0.0060975609756097615,-0.0060975609756097615
2025-03-20,NOW,1.3624988773811992,-0.006351455338276191,-0.004530384908663088,-6.675932051170008e-05,6.675932051170008e-05
2024-07-09,CRH,1.3617868079278046,-0.006498673740052974,-0.0024516862447896415,-0.0010598834128245915,0.005431902490725893
2025-08-14,MSTR,1.3617867267673387,-0.011832763607678154,-0.0046545603095300425,-0.0028215067373360547,-0.01677082509295158
2025-07-07,TSM,1.3615903588885812,0.008158407271153467,0.008158407271153467,0.00953018973937858,-0.00953018973937858
2024-05-07,MS,1.3611847569116946,-0.0026357406431207764,-0.0016846148053317744,-0.0015789473684211242,0.008105263157894615
2025-08-25,JPM,1.3604199194662827,,,-0.0033176478553778033,-0.001997359423135392
2026-01-26,GS,1.3603194405265278,0.0005586232086458587,-0.0028162137316951608,0.002594271074415788,0.002594271074415788
2025-12-16,C,1.3602709693065513,-0.007152317880794734,-0.0019369914853358816,-0.0056597099398655315,-0.016006367173682423
2024-10-08,NEE,1.3600615401375948,-0.006780914807052119,-0.0021723585254591615,-0.0060456508328191605,-0.006785934608266486
2024-04-05,SQ,1.3592906851921223,0.03848741757502361,-0.00437568487225326,0.03848741757502361,0.03848741757502361
2024-10-08,AMD,1.3591161490058332,-0.014921006436512396,-0.003303899523530829,-0.010251033840060542,0.006465140660492752
2023-12-05,VZ,1.359064014132956,-0.005974025974025854,-0.0010797588126159052,-0.005069543741063276,-0.0009099181073703999
2026-09-23,BA,1.3577193902627338,-0.0009500475023751509,-0.002824609087597185,0.003616636528029016,0.003616636528029016
2025-03-13,MU,1.357628046947069,-0.016580310880829008,-0.006051776461880043,-0.01474252491694339,-0.01474252491694339
2025-10-03,RGTI,1.3573493150819214,-0.030555929465607923,-0.009204988173759143,-0.02243325075695024,0.10266996972199305
2026-03-10,ASTS,1.3572465282990978,-0.0354473386183467,-0.009704238796311326,-0.024483164322931295,-0.01854557678301305
2024-09-06,AMGN,1.3570662413878547,-0.00581965204606727,-0.0016287127629781573,-0.0057891996201796525,-0.01782705914785443
2025-08-08,ABBV,1.3570411150236605,0.0012097993749370373,-0.0023178747857648396,-0.006062427977353568,-0.007264893030713093
2025-11-18,PG,1.3558749982950087,0.003619229718656136,-0.001612557068716547,0.004099200655871993,0.004099200655871993
2023-11-10,MA,1.3557914961808026,-0.004724754106802509,-0.0018285662789756518,-0.0038459559580159564,0.01484358921588802
2024-07-10,INTU,1.355721673931209,-0.008280122927978972,-0.002079925933845539,-0.006053384175405352,0.006053384175405352
2025-05-07,INTU,1.3549133127717174,0.012214861546478772,-0.0024531241011434,0.012254824547550669,0.012254824547550669
2026-07-21,MU,1.3548429598708498,-0.014994449070219185,-0.00812761191070932,-0.008980286651738001,0.041408234390690524
2023-12-18,ADBE,1.3547429022279402,-0.008706884981881768,-0.0026782466878846334,-0.005470091224290541,0.00826404551115889
2024-08-23,BABA,1.3547357617498184,-0.00023405500292561499,-0.0028914151968569834,-0.00804548886372225,0.0078095507738769054
2025-05-22,PANW,1.3545859610621906,-0.007158078793508604,-0.002763557026548069,-0.002180906166512231,0.014503026007306019
2026-01-26,COF,1.3545434349407108,0.004493510640724452,0.004493510640724452,0.005985014619882989,0.005985014619882989
2024-03-27,BMY,1.3545403469628623,-0.010549901969937436,-0.0018628379369673986,-0.008049419692998883,-0.0029951329090228684
2024-08-28,GS,1.3543939478310674,-0.008187273955724939,-0.0017377687691269017,-0.005848648862982975,-0.0024782410436369195
2024-10-25,CMCSA,1.3540778853953952,0.00738271016908798,-0.0019939951689176283,-0.0037959667852905943,-0.011150652431791142
2026-07-21,NBIS,1.353802643636531,0.08646240112145787,-0.012222632279105694,0.05718721697502849,0.12309483762453088
2024-05-09,CRM,1.351895073091936,0.0027509063416588653,-0.002041089223578263,0.003280959498377589,0.003280959498377589
2024-03-18,DELL,1.3513442492017462,-0.01061414973542818,-0.006632337296889723,-0.0028402678504251266,0.0028402678504251266
2026-03-26,META,1.3513262369159422,0.05239002424662276,-0.0028612251966944058,0.0545024106170835,-0.0545024106170835
2024-09-27,MSTR,1.3509920744815824,0.03176739015971464,-0.005811414029134765,-0.005943973634651822,0.037900188323917394
2026-09-24,CRCL,1.3509367545252313,-0.021880947404319118,-0.00798411772933516,-0.04233890084049907,-0.021384368698627587
2026-05-18,CRWV,1.3509176363589714,-0.007868868382709948,-0.009683313675154404,-0.0049891035885514246,0.0049891035885514246
2024-09-06,ETN,1.3508864056796361,-0.011679282118025935,-0.0025951785653124393,-0.009372103402107923,-0.0214562806824814
2024-02-21,BABA,1.350821717103219,0.005617514083701369,0.005617514083701369,0.006123535676251235,0.006123535676251235
2024-02-29,GOOG,1.3501591522255612,-0.006548175865294659,-0.002103922737692665,-0.0062621464046642705,0.005182465990066998
2024-03-22,PDD,1.3494792298033982,-0.0409809084924293,-0.005845974795448017,-0.035861631228181645,-0.02450809266899412
2024-04-01,BAC,1.3492996695429655,0.008196721311475419,0.008196721311475419,0.008327825512227438,-0.008327825512227438
2024-08-19,ADI,1.3488693128029967,-0.006255344043922362,-0.0036860209454376847,-0.002737635759806012,0.014226730096041695
2025-10-07,HIMS,1.3487020016641555,-0.03506607929515426,-0.0060746129641284785,-0.03421516754850096,0.022751322751322745
2026-04-02,XOM,1.3481824849069346,-0.010593220338983023,-0.0030891127637494575,-0.009814018295268734,-0.026655358332828505
2024-08-26,CVNA,1.347902661734915,-0.011521474748767968,-0.004841282541308223,-0.0004938209076175148,0.0004938209076175148
2026-07-02,PEP,1.3476786681116748,-0.007525083612040184,-0.002273650262780702,-0.0022346368715084886,0.006634078212290673
2026-06-16,BKNG,1.3476398246356762,-0.012048192771084265,-0.0035513482501434712,-0.008476022526878513,-0.0003982024005916296
2026-08-07,LITE,1.3473432325477053,-0.03686009866479589,-0.008908931534395093,-0.03609798502139794,-0.007266405135520682
2023-12-27,MARA,1.3473283673005567,0.0700553186069488,-0.00660808766000176,0.07060444291372492,0.07060444291372492
2026-09-11,C,1.3460775520755173,0.005374032674118623,-0.0019054426155673543,-0.009229021723697328,-0.014553457333522757
2026-03-30,COP,1.3459762726058926,0.012372283113505467,-0.002336599347151136,-0.004475514129309244,-0.016792424914928272
2024-09-18,UNH,1.3458295021466464,0.0059633186561729445,-0.0020867170048688433,-0.005876301243264992,0.011874662156271087
2026-02-19,PG,1.3458257487427792,-0.0027052532242842764,-0.0019890351862670297,-0.0010083186286866663,-0.0010083186286866663
2026-09-25,CRDO,1.345497802772061,-0.022074894361066577,-0.00462823074734775,-0.022074894361066577,0.023799116032833023
2025-02-12,ADBE,1.3454470538768202,0.005783614541659432,-0.0022582856024649933,-0.010990943462586777,0.01683812538468299
2023-11-01,VZ,1.3452175310665098,-0.006532235160465749,-0.0027315494786384065,-0.005390070921985846,0.003971631205673676
2023-11-10,LULU,1.3450918853714646,-0.00739195893081912,-0.002083247243661379,-0.00565451992017163,0.018823761302880104
2025-05-27,PG,1.3449307006775308,0.009565060458400998,0.009565060458400998,0.010111953773925597,0.010111953773925597
2025-07-01,MSTR,1.3443685226974496,0.049009863139383825,-0.0033742458830767763,0.050002545954478284,-0.050002545954478284
2024-06-24,MSTR,1.344199357217702,-0.02613217193448991,-0.0073333692282151475,-0.023860027143876694,-0.040079192959382226
2026-06-24,APH,1.3436179982749759,0.011123539647029723,-0.004094980646994095,0.012287305191775344,0.012287305191775344
2026-03-23,VZ,1.343113972736079,0.008369868473495412,-0.002065606673119613,-0.003800760152030458,0.012202440488097599
2025-07-11,SOFI,1.3427485801098804,-0.007951356407857713,-0.004156488039556261,-0.006324666198172735,-0.006324666198172735
2024-01-29,PFE,1.3425111936212355,-0.004742794600510747,-0.0020860217855840357,-0.003461468391328104,0.0009109127345598989
2024-11-19,AMGN,1.3424396757651154,-0.008043087971274732,-0.0032329135675814857,-0.008043087971274732,0.0054039497307001305
2024-04-05,INTC,1.3423137585888325,0.003993809723677688,-0.003488155229234735,0.0046320123520329215,-0.0046320123520329215
2025-01-29,GEV,1.3422884528682835,-0.02471928711341642,-0.006928332985192909,-0.024100129965531014,-0.0015256823190371582
2026-06-30,MRK,1.3420772547154272,0.000855764742492493,-0.0025281013136544406,0.0018652366519000818,-0.0018652366519000818
2025-12-17,NOW,1.3420156487854495,-0.005229089986038882,-0.0031698003735064484,-0.0030273735626336062,-0.004782741426681669
2023-12-21,BA,1.3418130488069409,0.011773584905660384,-0.0020993746630728616,0.012053192492690767,-0.012053192492690767
2024-03-25,ACN,1.3417770394962472,-0.004421318575553279,-0.0031332819159906045,0.0004513607869242042,-0.0004513607869242042
2025-05-27,BAC,1.3417458986449398,-0.009914687572054381,-0.0022670048420567745,-0.009449181839133347,0.01901359760313448
2025-02-27,CEG,1.3414870353891628,0.09220477021524143,-0.005775404097066339,0.0954606383364126,-0.0954606383364126
2024-01-08,CVS,1.3413192925308854,-0.014288298064749516,-0.001639838427684226,-0.013455620587702777,-0.026609545646533506
2026-01-09,GEV,1.3410951936933118,,,0.006804560694780859,-0.006804560694780859
2025-12-04,ASML,1.3408079449645685,-0.006475270548251588,-0.0032196615431789866,-0.006475270548251588,-0.006940345228512612
2025-04-10,ABT,1.3406440981710142,0.009156779998407583,-0.003028465642169076,-0.004202346971138637,-0.013320647002854513
2025-05-19,NEE,1.3405903588098016,-0.002852485737571131,-0.002583284821671139,0.003240178209801492,-0.003240178209801492
2026-01-26,APP,1.3400940554452767,-0.039475590323047816,-0.0070763539661844455,-0.026715774914536583,-0.016917611574750135
2024-04-03,CMI,1.3400310597352096,-0.00971106581944614,-0.0022748459172663438,-0.008053622420190365,0.007061881230443046
2026-07-21,CIEN,1.3399207212022164,,,-0.000980885311871349,0.027992957746478808
2026-03-10,BE,1.3398215718944975,-0.013141025641025705,-0.010544404761904769,-0.006549866098796597,-0.006549866098796597
2025-08-26,SOFI,1.339786290400803,0.016500383729854184,-0.005018336805174828,-0.013439333711906087,-0.02971796327844034
2024-05-08,MCD,1.339556051105039,-0.003972637191665296,-0.0017438095841364465,-0.002432543692227229,0.00479023988623184
2023-11-07,COP,1.3391377146689691,0.0012998266897747968,0.0012998266897747968,0.0035448729033373816,-0.0035448729033373816
2026-03-11,COHR,1.3387369675774947,-0.03277100653805798,-0.009452962305270818,-0.030774188350922493,0.012245226778377694
2025-04-11,CVX,1.3386886495911527,-0.01920633734399524,-0.004740196654104301,-0.016092981671882,0.010430636268812465
2025-08-04,PGR,1.338511713985542,0.0005177376933749311,-0.001797141496232335,0.0026772928211196145,0.0026772928211196145
2025-06-04,SNOW,1.338502146214285,0.00550650337035985,-0.0030285768536979507,0.011139431700179392,-0.011139431700179392
2024-11-26,LIN,1.3383900442130106,0.0033730703730154854,-0.0014073488671412226,-0.005747285206127772,0.009139741576597249
2024-05-20,AVGO,1.3383550092433432,0.009586694267970541,0.009586694267970541,0.010661635975160788,0.010661635975160788
2024-08-06,CDNS,1.3382483631681086,-0.01678900515383419,-0.004828445371589218,-0.010437279323322946,0.00807046133550604
2024-04-09,NOW,1.3379630214398854,0.008441813595629455,-0.002338497349936741,0.008762204045945965,-0.008762204045945965
2026-02-18,AMAT,1.3378842074756476,0.006651219844623135,-0.005372764267217112,0.011102440894218857,0.011102440894218857
2024-02-29,ABNB,1.3378540708911044,0.005556974961675953,0.005556974961675953,0.005556974961675953,0.005556974961675953
2026-07-16,SPCX,1.3377476737310292,-0.023545801995495497,-0.007133482136043923,-0.01783625730994154,-0.042251461988304095
2025-01-23,LRCX,1.3374904836487862,-0.00782025819265142,-0.003556178181302272,-0.0027234463976231194,0.005818271849467704
2025-01-14,TMO,1.3374238400921223,-0.006906249999999892,-0.0019447525510204455,-0.004345996849040246,-0.0024348324262387644
2024-07-05,AMD,1.3373575486648621,-0.016880689696750384,-0.0035171649053906684,-0.014965259219668514,0.02030999465526473
2026-02-10,TSM,1.3366846488608575,-0.005529160067794692,-0.0033966328883807684,-0.00013817880337141375,0.00013817880337141375
2026-03-13,KLAC,1.3363657661687547,-0.0110310734463277,-0.005209175746569761,-0.004667378957431412,-0.00225636844177024
2024-03-27,BABA,1.3360412246370121,0.005053340819764163,0.005053340819764163,0.007239179915988103,0.007239179915988103
2024-07-05,ARM,1.335444677266093,-0.03462565597667644,-0.0065829695960015755,-0.01971991997713629,0.03492426407545013
2026-08-31,TSLA,1.3351490389965226,0.03681785518028491,-0.003502625821009464,0.044040566390304736,0.044040566390304736
2025-07-08,JPM,1.3348461517080357,0.010880212706409043,-0.0017222996881374186,0.011329859775500939,-0.011329859775500939
2026-05-05,ANET,1.3342376437265346,0.0056642335766423635,-0.0038598498435871154,0.006650332516625723,-0.006650332516625723
2025-05-27,VST,1.334224448000871,-0.016681410337419544,-0.004437061074903825,-0.015975247837342943,0.03447622655806026
2025-10-03,PANW,1.334116722921272,-0.010600519725962765,-0.0020923964766629277,-0.008721761509865589,-0.012582213325707636
2025-06-06,AMAT,1.3341017139147138,-0.00047947258016167726,-0.00047947258016167726,0.0003899103206261856,0.0003899103206261856
2025-07-10,SMCI,1.3340883930248741,0.005297442927064355,-0.005265120455172578,-0.006120926580290509,-0.011385944248134994
2024-11-08,PANW,1.3337524382505699,-0.017593016004988637,-0.0027085436648157657,-0.012241755421532052,0.004722186577698073
2025-03-19,ADI,1.3334614771339766,-0.009766373037150444,-0.0036790022979702464,-0.007908048160725656,-0.0025885202688260556
2025-07-09,DDOG,1.3334085993893847,-0.020839506782562744,-0.0039860148836960985,-0.01008522136769896,-0.010947135037760791
2024-07-08,GOOGL,1.3328530741504263,-0.011928217689972875,-0.001722026123405218,-0.007048224695283656,0.0016958134605193909
2024-04-03,RTX,1.3326311521672867,,,-0.0045415114558350345,-0.0045415114558350345
2025-03-17,INTC,1.3319292058097407,0.00942655145325988,-0.005953288070923546,0.010418714369962778,0.010418714369962778
2023-12-21,MARA,1.3318863610301899,-0.024286322965487828,-0.0072417676060624325,-0.023037542662116106,0.05726109215017061
2026-05-13,ON,1.3314170422935294,0.0372893510218717,-0.005075103723812924,0.042240835810141375,0.042240835810141375
2024-07-02,LLY,1.3309562441521272,-0.014558193255423957,-0.0018837705331129495,-0.014390104277744786,0.01808304055495058
2024-12-06,ADBE,1.3308529526104784,-0.00797624309392253,-0.002380409102867631,-0.0060308795147505645,0.016211745244003373
2026-07-06,PANW,1.3299568947889358,0.0038767311852121455,-0.0035423280653665845,0.007329105003523573,0.007329105003523573
2025-06-06,GOOG,1.3296230352809668,0.0070236039147957285,-0.0025950078131424803,0.009289712076625545,0.009289712076625545
2026-01-09,NVO,1.3293998277352135,-0.009188105579685857,-0.0028506634528184804,-0.00419744795164545,-0.01242444593687042
2026-06-09,QCOM,1.3287183966216178,0.024897939808221747,-0.008971636760656931,0.027989400463729774,-0.027989400463729774
2024-04-04,AVGO,1.3283663087175073,0.04815192325764639,0.04815192325764639,-0.008123843804224706,-0.055884588358453
2026-03-13,NBIS,1.3281175187932694,0.0021304366729695268,-0.007164222353854277,0.007583192077794676,0.007583192077794676
2026-01-26,ABT,1.327847592665789,-0.00657534246575342,-0.003108610567514658,-0.0050524821553354915,-0.0050524821553354915
2024-08-06,F,1.3277389023001984,-0.0010214504596527396,-0.005800379395885069,-0.0030737704918031294,0.002049180327868827
2026-06-09,AAPL,1.3274802457738553,0.02429517120870983,-0.0021758123592861,0.02560488607000233,-0.02560488607000233
2023-12-27,INTC,1.3274206479507562,-0.009439764936336803,-0.0029299846089269055,-0.008468627450980315,-0.004117647058823559
2026-06-12,ALAB,1.3270701447039142,0.018663101604278087,-0.008868691749426949,0.027207548670103665,-0.027207548670103665
2025-09-26,MRVL,1.3267511354894286,0.004469678666344512,-0.0038367445552756063,-0.004306945708219656,0.008795875037913348
2024-11-08,TSLA,1.326591993242589,0.0622272186218753,0.0622272186218753,0.06342270771267788,0.06342270771267788
2024-08-28,PG,1.3265278305114359,-0.004879482657260348,-0.001358864533467674,-0.0022987150772131315,-0.003536484734174228
2025-10-07,NFLX,1.3263724458637156,0.0018749737251440024,-0.0022072500585554877,0.004831977062866422,0.004831977062866422
2026-04-02,BA,1.325309183540587,0.012789211178804383,-0.003382471861158254,0.015925663975806748,0.015925663975806748
2026-03-11,UBER,1.3252125267824644,-0.01264138389886893,-0.0033954947248360234,-0.010666666666666602,-0.00040000000000006697
2026-06-30,AMD,1.3245981229695114,0.03494235669357293,-0.006661240890219244,0.03914552545890437,0.03914552545890437
2024-10-01,AAPL,1.3242154838160303,0.0035232978067472054,-0.00200356104742605,0.006018538856916944,-0.006018538856916944
2024-08-07,GS,1.3237821089298267,-0.013697578895838891,-0.003304623093858705,-0.009734678237816041,-0.01984217394005916
2024-11-27,CRM,1.322523564984371,0.011704834605598013,-0.0030831141616953772,0.013152388354157996,-0.013152388354157996
2024-05-06,GEV,1.3214320938948614,-0.012507516536379937,-0.0046659608281076626,-0.00892803643118234,0.013481934208161128
2025-07-25,GEV,1.3211918621405105,0.010862068965517224,-0.0035322951186743667,0.013276143790849515,0.013276143790849515
2026-02-23,LLY,1.3209211825966438,0.0026907444077044484,-0.004202745831579424,-0.016957807817934878,0.019694181352192475
2024-06-07,ETN,1.3208764660483088,0.0023568380151601787,-0.002863353443804506,-0.006378409564409049,0.008750280457707094
2023-11-09,CSCO,1.3205033892434936,-0.004786162868155142,-0.0013976877239130214,-0.004233211468154696,0.0009620935154897037
2024-08-12,ABBV,1.3202964649712388,-0.004063753430441297,-0.0028125056545733607,-0.0039048071341882817,0.003640968814310641
2025-08-27,BABA,1.3198119856606108,0.00311935642751604,-0.0026869268475736563,0.006444705252537819,0.006444705252537819
2025-04-15,F,1.3197124124905788,0.00942408376963344,-0.0059419596110694695,0.013041210224308819,-0.013041210224308819
2023-11-01,BA,1.3191793531157399,-0.004507555286366927,-0.0028811478449797256,-0.00011088874690434736,0.00011088874690434736
2026-08-11,COHR,1.3191678115780303,-0.02455521472392641,-0.011131380368098132,-0.019036604044887495,0.02725766621862391
2026-06-17,MS,1.3191431452656346,-0.007020157558520257,-0.0026924964608989743,-0.003644544431945951,0.012913385826771595
2023-10-05,SMCI,1.3187910695314577,-0.025501432664756463,-0.005006574907900019,-0.019559644625487205,0.009586683990588929
2024-10-09,PLTR,1.3186588762920115,-0.015012106537530379,-0.0033859045313040514,-0.00999879532586423,0.0389109745813756
2024-06-28,GM,1.3184532224239238,,,-0.0036465036465035405,-0.0036465036465035405
2024-06-06,XOM,1.3183021533992432,0.009923799397483668,-0.0021088073719652822,-0.0014196983141081532,0.011357586512866114
2026-04-02,TSM,1.318079333084371,0.014422933062030463,-0.0036225500463807903,0.017467511029742866,0.017467511029742866
2024-10-10,PM,1.3179605307960198,-0.0059337399044008254,-0.0011908686335915242,-0.003881410521100026,-0.014121727640597936
2023-10-31,PDD,1.317803776416517,0.015530964861191987,0.015530964861191987,-0.0015506881178524168,-0.017057569296375363
2025-04-15,C,1.3172895844101455,-0.010459929241655286,-0.006516997385017764,-0.000776638707673194,-0.000776638707673194
2024-03-12,V,1.317248054773121,-0.003715753729087723,-0.0012968310690855134,-0.0017570013843041243,0.007666915131508745
2025-06-02,TEM,1.3168992714185173,0.08363263211903549,-0.010453993500940562,0.09297912713472489,0.09297912713472489
2025-05-19,C,1.3158208616474132,0.010083587634337254,0.010083587634337254,0.010754115772703132,0.010754115772703132
2025-08-14,WFC,1.3147432670028991,0.014116895560523757,0.014116895560523757,-0.0007031449757095576,0.014829966760419255
2024-04-01,AMZN,1.3141313877461025,-0.012827815875380733,-0.0017544976385051037,-0.009289797713280534,-0.005441952506596182
2023-12-21,AFRM,1.3141057890085013,-0.006837961044343088,-0.008432730448167614,0.003979891076665298,0.003979891076665298
2024-04-11,COST,1.3140617857354722,0.0011073137388926124,-0.0014304726100966558,-0.008332701545926247,0.009449242199722763
2024-03-28,NFLX,1.3140108866429265,-0.0012693284098777013,-0.002287652425382758,0.0009046945422245267,-0.0009046945422245267
2025-03-13,HD,1.3138535076671336,0.02698386012104903,-0.0029067873955230805,0.02907870823430725,-0.02907870823430725
2025-04-22,COIN,1.31383135470362,0.04523940561364892,0.04523940561364892,0.04523940561364892,0.04523940561364892
2025-07-10,ORCL,1.3129337109666614,0.009396991277232258,-0.003453788594785623,0.023173277661795666,-0.018455114822546914
2024-03-28,GE,1.312518258803782,0.007466261851406197,-0.002558362790366253,0.008251359116115964,-0.008251359116115964
2024-06-07,FCX,1.31229324717236,-0.003359804520464138,-0.003767678971405397,-0.003053435114503733,0.003053435114503733
2023-11-30,NOW,1.3122931442080377,-0.007744305657604755,-0.0017206885693292762,-0.011843358658023773,-0.004190771589879461
2025-01-03,C,1.311987054208713,-0.001976563602993142,-0.001928621851112311,-0.0016209739939389012,0.0003523856508562684
2025-03-14,AAPL,1.3118499860382338,-0.011660425652936457,-0.003620931208905942,-0.011387066541705737,-9.372071227742307e-05
2024-12-23,QCOM,1.3116615765436466,-0.022726096519601446,-0.0028378324677005295,-0.014723691758556812,0.009178405252087574
2024-08-20,TSLA,1.3116390114917824,0.016152716593245242,-0.005159753609092821,-0.010824893601943497,-0.026802758756684475
2024-09-06,ORCL,1.3113778794761017,0.008318769660957681,0.008318769660957681,0.025073129962389307,-0.011979384315364272
2025-06-02,CRWV,1.3110724332893893,-0.05918799934779062,-0.011007995387948166,-0.04799460145292189,-0.008602696963647238
2026-09-24,MRNA,1.3110487026236772,0.04662655779974223,-0.006138490699244992,0.0592584538436447,0.0592584538436447
2024-08-23,BAC,1.3107981241978928,0.005944100164411381,-0.0022529584997018626,0.006580612503163996,0.006580612503163996
2024-02-28,CVS,1.310700484184952,-0.0005254720934406709,-0.0021458550894299933,0.0009298618490968247,-0.0009298618490968247
2024-12-23,WMT,1.3105681874575914,0.0035752095280106033,-0.0017373810574075055,0.005494469209179509,-0.005494469209179509
2024-10-09,TSM,1.3105450607877924,-0.014859002169197222,-0.002989312829253299,-0.012415807839000204,0.012415807839000204
2025-08-14,LMT,1.3102457436127148,-0.003302752293578015,-0.0017261549803406773,-0.015190016375854154,-0.011937432943700976
2024-10-21,DJT,1.3100759572097578,0.009686894770819965,-0.010168979987088544,0.029797530864197563,0.029797530864197563
2025-07-11,GE,1.3095100540340219,0.0033033634603223394,-0.0022402129370419077,0.009844231833636474,0.009844231833636474
2025-04-10,TSM,1.30916806268241,0.016971194485987273,0.016971194485987273,0.020156847494976926,-0.020156847494976926
2025-07-02,INTU,1.3087515242970964,-0.0048997051103405465,-0.001808224505006617,-0.0048997051103405465,0.002987783142681222
2026-05-13,HD,1.3078404588202595,0.006598168269704163,-0.002408870714356137,0.006598168269704163,-0.006598168269704163
2024-10-02,RTX,1.3076848018643603,-0.0002418964683115199,-0.0014793120925196135,0.0015694796571291691,-0.0015694796571291691
2026-08-17,PG,1.3074009791957693,-0.0006991540236314098,-0.0006991540236314098,-0.003622431208638144,-0.00292580982236168
2024-01-08,OXY,1.30730289415957,-0.00589868147120054,-0.0019730098146129027,-0.0019008121651977739,0.006739243131156147
2025-05-19,AVGO,1.307254698886994,0.024114042099653732,0.024114042099653732,0.02425049966688886,0.02425049966688886
2024-03-26,PDD,1.3071408944129168,0.021077681455039965,0.021077681455039965,0.021077681455039965,0.021077681455039965
2024-01-04,VZ,1.3067735749424607,-0.005542957923910241,-0.0014874023683547621,-0.0030326004548899554,-0.004548900682335044
2025-10-07,QBTS,1.306432239335363,-0.04074178139926943,-0.009071508850800658,-0.03463687150838002,-0.001955307262569872
2025-11-11,ORCL,1.3057745221914066,-0.011696405703065071,-0.00418796880145389,-0.01126472094214015,0.0075524833589348805
2024-06-26,TSLA,1.3050837264689565,0.02967390164621997,-0.0037092377057775794,0.03501229472343992,0.03501229472343992
2024-02-21,PG,1.3050789644659904,0.002939337085678506,-0.0011679174484051646,0.005391511503981095,0.005391511503981095
2023-11-28,WFC,1.3050720352333731,0.00860265054638476,-0.0016749593117879602,-0.0034997666822211837,0.01213252449836677
2026-03-18,LLY,1.3050236069795789,0.0034423221014453498,-0.0031684387618808874,0.005170787759216866,-0.005170787759216866
2024-07-30,GS,1.3050114891732696,0.001326391226021073,-0.002196847487634046,0.0027755749405233843,0.0027755749405233843
2026-05-05,INTC,1.3049513123444172,0.03901220332468536,-0.0053074167112795445,0.04858417377812252,0.04858417377812252
2026-03-12,ORCL,1.3047474591615025,-0.02181709503885243,-0.005157954060285297,-0.0162308385933273,-0.043402464682897546
2024-01-05,TMO,1.3046997940799205,-0.005801352714771557,-0.0017910045001521269,-0.005587688397604262,-0.007839582885601937
2023-12-19,ABT,1.3044442595132046,-0.004737575476079892,-0.0013953951297194234,-0.004168562170994594,0.0064895878786752625
2025-01-14,C,1.303816956223819,-0.005704196658970595,-0.0020550338565412662,-0.005462242250443783,0.003140789294004964
2025-12-17,NFLX,1.3037958384630912,-0.017166940789473673,-0.0034425663768797854,-0.012089274643521386,-0.02087208100847282
2026-05-01,CAT,1.3033973892511697,-0.014739178690344024,-0.002855787220548578,-0.014739178690344024,-0.012574916759156562
2025-07-02,APP,1.303131626809839,0.013939838591342624,-0.005637260245257236,-0.018888025107252848,-0.03256456767729121
2025-04-11,MRK,1.3030888788740533,-0.023426253108232098,-0.004569334604670239,-0.01929092805005217,0.030500521376433776
2026-08-17,XOM,1.3029839111084112,0.006794664006981588,-0.0024697267886084617,-0.007410198442602267,0.014255212258226457
2025-12-26,SNDK,1.3029694717489955,-0.0006402817239585801,-0.008062064451215711,0.0017167039284572416,-0.0017167039284572416
2024-08-21,NEE,1.3028415094747572,,,-0.0018910741301058076,0.0037821482602118373
2024-04-05,MCD,1.3027220130902328,-0.004593613395569407,-0.001360154108320466,-0.004409203749675794,-0.01185668235206927
2025-12-02,MA,1.3026155964045671,-0.006084894387557993,-0.0018178523500507193,-0.005437977660199822,0.0031599059376834493
2025-09-23,PLTR,1.3025288843437248,-0.016002630569408538,-0.003581723805870407,-0.01102951139535513,-0.010541719736592459
2025-10-09,WBD,1.3014803847727154,-0.009523809523809601,-0.004460544217687046,-0.03298611111111116,0.02314814814814814
2024-08-23,CEG,1.3012514841824114,-0.01202802245917689,-0.004309652589207458,-0.00896158586688589,0.001335250616269379
2024-08-06,KLAC,1.300810030083723,-0.0192621381257001,-0.007256138210805618,-0.009914755571783562,0.005828078700127914
2025-05-05,PLTR,1.3007370851947497,-0.02321575061525838,-0.0054719852337981045,-0.01895269994281512,0.012744056858099873
2024-10-21,HUM,1.3002919306601817,0.025043048588754946,-0.006270591129317049,-0.028263795423957072,-0.05259903241060726
2025-07-07,ABBV,1.2999994235103989,-0.007682188897658593,-0.002044458225278989,-0.004670800897215943,-0.010370761314157595
2025-12-23,NOW,1.2994780904258747,-0.0009079118028534339,-0.003467551417454251,0.0034865702479338623,-0.0034865702479338623
2025-06-02,GOOG,1.2993055843525605,-0.0006923744924542952,-0.0030174200081140023,-0.0006923744924542952,-0.0006923744924542952
2023-11-22,MSFT,1.2991882591131456,-0.005427050951051116,-0.0016036145213130792,-0.005427050951051116,-0.004478634279993621
2024-02-29,MARA,1.2991479176678866,0.12139219015280134,-0.012141571671113294,-0.01898734177215189,-0.13807461692205192
2025-08-05,APH,1.2981567244436263,-0.007788875652890992,-0.003144676728934037,-0.005111673958093421,-0.005111673958093532
2026-02-19,CVX,1.297823141318144,-0.0084746716486781,-0.0021496025959256704,-0.005269100489273759,-0.006021829130598455
2026-09-23,VZ,1.2968454401275893,-0.01189189189189177,-0.0023251428571429145,-0.00472305710605414,-0.001073422069557739
2025-06-27,MU,1.2966402943998843,-0.014508928571428492,-0.003268090606778462,-0.013801356202632564,-0.004786597526924563
2025-07-09,NVDA,1.296366722975054,-0.003976021531685747,-0.00212140410360373,-0.003305380424802551,-0.003305380424802551
2024-07-02,ABBV,1.2958148403183578,0.009426082806347713,-0.0018475037073653056,0.01234274157570725,-0.01234274157570725
2026-03-27,ASML,1.2957997488743647,-0.009130352692394705,-0.004096931069081933,-0.0042967609324691125,-0.012060511136309238
2024-03-12,PDD,1.2947394064714066,0.0109495295124038,-0.004611389465966065,0.016252472267606954,0.016252472267606954
2025-12-05,BMNR,1.294141479160944,-0.030354131534569895,-0.010064823737252149,-0.027072758037225086,-0.0389142695995488
2024-01-29,PG,1.2935717531939246,0.002236278832023486,-0.001463918325620428,0.0026823349086729786,-0.0026823349086729786
2025-03-19,INTC,1.2931725710378223,0.014303228442991367,-0.006420398155175366,0.018690448098814372,-0.018690448098814372
2025-08-27,ABBV,1.2931464164233648,-0.005680190930787532,-0.0015956290487555425,-0.004920225470526396,-0.005780070698385487
2026-07-21,IREN,1.2931248544780138,-0.030223075077956296,-0.009745194119864298,-0.026594434868258965,0.017114011327259204
2026-03-26,AMD,1.2930950320211327,0.06409844345470395,-0.0038650895685883313,-0.006047052917417917,-0.0697578896926272
2025-12-02,BMNR,1.2929681205534516,0.02393078953622063,-0.011346411987231853,0.03221107154418901,0.03221107154418901
2025-08-27,SBUX,1.2927327955779682,-0.0003421142661649279,-0.0024963019076942317,-0.00022810218978108754,-0.00022810218978108754
2025-03-14,CVNA,1.2925464121656287,0.03382772390188249,-0.010041642897889336,-0.010054449598110304,0.0442222926449829
2026-09-11,BAC,1.2925309246799084,0.006891634980988548,-0.00168392404490314,-0.010037641154328703,-0.016860100376411502
2026-07-06,T,1.2924223653845544,-0.000972289742343202,-0.0035887908882561437,-0.00024289531212051685,0.00024289531212051685
2025-10-21,AMZN,1.2922696207004638,0.008264838109077743,-0.0024964773884668112,0.010812410370808712,0.010812410370808712
2026-08-11,LITE,1.2920710848095809,0.0026772616136920835,-0.010392275585050736,-0.014567351520300642,0.01728361374503118
2026-06-30,CBRS,1.2918910271343167,-0.031727379553466495,-0.012701121929382886,-0.0174155681708843,0.06321562590204932
2025-03-26,PFE,1.2918145279455142,-0.0051080550098232536,-0.0020295256806062145,,-0.012931034482758563
2025-08-19,SOFI,1.2917015091516597,0.053706524181668436,-0.005169866753222951,0.06515930113052415,-0.06515930113052415
2025-12-17,NBIS,1.2916398878070612,0.08043875685557578,0.08043875685557578,0.08222843936260782,-0.08222843936260782
2024-02-21,GM,1.2915497175022457,0.006625891946992812,-0.0024628476772972085,0.009197751660705134,0.009197751660705134
2026-09-23,ARM,1.2915488781605902,-0.010206561360874833,-0.005435638344037486,-0.003197586726998436,0.003197586726998436
2025-12-30,TXN,1.2911400767499475,-0.005136500368919883,-0.0019539823080602092,-0.005136500368919883,-0.004654066632612475
2024-04-30,F,1.2906160935139988,0.02369477911646589,-0.0031340791738381224,0.027210884353741527,-0.027210884353741527
2025-08-26,COST,1.2903107917256549,-0.005198659236960612,-0.0017787161492406334,-0.003845881593411926,0.003845881593411926
2025-08-04,NVO,1.2897340649044333,-0.006390434961863534,-0.0066578908619725485,0.0025029371200899764,-0.0025029371200899764
2026-07-20,C,1.2886853226340107,-0.009858616736721393,-0.0030637534799934363,-0.008988404797181326,-0.01533712063554471
2026-02-18,PG,1.2884708629406878,0.005836822738231273,-0.001921529175050285,0.012104400453915143,-0.012104400453915143
2025-10-08,HIMS,1.288458086164617,-0.028723770209838406,-0.006165266106442635,-0.024660291897332653,-0.023737627914779402
2024-04-30,BMY,1.2883346997757539,-0.008403361344537785,-0.002535608838129866,-0.008174386920980936,-0.002043596730245123
2024-02-12,CSCO,1.2881211638075847,-0.006430868167202508,-0.0016830787781350054,-0.0062286517982719225,0.004621257785814681
2025-03-27,GEV,1.2880042272327574,-0.014568158168574374,-0.006149834621673955,-0.011856945470903879,-0.02650943093088265
2024-10-02,PFE,1.28790039450914,-0.0007091628734021693,-0.0019607530002181406,-0.007223786066150595,0.0065095003518649275
2025-08-18,RBLX,1.2874709938398115,-0.018223234624145768,-0.007480456331822927,-0.018223234624145768,0.05107762397056237
2024-03-27,VZ,1.2872194295835706,0.0020499216206437687,-0.0014026459492514354,0.0021707670043413785,0.0021707670043413785
2024-09-18,DHR,1.286386001291461,-0.0007791110049431005,-0.001784497581028277,-0.009825297124778531,0.009038531122718796
2025-01-03,UBER,1.2862753984706945,0.003104144032282985,-0.0027948049932373653,0.006149295555382572,0.006149295555382572
2025-08-22,GOOGL,1.286085995477233,-0.009351343327890671,-0.0020687037468987146,-0.007579566681517047,0.018050491590168027
2025-05-22,NKE,1.285921163017829,0.011885110597557036,0.011885110597557036,-0.0023163467902052037,0.014228987425545903
2023-11-28,MELI,1.2856374716214602,0.003446115288220586,0.003446115288220586,-0.001420285683895739,-0.004861506503907376
2024-04-05,UNH,1.2851552225663814,0.0016697791936726158,-0.0019273865758541175,0.0020880956567610465,0.0020880956567610465
2026-07-08,HD,1.2845137399794082,-0.012590361445783183,-0.0028604518072290475,-0.009822474542669157,0.009822474542669157
2024-04-04,NFLX,1.2840128800882757,0.021437858751149674,-0.002187187119163214,-0.008972767415182936,-0.030218269245879004
2025-11-17,JNJ,1.2839314085355833,0.012997562956945652,-0.0015245299988394523,-0.0019330552446841232,0.014955743208871608
2026-07-08,AVGO,1.2836511507781463,0.017860416393871814,-0.004283566845619924,0.023381342320756282,0.023381342320756282
2025-05-22,KLAC,1.2834467019795428,-0.006042472167712698,-0.0030551538651559795,-0.0014574034795509228,-0.0014574034795509228
2026-06-09,APH,1.2825839352819048,-0.01734899328859063,-0.0042624065196549266,-0.012444354512343159,0.03918791312559011
2024-10-25,TMUS,1.2824532138518687,0.027703805514990076,-0.001760989482985087,-0.004787552363853975,-0.03235872445926302
2025-03-18,UNH,1.282102004548931,0.0034047467346287608,-0.0025254147135120864,-0.007755204414346739,0.011186355655881552
2025-06-02,GILD,1.2817426253001505,-0.011268896014658525,-0.002807440612525358,-0.009662931542893438,-0.011931225332305062
2025-02-06,GOOG,1.2816113580986952,0.006743386794417994,-0.002968053530514436,0.007707856196463858,0.007707856196463858
2024-07-05,MSTR,1.2811542325905005,,,-0.014876033057851235,0.05981818181818177
2025-03-17,AVGO,1.2807953419143001,0.005531144998707882,-0.006172617509138556,0.00592113768584368,0.00592113768584368
2025-03-14,WFC,1.280428750405485,0.014141859589389183,-0.004026325838966671,0.01672288810737088,0.01672288810737088
2026-09-28,META,1.2790511106769729,0.013996803879429032,0.013996803879429032,0.014940093598032722,-0.014940093598032722
2026-06-30,PANW,1.2787228005401865,0.01021959091398239,-0.0038804565861032536,0.013035658546011186,0.013035658546011186
2026-03-10,MU,1.278200515466563,0.0005955334987592931,-0.006098068060971351,0.0053854592599980045,0.0053854592599980045
2024-02-23,PFE,1.2779363710668241,-0.004127041090974282,-0.0019417600164055582,-0.0021574973031283085,-0.0021574973031283085
2026-03-12,BA,1.2778243507800868,0.027268408551068934,-0.003433647777400628,0.029872314215999896,-0.029872314215999896
2025-03-14,GS,1.2771302807505318,0.013914118241914464,-0.0042887841666375826,-0.0077184374410266265,0.021739950934138497
2023-11-01,T,1.2770992838062947,0.0012861736334404128,-0.0031469453376206102,0.0025756600128783447,0.0025756600128783447
2024-07-30,BABA,1.2762174149427326,-0.006250000000000089,-0.002401157069970905,-0.0028601982183882324,-0.0022564354459914115
2024-11-05,BABA,1.275678226551316,0.006805444355484469,-0.0023633120782340367,-0.006364359586316648,-0.013126491646778149
2025-08-05,COST,1.2751689100251464,-0.002312432300047629,-0.0013532199486783192,-0.0005300877825367145,0.0005300877825367145
2026-03-27,GOOGL,1.2738950232974027,-0.009920347574221555,-0.0026773094031240507,-0.009372172969060788,-0.00767143115614255
2026-07-27,GOOG,1.2735656250237588,-0.0032045412928035644,-0.0035137664477986608,-0.002748007694421517,-0.002748007694421517
2023-11-07,INTU,1.273348696305119,0.00861138900331504,-0.002618233558355998,0.011806840096028948,0.011806840096028948
2025-06-27,ANET,1.272946645255847,0.01477588258627538,-0.0038345681985607616,0.01743593800994936,-0.01743593800994936
2025-05-21,HD,1.2728058295523574,0.014224183771136878,-0.0019198773947524117,0.014774267265431962,-0.014774267265431962
2025-10-08,SOUN,1.272455099354481,,,-0.01866666666666672,0.0074666666666667325
2024-06-28,BMY,1.2722090365423286,-0.0174899550933586,-0.002563544585879707,-0.017257683215129993,-0.018203309692671255
2026-06-11,KLAC,1.272049191710105,0.06648672566371694,-0.005621665613147919,0.08100859331551291,0.08100859331551291
2023-11-07,PANW,1.2713376910075953,-0.01864941805294662,-0.0036464957177775315,-0.017580986762531392,0.018253878802050316
2025-08-22,RBLX,1.2710313229467982,0.012673506336753126,-0.005598653824837152,-0.011026367400305048,0.023839616474177427
2026-08-25,XOM,1.2709274311690273,-0.00546312391358339,-0.002182779630352183,-0.0028475919276957917,-0.005571375510709409
2024-02-29,MRVL,1.2706835606792668,-0.007269555103227576,-0.00403875711377899,-0.003477252970153555,0.03767024050999712
2025-03-27,BKNG,1.2706517699349975,-0.014162978558155404,-0.0030107925219082787,-0.014117412973642551,0.017042093360847277
2025-07-09,SOFI,1.2705604345519859,-0.015090543259557387,-0.004484478298361738,-0.011022044088176308,0.013276553106212452
2026-07-02,AAL,1.2703229372430596,-0.019962736225711986,-0.003933571618692788,-0.017084890549919907,-0.0437800320341698
2024-07-02,DHR,1.270002833188176,0.0007066550276426664,-0.0021750426071414086,-0.007692783632726297,-0.00839400251613831
2024-06-24,MU,1.269208816504514,0.014250964728135584,-0.004349508234510857,-0.012081246716862282,-0.026160042024164
2026-03-10,MRVL,1.2683714529932544,-0.00902910558742298,-0.0049157561686242746,-0.001818959982880286,-0.001818959982880286
2024-03-26,LULU,1.2683548239556413,0.012056978016003583,-0.004100322829127201,0.01597818608088486,-0.01597818608088486
2024-02-12,AMZN,1.2680787251201346,0.008400238609804656,0.008400238609804656,-0.0075909116857908465,-0.015927384826168844
2025-10-08,SPOT,1.2678739308424027,-0.012579972683487872,-0.00330525791511338,-0.010709630024415495,-0.027850799801220072
2025-08-14,AAPL,1.2675597985509823,0.0002576323586240825,-0.0025186630107407737,0.0031682150961167554,-0.0031682150961167554
2025-06-18,ORCL,1.2674257264466564,-0.011808961478025015,-0.0032057282986523994,-0.006855468453851987,-0.0015314400084912583
2024-09-23,NXPI,1.267097844374481,0.003569124919372224,-0.0038377307491477275,-0.003620471732470709,-0.007176674735962729
2024-03-18,ADBE,1.2670349847768017,0.023890648972841655,-0.0037957111830325685,0.0247686662412252,0.0247686662412252
2026-07-20,CRDO,1.2664090504802592,-0.03636191468206995,-0.012009871691681218,-0.028115221792747946,-0.024157923799006054
2026-03-27,CRWV,1.266394093750376,0.023613829093281136,-0.006761718385984494,0.02450469238790398,-0.02450469238790398
2025-10-23,RGTI,1.26541636462998,-0.051600103734439795,-0.016633261707172498,-0.03460267646420956,0.010371617742737982
2026-10-01,MS,1.26507466988288,-0.01134467711199938,-0.0027733525036031104,-0.007726664883658585,0.005830435945439971
2026-06-12,TSLA,1.2650435881288218,-0.017078128098354073,-0.004293607121611309,-0.008315098468271276,0.016642700844013758
2026-07-02,ORCL,1.264893465598988,-0.018493150684931403,-0.006504403131115444,-0.016202114513249932,-0.036798022792805085
2025-04-16,NVDA,1.264889184778711,-0.019266917293233154,-0.007735620300751922,-0.013705103969754329,-0.012287334593572785
2026-01-26,CAT,1.2644941599002242,0.00949206349206344,0.00949206349206344,-0.013562430619238341,0.02318322956384633
2024-03-27,DIS,1.2642517807647602,-0.007263624425476123,-0.0017535819810524655,-0.005978674008177087,-0.005773221293119413
2024-08-12,WMT,1.2637449687940554,-0.004770992366412097,-0.0016499140172805404,-0.0027102256079694076,0.00703193671256952
2024-07-02,PLTR,1.2630770681644385,-0.020102427921092514,-0.004246206373292871,-0.01935839028094144,-0.01935839028094144
2025-07-02,TSLA,1.262443572764204,-0.0180517157261344,-0.005215347443254359,-0.0168775685905036,0.025486915417228362
2025-08-27,ALAB,1.2620945173755524,-0.0014525139664804954,-0.005998455706304862,0.0012257633162469084,-0.0012257633162469084
2024-11-26,CRWD,1.261858335254744,-0.0028723840787854282,-0.0034891142505422135,0.0020343083351661573,0.0020343083351661573
2026-08-14,TSLA,1.2616652463805362,-0.010530883842036709,-0.0031727883284081715,-0.009327115256495766,-0.008545027952379658
2025-04-21,SPOT,1.2614705085913156,0.03872930741065439,-0.006421599612977058,0.04056001647107266,-0.04056001647107266
2026-08-14,CRM,1.2614158257986912,0.016295627757721642,-0.004389698298091771,0.019785161129153184,-0.019785161129153184
2023-12-28,BABA,1.2614102301800783,-0.0018729010591578277,-0.0022012307635531636,-0.001614987080103325,-0.001614987080103325
2024-07-09,AMD,1.2614052584331408,0.0046093310848791536,-0.0036049385690195557,-0.012050869106458584,-0.016604653745765474
2025-03-17,BABA,1.2612526757855438,0.03057805082379228,0.03057805082379228,0.03284939653664498,0.03284939653664498
2024-03-13,MSTR,1.2609876689272999,-0.036067463261214794,-0.009093456953503276,-0.032286580482103644,0.04796710826861594
2024-07-09,MRVL,1.260712115093593,-0.01650078575170255,-0.00311896654942756,-0.015469323544834879,-0.03198741478762446
2026-08-11,SMCI,1.2605992246523579,-0.0031665611146296513,-0.008072446394643995,-0.0015807777426493086,0.0015807777426493086
2026-03-31,MU,1.260131978614979,-0.018808777429467183,-0.008437834751455542,-0.012078042737689643,0.0455713843295138
2026-05-18,LITE,1.2599759243350719,0.033358820316766735,0.033358820316766735,0.03782549605871155,-0.03782549605871155
2026-06-12,ARM,1.2597771987149118,0.046501377410468336,-0.010815515545060994,0.04704941980651034,0.04704941980651034
2026-03-31,C,1.2596519813519274,0.03353991979584392,-0.00301709546377793,0.034671532846715536,0.034671532846715536
2026-10-01,NOW,1.2593921523007157,0.006417652148831943,-0.004140003708434703,-0.007088136321328764,-0.013460299276866872
2025-10-23,GEV,1.259234641895295,0.0022895622895622303,-0.005152835497835406,0.01078080168418194,0.01078080168418194
2025-03-20,IBM,1.2589545557106085,-0.00786944996686545,-0.0034151044920949225,-0.00036998972250779083,0.00036998972250779083
2025-08-14,SBET,1.2581384696693085,0.0513669109732513,-0.0127661196725819,0.06395480225988703,0.06395480225988703
2025-07-11,AMZN,1.257811821607541,-0.007169422413406901,-0.0020445336354733,-0.003941920936634813,0.004181149834057374
2025-04-02,JNJ,1.257604643624134,0.0011600928074246841,-0.0018485480425735057,0.006772740529505272,0.006772740529505272
2024-04-11,BABA,1.257367160106786,0.003925743562446016,-0.001531752896780647,0.004389465283320182,-0.004389465283320182
2026-08-25,BABA,1.2568108118696033,-0.009370474486753544,-0.0037098499507137728,-0.007440602012344644,0.01014627547137903
2024-08-27,LIN,1.256548415088561,-0.006712267467877009,-0.0010548609906151363,-0.005897758000298126,0.005897758000298126
2026-01-27,APH,1.2564257127720577,0.050644856873230726,0.050644856873230726,0.051240085609971064,0.051240085609971064
2026-07-20,SNDK,1.2563296948405638,-0.03587592907860315,-0.01519558797650189,-0.03192990014523056,-0.0337504951045452
2025-09-26,LLY,1.256051989102103,-0.011078045768907918,-0.002361563075691242,-0.011078045768907918,0.005278893444044419
2025-10-09,DELL,1.2554885942274923,0.03439667747264041,-0.0042405722507830035,0.0391759436664838,-0.0391759436664838
2024-04-30,SBUX,1.255000010196819,0.007628372993282451,-0.0016638961630423,-0.0035420475319927203,0.011197440585009266
2024-10-04,APP,1.254961383543746,0.01401088929219596,-0.003395893181228904,-0.009675291358205662,0.023821740086491294
2026-08-11,CSCO,1.2549583739585324,0.008559670781893014,-0.003095720164609128,0.010392277675087325,-0.010392277675087325
2026-09-25,MRNA,1.254783077987699,-0.02224095414651628,-0.006156230480593106,-0.01571699175753838,0.018225566989197528
2026-01-09,AMAT,1.254683001870826,0.036880165289256306,-0.002847668240850032,0.04190311418685133,0.04190311418685133
2025-04-10,BABA,1.2537463335068686,-0.01699479940564652,-0.0062612502653364155,-0.014248463401005829,-0.029986962190352018
2025-07-10,BABA,1.253478322807351,-0.005532767337594224,-0.0025548711519329803,-0.004813879224059736,0.016252800152518843
2024-12-03,ORCL,1.2529512515457109,0.009217352908709397,-0.002395033352782572,-0.003155971430153226,0.012402414041304377
2026-08-26,PANW,1.2524302715758828,0.005240252242650456,-0.004401852063322886,0.006551448136839388,0.006551448136839388
2025-10-21,APP,1.251438062267293,,,-0.0006899174272054776,0.0006899174272054776
2025-10-09,SMCI,1.2512914998329296,-0.011206896551724133,-0.004736674876847369,-0.005462585623861926,0.005202462498916205
2026-03-12,C,1.2511079581116213,-0.00883790898834147,-0.004266802772255995,-0.005720769703560169,-0.0024112335114178096
2025-12-05,RGTI,1.2503681527756867,0.0293609671848013,-0.008429064890204785,0.03103448275862064,-0.03103448275862064
2026-09-29,LRCX,1.2499692229041652,-0.017892096892586196,-0.004273676989758557,-0.008980927103265146,6.172458490238952e-05
2024-01-08,DHR,1.2493445392084728,0.014955048409405203,-0.001691396216162766,0.02108970735313309,0.02108970735313309
2024-12-23,AXON,1.2491102442775066,-0.0032307840678946764,-0.004410900853735189,-0.0014882325333247515,0.0014882325333247515
2025-04-01,F,1.2490873724615719,-0.008865965147585309,-0.0030220078248164306,-0.0044477464091134955,-0.01733531451213477
2025-08-26,LLY,1.2489847746139748,-0.0159796154348556,-0.003798926996852914,-0.013339510953750855,0.0178828280593053
2024-01-08,AMD,1.2486933032529521,0.027418447694038006,-0.0030895016471156334,0.0319921813210402,0.0319921813210402
2026-03-26,GOOGL,1.2478532744817041,0.013207348343812542,-0.0024286115724874158,0.016661416220378755,-0.016661416220378755
2024-08-21,PYPL,1.2477009384224518,0.0029309141660852633,-0.0032279932210148576,0.004736695458344986,-0.004736695458344986
2024-08-27,AVGO,1.2476214045483542,-0.011621966794380434,-0.004560294654260222,-0.0068178214682100835,0.02349770096717929
2024-03-25,AMD,1.2475372849537747,0.012299495550643247,-0.005583331309058193,0.016861337349157512,0.016861337349157512
2023-11-06,PANW,1.2473667403525537,-0.01358254946480697,-0.003289734025299973,-0.004520832484828707,-0.034537531055268134
2025-10-08,ASML,1.245978754067094,0.0024565285799842407,-0.0027532957941736047,0.0031031137791455166,0.0031031137791455166
2025-08-05,UBER,1.2458319756144824,-0.005391285015562519,-0.0025638696563552443,0.00011177555468599998,0.00011177555468599998
2024-04-11,DHR,1.245702224646767,0.006029986962190259,-0.0017871664881727867,0.007041393626114112,-0.007041393626114112
2026-03-11,IREN,1.245221248956939,0.049250000000000016,0.049250000000000016,0.05372834546824001,0.05372834546824001
2024-03-28,GS,1.2451197773688387,-0.0037740384615383427,-0.001974756181318593,-0.005843061812185524,-0.0020910752906594388
2024-10-04,COP,1.244663043938621,-0.009939652112175956,-0.002589818195648963,-0.00895469456512088,0.015426899547832162
2024-11-27,COP,1.2441030206016919,-0.005278266506157925,-0.0022935258555686344,-0.004909680407596095,-0.004909680407596095
2025-04-15,MELI,1.2440826126920406,0.024088302862989464,0.024088302862989464,-0.011571992650220908,0.03691993432112284
2026-07-20,GEV,1.243561896254566,-0.01557235224478637,-0.005985602404152579,-0.012988198771941795,-0.013828208815540144
2025-04-28,PEP,1.2433155390861348,0.0008965259618977095,0.0008965259618977095,-0.009765480506029434,-0.010653251461123059
2026-05-14,MRVL,1.2431985249810242,-0.0030600661638880977,-0.005872160237441082,-0.0011499288139306119,-0.0011499288139306119
2024-10-25,CRM,1.2428600383469348,-0.007176951340956639,-0.0017454365283766649,-0.0053153974506735535,-0.0007912889408769885
2025-03-25,SMCI,1.2419042764533392,-0.04107681596658164,-0.00797861618539275,-0.03322414599906409,-0.04890032756200291
2024-02-23,ORCL,1.2413882420888827,-0.003964365256124647,-0.0018844861597200335,-0.0024981041174108043,-0.0016505330775749005
2024-07-05,KKR,1.240289764070211,-0.007389045144682083,-0.0022842773377644843,-0.004468105333206518,0.008460880311816688
2024-06-07,LIN,1.240262775058836,-0.0018877480546986014,-0.0012687903284155366,-0.005823579127736567,0.003924837622868216
2025-05-21,ADBE,1.2402047928051834,-0.0075990027807076865,-0.0019143596838485655,-0.00471210482029083,-0.00488039427815834
2025-04-15,LIN,1.2401607559856762,-0.005064703257474434,-0.003375709185950093,-0.004941383810554312,0.006436068755507396
2025-04-16,MELI,1.2400742403071232,-0.01049236807462095,-0.005182840419946544,-0.01049236807462095,0.01049236807462095
2025-03-26,ETN,1.2400171772963526,0.03028656797501006,0.03028656797501006,0.030747301975157848,-0.030747301975157848
2025-08-18,CVX,1.2391459425642393,-0.005799120923841272,-0.0017998367761147271,-0.0057952350289760535,0.00032195750160957104
2026-07-20,COHR,1.237729833472793,-0.027560256279873907,-0.009383540846421012,-0.025512110609097416,-0.03060773856031518
2025-05-28,MA,1.2376301425250178,-0.0020661042194654033,-0.0014766720180136028,-0.0014424497314956541,0.0006430197598235043
2023-11-10,RIVN,1.2375875202717008,-0.011658031088082832,-0.007570272020725355,-0.002923026956804131,0.00032478077297826147
2026-03-31,APH,1.2373566384143226,0.03150763203003826,-0.005301969518523242,-0.002454790933638984,0.034039767613124994
2024-11-27,MRK,1.2362884043228526,0.004580450248513834,0.004580450248513834,0.008511887290871822,0.008511887290871822
2026-07-27,XOM,1.2357973737986379,0.00408719346049069,-0.002305186379728874,0.004478193146417508,0.004478193146417508
2024-06-25,BA,1.2354770845116865,-0.011728395061728292,-0.002555194805194838,-0.011395531604356024,-0.016840687100033724
2026-08-28,PATH,1.235234362288551,-0.001517241379310308,-0.004812098522167574,-0.015480717001629563,-0.013986963606735459
2026-02-23,SNOW,1.2348566921814856,0.04852435270686217,-0.006995150151315244,0.05303940413262842,-0.05303940413262842
2024-08-20,MRVL,1.2348152358323254,-0.006978068926231762,-0.005660729543882526,-0.0045681655960027046,-0.009279086366880684
2023-10-05,KO,1.2345975193888636,0.0380165289256198,-0.0013247933884297236,0.03889908256880725,-0.03889908256880725
2024-11-05,CEG,1.234326408030971,-0.01888776896445954,-0.0042078155421860775,-0.011661300147941978,0.016839265512139878
2024-04-05,UBER,1.2342106666192754,-0.011888341543513925,-0.0029551958714520987,-0.011888341543513925,0.01372742200328414
2024-08-28,BAC,1.233894796426429,0.010369246332827542,-0.0017305983091263633,0.012802636582583515,0.012802636582583515
2024-02-28,ACN,1.2336801047837485,-0.003902205940909509,-0.0015686583465113202,-0.0006879762912785914,0.0006879762912785914
2025-10-21,WFC,1.2332923999353222,-0.01753983721196839,-0.0028921979659684016,-0.011420002307071075,-0.022493943938170502
2026-07-08,IREN,1.233005304650874,-0.03857566765578635,-0.010633285290377215,-0.03708987161198296,0.022349025202092143
2024-01-29,AXP,1.232566544701035,-0.007148175725986583,-0.0020085097330071466,-0.003906250000000111,-0.007070806962025333
2025-02-06,DIS,1.2324994447704691,-0.00872773078999467,-0.002392696470346234,-0.006192784060312206,0.006192784060312206
2024-04-03,DELL,1.2323076631618832,0.06428926030117488,-0.003508368596487066,0.06631849457017336,0.06631849457017336
2023-11-08,V,1.2315218750185108,-0.0036420182510128463,-0.0016144955833952146,-0.0026829418149794115,-0.0009216212341531804
2026-03-18,PG,1.2313194554144675,-0.005821734475374818,-0.002121902722545088,-0.003289694528365361,-0.015105740181268867
2026-04-07,ASTS,1.2312170873793222,-0.01246719160104992,-0.009420119360080026,-0.0049934867564045415,0.0049934867564045415
2026-07-13,NFLX,1.2311856285524265,-0.018882978723404276,-0.0036320478723403937,-0.017053024247268844,-0.015987210231814597
2024-04-30,LIN,1.2307947805456703,-9.076263302398857e-05,-0.0016057173975758676,0.004179846362403983,-0.004179846362403983
2025-05-05,XOM,1.2305198275385674,0.005200308166409928,0.005200308166409928,0.006061772346771965,-0.006061772346771965
2023-12-08,WFC,1.2304127228116832,0.014747963900506367,-0.0015402660293701853,0.016089927264712367,0.016089927264712367
2025-05-30,INTC,1.2297268036790938,0.02203856749311306,0.02203856749311306,0.024023273483424812,-0.024023273483424812
2026-08-14,AVGO,1.2291723352500845,0.035007610350076046,-0.00390766751537841,0.039018188930178055,-0.039018188930178055
2024-10-04,T,1.2289072319730974,0.007354631119282917,-0.0017024001050661708,-0.01068524970963991,0.018118466898954688
2024-12-06,MA,1.2287175728750266,0.006056597418763632,0.006056597418763632,0.007320281373315085,0.007320281373315085
2024-05-09,COST,1.2286727665394674,0.010661616882190472,-0.0016393282847840807,0.013421945922043488,0.013421945922043488
2025-10-20,SNDK,1.2285797677525823,-0.029616039837504937,-0.008194015949978484,-0.007006604311240894,-0.007006604311240894
2026-07-24,CRM,1.2282121607778493,0.00918845584607797,-0.00458284146169563,0.018927837619077126,0.018927837619077126
2026-07-13,XOM,1.2279951182729902,0.016597510373444146,0.016597510373444146,0.016597510373444146,0.016597510373444146
2024-03-20,CAT,1.2279737827168427,-0.00924545610916816,-0.0017096394374502832,-0.005383253369888097,0.017734749828649754
2025-03-13,DIS,1.2279328659625404,-0.007930052867019088,-0.0034495294254341946,-0.0076253587417040025,-0.014642560037750552
2025-05-06,CRM,1.2277960500678067,0.011513827699826118,-0.002819565573813687,-0.0013160089711035106,0.012844988971474125
2023-11-06,WFC,1.227690457018577,0.007081132981276883,-0.0021972086962485093,0.005985873338919756,-0.009577397342272254
2026-03-30,GOOG,1.2268275587611421,0.004047992414572654,-0.0024647142179872183,0.004556223801713166,-0.004556223801713166
2026-08-14,CAT,1.2267055681791528,-0.005064349765367293,-0.004658051851507694,-0.0016783216783217147,-0.0016783216783217147
2024-03-22,CLSK,1.2263435670776894,-0.023084994753410415,-0.013208664368160816,-0.01721439749608744,0.01721439749608744
2024-12-06,MCD,1.2260366293983067,-0.005601034037053032,-0.0015828294927821007,-0.003189368770764034,-0.007076411960132867
2026-03-12,CVX,1.2255842735568943,0.019037765131919127,-0.0019845059493015516,0.022263739685505213,0.022263739685505213
2024-10-09,FUTU,1.2251287633859025,0.05240784196138226,-0.010601331176564033,-0.020894119926377908,0.07439697762278397
2026-07-22,BA,1.224849057653337,-0.009661835748792313,-0.0030157418909593225,-0.009278948385849528,0.00838488304658802
2025-05-28,IONQ,1.2247707287806486,-0.03839143865842898,-0.008616883116883134,-0.03633340673860386,0.047346399471482226
2026-07-27,BE,1.2246349706868656,-0.05256126380958559,-0.013429471321136921,-0.046626270925336444,-0.03381431652459699
2024-06-25,AMGN,1.2245542270488825,-0.018742702636268538,-0.0016574847907576684,-0.015930730595014153,-0.015930730595014153
2025-08-26,HIMS,1.2245371592893626,-0.016896551724137954,-0.0061634811165844905,-0.01068910620877872,0.03206731862633627
2025-05-30,CRM,1.2231689624341715,0.004052228725799134,0.004052228725799134,0.005097451274362896,-0.005097451274362896
2026-04-07,MRK,1.22282770054635,-0.011440677966101598,-0.002132869249394709,-0.010926647467389472,0.010926647467389472
2024-10-25,AXP,1.2226058936425799,0.015287703529064944,0.015287703529064944,-0.005203752565230202,-0.02041190266783932
2024-05-06,TMUS,1.221943659153161,-0.0054090720940142,-0.0012222794064079556,-0.0054090720940142,-0.013006937154715126
2026-07-07,AMD,1.2211598740335143,-0.02287012198703775,-0.00753712338844803,-0.02274976550115193,0.011355206579241939
2024-08-08,SHOP,1.221066673947895,0.04833282349342327,-0.005662500546257054,0.04833282349342327,0.04833282349342327
2025-07-10,MCD,1.2209624139163693,0.005745673895095171,-0.0014677873980304401,-0.001839972991222183,0.007596218771100505
2025-01-03,ADBE,1.2203478704608135,,,-0.0020397283452703308,-0.0020397283452703308
2024-10-10,SNOW,1.2202313608896607,0.02424493173355402,-0.003109226313611879,0.03261867022607823,0.03261867022607823
2025-07-25,GOOG,1.2198363064880333,-0.007362090418913336,-0.002242923060970625,-0.0003627882871209964,0.005908266390256545
2026-04-06,RKLB,1.2196526413515827,-0.02778581765557142,-0.009006915443456553,-0.025670775924583,-0.018999274836838276
2024-05-24,DELL,1.2194015917048626,0.017208534417068932,-0.004197186037229295,0.021554747783942396,0.021554747783942396
2024-08-19,AMD,1.2189521570588362,0.03851812224154094,-0.005541627658151693,0.040605735727687,0.040605735727687
2025-12-05,APP,1.2188083935047258,-0.006422331968375605,-0.004932043394640262,-0.01640411497903871,-0.010087135682705917
2026-07-06,TSM,1.2187101002566718,-0.0006635406529240662,-0.0006635406529240662,-0.0005751194478853527,-0.0005751194478853527
2026-09-11,VRT,1.2184606578714272,0.003630968648733024,-0.005298110334595707,0.004042573967386165,0.004042573967386165
2025-05-20,REGN,1.2184477552389847,0.024046393041043723,-0.0040678564881933,0.024934536417765996,0.024934536417765996
2024-01-04,SNOW,1.2182354030212206,0.003496287686414412,-0.0027306929925130508,-0.0052155054082250185,0.008730028001976642
2023-11-10,AVGO,1.216362687086669,0.03454680936079213,-0.002392697853879966,0.03738115348796911,0.03738115348796911
2025-07-09,TSM,1.2158824281981608,-0.008397932816537446,-0.0022387043189369127,-0.007564492144565782,-0.0005387814917782174
2023-11-06,ROKU,1.2158233445025268,-0.014440009391876063,-0.005586187233757034,-0.005331753554502439,-0.01302488151658765
2026-06-09,TSM,1.2157770898168523,-0.015476054406217798,-0.0037871348562285023,-0.010272319889693127,-0.01663794093990567
2026-09-11,DELL,1.215703302644429,0.053110492107706575,0.053110492107706575,0.05408921933085509,0.05408921933085509
2026-07-27,ADBE,1.215556876561578,0.019795397516460422,-0.004507535486796388,0.04462351615977833,0.030023394853132324
2026-09-28,ADBE,1.2150907799213178,-0.01790748898678407,-0.003918470736312241,-0.015848940473050188,0.016134705003077343
2024-10-01,IBM,1.213595016682948,,,-0.007717750826901959,0.007717750826901959
2025-04-25,PEP,1.2130548227753537,0.004109077325364141,-0.00359166513688014,0.004815409309791185,-0.004815409309791185
2024-12-30,RDDT,1.212964709439939,-0.0029678982434888646,-0.007817175737648174,0.010694228701158992,-0.010694228701158992
2025-04-15,CVNA,1.2118752544638034,0.0060388659437580205,0.0060388659437580205,0.009553464015285673,0.009553464015285673
2025-06-18,MSFT,1.2118196759012558,,,-0.005663966037220414,0.00929983291825609
2024-12-23,TSM,1.2118122758324925,0.01909764838725514,-0.0029651150557920003,0.020099267777286434,0.020099267777286434
2025-07-25,ASML,1.2114383310730654,-0.0038407229596157944,-0.002867071448743319,-0.002849485117788042,0.0033008887008041388
2025-04-28,META,1.2112841347444203,-0.005210237659963424,-0.005932021415513189,-0.003907177155794139,0.003907177155794139
2024-04-11,PYPL,1.2106742020399202,-0.000152068126520577,-0.0026200251998611535,-0.0015183723048890485,-0.0013665350744003213
2025-04-16,AMAT,1.2102623349619501,-0.01988686897434977,-0.006930805080223368,-0.017475035663337968,-0.014265335235377985
2024-09-06,LLY,1.2102489487900643,0.013409857172473227,-0.0023350071624193003,-0.007096117178020389,-0.020410816432657186
2023-11-07,LLY,1.2100398011260165,-0.0062332586465403406,-0.0032103953426247944,-0.0021644295302012395,0.006744966442953082
2026-05-05,AMZN,1.2097537713106419,-0.01066542176895191,-0.002599407989575586,-0.004984108639121576,-0.012207454492921155
2025-07-10,ADBE,1.2096411400418146,-0.01666212162530689,-0.0023409930266080625,-0.01324218746815009,0.009219767368225495
2023-11-07,ADBE,1.209261615609577,0.022066653864283303,-0.0026471068691438226,0.024902232432528537,0.026690984339652557
2023-11-06,PEP,1.2082284378934185,0.0003035768067318756,0.0003035768067318756,0.0005701083205809088,0.0005701083205809088
2026-03-31,PFE,1.2079268730732442,-0.0071428571428571175,-0.0023125000000000506,-0.0030449579079347977,0.005910800644814529
2025-12-04,T,1.2079035833414953,-0.00924625239177812,-0.0018097019409807347,-0.007584220118760698,-0.004644599917690617
2023-12-18,COP,1.2076164126467341,-0.010910234293628696,-0.0018657180525361028,-0.00677820677820673,-0.014157014157014092
2026-08-26,CRM,1.2075330804968494,0.008563319632021837,-0.0037534358135503654,0.011136185243328045,0.011136185243328045
2025-07-11,CRWV,1.2072309244128023,0.05097019992455687,-0.010240324405884627,-0.008602087806964809,-0.05913383759623214
2024-04-05,JNJ,1.2062674610545632,-0.003596416661217572,-0.001239297157429542,-6.562110374686014e-05,-6.562110374686014e-05
2025-03-14,JPM,1.2061012255889694,0.01411831453073531,0.01411831453073531,0.01546999956299433,0.01546999956299433
2026-03-26,MRVL,1.2060634534611394,-0.02449711212905803,-0.0054751187868097295,-0.017304509203992624,-0.020013041079400162
2025-03-26,AMD,1.206033289944297,-0.015036294503975034,-0.0035544479284973507,-0.012989262209906483,-0.04580879806027027
2024-02-28,GOOG,1.2059031118420478,0.005498878518197081,0.005498878518197081,0.007007657852911464,-0.007007657852911464
2024-08-08,DELL,1.2054302529825756,0.0049450549450549275,-0.0072331161695448065,-0.027966332408163597,0.03304968240358863
2026-03-27,HOOD,1.2051016642880492,0.024527186761229447,0.024527186761229447,0.027830952731556446,-0.027830952731556446
2024-08-08,CDNS,1.2050588079753073,-0.030033956520042038,-0.0047973370059160025,-0.012982510208798814,0.03505662994067338
2025-04-21,MSTR,1.204488300372976,-0.01608595739395069,-0.009352376072471191,-0.012344915070697127,-0.0172024380433774
2026-05-05,SNDK,1.2044146594705316,0.06838905775075999,0.06838905775075999,0.07043875274547373,0.07043875274547373
2026-05-14,PANW,1.2040046420184491,0.04144443472938697,-0.0036601131665396913,0.043177439131196316,0.043177439131196316
2023-11-10,QCOM,1.203762354434643,-0.009706732755059955,-0.0025268307074999274,-0.009206506481710841,0.025348856411526732
2026-03-12,LIN,1.2032508323011455,0.014291623578076562,-0.0021465090855370406,0.015993701961921847,0.015993701961921847
2025-12-04,CRWD,1.203092915652909,0.00023370401386646478,-0.004213054594927046,0.0005062206732734387,-0.0005062206732734387
2025-02-06,BA,1.2029888304942307,0.0012461396760037324,-0.003239270427789709,0.008018327605956443,0.008018327605956443
2024-02-12,PEP,1.2027661101823954,-0.003210463733650415,-0.0015764141328350467,-0.002914064823074658,0.014689265536723228
2026-04-09,NBIS,1.2025930777634064,-0.01894207341035925,-0.006774957613321253,-0.0053390708422982325,0.08662044784444989
2025-12-29,BMNR,1.2023127492877326,-0.023434827232295508,-0.009740604076047155,-0.021006602074937764,-0.021006602074937764
2026-08-28,JNJ,1.2018502144204102,0.006534720396589977,-0.0019667764728604764,-0.0027491150109208995,0.009301800105445457
2026-03-27,CIEN,1.2015757132249028,0.0064414256353702015,-0.007704131248970625,0.01011244434382319,0.01011244434382319
2024-09-18,NKE,1.2014528343152753,0.0011130348750927332,-0.002192396028408816,0.0016085127443703495,0.0016085127443703495
2025-08-22,XOM,1.2013602350485095,0.007696486780152112,-0.0016499780100377448,0.011819256296027092,0.011819256296027092
2025-04-25,MCD,1.20109458761012,-0.000695102685624116,-0.0030156826901377443,-0.006279434850863463,-0.005588697017268385
2024-03-28,C,1.2007063607926218,-0.010054261091605454,-0.0018740595504080915,-0.0053968253968254,0.003809523809523929
2025-10-20,SNOW,1.2006604433947645,0.005610385355665715,-0.004035546091158526,-0.010971267698931975,0.016643206094228757
2026-09-11,UBER,1.2006349621308425,0.008109552327239311,-0.003512692361088865,0.016307466727440878,-0.016307466727440878
2024-07-02,SNOW,1.2004868605423809,0.00525762355415349,-0.0032424365329728477,-0.012905234750717809,-0.018095007438674093
2024-10-10,ORCL,1.1996985058514018,0.005440326419585251,-0.001799671313612139,0.007493284320655991,-0.007493284320655991
2024-12-27,SOUN,1.1993263802879612,-0.05272407732864681,-0.01427378860155648,-0.015254237288135464,0.015254237288135464
2024-03-28,MARA,1.1990291971320455,-0.016136066288704787,-0.010002087097377155,-0.013123359580052507,-0.013123359580052507
2026-07-13,INTU,1.1986140190657901,0.01609679116254603,-0.0041370406552941885,0.01866891678093019,0.01866891678093019
2025-04-01,CRH,1.1981776813394682,-0.005494505494505475,-0.003801592752485483,-0.000343288705801581,0.016477857878475666
2026-09-11,XOM,1.1979580855024585,-0.008811104405552106,-0.002070868178291163,-0.007509196485574243,0.009454899218678703
2024-10-04,JPM,1.1979152681138396,-0.011205899363794236,-0.0016415041725192925,-0.006983441324694084,0.013774898008159342
2025-05-20,MRVL,1.1978340436455612,-0.018425004318879612,-0.005091199547419434,-0.016075571760026497,0.017732847199204427
2024-03-18,AAPL,1.19713920339535,-0.007310639452476897,-0.0020153379653322645,-0.005629157900722159,-0.012338659236936445
2024-12-31,MARA,1.1968877414705599,0.04931972789115657,0.04931972789115657,0.050396375990940045,-0.050396375990940045
2024-09-27,COIN,1.1964836362645448,-0.007688083470620555,-0.004844865458539349,-0.0041589143044762356,0.046404728028893505
2023-12-20,COP,1.1963862990296878,-0.00799047942876574,-0.0019401442657988044,-0.006554865071933258,-0.006554865071933258
2025-05-30,ANET,1.1962040755348187,-0.009271212299025944,-0.003915712441530994,-0.008561041397912472,0.015362964700363468
2025-03-13,ISRG,1.195360760915924,0.037911821705426396,-0.004697639811738652,-0.008695130126774697,-0.046277303609129405
2025-04-21,ETN,1.1952237003268125,0.004660976311499088,-0.006697579087259875,0.007193694038417409,-0.007193694038417409
2024-10-25,HON,1.1951255294920369,-0.005607575490211625,-0.0019456919001630268,-0.005174109627686718,-0.0036364652987985746
2024-03-20,ANET,1.1948467726243055,-0.008591360527853142,-0.0031884257190968324,-0.007090001720874262,0.021304422646704513
2025-04-15,JNJ,1.194436779055075,0.0017542719771295179,-0.0034066383879260975,0.008902077151335508,-0.008902077151335508
2026-05-20,VRT,1.1943811817061514,-0.017637941723496642,-0.0061328713134354285,-0.010125805461797976,-0.03151273396747467
2025-04-29,AMZN,1.194353985040636,0.008451295407887471,0.008451295407887471,0.012371022635189854,0.012371022635189854
2024-10-03,AMZN,1.1941447006438446,-0.006279692022060912,-0.002028929488029574,-0.00488366988586475,-0.0014266900790167458
2026-03-26,GOOG,1.1939760629337461,-0.010643179892685817,-0.002396641888893436,-0.006397750241673217,-0.013164601458827696
2024-04-05,AMD,1.193643329138629,-0.011218522496718064,-0.005074250251479118,-0.006277329152400313,0.010385522650211643
2025-10-21,CRWV,1.1933844476594693,-0.018764787468385613,-0.008325207753004271,-0.018224813470868906,0.019529498104130072
2023-12-20,ACN,1.1933601718124092,0.013976057647605789,-0.0015161905592082636,0.014520110352838733,-0.014520110352838733
2024-05-09,UBER,1.193217509249949,0.008760207869339398,-0.004286605154311118,0.00905985444824009,0.00905985444824009
2023-11-07,MRK,1.1931260660840206,0.0015362457993279843,-0.002095878197654555,0.0023983115886415662,-0.0023983115886415662
2024-08-20,INTU,1.1927600885249632,0.0017567567567566833,-0.0028945870870870083,0.006046806200615151,0.006046806200615151
2026-03-24,ASML,1.1915765714566486,0.023054323169898083,-0.004088043142148501,0.023984780859003463,0.023984780859003463
2026-08-26,CRWD,1.1907407645437236,0.023117640704331865,-0.004905554098057041,0.023117640704331865,0.023117640704331865
2024-03-22,SBUX,1.1906984959388247,-0.0037623105012725144,-0.00154780347460437,-0.0002756795500908904,0.0002756795500908904
2026-07-02,SNOW,1.1902225937723132,0.0001921746483204423,-0.004998566926194048,0.004729638423968785,0.004729638423968785
2025-03-27,TSM,1.1901865996802024,0.010530494618596786,-0.0032998042362273328,0.012099236641221478,-0.012099236641221478
2025-07-11,ABBV,1.1901773208452937,-0.004178200240246621,-0.002269878160696459,-0.0008849557522123686,0.0008849557522123686
2026-03-30,WDC,1.189824345807237,0.09990696342947114,0.09990696342947114,0.10282840532153947,-0.10282840532153947
2025-08-27,NVDA,1.1894823830318197,-0.008139534883720989,-0.002564855244423292,-0.005189642797990279,0.0025948213989952507
2026-05-20,CRWD,1.1891922532764765,0.03526901581134645,-0.003966502965053964,0.03741643131811134,0.03741643131811134
2025-05-22,GOOGL,1.1884423290104424,-0.010884038673073526,-0.003290097675149539,-0.008583440383043373,-0.002394020787107265
2025-10-03,QBTS,1.1877782558474983,0.06181051265412063,0.06181051265412063,0.0666558018252934,0.0666558018252934
2026-07-27,APP,1.187719080411409,-0.01654918412644213,-0.0062547675378841205,-0.01009047052035894,0.01295066471895212
2024-01-29,INTC,1.1875394382582019,-0.008513575701794673,-0.004015186378278912,-0.0059674087675005705,0.0059674087675005705
2026-09-29,TSM,1.1872314828398203,-0.00919109445411137,-0.0022236504962043213,-0.008932255366601582,0.019102313911346425
2026-07-06,ALAB,1.1870072974375363,-0.01967941596571976,-0.009874865991468806,-0.015673553013488162,-0.015673553013488162
2026-03-30,AMD,1.1863611522727175,0.04189187868362154,-0.004138606796923128,-0.011678902627511478,-0.05308153013910344
2025-08-22,PG,1.1855086974430469,0.004267603865947045,-0.0013052054008499958,-0.0035645050340816775,-0.007816897004565115
2026-08-26,NOW,1.1854830589696075,0.009507762666987496,-0.0045634166050582126,0.010196708149337486,0.010196708149337486
2023-12-27,TSLA,1.1852748018024313,0.003915096150155506,0.003915096150155506,0.005213041366121329,0.005213041366121329
2025-03-19,PDD,1.184160896908675,-0.002142231424703489,-0.003919538333769346,0.0015155121796397442,-0.0015155121796397442
2026-06-09,AAOI,1.183988006394441,0.17559298032670811,-0.011810759260463488,0.17559298032670811,-0.17559298032670811
2024-02-28,INTU,1.1838696630400982,-0.004472988288628743,-0.002275546440714482,-0.0019681625204545083,-0.00585924244595093
2024-08-19,TSLA,1.1836228519021967,-0.0203057478741695,-0.005504829170179137,-0.01879088757945535,0.03391639214958486
2024-04-11,XOM,1.1835855536913844,0.0027846027846026855,-0.001345688545688617,0.004496770501185465,-0.004496770501185465
2023-11-06,PLTR,1.1835398919844855,0.012253596164091607,0.012253596164091607,0.012516644474034555,-0.012516644474034555
2023-11-06,RIVN,1.1832467648141078,0.038945637215963225,0.038945637215963225,0.040223463687150796,-0.040223463687150796
2023-11-06,AAPL,1.18285987481267,0.010938821539328902,-0.0018878126384470617,0.011880238169145185,0.011880238169145185
2024-08-06,PEP,1.1822986892340128,-0.01516919486581092,-0.0020779601478294607,-0.014552185675637097,-0.018083440125302497
2023-11-08,NKE,1.181434459904203,-0.002690010486481542,-0.0022361086686076836,-0.006562643414410374,0.003854979348324905
2024-09-18,MA,1.1812620145923234,0.01085999999999998,-0.001525784285714371,0.01298208850970417,-0.01298208850970417
2023-10-05,TSLA,1.1809230147322527,-0.01619895049053155,-0.0037294498223656714,-0.01619895049053155,-0.011179557380789351
2023-11-08,NEM,1.1806873658333343,0.038971807628523925,-0.003139876016741816,-0.003031138054560456,-0.041884816753926635
2025-08-22,ABBV,1.1806414504755398,-0.002618174894083003,-0.001602625655393819,-0.004266009385220704,-0.0016590036498079774
2026-08-26,UBER,1.1799087238986328,-0.014579586877278228,-0.0033673667766012105,-0.013620773534419817,-0.04560934079299439
2026-05-20,WMT,1.1796225896916057,-0.006592254101430828,-0.001988913027193062,-0.005064335821735266,-0.017368796188618307
2024-10-04,META,1.1789240012630782,-0.007751542658983035,-0.00214359781344331,-0.006653960042204088,0.014056703311664087
2023-12-27,BMY,1.1788423087819846,-0.007446600039192619,-0.002321463564849857,-0.0023396373562096784,-0.001559758237473119
2024-10-09,APP,1.178582961600988,0.00020929259104218723,-0.0029741872471048536,-0.015299617509562324,0.01551211219719506
2025-01-02,MSTR,1.1783315110905384,-0.016471141887122176,-0.010892447765350921,-0.012862167141182379,0.0059621503935687326
2024-08-22,TXN,1.1780784689239028,-0.006688802271305416,-0.0030340180247065973,-0.003858782925484805,-0.023176665148718967
2023-12-08,PYPL,1.1773905442095312,0.010718573143543075,-0.0027863880245976302,-0.005691617799241211,0.016471196964470636
2026-07-02,T,1.1769923673621925,-0.006717850287907945,-0.0032955168631751963,-0.0057636887608070175,-0.012007684918347694
2025-05-21,FI,1.176755921580445,0.02256237194166566,0.02256237194166566,0.023915267497141457,-0.023915267497141457
2026-02-18,RTX,1.1762405332903292,-0.0027905610496428146,-0.0026362269376565273,-0.002496084573218482,0.002496084573218482
2024-08-19,UPS,1.1761542805604315,0.0035021813742461827,0.0035021813742461827,0.0036255652543382144,0.0036255652543382144
2024-04-03,META,1.175565002465521,0.006873671454397323,-0.0023279269154470317,0.007493935615247471,0.007493935615247471
2025-12-29,MSTR,1.175477237458073,-0.02683091190108189,-0.006178410245087251,-0.02411593304401738,-0.037073775573465695
2025-01-03,AJG,1.1751112898332945,-0.00900933432032791,-0.0020008975804017837,-0.0038309352517985618,0.007913669064748108
2024-03-19,TXN,1.174880759139715,-0.010542803783360366,-0.0023890854010137907,-0.005906869359239675,8.995232526776142e-05
2026-08-25,AMD,1.174277039787634,0.0023634234083493855,-0.004548590610844894,0.0038961855087036312,0.0038961855087036312
2023-11-01,SHOP,1.1742074495269499,-0.018131983976386268,-0.005287295563386696,-0.011669097728693512,0.017086893102729706
2026-07-06,TER,1.1740431416689459,-0.025530613804876867,-0.009909616385601727,-0.023141171362161872,-0.030267426119383822
2025-07-08,PGR,1.1740339739936902,-0.009102061814872053,-0.0021778039721171982,-0.0022409519087753793,-0.0020823004462072747
2024-08-08,ABNB,1.1733859131604825,0.0002181405697831984,-0.005013481087212557,-0.011920003531852963,0.012140744337998388
2025-10-21,MRVL,1.1719709982352147,-0.005488605178379569,-0.004826358941142361,0.0004744395682600988,-0.0004744395682600988
2024-08-22,CRWD,1.17154299077627,-0.011557243546109763,-0.0037655547111474785,-0.006897052417598526,-0.028423116015681815
2025-04-28,LLY,1.1713665840733145,-0.010766199274637955,-0.0050058110550386115,-0.00519000350210419,0.0072281132844571605
2026-03-11,WFC,1.1697675960612504,0.006463288521199595,-0.0042205274043431995,0.006463288521199595,-0.006463288521199595
2026-08-26,MRNA,1.1696179617301838,-0.008762380342177023,-0.01234449069175847,-0.0005348666176372419,0.0005348666176372419
2026-07-22,VZ,1.1690589699466754,0.0070866318315355725,-0.0026507591217959092,0.0109460516028147,-0.0109460516028147
2025-03-25,HD,1.1686395569225183,-0.007512383048981719,-0.0026148911077915615,-0.006719726804549575,-0.005645672110379807
2025-09-26,RGTI,1.167291323993085,-0.03229701177180799,-0.008030011642447432,-0.028632025450689325,-0.056203605514316135
2024-08-08,COST,1.1672301978826007,0.011154341881783214,-0.0022415907929357326,0.014202434530461883,0.014202434530461883
2026-06-24,PLTR,1.1671910115807131,-0.023574796399485676,-0.005472291960075926,-0.019540328828441034,-0.0235000430403719
2024-03-26,SMCI,1.1659536427830093,,,-0.024047186932849463,-0.06920145190562621
2024-01-29,AMD,1.1656735971814096,-0.018499427262314017,-0.004594374897725295,-0.012811210350118563,0.012811210350118563
2026-02-18,SCHW,1.1652013939254566,0.010113311447633055,0.010113311447633055,0.015490258703289683,0.015490258703289683
2026-03-30,ASTS,1.1649859968590262,0.044895846810713014,-0.009984612683215488,0.056492842535787346,-0.056492842535787346
2025-03-13,NFLX,1.1649755688957142,,,-0.00938477580813335,-0.03372653806047954
2024-01-29,TMO,1.1646217449505596,0.007496387283236983,-0.0022565377270850062,-0.00979515896612737,0.017364974554475276
2024-08-21,MMM,1.164585764507479,0.0006969180734086589,-0.0020696088409035696,0.004118104118104204,0.004118104118104204
2025-05-05,MS,1.1641332193224212,0.0012140494829824267,-0.0031274153903199098,0.0014236663596014498,0.0014236663596014498
2024-12-30,PDD,1.16403951624442,0.006630183119343269,0.006630183119343269,0.011416003351487292,-0.011416003351487292
2026-07-08,AAL,1.1639833160287216,0.009009009009008917,-0.004356499356499288,0.01227177491768916,-0.01227177491768916
2026-04-06,TSLA,1.163926849888935,-0.016879991013150297,-0.0037997280864036087,-0.01637620421270336,-0.039922712676209504
2026-02-23,RKLB,1.1630161693877055,-0.004255319148936176,-0.009426869300911855,0.004220012874615486,0.004220012874615486
2024-06-26,CRH,1.1612390982285798,-0.004127682993946169,-0.0028205833791964396,-0.003990642631072072,0.0008256501995320686
2024-04-05,BMY,1.1609217572181674,0.001560975609756099,-0.0018825087108013117,-0.002150958154086835,0.0037152913570590584
2025-10-08,NBIS,1.160313365234165,-0.02896908884932836,-0.006670011328693937,-0.022079808066863715,-0.005781138201311431
2024-08-27,COIN,1.1599020643152715,0.003266331658291488,0.003266331658291488,0.004017072558373136,-0.004017072558373136
2024-02-12,C,1.1587870185819693,-0.015816230465072634,-0.0021770045996178933,-0.015433841520797964,0.014869188782232312
2024-03-26,COIN,1.1584722965451855,-0.03306345186717541,-0.00728577288175325,-0.028276974987163417,-0.021473630162106683
2025-08-27,BAC,1.1584076839380182,0.0019888623707240427,-0.0018474542561653928,0.0023875845602865375,0.0023875845602865375
2024-08-22,TGT,1.1569602496777027,-0.01677681748856119,-0.0035221784443313364,-0.016098815609818073,-0.0033975804146952893
2025-04-01,MELI,1.1566154445382126,0.007373965387509451,-0.0042167491391356116,0.007373965387509451,-0.007373965387509451
2025-03-25,HIMS,1.1564125653362936,0.018538135593220262,-0.009436308262712023,-0.013584117032392928,-0.031870428422152486
2026-08-11,DELL,1.155856540910044,-0.016591669551171195,-0.008453686396677096,-0.015186081345777147,0.015186081345777147
2026-06-30,BE,1.1545964623498026,0.0392001923935823,-0.011354411555394073,0.04127508692209725,0.04127508692209725
2024-10-10,AMZN,1.153987226167331,-0.007077747989276073,-0.0021182726924549033,-0.004492459086533396,-0.0017648946411380484
2025-07-10,ASML,1.1538720893131453,0.006119162640901732,-0.0023910778432516544,0.006580617203701955,-0.006580617203701955
2024-10-03,NVDA,1.153735331163482,0.006967784244610309,-0.0036632452308738017,0.007463298613958891,0.007463298613958891
2023-12-19,DHR,1.153406132561657,-0.007802843016069261,-0.001977434978935877,-0.007669388655925813,0.01103509159126026
2024-03-26,MU,1.1531528919929888,-0.014273858921161842,-0.004320699466508593,-0.012060217915661697,-0.012060217915661697
2024-10-01,BA,1.1529250068551602,-0.008969503687462854,-0.0029079605531669994,-0.005895210969066866,0.021991124064383527
2024-03-22,PANW,1.152857704954245,0.000800919316084614,-0.0034129112173477694,0.001826309289826522,-0.001826309289826522
2026-07-20,TER,1.1520169851571587,-0.03039073806078152,-0.010360740128178558,-0.029955551694682225,-0.03311181572051136
2024-07-09,META,1.1512208680277074,0.004601284603538369,-0.002505263976905203,-0.0070398239577796895,-0.011608716327729529
2025-11-11,SNDK,1.1506978798294016,-0.031021329596761626,-0.008657219590311627,-0.011339340256566688,0.03615607819181421
2024-03-12,CVX,1.1505400283891427,-0.0068855932203391035,-0.0017606215950363158,-0.004093490030371072,0.0028119635547338984
2026-07-06,TSLA,1.1504624312016252,-0.016645263474939664,-0.004833157507807995,-0.01609377298295267,0.06455768752821345
2025-05-30,BABA,1.1500892280974688,0.00350262697022774,-0.0032879159369527677,0.0038951376427852624,-0.0038951376427852624
2024-10-03,ACN,1.14980380750783,-2.7672468660866478e-05,-0.0022781438889305505,0.0026219774426703424,0.0026219774426703424
2026-07-22,UBER,1.1491974777706606,0.005092658084594692,-0.0031690782693045705,0.009017894885162803,-0.009017894885162803
2024-10-10,HD,1.1491685716357958,7.317073170720612e-05,-0.0017652160278744944,-0.0008543878921030146,0.0009276211399975587
2026-08-25,MRVL,1.149010190082451,-0.016332378223495758,-0.0068189636278579435,-0.016332378223495758,-0.016332378223495758
2024-02-12,NVDA,1.148996828679485,-0.012010943912448724,-0.003009575923392571,-0.011748672014187167,-0.010790825472149934
2025-03-28,SHOP,1.1488846615949122,-0.014629258517034005,-0.005649983395362157,-0.013640922768304864,-0.030491474423269826
2025-03-05,WFC,1.1486703820035205,-0.007365980084572454,-0.0028122064812829972,-0.0026670313889078923,0.013882240306366755
2023-11-10,JNJ,1.1482623644694394,0.0033840947546531774,-0.00147611312545326,0.00560507833603463,-0.00560507833603463
2025-01-03,NVDA,1.1481611479186864,0.020755382986233695,-0.003633200544601922,0.02495796389289806,0.02495796389289806
2026-07-10,COST,1.1478235056784056,0.0009942638623325895,0.0009942638623325895,-0.006831382557423327,0.007832438616562465
2025-03-05,VST,1.1475913560452813,0.016037206318659347,-0.009637593502640485,-0.01829019351677963,0.034620723442475576
2026-06-09,AMAT,1.1474972399106718,-0.023870716510903556,-0.004769481530930153,-0.01923039301993479,-0.022751726431519792
2025-01-03,APO,1.1474443757994484,0.015477084898572357,-0.002895129333476354,-0.0028933964254498346,0.018415262666144017
2026-02-23,NET,1.1464503317753452,-0.022457820337437262,-0.007763394892840836,-0.02039184326269483,-0.08516593362654934
2023-11-10,NVDA,1.1459017164721408,0.01354680577600087,-0.003346175147285968,0.015119697606047922,0.015119697606047922
2024-08-06,NVDA,1.1457720163246945,-0.017961165048543615,-0.008276671289875193,-0.015742310486800637,0.007604746912085458
2024-07-09,DE,1.145250862349288,0.009232692253061003,-0.0021633963320848437,0.011703363654396504,-0.011703363654396504
2025-10-20,QCOM,1.143563776573172,0.017913721667072835,-0.0028258939451968335,-0.005698878607757862,0.023714688400024553
2024-07-30,ETN,1.1424861738076344,-0.011682242990654235,-0.003411481975967967,-0.011682242990654235,-0.04132176234979967
2025-03-27,VST,1.1423911274662983,-0.013011927600300233,-0.006610071136637252,-0.0040704435952815254,-0.008971589965110494
2024-06-26,FSLR,1.1417040301244212,0.0013694767793128726,-0.005853863017797334,0.011719217124407044,-0.011719217124407044
2025-02-06,SMCI,1.140606694574303,0.04382716049382718,-0.00704195326278656,0.06859993763641992,0.05456813221078893
2025-12-29,APP,1.1392442682691875,-0.015273942740880564,-0.004404176095667012,-0.013374142357736485,0.013374142357736485
2024-10-25,MARA,1.1390923772433161,0.045047565752658114,-0.006415061155967683,0.047180346175320964,-0.047180346175320964
2024-08-28,ABBV,1.1365707364899937,-0.005039337687046785,-0.001414129245054463,-0.0020507562163547544,0.0020507562163547544
2025-06-18,MRK,1.135141429808638,-0.011457353615595745,-0.002368904281831563,-0.004438440756464601,0.020198121703332017
2026-02-18,WMT,1.1348971774277785,-0.00856918238993698,-0.0028460017969451634,-0.005328735992476963,-0.00791474022412042
2026-08-25,VRT,1.134730185689292,,,-0.012526802843922713,-0.03840800511605158
2026-07-08,AZO,1.1345411859527774,,,-0.0002890495805523141,-0.0002890495805523141
2023-12-21,ACN,1.1332273667299049,0.014958384261684277,-0.0016136741583310243,0.017905873768697456,0.017905873768697456
2024-03-27,TMO,1.1328657818512937,0.009619613734840105,-0.0015726821135403357,0.011024089029984863,0.011024089029984863
2024-01-05,AMD,1.132711279437032,0.0027486437613020165,-0.0032352415396538214,0.004128639721860061,0.004128639721860061
2023-12-22,LULU,1.1324799985317218,0.008718952697357896,-0.0026092828327344275,0.011018175331496627,0.011018175331496627
2025-04-29,PANW,1.1319816849758368,0.005420513939041305,-0.004348605480369971,0.015447375577916755,0.015447375577916755
2025-03-13,AAPL,1.1318477520298436,-0.007684117946581526,-0.003367822590777725,-0.005164712451144693,-0.02424157826167872
2024-08-19,PLTR,1.130910997131361,-0.012492192379762512,-0.005968323369322626,-0.010598503740648413,0.012312967581047385
2025-04-22,SPOT,1.1308574942115182,0.016351118760757233,-0.006465089746742092,-0.012494989805343026,0.029050415628322
2026-04-06,GLW,1.130712936605007,0.004290433753133982,-0.0065806473097629326,-0.007612463748566833,-0.011870236730289419
2025-10-09,WMT,1.1306917854280305,0.010133255519891193,-0.0014797685050091935,0.011383330095201094,-0.011383330095201094
2025-08-27,PDD,1.1293131872409887,-0.01371001246364778,-0.003780004748056287,-0.009850177965400109,0.01167121926992798
2026-03-30,CIEN,1.1277818672142772,0.07548508029788736,0.07548508029788736,0.0775180083407051,-0.0775180083407051
2025-01-02,PDD,1.125933610599881,-0.01102265768524191,-0.002925159653573539,-0.007680491551459334,-0.007680491551459334
2025-03-05,C,1.1259286349968878,-0.008236101578586008,-0.0035753505245613715,-0.0049579947665611135,0.004820272689712191
2024-01-05,AMAT,1.1252665559207813,0.006668000266719987,-0.0025342449442269377,-0.008790482485128925,-0.015399867812293522
2025-10-09,SOUN,1.124955880362656,,,-0.013471227791036933,-0.01538053566693176
2024-12-23,IONQ,1.1247768365659538,0.040176497909893305,-0.012668120894433033,0.041067285382830665,-0.041067285382830665
2024-08-06,MU,1.1241735459892228,-0.016745870106358973,-0.006853101865321953,-0.015837845781661475,0.005437547338314808
2026-07-22,NOW,1.123746674029073,0.03663706096083963,0.03663706096083963,0.03906171348031806,-0.03906171348031806
2026-06-24,IONQ,1.1222295500819914,0.024385805277525097,-0.010789756921876892,0.03804055266463302,-0.03804055266463302
2024-03-19,PDD,1.122097609700204,-0.011331220285261345,-0.004317777903554587,0.0024230107863061345,-0.0024230107863061345
2025-09-30,CRCL,1.1215949006943353,-0.01957847719058825,-0.008047184847029043,-0.007321632262574873,-0.024710600875740507
2026-06-30,GLW,1.1210466576988891,-0.024219841639496864,-0.007192597090070363,-0.010041346721795574,0.005276629257727983
2026-09-29,NVDA,1.119920253076203,0.013668908656975343,-0.0022438117967951143,-0.0044926346710442155,-0.018100133915071925
2023-10-05,NEE,1.1197429343791263,-0.0006069188751769428,-0.00499624288315359,-0.0004106011970137491,0.0004106011970137491
2024-08-28,KO,1.1195011908767751,-0.0030786453960258697,-0.0010760265483187315,-0.002938295788442735,0.004477403106198485
2023-12-28,WMT,1.1180268779134281,0.00026823524040353597,-0.001276400245026288,-0.0037129205465327164,-0.003980159850800913
2024-07-02,AMD,1.1177207557583737,-0.019433856151971574,-0.0035388409316110536,-0.018083974719980023,0.02803328953131845
2025-01-03,RGTI,1.117641848555186,-0.0800405268490374,-0.01599873353596759,-0.057602490918526206,-0.015049299429164442
2025-09-30,PEP,1.1166892092601053,-0.004969120465677657,-0.0013294932511230817,-0.003696069372379096,-0.0022034259719951876
2025-12-23,C,1.1161576409361915,0.0026881720430107503,-0.002092093894009217,0.0058144434145108725,0.0058144434145108725
2026-05-14,AVGO,1.1159239670322743,0.02334403947307173,-0.0036318766998489904,0.02334403947307173,0.02334403947307173
2025-03-19,UNH,1.1153454978302797,0.0005559747428617312,-0.002423466956378739,0.0029021107160190907,-0.0029021107160190907
2026-07-13,SOFI,1.114724595086396,-0.01719645648775414,-0.004922578724037785,-0.009713835652402358,-0.04804410606458398
2026-07-24,GOOG,1.1144516028165923,-0.009607586249921973,-0.003702995909200313,-0.006912514466234976,-0.0019392574520659123
2026-03-30,STX,1.113463668780571,0.06618044996520878,0.06618044996520878,0.0675021874517473,-0.0675021874517473
2024-10-03,HUM,1.1133904665565504,0.010440122824974418,0.010440122824974418,0.012300273793469874,-0.012300273793469874
2024-12-31,INTC,1.1130930858543249,-0.01725838264299806,-0.0035775922795153736,-0.016288252714708906,-0.009871668311944859
2026-06-30,BAC,1.1122897584919937,0.0019274575083231271,-0.0020576109539662824,0.005065502183406068,-0.005065502183406068
2026-07-24,MSFT,1.1104942774528408,0.003549986948577444,-0.0029229574523621515,0.00931668959074039,-0.00931668959074039
2025-04-02,GE,1.1101965504500646,-0.010992872201586179,-0.0026427424096835406,-0.006631762652705153,-0.004188481675392652
2025-04-02,TSLA,1.1099096696895325,0.10855327659908243,0.10855327659908243,-0.002409809062926316,0.11122467833176741
2025-04-01,T,1.1093385027732605,0.0022863172704890022,-0.0020822571730063633,-0.001408946812257783,0.003698485382176875
2025-12-31,TXN,1.109003905966751,-0.0040874254896394735,-0.0019033250881959063,-0.00201939759378833,-0.013282516567592828
2023-10-05,OXY,1.107846241326543,-0.008567109020661823,-0.0029257157255644373,-0.004598277735975209,-0.006270378730875326
2026-04-06,QCOM,1.1069202734279577,-0.014805922368947622,-0.002801892185445576,-0.013548619159905684,0.004995803525039033
2024-12-30,RGTI,1.1052822516516374,-0.0756087824351297,-0.018180115958559062,-0.07048073102900276,0.12436101178651837
2024-08-19,PDD,1.1049703463443055,0.0025217333598779312,-0.0031447294824757943,-0.013110125050423527,0.015664918649993087
2025-09-30,NBIS,1.1026538985529666,-0.02152303569885028,-0.005752133163750339,-0.005097556688345883,-0.013534891896642698
2023-10-31,TMO,1.1024920196642152,0.013582188190788713,0.013582188190788713,0.016315152069099392,0.016315152069099392
2024-10-09,PANW,1.1022286887851724,0.012162124466512436,-0.0025656423968789532,0.018240493896450216,0.018240493896450216
2025-05-30,SPOT,1.1021016737761797,-0.01313189463366049,-0.003571780874288999,-0.009462895892733303,0.026909146952300178
2026-09-29,NFLX,1.1017205011704803,-0.0016381766381765583,-0.002917236467236517,-0.005574167593333734,-0.003945122426285863
2024-11-27,TMO,1.1009959539371303,0.003982723893784623,-0.002131474770992736,0.007354786402332003,0.007354786402332003
2025-03-18,PM,1.100593740470878,0.010195876620243904,-0.002039469391693416,-0.0048332373087509595,-0.014979834837718475
2026-07-24,GOOGL,1.099905745792775,-0.002293577981651196,-0.0036937839355926094,-4.691311690740996e-05,-4.691311690740996e-05
2024-10-09,AMD,1.099548352448015,0.0012266355140185814,-0.003247626001334991,0.0021527915970515066,-0.0021527915970515066
2024-08-22,NFLX,1.0991162525477538,-0.010033060227109258,-0.002552773157559751,-0.00974838245866283,-0.008900071890726058
2026-07-22,CRWD,1.0990246798735825,0.003964897441319559,0.003964897441319559,0.008159612550010631,-0.008159612550010631
2023-10-31,NVDA,1.097080068734805,-0.01503006012024044,-0.004438949327225883,-0.013861782515137921,0.0201170995346045
2023-10-05,SNOW,1.0969036606782019,-0.008475574247816198,-0.0029686000831908865,-0.006160581101238627,-0.025617744341396853
2026-03-26,COIN,1.0966167226795271,-0.01683615819209039,-0.006455213882162969,-0.008030070049547255,-0.012984794122672172
2023-12-22,MU,1.0956085358698002,-0.000635544256991083,-0.0027989946845390357,-0.004993612820810567,0.004354894901869688
2025-11-11,TMUS,1.0946691056663291,0.01154580152671758,0.01154580152671758,0.017346032964660196,0.017346032964660196
2025-03-27,CSCO,1.0935248662228239,0.004542504866969499,-0.0019717020487624026,0.004736261597352964,-0.004736261597352964
2025-09-30,SNAP,1.0935214408477139,0.06936067551266578,0.06936067551266578,0.07104154124021678,-0.07104154124021678
2025-01-02,SPOT,1.0927990562182985,-0.007741763253320322,-0.002787762547790118,-0.0060408199524730755,0.01639016590045972
2024-12-06,HOOD,1.0926835488023396,0.048028785589101286,-0.005966464946748906,0.04987405541561696,0.04987405541561696
2025-03-18,AMD,1.0922957111478087,-0.008907823392718894,-0.004152013942680055,-0.005888599285645224,-0.0005792064871126268
2024-06-26,GM,1.0915298092553656,0.000436871996505106,-0.002552877114148533,0.0008733624454148048,-0.0008733624454148048
2023-11-01,COIN,1.0914968839884946,-0.017771208893561763,-0.006965100328193641,-0.014828303850155988,0.012096774193548487
2023-10-05,TSM,1.0875653035193686,-0.0023033513762524827,-0.002010422664977529,-0.009411898921909745,-0.007130226455992261
2024-12-27,IONQ,1.0859048664511306,-0.0414628960238147,-0.012226010753014882,-0.029778848259251145,-0.005255090869279666
2025-12-29,IREN,1.0858884135122078,-0.04347826086956519,-0.008510739442728843,-0.04097879584148134,-0.04097879584148134
2025-03-25,MSTR,1.0848447987872172,-0.01754038577456285,-0.008260804701627489,-0.012617545530294039,0.017081299845256304
2025-08-21,PLTR,1.0831987844653332,-0.0219155844155845,-0.005733474025974017,-0.008943454289011443,0.0010898833183743406
2025-04-01,ORCL,1.0828891921046138,-0.0071269966334788215,-0.0035054283872419933,-0.004918032786885185,0.011903064861012114
2026-03-26,HD,1.0824351654016273,-0.007061247992241615,-0.0028185029807903383,-0.005142165759225659,-0.006654567453115656
2025-04-28,MSFT,1.0818765037574076,-0.010960670535138606,-0.004105489545915164,-0.010361358832929435,0.008196298778287536
2026-06-24,SOFI,1.0805069417924018,-0.0340211935303959,-0.0055220699545853735,-0.03240223463687142,-0.03240223463687142
2026-07-08,NBIS,1.0804720419481753,0.06799704360679981,-0.014049649808186349,0.06799704360679981,0.06799704360679981
2024-08-09,GOOGL,1.0798160784838593,0.019881583047678397,-0.0033114410363710434,0.020199501246882745,0.020199501246882745
2025-04-16,PGR,1.079013905103358,-0.016719349339394785,-0.003744548231282785,-0.008091657715717737,-0.014106695309702766
2024-08-23,UBER,1.078979326225386,-0.01047274852447,-0.003374510732863989,-0.00825195984046223,0.021592628249209378
2025-03-28,ABT,1.078430068585347,-0.009097085912728509,-0.0022456051422531376,-0.007898715041572357,-0.011262282690854164
2023-12-21,TMO,1.077774648362847,0.010502056311111785,-0.0018449353792504564,0.01062798221949146,0.01062798221949146
2024-11-05,PFE,1.0763073905182217,0.008285302593659782,-0.0016351893783450588,-0.0052544097570514925,0.013583246725499709
2025-08-21,MA,1.076057761324574,-0.009974380871050403,-0.0015818958155422447,-0.008759734222669513,0.009860031900103206
2025-03-20,CRM,1.0760263625873634,-0.003145328472371145,-0.003446008598592676,-0.0013785201496681054,-0.0013785201496681054
2024-03-28,PLTR,1.075775698493072,0.035819019689987464,0.035819019689987464,0.038638262322472916,-0.038638262322472916
2026-07-08,SNDK,1.072718474047813,0.03247761194029852,-0.01431705671641792,0.036810551558753124,0.036810551558753124
2025-01-02,AMZN,1.0697612021656426,-0.012876118189211194,-0.002391872878183543,-0.012647364379601678,-0.005149284068837745
2026-07-08,CVX,1.0695747203922252,-0.011536057282491408,-0.0020012826861721678,-0.008841532532305685,-0.0029471775107685616
2024-10-09,MSTR,1.068189767283675,-0.01530585035464771,-0.006072761833654683,-0.01163717519528129,0.003825920612147371
2024-07-02,PYPL,1.0674659349916087,-0.008866081908930679,-0.0024940838825001643,-0.007140788689208755,0.00451409590324503
2024-11-05,CVS,1.0667247508189865,0.009854014598540184,-0.003240041710114716,0.014296187683284556,0.014296187683284556
2025-03-20,BAC,1.0656961725061396,0.012026673017385026,0.012026673017385026,0.014200477326969052,0.014200477326969052
2024-10-01,DELL,1.0648601662360202,0.022037853253824236,-0.003300122226749247,0.02725006447176137,-0.02725006447176137
2024-08-20,INTC,1.0645368180955885,,,-0.015546519971298745,0.004305190145898141
2025-03-18,BABA,1.0642677564260201,0.013133337941521939,0.013133337941521939,0.015311400786261142,-0.015311400786261142
2025-03-27,NVDA,1.0640452545711605,-0.010214958251909656,-0.0047953836002334604,-0.0019704433497537144,-0.0019704433497537144
2024-08-19,CRM,1.0639298380007245,0.007134995635508012,0.007134995635508012,-0.0035516029822038053,0.010711939289488992
2024-10-25,PYPL,1.062442569071667,-0.01026818071998059,-0.0021477927725813695,-0.00978970268310353,-0.012448634276045478
2025-03-20,PM,1.0614958948818063,-0.0005907837731391474,-0.002045537238132722,0.0014084968390710717,-0.0014084968390710717
2025-09-30,RGTI,1.0602175378464167,-0.02872411489645965,-0.010129735661799866,-0.011892626571525677,0.013183826027862722
2023-11-01,ELV,1.059722287660445,0.0024796711643284564,-0.002652885928743798,-0.0018729932215484357,-0.004348019978594464
2026-06-24,WDC,1.0594041556524518,,,-0.006699480448455031,-0.021921429222495625
2025-03-19,UBER,1.0584056295584905,-0.015940189025250406,-0.004469086915341647,-0.013723696248856276,0.027799282145119175
2024-10-01,KO,1.0580762485281854,-0.003601606870757612,-0.0012808362851997046,-0.002082176568572791,-0.004303164908384227
2024-12-30,COIN,1.0572013355013266,-0.006817465321563798,-0.007579138330931379,-0.005984958853407996,0.005984958853407996
2023-12-29,MARA,1.055806155545368,-0.026788741946422445,-0.007960325534079327,-0.01611244429208103,-0.1948920123414467
2024-07-30,LIN,1.0558060539468572,-0.005504304366014234,-0.0013278332227231182,-0.005504304366014234,-0.007706026112419884
2025-04-28,GOOG,1.053882633227684,0.007033208978044048,0.007033208978044048,0.0076401197970784596,-0.0076401197970784596
2025-05-28,BABA,1.053768817505841,-0.00535577658760511,-0.003355084344372705,-0.002727815190520788,-0.004858920808115341
2024-06-26,GE,1.051939647584927,0.009805770318687568,-0.002771670123829284,0.011904761904762085,0.011904761904762085
2026-07-10,PEP,1.0516343237580454,0.0042394561801035735,-0.002824250524711025,0.009181724695166649,0.009181724695166649
2023-12-28,TSLA,1.0506764921251743,0.0378491354740641,-0.003013753698325239,-0.0026908208898659414,-0.040438111119533104
2024-05-09,MS,1.0494077007623999,0.018105416061423574,-0.00154670500696652,0.019904375844506772,0.019904375844506772
2023-12-26,MARA,1.0492818345335926,-0.02266235002856598,-0.007156459994014708,-0.019484216599986892,0.030191173829476003
2023-10-31,TSLA,1.048699413736907,-0.015321547527542778,-0.0058655320083451645,-0.007324889363650278,0.02156772979297017
2026-06-24,BKNG,1.046319406380901,0.019716487596332266,-0.003383786433513669,0.01983122362869194,0.01983122362869194
2025-01-02,UBER,1.0452664961056062,0.013964686998394926,-0.0030806810364595316,-0.004109920219195651,0.01813200096704004
2026-03-26,IREN,1.0441690274433875,0.05451792024230173,-0.007540870411768985,0.062093139709564316,-0.062093139709564316
2025-05-28,CRWV,1.04390121889691,0.01601694915254237,-0.00961644673123474,0.017923675304979958,-0.017923675304979958
2024-10-09,PFE,1.0433906409427425,0.02687074829931979,0.02687074829931979,0.030727210652099712,0.030727210652099712
2025-12-29,NBIS,1.0433827715207116,-0.0038728323699420697,-0.0075424525185797675,-0.003296703296703285,-0.003296703296703285
2025-08-21,MRK,1.0430740184575555,0.009493670886076,0.009493670886076,0.010322580645161228,0.010322580645161228
2025-09-30,NEM,1.0412538920233885,0.0013449483644383253,-0.002750940479415376,0.0028557829604949347,0.0028557829604949347
2023-12-21,QCOM,1.0410405753050151,-0.006753889674681712,-0.001786461911497339,-0.006115133197441502,0.000984044422576602
2025-04-16,LRCX,1.0403262425849724,-0.022720433343364266,-0.007844267228408142,-0.020288106192020483,-0.0174221283656385
2024-08-22,DXCM,1.0401595044243945,-0.012894560107454822,-0.004569202724743371,-0.008900876601483643,-0.02521915037086997
2023-12-22,ACN,1.040051795371703,0.008340248243129622,-0.0016704761108801147,0.012965131221977844,0.012965131221977844
2025-05-28,APP,1.0396192421228074,-0.027191841133409556,-0.0057756123937569015,-0.016937984496124048,0.008074935400516736
2023-12-29,MSTR,1.0391485048708407,0.05482035928143714,-0.0045943648417452465,0.0592985488244584,-0.0592985488244584
2025-12-23,MRK,1.0387139623363346,-0.007363770250368273,-0.0024461291001269814,-0.0033865967088003712,0.0020987359885522583
2024-01-05,NVDA,1.0381153267932377,0.007437263481066214,-0.0023342740341936175,0.008380921079659931,0.008380921079659931
2025-04-28,COIN,1.0364018767953918,-0.013608748481166444,-0.006736438118382315,-0.009731771085504048,-0.0060520964462089655
2025-03-05,GS,1.034102971507028,-0.017225245208470685,-0.0034925818558109167,-0.013117017604418413,0.02357611322057296
2024-10-01,GM,1.0321672992196427,0.004658385093167738,-0.0034264323741919345,-0.0028754700287547674,-0.007520460075204682
2026-03-11,GLW,1.03173007275937,-0.03352277090853217,-0.007964524339802548,-0.03225435299532098,0.010738666871212832
2025-01-03,GEV,1.0312435872355545,0.03787521130621507,-0.0035777524867651733,0.03871969985637658,0.03871969985637658
2025-03-05,BA,1.0307665633567549,-0.01119645216078502,-0.0038962337907422206,-0.005346633728384065,0.02079489665092704
2025-01-02,T,1.0301300682410452,-0.010412147505423075,-0.0016834831112487736,-0.00972045550254197,-0.008418027342308454
2026-06-24,QCOM,1.0293260736623333,-0.0050399648490582205,-0.00874805899929365,0.00833919421280016,-0.00833919421280016
2024-12-30,MSTR,1.0291457809110252,0.03057663368872665,-0.010351096139156857,0.03173917909851143,-0.03173917909851143
2025-12-29,SNDK,1.027400676185001,-0.001829386695555435,-0.008183274470784485,0.004112349385203773,0.004112349385203773
2026-03-26,PLTR,1.0260329939821788,0.013766372627639467,-0.004264792645205739,0.01606773784918991,-0.01606773784918991
2025-12-26,MU,1.0258543664139517,0.001962502190292592,-0.00544112243109951,0.007042990132840488,-0.007042990132840488
2026-06-24,NBIS,1.0257477825817831,0.02317270435992913,-0.010604524373794222,0.026724137931034453,-0.026724137931034453
2025-12-29,NVDA,1.0236038175434068,0.0023964213441260984,-0.002686529068971266,-0.006000214293367723,0.008411014679095663
2024-01-05,DHR,1.0234341735788857,-0.005282335439080632,-0.0017537969673542264,-0.005282335439080632,-0.007438390720338028
2025-12-29,CRDO,1.022459991547947,0.016357764672844777,-0.0067103391904361764,0.016357764672844777,0.016357764672844777
2023-12-21,CAT,1.0209551493938198,-0.004710609261889154,-0.0021847602883762196,-0.003822255597986546,0.003822255597986546
2025-03-25,META,1.0203083427153459,-0.004938468914815308,-0.004167574602159885,-0.003847504709601157,-0.00014368274849141383
2024-10-03,JD,1.0199970302023285,0.02106227106227121,-0.004697229853479756,0.026703499079189674,0.026703499079189674
2026-04-07,TSLA,1.019756276760256,-0.004871259568545616,-0.004227658895847863,-0.004761492511470844,8.65725911176618e-05
2024-12-30,SOUN,1.0194724299626812,-0.03708466819221967,-0.014917293233082551,-0.02954566106315304,0.02954566106315304
2024-05-09,AMZN,1.0193635188414254,-0.008953642384105898,-0.0028871523178808367,-0.004167985649467076,-0.00015827793605571738
2026-06-24,ASTS,1.0176125691138707,0.019172552976791102,0.019172552976791102,0.028971028971028767,-0.028971028971028767
2025-03-27,C,1.0167100200758206,0.0017375590770085658,-0.0030054708288653753,0.005470156488020961,-0.005470156488020961
2023-12-28,DIS,1.0148681999160616,0.0009963467286615568,0.0009963467286615568,0.0009963467286615568,0.0009963467286615568
2025-12-29,RKLB,1.0145429821354042,-0.018204131724279038,-0.008596838063322787,-0.0114247586750722,-0.0114247586750722
2024-08-22,MRVL,1.0139695180098038,-0.011299435028248483,-0.005094279661016943,-0.005759235847731414,-0.03553869925551345
2026-03-11,CRCL,1.0087722839644508,-0.040462427745664775,-0.007080046754515568,-0.03614654890415436,-0.07809944389924761
2026-03-24,SHOP,1.0087125622260913,0.011404255319149015,-0.0055395987841944105,-0.010442984672393463,-0.021728145528044474
2024-08-23,TSLA,1.008574098135783,0.018023014002495508,0.018023014002495508,0.02038074945574131,0.02038074945574131
2025-03-28,MCD,1.0067975474904312,0.0013662979830837418,-0.0020163351612603186,0.004685093620815373,-0.004685093620815373
2024-07-02,RIVN,1.0061508151697327,0.03405142460041688,-0.007440683013997806,0.03910614525139677,0.03910614525139677
2024-10-09,NVDA,1.0058165921387558,0.007855753404159671,0.007855753404159671,0.007929976808558226,-0.007929976808558226
2024-03-19,AMD,1.0056538320616881,-0.0020994475138120805,-0.005510244672454645,-0.02120100259300617,-0.019146065471378315
2024-10-03,BMY,1.0051879400636063,-0.007482229704451893,-0.0024600502378280265,-0.006540833489067532,0.012334143150813048
2026-07-13,COST,1.0047595210462146,-0.0053139572714455685,-0.0021914651339334235,-0.0038230949691545613,0.005734642453731897
2025-01-02,AAPL,1.0042803264986035,0.010069021518473442,-0.0017819500029001567,0.010249852848647212,-0.010249852848647212
2026-07-13,TSM,1.0021663529417644,0.019558139534883834,-0.0049511627906977385,-0.0126404978128839,-0.031951412727752926
